:020000041000EA
:1000000000B5324B212058609868022188439860DF
:10001000D860186158612E4B002199600221596106
:100020000121F02299502B49196001219960352056
:1000300000F044F80222904214D00621196600F024
:1000400034F8196E01211966002018661A6600F04E
:100050002CF8196E196E196E052000F02FF8012189
:100060000842F9D1002199601B49196000215960AB
:100070001A491B48016001219960EB211966A021F2
:10008000196600F012F800219960164914480160C1
:100090000121996001BC002800D000471248134993
:1000A000086003C880F30888084703B5996A0420EC
:1000B0000142FBD001200142F8D103BD02B5186610
:1000C0001866FFF7F2FF186E186E02BD00000240BE
:1000D000000000180000070000035F00212200005C
:1000E000F4000018222000A00001001008ED00E03C
:1000F00000000000000000000000000074B24E7A12
:1001000000200420F7010010CB010010CD010010E9
:10011000C9010010C9010010C9010010C901001077
:10012000C9010010C9010010C9010010CF01001061
:10013000C9010010C9010010D1010010D301001045
:10014000C1010010C1010010C1010010C101001067
:10015000C1010010C1010010C1010010C101001057
:10016000C1010010C1010010C1010010C101001047
:10017000C1010010C1010010C1010010C101001037
:10018000C1010010C1010010C1010010C101001027
:10019000C1010010C1010010C1010010C101001017
:1001A000C1010010C1010010C1010010C101001007
:1001B000C1010010C1010010C1010010C1010010F7
:1001C000EFF30580103800BE00BE00BE00BE00BECA
:1001D00000BE00BEF2EB8871F8FA031014FB0310A6
:1001E0003802001090A31AE71E481F49086006C88D
:1001F00081F3088810471D480068002801D019487D
:10020000F3E70DA40ECC002902D000F012F8F9E7B4
:100210001749184A002000E001C19142FCD116495B
:100220008847164988471649884700BEFDE701C937
:1002300001C29A42FBD3704714FB0310C000002098
:10024000D005002024000410000004200000042039
:1002500024000410001004200010042000000000FE
:10026000704700000000000008ED00E0000000D032
:10027000D005002038140020093C0010D5020010E1
:10028000013C0010F8B5C04606480749091A8B1012
:10029000C90FC91810B5491003D0044B002B00D06A
:1002A000984710BDD0050020D005002000000000B8
:1002B000054B10B5002B03D00449054800E000BFF2
:1002C000FFF7E2FF10BDC04600000000F012002062
:1002D000747E001010B503F0DBFE00280ED1012162
:1002E000002003F0C5FE642001F014F80021002076
:1002F00003F0BEFE642001F00DF8F0E701F0D0FA43
:10030000EDE7C046094A83009A1810B514684022E8
:10031000544080322240064CC000A44663441A6018
:10032000044B9C466044416010BDC04604C001407F
:1003300004D0014000400140074B8000C3181B68F7
:10034000C90092000A435A400C231340034A9446C2
:10035000604403607047C04604C0014004D00140BF
:100360008000002905D0064B9C46022360440360B0
:100370007047044B9C46022360440360F8E7C04684
:1003800004E0014004F00140D0231B061B6830B597
:100390000500584243412F205B4283430E48EC083E
:1003A0008446072028408000814020000B4D3C30CF
:1003B00063448000A40041511B19002A05D080220B
:1003C000920194466344196030BDC0229201944664
:1003D00063441960F8E7C0463041014000400140E5
:1003E000D023F0B5C6461B0698461B680C4F9B00F1
:1003F0001600FA5804000D0000B5104209D129007A
:1004000014430D203200FC5000F05CF980BCB8466B
:10041000F0BD01F045FA43461B689B00FA58EEE731
:100420001813002010B504000D2000F045FAD02369
:100430001B061B6802499B005A58A2435A5010BD24
:10044000181300200123D022834012069362936187
:10045000094A83009A1811684022514080320A40AC
:100460000649C0008C4663441A60054B9C46052330
:10047000604443607047C04604C0014004D001405E
:10048000004001400FB400B5084883B003F02CFDD4
:10049000049B002B07D005A91800019103F096FBDF
:1004A000034803F021FD012003F0A8FB787E001033
:1004B000F87F0010EFF3108072B6034A1368002B28
:1004C000FCD0BFF35F8F70472C0100D0BFF35F8F6C
:1004D0000022024B1A6080F3108870472C0100D074
:1004E00070B5EFF3108C72B60D4D2B68002BFCD05D
:1004F000BFF35F8F0724CB08C618C05C01230C40F4
:10050000A3401C000440034207D118433070BFF3DE
:100510005F8F2C608CF3108870BD1000FFF7B2FF66
:100520002C0100D0F8B54746CE46884680B5EFF39B
:10053000108C72B61C4D2C68002CFCD0BFF35F8F62
:100540009A4222D807210126894602E001329342CD
:1005500018D34D4637001540AF40D4080119045D4B
:100560002742F3D110003C430C70BFF35F8F002291
:100570000D4B1A608CF3108800280EDBC0BCB94606
:10058000B046F8BD01204042EFE7BFF35F8F002384
:100590002B608CF31088012040424346002BEDD0A5
:1005A0000898FFF76FFFC0462C0100D030B5EFF37D
:1005B000108C72B60A4C2368002BFCD0BFF35F8FFF
:1005C000072301220B409A40CD08435D93434355D6
:1005D000BFF35F8F002323608CF3108830BDC046CB
:1005E0002C0100D0044A1078431CDBB2172B00D931
:1005F000102313707047C046180500200021044BDB
:10060000044ABFF35F8F02C39342FAD17047C046DA
:10061000000100D0800100D0054B064A1360064A55
:10062000136053609360D3601361536193617047AB
:100630008080808000E400E004E400E01F23184094
:100640001E3B8340002905D0C021044A4900535075
:1006500013607047802201498B50FAE700E100E007
:1006600001238340014A13607047C04600E200E066
:1006700070B50D00EFF3108672B60F4A1368002BA9
:10068000FCD0BFF35F8F0D4B10309B6884001B596B
:100690000B4A934203D09D4201D001F001F9074B70
:1006A0009B681D51BFF35F8FBFF35F8F0022024B2A
:1006B0001A6086F3108870BD240100D000ED00E0C0
:1006C000C1010010F0B557464E46DE464546E0B53E
:1006D00085B0060000911700EFF3108B72B66A4ADE
:1006E0001368002BFCD0BFF35F8F0025674B5D576D
:1006F0009A46002D00DAA9E06B00654C01935B1966
:100700009B009846A146C1444B4652469B79103601
:100710001370604BB6009B6899590B1B2F2B33D974
:100720005D4B994200D0ACE0019B42469C465B4B3E
:100730006544AD0063535A4B0232A218043B9B1A26
:100740001B05584A5B0D651913436B80564B0121FD
:10075000AB80FF23AB71009BEF71AB604B460B434B
:1007600019004C4B9B689951BFF35F8FBFF35F8FAC
:100770000022454B1A608BF3108805B0F0BCBB46D5
:10078000B246A946A046F0BD01200A008243D379B3
:100790008C46BB4231D84546130044491B1B5B4184
:1007A0005943090D3D4B63533D4B02356519043BDD
:1007B0005B1B1B053B4D5B0D2B43AA464D466B80D7
:1007C0000425AC465546E044131F44441B1B1B053F
:1007D0005B0D1D434B46997100999D809960494678
:1007E000DF71334B01431360BBE75800C018800032
:1007F0002018C179B9422FD902000623D356002B05
:10080000F3DA02932B4B61460393131D9A4604239C
:100810005B429C46E14450464B461B1A1B055B0D50
:100820009C46204B9571984663464046034393800F
:10083000019B5A199200039BA418A380029B1C4A97
:10084000A371009B2260E771A3608AE701F028F89A
:10085000002553465D574FE7908802934005131DCE
:100860009A46031561469C464046D444634604308C
:100870002018181AE0230005400D1B0218430390AE
:10088000C5E701F00DF84FE7240100D03514002032
:100890001C05002000ED00E0C101001000A1FFFFD9
:1008A0004C05002000E0FFFF01BDFFFFAAAA0000E9
:1008B0000148804701BD0000F0B5DE4657464E4670
:1008C0004546E0B50C0083B0EFF3108872B6634A7A
:1008D0001368002BFCD0BFF35F8F614B61499A68AE
:1008E000030010339F00D55901938D4243D0A54298
:1008F00054D05D4EAA1B2F2A3DD85C4B9B461B68EB
:10090000994601231A009C4682404B4613401F2201
:1009100099466346024093409A4680225B46504681
:100920009850BFF35F8FEFF305839B46002B37D0C2
:10093000019B5B4501D000F0B3FF01232A009A43DD
:100940009068844208D176E04B005B189B00F31856
:100950009868844236D01A00062151560029F3DAED
:10096000844254D04B46002B27D0C02251463F4BE7
:100970005200995019603A4B9B68DD51BFF35F8F6D
:10098000BFF35F8F0022354B1A6088F3108803B0E5
:10099000F0BCBB46B246A946A046F0BD0D00EAE752
:1009A0002A0063469A4390688442D5D106201056A7
:1009B000130000280ADA0D0031E0802351462B4A4B
:1009C000D150D8E706201856002821DB4200111824
:1009D000890074188B46A1689960E179D971062164
:1009E00061569971002924DBA488F11A6405241545
:1009F0005C44091909051E4C490D214399801318BF
:100A00001C4A9B001178F31899711070AAE7130023
:100A10005946002914D1FF31917117499180154928
:100A20000A789A71154A9B1B5B415A43120D0A7052
:100A300098E71149E2E70620105613000028C5DAAE
:100A40000F4A1049D21A083A5002400D01439980CA
:100A50000D4952080A43DA8084E7C046240100D0D9
:100A600000ED00E0C10100101C05002000E100E0E5
:100A700000E0FFFF3514002001BDFFFFAAAA00001F
:100A80005605002000F0FFFF00F8FFFF10B58308B7
:100A9000040003202040FF24054AC00094468440FF
:100AA00081409B0063441A68A2430A431A6010BD48
:100AB00000E400E070B501240443EFF30581EFF397
:100AC000108C72B6214A1368002BFCD0BFF35F8FE5
:100AD0001F4B05001F4AED1A6D416A43120D1E4D52
:100AE0008900AE6852B27658A6421CD006215956EB
:100AF00091421CD012215956914222D01E215956A2
:100B0000914220D02A2159560324914210D0134BF0
:100B100019781A708171BFF35F8F00220B4B1A6036
:100B20008CF3108870BDAB680D4C5C50EFE700246F
:100B30006100091989005B18FF21997109499980A1
:100B4000E5E70124F4E70224F2E7C046240100D0DF
:100B50001C050020AAAA000000ED00E035140020CA
:100B6000C101001001BDFFFF1F2110B5091A024885
:100B7000FFF71CFD10BDC0463614002010B5084B11
:100B8000084C82B001000093002205232000FFF7EB
:100B9000C9FC002801DB1F23181A02B010BDC04693
:100BA000887E00103614002070B504000E00150079
:100BB000FFF718FD0100200000F006F8A680E58090
:100BC000BFF35F8F70BDC046024B9C4661448900F5
:100BD000016070474000003470B5114C114DAC42BB
:100BE0000FD2FF262368002B0CD0FFF7FBFC01007F
:100BF0002000FFF7E9FFA680BFF35F8F0834AC4207
:100C0000F0D370BDFFF7EEFC01002000FFF7DCFF22
:100C10002671BFF35F8F0834AC42E3D3F1E7C046DF
:100C2000C8050020D005002010B50400FFF7DAFC4D
:100C300001002000FFF7C8FFFF23A380BFF35F8FF1
:100C400010BDC0460A4B1968EFF3108072B60A68EF
:100C5000002AFCD0BFF35F8F1B68BFF35F8F0022B9
:100C60001A6080F3108840BF002000217047C04602
:100C70002C140020F0B5DE4657464E464546E0B5FA
:100C800087B0EFF30583032201251A4095409100B8
:100C90008846A946B14B03925C58B14B1D60B14BDD
:100CA00004934B46B04843630823E55E002D37DAD2
:100CB000A3881BB2002B00DBADE0A379002B00D092
:100CC000EEE00823E15E002920DB4B0062695B183F
:100CD000DB00D3189E68DD68731C00D10DE1A248CB
:100CE00001004144826A0B69B71A9B1A9F4215D3CF
:100CF0000123026A039883401A420FD09A4800F0F9
:100D000017FC8D4202DCCCD18642CAD940BF07B065
:100D1000F0BCBB46B246A946A046F0BD0E61EDE769
:100D200062696B0092465B19DB009A4453469E68E9
:100D3000DF6800F0FDFB8F42BADC00D1FFE0002F3E
:100D400000DAE4E05246534652691B699346049A1E
:100D5000934200D1D5E052460821605E52880004DB
:100D6000594610439847009001910099019A0B0051
:100D70001000134300D1CAE013000A00B61A9F41C5
:100D8000002806DB784800F0D3FB009E019F361850
:100D90004F4153469E60DF6000229A5E002A00DACF
:100DA00086E7530099186069C900411802938B685F
:100DB000C9689B46B94200DD7AE702D1B34200D947
:100DC00076E708239C46A444059565462281A446FF
:100DD000029B2C0006E053009918C90041188D6849
:100DE000C968AB469B18DB00C318B94206DC00D1CA
:100DF000AFE01C000023E25E002AECDA2300644628
:100E00009C4653461A806346059D1D80A3881BB2ED
:100E1000002B00DA51E72269EFF3108172B61368F4
:100E2000002BFCD0BFF35F8F0123A7885B42A38018
:100E30003FB22369BFF35F8F00221A6081F31088ED
:100E4000002F00DA39E72300083322009A4666694A
:100E50007B00DB19DB00F318996850468C460824A8
:100E6000115FDD68002910DB029306E0AB4240D041
:100E70000023E15E2000002906DB4C006418E4003A
:100E80003419E368AB42F1DD029B078000201F5E4E
:100E90001980002FDCDA1400A379002B00D110E7B1
:100EA0000023A37126000823E15E08364B1C00D105
:100EB0002CE7B446656903E084464B1C00D100E78B
:100EC0004B005B18DB00E8180A00E95E43881BB2A0
:100ED000002BF1DA01267642F7178660C7600826F4
:100EE000A35F9342E9D0634619802389038022815E
:100EF000E3E7A3686345BBD9C6E76B1C00D0EEE609
:100F0000FCE65B4658461B69984700281BD15346B0
:100F10001B8822692381EFF3108372B611680029C0
:100F2000FCD0BFF35F8F514662880A8022696580DA
:100F3000BFF35F8F0021116083F31088B8E686420B
:100F400000D8FCE6B4E65B461A685B680092019341
:100F50000BE7B34500D84CE750E7C0460813002024
:100F60003C700540750C00100040054070B52E4CDB
:100F70002569002D04D00A212C48FFF725FE70BDFD
:100F80002B4E0321300000F0C9FAE660FFF72AFB80
:100F9000284B03229C46D02322701B061B6801218C
:100FA0006370254B6044A3600F2380002061022002
:100FB000638063694942A1801980023119864731F3
:100FC0001D83585218315A5275325C399952183271
:100FD0000131995218320131995218320131995226
:100FE000083518329D5202311832995218320131A7
:100FF00099521832013199521832013199521832EE
:10100000013199521832013199520C4B0C49DC6074
:1010100001303562FFF72CFB01210320FFF70EFBA7
:10102000084B1D60A7E7C046640500202C14002073
:101030000040054040000034FFFF1000081300206E
:10104000750C0010386005400048704764050020AA
:10105000F8B51F0008AB1B7804001600002B08D160
:1010600000F06EFA32003B00121A8B41002B00DABE
:1010700052E02269EFF3108072B61368002BFCD0A7
:10108000BFF35F8F0223E15E63694A005218D2000A
:101090009B182269002936DB1D886580BFF35F8FAE
:1010A0000025156080F31088069A9E60DF601A6143
:1010B000079A5A615A8801325204520C101C002AB5
:1010C0001FD082B25880080410432669EFF31087BE
:1010D00072B63268002AFCD0BFF35F8FA2881A80F4
:1010E000A1802369BFF35F8F00221A6087F3108805
:1010F0000A4923788C4601329A40E36863441A60B7
:10110000F8BD0120DDE7BFF35F8F0023136080F39C
:10111000108801204042F3E70020F1E73C20000066
:1011200070B501000469EFF3108C72B620680028D6
:10113000FCD0BFF35F8F02200D5E4C696800401940
:10114000C00024180869002D36DB26884E80BFF3C6
:101150005F8F002606608CF31088E3606388049834
:10116000013320615B0405985B0CA26060611A1C6E
:10117000002B1FD093B22804628018430A69EFF352
:10118000108C72B61368002BFCD0BFF35F8F8B8876
:1011900023808D800B69BFF35F8F00221A608CF370
:1011A00010880B7801329A40CB6808498C4663441A
:1011B0001A6070BD0122DDE7BFF35F8F002303607B
:1011C0008CF3108801204042F3E7C0463C20000029
:1011D00010B543890A1493421ADD53009B184269E3
:1011E000DB00D3180469EFF3108C72B62268002A72
:1011F000FCD0BFF35F8F5A88090494B2090C8A426D
:1012000008D00369BFF35F8F00221A608CF3108847
:10121000002010BD8022120214435C800123026969
:101220008371BFF35F8F002111608CF31088044934
:1012300002788C469340C268012062441360E8E75C
:101240003C200000F0B506000F0006246442E517BC
:10125000C646A4197D4100B582B08D4214D811D084
:1012600000F06EF922002B00121A8B41002B15DCC6
:10127000002B44D03000390000F06CF902B080BC83
:10128000B846F0BD8442EBD90024002500F058F99F
:1012900022002B00121A8B41002BE9DD00F050F9DF
:1012A00022002B00121A8B41002B0ADB0023019332
:1012B000144B2200009314482B00FFF731FF01303C
:1012C000D8D0A04629000024104A1148536A9942F8
:1012D00004D8956A4545CDD29942CBD10568EFF344
:1012E000108C72B62B68002BFCD0BFF35F8F0368A5
:1012F000BFF35F8F1C608CF3108820BFE6E7002AE5
:10130000B8D0CBE7450C0010640500200040054034
:101310002C140020F0B5C64600B582B0040000F0E1
:101320000FF9FA2206000F0020000023002192008E
:1013300000F088FF8019794104000D1E02DA0124B3
:101340002E4D644206267642F71736196F41AF429A
:1013500014D811D000F0F4F832003B00121A8B417F
:10136000002B15DC002B46D02000290000F0F2F8FD
:1013700002B080BCB846F0BDA642EBD900260027DB
:1013800000F0DEF832003B00121A8B41002BE9DD41
:1013900000F0D6F832003B00121A8B41002B0ADB1A
:1013A00000230193164B3200009316483B00FFF7D1
:1013B000B7FE0130D8D000233900B0469C46124A0F
:1013C0001248536A994204D8966A4645CCD299424B
:1013D000CAD10668EFF3108772B63368002BFCD0D1
:1013E000BFF35F8F0368BFF35F8F66461E6087F3AE
:1013F000108820BFE5E7002AB6D0C9E7FFFFFF7FCE
:10140000450C001064050020004005402C1400200D
:10141000F0B557464E46DE464546E0B506000F009D
:1014200085B0EFF3058399468B46002B12D03849DF
:1014300000204B6ABB4206D38A6ADB1B591E8B41D4
:10144000B2424041184305B0F0BCBB46B246A94683
:10145000A046F0BD2F4B9A46DB68984653461B7852
:101460004046039300F064F84246039B04000433B3
:101470009B009B580D001B1A39003000001BA9412E
:10148000894510DC0DD020BF214A0020536A5B45FE
:10149000D9D3926ADB1B591E8B41B242404118439B
:1014A000D1E78342EFD900F04BF832003B00121A2B
:1014B0008B41002B1ADB00230193174B3200009362
:1014C00050463B00FFF72CFE011E0FDD104B5A6A01
:1014D0005A451BD39B6AB34216D35046FFF778FE9A
:1014E0000B4A0020536A5B45ADD3D2E7084A00207F
:1014F000536A5B45A7D30020926ADB1BB24240418E
:101500005A1E934118439EE75A45E6D120BFE4E7AF
:101510000040054064050020450C001010B5024A4B
:101520000248FEF7DDFF10BDA47E0010CC090020AC
:101530000300416A0A00986A596A8A42FAD17047E0
:10154000034B596A0A00986A596A9142FAD1704766
:1015500000400540064A536A9942FCD807D1044B23
:1015600002E05A6A914202D19A6A9042F9D87047D1
:1015700000400540F8B5DE464E4657464546E0B5C4
:101580008B4605000A991800160000F0E1FA0A9B44
:101590006C001F02324B64199C46A40064446368CB
:1015A00081469F4200D967602B1FDBB29846012B12
:1015B00030D9C02380229B01E31812011A60294B05
:1015C000AD0059599A4600291BD17301E0262268C3
:1015D00053401E40802342465B01E3181E60012AEF
:1015E00030D9802380229B01E31812011A605346F0
:1015F0004A4667605A51F0BCBB46B246A946A0466F
:10160000F8BD586900F0A4FA013043001B18033BF1
:10161000FDD2DAE75B46012BCBD1C02303229B012D
:10162000E3181A60023AA3681A42FCD07301E0265C
:101630002268AD0053401E4080230A4A5B01924657
:10164000E3181E605A462168514003220A401A607E
:1016500001225B469A40A3681A42FCD0C1E7C0460B
:1016600000800040D4090020F0B546464F46D646DB
:10167000C0B51F00344B44009C462418A4006444A9
:10168000636888461600FF2B02D880235B006360E6
:10169000031FDBB29A46012B30D9C02380229B0165
:1016A000E31812011A60294B8500595999460029FF
:1016B0001BD17301E026226853401E40802352460E
:1016C0005B01E3181E60012A30D9802380229B0130
:1016D000E31812011A6080235B0063604B465F5180
:1016E000E0BCBA46B146A846F0BD586900F030FAF1
:1016F000013043001B18033BFDD2DAE74346012BC0
:10170000CBD1C02303229B01E3181A60023AA368DD
:101710001A42FCD07301E0262268850053401E4027
:1017200080230A4A5B019146E3181E604246216805
:10173000514003220A401A60012342469340A268A6
:101740001342FCD0C1E7C04600800040D40900200D
:10175000014B8000C0587047D4090020F8B5040040
:1017600021481E0017000D0000F0F2F901003800BA
:1017700000F0EEF9069B36041B031E432368002B82
:1017800020DB1A4B1A49E3185A1E9341802292011A
:1017900094465B421B0B174A1B0363441360164AB3
:1017A00013601F000A689743FBD1144B2560E218B1
:1017B0002123A06013602368002BFCDA0823E66075
:1017C0001360F8BD3F2322681340AB42D9D1A36810
:1017D0001B051B0D8342D4D1EE22E368D2021340D5
:1017E000B342CED1EDE7C046001BB7000040FDBFBD
:1017F00008C0004000E0004000F00040043000005D
:101800008023024A9B000B43D3627047008005404F
:10181000002310B50100988A1B8B984710BDC04665
:10182000162310B50100188802331B88984710BD95
:10183000F8B54746CE4680B50F1E18D014239946FA
:10184000043304000025012698464B461888434679
:1018500021681B88984701C4431E98410135064002
:10186000AF42F2D13000C0BCB946B046F8BD012647
:10187000F8E7C046AA23064A1B0113608D235B00CC
:10188000D3600449044B19605368002BFCDA70479D
:101890000040024000B0FA00006002407047C046BD
:1018A00010B50148FEF7EEFDC87E001070B5074D7B
:1018B000074EB54209D20024013E761BB60808CD7A
:1018C000984723000134B342F9D170BD307E001037
:1018D0006C7E0010054B064A06491A60064A074B03
:1018E0001A6010000B689843FBD1704700E000407D
:1018F000BFCDFBFE08C00040FE7F3C0000F0004072
:10190000044BDB6C002B03D18022034BD2021A6004
:101910007047C046000011504C201150044A054B3E
:101920001A60054A1368DB018033FBD17047C0465B
:10193000FFFFFF0100F0004008C000404022034BC1
:101940009A675A671A67DA667047C04600F0014026
:1019500010B5FEF753FE10BDF8B52749274C284DAA
:10196000641AA6103200302E00D9302228009200CE
:1019700000F0C4FCBC2C3BD830202F232C1964076A
:10198000204A801BE40F9B1B052B16D93700002C27
:1019900002D0B300771CEA50001B33199B004108AA
:1019A000EB18C900C9181A605A6008339942FAD175
:1019B000012303421CD09843C619B300EA50731C9C
:1019C0002F2E15D09B00EA50B31C2E2E10D09B005A
:1019D000EA50F31C2D2E0BD09B00EA50331D2C2E09
:1019E00006D09B00EA50731D2B2E01D09B00EA50BD
:1019F000054B9D60F8BDC04600010010C0010010FD
:101A000000000020C101001000ED00E0002310B52F
:101A1000294C82B0A367FFF72DFF0122274B1A60E4
:101A2000636C012BFCD10322254B1A60224A936B75
:101A3000012BFCD1013300930121224A22480433B7
:101A4000FFF78CFE052301210093204A2048FFF771
:101A500085FE0022022104201E4BFFF705FE002216
:101A6000012105201C4BFFF7FFFD0022002107206C
:101A70001A4BFFF7F9FD002200210820174BFFF752
:101A8000F3FD8023DB000093002200210920134B8B
:101A9000FFF770FD0022104B00210620FFF7E4FD48
:101AA0000420FFF755FE0E4900F052F80100002017
:101AB000FFF7A6FE02B010BD008000403CB0004021
:101AC00030B00040002F685900800240008C8647EB
:101AD00000C00240001BB70040597307006CDC02D5
:101AE00040420F0001480421014B184780050020A7
:101AF00031180010014B9B6818470000800500203A
:101B0000124A936F9B0815D29066D166002905D0C2
:101B1000FFE7FFE7FFE7516F106F704704B58021C3
:101B20000906C2175140002800D0C84306F058F9F2
:101B3000002104BDF0B5146E556E576F166FFFF798
:101B4000E3FF1466556657671667F0BD000000D0C6
:101B5000114A936F9B0813D210665166002905D075
:101B6000FFE7FFE7FFE7516F106F704704B50028EC
:101B700001D00020C04306F033F9002104BDC04667
:101B8000F0B5146E556E576F166FFFF7E5FF1466CC
:101B9000556657671667F0BD000000D094464A4A64
:101BA000926F9208624601D228E0C046F0B5464ED8
:101BB000346E756E776F366F00F020F89446424AA7
:101BC00014665566576716676246F0BD94463E4AEE
:101BD000926F9208624601D254E0C046F0B53A4E88
:101BE000346E756E776F366F00F04CF89446364A57
:101BF00014665566576716676246F0BD002B24DBF6
:101C000011D000293EDA00B5C943404200D101316C
:101C100000F038F8C943404200D10131DB43524261
:101C200000D1013300BD002AEBD1002801D10029E9
:101C300005D00020C90FC90701D1C043410800B534
:101C400006F0BEF80022002300BD00B500290ADB23
:101C5000DB43524200D1013300F014F8C943404243
:101C600000D1013100BDC943404200D10131DB4305
:101C7000524200D1013300F005F8DB43524200D15B
:101C8000013300BD002923D1002B18D1002A0CD02C
:101C9000BC460D4F38667A6600210023FFE7FFE758
:101CA000FFE77A6F386F67467047002801D0074812
:101CB000010000B506F084F80022002300BD0200F8
:101CC0000B00002000217047000000D0FFFFFFFF45
:101CD000002B00D0BFE0130C28D1002AE7D080B43D
:101CE000114F39667A66FFE7FFE730B4040C7B6F6B
:101CF000396F1B0423433B667A66FFE7FFE7FFE784
:101D0000C04684B27B6F3D6F1B0423433B667A66FB
:101D1000FFE7FFE7C04600232C042D0C7A6F386FD5
:101D200000196941B0BC7047000000D0F0B594467E
:101D30000025140E01D112020835140F01D1120131
:101D40000435940F01D192000235D40F01D1520015
:101D50000135D40B0134254F7C66254C3C660E0CB6
:101D600093B2FFE7FFE7FFE73C6F6643360C77036C
:101D7000BE467343DF0B5B04C01AB941130C7343B7
:101D8000DB18C91ACE086643360CB64493B27343C7
:101D90001F0F1B01C01AB941130C73431F0B1B0506
:101DA000C01AB941860D8F023E436643360C092D99
:101DB00024DB520A7243801A7703460A6643360CC4
:101DC00016235B1BDE40DF40BF1964466643821B5F
:101DD0007046043506330100D940A840C01900D32D
:101DE0000131A24206D20023F0BD0000000000D065
:101DF000FFFFFFFF121B0130F3D3F1E709277F1B21
:101E0000FE406446A2B27243801A00D20139220C0D
:101E10007243130C1204821A99410B007046043568
:101E200013370100F940A840801900D30131002B7D
:101E300002D1A2420AD2F0BD013000D30131121BFF
:101E4000FAD2013BF8D1A24200D2F0BD013000D35A
:101E50000131121BF7E7F0B51C0C00D080E00CB488
:101E600000251C0A04D11B02160E3343120208354A
:101E70001C0B04D11B01160F3343120104359C0BBC
:101E800004D19B00960F334392000235DC0B02D144
:101E900092185B4101351C00971864410134464F8C
:101EA0007C66464C3C660E0CFFE7FFE7FFE7C0464A
:101EB0003C6F6643360C7703BE4697B27743C01B30
:101EC00000D20139C01B00D201399FB27743C91B30
:101ED000C91B170C77437E04FF0B801BB941CE084A
:101EE0006643360C0C2D33DBB644120B1F053A4308
:101EF0001B0B97B27743C01B00D201399FB27743C7
:101F0000C91B170C77433E043F0C801BB941860D5B
:101F10008F023E43664329277F1BFE400C3D7746D8
:101F2000AF40BF1930BCA2B2ABB272437343801A48
:101F30009941220C7243130C1204801A9941020039
:101F40000B000137001BA941F9D2781E0021F0BD1A
:101F50000C277F1BFE4077467F0BAF40FF19E0E761
:101F600000245D1C07D0144F7D663966FFE7FFE74C
:101F7000FFE7FFE73C6F95B29EB265436643401BA7
:101F8000B141150C1E0C6543664336042F0C3E43CD
:101F90002D04401BB141994204D202000B002000E5
:101FA0000021F0BD01D19042F7D3801A994101344C
:101FB0009942F2D3F6E70000000000D0FFFFFFFFD8
:101FC00048404140484018B4134B5B68019308BD3A
:101FD00018B4114B1B68019308BD94460F4A926FC9
:101FE000920805D2624618B40B4BDB68019308BD1A
:101FF0000A4AF0B5146E556E576F166F6246FFF7BA
:10200000F2FF064A1466556657671667F0BD18B4A6
:10201000014B9B68019308BD98070020000000D089
:10202000FFB550404240504059404B40594000E0BD
:10203000FFB5154F4C00640D03D0BC4204D10C0316
:1020400014D80020090D09055C00640D03D0BC42C2
:1020500004D11C030AD800221B0D1B0501264B408E
:1020600009D44B4003D58B4200D18242FFBD994237
:10207000FCD19042FFBD0B43DB1803431343F5D063
:10208000C9434918FFBD0000FF07000000B5FFF776
:10209000CFFF804100BDC04600B5FFF7C9FF01D9A1
:1020A000002000BD012000BD00B5FFF7B9FF01D938
:1020B000002000BD012000BD00B5FFF7B1FF804149
:1020C00000BD012040054A00121804D85A00121819
:1020D00001D800207047012070470000002100282F
:1020E00005D17047C1174840401AFAD0C90713B547
:1020F000064B1B6898470CBC441CA2401005120BF1
:102100000349091B09051943114310BD2813002079
:102110001F04000010B54C00620D8023D218DB00B4
:10212000D21A5B057E2A10DD9E3A13DACC1709031A
:10213000490819435242D140640001341532202A23
:1021400005DAD0400843604310BD002010BD0846AA
:10215000604310BDC80FC018013810BD18B4024B41
:102160005B6A019308BD00009807002010B5014884
:10217000FEF788F9D47E0010132370B51D78012D69
:1021800019D014DD1D48FFF74BFB06001C48FFF774
:1021900047FB1C4C80223100200000F0AFF8022DDC
:1021A00006D01948FFF734FB184B186070BD154C6A
:1021B000174BA364F5E7174B124C23606360A360D1
:1021C000E36023616361A361E36123626362A362ED
:1021D000E36223636363A363E36323646364A364CD
:1021E000E36423656365A365E36523666366A366AD
:1021F000E36623676367A367E367D9E75344000097
:1022000053460000980700204C330000281300209C
:10221000192200106D21001007B5604601880A0AD6
:102220000230DF2AFAD1C9B2820804D3028840887A
:102230000004104300E00068014A5050039007BDBD
:102240009807002051434343C9188C46110C83B2B0
:102250004B4310B4040C614392B280B250436243CA
:102260001C041B0C001910BC59411304120CC0189B
:10227000514161447047000010B50148FEF702F972
:10228000D47F0010132310B510481C78FFF7C8FA4C
:102290000100012C0AD003DD80220D4800F02EF849
:1022A0000C48FFF7B5FA0C4B186010BD084C5422CF
:1022B000200000F023F82200084980322368002B18
:1022C00000D1216004349442F8D1E9E7534600007C
:1022D0002C1300204C33000028130020792200101A
:1022E00001480421014B18479005002031180010C7
:1022F000014B1B681847000090050020014B5B68EC
:1023000018470000900500207047C046F8B55746B2
:10231000DE464E464546E0B599460A9B07009A467A
:102320000D9B884693460B9C9B073BD10C9B9C4284
:102330003DD21E1B0B9415000C005E442A004B4638
:10234000013521002020B847B542F7D1A0460B9CAB
:10235000002C20D0454636195346321B013C185DEF
:1023600029004B46B847002CF6D12B003500984683
:102370000D9B9B070FD55B46EC1A0C9BA3420AD919
:10238000464698462A004B46310020200134B84783
:1023900001354445F6D32800F0BCBB46B246A946F9
:1023A000A046F8BD16001500002CD3D1E0E71600BA
:1023B0001500002CCED1EEE7F0B54546DE46574677
:1023C0004E46E0B585B09C4610AB1B78149F9346F3
:1023D00098460F9C129E139DBB074CD4002D42D1F2
:1023E000B44248D201233B4099460E9B013B9A469A
:1023F000302304E0524601341355A64201D9202C63
:10240000F8D14B46002B00D183E00E9B013B99464F
:102410003023A54205D82EE04A4601341355AC427C
:1024200029D0202CF8D1FB060CD57B0554D4A6422C
:1024300063D0A54261D0119B102B50D0022B57D0F6
:10244000202C32D1202301930E9B5A4600930397F0
:1024500063460295FFF75AFF05B0F0BCBB46B24693
:10246000A946A046F0BD01233B40994601233B42CB
:102470002AD1B442B9D3FB061CD57B05DBD4002C92
:10248000D5D1119B102B5BD0119B022B6BD030232D
:1024900001240E9A13704346002B10D17B073ED5C2
:1024A0002B260E9A631C1655CDE7230001343026E7
:1024B0000E9AD654202CC5D04346002BEED02D26A4
:1024C0000E9A631C1655BEE74346002B2FD0013DE4
:1024D000B44200D289E798E7119B102BB2D1BB061A
:1024E00037D5202CAED058230E9A13550134A7E7C8
:1024F000202CA7D02300013407E0631E012CC0D09C
:10250000119A102A31D0022AD1D162260E9AD654BD
:1025100096E7FB06CED57B0500D488E78BE7230042
:102520003E0790D520260E9A013316558BE70C23D3
:102530003B405A1E9341ED1AB44200D255E764E77E
:10254000BB060ED478230E9A0224137030235370E6
:10255000A1E7202C00D175E778230E9A135501349A
:102560006EE75823EFE76033EDE70E9AA61E91461B
:102570004E44BA0602D55822327098E7782232705B
:1025800095E7C04610B5002800D110BD01F062FCEF
:10259000FBE7C0460B0010B5002802D049681B6855
:1025A000984710BDF0B55746DE464E464546E0B565
:1025B00095B083460F00924698461E9A1F9B1000C6
:1025C0001900209EFFF77DFD002800D0EAE11E984B
:1025D0001F990122C54B5242FFF758FD002800D039
:1025E00014E11E981F990122C14B5242FFF764FD6E
:1025F000002800D0E9E01E981F990022BD4BFFF78C
:102600005BFD002800D0C8E01E981F990022BA4B3D
:10261000FFF73CFD002800D0BFE01E981F99002264
:102620000023FFF733FD002800D0E4E000230B93E4
:10263000229B5B0500D406260024302307E01721E7
:1026400006AA013452181355013E202C01D0092E40
:10265000F5D81E981F99FFF75DFDA84BF2009B1857
:102660001A685B68050008920993FFF73BFD0200BA
:102670000B001E981F99FFF7A6FC089A099BFFF70D
:10268000C6FC06900791FFF769FD8146FFF726FD1E
:1026900002000B0006980799FFF795FC0022984B63
:1026A00006900791FFF708FD002800D10DE10123F6
:1026B0009C46E1444846FFF711FD02000B000898D4
:1026C0000999FFF7E9FC002802D00023994601355B
:1026D000002E00D1D9E006954D46B94614E006AA71
:1026E000944617230A216344280001341F19FFF779
:1026F0002FFA3031397028000A21013EFFF728FAFD
:10270000092D00D817E10500202CE8D14F46069D81
:1027100020240CAE06AA17239446634499465B46D0
:10272000B34606930FE04B4628000A210134E61811
:10273000FFF7E6F93031280031700A21FFF7E0F9A0
:10274000051E00D1E4E0202CEDD1069B5E469B46A1
:102750000323229A1340012B18D1219B002B15D063
:102760000B9B002B00D1FDE0219B013B2193202BF3
:102770000CD93023219A07E0172006A90134091843
:102780000B55944200D3CCE0202CF5D1229B019430
:102790000393219B0096029322E0229B52460493CE
:1027A000219B3900039358461E9B1F9C0296009361
:1027B0000194434600F04AF90400200015B0F0BC33
:1027C000BB46B246A946A046F0BD229B5B070FD48C
:1027D00003224C4B2299019203912199009302917B
:1027E0004346524639005846FFF790FD0400E4E79F
:1027F0000422454BEEE71E9A1F9B00200021FFF7A5
:10280000E2FB01231E901F910B9311E7229B54467C
:102810009B0711D1219B042B0ED9219B55469C4629
:102820005E46043C64442A004346013539002020BA
:10283000B047A542F7D1B346344D26002B1F994629
:102840005B46A3461C003200E87843463900013D50
:10285000A04701364D45F6D123005C469B46229B9E
:1028600004349B07A9D55346219AE31A9A42A4D966
:102870005E4615002200434639002020B0475346EB
:102880000134E31A9D42F5D897E72800FFF72AFCA8
:1028900002000B001E981F99FFF795FB0022184BB2
:1028A00006900791FFF7F2FB0CAE002800D031E74D
:1028B000069807990022124BFFF7FEFB002800D074
:1028C00028E7012301359D4324E700220698079954
:1028D0000B4BFFF7DBFB002800D0F9E64B46002B43
:1028E0005CD101239C46E144F2E6C046FFFFEFFFC6
:1028F000FFFFEF7F65CDCD4165CDCDC1F8840010E0
:102900000000E03F307F0010287F0010387F00106B
:10291000069B5E469B460323229A1340012B00D15F
:1029200081E0202C00D131E70B9B002B27D02D23F9
:10293000335501342AE74F46069D202C00D1E7E6A7
:102940003022331907E0172006A9013409180A5567
:10295000202C00D1DCE6A342F5D12E220CAE0134AE
:10296000F254D7E60C23229A134257D0219B013B05
:102970002193A34200D9FCE6202C00D106E7229B3C
:102980005B0703D52B2333550134FFE6229B1B073E
:1029900000D4FBE6202333550134F7E6DB0700D4EF
:1029A00096E69EE7229B55469B0711D1219B032B60
:1029B0000ED9219B54469C465E46033D6544220049
:1029C0004346013439002020B047AC42F7D1B3462A
:1029D000B9465F461C4EEC1C2A00B0784346494677
:1029E0000135B847013EA542F6D1229BBB464F4672
:1029F0009B0700D4E1E65346219AE31A9A4200D895
:102A0000DBE65E4615002200434639002020B04731
:102A100053460134E31A9D42F5D8CEE6219BA342EA
:102A200000D9A6E6B2E6219B002B00D179E70B9BEB
:102A3000002B97D0219B013B21939C4200D298E62A
:102A4000202C00D073E7A1E6347F0010F0B5DE46FD
:102A500057464E464546E0B599B081468B4692466C
:102A60009846229A239B10001900FFF72AFB0028A2
:102A700000D0CAE0229823990122824B5242FFF7EC
:102A80001BFB002800D0C0E02298239901227E4B36
:102A90005242FFF7FBFA002800D0B6E022982399B3
:102AA00000220023FFF7F2FA002800D0C9E1229BA0
:102AB000239C08930994089809998023269ADB009F
:102AC0001A400D928022269C1201144022000B9481
:102AD000269C07000E001C4200D0ADE00B00034313
:102AE00000D0D5E0002A00D00AE222000633249369
:102AF000022313400C930223134200D002E2259BD1
:102B0000042B00D20FE2043B0B93002304250A930D
:102B10000022229823990023FFF7B8FA002800D05A
:102B200003E25A4B269A134004930B9B0393249B76
:102B30000293089B099C00930194594643465246D0
:102B40004846FFF72FFD02002020269B1F27034049
:102B500059424B415B421840531C08935946434627
:102B60004530C8470A9AD317D4185C40D30F0A934C
:102B70006B1E0B9308AB9C460025674401E0202D9B
:102B80000FD020000A21FEF7E3FF01357E19303116
:102B9000317020000A21FEF7DBFF26000400092E19
:102BA000EDD8052306930B9B594605930023049308
:102BB0000A3303930A9B4846029310AB0093089A8A
:102BC00043460195FFF7F8FB0C9B002B2DD0534695
:102BD000C41A259BA34228D94D465F4681461E0054
:102BE000534639001A19202043460134A847A6420B
:102BF000F6D8534648462599C21A0132002391421D
:102C000000D386E1013018180FE0269B0493259B22
:102C10000393249B0293229B239C0093019443469D
:102C2000524659464846FFF7BDFC19B0F0BCBB46BA
:102C3000B246A946A046F0BD01432BD10B9B220012
:102C4000002B00D154E700230A93249B0A9A002406
:102C5000934200DD85E12298239900220023FFF7AB
:102C600015FA002800D035E1269B084A02941A4044
:102C70008023DB0013430493259B0393089B099C4B
:102C8000CBE7C046FFFFEF7FFFFFEFFFFFF7FFFF40
:102C900006232493B44B70009C46400D6044FFF71C
:102CA00021FAB24AB24BFFF7B2F9B24AB24BFFF780
:102CB0008FF93603B14B360B334304000D00380057
:102CC00019000022AE4BFFF77EF9AE4AAE4BFFF77C
:102CD0009EF902000B0020002900FFF779F9FFF7A9
:102CE00019FA0A90FFF7FEF9A84AA94B04000D0053
:102CF000FFF78DF90022A74BFFF76AF9FFF70AFAF1
:102D0000A54A0600A54B20002900FFF780F9040022
:102D100030000D000C96FFF7E5F9A14AA14BFFF733
:102D200076F902000B0020002900FFF74CF90200A1
:102D30000B0006000F00FFF76AF9320004000D00D7
:102D40003B0030003900FFF743F900220E900F914D
:102D5000954B20002900FFF740F90022934BFFF725
:102D600037F902000B0020002900FFF736F9002296
:102D70008F4BFFF72DF902000B0020002900FFF711
:102D80002CF90D008021040032003B000020C90511
:102D9000FFF719F902000B0020002900FFF718F9CE
:102DA00002000B000E980F99FFF717F90022734BE2
:102DB000FFF70EF97F4B0C9C9C46644400222305D0
:102DC000FFF725F906000F0002000B00089809998B
:102DD000FFF75CF900280AD00A9B3000013B39005C
:102DE0000A930022714BFFF7F8F806000F000A9AC9
:102DF000330063323900C62A12D8022226980425ED
:102E000010400B9A0C90002A25D1259B042B05D944
:102E1000002800D0A1E0259B043B0B93042541E052
:102E20000222269810400B9A0C90002A12D1259B62
:102E3000052B76D9002872D1259B0525053B0B93E0
:102E400034E0802212069446229B0893239B63441D
:102E5000099330E605250B4300D1F6E60898099959
:102E6000554A564BFFF720F9002808D008980999D1
:102E70000022534BFFF70AF9002800D0E5E6249B17
:102E8000002B1CD00D9B002B19D0249B013B2493BD
:102E9000259BAB4204D90C9B002B5AD002230C93E8
:102EA00000230B930A9B002B00D131E60898099967
:102EB00032003B00FFF791F80890099128E6259B26
:102EC000AB42EDD90C9B002B43D000230B93023374
:102ED0000C93E7E78020269B3A4A00061A4080239D
:102EE00084460294089C099D2900DB001343049347
:102EF000259B6144220003930B00009201938EE610
:102F00000524A8E600230B930A93023304250C93AF
:102F1000FEE553468C46013B63441B1A72E60223CE
:102F20000C930525C2E70423EDE58020089E099F48
:102F3000000639008446269A224B614413400493CC
:102F40000B9B32000393249B02930B00009201938E
:102F5000F3E5259B5B1B0B93A4E7022304250C934D
:102F6000A0E79C1A013C76E601FCFFFFFB799F502D
:102F70001344D33FB3C8608B288AC63F0000F03F9C
:102F80000000F83F61436F63A787D23F71A37909BF
:102F90004F930A400000E03F1655B5BBB16B0240AD
:102FA000EF39FAFE422EE63F00002C40000024409C
:102FB00000001840FF0300002D431CEBE2361A3FCF
:102FC00080842E41FFF7FFFFF0B5DE4657464E46A0
:102FD0004546E0B5A5B01E002E9B92460C93CD4A07
:102FE000CD4B80468B461A60002900D1EAE10023D0
:102FF00030789946002800D1ECE1C84B4C460B9341
:10300000C74B454657460E930AE0631C984622007C
:103010003B005946A84744463078002800D187E055
:1030200001362528F1D108239A46043B9946023BF4
:103030009846013B00229C460D943078711C030099
:10304000203BDBB2102B03D80B9C9B00E3589F4620
:103050000300303B89460D9C092B3AD90023984642
:103060002A2800D1C1E000239A462E284BD0030025
:10307000683BDBB2122B1ED80E999B00CB589F46A3
:1030800063460E001A43D8E743460E001A43D4E7BE
:103090004B460E001A43D0E710230E001A43CCE72C
:1030A00053460E001A43C8E780235B001A43FF3BD8
:1030B0009C467078E1444E4667284FD82428A4D90E
:1030C0000300253BDBB2422B9FD896499B00CB588F
:1030D0009F46002394461E0000E00131B3009B1977
:1030E0005B001E180878303E0300303B092BF4D9F2
:1030F0000123624689469C460023B0469A460E004C
:10310000E1442E28B3D13021802049428C46C000B2
:10311000024370784B4684446146092900D86CE12B
:103120002A2800D17AE101239C464E46E1449EE7DD
:10313000A146A846BA46CA4503D801235B42534478
:10314000994653464A4659460020C047200025B0BC
:10315000F0BCBB46B246A946A046F0BD0300693BA1
:10316000DBB20D930F2B00D94FE7012199408C461C
:103170006D49894661464B4619400F916346494661
:103180000B4200D028E10D9B0A2B3AD0072B00D030
:103190003BE70C9B190008C98846002B00D14BE186
:1031A00021200243914614A98C461F220F2162441C
:1031B0008C4651460D950C91A24615000F9902E0E0
:1031C00020290CD0130064461C4020003730092C05
:1031D00000D80738013168541A090F2BF0D80C9B1E
:1031E00054460D9D9A460F9133E10C9B02CB8846C5
:1031F000002947DB0C9301239C4670784E46E1443E
:1032000031E70C9B02CB14935346002B00D138E1DD
:103210009C4608780B000C908C44002801D100F0EB
:1032200098FC89466146944603E05A780133002AA7
:1032300001D08B42F9D1494662465B1A0C900F933C
:10324000530500D520E10223180010400D901342D1
:1032500000D1CBE30D930B1BB1469A465E460C980A
:1032600022003B003100A84753460134185D002876
:10327000F6D1B3464E460D9B002B00D0C7E1149B00
:103280000C93C9E60C9301239C462838494202431B
:10329000884670784E46E144E5E670786C2800D1A7
:1032A0007FE180235B001A43FF3B9C46E14402E739
:1032B00080239B001A4301239C467078E144FAE680
:1032C0007078682800D173E180231A437F3B9C46C5
:1032D000E144F0E6672800D103E1472800D15AE134
:1032E000452800D15AE10492072142460C9B0392E3
:1032F000073352468B43190002920CC928000092F2
:1033000001930C9122003B005946FFF79FFB0400FC
:1033100082E6C046C92F0010EC1200205C8300102A
:10332000A0830010EC83001041900000462800D1DB
:10333000DBE00492072142460C9B0392073352467E
:103340008B43190002920CC92800009201930C9142
:1033500022003B005946FFF725F904005CE6631C98
:10336000984622003B0059462520A847444653E68C
:103370000C9B04330D93631C9946920700D422E101
:103380000C9B2200187859463B00A847434644440A
:10339000012B00D885E23300B8462E005F46250099
:1033A0004C46994622004346013439002020B0475C
:1033B000AC42F7D12C00BB46350047464E460D9B2C
:1033C0000C9329E6DB4B3078984600239946002879
:1033D00000D012E60024AEE66F2800D188E000D8C5
:1033E0000BE31023782800D1CFE09A430A239C46B0
:1033F00000230F930A330D9380E05646B1008919DC
:10340000490001330E181878303E0100303909297F
:10341000F4D9B2461E000133994628E60C9B0236C9
:1034200002CB8A46C9435046C917084082460C93CE
:103430003078731C99461AE6102310009843113314
:103440001843814680201300C0000340024200D18F
:10345000A9E64B460693082305935346049310238D
:103460000393002302930F9B220001931CAB009354
:1034700059463B002800FEF79FFF434604000C938B
:10348000CAE501235B42C3E60F9B534501D953466E
:103490000F930223180010400D90134200D1B7E1A2
:1034A0000D93D1460B1B9A463300A1442E002200F7
:1034B0004D460C98B9465F469B4608E04B4639009E
:1034C000541CB0475346185D002877D0220095421F
:1034D000F4D15B46BB464F46A94635004C461E001C
:1034E000C9E680231B011A43FDE620231A4320E787
:1034F00008239C4600230F9308330D93802311006B
:10350000DB0019401A4200D116E10D239A43100046
:10351000802302009B001A401492184200D0C2E19E
:10352000802302005B001A4091460C9A04320F92ED
:10353000184200D0B7E2430600D59FE1030600D44D
:1035400019E30C9B1B880993002B00D0FCE110337E
:103550009843002900D1F7E100239946434605939B
:10356000534604930D9B069003930023D2E0582802
:1035700008D0622867D102239C4600230F930233B0
:103580000D93BBE720231A43103B9C4600230F9367
:1035900010330D93B2E780231B011A4320231A43F3
:1035A000A1E6C0239B001A43F31C9946B07882E53C
:1035B000C0231A43F31C9946B0787CE535005E467B
:1035C000BB464F4657E64346012B00D863E1631ED6
:1035D00043449A463300B9462E005F4655469B4603
:1035E000A24622004B46013439002020B047AC42AD
:1035F000F7D135005E46BB464F46A14654460C9B6C
:103600004A46187859463B004444A847D7E6A146A5
:103610000F9B984500D832E64444E41A3300B8467C
:103620002E005F4625004C46994622004346013451
:1036300039002020B047AC42F7D12C00BB46350002
:1036400047464E461BE680231000DB0018401A4216
:1036500000D10FE1112118008A430D920D9A8023A9
:1036600011009B0019408C461A4269D18023110039
:103670005B00194089460C9904310F911A4200D021
:10368000CAE113005B0600D5F0E013001B0600D46E
:1036900059E20C9B00229B5ED9175A184A4092B2FD
:1036A000D90F0C91002B00D1F9E1100014AA944617
:1036B00042461F23149252466344A84616944D4630
:1036C0000400B946B2461F00159201E0202D0FD02C
:1036D00020000A21FEF73CFA01357E1930313170A5
:1036E00020000A21FEF734FA26000400092EEDD846
:1036F000149B4F46A94645469846159B56469A4602
:10370000169C0D9B069343460593534604930A2348
:1037100003930C9B02934B4601931CAB2200009336
:1037200059463B002800FEF747FE0F9B04000C9310
:1037300072E4C046092300100C239A431000E7E608
:1037400007220C9B07339343013294469C44624604
:103750000C920CCBD90F0F911100194300D191E0BD
:10376000D917139112915140109113995940119109
:1037700010981199129A139B801A994110901191E7
:1037800014AA0023944642469946149252461F3387
:103790006344A846B24616944E46109C119DB94605
:1037A00015921F0001E0202E10D0200029000A22CF
:1037B0000023FEF70BFA013630322B00BA550D000C
:1037C00022000400002BEED1092AECD8149B10949F
:1037D000119545469846159B4F46B14656469A4622
:1037E000169C0D9B069343460593534604930A2368
:1037F00003930F9B02934B4601931CAB2200009353
:1038000059463B002800FEF7D7FD0400FFF704FCF3
:103810000F9B984500D8C1E18023DB000D93434600
:103820000F9A1B199B1A994633002E004D46B94634
:103830005F469B460C9122004B4601343900202004
:10384000B047AC42F7D143460C9901330F930B7844
:1038500035000C935E46BB464F46002B00D10EE56B
:103860000D9B002B00D1F6E4002319E60C9B1B787E
:103870001A0015E710239A430D92EFE60C9B1B7874
:10388000099361E6002399460028AAD1002200236B
:103890001092119374E70C9B2200187859463B0054
:1038A000A8474C468BE50C9AFA3BFF3B07329A43FC
:1038B0000133994691444B460C9313685268159214
:1038C0001A4306D11032904300220992002900D0F9
:1038D00081E06122810600D54122D2B20A9214AA67
:1038E00091460A9A00210A3A149242461792524689
:1038F00018925A460991B3461F311E000F9B494446
:10390000BA4619941A950024674698468946159D2B
:1039100016901B920AE03032D2B24B4601341A554F
:10392000A8454AD0202C4AD006000D003A000023BA
:1039300030002900FEF74AF9D2B2092AEBD9149BCC
:103940009C466244D2B2E8E76123820600D5412357
:10395000DBB20A3B0C93434614A91F228C461593F5
:1039600053466244A046B2464C461797A9461700F4
:10397000099D0D9E1490169308E03033DBB201349C
:103980003B55B5420ED3202C0CD005003100280049
:10399000FEF7DEF8CBB20929EFD90C9A94466344BE
:1039A000DBB2ECE7159B4D46A14644469846169B74
:1039B000564614989A46179FD0E5B742B2D9179B3E
:1039C00057469846189B5E469A461B9B09949B4611
:1039D0001698199C1A9D43460593534604930D9BD4
:1039E0000690039300230293099B05E70F9B9845DC
:1039F00000D914E701330F932DE4102311009943EC
:103A00000D91692800D0BAE080231000DB00184037
:103A10001A4200D122E61DE60C9B1B68DA0F11004A
:103A2000002B00D18CE0DA179818504014AA914668
:103A300042461F23149252464B44A046A94616976D
:103A400004006546B2461F000C91159201E0202D3E
:103A50000FD020000A21FEF77BF801357E193031A6
:103A6000317020000A21FEF773F826000400092EA9
:103A7000EDD8149B444698460C9BAC461900159B08
:103A800056464D469A46169F0D9B02910693434615
:103A90000593534604930A23039363463CE60028A8
:103AA00000D02EE602E60C9B1B689946002B03D142
:103AB00010339843002938D16123820600D5412371
:103AC000DBB20A3B0C9343461693534614A91F22BC
:103AD0008C4617932B006244A0464D46B246189779
:103AE00099461700149C0D9E159008E03033DBB208
:103AF00001343B55B5420ED3202C0CD005003100CB
:103B00002800FEF725F8CBB20929EFD90C9A944684
:103B10006344DBB2ECE7169B149444469846179B2B
:103B200056464D469A461598189F43460593534668
:103B300004930D9B0690039300230293149BEBE5E3
:103B40000028A1D172E70C9B1B68D9175A184A406C
:103B5000A6E580231000DB0018409C460F901A4217
:103B60000FD00220030013400F93104219D00023FE
:103B7000A1460F934CE50C9B1B680993E4E40A00F3
:103B800034E40223180010400D90134200D03EE5AB
:103B90004346002B00D042E6FFF771FB01330F9341
:103BA0007FE463460D93F3E710B50C0084B00394F3
:103BB000012402A902900093034813006242FFF718
:103BC00003FA04B010BDC0469525001010B5094A8F
:103BD0000300146884B0002C08D00122009106482C
:103BE000524203A9A047012004B010BD00F07CF9A7
:103BF0000020F9E7EC1200208525001000BEFDE74B
:103C000010B5FFF7FBFFC04670B5FDF74FFE074D3F
:103C1000074EB54209D20024013E761BB60808CDF6
:103C2000984723000134B342F9D170BD6C7E001077
:103C3000747E0010030010B5080011001B6898473F
:103C400010BDC046F0B5C64600B5437D07000C0068
:103C50001600002B46D0002A17DD0B780A2B24D043
:103C600000239846012E13D001252900635C0135FD
:103C70000A2B26D0B542F8D1464509DCA419013CEF
:103C800023780D3B5A4253413B7580BCB846F0BD8A
:103C90004346E018A419F11A013C3B689847237881
:103CA0000D3B5A4253413B75EFE7037D002BD7D1C3
:103CB00002210F483B689847012EDFD00123984628
:103CC000D2E7631E5B5C0D2BD4D0884504DA4346F3
:103CD000C91AE0183B689847022105483B68A84686
:103CE0009847C7E70368110020009847CDE7C04612
:103CF00048850010F0B5C6460B6806000C0000B5FC
:103D0000802B06D05A1C2260E418267180BCB8466D
:103D1000F0BD0F4B1D68002D16D00B1D98460D4FA2
:103D200002E02D69002D0FD02B68002BF9D03B68E5
:103D3000002B01D0AB42F4D1280041462268FFF7A6
:103D400081FF2D69002DEFD101220023DBE7C04662
:103D5000E4120020E8120020F0B54546DE464E464B
:103D60005746E0B583B091461C0080460D00FDF734
:103D7000E7FB0023304A12184B41002B02DA0122E4
:103D80002E4B52422E4908008A4604F039F80700AB
:103D90006B1C03D1404603F0CBFF0500002C27D05D
:103DA000284E294B1C68002C18D04B46002B21D1E3
:103DB000264B994602E02469002C0FD02368002B83
:103DC000F9D04B461B68002B01D09C42F3D1200058
:103DD0002A004146B0472469002CEFD1002F26D19C
:103DE000280003B0F0BCBB46B246A946A046F0BDD1
:103DF000174ED6E7154B99460A239B4602E02469E5
:103E0000002CEBD02368002BF9D04B461B68002B0D
:103E100001D0A342F3D12A0041462000B0476B46AF
:103E20005A462000DA71D91D0122B047E7E7504613
:103E300003F0BEFFD4E7C04640420F00FFFFFF7F04
:103E4000C8050020453C0010E4120020E8120020C4
:103E5000353C0010F0B5CE46474680B583B06B4682
:103E60000600DD1D2870FDF76BFB0023194A1218B0
:103E70004B41002B02DA0122174B5242174908002E
:103E8000884603F0BDFF164B81461C68002C14D0F9
:103E9000144F02E02469002C0FD02368002BF9D0C6
:103EA0003B68002B01D09C42F4D120000122290064
:103EB000FFF7C8FE2469002CEFD14B46002B05D13B
:103EC000300003B0C0BCB946B046F0BD404603F078
:103ED0006FFFF5E740420F00FFFFFF7FC80500209E
:103EE000E4120020E812002070B5040003F020FF67
:103EF00001230100050001222000FFF72DFF084BE0
:103F00001C68002C06D06368002B05D098472469F4
:103F1000002CF8D1280070BD2469002CF3D1F9E7FA
:103F2000E4120020F0B5CE46474680B5A3B00400A9
:103F30000D00FDF705FB0023274A12184B41002B0B
:103F400002DA0122254B5242254E300003F058FF81
:103F500000232200019307002B00224801A9FFF74C
:103F600023FE214B804699461C68019B002B1AD0EA
:103F7000002C2FD01D4D02E02469002C0FD02368A7
:103F8000002BF9D02B68002B01D0A342F4D12000E4
:103F9000019A02A9FFF756FE2469002CEFD14B4687
:103FA0001C6800230193002C06D06368002B0BD003
:103FB00098472469002CF8D1002F07D1404623B040
:103FC000C0BCB946B046F0BD2469ECE7300003F050
:103FD000EFFEF3E70194EFE740420F00FFFFFF7FA2
:103FE000C8050020F53C0010E4120020E812002073
:103FF0000FB400B583B004A901C90191FFF792FF86
:1040000003B008BC04B0184710B5024800F00CF823
:1040100010BDC0462013002010B508220149FEF74C
:104020006DF910BD2013002010B588B004000D22DA
:1040300000216846FEF75CF90D22002104A8FEF776
:1040400057F94B236A466846137004A90D2203F002
:10405000A7FE1521082220006944FEF74FF908B099
:1040600010BDC046014B18607047C046A008002034
:1040700010B5034B0A000100180002F047FF10BD05
:10408000080A0020014B18687047C046A0080020AD
:1040900010B582B0FFF7F6FF002807D003F024FA2E
:1040A00003000020002B10D002B010BD684603F0C2
:1040B00071FC0F4C6946200003F072FC002813D0FD
:1040C0002000FFF7CFFF2000E8E7FFF7DBFF040049
:1040D00003F026FA064B9C4206D1236820005B6B56
:1040E00098470020FFF7BEFF01204042DCE7C046B2
:1040F000D005002010B50520FDF72AFB030C642035
:1041000003495843FDF724FD0338FDD210BDC046D6
:104110009A3B0000184B70B5C4580500002C14D011
:104120002168002906D06368A268144803F0D6F815
:10413000002323600C202056002810DA0D20205682
:10414000002803DA00220C4BEA5070BD03F002F99C
:104150000D20205603F0E2F8FF236373F2E703F02B
:10416000F9F80C20205603F0D9F8FF230D20237313
:1041700020560028E6DBE9E74C0800004C850010DB
:10418000F0B5C64600B53E4C3E4B84B0C45000234B
:104190000621220001262360013BA38101911231F7
:1041A0000500009138482100231D0832029603F0D3
:1041B00001F800285DD0636834485A1D1203DB0102
:1041C0001A43334B01681A4030238B4331499046E0
:1041D0000B600368300098430860802120682E4BF4
:1041E0004904C3181960A16880224B005B18DB00EA
:1041F000C3181F009202C8373A60C0229202BA6008
:1042000042467A60254ADC331A601D22012300965B
:1042100002F076FF224B21689C466144090D06316D
:104220001820C9B2FCF76EF8012200211820FCF713
:1042300083F801211820FCF793F8A16823684A004D
:104240005218D2009B18174AD8331A60002003F086
:104250006FF82073002003F06BF8237B40B260738B
:1042600018430437000604D4002004B080BCB846CC
:10427000F0BD2800FFF74EFF06204042F5E7C0469C
:10428000BC0900204C0800004C85001078C001409B
:10429000FFFFFF9F78D001403820000018771C24D2
:1042A0000000E0AF01E00000F0B557464E46DE46A4
:1042B0004546E0B585B00F001E000292002900D1EE
:1042C00025E1964BC458964B21689C466144090DE4
:1042D00006311820C9B2FCF715F8914B21689C46AD
:1042E0006144090D06311D20C9B2FCF70BF801220B
:1042F00000211D20FCF720F8D02380221B06920409
:104300002068A1689A61002E00D121E1002F00D120
:10431000FBE00122CC2590468A40AC4603689343DB
:104320000360636899464B005B18DB00C218944435
:1043300062461268C31892464A4605321503039531
:10434000784DAB4655465A4615402A00039D154305
:104350002A004D46ED012A4365462A60724A94467A
:104360008022634412061A601A60802200235204DD
:104370000092019302F06EFEA36842469C4604231D
:1043800063449A409946802321689B01CB181A60A8
:1043900062464046083290406246029D1860920094
:1043A000EB008A18013B136163465B006344DB004A
:1043B0005E48CB18D83318600E98401BC0000138F7
:1043C00010611F205A4AA0251A606268ED0502405C
:1043D0001A600C224346A256564893402B50564B27
:1043E0008020984692014244400413680342FCD165
:1043F00050480D2280460123A256A02093404546F6
:10440000C00543514C4B80209846920142444004E1
:1044100013680342FCD10C20414B2056CA18634656
:10442000C502A846120DD200444D9B18DB039A46E4
:104430002B0045461D4003932B0055461D432B0082
:104440003F4D80011D434B46AB46A0259B0098463F
:10445000ED05AA464546504407604F195D46029B4C
:1044600047609B088360C5600D202056039D4A4429
:10447000C7022F40D2030E9D3A43324F80013A4388
:10448000AF08FF1A434610335044CB180360029B19
:10449000F318436087600123C260604683400A6866
:1044A00013430B600C22284B80219C46A2564904E2
:1044B0009201624413680B42FCD10D22224B8021F1
:1044C0009C46A25649049201624413680B42FCD1F7
:1044D00000213000029AFDF70BFF2068A1684B0015
:1044E0005B18DB00C018194BD83003608022D02342
:1044F00092041B065A61FFF7FDFD002005B0F0BCD9
:10450000BB46B246A946A046F0BD370001E7002BE6
:1045100000D0D6E605204042F0E7C0464C08000037
:104520000000E0AF7F00FEFFD01000002060000020
:1045300040600000440400000C000050FD7F00FFBC
:1045400019004000290040001000005003A00000A6
:10455000002FC4D00122CC2590468A40AC46036887
:1045600093430360636899464B005B18DB00C218F5
:10457000944462461268C31892464A4601321503B3
:1045800003954A4DAB4655465A4615402A00039DB1
:1045900015432A004D46ED012A4365462A60444AE8
:1045A000454694468022634412061A601A608022AF
:1045B000002352040092019302F04CFD4246A06891
:1045C0002168031D9A409C4680239B01CB181A60EA
:1045D0000200083295401D60029B8200DB008A18B1
:1045E000013B136143001B18DB00324DCB18D8335D
:1045F0001D6016611F26304A304D1A6062683240D5
:104600001A600C224646A256A0239640DB055E5156
:104610002B4B80269846920142447604136833421D
:10462000FCD10C22274BA256CB181B0D264DDB00CC
:10463000D6021B182E40DB033343244E92011E4347
:10464000029B9D08A023DB05984663469B004244DD
:10465000CB1817605360012383409560D6600A68C9
:1046600013430C220B601A4B80219C46A25649042E
:104670009201624413680B42FCD10122A3682168B5
:1046800018339A408A608B681A42FCD00122A168D4
:1046900020688A4003689343036000231822009334
:1046A000013302F02DFD2068A16818E77F00FEFFAE
:1046B000D0100000206000004060000044040000B2
:1046C0000C0000500000E0AFFD7F00FF190040002B
:1046D0001000005010B51720FBF7B4FED024802343
:1046E00024061B040022012163621720FBF724FE2D
:1046F0001820FBF7A7FE80235B0463621920A361E7
:10470000FBF7A0FE80239B046362636110BDC0467B
:1047100070B5D024802524062D04A561142002F054
:104720007BFF6561FA2002F077FF1820FBF78AFE15
:1047300080235B04A36270BD002300B585B00393A2
:104740000C4BD2021A400823090711430A4A00936E
:104750000A4302AB52BA002102920422FFF7A4FDE1
:10476000002803D1039840BA05B000BD052040429F
:10477000FAE7C04600F8FF0F0400004010B5134BE5
:10478000D2021A400B071A43114B8AB013434C1E36
:104790000493634263411B01083300930422002108
:1047A00004ABFFF781FD00280CD1631E9C4103235D
:1047B000082261429943053102AB89009B18585881
:1047C0000AB010BD05204042FAE7C04600F8FF0FCE
:1047D0000400004010B5134BD2021A400B071A43D5
:1047E000114B8AB013434C1E0493634263411B0177
:1047F000083300930422002104ABFFF755FD002885
:104800000CD1631E9C410323082261429943053168
:1048100002AB89009B1858580AB010BD05204042D1
:10482000FAE7C04600F8FF0F0200004010B5134B36
:10483000D2021A400B071A43114B8AB013434C1E85
:104840000493634263411B01083300930422002157
:1048500004ABFFF729FD00280CD1631E9C41032304
:10486000082261429943053102AB89009B185858D0
:104870000AB010BD05204042FAE7C04600F8FF0F1D
:1048800001000040F0B55BBADE4657464E4645464D
:10489000E0B5744CD202224009071143724A85B038
:1048A0000A430393714B02A9C458714B8A4652BA0A
:1048B0009C46216818206144090D0631C9B2029254
:1048C000FBF720FD6A4B21689C466144090D0631C7
:1048D0001D20C9B2FBF716FD012200211D20FBF7A8
:1048E0002BFDD023802201271B0692049A613A00F7
:1048F000A16820688A4003685E4D93430360636843
:10490000A9469C464B005B18DB00C618CC363268C3
:10491000C3189046624601321203934645464A4602
:1049200015402A005D4615432A006546ED012A43DD
:104930003260514A3D0094468022634412061A6058
:104940001A608022002352040092019302F082FB3D
:104950003A00A0688023061DB24021689B01CB1855
:104960001A600200083295401D603F2382008A18B9
:10497000136143001B18DB00404DCB18D8331D607A
:10498000002515613E4A1F351A6062682A401A6088
:104990000C22A256A02397403A4DDB055F513A4BBB
:1049A00080279C46920162447F0413683B42FCD1FD
:1049B0000C222F4BA256CB181B0D344DDB00D70217
:1049C0001B182F40DB033B43314FB6001F439301BD
:1049D000A022D2059446524663441A6002228E19E0
:1049E0005E609A60DF60012383400A6813430C22F3
:1049F0000B60284B80219C46A256490492016244D8
:104A000013680B42FCD10122A368216818339A4035
:104A10008A608B681342FCD00122A16820688A401A
:104A2000036893430360002318220093013302F0CC
:104A300067FBA16823684A005218D2009B18164AE7
:104A4000D8331A60D02380221B0692045A61FFF7E4
:104A500051FB002005B0F0BCBB46B246A946A046BB
:104A6000F0BDC04600F8FF0F040000C04C08000075
:104A70000000E0AF7F00FEFFD010000020600000CB
:104A800040600000440400000C000050FD7F00FF67
:104A9000190040001000005003A00000F0B5DE46F1
:104AA00057464E464546E0B585B002ACA246724C2C
:104AB000D202224009070A43704901270A430292A1
:104AC000524653606E4B6F4DC4586F4B21689C46E5
:104AD0006144090D06311820C9B2FBF713FC6A4B7B
:104AE00021689C466144090D06311D20C9B2FBF7BF
:104AF00009FC012200211D20FBF71EFCD02380228F
:104B00001B0692049A613A00A16820688A400368F3
:104B1000A9469343036063689C464B005B18DB0027
:104B2000C618CC363268C31890466246013212036A
:104B3000934645464A4615402A005D4615432A00DD
:104B40006546ED012A433260504A3D00944680227A
:104B5000634412061A601A608022002352040092F5
:104B6000019302F077FA3A00A0688023061DB24054
:104B700021689B01CB181A600200083295401D6025
:104B80003F2382008A18136143001B18DB00404D4D
:104B9000CB18D8331D60002515613E4A1F351A60B9
:104BA00062682A401A600C22A256A02397403A4D10
:104BB000DB055F51394B80279C46920162447F049C
:104BC00013683B42FCD10C222F4BA256CB181B0D75
:104BD000334DDB00D7021B182F40DB033B43314F23
:104BE000B6001F439301A022D20594465246634467
:104BF0001A6002228E195E609A60DF600123834092
:104C00000A6813430C220B60274B80219C46A25656
:104C100049049201624413680B42FCD10122A3684B
:104C2000216818339A408A608B681342FCD00122B5
:104C3000A16820688A400368934303600023182218
:104C40000093013302F05CFAA16823684A0052180D
:104C5000D2009B18154AD8331A60D02380221B0635
:104C600092045A61FFF746FA002005B0F0BCBB463B
:104C7000B246A946A046F0BD00F8FF0F040000C0F0
:104C80004C0800007F00FEFF0000E0AFD0100000E5
:104C90002060000040600000440400000C00005050
:104CA000FD7F00FF190040001000005003A000002D
:104CB000F0B5DE4657464E464546E0B585B002ACF7
:104CC000A246724CD202224009070A4370490127CA
:104CD0000A430292524653606E4B6F4DC4586F4B5D
:104CE00021689C466144090D06311820C9B2FBF7C2
:104CF00009FB6A4B21689C466144090D06311D2061
:104D0000C9B2FBF7FFFA012200211D20FBF714FBBB
:104D1000D02380221B0692049A613A00A168206881
:104D20008A400368A9469343036063689C464B002E
:104D30005B18DB00C618CC363268C3189046624652
:104D400001321203934645464A4615402A005D4605
:104D500015432A006546ED012A433260504A3D0062
:104D600094468022634412061A601A60802200234F
:104D700052040092019302F06DF93A00A06880237A
:104D8000061DB24021689B01CB181A600200083250
:104D900095401D603F2382008A18136143001B1851
:104DA000DB00404DCB18D8331D60002515613E4A0D
:104DB0001F351A6062682A401A600C22A256A0238E
:104DC00097403A4DDB055F51394B80279C46920155
:104DD00062447F0413683B42FCD10C222F4BA25645
:104DE000CB181B0D334DDB00D7021B182F40DB0304
:104DF0003B43314FB6001F439301A022D205944696
:104E0000524663441A6002228E195E609A60DF6027
:104E1000012383400A6813430C220B60274B802137
:104E20009C46A25649049201624413680B42FCD18D
:104E30000122A368216818339A408A608B68134264
:104E4000FCD00122A16820688A4003689343036074
:104E5000002318220093013302F052F9A16823685D
:104E60004A005218D2009B18154AD8331A60D02332
:104E700080221B0692045A61FFF73CF9002005B01E
:104E8000F0BCBB46B246A946A046F0BD00F8FF0FF5
:104E9000020000C04C0800007F00FEFF0000E0AFF1
:104EA000D0100000206000004060000044040000BA
:104EB0000C000050FD7F00FF190040001000005062
:104EC00003A00000F0B5DE4657464E464546E0B525
:104ED00085B002ACA246724CD202224009070A43B6
:104EE000704901270A430292524653606E4B6F4D40
:104EF000C4586F4B21689C466144090D0631182047
:104F0000C9B2FBF7FFF96A4B21689C466144090D61
:104F100006311D20C9B2FBF7F5F9012200211D2041
:104F2000FBF70AFAD02380221B0692049A613A000A
:104F3000A16820688A400368A946934303606368B8
:104F40009C464B005B18DB00C618CC363268C31891
:104F50009046624601321203934645464A46154042
:104F60002A005D4615432A006546ED012A4332605A
:104F7000504A3D0094468022634412061A601A602B
:104F80008022002352040092019302F063F83A0059
:104F9000A0688023061DB24021689B01CB181A60CF
:104FA0000200083295401D603F2382008A18136179
:104FB00043001B18DB00404DCB18D8331D60002583
:104FC00015613E4A1F351A6062682A401A600C2239
:104FD000A256A02397403A4DDB055F51394B8027FD
:104FE0009C46920162447F0413683B42FCD10C2230
:104FF0002F4BA256CB181B0D334DDB00D7021B18CD
:105000002F40DB033B43314FB6001F439301A022E7
:10501000D2059446524663441A6002228E195E609D
:105020009A60DF60012383400A6813430C220B60FF
:10503000274B80219C46A256490492016244136882
:105040000B42FCD10122A368216818339A408A6080
:105050008B681342FCD00122A16820688A40036853
:1050600093430360002318220093013302F048F8B1
:10507000A16823684A005218D2009B18154AD833F9
:105080001A60D02380221B0692045A61FFF732F87F
:10509000002005B0F0BCBB46B246A946A046F0BD14
:1050A00000F8FF0F010000C04C0800007F00FEFF69
:1050B0000000E0AFD0100000206000004060000061
:1050C000440400000C000050FD7F00FF1900400068
:1050D0001000005003A00000F0B5DE1C1D000323EB
:1050E000040083B09E43012924D024230420164FBA
:1050F000D2023A4009072A430A4380210430C905F5
:1051000080000A43201804364260002100960422E1
:105110002000E318FFF7C8F8061E0FD12100089BF6
:105120002831994203D02A001800FDF7E7F8300033
:1051300003B0F0BD002010361133D8E70521034835
:105140004942FEF755FFF2E700F8FF0F407F0010DD
:10515000F0B557464E464546DE46E0B50F00032102
:105160008BB002921A0003338B4306009846022F3D
:1051700022D0029B27493F07DB020B4017431F4306
:10518000C023300044461B0614993B4328300434A6
:105190007362884201D0FDF7B1F83100002322008C
:1051A000300024310093FFF77FF80BB0F0BCBB4612
:1051B000B246A946A046F0BD174B184C9A460823A4
:1051C000994618339B46434604AD9046039305E049
:1051D0005A466B681A4218D1013C10D353462B60D3
:1051E0004B460422009300212B003000FFF75CF8AF
:1051F0000028EDD0039B42469846002CB9D10848C0
:10520000FEF772FE06204042CFE7039B42469846D7
:10521000F3E7C04600F8FF0F04400040E70300003A
:1052200074810010836870B5CC0B0500E403A342C1
:105230000DD0802263405204934219D2FF221204FF
:1052400013420CD1FF221202134201D1AC6070BD97
:10525000012128000A4A230AFFF734FEF6E7230C4F
:1052600001212800074AFFF72DFEAB686340E9E7FC
:10527000230E0121044AFFF725FEAB686340DDE7FA
:105280000A0001000B0001000C000100F0B5C64649
:10529000033083089C4600B58E1E002B1BD0013BBB
:1052A000072B57D933000B435B0753D1C008C40009
:1052B00032000B00A0460F1930CB30C2BB42FBD1ED
:1052C0004000844507D04346CA5ACB185B881B046C
:1052D00013434246B35073885BBA73808B1C1A68C1
:1052E00013BA73608B1D186803BAB3600B000A33DE
:1052F0001B681BBAF3608A23DB059A4203D0300097
:1053000080BCB846F0BD80231B059842F7D10B0046
:105310000A000D00B232AE3310681B882E352A69A0
:105320001C18944222D83A31C9180818814246D232
:105330000027002404E0DD2A1CD0C91888422CD99B
:105340004B780233CA189042F7D30A78302AF2D148
:105350000C00F2E7634632009800301893885488B6
:105360001B04234308C28242F8D1B4E701235B4205
:10537000B360C4E78A1C90468A78002ADDD1424691
:105380005278502AD9D142469278F22AD5D1424653
:10539000D278012AD1D10F00CFE7631E9C41A4002F
:1053A000002F01D002221443AA8BD20601D501227C
:1053B00014438422B15CB1520432B4549FE70024F8
:1053C000F2E7C046F0B5C6460E0005000B0000B57A
:1053D00001211A4AFFF776FD330001212800174A00
:1053E000FFF770FD002E25D00323032798464024A5
:1053F0000BE0012002F010F9013C330001212800EC
:105400000E4AFFF75FFD002C0FD0012128000B4A48
:10541000FFF70CFA0028ECDB42460240BA42E8D122
:10542000FF28E6D080BCB846F0BD31000448FEF746
:10543000DFFDF7E7012300279846D8E71F000100AA
:105440005C7F0010F0B5D6464F464646C0B5C37CDB
:1054500005000F00924682B0002B05D1006801F0D4
:1054600041FC012800D097E0280001F041FCAB7C12
:10547000002B05D101212800FFF7A4FF0123AB7405
:10548000EB7C002B00D16EE0FA24A40003E0013C89
:10549000002C00D180E0082200212800FFF76EF9DF
:1054A000431CF4D0C30500D4BFE0C02203035B0D4E
:1054B000591ED200914200D3B1E0800700D5AEE082
:1054C0002C0028340022022128000094FFF704FE5B
:1054D00000283BD1298D6A8D0B00134300D1A4E035
:1054E0000123EB74604B9C460B005340634500D096
:1054F000A1E0D24392B2914200D099E00B2900D8AA
:10550000A0E0237AAB730F2362791340022B23D8D8
:10551000627A944666466A7BB21AD2B2142A3ED99F
:105520000C291DD0012B3CD0022B60D01B2900D8A8
:1055300094E0E3792D8AE3185A89954200D08AE0F5
:10554000524610331C1B0C1B3C60136002B0E0BCC5
:10555000BA46B146A846F0BD0B2040420C29F5D111
:1055600004204042F2E7042200212800FFF732F92C
:1055700083B298463D4B040099461B88434502D0B0
:10558000862303422DD14346002B42D14B4642464F
:105590001A80A40600D577E701204042D6E76E7353
:1055A000BEE710295DD9E379E318DA789200043276
:1055B0009B181A7B1C1B091B882A46D15A7B6C2A14
:1055C00043D1DA7C002A3AD11A7D102A37D15A7D8C
:1055D000182A34D152461839183339600120136023
:1055E000B4E70104090C2248FEF702FDCBE71029BD
:1055F0002ED9E2790220A218D3789B000433D31865
:1056000092781C1BD2070C1B144352463C6013605B
:105610009CE7042200212800FFF74AFBB6E701239C
:1056200001212800134AFFF74DFC0023EB74B3E778
:10563000022040428AE71048FEF7DAFCACE70A2075
:10564000404283E70320404280E7092040427DE753
:10565000072040427AE70620404277E70520404293
:1056600074E70820404271E7FFFF00003214002079
:10567000807F00100D000100AC7F0010F0B5DE4609
:10568000574645464E460400E0B585B09A468846E2
:10569000934601F02DFBA37C002B05D101212000B6
:1056A000FFF790FE0123A374A37B002B24D02F4F80
:1056B0002F4EBB6A99460EE0A17B002903D1237BC4
:1056C000627B9A421CD14B46ED1AB54245D8FA206E
:1056D000800001F073FF200003AA02A9BD6AFFF752
:1056E000B1FE0128E8D103990298FFF7CFFD010030
:1056F000200001F003FBDFE7237B627B9A42D6D0D8
:105700005A4651460C3292B20A80D2430B714A80FB
:10571000524641465171002251468A7141468E1EC1
:10572000711E8E41012176428E43514601330E3661
:105730000A814A81CE7123735B4603320F33934350
:105740000091002202212000FFF702FD05B0F0BC0D
:10575000BB46B246A946A046F0BD637B227B054806
:10576000FEF746FC02204042F0E7C04600400540FC
:1057700040420F00D87F0010F0B557464E464546D0
:10578000DE46E0B5294E9246B76A9846284AB36A83
:105790000500894683B0DB1B93422ED8254B9B46E0
:1057A00010E0022820D0002803DB01005846FEF755
:1057B0001FFCFA20800001F001FFB36A1C4ADB1BCA
:1057C00093421AD86946280001AAFFF73BFE041E3F
:1057D00023D00128E5D101990098FFF757FD01007A
:1057E000280001F08BFAE4E70099019B4A00286841
:1057F0005208C90F01F040FFDBE7434652464946D5
:1058000002240D48FEF7F4FB6442200003B0F0BC14
:10581000BB46B246A946A046F0BD009A424500D913
:10582000424601990C9802F0CFF9EEE7004005409E
:105830003F420F00FC7F001028800010F0B5CE46DC
:10584000474680B5060083B004000800170089466B
:1058500002F06EFA431C9846443605001A00494689
:105860003000FCF74BFD4346F2183B0A17705370AB
:105870003B0C3F0E9370D7702A00802321326F1D9E
:105880001B019A4220D80822238AFF3201339BB29F
:1058900090466263063AFF3A23821B041343E36394
:1058A00000232A002364230000212000A76315326F
:1058B0002833FFF7E3FE002806D13B0042460221D1
:1058C00020000096FFF758FF03B0C0BCB946B046B1
:1058D000F0BDC046F0B5CE46474680B5060083B061
:1058E0000400080099468846170002F021FA443661
:1058F000451C3A004946701902F066F92A004146F3
:105900003000ED19FCF7FAFC2A0080231C321B0141
:105910009A4220D8218A0A9B013189B21B03218235
:105920000904194302231943002308272364230091
:10593000FF37E163200000216763A56328330C3A39
:10594000FFF79CFE002806D12B003A000221200020
:105950000096FFF711FF03B0C0BCB946B046F0BDDA
:10596000836870B5CE0B04000D00F6039E420DD087
:10597000802273405204934239D2FF221204134210
:105980002CD1FF221202134221D1A66080226D0485
:105990006D0C12022A4301212000FEF747FFC025AB
:1059A000A36806006D05AB420FD080226B40520405
:1059B000934238D2FF221204134228D1FF2212024E
:1059C00013421CD1C0235B05A360300070BD0121D0
:1059D0002000194A330AFFF775FAD6E7330C012184
:1059E0002000164AFFF76EFAA3687340C9E7330E2A
:1059F0000121134AFFF766FAA3687340BDE7C0238D
:105A0000012120000C4A5B03FFF75CFADAE7C023B0
:105A10000A4A5B0101212000FFF754FAC023A26863
:105A20005B055340CAE7182301212000044AFFF711
:105A300049FAA3686B40BDE70A0001000B000100B2
:105A40000C000100F0B5C646CE0B0D0081680400C5
:105A500090461F0000B5F6038E420DD080237140A2
:105A60005B04994266D2FF231B04194259D1FF23DC
:105A70001B02194225D1A660802243466D046D0C9D
:105A800012022A43012B23D03B0001212000FFF703
:105A900005F8C025A3686D05AB420FD080226B408E
:105AA000520493421AD2FF221204134222D1FF223F
:105AB000120213422DD1C0235B05A36080BCB846FF
:105AC000F0BD012120001F4A330AFFF7FBF9D2E79E
:105AD0003B0001212000FFF7F5F9DAE718231A4A05
:105AE00001212000FFF7EEF9FF22A36812046B40AA
:105AF0001342DCD0C023154A5B0101212000FFF7CF
:105B0000E1F9C023A2685B055340FF221202134251
:105B1000D1D0C023012120000A4A5B03FFF7D2F94C
:105B2000C9E701212000094A330CFFF7CBF9A1682E
:105B300071409CE70121044A330EFFF7C3F9A168C5
:105B4000714090E70A0001000C0001000B00010009
:105B5000F8B5CE46474604000D0080B5012900D1B6
:105B6000E4E1D74BC82798463F02C02641462000B3
:105B7000FFF758FB3A0001212000FEF757FEA3680B
:105B80007605B34212D0802273405204934200D370
:105B9000E7E0FF221204134200D0EFE0FF221202DE
:105BA000134200D0FAE0C0235B05A3604146200009
:105BB000FFF738FB3A0001212000FEF737FEC02234
:105BC000A368520506009146934212D053408022AA
:105BD0005204934200D39EE1FF221204134200D0EC
:105BE0008DE1FF221202134200D080E1C0235B0549
:105BF000A360F60700D4A1E1012D00D19BE1B14DD6
:105C0000B14E31002000FFF70DFB03232A000121D4
:105C10002000FFF757F9C022A3685205914693422E
:105C200012D0534080225204934200D354E1FF2209
:105C30001204134200D037E1FF221202134200D0B7
:105C40002AE1C0235B05A36031002000FFF7EAFAD8
:105C50002A0001212000FEF7E9FDC022A3685205B9
:105C60009146934212D0534080225204934200D373
:105C700007E1FF221204134200D0F6E0FF221202D5
:105C8000134200D0E9E0C0235B05A3604146200039
:105C9000FFF7C8FA3A00C027002301212000FFF7D0
:105CA00011F9A3687F05BB4212D080227B405204C9
:105CB000934200D3C8E0FF221204134200D0B7E0A1
:105CC000FF221202134200D0AAE0C0235B05A360AA
:105CD000C027012001F0A0FC31002000FFF7A2FA4C
:105CE00001232A0001212000FFF7ECF8A3687F05BB
:105CF000BB4211D080227B405204934200D386E005
:105D0000FF221204134200D075E0FF221202134258
:105D100069D1C0235B05A36031002000FFF782FA40
:105D20002A00C02501212000FEF780FDA3686D0533
:105D3000AB420FD080226B40520493424AD2FF22E2
:105D4000120413423AD1FF22120213422ED1C02371
:105D50005B05A360012001F05FFCC0BCB946B04602
:105D6000F8BD1823594A01212000FFF7ABF8FF22A4
:105D7000A36812047340134200D10FE7C023544AB2
:105D80005B0101212000FFF79DF8C023A2685B059D
:105D90005340FF221202134200D104E7C023012125
:105DA00020004C4A5B03FFF78DF8FCE6C02301217D
:105DB0002000484A5B03FFF785F8C8E7C023444A40
:105DC0005B0101212000FFF77DF8C023A2685B057D
:105DD0005340B8E71823012120003C4AFFF772F82E
:105DE000A3686B40ABE7C02301212000394A5B0365
:105DF000FFF768F88DE7C023354A5B0101212000D9
:105E0000FFF760F8C023A2685B0553407DE71823C5
:105E1000012120002D4AFFF755F8A3687B406FE76A
:105E2000C023012120002B4A5B03FFF74BF84CE70E
:105E3000C023274A5B0101212000FFF743F8C0235C
:105E4000A2685B0553403BE71823012120001F4A4D
:105E5000FFF738F8A3687B402DE7C023012120001D
:105E60001C4A5B03FFF72EF80DE7C023184A5B01BD
:105E700001212000FFF726F8C023A2685B055340EC
:105E8000FCE61823114A01212000FFF71BF84A46BF
:105E9000A3685A401300ECE6C023012120000D4AFC
:105EA0005B03FFF70FF8CCE6C023094A5B01012131
:105EB0002000FFF707F8C023A2685B055340BBE64C
:105EC0000048101808C40000084410180C00010015
:105ED0000B0001000A00010018231A4A01212000CA
:105EE000FEF7F0FF4A46A3685A4013009FE6C0231E
:105EF00001212000144A5B03FEF7E4FF76E6C0238D
:105F0000124A5B0101212000FEF7DCFFC023A268DA
:105F10005B05534065E618230A4A01212000FEF77D
:105F2000D1FF4A46A3685A40130055E6B827084BEC
:105F30003F02984619E6074D074E62E60748FDF70F
:105F4000D3FF59E60C0001000A0001000B0001001C
:105F50000038101808B400000834101850800010E1
:105F60008022002352008281034A01608360837390
:105F7000036183507047C0464C08000010B5FEF71F
:105F8000C9F810BD10B5040082B06946200001AA0E
:105F9000FFF758FA431C14D0031DF6D0012812D085
:105FA0000228F2D10099019B4A0020685208C90FCB
:105FB00001F062FB6946200001AAFFF743FA431C87
:105FC000EAD102B010BD01990098FFF75FF9010016
:105FD000200000F093FED8E7F0B50227C6469846A9
:105FE0004B001F40802300B516001C32040082B015
:105FF0004D081B019A422BD83304008A1B0CA36363
:10600000089B013080B21B0320823B430004034302
:10601000E36320000023320041462364656344307B
:1060200001F0D2FD2300320000212000283310327D
:10603000FFF724FB002807D143462A0000933900CC
:1060400033002000FFF798FB02B080BCB846F0BDDB
:1060500005204042F8E7C04610B50400002909D0E9
:10606000837C002B00D110BD002300218374FFF737
:10607000A9F9F8E700F03CFEA37C002BF3D1012145
:106080002000FFF79FF90123A374ECE7F0B5C646A3
:106090000700040000B54437142282B00E00380017
:1060A0001749FCF72BF9238A832201339BB2238201
:1060B0001B04E363002323642300520062639046C1
:1060C000F23AA2630021200028331032FFF7D6FAFB
:1060D000051E0DD114234246002120000097FFF732
:1060E0004BFB051E09D1062239003000FCF706F9EA
:1060F000280002B080BCB846F0BD02256D42F7E72B
:1061000034F80310F0B55746DE464E464546E0B536
:10611000B14B89B09B6A040043600F00FEF730F872
:10612000002812D1FEF7D6FA0A25FEF7F1FAAB4E97
:10613000142200212000FEF7FFFAB04212D0012005
:10614000013D01F069FA002DF2D1A548FDF7CCFE22
:1061500006256D42280009B0F0BCBB46B246A946F0
:10616000A046F0BD0022002120009E4BFEF78AFBD6
:106170000028EAD1002200212000FEF7FFFA1023B8
:106180001D2200212000FEF79DFE0028DDD199236D
:10619000042200212000FEF795FE0028D5D1BE2361
:1061A000062200212000FEF783FD0028CDD1082320
:1061B000012120008C4AFEF785FE0A254026012198
:1061C0002000894AFEF732FB064209D10120013D39
:1061D00001F022FA002DF2D18448FDF785FEB7E7E1
:1061E0000023814A01212000FEF76CFE2000804937
:1061F000FFF718F8B822C025012120001202FEF78F
:1062000015FBA3686D05AB4212D080226B4052048F
:10621000934200D3E4E2FF221204134200D0D3E2FF
:10622000FF221202134200D0C6E2C0235B05A36026
:1062300020006F49FEF7F6FFB8220121200012026C
:10624000FEF7F4FAC026A36805007605B34212D023
:10625000802273405204934200D3A4E2FF2212042E
:10626000134200D093E2FF221202134200D086E2D2
:10627000C0235B05A360ED0700D497E320005D49D0
:10628000FEF7D0FFC822C025012120001202FEF730
:10629000CDFAA3686D05AB4212D080226B40520448
:1062A000934200D3EFE2FF221204134200D0DEE259
:1062B000FF221202134200D0D1E2C0235B05A3608B
:1062C00020004C49FEF7AEFFC82201212000120237
:1062D000FEF7ACFAC026A36805007605B34212D0DB
:1062E000802273405204934200D3AFE2FF22120493
:1062F000134200D0D8E2FF221202134200D0CBE2B8
:10630000C0235B05A360ED0700D453E30221200006
:10631000FFF71EFC0323042220003749FFF792FBFE
:106320000023042220003549FFF78CFB344B354A0B
:106330009A46354B53449A5A9146FA225200914557
:1063400000DBC7E0314A9B5C002B00D0C2E04B462B
:10635000502B00DCBEE03A002D4B2E4E4F46A0469F
:1063600050251C009146564403E00135AF4200DC45
:10637000B0E009222100701B01F0A6FC0028F4D136
:1063800040235B4253449B4680231B024F46994661
:10639000214B444600269846350020002900FEF790
:1063A00041FF4B466A04520C1A435B4640369B1928
:1063B0000093012140232000FEF7CAFE002800D0F0
:1063C000D3E14645E8D1154BBB469946002327004B
:1063D00003901C0043E0C04600400540ADBEEDFE0A
:1063E000C0800010B30402000E00010014810010F0
:1063F00000381018004810181040001844400018C9
:10640000608500100E0300009E6803000D0300006D
:10641000E0800010AB6B0300C06B030038F5031085
:10642000FF22120413423FD1FF221202134249D12C
:10643000F023DB02BB604B46802276041B19403BF5
:10644000760C1202009301212B0038003243FEF734
:106450007FFE002842D1C0239B009C423ED0BA253B
:106460002600AD0040341723A542AD419D43E14BCA
:10647000F0229C46BB68D202904640356644934267
:10648000D9D05340802252049342C9D30023DA4A20
:1064900001213800FEF716FD4246BB685A40130042
:1064A000FF2212041342BFD00723D44A012138002F
:1064B000FEF708FDF023BA68DB025340FF22120208
:1064C0001342B5D0F02301213800CD4ADB00FEF79E
:1064D000F9FCADE7CB48FDF707FD39E63C00CA4BB8
:1064E00004222000C949039DFFF7ACFA01212000D6
:1064F000FFF72EFB2000C649FFF732FA03235F4661
:106500000340012B00D032E12000C249FFF728FAF6
:10651000C00700D52FE1FA268023B600984606E092
:106520000120013E01F078F8002E00D134E2012173
:106530002000B94AFEF77AF943460342F0D0F0232F
:1065400004222000B549FFF77DFA20230121200015
:10655000B34AFEF7B7FCFA262023B600984606E0B9
:106560000120013E01F058F8002E00D119E2082266
:1065700000212000FEF702F943460342F0D001213A
:10658000A84A2000FEF752F90222C3B213430121A8
:10659000A44A2000FEF796FC0823F02200212000E8
:1065A000FEF790FC022301219B4A2000FEF78AFCA3
:1065B000012120009C4AFEF739F9C30700D483E18A
:1065C0000F230121994A2000FEF77CFC00230121C2
:1065D000964A2000FEF776FC0121944A2000FEF73F
:1065E00025F9042200212000FEF7F4F8C30700D5A6
:1065F00073E1C026A3687605B34212D080227340AF
:106600005204934200D3BEE1FF221204134200D091
:10661000ADE1FF221202134200D0A0E1C0235B05CE
:10662000A360C02601212000814AFEF7A7F8A368D5
:106630007605B34212D0802273405204934200D3B5
:106640007CE1FF221204134200D06BE1FF22120210
:10665000134200D07BE1C0235B05A360200000F063
:1066600047FBA37C002B05D101212000FEF7AAFEE9
:106670000123A3746F4B26001900443608222C31E5
:1066800030009846FBF73AFE6B4BF622DB21E364C1
:10669000200000239200890251442265636558302E
:1066A0009946FBF72BFE0822FF3292466263FC22DA
:1066B00092009346A2630222238A002101339BB2F7
:1066C00023821B041343E3634B4623642833994618
:1066D0008022A1444B462000D200FEF7CFFF0028C5
:1066E00006D15B465246022120000096FFF744F88F
:1066F0004146132238313000FBF700FE238A832203
:1067000001339BB223821B04E363002352009246B1
:106710006263F33AA263236400214B4620001032E7
:10672000FEF7ACFF002806D11323524600212000BB
:106730000096FFF721F8636C002B00D0C0E0002228
:1067400020003E49FFF77AF8012220003C49FFF77C
:1067500075F8002F00D1C7E0002306220093200027
:106760003B003849FFF7B6F8F4E40500F2E4364898
:10677000FDF7BAFBC8E63448FDF7B6FBCBE6C0230D
:10678000012120001E4A5B03FEF79CFB70E5C0233D
:106790001A4A5B0101212000FEF794FBC023A26886
:1067A0005B0553405FE5182301212000124AFEF7E4
:1067B00089FBA368734051E5C02301212000104AE2
:1067C0005B03FEF77FFB30E5C0230C4A5B01012130
:1067D0002000FEF777FBC023A2685B0553401FE54E
:1067E000182301212000044AFEF76CFBA3686B40CC
:1067F00011E5C04614FD07000C0001000B0001006C
:106800000A000100EC800010BA0045FFFCFF070001
:1068100008341018003810180E0001002420001849
:10682000080001001E0001001F0001000F00010010
:106830000885000020F80310061002006C8000108C
:10684000788000109C8100104081001018230121E5
:1068500020005A4AFEF736FBA368734046E5C02382
:1068600001212000564A5B03FEF72CFB25E5C023DF
:10687000544A5B0101212000FEF724FBC023A268DB
:106880005B05534014E51823012120004B4AFEF715
:1068900019FBA3686B4006E5C02301212000484A8C
:1068A0005B03FEF70FFB2BE5C023464A5B0101218A
:1068B0002000FEF707FBC023A2685B0553401AE5E2
:1068C0004148FDF711FB3AE70123C0B20343012120
:1068D00020003E4AFEF7F6FA72E683B20422002157
:1068E0002000FEF7E5F984E642464346D26C4C337D
:1068F00006929B8806AE04AF39002000B380FFF7F4
:10690000C5FB002809D1049A069B9A4200D021E4D5
:10691000BA88B3889A4200D01CE43900002000F005
:1069200025FE19E7C023274A5B0101212000FEF75D
:10693000C9FAC023A2685B05534087E618230121EA
:1069400020001E4AFEF7BEFAA368734079E6C02312
:10695000012120001A4A5B03FEF7B4FA7BE6C0234C
:1069600001212000164A5B03FEF7ACFA56E6C0236D
:10697000144A5B0101212000FEF7A4FAC023A2689B
:106980005B05534045E61823012120000B4AFEF722
:1069900099FAA368734037E60D48FDF7A5FAFFF7AB
:1069A000D7FB0C48FDF7A0FAFFF7D2FB0A48FDF72A
:1069B0009BFA63E40848FDF797FAA7E40C0001008E
:1069C0000A0001000B000100848100101F0001007B
:1069D000548100106C81001050800010042210B50A
:1069E000038A82B001339BB24264038282631B0438
:1069F000023A1343C3630023A521036403004163E8
:106A00002833002112320400FEF738FE002808D196
:106A1000230044330093A522042302212000FEF723
:106A2000ABFE02B010BDC0461A2230B5134B83B086
:106A3000C518038A426301339BB20A320382826320
:106A40001B04223A1343C363002304000364290098
:106A500022324430FBF752FC230034220021200074
:106A60002833FEF70BFE002806D124231A22022128
:106A700020000095FEF780FE03B030BD280800001E
:106A8000F0B5040083B002293FD80600531E9A4196
:106A9000012744368F4055421D4908223000FBF73C
:106AA0002DFC4C2300221021FFB2E7540133E254A5
:106AB0000133E2540133E2543D400133E5540133E4
:106AC000E2540133E2540133E254238AA1630133D7
:106AD0009BB20E3923821B040B430825E36323007A
:106AE000FF35226400212000656328332032FEF741
:106AF000C5FD002806D110232A000221200000969F
:106B0000FEF73AFE002003B0F0BD01204042FAE754
:106B1000AC81001010B5006800F0E4F80138434281
:106B20005841C0B210BDC04610B5284B82B01B689A
:106B3000002B17D0264C2000FFF7ECFF00283CD19B
:106B4000244BE25C002A2BD1234BE25C002A1DD1AE
:106B5000224BE25C002A0CD1214B1B68002B03D096
:106B600000F0AEFC02B010BD01212000FFF774FA66
:106B7000F6E700222000E254FFF756FF0122194BEE
:106B8000E250174B1B68002BEAD1EDE700222000F2
:106B9000E254FFF723FF114BE25C002ADCD0E8E768
:106BA00000226921E254200000230092FFF714FA2A
:106BB000094BE25C002ACBD0E8E72000FFF7E2F9BE
:106BC000044BE25C002ABFD0EAE7C046000A00207E
:106BD000080A0020690800006B0800006A0800002D
:106BE000040A00205C08000070B58023D0258026B0
:106BF00004002D065B04AB6236040022002118203D
:106C0000F9F79AFB6E62002200211720F9F794FB36
:106C1000AE6121002000FFF7A3F9852200230321A4
:106C20001201A354064AA350064AA3501432A1529B
:106C3000054AA354054A13600122054BE25070BD7A
:106C4000580800005C08000072080000000A0020DC
:106C500068080000F8B5040000F09CFC1C4E336886
:106C6000002B32D00021200000F0F8FC0121200090
:106C700000F0F4FC2000FFF781F9D0258023802765
:106C80005B042D06AB620022002118203F04F9F7B7
:106C900053FB0022002117206F62F9F74DFB210002
:106CA0002000AF61FFF75CF9852200230321120168
:106CB000A354084A3360A350074AA3501432A15288
:106CC000064AA3540122064BE25000F06DFCF8BDC9
:106CD000000A0020580800005C080000720800004C
:106CE00068080000D0231B065868C001C00F704719
:106CF0003222014B1A607047040A0020754B70B5B0
:106D0000C35805000C00DB0712D46368452B05D07F
:106D1000312B07D8704A9B00D3589F466F4AAB5817
:106D2000012B38D06E4BEB586E4A934225D070BD84
:106D3000FAF706FC002928D0FA2200239200FAF77D
:106D400045FF0100684B62881800FDF751F9616842
:106D5000582900D98FE0654B8A00D358002B00D109
:106D600089E019006248FDF743F92E23E268E35CED
:106D7000A1686048FDF73CF9C7E70122584B0021A4
:106D80002800EA5000F06CFCD1E7FA218900FAF7FC
:106D9000DFFE0100D6E7A168082977D0504BEB58F9
:106DA0000029C1D10231A950BEE70122524B5348FC
:106DB000EA5200F08DFBB5E7A368062B71D0042BD7
:106DC00003D002229343082B5CD1E3680F2B59D1E7
:106DD000494B2BE0A368002BA4D1E368082BA1D179
:106DE0000222454BFF32E2E7A368002B9AD12E33F3
:106DF000E15C6388DB0761D5002965D18023384ACF
:106E0000DB00A9580B43AB508EE70021280000F0AF
:106E10002DFC0022324BEA5089E7A368002B00D0FA
:106E200080E7E368022B00D07CE7354B0122334832
:106E3000EA5400F04DFB2A4BEB5875E7A368002B92
:106E40001DD1274BEA580F2319001140042902D104
:106E50009A430E3B1A4380239B001343204AAB50B6
:106E600062E7A368002B00D15CE7032B20D002224D
:106E70001B4BEA505BE72348FDF7BAF875E7062B92
:106E800000D14FE70422164BEA5050E78623210039
:106E90001B01E8581C4B3031EB589847104BEB580E
:106EA00042E780230E4A1B01A9580B43AB503BE736
:106EB000E268002ADBD10A4AAB5038E7280000F02C
:106EC000D5FB074BEB582FE7280000F0C9FB044B1C
:106ED000EB5829E75408000094F803105808000004
:106EE0005C080000010E0000B48100105CF9031082
:106EF000C8810010D08100106A080000296B0010C2
:106F000069080000CC81001064080000F8B547460D
:106F1000CE46040080B50E00170000F03BFB204B6E
:106F200000211D6898462000002D0ED0FFF794F830
:106F30003A0031002000FFF7A3FD050000F034FB0C
:106F40002800C0BCB946B046F8BD00F087FB01215F
:106F5000200000F083FB85231B01E5548023D0250E
:106F60001B0499462D06AB61142000F055FB4B46DF
:106F700032206B6100F050FB00212000FFF7C2F8C7
:106F8000051EDBD1074B2000E118FFF77FF8322206
:106F9000054B06481A604346186000F099FAC7E7A7
:106FA000000A0020D3080000040A0020296B00100A
:106FB000F0B5CE46474680B58B79002B42D10523EC
:106FC000CB56002B01DB9A4239D1204B204CC31801
:106FD0001B0D9B009C46A146230064461B590D795E
:106FE00098460123AB40013B9340444646461C4033
:106FF000334221D1002D14D080260F68B6016300E2
:10700000FD5AB54200D2AD18131912339B001D5022
:107010000B790134A342F2D8012199400B00013BC6
:107020009340414619430B00604649460B501000FF
:10703000C0BCB946B046F0BD09204042F8E70B207D
:107040004042F5E714204042F2E7C0460000E0AFBE
:1070500098080020F0B5DE4657464E464546E0B556
:107060001600DC22924685B04B0002935B18DB00D1
:10707000C518AA445246834628001268CC300092B4
:1070800002682B0001921C4A802094460E9C6344A7
:1070900080021860002C1CD08023DB049946012359
:1070A00098463300D8352E0055469A46134F039123
:1070B0002000FAF71FFD4A46430113432B60534655
:1070C0004246C34013403B433360631E1C40EFD134
:1070D0000399029B5B18DB005B441A000099DC32C9
:1070E0001160019ACC331A6005B0F0BCBB46B246C1
:1070F000A946A046F0BDC046CC30000080E00000AC
:10710000F0B54E464546DE465746E0B583B0894663
:107110000CA984460D781F2A45D84946490088465F
:107120004944C900461837003400DC373868CC348D
:1071300083462068310001901C4880248246A402C6
:1071400051440C6069424D411E216D428D431849E6
:107150008A465544052B0CD9A0201F214005D8365E
:10716000540104430532053B3C600A403560052B61
:10717000F6D852019B06134342464A44D200624469
:107180001000DC3213600300D8331D605B461360CF
:10719000019BCC300360002003B0F0BCBB46B2467C
:1071A000A946A046F0BD05204042F5E7CC300000DE
:1071B0009FE00000F0B557464E464546DE469146F4
:1071C0003F4AE0B59B4680460D00022702239246C7
:1071D0003C4E87B03C4A0021944663443B4A1B0521
:1071E0002B609B0C9C183A4A3000944652466344EC
:1071F00000922200F9F796F9A04203DB001B44B28B
:1072000000060ED50123012F09D1002300202B6099
:1072100007B0F0BCBB46B246A946A046F0BD012768
:10722000D8E7F9F747F92B6805229C4643460390B7
:107230009A56284B284963441B0D9B0058584346D7
:1072400001211B799940013904912021CB1A002A90
:1072500014DB9A4225DC04999140084221D1414631
:107260006046FFF7A5FE00281BDB4B461C605B4613
:1072700018600398F9F72AF90120C9E7002B10DB01
:1072800062460499A446059201E0013B08D30A0036
:107290009A401042F9D11A00059B64469C46DEE7ED
:1072A00064460398F9F712F90A4B29689C46614431
:1072B000090D890030000919F9F778F9A2E7C046ED
:1072C0007C820010D009002001050000F8EBFFFFD0
:1072D000FBEBFFFF0000E0AF9808002070B5012530
:1072E000160002790C009540013D9D40F9F7E2F847
:1072F000074B084A9C466444240DA400A358AB43A2
:10730000A350F9F7E3F8A1190348F9F74FF970BD55
:107310000000E0AF98080020D009002010B5034B12
:1073200001001800F9F742F910BDC04630140020E2
:1073300010B5064B064C82B00100009300220B23CF
:107340002000F9F7EFF802B010BDC046A08200108F
:107350003014002003001149820151180868D90235
:1073600041400F4810B501400E48A024101801609C
:10737000012098400C4BE40518600C4B80211860EC
:107380000B4B4904E0500B4B9C46624413680B4284
:10739000FCD18023DB00E05010BDC046100000503F
:1073A00001780000101000500434005014340050D4
:1073B000440400000C00005010B5036801495B6AEA
:1073C000984710BDA0050020802010B54022074935
:1073D0004004F9F705F8012202211820F8F7D4FF3C
:1073E0000D200121F9F72AF9002010BD11740010B9
:1073F00010B5002202211820F8F7C6FF80200349AB
:107400004004F9F70FF8002010BDC04611740010B9
:10741000D0231B061B6810B55A4253412F225B42F2
:107420009343094A94466344DB6A9B0700D410BD2A
:10743000002202211820F8F7A7FF044B044918681E
:1074400003685B6A9847F2E730410140FC0900207D
:10745000A0050020154B70B51B680400002B0ED052
:10746000134D2A68002A01D0013A2A6098472B68F8
:10747000002B05D1236820000E499B69984770BDF9
:10748000FAF75EF800230C4A0A4D801859410200B1
:107490000B1E02DA0122094B5242EB6023682900DD
:1074A00020005B69AA609847E9E7C046000A00200F
:1074B000040A0020B005002050C30000FFFFFF7F3A
:1074C00010B5012202211820F8F75EFF10BDC0465A
:1074D000034B10B51868034903685B6A984710BDF1
:1074E000FC090020A005002010B504000848FFF7A3
:1074F0007BFB084B00221C602368200006491B69A7
:107500009847236820000549DB699847012010BD92
:10751000080A0020FC090020C9730010A005002003
:1075200070B50D4D04002B68002B13D003680B4978
:107530009B69984723680A491B6A2000984723687B
:1075400000221B690749200098470748FFF782FB84
:1075500000232B6070BDC046FC090020B005002050
:10756000A0050020F1730010080A002010B582B0B9
:1075700068460C00FCF750FD6B460622991C200063
:10758000FAF7BCFE012223789343022213432370AF
:1075900002B010BD034B10B5186803685B689847CC
:1075A00010BDC046FC090020034B10B518680368E5
:1075B0009B68984710BDC046FC09002070B5EFF3EA
:1075C0000583134A040000251668002B10D1F9F733
:1075D000B7FF02000B0012196B41002B04DB31686E
:1075E0003000096B884770BD01220A4B5242F6E712
:1075F000F9F7A6FF02000B0012196B41002B02DA0B
:107600000122044B524231683000C96A8847EAE7D8
:10761000FC090020FFFFFF7FF8B50E4B06001F6836
:10762000F9F78EFFFA2204000D00002392003000CB
:107630000021FAF707FE02000B0012196B41002B24
:1076400002DA0122044B524239683800C96A88477D
:10765000F8BDC046FC090020FFFFFF7F7047C04611
:1076600010B50148F8F70EFFC082001010B50148B0
:10767000F8F708FFC082001010B50148F8F702FFC4
:10768000C082001010B5303000F0B2FB10BDC04613
:107690000022452310B50C00CA54013BC85CF8F722
:1076A000DFFF2000383000F073FB0020002110BD08
:1076B000012310B504000B724333C05CF8F7D0FF10
:1076C0002000383000F064FB10BDC046F0B5304BF0
:1076D000D6464F4646461A685B6804009A462D4BCC
:1076E000904645259946C0B584B0200000F0E8F9E1
:1076F00006000F00F9F724FF32003B00121A8B41FD
:10770000002B29DD46452DD0635D002B08D0A26AF1
:10771000E36A30003900801A9941002927DC33D010
:10772000236C002B03DD216C206AF9F751FD012346
:10773000A662E76263550023206A02934B4632003B
:10774000009301943B00F9F783FC2064236C002B29
:107750000DDC00236355C8E7002BC6D1002AC4D036
:107760004645D1D15745CFD1236C002B05DC04B061
:10777000E0BCBA46B146A846F0BD216C206AF9F7D4
:1077800027FD00232364F2E70028C9D0EFE7C046B5
:107790000083001091760010F8B50600170030360F
:1077A000040030000D0000F023FB3800A847737977
:1077B0000500012B04D0300000F02AFB2800F8BDA2
:1077C0002000FFF783FFF6E770B544250400405D15
:1077D000002814D1236C002B03DD216C206AF9F7FB
:1077E000F7FC25003035280000F002FB280000F0EF
:1077F0000FFB482200212000FAF77AFD70BD00211E
:10780000F8F71CFF0449605DF9F756F8605DF9F779
:10781000ABF900236355DDE71D78001070B5EFF379
:1078200005830C4A2A3B9B009C58002C0DD0250058
:1078300030350021280000F0CBFA002805D06B7904
:10784000012B03D0280000F0E3FA70BD2000FFF701
:107850003DFFF7E7A408002010B5383000F0E0FA4B
:1078600010BDC0461000190010B5EFF30583002BC2
:1078700002D0F9F76FFE10BDF9F7E4FCFBE7C04654
:1078800010B530304379002B08D0D02300221B06DE
:107890009A560423C3569A4200D110BD0148F8F706
:1078A000F1FDC046E082001010B504003034637969
:1078B000012B03D0200000F0ABFA10BDFFF706FF4C
:1078C000F8E7C04670B506000D0004003036300001
:1078D00000F08EFA2900200000F0E0F8737905002E
:1078E000012B04D0300000F093FA280070BD200076
:1078F000FFF7ECFEF6E7C04670B506000D00040089
:107900003036300000F074FA2900200000F0B4F89E
:1079100073790500012B04D0300000F079FA2800BB
:1079200070BD2000FFF7D2FEF6E7C04670B5060036
:107930000D0004003036300000F05AFA2900200013
:1079400000F088F873790500012B04D0300000F0B6
:107950005FFA280070BD2000FFF7B8FEF6E7C046CA
:1079600070B506000D0004003036300000F040FA1B
:107970002900200000F05AF873790500012B04D08B
:10798000300000F045FA280070BD2000FFF79EFE91
:10799000F6E7C046FF230370002343607047C046EC
:1079A00070B504000D00442200210430FAF7A0FC59
:1079B0001B4B236003232383D0231B061B68A37662
:1079C0006868002828D02062200001220121383078
:1079D000F9F7EAF820003030F9F726F900202E7880
:1079E000F9F7CCF803000020002B14DB1900442524
:1079F0000C4A1A398900FF308C50184063550A49E7
:107A0000F8F736FE0121605DF8F718FE605D310081
:107A1000F9F73CF8012070BDF9F716FBD3E7C04633
:107A2000C0FA0310A40800201D7800108368002B02
:107A300004D107E01A68002A06D013008B42F9D15E
:107A4000002005E0030008331960002301200B60CB
:107A50007047C046020083680832002B04D109E059
:107A60001A001B68002B05D08B42F9D11B6801203E
:107A7000136000E0002070474368002B04D107E04A
:107A80001A68002A05D013008B42F9D1002004E0C7
:107A9000031D1960002301200B6070474368021D1D
:107AA000002B04D109E01A001B68002B05D08B4283
:107AB000F9D11B680120136000E000207047C04628
:107AC000F0B55746DE464646C0B53E4B82B01A6812
:107AD0005B680092019383688246002B2CD00823B8
:107AE00053449B46F9F72CFD53469B6804000D0058
:107AF0005F46002B20D000221E0094469846B268B4
:107B0000F36820002900801A9941002902DB140043
:107B10001D00BC4637003668002EF0D16246434651
:107B2000002A48D0116850460B6813604B6898478C
:107B300053469B68002BD5D153465C68002C29D056
:107B400000255646237A002B31D021006368257228
:107B5000300098472468002CF4D1B168B24600295F
:107B600018D0009C019D0E0003E004000D00002EC3
:107B70000ED0330022009868D9682B00121A8B416E
:107B80003668002BF1DCF2D1002AEED1002EF0D1C4
:107B900000940195009B019C52461800210013613E
:107BA000546102B0E0BCBB46B246A846F0BD2468B2
:107BB000002CC7D1D1E7190053465C68002CBFD117
:107BC000CFE7C04600830010F0B5C64600B5884236
:107BD00012D98C1884420FD98518032A58D8531EFD
:107BE000002A06D0DA43A418AD18E25CEA54013B3F
:107BF000FBD280BCB846F0BD032A0BD80500561E48
:107C0000002AF6D00023CC5C1A00EC5401339642D3
:107C1000F9D1EEE703250C002E00044303002640B3
:107C2000254232D10F2A4BD910271500BC460C0033
:107C3000103D2D092D01A8464519AC4427681F6049
:107C400067685F60A7689F60E7681034DF601F00A7
:107C50001033BD42F2D10F230C24103113401440D5
:107C600065461A004144002CC9D08A59AA510436ED
:107C70009A1B032AF9D803221A409B08013B9B0058
:107C800004310435C918ED18B9E70500561EB9E7E7
:107C90002B0023439B0701D0531EA3E71300043995
:107CA000071FCE58FE50043B032BFAD80321131FA5
:107CB0009B089B00E41AED1A0A40043C043D8EE741
:107CC00013000500D1E7C04630B5002A27D00300D5
:107CD0000B439B0713D1032A11D9134D0BE0043A30
:107CE000002A1CD0114C1C199C432C4217D1043083
:107CF0000431032A03D903680C68A342EFD00D783E
:107D0000047801230139AC4207D00AE0002C06D0E8
:107D1000C45C0133CD5CAC4203D19A42F6D1002061
:107D200030BD601BFCE7C04680808080FFFEFEFE09
:107D300010B583070AD00300032102E001330B4290
:107D400005D01A78002AF9D1181A10BD0300196855
:107D50000C4A0D4C8A188A4322420FD15968094AAD
:107D600004338A188A43224208D15968054A0433E9
:107D70008A188A432242F1D000E001331A78002A9F
:107D8000FBD1E1E7FFFEFEFE80808080F8B5C046B3
:107D900001B40248844601BC604700BF29010020AD
:107DA00001B40248844601BC604700BFC9030020FB
:107DB00001B40248844601BC604700BFA90200200C
:107DC00001B40248844601BC604700BF050500209D
:107DD00001B40248844601BC604700BF590200203C
:107DE00001B40248844601BC604700BF050500207D
:107DF00001B40248844601BC604700BF7101002005
:107E000001B40248844601BC604700BFC1010020A4
:107E100001B40248844601BC604700BFD102002083
:107E200001B40248844601BC604700BFC100002085
:107E3000D518001001190010E51A0010E1220010F9
:107E400079210010852200100D1A00101D19001054
:107E50003D19001051190010D90B001059190010CC
:107E60006D0F00109D180010190600100940001039
:047E7000B10200104B
:107E78000A2A2A2A2050414E4943202A2A2A0A003F
:107E88004E6F207573657220495251732061726577
:107E980020617661696C61626C650000486172649A
:107EA8007761726520616C61726D20256420616C58
:107EB800726561647920636C61696D6564000000B6
:107EC8004861726420617373657274006D697373BD
:107ED800696E6720646F75626C652066756E637481
:107EE800696F6E0052656C6561736500626F6F74CF
:107EF800325F77323571303830000000322E322E42
:107F0800300000007069636F5F7700004C4C5F4180
:107F1800504900004E6F7620313320323032350020
:107F2800666E692B00000000666E69006E616E0067
:107F3800666E692D0000000063797734335F7265DF
:107F480061645F6279746573206572726F7220254F
:107F5800640000005B43595734335D2063797734FC
:107F6800335F6B736F5F736574282564293A2066E5
:107F780061696C65640A00005B43595734335D20BE
:107F8800427573206572726F7220636F6E646974D4
:107F9800696F6E2064657465637465642030782544
:107FA800780A00005B43595734335D206572726F5D
:107FB800723A20686472206D69736D617463682019
:107FC80025303478205E20253034780A00000000FF
:107FD8005B43595734335D205354414C4C28257525
:107FE8003B25752D2575293A2074696D656F757463
:107FF8000A0000005B43595734335D20646F5F69A2
:108008006F63746C3A20676F7420756E657870655D
:1080180063746564207061636B65742025640A006D
:108028005B43595734335D20646F5F696F63746CC9
:108038002825752C2025752C202575293A2074694A
:108048006D656F75740A00005B43595734335D20C2
:10805800636F7265206E6F7420696E207265736538
:10806800740000006275733A7478676C6F6D000075
:108078006170737461000000616D7064755F6261A6
:108088005F7773697A650000616D7064755F6D7004
:1080980064750000616D7064755F72785F66616316
:1080A800746F72006273736366673A6576656E749F
:1080B8005F6D7367730000005B43595734335D206D
:1080C8004661696C656420746F20737461727420F2
:1080D800435957343300000056657273696F6E3A1E
:1080E800200000005B43595734335D20636F756C83
:1080F80064206E6F742066696E642076616C6964B2
:10810800206669726D776172650000005B4359579C
:1081180034335D2074696D656F7574207761697497
:10812800696E6720666F7220414C5020746F206220
:1081380065207365740000005B43595734335D2034
:10814800636F7265206E6F74207570005B435957BA
:1081580034335D204854206E6F74207265616479F1
:10816800000000005B43595734335D204632206ECF
:108178006F74207265616479000000005B43595791
:1081880034335D20434C4D206C6F61642066616917
:108198006C6564006375725F6574686572616464B8
:1081A800720000006770696F6F7574005B25203876
:1081B800645D204153594E4328253034782C000003
:1081C80025730000257500002C25752C25752C2598
:1081D80075290A005345545F535349440000000071
:1081E8004A4F494E00000000415554480000000025
:1081F8004445415554485F494E4400004153534F4C
:10820800430000004449534153534F4300000000CA
:108218004449534153534F435F494E4400000000C3
:108228004C494E4B0000000050534B5F53555000D3
:10823800455343414E5F524553554C54000000008E
:108248004353415F434F4D504C4554455F494E445D
:10825800000000004153534F435F5245515F494569
:10826800000000004153534F435F524553505F494C
:10827800450000004E6F2050494F207374617465AB
:10828800206D616368696E6573206172652061762F
:1082980061696C61626C65004E6F20444D412063DA
:1082A80068616E6E656C73206172652061766169C4
:1082B8006C61626C65000000637977343320686113
:1082C80073206E6F2065746865726E657420696EC0
:1082D80074657266616365006173796E635F636F6D
:1082E8006E74657874206C6F636B5F636865636B2D
:1082F800206661696C656400FFFFFFFFFFFFFF7F79
:1083080006005250D3F07542EC7E00100600525021
:10831800E182887FF47E001006005250ABB36053B0
:10832800047F001006005250BBFF3CB60C7F0010C3
:1083380006005250861C0302147F0010060052509B
:108348005422A29D1C7F001005005250DE65F4687F
:1083580024000410A03000105030001050300010DD
:10836800983000105030001050300010503000107D
:1083780050300010503000105030001050300010B5
:10838800903000105030001088300010503000102D
:108398005030001080300010C0320010B63000108D
:1083A800B0320010B63000109A320010B63000100B
:1083B800B6300010B6300010B6300010B6300010DD
:1083C800B6300010B6300010A8300010B6300010DB
:1083D800B6300010B6300010B6300010B6300010BD
:1083E800A83000105E3300100A3000100A30001068
:1083F8000A3000100A3000100A3000100A3000104D
:108408000A3000100A3000100A3000100A3000103C
:108418000A3000100A3000100A3000100A3000102C
:108428000A3000100A3000100A3000100A3000101C
:108438000A3000100A3000100A3000100A3000100C
:108448000A3000100A3000100A3000100A300010FC
:108458000A3000100A3000100A3000100A300010EC
:108468000A300010D43200102C330010D43200101F
:108478000A3000100A3000100A3000100A300010CC
:108488000A3000100A3000100A3000100A300010BC
:108498000A3000100A3000100A3000100A300010AC
:1084A8000A3000100A3000100A3000100A3000109C
:1084B8006E3500100A3000100A3000100A30001023
:1084C8000A3000100A3000100A3000100A3000107C
:1084D8000A3000100A3000106E350010703300109A
:1084E8006E350010D43200102C330010D432001036
:1084F800000000000000F03F0000000000002440E1
:1085080000000000000059400000000000408F40BB
:10851800000000000088C34000000000006AF84026
:108528000000000080842E4100000000D01263414A
:108538000000000084D797410000000065CDCD41C0
:108548000D0A00005485001006FF0000016040106D
:1085580080E042B001408410000000006514000073
:108568009113000091130000911300009113000073
:108578009113000091130000911300009113000063
:108588009113000091130000911300009113000053
:108598009113000091130000911300009113000043
:1085A8009113000091130000911300009113000033
:1085B8009113000091130000911300009113000023
:1085C8009113000091130000911300009113000013
:1085D8009113000091130000004800476514000043
:1085E8000000000000000000000000000000000083
:1085F8000000000000000000000000000000000073
:108608000000000000000000000000000000000062
:108618000000000000000000000000000000000052
:108628000000000000000000000000000000000042
:108638000000000000000000000000000000000032
:108648000000000000000000444250501860010083
:108658000000000000000000C51B0000C51B000052
:10866800C51B0000C51B0000C51B0000C51B000082
:10867800C51B0000D9130000D51300001514000015
:10868800DD3D0000793900003B330000D93D000092
:10869800C9350000B13900001D3E00004FD501006A
:1086A800D93A0000133400007F340000893E0000EE
:1086B8008B3E0000FB380000AD3D00004DD50100A9
:1086C800C51B0000C51B0000C51B0000C51B000022
:1086D800C51B0000C51B0000C51B0000C51B000012
:1086E800C51B0000C51B0000C51B0000C51B000002
:1086F800C51B0000C51B00009FDC0000C51B000057
:10870800C51B0000C51B0000C51B0000C51B0000E1
:10871800C51B0000C51B0000C51B0000C51B0000D1
:10872800C51B0000C51B0000C51B0000C51B0000C1
:10873800C51B000047FC0000C51B0000A3FD00008E
:10874800C51B0000C51B00009FFD00002BFC00009E
:10875800C51B0000C51B0000C51B0000772E0100CB
:108768005B3301001B3501006F340100DF3301006A
:108778001F320100C51B0000C51B0000C51B0000FF
:10878800BD350100C51B0000C51B0000C51B00004E
:10879800C51B0000C51B0000C51B0000C51B000051
:1087A800C51B0000C51B0000C51B0000C51B000041
:1087B800C51B0000C51B0000C51B0000C51B000031
:1087C800C51B0000C51B0000C51B0000C51B000021
:1087D800C51B0000C51B0000C51B0000C51B000011
:1087E800C51B0000C51B0000C51B0000C51B000001
:1087F800C51B0000C51B0000C51B0000C51B0000F1
:10880800C51B0000C51B0000C51B0000C51B0000E0
:10881800C51B00007916000081160000191F000012
:10882800352E0000892E0000ED3F0000F93F0000C2
:1088380069510000D1B10000B9DC0000B1FB0000B3
:10884800C1350100691600008D1600009D17000053
:108858009D180000E51B0000851C0000F51C0000A9
:10886800791D0000251F0000A12E0000953F000083
:108878000540000005490000474C00009D4D0000E0
:10888800A54D0000A94D0000C51B0000C54D000006
:10889800FD4D0000054E00005B4E00005F4E0000DD
:1088A8006D4E0000956C0000C51B0000855100004E
:1088B800C51B0000056D00003D94000081A200006A
:1088C80059A30000C9A30000C5CA0000E5CA0000FA
:1088D800E1CE0000C1DC0000D1DC00002FE2000086
:1088E80049E4000091E8000083FB000089FB0000D8
:1088F8001D17010001000000000000082000000012
:108908000002000004000000FF0300005000000007
:1089180001000000010000000A0708010000000033
:108928000800000001040000010000000400040029
:108938000800010000000000000000000000000026
:10894800000000000000000000000000000000001F
:10895800000000000000000000000000000000000F
:1089680000000000000000000000000000000000FF
:1089780000000000000000000000000000000000EF
:1089880000000000000000000000000000000000DF
:1089980000000000000000000000000000000000CF
:1089A80000000000000000000000000000000000BF
:1089B80000000000000000000000000000000000AF
:1089C800000000000000000000000000000000009F
:1089D800000000000000000000000000000000008F
:1089E800000000000000000000000000000000007F
:1089F800000000000000000000000000000000006F
:108A0800000000000000000000000000000000005E
:108A1800000000000000000000000000000000004E
:108A2800000000000000000000000000000000003E
:108A3800000000000000000000000000000000002E
:108A4800000000000000000000000000000000001E
:108A5800000000000000000000000000000000000E
:108A680000000000000000000000000000000000FE
:108A780000000000000000000000000000000000EE
:108A880000000000000000000000000000000000DE
:108A980000000000000000000000000000000000CE
:108AA80000000000000000000000000000000000BE
:108AB80000000000000000000000000000000000AE
:108AC800000000000000000000000000000000009E
:108AD800000000000000000000000000000000008E
:108AE800000000000000000000000000000000007E
:108AF800000000000000000000000000000000006E
:108B0800000000000000000000000000000000005D
:108B1800000000000000000000000000000000004D
:108B2800000000000000000000000000000000003D
:108B3800000000000000000000000000000000002D
:108B4800000000000000000000000000000000001D
:108B5800000000000000000000000000000000000D
:108B680000000000000000000000000000000000FD
:108B780000000000000000000000000000000000ED
:108B880000000000000000000000000000000000DD
:108B980000000000000000000000000000000000CD
:108BA80000000000000000000000000000000000BD
:108BB80000000000000000000000000000000000AD
:108BC800000000000000000000000000000000009D
:108BD800000000000000000000000000000000008D
:108BE800000000000000000000000000000000007D
:108BF800000000000000000000000000000000006D
:108C0800000000000000000000000000000000005C
:108C1800000000000000000000000000000000004C
:108C2800000000000000000000000000000000003C
:108C3800000000000000000000000000000000002C
:108C4800000000000000000000000000000000001C
:108C5800000000000000000000000000000000000C
:108C680000000000000000000000000000000000FC
:108C780000000000000000000000000000000000EC
:108C880000000000000000000000000000000000DC
:108C980000000000000000000000000000000000CC
:108CA80000000000000000000000000000000000BC
:108CB80000000000000000000000000000000000AC
:108CC800000000000000000000000000000000009C
:108CD800000000000000000000000000000000008C
:108CE800000000000000000000000000000000007C
:108CF800000000000000000000000000000000006C
:108D0800000000000000000000000000000000005B
:108D1800000000000000000000000000000000004B
:108D2800000000000000000000000000000000003B
:108D3800000000000000000000000000000000002B
:108D4800000000000000000000000000000000001B
:108D5800000000000000000000F459B2000000000C
:108D6800FFF75E9F0000000000F463B10000000000
:108D7800FFF7419D00000000FFF76D9C0000000018
:108D8800F3F7AE9800000000E9F7679E00000000C6
:108D9800E5F7989D00000000E4F7829F00000000BE
:108DA800D3F77C9B00000000CFF7EC99000000008F
:108DB800C9F7D89E00000000C8F75A9F00000000BD
:108DC800C8F7B49C00000000C2F7549F00000000E0
:108DD800C0F7449C00000000C0F7329A0000000071
:108DE800BFF78C9D00000000BFF7569F00000000F1
:108DF800C2F71E9D00000000E1F7C29C00000000C1
:108E0800BFF7049800000000BEF7A69E000000000F
:108E1800BDF77C9F00000000BBF76D9C00000000C0
:108E2800A2F73E9D00000000B7F7E29A000000009C
:108E3800DDF7329B00000000B9F7889E00000000B3
:108E4800B2F7669B00000000B2F7F69A0000000037
:108E5800B2F77C9900000000B1F7869A0000000084
:108E6800DAF7669C00000000B0F76E9E0000000074
:108E7800C1F7FE9A00000000AEF73B9B000000001F
:108E8800A0F7F69D00000000A0F7169C0000000067
:108E9800ABF7F09E00000000A2F7E09C0000000085
:108EA800A2F7DE9A00000000A0F7FB98000000007F
:108EB8009FF7AE9F000000009EF7B69900000000E3
:108EC8009DF77C9D000000009BF7329D000000008C
:108ED8009AF7F89F00000000A0F7E09E000000004D
:108EE800A0F70F9F0000000099F7DE9A000000002D
:108EF800A0F7939C00000000D7F7289F000000000F
:108F0800D7F71C9A00000000D7F7169C0000000055
:108F1800D9F78A9C0000000093F7709A00000000BF
:108F280093F776990000000093F7CD9D00000000AC
:108F380093F77D9B0000000093F7B89A00000000AB
:108F480092F7649F0000000092F7029D0000000065
:108F580092F7D29A0000000092F7009900000000F2
:108F680092F714980000000092F7129B000000008E
:108F78008FF7249900000000D7F7449B00000000F9
:108F8800D7F7129B00000000D6F7989E000000005B
:108F98008CF7539C000000008CF7939D00000000A4
:108FA8008BF74B9F000000008CF78E9900000000A3
:108FB80089F7749E00000000000000000000000017
:108FC8000000000000000000000000000000000099
:108FD8000000000000000000000000000000000089
:108FE8000000000000000000000000000000000079
:108FF8000000000000000000000000000000000069
:109008000000000000000000000000000000000058
:109018000000000000000000000000000000000048
:109028000000000000000000000000000000000038
:109038000000000000000000000000000000000028
:109048000000000000000000000000000000000018
:109058000000000000000000000000000000000008
:1090680000000000000000000000000000000000F8
:1090780000000000000000000000000000000000E8
:1090880000000000000000000000000000000000D8
:1090980000000000000000000000000000000000C8
:1090A80000000000000000000000000000000000B8
:1090B80000000000000000000000000000000000A8
:1090C8000000000000000000000000000000000098
:1090D8000000000000000000000000000000000088
:1090E8000000000000000000000000000000000078
:1090F8000000000000000000000000000000000068
:109108000000000000000000000000000000000057
:109118000000000000000000000000000000000047
:109128000000000000000000000000000000000037
:109138000000000000000000000000000000000027
:109148000000000000000000000000000000000017
:109158000000000000000000000000000000000007
:1091680000000000000000000000000000000000F7
:1091780000000000000000000000000000000000E7
:1091880000000000000000000000000000000000D7
:1091980000000000000000000000000000000000C7
:1091A80000000000000000000000000000000000B7
:1091B80000000000000000000000000000000000A7
:1091C8000000000000000000000000000000000097
:1091D8000000000000000000000000000000000087
:1091E8000000000000000000000000000000000077
:1091F8000000000000000000000000000000000067
:109208000000000000000000000000000000000056
:109218000000000000000000000000000000000046
:109228000000000000000000000000000000000036
:109238000000000000000000000000000000000026
:109248000000000000000000000000000000000016
:109258000000000000000000000000000000000006
:1092680000000000000000000000000000000000F6
:1092780000000000000000000000000000000000E6
:1092880000000000000000000000000000000000D6
:1092980000000000000000000000000000000000C6
:1092A80000000000000000000000000000000000B6
:1092B80000000000000000000000000000000000A6
:1092C8000000000000000000000000000000000096
:1092D8000000000000000000000000000000000086
:1092E8000000000000000000000000000000000076
:1092F8000000000000000000000000000000000066
:109308000000000000000000000000000000000055
:109318000000000000000000000000000000000045
:109328000000000000000000000000000000000035
:109338000000000000000000000000000000000025
:109348000000000000000000000000000000000015
:109358000000000000000000000000000000000005
:1093680000000000000000000000000000000000F5
:1093780000000000000000000000000000000000E5
:1093880000000000000000000000000000000000D5
:1093980000000000000000000000000000000000C5
:1093A80000000000000000000000000000000000B5
:1093B80000000000000000000000000000000000A5
:1093C8000000000000000000000000000000000095
:1093D8000000000000000000000000000000000085
:1093E8000000000000000000000000000000000075
:1093F8000000000000000000000000000000000065
:109408000000000000000000000000000000000054
:109418000000000000000000000000000000000044
:109428000000000000000000000000000000000034
:109438000000000000000000000000000000000024
:109448000000000000000000000000000000000014
:109458000000000000000000000000000000000004
:1094680000000000000000000000000000000000F4
:1094780000000000000000000000000000000000E4
:1094880000000000000000000000000000000000D4
:1094980000000000000000000000000000000000C4
:1094A80000000000000000000000000000000000B4
:1094B80000000000000000000000000000000000A4
:1094C8000000000000000000000000000000000094
:1094D8000000000000000000000000000000000084
:1094E8000000000000000000000000000000000074
:1094F8000000000000000000000000000000000064
:109508000000000000000000000000000000000053
:109518000000000000000000000000000000000043
:109528000000000000000000000000000000000033
:109538000000000000000000000000000000000023
:109548000000000000000000000000000000000013
:109558000000000000000000D41B80000400000090
:1095680000080000B4228000040000000808000081
:10957800782380000400000010080000C427800041
:1095880004000000180800003028800004000000D3
:1095980020080000D81781000400000028080000F7
:1095A80000D0810004000000300800001C14820074
:1095B8000400000038080000283882000400000079
:1095C800400800006C6683000400000048080000A2
:1095D800ACAD8300040000005008000008088400B7
:1095E80004000000580800001C1A84000400000051
:1095F8006008000098228400040000006808000049
:109608002C8A84000400000070080000D8BE840082
:109618000400000078080000C0BF840004000000B7
:109628008008000010C384000400000088080000BF
:1096380078C9840004000000900800002C91840080
:1096480004000000980800000C4C82000400000090
:10965800A0080000FCD9840004000000A80800004D
:1096680084E3840004000000B008000018EC8400C3
:1096780004000000B80800000C1985000400000070
:10968800C008000084C0860004000000C80800006C
:109698004466850004000000D008000010A2820083
:1096A80004000000D8080000003B8500040000000A
:1096B800E008000084B6850004000000E808000007
:1096C800E8B6850004000000F0080000CCBA850068
:1096D80004000000F8080000F8C885000400000035
:1096E80000090000B0BE8200040000000809000064
:1096F800ACD485000400000010090000E09B840041
:109708000400000018090000B8FB850004000000F0
:109718002009000038E38600040000002809000042
:109728006CEA860004000000300900002825860045
:109738000400000038090000F0C0860004000000A2
:10974800400900003CC386000400000048090000EE
:1097580018F98600040000005009000064FA860029
:1097680004000000580900004409870004000000B4
:109778006009000010138700040000006809000059
:109788001033870004000000700900005C3B87006C
:109798000400000078090000A0D986000400000039
:1097A8008009000058DA86000400000088090000DB
:1097B800B8608700040000009009000018E08600E7
:1097C8000400000098090000ACE4820004000000D6
:1097D800A009000058EF820004000000A80900005A
:1097E800E4F1820004000000B0090000C0F2820029
:1097F80004000000B8090000D4D18700040000006C
:10980800C0090000D4D4870004000000C809000083
:10981800BCD6870004000000D0090000F4D98700F6
:1098280004000000D8090000C0DA87000400000026
:10983800E0090000DCDC870004000000E809000003
:10984800F8DC870004000000F009000088DD8700CC
:1098580004000000F80900007CE287000400000012
:10986800000A0000CCE3870004000000080A00009A
:10987800F4E5870004000000100A00009026880024
:1098880004000000180A0000A40B83000400000074
:10989800200A00007C0E830004000000280A000053
:1098A8000819830004000000300A0000505888009E
:1098B80004000000380A0000205988000400000055
:1098C800400A0000D462880004000000480A000032
:1098D8008469880004000000500A0000DC988800B1
:1098E80004000000580A00006846836941690BB506
:1098F80003695A4651460EB44A46414606B4C368FF
:1099080082684168FEB40368C269EFF303810EB44C
:109918008269EFF3058106B4034801680029FED087
:109928006846884714B000BD3C14000062B6704712
:1099380072B6704704490840002803D003490A68F2
:1099480002430A6070470000FFFF000000E100E0EA
:1099580004490840002804D003490A68C04302406B
:109968000A607047FFFF000080E100E002490968D3
:109978009022885870470000441400000249096882
:109988009C2288507047000044140000DDBAADBB2B
:1099980000000000000000000000000000000000BF
:1099A800000000000000000000000000024A1168EA
:1099B8001060081C704700003C14000056485749C6
:1099C80000220A500168564A0A40564F0F403F424B
:1099D80006D15046004202D04046004229D1FEE757
:1099E800FC2141580A680F2313400F2BF1D0012B9B
:1099F80001D00431F6E708314B4B13404B4CA342DE
:109A080006D100F0C1F8804600F0CAF88146E9E7BF
:109A1800474CA342E6D10B1F1B68464C2340182431
:109A2800E3409C4600F0B0F8824600F0B9F883465F
:109A3800D8E7414921224250374A40498958FF23F3
:109A4800194219D051683E4B194215D01168344B50
:109A58001940D36A10E0A3420ED0C0460CE0394941
:109A68008958194208D03849895819409942FAD179
:109A7800364B11691942FCD049463F4204D198231C
:109A8800CB581024E34001E0314BCB581C24234031
:109A9800002B01D000F092F840462E490860484655
:109AA8002D49086050462D49086060462C490860D9
:109AB8002C490F602C4D2D490D602D482D49002251
:109AC80004C08142FCD8043DAD46009DEC43102300
:109AD800DD41AC4210D1240CA400274D2C606B460C
:109AE8001B1B2648264D2860002C05D01D680560E4
:109AF80004330430043CF9DC81B0224B1B490D6867
:109B0800ED1A0D606C46E41AA54668460009000186
:109B1800854600F0D7FCFEE7000000181406000098
:109B2800FFFF0000000000F000FF0F00002A0800FF
:109B3800000E0800000000FFE0010000040600001D
:109B480000003800180600000C0600000010000095
:109B58000804000044140000481400004C140000DD
:109B6800501400004014000000000800945C01003C
:109B7800BC5F01009C6601009C5C01008C750200C2
:109B8800985C01000000010008680F2204310240BF
:109B9800052AF9D1014A1040F746000000F0FFFFFE
:109BA80008680F2204310240052AF9D180221042A8
:109BB800F6D0014A1040F74600F0FFFFFEE700002C
:109BC80000487047BC5F010000487047FC5F010017
:109BD8000048704760600100004870470860010055
:109BE80003F04ABA01238B402DE9F74FB3F5001F64
:109BF80028BF4FF40013042B38BF0423033001930C
:109C080020F00304FFF7E0FF354B0022D3F800B043
:109C180015469446134627E0D1F800A0A24522D362
:109C280001F10807019E07EB0A08C6F10009C4EB19
:109C3800080609EA0606BE4215D3DDF8049009F1C4
:109C4800FF3919EA070FCDF8009002D0F71B072F4C
:109C580009D9C4EB0A075F4505D2424635466FB1BC
:109C6800BB4684460B46084641680029D4D13BB917
:109C78001C4A18461168013111602FE084460B46D2
:109C8800521B111B072909D918682A19401A0839C3
:109C980018602951596851605A6022461968891A12
:109CA800072903D85A68CCF8042004E05A50A1F1D7
:109CB80008021A605B180C48002219685A6002688A
:109CC8008A18026009480168083101608918084A41
:109CD8001068814288BF116003F10800BDE8FE8F5B
:109CE800F4030000F003000014040000480400001E
:109CF8000460010038B5194B50F8082C196805465E
:109D08008A1A1A60164BA0F108041A68083A1A60F1
:109D1800FFF75AFF02E0A34203D218464368002B1C
:109D2800F9D155F8082CA9188B4205D119685B6838
:109D38005218083245F8082C6360036803F10802DA
:109D48008218A24207D155F8082C9B1808330360E3
:109D58006368436000E04460002038BD14040000DC
:109D68004804000010B500214022044605F04ADCF2
:109D7800104B2360104B6360104BA360104BE360E3
:109D8800104B2361104B6361104BA361104BE361CF
:109D9800104B2362104B6362104BA362104BE362BB
:109DA800104B2363104B6363104BA363104BE363A7
:109DB80010BD00BF00000000F8370100F8370100AF
:109DC800915C0100945C0100BC5F0100BC5F010074
:109DD8009C6601009C660100FCB60200FCB602000D
:109DE8008C6A0300FC000000000100000000000075
:109DF80000000000F0B52D4D91B06846FFF7B2FFA6
:109E08002978002937D10898099C241A06D02246B7
:109E180005F0F8DB0898214609F06EDD2246244952
:109E2800244805F015DC244B00241C7001232B70FA
:109E3800224D09F091DC2B68002B33D01A78002AC8
:109E480030D09F895E890CE02B681D4AD98910683B
:109E58000AF076DC0134014630B1184B186806F078
:109E6800B1DBA319BB42EFDB164B29681868012246
:109E780006F0ECDB16E0144E317899B90A980B9C81
:109E8800241A06D0224605F0BDDB0A98214609F0BF
:109E980033DD08480D49224605F0DADB00232B7034
:109EA8000123337009F058DC11B0F0BDFC03000049
:109EB8009AFB880055390100146001004404000031
:109EC800900400002C0400006C600100521E890000
:109ED800014B1868704700BF945C01000020704770
:109EE8002DE9F04F9DB00AA8FFF73CFFFFF7F0FF00
:109EF8000446FFF7F3FF0A9B0B9A0F99D21A0E9BA1
:109F08000D9DC3EB01091199109B6E4ECB1A0C994C
:109F1800DFF80082C1EB050B93443268D8F80010D3
:109F280002F50052521A4A44D2185A4414192418F5
:109F38000994DFF8E4A1644C644F2268DAF8005011
:109F48006348AD183A680893C5EB020CCDF81CC0FD
:109F580005F07EDB089B09F57E71019303F57E739E
:109F680007339B0A07310BF57E72890A0732029381
:109F78000823920A0091039359464B46554805F029
:109F880067DB336820683968DDF81CC001900393EB
:109F980000F57E7003F57E730CF57E7601F57E7212
:109FA80007300733800A9B0A07320736B60A920A37
:109FB8000290049348486346009605F049DB0999E6
:109FC80005F57E7201F57E7307339B0A0732920A04
:109FD80000932946099B414805F03ADB404B414F25
:109FE8001968414805F034DB3968404B0A68464631
:109FF8009A4203D03E4805F02BDB25E01A910B4628
:10A0080004E015683948131D854203D11A461BAB75
:10A018009A42F6D333681AAD009336482B461A9203
:10A0280005F016DB3B681A9AE91A3348D31A0A4630
:10A03800009305F00DDB33681A9A591B2F489B1AB9
:10A048000A46009305F004DB2D4B1B684BB31A78C6
:10A058003AB35989DD891A8901FB05F638354D432C
:10A0680006F57E7307339B128DE8280005F57E738D
:10A0780007339B1202932348334605F0E9DA236835
:10A08800DAF80020991B9B185B1B03F57E7001F51D
:10A098007E720730800A07320090920A1A4805F04B
:10A0A800D7DA1A4B1D6809F081DD044609F078DD1E
:10A0B800294603462246164805F0CADA1DB0BDE80F
:10A0C800F08F00BF0460010014040000F4030000D6
:10A0D8008839010097390100D63901001B3A01007F
:10A0E800F003000068600100563A01004B415453E8
:10A0F800713A0100953A0100CC3A0100F13A0100A9
:10A1080044040000173B0100443B01000404000024
:10A118006C3B0100106001004804000008B571465E
:10A12800034805F095DA0120BDE8084009F0249EAF
:10A138009A3B010000487047186001002DE9F3417F
:10A1480007460C4609F032DD10B909F035DD3AE072
:10A15800002620460DF106016A46ADF80660009615
:10A1680007F103080AF072D9009D28F00308454456
:10A1780040F638039D4226D82DB328463146FFF7CE
:10A1880031FD0446F8B13146009A05F03BDA009BF0
:10A19800A781ED1AE218C8EB050802EB0803A360D3
:10A1A8006368013D62F3140363601B0C65F34F138E
:10A1B800E380204609F0DEDC01232080A370BDF88F
:10A1C8000630E38104E0044B00241A6801321A6067
:10A1D8002046BDE8FC8100BF4C04000038B50446A9
:10A1E800E389590621D4A278013AD2B2A270002A92
:10A1F80027D1E27862B1134B204653F82250E989FF
:10A208000AF0D4D928462146BDE8384006F0509ACD
:10A21800DA0516D40C4B2046A360218809F0D4DC5B
:10A228002046BDE83840FFF765BD074B2046A360D0
:10A238002188A56B09F0C8DC2046FFF75BFD2C469A
:10A24800CEE738BD50610100EFBEADDEF8B51F4E58
:10A2580001220D463068002102F0AAFF00210822E1
:10A268000746306802F0A4FF022D014610D107EA24
:10A27800000414F4806406D0306821F48061002260
:10A2880002F096FF2C46FA041ED544F004041BE0A5
:10A29800052D10D107F40064D4F1010438BF00245F
:10A2A800BB0511D5306841F48061002202F080FFBF
:10A2B80044F0200408E035B9306829460522BDE895
:10A2C800F84002F075BF00242046F8BD00040000E5
:10A2D80029B9034B11461868072202F069BF704775
:10A2E800000400002DE9FF470446FFF723FF236819
:10A2F800C462032B03D1474B18680FF0EFD92368CA
:10A30800A3F110020F2A04D804B0BDE8F04709F001
:10A31800CF9B032B0FD1404AE36C22F001029342FA
:10A3280009D1626C06339361636C4FF0FF321A6097
:10A3380004B0BDE8F087656CFFF7CAFD374E636C63
:10A34800F169C3EB000A3268354805F081D9A36C7E
:10A3580021680093636C22460193A36831480293F5
:10A36800E36800270393E36C05F072D9E36904F10D
:10A3780010010093236A2C480193636A4FEA9A0AF2
:10A388000293A36AB94603930EC905F061D9A36B7A
:10A3980004F12C010093E36B24480193236CB84625
:10A3A80002930EC905F054D9EB682148009395E84B
:10A3B8000E0005F04DD9EB6905F1100100931D4819
:10A3C8000EC905F045D918E07A59D3070FD5FF2AE9
:10A3D8000DD9194B9A4204D902F16243B3F5801F93
:10A3E80005D81648394605F033D909F1010904376B
:10A3F800B9F10F0F08F1010801D8D045E4D133684D
:10A40800002043F4806386E8180004B0BDE8F047F4
:10A4180009F0B29C00040000D1C080007060010007
:10A42800C63B0100DC3B0100113C0100443C01003B
:10A43800733C0100913C0100F8370100AF3C01007A
:10A44800036810B5022B044603D0084B18680BF0BC
:10A45800BDDE2046FFF746FF2368022B05D0034BDD
:10A468001868BDE810400BF0F19E10BD0004000014
:10A47800014B1868704700BFB46001002DE9F04136
:10A4880004464C200E46154698460AF0D1D8074691
:10A49800A0B100214C2205F0B5D84FF4F0637B63DE
:10A4A8004FF47A73FB631C233B640C237B64042303
:10A4B800C7F80C803E607D60BC60BB643846BDE870
:10A4C800F081704710B515F04BFF15F059FF15F0E6
:10A4D800B3F816F005F8044615F06CF820461BF0A2
:10A4E800D9FCFFF787FC2046BDE8104009F0AE9A7A
:10A4F800002301E0013340080028FBD1C3F120000C
:10A508007047C0177047431E23EA0000FFF7F9BFE2
:10A518004840FFF7F8BF22EA00020840104370479E
:10A5280008B5FFF7F8FFC0B208BD2DE9F843DDF81C
:10A53800208006460D4614469946002707E0E95D47
:10A54800E25D3046FFF7ECFF08F8070001374F459A
:10A55800F5D1BDE8F8830379013BDBB2A3EB5113D6
:10A5680000EB83008068D0F1010038BF00207047FD
:10A5780010F0010130B51AD002230122591E01241E
:10A588009DB214FA01F1202D02D09C40013C01E05B
:10A598004FF0FF3400FB02F52C40A14234BF89186C
:10A5A80011460133212B0A46E8D1084630BD08463A
:10A5B80030BD38B5054600F51770FEF3BDF7002429
:10A5C8000AE004F1760005EB8000436813B104301B
:10A5D800FFF304F70134A4B2B5F85831A342F0D818
:10A5E80038BD2DE9F041061D9AB0044604313046C5
:10A5F80004321D46FEF384F60746002D30D020466F
:10A6080001210AAA202305F10408FFF3FDF647B942
:10A6180020462946FFF368F60028D4BF0020012011
:10A6280000E001200021FFF773FF3146054642464E
:10A638003046FFF3FBF4012112AA20232046FFF342
:10A64800E3F602AEE8B20AA912AA20230096FFF7A1
:10A658006CFF63682046012132469B0000F0AEDAA9
:10A668001AB0BDE8F081F0B5071D9BB0044604316F
:10A67800384604321D46FFF3D9F4064625B3202395
:10A688000AAA01212046FFF3BFF630460021FFF752
:10A698003FFF2A1D064639463846FEF331F60121AA
:10A6A80012AA20232046FFF3AFF602ADF0B20AA9A2
:10A6B80012AA20230095FFF738FF6368204601217E
:10A6C8002A469B0000F07ADA1BB0F0BD2DE9F04174
:10A6D800B8B0154606468846FFF3C4F66A680446CD
:10A6E80002329300502B4FD8D8F8043003339B0024
:10A6F800902B49D824A9FFF379F50746002844D0C0
:10A708006A6805F10801920026A804F0F7DED8F877
:10A718000420204669460332FFF368F50446002802
:10A7280033D02846FFF3A2F66D686D01451B00E0A3
:10A73800203515F11F0FFBDB20464146FFF306F6D7
:10A748003DB13846294600F079DA2046294600F01E
:10A7580075DA201D391DFFF39FF220463946FFF3B5
:10A76800C3F5002805DB204621463A460023FFF7BB
:10A778007AFF1DB12046694200F060DA3046214672
:10A78800FFF3E4F5012000E0002038B0BDE8F081D7
:10A7980008B528B1FFF36AF6D0F1010038BF0020F0
:10A7A80008BD2DE9F0410446ACB00D461646FFF34E
:10A7B80059F66B6862682B94B2EB430F01D3201DE6
:10A7C80008E001210022DB00FFF3CAF42B900028E7
:10A7D8004ED00430291DFFF3DBF23046FFF7D8FFD7
:10A7E8000121FFF795FE20230BAA01218046204670
:10A7F800FFF30AF62B981BAD201A18BF0120012180
:10A80800FFF786FE2B9907462046FFF39FF50121A7
:10A8180013AA20232046FFF3F7F5F8B213A90BAAD1
:10A8280020230095FFF781FE01212A462023204698
:10A83800FFF3EAF5324620462B99FFF747FF064615
:10A84800B8B1012123AA20232046FFF3DDF503AE8A
:10A858005FFA88F023A92A4620230096FFF765FEB1
:10A868003246204601212023FFF3CEF5012600E0E1
:10A8780006462B9B9C4202D02BA8FFF3AFF530462F
:10A888002CB0BDE8F0812DE9F74FD2F804A0077984
:10A898005FFA8AF991F80480144600F1080609F174
:10A8A800FF390D4630460021BA005FFA89F90834AD
:10A8B80004F0A8DE013F08F1FF3104EB890B6FEAD1
:10A8C8000909C9B24FEA8909FFB208354FEA880871
:10A8D80005EB8105CDF80490002306EB8706C8F147
:10A8E800000900211DE05FFA8AF84FEA88085C46F3
:10A8F800C8EB0608304600270DE03A46076854F8CA
:10A9080004C90023D2196F5843F10003E7FB0C2355
:10A9180040F804291F464045EFD1019804393350C7
:10A92800043E4945DFD10020BDE8FE8F2DE9F04FF8
:10A93800BDB088464699D0F80C900C1D85680394E4
:10A9480000684C6808F10401049109F104010591BB
:10A958000790114628461A460023FFF794FF98F8F7
:10A96800042099F804302E790892002109F1080092
:10A978009A000835069306F1FF3A04F043DE03987F
:10A9880005EB8A0AA50040194FEAC40B0A90CBEBE5
:10A998000A0B5146A4460020AE462BE00B68079AE6
:10A9A8000A9F53430E4609932546002002910EE064
:10A9B80057F8043931680B93002342180B9809990A
:10A9C80043F10003E1FB002346F80429184615F17A
:10A9D800FF35EDD20299A5004D1B07E01E68002344
:10A9E800821943F1000345F804291846AB452B4664
:10A9F800F4D304391CF1FF3CD0D2059A069B754666
:10AA080002EB8306CBF80000CEEB0A0A22460023AD
:10AA180003E05AF80310F150043B013A971CF8D1AF
:10AA28000021D9F80800FFF773FD0599039A074636
:10AA38000498FFF3FBF202212B4640460CAAFFF3D1
:10AA4800E3F40498089900EB810303E056F804291D
:10AA580043F8042914F1FF34F8D202211CAA2B462A
:10AA68004046FFF3D1F42CACF8B21CA90CAA2B4633
:10AA78000094FFF75AFD4046022122462B4600F07B
:10AA88009DD800203DB0BDE8F08F2DE9F04F044679
:10AA98008BB0184609921F460891FFF3E3F47B68D0
:10AAA80004F5AC7206929B00002200250590A4F8DC
:10AAB800582107932E4668E004EB8609D9F804105C
:10AAC800002960D00698FFF3D7F0804600285AD1B5
:10AAD80001214246079B0598FFF342F305F1200A3E
:10AAE80004EB8A0ACAF85C01D9F8040004EB850370
:10AAF800C3F85C01FFF7FCFCC0F11F00C0B2049072
:10AB08000999DAF85C01FFF321F4C146DDF810A0D9
:10AB180032E04FF0010B05F1200884F860B204EB35
:10AB28008808D8F85C1104F5177C60460A460B467D
:10AB3800CDF80CC00097FFF7F9FE049ADDF80CC0B9
:10AB480053B2C9EB03030BFA03FB04EB86035B6800
:10AB58001BEA030F0AD0002384F86032D8F85C118E
:10AB68006046089A0B460097FFF7E0FE0AF1FF3AA5
:10AB78005FFA8AFA09F101091AF0800FC9D0013584
:10AB8800EDB2A4F858510136F6B294F84431B34204
:10AB980092D801200BB0BDE8F08F2DE9F04F834625
:10ABA800ADF52F7D18461C4689469246FFF35AF4A8
:10ABB800676801258046BE0000212422A1A804F070
:10ABC80021DD2946002233464046A195FFF3C8F20D
:10ABD800294600223346AB904046FFF3C1F229468E
:10ABE80000223346AC904046FFF3BAF202217B19AB
:10ABF8008B40AD90A1AA4046FFF3B2F2AA90AB9861
:10AC080000F008D8267904F10805013EF6B255F897
:10AC1800260010F0010000F093804946AA9A2346C6
:10AC2800AC98FFF32DF72346AB99AA9AAD98FFF39A
:10AC380027F755F82600FFF79BFC002105464FF43F
:10AC48001E7203A804F0DEDC05236A4221469AA896
:10AC58008DF80C30FEF37CF4514603A8FEF3DEF3C6
:10AC6800234603A8AC99AD9AFFF70FFF9DF85071E2
:10AC780007F1FF381FFA88F80FFA88F3002B4FDB2B
:10AC880003A800EB8303596859A8FEF3BBF61F28F5
:10AC980046D803A901EB8003D3F8DC11AD98FFF384
:10ACA80055F3C8F1000800252DE0AD9901238DF872
:10ACB8006C329AA80A460B460094FFF737FEBB1E73
:10ACC8001BB203A8EA18C3185B1993F8043131467C
:10ACD80001369942E9DB00EB8203596891B1002300
:10ACE80059A88DF86C32FEF38DF61F2818D803A9E1
:10ACF80001EB8003AD990094D3F8DC219AA80B46A8
:10AD0800FFF714FE013D45454FF00006D7D19AA83C
:10AD18005946AD9AAB9B8DF86C620094FFF706FE1E
:10AD280003A8FFF746FCACA8FFF358F3ADA8FFF360
:10AD380055F3ABA8FFF352F3AAA8FFF34FF3012092
:10AD48000DF52F7DBDE8F08F2DE9F04FB3B00390DE
:10AD580018461C468A469346FFF384F3D4F80490B9
:10AD6800012509F10107BF0080464FEA8906002145
:10AD78003A4605A804F046DC2946002233464046F8
:10AD88000595FFF3EDF12946002233462E90404603
:10AD9800FFF3E6F12946002233462F904046FFF3A1
:10ADA800DFF129460022334630904046FFF3D8F1C0
:10ADB80002213B46319005AA4046FFF3D1F12D9080
:10ADC8002E98FFF327F7267904F10805013EF6B21D
:10ADD80055F82600DAF8047010F0010000F08B80B6
:10ADE80051462D9A23462F98FFF34AF62E992D9A0D
:10ADF80023463098FFF344F655F82600FFF7B8FBD2
:10AE08007F014242214626A8FEF3A2F3013F01E05A
:10AE1800A6F12007BEB258463146FFF79CFB002832
:10AE2800F6D109F1FF393FB20BF1080AA9EB671710
:10AE38005AF82700FFF75CFB361A3BE030990125EA
:10AE48000A460B4626A88DF89C500094FFF76EFD25
:10AE5800294616AA20233098FFF3D6F230994FF0EE
:10AE680000080B462F9A26A88DF89C800094FFF7BF
:10AE78005DFD1EAA294620233098FFF3C5F206F08F
:10AE88001F0015FA00F0A9EB67175AF8273041465A
:10AE98001840FFF73DFB0EAFC0B216A91EAA20232B
:10AEA8000097FFF742FB309829463A462023FFF3E4
:10AEB80085F6013EB6B237B2002FBFDA00230399F8
:10AEC800309A8DF89C3026A82E9B0094FFF72EFD13
:10AED80026A8FEF331F32FA8FFF380F230A8FFF382
:10AEE8007DF22EA8FFF37AF22DA8FFF377F231A8AE
:10AEF800FFF374F2012033B0BDE8F08F2DE9F04F75
:10AF0800BFB0039018461D4689469246FFF3AAF241
:10AF18006E6802230124B60000278DF8F7300A2353
:10AF28003C9321463A463346804637973B978DF8FF
:10AF3800F640FFF315F121462D903A463346404638
:10AF4800FFF30EF121462E903A4633464046FFF372
:10AF580007F102212F903A4633464046FFF300F1AD
:10AF6800214630903A4633464046FFF3F9F02146F1
:10AF780031903A4633464046FFF3F2F0214632908C
:10AF88003A4633464046FFF3EBF0214633903A46C3
:10AF980033464046FFF3E4F0214634900DF1F602C3
:10AFA80023463398FFF30AF621460DF1F7022346AC
:10AFB8003498FFF303F621463A4633464046FFF3FA
:10AFC800CFF0214635903A4633464046FFF3C8F065
:10AFD800214636903A4633464046FFF3C1F02146B3
:10AFE80038903A4633464046FFF3BAF02146399046
:10AFF8003A4633464046FFF3B3F021463A903CAA1E
:10B0080023463098FFF3DAF530982B460246294656
:10B01800FFF729FB03992A462D98FFF7C2FB2B4619
:10B0280030992D9A2E98FFF32BF52E992A462F98B2
:10B03800FFF7B7FB2E982F9A01462B46FFF7D1FA58
:10B048002E98FFF7A5FB2146FFF762FA29468446AA
:10B05800349A2F982B46CDF808C0FFF704FB2E9999
:10B068002F9A2B463198FFF76FFE4A462B463099A8
:10B078002E98FFF305F52E9829460246FFF374F241
:10B0880051462E9A2B463598FFF3FAF452462B4632
:10B098002E982946FFF7E7FA484629462F9AFFF3E4
:10B0A80063F22E982F9A01462B46FFF3E9F42F9866
:10B0B8003399319A2B46FFF794FA2E992F9A2B46FB
:10B0C8003698FFF3DDF4202321461DAA3598FFF3B7
:10B0D8009BF12023214625AA3698FFF395F1DDF848
:10B0E80008C00DF1540B5FFA8CF01DA925AA334650
:10B0F800CDF800B0FFF719FA334621465A464046C4
:10B10800FFF32EF02A46014637902E98FFF749FBA9
:10B118002E98379A01462B46FFF3B2F44946379AE0
:10B128002B462F98FFF3ACF42E982F9A01462B4606
:10B13800FFF757FA524639982E992B46FFF751FADE
:10B1480030992D9A2B462E98FFF39AF42B462E9978
:10B15800379A3898FFF394F438992A462E98FFF7CF
:10B1680020FB2E98389A01462B46FFF389F449466E
:10B17800389A2B462F98FFF383F42E982F9A01467E
:10B188002B46FFF72EFA52463A982E992B46FFF790
:10B1980028FA339A2B462E982946FFF764FA2E98F8
:10B1A8002146FFF34BF52E982B4602463999FFF7B7
:10B1B800CBFD2E98FFF7ECFA214681462E98FFF337
:10B1C800AFF2214640EA0900FFF7A2F9214681467D
:10B1D8001DAA20233998FFF317F15FFA89F9202374
:10B1E800214625AA3A98FFF30FF148461DA925AA3A
:10B1F8003346CDF800B0FFF798F921465A46334652
:10B208004046FEF3ADF720233B9021461DAA379810
:10B21800FFF3FAF02023214625AA3898FFF3F4F02B
:10B228000DF1140A48461DA925AA3346CDF800A0F9
:10B23800FFF77BF92023284621461DAAFFF3E4F0F7
:10B2480006F1FF393EAB994419F8843C03F0030337
:10B25800032B03D0444804F0FBD954E03A46404657
:10B2680021463346FEF37CF73B4680462946339A0F
:10B278002E98FFF7B6F92E980221FFF3DFF42B463C
:10B288003B992E9A4046FFF75FFD21461DAA2023D1
:10B298000398FFF3B9F025AA202321464046FFF37F
:10B2A800B3F019F8840C19F8641C00F0010001F0DF
:10B2B8000101FFF72DF929462B46074642462E98ED
:10B2C800FFF7D1F921461DAA20234046FFF39CF041
:10B2D800214625AA20232E98FFF396F00AEB0605AF
:10B2E800F8B21DA925AA33460095FFF71EF9214695
:10B2F800524633464898FFF361F4499821462A4656
:10B308003346FFF35BF42DA8FFF368F02EA8FFF394
:10B3180065F02FA8FFF362F031A8FFF35FF030A8C3
:10B32800FFF35CF032A8FFF359F033A8FFF356F0AF
:10B3380034A8FFF353F035A8FFF350F036A8FFF315
:10B348004DF037A8FFF34AF03BA8FFF347F038A8C1
:10B35800FFF344F039A8FFF341F03AA8FFF33EF0B9
:10B3680000203FB0BDE8F08FE93C0100004870477D
:10B37800883D010000487047103D010000487047B3
:10B388004C3D010000487047C43D0100012801D12F
:10B39800FFF7F0BF022801D1FFF7F0BF032801D162
:10B3A800FFF7F0BF042801D1FFF7E0BF0020704786
:10B3B80000487047DC60010000487047305D0100BC
:10B3C800014B43F82010704750610100034B53F8BC
:10B3D8002000431A584240EB0300704750610100B7
:10B3E80042893C2928BF3C21034691422CBF08468C
:10B3F800104698817047000000F13402342A08B5DD
:10B40800034606D905482021054A04F061D90348B6
:10B4180008BD044A434252F8230008BD30610100C8
:10B428007F3E01000CA2880038B5049C1D467CB103
:10B43800FF2B0DD002B95BB96B1C2070A170637033
:10B4480025B11146E01C2A4604F058D80335641982
:10B45800204638BDC0F3804070470000044B00F41C
:10B468004032134303420CBF00200120704700BF45
:10B47800D091540038B50546FFF7F0FF38B10B4BB3
:10B488002B4033B915F4900418BF182402E0044681
:10B4980000E01024284605F0BDDF20B1034B2B4007
:10B4A800002B18BF1024204638BD00BFC4D10400AB
:10B4B80000487047685D01000048704778520100F5
:10B4C8000020704708B5FFF7F3FF417802780123A1
:10B4D80013FA01F113FA02F20A4381788B4042EA27
:10B4E800030008BD2DE9F7434FF0000804460F4656
:10B4F800164699464546012303FA08F313EA090F4D
:10B508002BD063692046222B0ADDE3695A0607D54A
:10B5180040F6270100220EF0AFDA0146204600E08F
:10B5280000214FF4C4620EF047D9C0F80080636967
:10B538002046222B0ADDE3695B0607D540F6270182
:10B5480000220EF099DA0146204600E0002140F280
:10B5580024620EF031D903681D4308F10108B8F1DF
:10B568001F0FC8D19DF828304BB145B10123009376
:10B5780020462B4639463246FFF7B4FF0543284696
:10B58800BDE8FE83816838B540F63C03994204461D
:10B5980028D1C3680B2B03D84FF0A871994001D468
:10B5A8000C2B1FD949F218239A4205D049F640437B
:10B5B8009A4217D10C4D00E00C4D63692046222BAE
:10B5C8000ADDE369590607D540F6270100220EF087
:10B5D80053DA0146204600E0002140F2DC620EF01A
:10B5E800EBD8056038BD00BF99010100B601010024
:10B5F80038B543690446222B0ADDC3695D0607D5C1
:10B6080040F6270100220EF037DA0146204601E015
:10B61800204600214FF4C0620EF0CED805682046BF
:10B6280005F07C05AD08FFF747FF03E08378AB42E0
:10B6380007D00C3010B10388002BF7D12046FFF754
:10B648003FFF03884FF47A70584338BD70B50446FD
:10B6580016460D460AF0B0DD94F86023094B002821
:10B6680018BF0123012A94F8682308BFD4F85C3373
:10B67800012A0CBFD4F864236FF000422B603260BB
:10B6880070BD00BF0100820E2DE9FF471D464369CA
:10B6980090460022222B044689460292039209DD35
:10B6A800C3695F0606D540F627010EF0E5D90146C5
:10B6B800204601E0204600214FF4C4620EF07CD8F9
:10B6C8000560236A20460C2B636916DD222B0ADDF0
:10B6D800E3695E0607D540F6270100220EF0CCD9B3
:10B6E8000146204600E000214FF4C5620EF064D800
:10B6F80007683F0CBF05BF0D14E0222B0ADDE36984
:10B70800590607D540F6270100220EF0B5D90146A3
:10B71800204600E000214FF4C5620EF04DD80768BE
:10B728003F0AFFB20123AB40002620464946424665
:10B738000096FFF7D7FE0546012212FA06F32B42C0
:10B7480007D00092204649464246FFF7CBFE25EA3D
:10B75800000501361F2EEFD1204602A903AAFFF7E4
:10B7680075FF029B002625EA030A35460123AB40F4
:10B7780013EA0A0F08D0204649464246EBB2FFF7C3
:10B7880083FF864238BF064601351F2DEED1B81C0F
:10B79800801904B0BDE8F0872DE9F041069E044603
:10B7A80015461F46FFF78EFE002870D010EA0608DF
:10B7B80000EA07072CD063692046222B0ADDE369DB
:10B7C8005A0607D540F6270100220EF055D9014642
:10B7D800204600E0002140F21C620DF0EDDF6369B5
:10B7E8000646222B20460ADDE3695B0607D540F6AC
:10B7F800270100220EF040D90146204600E0002132
:10B8080040F21C620DF0D8DF036843EA0803336096
:10B81800002F2BD063692046222B0ADDE3695E06E0
:10B8280007D540F6270100220EF026D9014620460A
:10B8380000E000214FF4C3620DF0BEDF63690646E5
:10B84800222B20460ADDE369590607D540F6270171
:10B8580000220EF011D90146204600E000214FF4E5
:10B86800C3620DF0A9DF03681F433760079B9A0383
:10B8780005D4BDE8F0810A2008F0C8DB01E040F2F9
:10B88800DD54D5F8E0319B0301D4013CF3D1BDE888
:10B89800F081F7B51E4643690446222B0F4615462C
:10B8A8000BDDC3695A0608D540F6270100220EF0C1
:10B8B800E3D800970146204602E000972046002181
:10B8C8004FF0FF334FF4CA620EF026DC6369222B77
:10B8D8000CDDE3695B0609D540F627012046002206
:10B8E8000EF0CAD800960146204602E0009620468F
:10B8F800002140F254622B460EF00EDCFEBDF7B577
:10B908001E4643690446222B0F4615460BDDC369C4
:10B918005B0608D540F6270100220EF0ADD8009747
:10B928000146204602E00097204600214FF0FF33F1
:10B938004FF4CB620EF0F0DB6369222B0CDDE36978
:10B94800590609D540F62701204600220EF094D862
:10B9580000960146204602E000962046002140F26B
:10B968005C622B460EF0D8DBFEBDF7B51E46436978
:10B978000446222B0F4615460BDDC369590608D528
:10B9880040F6270100220EF077D80097014620469E
:10B9980002E00097204600214FF0FF334FF4CC62BD
:10B9A8000EF0BADB6369222B0CDDE3695A0609D570
:10B9B80040F62701204600220EF05ED80096014688
:10B9C800204602E000962046002140F264622B46A1
:10B9D8000EF0A2DBFEBD436913B5222B04460DDD34
:10B9E800C3695B060AD540F6270100220EF044D849
:10B9F8004FF4806301460093204604E04FF48063CF
:10BA08000093204600214FF4C0620EF085DB1CBD78
:10BA18002DE9F04F013AD2B2082A85B004469A4679
:10BA280015D8374B9E5C374B9F5C374B13F8029009
:10BA3800364B9B5C0393364B13F802B0354B9B5C3B
:10BA48000293354B13F80280344B9D5C07E00025C8
:10BA5800A8460295AB460395A9462F462E4663692C
:10BA6800222B0DDDE3695B060AD540F62701204647
:10BA780000220EF001D8CDF800900146204603E0E0
:10BA8800CDF80090204600214FF0FF334FF4CB62F1
:10BA98000EF042DB6369222B0FDDE36958060CD5F3
:10BAA80040F62701204600220DF0E6DF07EA0A03E8
:10BAB800B34001460093204605E007EA0A03B34075
:10BAC80020460093002117FA06F340F25C620EF05C
:10BAD80023DB039B83B148FA0BF208EA0A0848FA09
:10BAE8000BFB2046029C2946A2400BFA04F305B042
:10BAF800BDE8F04FFFF703BF05B0BDE8F08F00BF0A
:10BB08005C510100655101006E510100775101003F
:10BB180080510100EC530100F8510100015201006D
:10BB28002DE9F843044689460DF040DE002106461B
:10BB380020460EF0EBDB80462046FFF7B9FC0746AF
:10BB480020460EF055DA4946054642463B782046DF
:10BB5800FFF79AFD0B2302305843074B3146EB1889
:10BB6800B3FBF5F5454320460EF0D0DB0A23B5FBC1
:10BB7800F3F5A8B2BDE8F8833F420F0038B5436932
:10BB88000446222B0ADDC3695D0607D540F6270166
:10BB980000220DF071DF0146204601E02046002119
:10BBA80040F214620DF008DE63690568222B204616
:10BBB8000ADDE369590607D540F6270100220DF092
:10BBC8005BDF0146204600E0002140F214620DF0E0
:10BBD800F3DD03689D4214D063692046222B0ADDF9
:10BBE800E3695A0607D540F6270100220DF044DF25
:10BBF8000146204600E0002140F214620DF0DCDD31
:10BC08000568284638BD38B51C461D68FFF7B6FFDD
:10BC180003462360401B38BD2DE9F7430025044641
:10BC28000F46164698469DF828900195FFF7A6FFFF
:10BC3800019063692046222B0ADDE3695B0607D57C
:10BC480040F6270100220DF017DF0146204600E0EC
:10BC580000214FF4C2620DF0AFDDB9F1010F0068A9
:10BC680001D108B90EE050B9B8EB451F09D92046F3
:10BC78003946324601ABFFF7C6FF2D18D9E7002039
:10BC880000E001200B9B6D011D60BDE8FE832DE9DE
:10BC9800F04F002685B080468946924603960125D6
:10BCA80003AF40464946524643F69823009501970C
:10BCB800FFF7B2FF044688B98DE88100402340466B
:10BCC80049465246DDF80CB0FFF7A6FF039B38B98A
:10BCD8009B445E4443F697239E42E0D9284600E001
:10BCE800204605B0BDE8F08F2DE9F8439946436931
:10BCF8000446222B0E461546DDF82080099F0ADDF2
:10BD0800C3695A0607D540F6270100220DF0B4DEB4
:10BD18000146204601E0204600214FF4C3620DF0A1
:10BD28004BDD03682046C9F800306369222B0ADD21
:10BD3800E3695B0607D540F6270100220DF09CDE7B
:10BD48000146204600E0002140F21C620DF034DD7F
:10BD580003682046C8F80030D5F8E0313B60FFF7AB
:10BD6800B1FB0746002872D0D5F8E031990304D416
:10BD7800204631462A46FFF78AFF63692046222B70
:10BD88000ADDE3695A0607D540F6270100220DF0BF
:10BD980073DE0146204600E000214FF4C3620DF037
:10BDA8000BDD63690646222B20460ADDE3695B0644
:10BDB80007D540F6270100220DF05EDE0146204639
:10BDC80000E000214FF4C3620DF0F6DC0368FF4386
:10BDD8003B40336063692046222B0ADDE3695E0637
:10BDE80007D540F6270100220DF046DE0146204621
:10BDF80000E0002140F21C620DF0DEDC63690646BB
:10BE0800222B20460ADDE369590607D540F62701AB
:10BE180000220DF031DE0146204600E0002140F20C
:10BE28001C620DF0C9DC036840F2DD541F40376026
:10BE380002E00A2008F0EAD8D5F8E0319A0301D5E3
:10BE4800013CF6D16420BDE8F84308F0DF98BDE86E
:10BE5800F88337B5044601AB4FF400616A460EF02B
:10BE680063DA63692046222B0ADDE3695D0607D59C
:10BE780040F6270100220DF0FFDD0146204600E0D4
:10BE880000214FF4CE620DF097DC056815F00053E1
:10BE980016D063692046222B0ADDE369590607D5C7
:10BEA80040F6270100220DF0E7DD0146204600E0BC
:10BEB80000214FF4CE620DF07FDC0560012500E023
:10BEC8001D4620469DE806000EF04CD928463EBD8A
:10BED80070B504460E460DF069DC00210546204683
:10BEE8000EF014DA314602462046FFF781FB294658
:10BEF800064620460EF00ADA304670BD014B18603F
:10BF0800704700BF94610100F8B5484F04463A688D
:10BF1800002A40F089804369222B09DDC3695B064A
:10BF280006D540F627010DF0A7DD0146204601E0C1
:10BF38002046002140F214620DF03EDC636905687A
:10BF4800222B20460ADDE3695E0607D540F6270165
:10BF580000220DF091DD0146204600E0002140F26C
:10BF680014620DF029DC03689D4214D063692046F1
:10BF7800222B0ADDE369590607D540F6270100227E
:10BF88000DF07ADD0146204600E0002140F21462FF
:10BF98000DF012DC056842F2107008F037D86369BA
:10BFA8002046222B0ADDE3695A0607D540F6270109
:10BFB80000220DF061DD0146204600E0002140F23C
:10BFC80014620DF0F9DB63690668222B20460ADD4E
:10BFD800E3695B0607D540F6270100220DF04CDD2A
:10BFE8000146204600E0002140F214620DF0E4DB37
:10BFF80003689E4214D063692046222B0ADDE36958
:10C008005E0607D540F6270100220DF035DD014612
:10C01800204600E0002140F214620DF0CDDB0668F6
:10C02800751B642675433D603868F8BD946101004E
:10C038002DE9F74F0446884691461F460DF0E8DF84
:10C048008346002840F0D98020460DF0AFDB5946E2
:10C05800824620460EF05AD9636905462D2B0CD12D
:10C06800D0F8F430B9F1000F02D023F0007301E0EA
:10C0780043F00073C5F8F430B8E02046FFF718FA2B
:10C08800C37801269E4000F0B180B9F1000F5ED060
:10C0980063692046222B0ADDE369590607D540F675
:10C0A80027015A460DF0E8DC0146204600E0002151
:10C0B8004FF4C3620DF080DB036841463B6043EAFE
:10C0C80006070123009320463B462A46FFF70AFA53
:10C0D80063690743222B20460ADDE3695A0607D520
:10C0E80040F6270100220DF0C7DC0146204600E09B
:10C0F80000214FF4C3620DF05FDB414607602A461A
:10C108002046FFF7C4FD4FF47A7007F07FDF40F256
:10C11800DD5702E00A2007F079DF63692046222B09
:10C128000ADDE3695B0607D540F6270100220DF01A
:10C13800A3DC0146204600E0002140F20C620DF02D
:10C148003BDB0368334242D1013FE3D13FE03A6829
:10C158009AB963692046222B09DDE3695F0606D593
:10C1680040F627010DF088DC0146204600E000215A
:10C178004FF4C3620DF020DB026822EA06070123B0
:10C18800009320463B4641462A46FFF7ABF96369D0
:10C19800074337420CBF00260126222B20460ADD22
:10C1A800E369590607D540F6270100220DF064DC43
:10C1B8000146204600E000214FF4C3620DF0FCDA8E
:10C1C800414607602A462046FFF761FD00E0012648
:10C1D80040F22D1702E00A2007F018DF2B6903F45C
:10C1E8008053B3EB063F01D0013FF4D120465146BE
:10C1F80003B0BDE8F04F0EF0899803B0BDE8F08FAA
:10C20800F0B589B004460D4606AA07AB4FF40061A5
:10C218000EF08AD829462046FFF75AFE4FF47A7660
:10C228000022B0FBF6F6134602212046FFF79DFBDD
:10C2380000220746134600F00F0503212046FFF7AA
:10C2480094FB4FF680733B40DF094FF4000320F066
:10C258007F42009303A804A9334603F09DDE05A896
:10C268000399049A1823774303F0DADE05B92D60A1
:10C27800059A4FF4006300934FF4805303A804A970
:10C28800BA1893FBF5F303F087DE02A80399049A22
:10C298000C2303F0C5DE20460699079A0DF062DFED
:10C2A800029809B0F0BD10B504460DF0E7DE01466E
:10C2B8002046BDE81040FFF7A3BF70B504461646F8
:10C2C800FFF7F1FF63690546222B20460ADDE36983
:10C2D8005B0607D540F6270100220DF0CDDB0146AD
:10C2E800204600E000214FF4CC620DF065DA04230B
:10C2F8000360D6F864364FF47A70DBB2B5FBF3F519
:10C30800684370BD70B504460E460DF04FDA002143
:10C31800054620460DF0FADF314602462046FFF773
:10C32800CCFF2946064620460DF0F0DF304670BDAA
:10C33800FFF7E8BF37B50446FFF7B5FF4FF40061D4
:10C348006A4601AB054620460DF0EEDF0022134693
:10C3580020460421FFF709FB00F47F40030A00B9D7
:10C368001B60B5FBF3F520469DE806000DF0FADEEC
:10C3780028463EBD70B504460E460DF017DA00217A
:10C38800054620460DF0C2DF314602462046FFF73B
:10C398007EFC2046FFF78CF863690646222B204670
:10C3A8000ADDE3695A0607D540F6270100220DF099
:10C3B80063DB0146204600E0002140F20C620DF0EC
:10C3C800FBD9F378012111FA03F3026829461A42CE
:10C3D8000CBF0026012620460DF098DF304670BDC0
:10C3E80070472DE9FF47836E002204460D460292EE
:10C3F800039263B1D0F8CC1000EB8101D1F8D400DE
:10C40800216E884205D1606E9847814602E09946C0
:10C4180000E0914620460DF0C9D900218246204609
:10C428000DF074DF02A9804603AA2046FFF70EF933
:10C43800029F00260396F7B13B462046294642460E
:10C448000096FFF74FF863693843222B0290204685
:10C458000ADDE369590607D540F6270132460DF093
:10C468000BDB0146204600E000214FF4C3620DF0CB
:10C47800A3D9029B0360039EFEB1002733462046E2
:10C48800294642460097FFF72DF863693043222B6F
:10C49800039020460ADDE3695A0607D540F62701CE
:10C4A8003A460DF0E9DA0146204600E0002140F264
:10C4B8001C620DF081D9039B036029464246204641
:10C4C800FFF7E5FB204651460DF020DFE36E5BB138
:10C4D800D4F8CC2004EB8202D2F8D410226E914218
:10C4E80002D1606E49469847BDE8FF8710B5002223
:10C4F8000C4608F0B1D8A0B90A4B1B688BB11A7862
:10C508007AB1DA8994420CD8184604F0E1D820B1FF
:10C51800054B1A6801321A6010BD044B1A680132C3
:10C528001A6010BD44040000986101009C6101007C
:10C53800037E2BB14069D0F1010038BF002070475D
:10C5480001207047014B03EBC0007047A061010058
:10C55800014B03EBC0007047C061010070B50C4689
:10C56800164609F0B3DD80B100252846FFF7F0FF35
:10C5780003681BB980E85000184670BD0135EDB25C
:10C58800042DF2D14FF0FF3070BD4FF0FF3070BD79
:10C598006FF01600704770477047000003682DE978
:10C5A800F041C0F8203143680022C0F82431836884
:10C5B800C0F82831C368C0F82C310369C0F830319D
:10C5C8004369C0F834318369C0F83831C369C0F8A9
:10C5D8003C3100F59073534E1C69DF699559D3F8C7
:10C5E80014C07D194FEAB41787EAF42787EA7467FD
:10C5F800ED199F6927EA040704EA0C047C402C190A
:10C608008D1811F802C0EF78043247EA0C6795F8E4
:10C6180001C0AD7847EA0C4747EA05256419DD6192
:10C62800DD68402A2544DD6093E8A01087EA0C08FD
:10C6380008EA05080CEA070C88EA0C074FEAB50C6B
:10C648008CEA753C8CEAB5553D442C4443F8044DBE
:10C65800C1D100F1E00306F13C0500F120071A6999
:10C6680055F8044FD9695E6961184FEAB21484EA33
:10C67800F22484EA726409199C69D3F85CC024EA3C
:10C688000204324062409E6B5C6A66444FEA744C16
:10C698008A188CEAF44C996D8CEA942434194FEA80
:10C6A800F11686EAB14686EAD10161185218D961B5
:10C6B800D9688918D96093E8520084EA060C0CEA14
:10C6C800010C26408CEA06044FEAB10686EA713668
:10C6D80086EAB1516118891843F8041DBB42BED1DE
:10C6E800036842685918436A0160D3184360826836
:10C6F800836AD3188360C268C36AD318C3600269A7
:10C70800036BD31803614269436BD3184361826991
:10C71800836BD3188361C269C36BD318C361BDE847
:10C72800F08100BFC0540100F0B5034696100F46D3
:10C73800002510E057F8044B01354FEA146C83F8D4
:10C7480000C04FEA144C83F801C04FEA142C83F858
:10C7580002C0DC700433B542ECDB26EAE67312F063
:10C76800030200EB83000AD051F82340182100236C
:10C7780034FA01F5C554013308399342F8DBF0BDAA
:10C788000048704764540100D0F8B43170B5D3182C
:10C79800934204460E461546C0F8B43104D2D0F888
:10C7A800B0310133C0F8B031D4F8AC21AB183F2B0D
:10C7B8000AD8A21802F5B67031462A4602F09EDE63
:10C7C800D4F8AC315D1925E0E2B1A0183146C2F1C8
:10C7D800400200F5B67002F091DED4F8B831201DA1
:10C7E80004F5B6719847D4F8AC31C3F14002403B28
:10C7F800B6185D1906E03146D4F8B831201D9847BF
:10C808004036403D3F2DF6DC04F5B67031462A46E9
:10C8180002F074DEC4F8AC5170BD0000012910B5F7
:10C82800044640F8041B05D10A4B0B49C4F8B8313B
:10C83800142204E0094B0A49C4F8B831202202F056
:10C848005DDE0020C4F8AC01C4F8B001C4F8B4013E
:10C8580010BD00BF0D430000C05501004540000059
:10C86800A0540100F8B5044600F5AA760D4600F577
:10C878008A7721463046142202F040DE3069664944
:10C88800726841183068331F01EBF061F06820EAE4
:10C89800020CB06810408CEA0000091846F8041C25
:10C8A800687895F800C0000440EA0C6095F803C069
:10C8B8004FEAB20240EA0C0095F802C0043540EA9B
:10C8C8000C2041189F42306146F8041C72601E46D5
:10C8D800D4D304F5827530694F497268411853F80A
:10C8E8000409F76801EBF061B06827EA0207104015
:10C8F80078400918376BF0694FEAB2027840B76C94
:10C9080072607840376D78404FEAF07030610818EF
:10C9180046F8040C043EAB42DDD804F1B4061A46CE
:10C9280015693E495068691853F80459D76801EBEE
:10C93800F561956845407D404919176BD5694FEAFF
:10C94800B0007D40976C50607D40176D7D404FEA88
:10C95800F57515614D1942F8045C043AB342DFD805
:10C9680004F1640C1A4615692D49101D691853F80D
:10C978000459C1C801EBF56186EA0705054037404F
:10C9880085EA07068919D569166B4FEAB000754024
:10C99800966C50607540166D75404FEAF5751561D7
:10C9A8004D1942F8045C043A6345DCD804F11406D6
:10C9B8001D691C49586869181D68DF6801EBF56135
:10C9C8009D681A4645407D4049191F6BDD694FEA4D
:10C9D800B0007D409F6C58607D401F6D7D404FEAE0
:10C9E800F57549191D6143F8041C043B9E42DFD3C9
:10C9F80023685918216013686168CB18636053680D
:10CA0800A168CB18A360E1689368CB18E36021693B
:10CA1800D368CB182361F8BD9979825AA1EBD96EF6
:10CA2800DCBC1B8FD6C162CA30B5034685B00C4644
:10CA380015466846194607F0B3DE20466946102DAC
:10CA4800B4BF2A46102202F059DD05B030BD07F008
:10CA5800039F08B507F0ECDE002008BD38B5044692
:10CA68000D46FFF78DFE0346E4B1002222606260A6
:10CA78000122AA4001680A420AD100F11401406962
:10CA8800024204D103F128019B6A1A420DD00B46D9
:10CA980004F1100063602560A0609B6829469847F0
:10CAA800002038BD6FF0010038BD6FF0160038BDAA
:10CAB80008B5436813B1DB688068984708BD08B5B6
:10CAC800436813B11B698068984708BD0138062878
:10CAD8009ABF024B18560020704700BFD45501007A
:10CAE800F8B5044600680E461546FFF7EFFF002824
:10CAF8004AD0D4F8AC218021A31883F86C11531CB8
:10CB0800A842B8BF0546382BC4F8AC3111D9A018D3
:10CB180000F5B6700021C2F13F02013002F072DD6B
:10CB2800D4F8B831201D04F5B67198470023C4F82D
:10CB3800AC31D4F8AC210021A01800F5B670C2F1D0
:10CB4800380202F05FDDD4F8B021D4F8B431D20055
:10CB580042EA5372DB00C4F8B021C4F8B4310822A9
:10CB680004F5D27004F5D871271DFFF7DDFD3846AE
:10CB780004F5B671D4F8B8319847304639462A4694
:10CB8800BDE8F840FFF7D0BDF8BD07280AD84FF038
:10CB9800C243834004D44FF0F053834004D401E0EF
:10CBA8004020704700207047802070472DE9F047EB
:10CBB8000C46B0B090469A460746002846D008462C
:10CBC800FFF784FF81462046FFF7DFFF5045064602
:10CBD80007F1800513DA21462846FFF73FFF414653
:10CBE80052462846FFF764FF284620A94A46FFF721
:10CBF80066FF4E45B4BFB246CA460DF18008002311
:10CC080009E018F8032082F0360182F05C020DF882
:10CC18000310FA5401335345F3DB2AEAEA7A07E0B2
:10CC280036230DF80A305C2307F80A300AF1010AA6
:10CC3800B245F5DB21462846FFF710FF044638B910
:10CC4800284669463246FFF733FF01E06FF00104DA
:10CC5800204630B0BDE8F08710B18030FFF728BF1C
:10CC680070472DE9F843DDF82080044615469946BB
:10CC780061B10E46002707E032881AB12046716874
:10CC8800FFF7EAFF01370836AF42F5DBB9F1000FCD
:10CC980009D0B8F1000F06D0204649464246BDE803
:10CCA800F843FFF7D9BFBDE8F8832DE9F0478A4676
:10CCB80090B09046064600282BD0D0F8807000F13E
:10CCC80080043846FFF761FF81463846FFF7FEFECD
:10CCD80005462A4620466946FFF7F1FE39462046B2
:10CCE800FFF7BCFE204631464A46FFF7E1FE2046E4
:10CCF80069462A46FFF7DCFE204669462A46FFF7C2
:10CD0800DEFE504669464545B4BF2A46424602F013
:10CD1800F5DB10B0BDE8F087F0B51446ADF5337D0E
:10CD280007460E461D4602A8234639463246FFF7F7
:10CD38003DFF044660B9BA9B02A800932946B89AF9
:10CD4800B99BFFF78EFF02A8BB99BC9AFFF7ADFF0E
:10CD580020460DF5337DF0BD2DE9F04F93B01E9FB1
:10CD680081468B4692461C461F9D002F68D0002D99
:10CD780068D02BB1184602F0F1DC00F1010800E0A0
:10CD880098464846FFF7A2FE064600285CD0431E98
:10CD9800EB1893FBF0F3FF2B079355DC4FF6FF736B
:10CDA800984551DC1D9A9A424EDC2B4BADF8342045
:10CDB800002C08BF1C461C9B01220E9312AB03F8E3
:10CDC800012D1093032300930023ADF82400ADF840
:10CDD8003C2001930293A842D4BF0490049559467D
:10CDE800484652460BAB0C940A97ADF82C80039733
:10CDF800FFF792FF044600282AD14FF0020819E0F5
:10CE0800AD1B002D0A9723DD042300930023019313
:10CE18000293BF1948465946524609AB8DF84780D8
:10CE28000397B542D4BF04950496FFF775FF08F140
:10CE3800010860B9079A08F1FF339342E0DD07E083
:10CE48003C4605E02C4603E06FF0160400E004467B
:10CE5800204613B0BDE8F08F05EA89000B4B10B5EA
:10CE68001A681C46904204D15A68914201D118466A
:10CE780010BD6369054A984206D19069143281420F
:10CE88000CBF1046002010BD002010BD6C5D0100D5
:10CE980073B504460CF0F6DE14237422204640F6DF
:10CEA8000C410CF04FDE2046012104220DF030D851
:10CEB8002046022104220DF02BD80125002120460E
:10CEC80040F61C624FF0FF3300950CF0A7DE1123EB
:10CED80000930021204640F618624FF0FF330CF013
:10CEE8009DDE41F2021300930021204640F64442A1
:10CEF8004FF0FF330CF092DEF32320464FF45E61CF
:10CF08004FF0FF320CF01EDE0023204640F6F851A9
:10CF18004FF0FF320CF016DE0023204640F6E451B5
:10CF28004FF0FF320CF00EDE0823204640F6EC519D
:10CF38004FF0FF320CF006DE0023204640F6E851A1
:10CF48004FF0FF320CF0FEDDDB2320464FF45D612D
:10CF58004FF0FF320CF0F6DD0C220023204640F69D
:10CF680054410CF0EFDD284B00210093204640F699
:10CF7800BC524FF0FF330CF051DE244B294600938E
:10CF8800204640F6BC524FF0FF330CF047DE204BF2
:10CF980002210093204640F6BC524FF0FF330CF0BC
:10CFA8003DDE2A462B46204640F624610CF0CADDB9
:10CFB80040F6FF7300930021164E204640F6B45207
:10CFC8004FF0FF330CF02ADE0021204640F6B8521D
:10CFD8004FF0FF3300960CF021DE4BF698230093B8
:10CFE8002946204640F6B8524FF0FF330CF016DEC3
:10CFF80020464FF45C614FF0FF32334602B0BDE883
:10D0080070400CF09F9D00BF1011121314151617D5
:10D0180018191A1B1032547613B50C4602B949B1C7
:10D02800084913B10B681C4003E00B681C4324EA51
:10D038000304224000920021702223460CF0BADB40
:10D048001CBD00BFA404000013B5144642690A2A97
:10D058000FDD29B1012905D002290AD1842202E075
:10D06800782200E07C220093002123460CF0A2DB0A
:10D0780001E04FF0FF301CBD2DE9F04104460CF0F3
:10D088007BDF00210A460B4607462046FFF7C4FF10
:10D0980000210A460B4606462046FFF7D5FF002228
:10D0A8000546022120461346FFF7CEFFD4F87880C4
:10D0B80015E0D8F8083083B198F80420002AD8F889
:10D0C8000C200CBF2846384600EA020012D0324035
:10D0D800904202D0D8F800109847D8F81080B8F1DC
:10D0E800000FE6D1204641462A462B46BDE8F041CE
:10D0F800FFF7AABF0028EDD1EFE74FF48030704763
:10D1080038B500251D70D1F8CC304FF4006113609C
:10D118002A4604460DF0ECD8054638B1D0F8E0317F
:10D12800DA0103D4204601210DF0BCDC284638BDC5
:10D1380073B504460DF02AD818B920460DF0D2D898
:10D1480060B3204621466A460DF10703FFF7D8FF72
:10D158000646C0B140F22D1502E00A2006F056DF5F
:10D16800D6F8D431180706D4013DF6D103E00A20D9
:10D1780006F04CDF01E040F22D15D6F8D4315907FE
:10D1880001D5013DF3D1204600210DF08BDC9DF83F
:10D1980007301BB9204600990DF0B8D87CBD10B5F2
:10D1A800044607F0CDD82046FFF7C2FF012010BD86
:10D1B800F0B585B004460D4617460DF093D8002803
:10D1C80000F09480A66E6EB1D4F8CC3004EB8303E3
:10D1D800D3F8D420236E9A4203D1606EB047064636
:10D1E80000E000262046214602AA0DF10F03FFF7B2
:10D1F80087FF002863D0082F61D8DFE807F00514FF
:10D208001C2735404A550D000095204600214FF453
:10D218009C724FF0FF334EE00021009120464FF4FE
:10D228009C720B4647E04FF0FF33009320460021E5
:10D238004FF49A723FE0002120464FF4EC720B46FF
:10D2480000910CF0B7DA00F0010539E025B1202390
:10D2580000932046002103E002230093204629463C
:10D268004FF4E872222326E0002120464FF49A72F8
:10D278000B4600910CF09EDAC0F3C02520E0002197
:10D2880020464FF4E0720B4600910CF093DAC5B2D9
:10D2980016E0002120464FF49A720B4600910CF0DC
:10D2A80089DAC0F340250BE0EDB200952046002155
:10D2B8004FF4E072FF230CF07DDA054600E001250B
:10D2C8009DF80F301BB9204602990DF01FD8E36E68
:10D2D8006BB1D4F8CC2004EB8202D2F8D410226EC1
:10D2E800914204D1606E3146984700E005462846D1
:10D2F80005B0F0BD00487047C05D010000207047D0
:10D3080010B50C4641B18B6823B9C06F09680EF09F
:10D3180029DBA060A06810BDC06F10BD1FB5084A0A
:10D3280003460092074A08460192074A07491268CD
:10D3380002921A68064B02F0D5DB05B000BD00BFAB
:10D34800145601004039010090600100E5550100C4
:10D358000856010008B1D0F888007047642910DC2D
:10D36800632921DA4A291FD005DC07291FDB082990
:10D378001ADD3C2912E0502916D018DB5C39032944
:10D3880011E0C32904DCC2290EDAA83902290AE00F
:10D39800B1F5847F08D003DCB1F5807F07D103E0C5
:10D3A800A1F58971012902D86FF016007047002095
:10D3B800704700207047C88810F0080018BF6FF049
:10D3C800160070474A6810B593424C8829DBE3067B
:10D3D80003D503681B7E002B26D1210703D50368DC
:10D3E8001B7E002B23D0A20602D5437E002B21D022
:10D3F800630722D414F0030322D002994CF05EDEB6
:10D4080000281FD0E10702D58379002B1DD114F025
:10D4180002041DD08379002B0CBF6FF0050000209B
:10D4280010BD6FF0010010BD6FF0040010BD6FF06B
:10D43800030010BD6FF00A0010BD6FF0160010BD9C
:10D44800184610BD6FF01D0010BD6FF0060010BD2E
:10D45800204610BD37B50546900723D58C6A0CB316
:10D46800A168226963680905C3F30043117A44BFC0
:10D4780043F00203DBB211B1D2F8080101E0D2F89F
:10D4880004017F228DE80C000022383004F13C01B1
:10D49800134675F081DB2846214603B0BDE83040CD
:10D4A8007CF0E69F03B030BD2DE9F04F87B0002334
:10D4B8000F4610AC1599049305938046934694E85B
:10D4C8007002DDF850A04CF0F9DDB7F90630002BFA
:10D4D8001ADA1BF0010FB9883A890CD04900CDF847
:10D4E80000900196CDF80890CDF80CA0D8F810005F
:10D4F8000131334605E08DE86006D8F81000490090
:10D50800234607F0B3FD0FE0032D0BD9042204A82E
:10D51800214601F0F3DF072D04D905A8211D0422B7
:10D5280001F0ECDF6FF0160007B0BDE8F08F0000E7
:10D5380038B50C4605460846484902F0D3DA48494A
:10D54800204602F0CFDA4749204602F0CBDA4649B6
:10D55800204602F0C7DA4549204602F0C3DA4449BA
:10D56800204602F0BFDA2046424902F0BBDAD5F87D
:10D57800340137F043DA20B9D5F8380139F0DEDA6A
:10D5880018B120463C4902F0ADDAD5F8340137F03D
:10D5980035DA18B12046394902F0A4DAD5F838014D
:10D5A80039F0CCDA18B12046354902F09BDAD5F8C3
:10D5B80030013AF001DC18B12046324902F092DA23
:10D5C800D5F8300105F0ACF918B120462E4902F023
:10D5D80089DA20462D4902F085DAD5F84C0165F044
:10D5E8004FDF18B120462A4902F07CDA2B6893F8FD
:10D5F8003B301BB12046274902F074DA2649204601
:10D6080002F070DA2549204602F06CDA2B6A1869B4
:10D6180009F020FC820707D52149204602F062DA8A
:10D628002046204902F05EDA20461F4902F05ADA05
:10D6380020461E4902F056DA20461D4902F052DA09
:10D6480020461C4902F04EDA20461B4902F04ADA0D
:10D658001A492046BDE8384002F0449A1D56010098
:10D6680021560100265601002B56010034560100B0
:10D678003D56010041560100465601004D56010035
:10D6880057560100615601006A56010073560100A1
:10D6980082560100875601008E56010095560100FA
:10D6A800A1560100AA560100B7560100BC56010058
:10D6B800C6560100CB560100D0560100D8560100CD
:10D6C80030B585B0054668460C4602F0F5D92846BF
:10D6D8006946FFF72DFF204605B030BD2DE9F04F14
:10D6E80003F00103A9B004461493D4F87C341069FC
:10D6F8001B680E46C358D0F858131B7891460F93F1
:10D70800D4F88034B2681B681991C35808901B7804
:10D7180009921593138860680B9303F00C039B0818
:10D72800022B08BF0B9913930B9A0CBFC1F3C013BC
:10D738000023DBB21A9302F44073A3F540756B42E1
:10D7480043EB050331461C93379F03F08DDA369B74
:10D7580004300E9083B11B7A0B2B07D1236893F802
:10D76800AD304BB136988379072B05D836990E9A88
:10D7780091F90F30D2180E92D4F8B031002B2DDA6F
:10D78800369B03B31B7A022B1FD194F8B022F2B94F
:10D798000898036D13F008031CD136998A7921681B
:10D7A800D1F8B8108A4217D2032A15D90B2A13D8F0
:10D7B800B269900010D4339A012A0FD10E9B012030
:10D7C80008330E9304E0369A04E0002304E00020B6
:10D7D8000C9005E00C9203E00C9301E000210C9101
:10D7E800B568B389AA1F7633A5F176001D92B38177
:10D7F80000217022B060189001F004DFB38BD904C7
:10D8080002D4B269520502D51B051B0D20E0D9F8D8
:10D818000420A04B1340BBB10B9901F0FC03882BEB
:10D8280012D1099A1379D8070ED43398F289411E78
:10D8380002F007023298583209EB42028842D38834
:10D8480006D1591CD18003E01399012906D111E0B2
:10D85800139801280ED00021079102E010220792A8
:10D86800002332981B019BB200F00F020999134361
:10D87800CB8201E000220792099BA068DA8AB38B69
:10D8880023F47E6323F01F0343EA1213B38314F0D7
:10D8980003DA010703D5B38B43F40053B3833498F9
:10D8A800042808D12046089935F82A2C14F080DE7F
:10D8B800ADF8980019E03299339801F00F02B4F8E6
:10D8C8005A33411E329842EA0312884292B202D178
:10D8D8000133A4F85A333499520147F6E0731340E0
:10D8E80001F007021343ADF8983099F8D7303BB9E7
:10D8F8000B9A02F0FC03802B02D0089883791BB99D
:10D90800079941F020010791634B3B40002B40F001
:10D91800828007F04072B2F1807F00F08180139A14
:10D92800012A30D9B369DA062DD4002B2BDB96F9FE
:10D938001F30002B27DB226A574BD2F8488008EAB1
:10D94800030323B908F04073B3F1807F03D109982A
:10D958000379DF0766D4D2F844804F4B08EA030303
:10D9680023B908F04073B3F1807F04D109990B798A
:10D9780013F0010359D0099A1379D80703D4D9F8B9
:10D988000830190705D599F8407007F07F07B846A1
:10D9980049E002238DF8863027AB0093D4F85C0168
:10D9A8001FAB494626AA7CF053DD0B98DDF87C8036
:10D9B80000F0FC03482B209F01D0C82B0BD1414617
:10D9C800089800222AF0F4DE99F84070804607F0A3
:10D9D8007F07002308E0B369329943F00063B3611D
:10D9E800D1F1010338BF0023BDF89C20D20703D52D
:10D9F800B26942F40052B261226892F8E120BAB1E9
:10DA0800D4F8F8064946BDF8982005937CF0D4DA96
:10DA1800059B12900DE00022B8461292134608E0CA
:10DA2800B84603E04746002300E04746129300E06B
:10DA380012922268D4F8840492F84F2090F80CB01F
:10DA480012F0030200F09C818278012A09D9216A28
:10DA580091F94D10A1F1010EDEF1000141EB0E012B
:10DA680000E00021012A5FFA81FA17D9226A92F9A7
:10DA78004D20013212D1D9F8042012F080420ED084
:10DA88000E300221059302F0E7DC021C18BF0122C8
:10DA9800059B04E040000100FF0000C0002218F0D0
:10DAA800407FD0B25FFA88F207D01F2A02D9202A15
:10DAB80007D0553A072A04D91CE0A0498A56002AFB
:10DAC80018DAB8F1000F15DB28F4801828F440782C
:10DAD80018F0407209D0BAF1000F03D1B2F1807F7B
:10DAE80003D110B148F4801804E0BBF1010F08BF5E
:10DAF80048F4807817F0407FFAB207D01F2A02D97D
:10DB0800202A07D0553A072A04D91BE08B498A56A0
:10DB1800002A17DA002F15DB27F4801727F440773F
:10DB280017F0407209D0BAF1000F03D1B2F1807F2B
:10DB380003D110B147F4801704E0BBF1010F08BF0F
:10DB480047F48077B4F8582402F46052B2F5C05F05
:10DB58002CD118F4E0221FD118F0407F17D0D9F843
:10DB68000420120313D5226892F83B2092B108983A
:10DB780082797AB1D0F80821528E02F46052B2F557
:10DB8800C05F0CBF4FF400324FF4803204E04FF412
:10DB9800803201E04FF4003218F0407F13D05FFA72
:10DBA80088F1202908BF4FF400320CE05FFA88F2B0
:10DBB800F9B2202A08BF4FF08078202908BF4FF01B
:10DBC80080774FF4803227F4E02A17F0407F28F45A
:10DBD800E02848EA020818BF4AEA020A226A08BF8F
:10DBE8004AF4803A516C564A0A40002A53D101F04F
:10DBF8004071B1F1807F4ED018F0407F94F81C221C
:10DC080004D0012A02D148F4000802E00AB928F435
:10DC180000081AF0407F94F81C2205D0012A03D18D
:10DC28004AF4000A00F009BE002A40F006862AF4E9
:10DC3800000A00F002BED9F80410C8032BD5D9F8A1
:10DC48000810090627D5013225D118F0407F0FD0DA
:10DC58005FFA88F2A2F15701012909D9632A07D08E
:10DC6800642A05D0652A03D0662A18BF48F48008BC
:10DC78001AF0407F0FD05FFA8AF2A2F1570101290A
:10DC880009D9632A07D0642A05D0652A03D0662AF1
:10DC980018BF4AF4800A2046494605931AF060DC0A
:10DCA80018F04072059B45D01599022908D108F44F
:10DCB800E02BABF50032D2F1000B4BEB020B01E08D
:10DCC8004FF0000B5FFA88F21F2A04D8072A94BF86
:10DCD800002101210AE0202A06D0A2F155010729D6
:10DCE80094BF0021012100E00021C9B239B199F89F
:10DCF800FE1021B199F8FF10003118BF012118F466
:10DD0800000F11911ED01F2A04D8072A8CBF0022A9
:10DD1800012209E0202A05D0553A072A8CBF0022A3
:10DD2800012200E00122D2B2002A0CBF02460422DE
:10DD38000D9208E00D929346119204E0581689005E
:10DD4800FF0000C00D901AF0407226D01AF4000FA0
:10DD580025D05FFA8AF21F2A04D8072A8CBF00222E
:10DD6800012209E0202A05D0553A072A8CBF002253
:10DD7800012200E00122D2B2002A18BF04200EE0DE
:10DD880028F4E02827F4E02A48F480384AF4803A56
:10DD980010920D929346119202E0109200E01090BA
:10DDA80093B1089A3398D2F8301102EBC103C2B28A
:10DDB800C3F838210131089A01F03F01C3F83481D2
:10DDC800C2F83011C9F820A218F0407703D15FFAE1
:10DDD80088F31B9303E0404674F058DE1B901398B9
:10DDE800022800D088B9B4F868340E99994202DC48
:10DDF800B3695B010CD5099A1198137903F00103F3
:10DE0800002B08BF0120179004E01199179101E039
:10DE1800119A1792236A597D41B10F9B33B12FB9DB
:10DE2800884A5FFA88F3D356002B07DB236893F8F8
:10DE38004F30980727D037B3159820B3339A012A63
:10DE48000ED90F9B002B0CBF4FF0300A4FF0160A6B
:10DE5800B3694AF4803A23F00063B361D04612E014
:10DE680089B10F9878B167B908F07F03022B0AD0FF
:10DE7800042B08D00B2B06D0162B18BF4FF0010B24
:10DE880001E04FF0010B18F040710F911AD108F022
:10DE98007F03162B16D86C4A9A4013D5149A62B190
:10DEA8005FFA88F3022B0BD0D9F8103093F92C3194
:10DEB80013F1FF3318BF012300E0149B0D9301E019
:10DEC8000F980D901AF0407116911BD10AF07F033C
:10DED800162B17D85C4A9A4014D5149A6AB15FFA7F
:10DEE8008AF3022B0CD0D9F8103093F92C2112F1B7
:10DEF800FF3218BF0122109204E0169B109301E034
:10DF0800169810901399D9F80430022908BFC9F857
:10DF1800588113F480334AD094F80D32002B46D040
:10DF280094F81132002B42D0159A032A30D00F9B57
:10DF38004BB908F07F03022B2CD0042B2CD00B2BD1
:10DF48002DD0162B2ED00998037913F001032BD16D
:10DF58000B9901F0FC02882A29D1349A032A26D881
:10DF6800B3691C9843F48053B361079B099900284F
:10DF78000CBF18221E2243F4A04307938B5A23F0A8
:10DF880060031B041B0C43F020038B52012207E0A3
:10DF980000230CE00F9808E00F990A9108E00F9A07
:10DFA8000A9205E00F9B02E000200A9000E00A9325
:10DFB8001D99204600910E9A41460B9B20F08CD962
:10DFC80022AF204651460E9A0B9B009720F084D929
:10DFD8000622A5F14000394601F090DA169A62B996
:10DFE8000AF07F03162B08D8174A9A4005D50E9BCE
:10DFF80005F83C3C1B0A05F83B3CB3690F995A05E8
:10E0080012D591B1369A22B1127A042A01D00B2A7C
:10E018001CD143F40063B361179894F8DA32002BEB
:10E0280018BF0120179011E081B9064A5FFA88F3FA
:10E03800D356002B0ADA15F8063C03F00F031493A5
:10E0480007E000BF581689000002102815F8062CB2
:10E0580014920B9BA42B14D009980379DB0710D4D6
:10E068000A9981B9B36920465F05414602D517F080
:10E0780021DD03E00D9A359B20F008D9099A5080DC
:10E0880014E00A9B53B1414620460D9A40F62A13E4
:10E098001FF0DCDE099980B2023048800B9AA42A6E
:10E0A80004D10998438825F83A3C19E009990B7975
:10E0B800D90701D40A9A2AB1002305F83A3C05F891
:10E0C800393C0DE0B36920465A05514602D517F090
:10E0D800F1DC03E0109A359B20F0D8D825F83A0CEB
:10E0E800B269930509D5B38C25F8343CF38C25F82F
:10E0F800323C079B43F400530793329818B90799A9
:10E1080041F00801079109980379DF0712D4D00478
:10E1180010D494F810320BB151060BD4520505D423
:10E128001A9919B1199A92F828301BB9079B43F02C
:10E1380001030793924B34981399185C02291590A0
:10E148001CD1349A032A19D894F80D32B3B11B9B09
:10E15800042B13D9D4F8340136F062DA70B919985F
:10E16800159900EB41039B8B13B1B3695B0505D58A
:10E17800119A1AB9079B43F480530793236A1869C5
:10E1880066F018DC00F46050B0F5C05F03D1079862
:10E1980040F4807007900C9919B1079A42F4004234
:10E1A8000792079B25F8763C369810B394F8B0325E
:10E1B80013BB08990A6D12F0080221D1037A0B2BC0
:10E1C80006D1236893F8AD30D3B18379072B14D8DF
:10E1D800369A93792268D2F8B82093420FD2B2695E
:10E1E80097000FD43698027B02F0070242EA031226
:10E1F80003E03699079107E00022079204E0002324
:10E20800079301E00020079010994B1EDBB2012B09
:10E2180004D8079A42F400539BB20793A5F1720001
:10E228000999022201F06AD9002305F8703C05F823
:10E238006F3C05F84A3C05F8493C369B002B2FD02B
:10E2480094F8B032002B2BD10898036D180727D407
:10E2580036990B7A0B2B06D1236893F8AD30FBB1B6
:10E268008B79072B1CD8369B9A792368D3F8B8305A
:10E278009A4215D2B369990012D41C9818B9099911
:10E2880001F1180202E0099B03F11E021A9800B17D
:10E2980002320023009320461899369B2EF078DC32
:10E2A800099906220431A5F15000139101F026D9ED
:10E2B800BDF8983025F82A3CD4F84401089960F054
:10E2C800E7DC35F8303C80B243EA002325F8303CDF
:10E2D800002305F8283C05F8273C05F8263C05F8F6
:10E2E800253C05F8243C05F8233C05F8223C05F8B4
:10E2F800213C05F8203C05F81F3C179A1AB9BBF1D8
:10E30800000F01D1E1E09B460022414608982AF01F
:10E318004FDA00220690514608982AF049DA069BFF
:10E32800089013F04073189306D10699154BC8B29C
:10E338001B56002B03DA14E0069874F0A7DB0238AA
:10E3480018BF012070B1D9F8103093F92C31012B86
:10E358000AD0079A42F480439BB2079301230C9397
:10E3680004E018980C9001E000210C91089B13F030
:10E37800407209D1D8B2034B1B56002B07DA1DE0B7
:10E388006CE1880058168900089874F07FDB023821
:10E3980018BF012078B1D9F8103093F92C31012B2E
:10E3A8000BD0079801216FEA40436FEA53439BB2B1
:10E3B8000793119103E0119001E00022119235F8C2
:10E3C800763CBBF1000F02D043F4006301E043F058
:10E3D800060325F8763CBBF1000F0CBF4FF0140C78
:10E3E8004FF00E0CA5F11E036246009320460699D5
:10E3F8000B9BCDF814C01FF06FDFDDF814C024AFFD
:10E4080062460B9B2046089900971FF065DF394646
:10E418000622A5F1480001F071D80C980D990E9AC2
:10E42800A5F118030B930090019102920027594619
:10E43800069A4346204603971FF06CDF25F8160C12
:10E44800119B10980E99009301900291204659460D
:10E45800089A534603971FF05DDF25F8420CA5F193
:10E468001400BBF1000F09D06FF03B0305F8183C0E
:10E4780005F8177C099A02F10A010EE06FF04B03C8
:10E4880005F8183C05F817BC1399062201F036D890
:10E49800099BA5F10E0003F10A01062201F02ED80E
:10E4A8001498189A81B252B906989F4AC3B2D356A3
:10E4B800002B04DA15F81E3C03F00F0301E015F8F1
:10E4C8001E3C1B02194314911FE059460622A5F170
:10E4D8001E0001F097D859461022A5F1180001F046
:10E4E80091D8A5F148005946062201F08BD805F8C5
:10E4F80042BC05F841BCCDF820B0CDF818B0CDF835
:10E508002CB0CDF844B0CDF830B0B3695A050FD56A
:10E518000F9969B128AB002223F8022D0093D4F893
:10E528003401494642460E9B36F096D805F8430C0E
:10E53800079B25F8743C149825F8640C1699B1F1DA
:10E54800807F0BD031B90AF07F03162B02D8774AA7
:10E558009A4001D4012002E0169800E00220069AB1
:10E5680080B202F04073B3F1807F0BD033B902F070
:10E578007F02162A02D86D49914000D401239B00DE
:10E588009BB200E008230899184301F04073B3F1E7
:10E59800807F0BD033B901F07F02162A02D8634975
:10E5A800914000D401231B019FB200E02027236A79
:10E5B8000743186966F0FED9C0B247EA002725F874
:10E5C800627C0F9AB2F1807F0CD032B908F07F03D9
:10E5D800162B02D8554A9A4001D4012300E00F9B1C
:10E5E8009BB200E002230D98ADF89A30421ED2B2D9
:10E5F800012A09D843F01003ADF89A302368D3F8FC
:10E6080088309A6901329A6141462046BDF89A706D
:10E618007EF080DCB3690743B9B21B01ADF89A10EC
:10E628000ED5236893F8E13053B1236A186967F06F
:10E6380099DB236A0DF19A011869129A67F0ACDB2D
:10E64800BDF89A30414625F86E3CB4F85824204667
:10E6580027F09AD925F86C0C51462046B4F858246E
:10E6680027F092D925F86A0C179911B9BBF1000F58
:10E678000FD00699B4F85824204627F085D925F8F4
:10E68800680C08992046B4F8582427F07DD925F855
:10E69800660C0F9A4AB10D9B042B06D120464146C1
:10E6A8000E9A1FF077DC25F8380C169848B11099A7
:10E6B800042906D1204651460E9A1FF06BDC25F836
:10E6C800360CD9F80430580640F1AE801A9A002A60
:10E6D80000F0AA801998159900EB41039B8B002B39
:10E6E8007BD0B369590500F19F80329A002A40F027
:10E6F8009B800E9B204641460D9A1FF0A7DB0B9B83
:10E708000990ABB106990C9A204617F041D80899A0
:10E718000746119A204617F03BD80B99B1F802B07A
:10E72800BB4435F8427C1BE05816890000021028CB
:10E738000A9ABAB941460D9A0A9B20461FF0A6DDEF
:10E74800099B514600EB030B109A0E9B20461FF0C5
:10E758007DDB51460746109A20460A9B1FF096DD3E
:10E76800C71902E0DDF824B00B9F1FFA8BF225F8D9
:10E77800702C25F84A7C1998159900EB41039B8B5E
:10E788000998C3189B1A9BB21A0419D4204641460B
:10E798000D9A16F0FFDFFF2805D9B4F85A249042E5
:10E7A80038BF024601E04FF48072349992B204EB0C
:10E7B8004103B3F85C34934202D0204618F076D86F
:10E7C800236893F84430002B2ED0349A032A2BD890
:10E7D800D4F8600115995A4623E0236893F8443029
:10E7E80013B3349B032B1FD81A480B99C75C2046D8
:10E7F80039B10C9A069916F0CBDF0B9B5A88821810
:10E808000CE041460D9A0E9B1FF020DB0D9A054641
:10E81800414620460B9B1FF039DD4219D4F86001B0
:10E8280039464B4650F0F0D8B369BDF8980043F02C
:10E838008403B36129B0BDE8F08FD4F8842428F4A8
:10E84800800892F913202AF4800A012A7FF4F3A998
:10E85800FFF7FBB96CE1880070B50B6912B1547809
:10E86800032C01D8002212E04D6845F480744C60F6
:10E878005679012E8DBF24F4806445F4A0654D605F
:10E888004C605478052C2FD9062C03D1012283F82B
:10E89800A42370BD147A14F0040F4C6814BF44F01C
:10E8A800806424F080644C60147A04F00804D4F185
:10E8B800010438BF002483F8A4438B6823F00403C1
:10E8C8008B605478062C0FD9127AD2060CD50268C0
:10E8D80043F004038B6092F80C21D00704D592070B
:10E8E8005CBF23F004038B6070BD00002DE9F04F7E
:10E8F800B5B09A463F9B05460B2B894616463E9F68
:10E90800409C40F2E6800C3B04931AF07DDE002127
:10E91800C8220590204600F075DE314606222046C2
:10E9280000F0ECDDFA7ABB7A494643EA022303F0A9
:10E938000302012AA4F86230E38808BF84F834206F
:10E94800BAF1000F14BF4FF4807200221343E38022
:10E9580028465BF09BDF60857A7A3B7A07F10C0BDF
:10E9680043EA022307AFE385002128220DF144087A
:10E97800384600F047DE2DAE00212822404600F040
:10E9880041DE4FF0FF3300210C223046ADF8CE3087
:10E9980000F038DE0DF1CE032F93049BBAF1000F7F
:10E9A8000CBF4FF0600A4FF0700A8DE84800284607
:10E9B800002152465B462D97CDF8B8801CF0D6DA78
:10E9C800002840F08680059B4246DEB2284604F1C6
:10E9D800380339461FF0D0DBBDF8CE304FF6FF7252
:10E9E800934217D05A1E92B2DE2A75D843F4805249
:10E9F8000E2B8CBF4FF440430023D5F8580143EA4F
:10EA0800020152F043D858B9D5F864319B889B0568
:10EA180006D461E0731E9BB2DE2BADF8CE605BD8E6
:10EA2800BDF8CE309E4203D1E28842F00202E28075
:10EA3800EB1893F83C20494684F86120284652B2E6
:10EA48005BF0C8DEBDF8CE30A08543F480520E2BB3
:10EA58008CBF4FF4404300231343638600210C22EC
:10EA680030A800F0CFDD1F4B0DF16C0830931E4B22
:10EA7800002128224046319325AF329500F0C2DDAF
:10EA8800BDF8CE300021202238468DF872301B9414
:10EA980000F0B8DD049BD5F8940602930021524695
:10EAA80030ABCDF8B080CDF894908DF8A4608DE8A7
:10EAB800800857F011D988B9608E431EDBB2DE2B6F
:10EAC8000AD802F059DA00280CBF00206FF01300B2
:10EAD80004E04FF0FF3001E06FF0130035B0BDE8FF
:10EAE800F08F00BF112A8200812B82002DE9F04FA0
:10EAF800A5B00446D2F808A18B4615460021282265
:10EB080005A8984600F07EDD0FA80021282200F015
:10EB180079DDD4F86C3313B104F55B7008E0236831
:10EB280093F82F3073B9236A5B7D052B04D16948AC
:10EB380005A973F0EFDF05E0042B03D1204605A9F2
:10EB48001FF066DD05AF3B460FAE204629460AF1A9
:10EB580038020DF16409009628F090DA0021242289
:10EB6800484600F04FDD0021082222A81A971B967C
:10EB780000F048DD94F84135CDF88C90DA0702D5DD
:10EB88002A6DD70708D49E0708D52B6D03F0060316
:10EB9800023B18BF012302E0002300E001232268A2
:10EBA80092F84F2012F003020BD0D5F8EC2012F4A3
:10EBB800805205D19DF8BC10002908BF1A4600E014
:10EBC800002224AB03F8082D1FFA8BF60093324677
:10EBD8000023D4F89406294657F056D82E9A00F107
:10EBE8000C0913680746994571D8404600210C2244
:10EBF80000F008DDBAF82E30A8F80830AB7923B158
:10EC0800012388F80A30002306E0D5F8EC2012F436
:10EC1800803204D088F80A3088F80B3004E00223E8
:10EC280088F80A3088F80B202A6D40F23713134011
:10EC380043B195F858302BB1B8F80A3043F01003B7
:10EC4800A8F80A30236893F830306BB9236A1B6838
:10EC5800022B09D1BAF86230980605D5B8F80A30FF
:10EC680043F02003A8F80A30236A5B7D43B194F887
:10EC780072342BB1B8F80A3043F48063A8F80A302C
:10EC8800236893F8A9305BB1D5F8EC30590407D460
:10EC9800AB792BB1B8F80A3043F48073A8F80A307E
:10ECA80022AB009308F10C030193D4F894060023D7
:10ECB80029463246029756F055DFBBF1800F03D143
:10ECC800D5F890301C9A5A612E9BC3F8009025B055
:10ECD800BDE8F08FD40D89002DE9F04F4E688FB054
:10ECE8001746C6F3C0420C46D1F808A00292054662
:10ECF800002104A82822994600F084DC2369C6F381
:10ED0800004B26F08646039326F4EA162AF083037E
:10ED18006660A360002F00F0BF803B7897F8018001
:10ED280043EA0828A4F80081BB7884F8023146F445
:10ED3800803363602B6893F84120B2B193F8423076
:10ED48009BB146F4A026D4F82431666093F85D3070
:10ED58007BB91AF4007F03D094F82430D90608D57B
:10ED68002846214636F04EDC03E02846214636F098
:10ED78003BDC0622284621462DF05EDFA26812F011
:10ED8800006222D108F00C039B10012B94F8FE00BE
:10ED980094F8FF1006D0032B09D043B9012284F858
:10EDA800FE2001E084F8FE3084F8FF3003E084F8A8
:10EDB800FE2084F8FF2094F8FE30834207D194F8AF
:10EDC800FF60761A18BF012602E0002600E001263F
:10EDD80018F4407F03D0636843F08043636018F001
:10EDE800010F03D0A36843F08003A36018F0200F3D
:10EDF80003D0A36843F00103A36018F0400F03D0C9
:10EE0800A36843F00203A360A3680AF0030A03F0AF
:10EE180003039A4518BF012618F0100F03D1636841
:10EE280043F48013636018F4804F03D0636843F0A1
:10EE380000736360C8F34008B9F1000F38D005F5D6
:10EE48003E7003304946162200F058DBB8F1000F37
:10EE580003D099F80180C8F3800899F801301A079F
:10EE680003D5636843F08073636099F8023013F048
:10EE780008030ED0039A41F61001D2F8083140F683
:10EE880008425B8E03F44043B3F5404F14BF0B4672
:10EE98001346A5F8DC320BE02846214606222DF061
:10EEA800CBDE2846214636F09FDB3E46B84619E0C1
:10EEB8001022F91C0DF1250000F020DBD5F8843470
:10EEC80004A8997873F0E4DED5F86812284624F08F
:10EED80095DEFF230190002204A800930146134603
:10EEE80073F05ADEBBF1000F11D0636813F480335E
:10EEF80010D009AA0023E11812F8010F91F8511057
:10EF0800884206D10133102BF5D1002302E05B467D
:10EF180000E00123626802F48031C2F300429345A5
:10EF280000D163B104F1510029B10DF1250110227E
:10EF380000F0E4DA02E0102200F064DB0126B8F108
:10EF4800000F03D0636843F400236360029B4345CA
:10EF580000D146B1D5F8843493F87B301BB92846E4
:10EF680021467BF085DA0FB0BDE8F08F00F5066129
:10EF78002DE9F041093104464AF0D6DF94F8723899
:10EF88000546002B74D0002872D06A21206948F009
:10EF9800CFDC460006F114084146206948F0C8DC79
:10EFA800002207464146206949F004DB380406D4AC
:10EFB800304831493A46BDE8F04100F0499BD4F861
:10EFC8008484012388F86D3198F828313BB1A06812
:10EFD800D8F8301111F044DE002388F82831204693
:10EFE80029460CF0C2F998F81D3153B1012388F86D
:10EFF8002831A068D8F83011D8F82421002311F05E
:10F0080009DE206906F1160148F092DCB4F8703880
:10F0180083422DD10022134679B22846D5F81061D3
:10F028005BF094DC28465BF0D7DBAB798BB9D5F87D
:10F038001421D5F80831128A5A852B7C4BB1D5F8A2
:10F04800EC30990405D473791BB92846012144F0A2
:10F05800E5DA0023B37194F80C22D6F8F0309A421E
:10F0680006D0284684F80C32BDE8F04124F04A9ACC
:10F07800BDE8F0811B5A8900F14D89002DE9FF4157
:10F0880004460D4616461F460A994BF017D82046E7
:10F09800294632463B46FEF761F9B0F10008C0F256
:10F0A800A18023685B7E4BB9206956F02BDC28B120
:10F0B800A06811F0DBDD4FF0FF3893E03EB1032F7D
:10F0C80005D903A83146042200F018DA01E000232C
:10F0D8000393342D18D008DC022D11DB032D13DD2A
:10F0E800A5F11B03012B0BD80EE0D62D0CD001DCAB
:10F0F800A32D04E0FB2D07D040F20B139D4203D053
:10F10800002E65D0002F63DD3E2D02D0402D62D148
:10F1180035E023681B7E002B60D0D4F88424039943
:10F1280092F81C318BB1CBB282F84631D4F88424E2
:10F138001172D4F88424206992F8AC10012200924C
:10F148000192002249F0C0DB3FE0204649B27DF041
:10F1580095DEB0F1000845DBD4F88434039A2046E4
:10F168001A722CF095DF20467DF028DF2046D4F86F
:10F17800B0141EF051DA204624F038DA32E0039B4E
:10F188005A1C042A2CD8013301D103230393D4F841
:10F198008434039993F81C2172B1C9B283F8AD1075
:10F1A800D4F88434002293F8453120690092012272
:10F1B800019249F089DB04E0236AC9B2186965F055
:10F1C8007BDAD4F88434039ADA714FF0000809E046
:10F1D8006FF0010806E06FF0160803E0984601E0BA
:10F1E8006FF01C08404604B0BDE8F0812DE9F341FA
:10F1F800089C07460E46154698460094FFF73EFFC2
:10F2080010F12F0F0CD010F1170F0BD138463146E3
:10F218002A464346089402B0BDE8F04118F0B09B76
:10F228006FF0160002B0BDE8F08113B504462CF06B
:10F2380011D820461CF0B8DBD4F88434012293F8A6
:10F24800AD10206993F846310092019249F03CDBF9
:10F25800206902B0BDE8104056F0669B37B50368D8
:10F2680004465B7E002B40F01A81006956F04ADBA9
:10F27800002840F01481236893F8203033B92069BE
:10F2880047F072DE2368012283F82020206905F008
:10F2980012FE236893F8693113B120464BF042DC23
:10F2A800D4F88434032293F8513000928022002B42
:10F2B80014BF134600232046042126F04FDA2368A2
:10F2C800DB6EE3B9206948F0CFDF093017D1226837
:10F2D800D36E13F0020512D143F00203D366D4F8BB
:10F2E8006432595941B18B7933B94B7923B10B7CCD
:10F2F80013B120464AF05EDC0435202DEFD1236897
:10F30800DB6E1BB1204619F087D9C6E0206948F0AA
:10F31800F7DC206990F934114D1C03D1012148F024
:10F32800EDDC01E048F042DC01236376204627F05B
:10F33800ABDD23682046596B0323009321B14FF4BA
:10F3480080720021134602E04FF480720B4626F0CB
:10F3580005DAA06811F006DD236801221A7694F810
:10F36800CF3173B120462CF093DED4F854332046C5
:10F37800598E2BF0BFD9002384F8CF31204624F0D2
:10F3880035D9D4F844260321204624F033D9204621
:10F3980016F0E8DBB4F83415204629F095D9206931
:10F3A80048F04EDF03232022009320461346012114
:10F3B80026F0D4D9236893F82F301BB1D4F8180558
:10F3C8003BF0AADF20461DF08BD820467AF0D0DD2E
:10F3D80001254FF47A72D4F8E8110123A06811F0DE
:10F3E80019DCD4F89C0184F82A5280F001DE20460A
:10F3F8007DF0E4DDD4F88434204693F9121017F038
:10F40800F1DD20462DF034DD20462DF01DDD2046AF
:10F4180029462DF0BFDDE36884F86056D3F824212F
:10F42800294642F04002C3F82421236A00221869C1
:10F4380065F048D9236884F88C5693F8693113B17C
:10F4480020464BF0AFDB6A21206948F071DA0030C2
:10F4580018BF012084F873087E21206948F068DA13
:10F46800421E92B24FF6FD739A4206D8430001300D
:10F478004000A4F85038A4F85208B4F8501821B144
:10F488002046B4F870272DF065DFB4F8521849B15A
:10F498002046B4F854282DF05DDF002003E06FF01B
:10F4A800080000E008463EBD2DE9F04FB5B0DDF894
:10F4B800FC800D93B8F80A700D46ADF858701146E7
:10F4C800BFB29146129704461AF09ED8B9F8167042
:10F4D800C0B21A97B9F8047010900D9948461B9756
:10F4E80073F056DC419F4FF0000A87F800A008F13E
:10F4F8000C071597409F0F900C3F1897109FDDF849
:10F5080060B00C97159ECDF844A0CDF824A0CDF896
:10F5180064A0CDF828A0CDF838A0CDF82CA0CDF85F
:10F5280050A0CDF84CA0CDF820A0CDF81CA02F46B7
:10F538004FE03378951C2D2B21D007D8012B13D001
:10F5480043D3032B12D02A2B40D114E03D2B1DD0DE
:10F5580005D80899322B08BF3146089136E04A2B66
:10F568001BD0DD2B32D11FE007962FE0B2784FF089
:10F57800010A0C922AE0B31C1393149226E0204649
:10F5880031462A4658F03ADA0A901FE020463146BA
:10F598002A4658F009DA0E9018E0204631462A46E5
:10F5A80057F09CD9199011E0032A0FD9B01C0422F6
:10F5B8009149FFF38FF7119B002808BF2B46119341
:10F5C800099B08BF3346099300E00B967619C5EBF3
:10F5D8000B0BBBF1010F03DD7278531C5B45A8DBF5
:10F5E8003D46099F3FB10A9F2FB920460999119AB4
:10F5F80058F0B8D90A90002D7AD1129FBE0740F171
:10F60800DA830B9B002B00F0D6832046991C5A788E
:10F618004AF00EDD3190002800F0CD83037C002BEA
:10F6280040F0C983037A002B00F0C583D0F8083175
:10F63800588E01F06FDC0C9F874240F0BC83319FED
:10F648002046394617F054DD002847D03846494649
:10F658000D9A43461DF09ADF00283FD040993E9B03
:10F66800D7F8046103F110020191204649460123AD
:10F67800CDF800800296FFF739F9002830D1B6F8A6
:10F6880030B0BBF1000F2ED1216AD4F88434503148
:10F698005A469B7806F1380073F052D9409938469B
:10F6A80000910D9A4946434643F034D9CDF800B04D
:10F6B800CDF804B03B7C2046D3F1010338BF0023CA
:10F6C80002937D22394607F1DC03CDF80CB0CDF862
:10F6D80010B01EF08DD901220B9206E00B9504E0C4
:10F6E80000230B9301E000210B914FB33D4601E04D
:10F6F80000270B971A9F3E9917F4404F0CBF4FF005
:10F70800000B4FF0010B01F10A07204629463A4643
:10F718005B467AF04DDB064600BB2B7C002B40F0A5
:10F728004D83204629463A465B467AF043DC064636
:10F73800002800F04383204631467AF0ABDA0DE02A
:10F7480094F88E32002B00F039833E9F204607F153
:10F758000A0131AA7AF0D6DA064610B17368D807DA
:10F7680020D4089F27B17878B91C27F07BDD58B9D9
:10F77800079F67B1B91C787827F074DD10F1000B8A
:10F7880018BF4FF0010B04E04FF0010B01E0DDF86A
:10F798001CB066B1BBF1000F07D1736843F00103D9
:10F7A800736004E04FF0000B01E04FF0010BCDB1A6
:10F7B800AB79DBB92B7A0BB3D5F808315B8E07939D
:10F7C80003F46053A3F5C052534243EB0203079876
:10F7D800089301F09FDB0C9FC11B484240EB0100DE
:10F7E80009900EE00895079509950AE00027089703
:10F7F8000797099705E000BFFE37010008930793B4
:10F808000993B4F88E32002B7FD0236A5B7DC3B195
:10F818000C9FD4F87C040E2F8CBF4FF4404200227A
:10F8280047F48051129F114307F02003D3F10103DD
:10F8380038BF00230193139A149BCDF800B071F0E0
:10F84800CDDE236893F84F309B0712D00C9FD4F875
:10F8580080040E2F8CBF4FF44043002347F480519F
:10F86800089F19430E9A0A9BCDF800B0019772F0D1
:10F87800D9DB94F88E32002B47D000210C222EA819
:10F88800FFF3C0F6944B1CAF2E93944B38460021DF
:10F8980028222F933094FFF3B5F6BDF858100DF1D8
:10F8A800980CDDF830E0ADF8761060460021202293
:10F8B800CDF818C01C968DF874E08DF878B0FFF379
:10F8C800A1F62D970D9F236827973E9F93F84F30F9
:10F8D8002897109F03F003038DF8A8700F9FDDF899
:10F8E80018C02B97159F8DF8B0300197189FD4F842
:10F8F8009406002190222EABCDF89890CDF8A480E4
:10F90800CDF800C0029756F0E7D994F88C32002B56
:10F9180000F05682099F002F00F05282236893F866
:10F928004F20970700F08A800E9F002F00F08680F6
:10F938000A9F002F00F0828093F8A93033B1D4F8E1
:10F948007801294653F0F2DC002877D10E9F204633
:10F958007A78397824F0ACDC079F034617F4404FD7
:10F968000CBF002201220A3254F822201192D5F845
:10F97800082162B1D28812F0200208D00A9F3A7892
:10F9880012F0020203D00E9F7A78C2F38002099225
:10F99800BAF1000F0BD1109FDAB2BA4207D018465D
:10F9A800069301F0B7DAB842069B40F00982D5F811
:10F9B8000821002A2DD01846069301F0ABDA074635
:10F9C800079801F0A7DA8742069B22D1D5F80821CB
:10F9D800528E9A4232D0002E30D02A7A002A2DD068
:10F9E800204611992A4625F055DEFF28074600F0E3
:10F9F800E781DDF824E0204629463A465FFA8EF38F
:10FA080015F088DED0B1204629463A462DF0C6D9F1
:10FA180014E0BAF1000F11D01846069301F07ADA13
:10FA28000C9F069BB84200F0CB8103F46053B3F5FA
:10FA3800805F03D0B3F5C05F40F0C281419F0123CE
:10FA48003B702368D5F818A193F84F30980716D063
:10FA5800AEB10A9F37B1199F2046009731460A9ADE
:10FA68000E9B0AE02B7C53B97368D90307D50A9F0C
:10FA78002046009731463A463B4617F075D92B7C0D
:10FA8800002B00F0BF803E9F0D9B204629464A462A
:10FA98008DE8800115F02ADF236893F83B3043B1E5
:10FAA8000D9F2046294632464B468DE880015EF080
:10FAB80013DA9AF809301BB1284600212BF028D90F
:10FAC8009AF80D30DBB1D4F830371A680AB11F7ACA
:10FAD80037B12846002110E0F1CF8100F5CF810031
:10FAE80004F020D9D4F830371A69821AB2F57A7F2F
:10FAF80005D901221A72284639462BF001DCD4F8C0
:10FB080030371B68002B48D01B9F0123C7F3C01256
:10FB18000F9920461EF08EDB98F8023098F80110F5
:10FB28001B0443EA012398F80010B8F808700B4347
:10FB380098F80310024643EA0163329398F80630B6
:10FB480098F805101B0443EA012398F8041034A818
:10FB58000B4398F80710002F08BF642743EA016396
:10FB680040F8043D32A900F0E7D93846329A339973
:10FB780080F05ADAD4F83037BF021A68BA1A9042BD
:10FB88000BD95A68BA1A904207D23F1A5F60D4F864
:10FB98004401294601225FF0CFDC236A5B7D2BB14B
:10FBA800129F2046C7F380212CF076DAD4F858014A
:10FBB800079950F0B7DD80B1D4F85801079950F093
:10FBC800A7D9236A186964F0F5DE079FB84204D103
:10FBD800002120460A4625F079DE4A460D9BD4F8D6
:10FBE80044012946CDF800805FF06ED8D5F8EC3096
:10FBF8009A0458D5D4F84C0129464246409B63F0F4
:10FC0800F7DF50E0BBF1000F03D1129FC7F3401399
:10FC180000E00123DBB23EB1726813B142F0040286
:10FC280001E022F004027260226A527D4AB1019317
:10FC3800D4F87C042946139A149BCDF800B071F0CF
:10FC480025DD236893F84F309B070AD0089FD4F826
:10FC5800800429460E9A0A9BCDF800B0019772F0ED
:10FC680039DA0B9FFFB9D4F868329D420CD0284688
:10FC780049460D9A43461DF089DC28B12846494675
:10FC88000D9A43462CF0BEDA94F88E325BB9D4F85C
:10FC980068329D4207D1284615F090DE18B12046FB
:10FCA80041461BF02BD800210C222EA8FFF3AAF402
:10FCB800454B1CAF2E93454B0021282238462F93E5
:10FCC8003094FFF39FF4BDF85810DDF830E01C962F
:10FCD80026AE2022ADF87610304600218DF874E06B
:10FCE8008DF878B0FFF38EF42D970D9F2368279732
:10FCF8003E9F93F84F302897109F03F003038DF829
:10FD0800A8700F9F8DF8B0302B97159F8022019710
:10FD1800189F2EABD4F894062946CDF89890CDF8C4
:10FD2800A4800096029755F0D7DF9AF80230013B7D
:10FD3800DBB2012B13D8AB798BB92A7C7AB1D5F811
:10FD4800182192F86C20022A09D14FF0FF32019253
:10FD58002046294605F1DC02009329F07DDD0F9F3E
:10FD680017F0407F01D1384602E00F9872F08EDE1E
:10FD780000F07F0002280AD0042808D00B2806D0FB
:10FD8800A0F1160CDCF1000040EB0C0000E00120B3
:10FD98000190B9F80400B9F80610800B0290012010
:10FDA8000022039099F91C302046090A0092049514
:10FDB8000BF00DFB04E000270B97C1E40026D0E40C
:10FDC80035B0BDE8F08F00BFF1CF8100F5CF8100DD
:10FDD8002DE9F04F91F91530A1B0002504468A4667
:10FDE8001E951F9573B11BF0D7DD58B12368BAF87B
:10FDF8001C20D3F88830D3F8C8118A18C3F8C82152
:10FE080000F0A3BCBAF80230606803F00703052BC2
:10FE18000B900A9300F2A48463690A9953F82100AD
:10FE2800002800F09D849AF81820022A089200F011
:10FE38008984714B0221DB6B9847814638B920468B
:10FE48000A9914F0BDDE8146002800F08984204616
:10FE5800494611AA23F0FEDF236893F89C30012B52
:10FE680006D0BAF80220BDF848309A4240F07384B0
:10FE7800B9F80E30614E03F007030993604DF35C47
:10FE88004946EB5C11AA0C93189B0D9318881EAB7E
:10FE98000E90009320461FAB18F094D9236893F86E
:10FEA8004F309B0717D011A81BF0A4DC38B123688A
:10FEB800D3F88830D3F8A4220132C3F8A42211A8B9
:10FEC8001BF0AADC38B12368D3F88830D3F8AC2209
:10FED8000132C3F8AC22D9F818305D056CD511ADE4
:10FEE800204629462CF040DE08BB5346D4F834019E
:10FEF8001E994A46009534F05DDB236893F8E1309B
:10FF0800002B59D01E99002956D0BDF85000BAF8D8
:10FF180002200090BDF84E30D4F8F8067AF086D862
:10FF2800D4F85C011E990C9A7AF0D2DB44E01F9950
:10FF3800A1B1089A072A11D1D1F8EC3098030DD451
:10FF4800D4F84C0163F0C0DC28B9D4F84C011F99EF
:10FF580063F01CDD10B11F984AF0F2DA11AB009380
:10FF6800D4F8340153461E994A4634F085DA23689A
:10FF7800054693F8E13093B11E9981B1BDF8500060
:10FF8800BAF802200090BDF84E30D4F8F8067AF09E
:10FF98004DD8D4F85C011E990C9A7AF099DB1F9819
:10FFA800002800F0D2838379002B40F0CE830AF139
:10FFB80008016FF0B9DBC8E3204611A9D9F83470FD
:10FFC8001BF040DCBAF81C60FF0E07F001070F9029
:10FFD800BAF81A80E6B12368D3F88830DA68013AAB
:10FFE8009219DA601E9B9BB167B1D3F82C22013AB3
:08FFF8009219C3F82C220BE062
:020000041001E9
:1000000010A78800BAD588006CE18800D3F83822A0
:10001000013A9219C3F83822B8F1000F06D02368CC
:10002000D3F88830DA68013A4244DA600E984946DB
:1000300000F48063D3F1010338BF00230B980793CA
:1000400000F016DED9F818509AF91930C5F3C06BD4
:10005000002B00F0868023681E98D3F88830D3F8F0
:10006000A8210132C3F8A821D3F8C821013A921976
:10007000C3F8C82128B103691BB1DB68DA6B013210
:10008000DA63012E05DDD4F88C54013DAD19C4F8B6
:100090008C54079900294DD02368D3F88830D3F8C1
:1000A000D8210132C3F8D82128B103691BB1DB681C
:1000B0005A6B01325A6301230999002208F065F84E
:1000C000D4F88C347BB12368D3F88830D3F8B421CA
:1000D0000132C3F8B4211E9B2BB11B691BB1DB6835
:1000E000DA6A0132DA62D4F88C34012B14D923682D
:1000F0001E98D3F88830D3F8B8210132C3F8B8215C
:1001000028B103691BB1DB681A6B01321A630999C4
:100110000C22012308F039F81E9B5BB12FB1D3F8F4
:1001200028220132C3F8282204E0D3F83422013215
:10013000C3F834221E9B13B12268926A9A621F9BF5
:10014000002B00F015829A79002A40F01482197C65
:10015000002900F01482D3F8103101259A719046DD
:100160000FE215F4825543D023681E98D3F88830E7
:10017000D3F8A8210132C3F8A82128B103691BB123
:10018000DB68DA6B0132DA63079A0AB32368D3F8C3
:100190008830D3F8D8210132C3F8D82128B10369B7
:1001A0001BB1DB685A6B01325A63012309990022A3
:1001B00007F0EBFF1E9B5BB12FB1D3F82822013271
:1001C000C3F8282204E0D3F834220132C3F83422E1
:1001D0001E9A002A00F0D8811F9B002B00F0DA81C4
:1001E0009D79002D40F0DC8123689B6A9362D8E101
:1001F000089B032B09D0042B0CD12368D3F888303B
:10020000D3F810220132C3F81022A8462F46012647
:10021000AB46DDE10898052829D123685A6BD3F84D
:100220008C103AB1B9F80E20954802F00702825CB2
:100230009448825C143201EBC2014A68D3F88830DA
:1002400001324A60D3F8A0221E980132C3F8A022DE
:1002500009990422012307F098FFB4F83455002DC2
:1002600000F0A381204623F0DFDA00259DE1089904
:10027000012916D11F9B93B19B7983B11E9B73B14A
:100280001A7DD20704D493F824309B0740F165828D
:10029000204649465246079B3CF09ADC4BE0089EBC
:1002A0004DE0089A062AB0D0072A51D11F9900299B
:1002B00000F05382D1F8EC309F0040F14E829E0353
:1002C0000DD4D4F84C0163F003DB28B9D4F84C0109
:1002D0001F9963F05FDB10B11F984AF035D91E9962
:1002E000002900F03A821F9B9B795BB191F8243082
:1002F0009D0707D58B68580604D501222046134672
:100300003CF0B4DBD9F81830590544BF43F480738E
:10031000C9F81830D9F8183023F40043C9F8183058
:100320001F9BD3F8EC309A0340F1178220461E99A8
:100330004A4625F0BBDB0646002800F03A8100253E
:1003400020460AF114011BF021DBA8462F465FE787
:10035000BAF8063033B12368D3F888309A6B01328B
:100360009A6352E71B9B1B78DB0741D57EB123685C
:10037000D3F88830D3F8A8210132C3F8A8211E9BF6
:100380002BB11B691BB1DB68DA6B0132DA63079BA7
:10039000002B00F0138123681E98D3F88830D3F81F
:1003A000D8210132C3F8D82128B103691BB1DB6819
:1003B0005A6B01325A6309990022012307F0E5FEC6
:1003C000002E00F0FD8023681E9DD3F88830D3F8FE
:1003D000AC210132C3F8AC21002D00F0CD812D6994
:1003E000002D00F0C981EB689A6B01329A63C2E17B
:1003F0001F9B002B48D09A79002A45D11B7C002BEB
:1004000042D00D98037CDD073ED53EB12368D3F87A
:100410008830D3F8A8210132C3F8A8210799002910
:1004200000F0CC8023681E98D3F88830D3F8D82108
:100430000132C3F8D82128B103691BB1DB685A6BBC
:1004400001325A6309990022012307F09EFE002E13
:1004500000F0B68023681E9DD3F88830D3F8AC2115
:100460000132C3F8AC21002D00F086812B69002BEE
:1004700000F07C81DB689A6B01329A6376E100BF01
:10048000BAD588006CE188000F9AB4F86A341AB1C2
:10049000984503DAB4F86C349E4261DB2268079811
:1004A000D2F88830D3F8C851AD19C3F8C851002824
:1004B00000F08980D3F8B0110131C3F8B011D4F83D
:1004C000843493F81D1109B3D4F868128979E9B915
:1004D00092F8642122B193F86D210AB183F86D116D
:1004E000D4F88414204601F582710BF048F9D4F851
:1004F0008434012283F82821D4F88434A068D3F806
:100500003011D3F82421002310F088DB1E9860B14D
:100510002FB1D0F830320133C0F8303230E1D0F8AA
:100520003C320133C0F83C322AE101230999082208
:1005300007F02BFE1E9B2BB11B691BB1DB689A6A6F
:1005400001329A62002502238DE8280020461F9977
:1005500014221B9B0295039504951DF04DDA33E0A0
:1005600023680025D3F88830DA690132DA614CE675
:100570000125984605E001254FF0000801E001251E
:1005800088462F462E4623E00127154690463E46D4
:1005900093461DE001271D4698463E469B4617E0C0
:1005A00000250127A8463E4632E6A8462F460126EA
:1005B0000EE0054680460746834609E0079DDBE0DE
:1005C0003546B046D9E0079D4FF001082F46464614
:1005D000B4F8343543B1D4F838352BB1089905292E
:1005E00002D0204623F00ED9BBF1000F4ED01E9B47
:1005F000002B4BD011A81BF001D99DF84E3083463B
:1006000003F00303023BDBB2012B04D8204611A9FF
:100610002CF0B6DA00E0FF200A9A032A0AD85B49D8
:100620008B5C04EB4303B3F83622130903F00F038A
:10063000120B03E0B4F86E34B4F870240092002278
:100640000392BDF84C200190C2F300320492D4F81A
:100650005C011E995246CDF808B07AF0BFD82368E5
:1006600093F8E13093B11E9981B1BDF85000BAF80A
:1006700002200090BDF84E30D4F8F80679F0DADCAC
:10068000D4F85C011E990C9A7AF026D820460A9973
:1006900001222CF0E7D81E9860B15EB1E368D3F870
:1006A0008021D9F830309A4204D91DB10999D21A63
:1006B00007F079FD1F9DB5B10AF1140120462CF019
:1006C0003DDB014628462CF0EFDB0E9A02F0FC03DE
:1006D000082B01D0882B06D1079B23B11F980AF164
:1006E00008016FF025D81E99C9B10B7DD80716D423
:1006F0001F9BA3B19A7992B91A7C82B11A7A72B10E
:10070000D3F8EC2092040AD4D3F810315B7933B9D2
:10071000204652463B46CDF8008043F075D97EB165
:100720000AF1140120462CF009DB49460246D4F8B0
:10073000880463F01DDE0B984946012203F0B2DF06
:10074000079828B10025C4F88C5402E0002500E089
:10075000079D284621B0BDE8F08F0126EFE50B98F4
:100760004946012203F09EDF0125F2E7D5F8683102
:100770000133C5F868310025A84601273E4627E722
:10078000D0F84C310133C0F84C31CEE66CE1880032
:100790002DE9F04F002BB5B007930CBF04230A23BB
:1007A0000993079B15690DF12C0918BF20230446F6
:1007B00015AF884693460021282248460693D5F86F
:1007C0000C610DF1B80AFEF321F70021282238460A
:1007D000FEF31CF700210C225046FEF317F7336B93
:1007E00020468DE808042946069AF36ACDF8B890A9
:1007F0002F9714F0F3DD002840F0F880B8F80630A9
:10080000D80715D5216A4B7D93B10A6D0CA85431D8
:100810000B92FEF377F6D5F8EC30990405D5D4F8B1
:100820004C0129464A4663F08BD90023159308E012
:1008300015AB00932046294608F138020BAB26F091
:1008400021DCF36A83B128A800211822FEF3DEF62A
:10085000F36A2D942893336B2993674B2B93674B43
:100860002A93674B2C9328AB1FAF002124223846D4
:100870000893FEF3CBF60BAB00210822219331A89D
:1008800015AB2293CDF87CB0CDF88080FEF3BEF698
:100890002368294693F84F2034AB12F0030218BFA7
:1008A000DBF80420D4F8940618BFC2F3004203F822
:1008B0000C2D0093069A089B329755F0E9D9099BB5
:1008C000069900EB030A33AB02932046424605F13A
:1008D000E2038DE8000523F03FD8074630B92046F3
:1008E0003946B5F82E2140F015DB80E02046294638
:1008F0004246DDF8CC901CF05BDBA9F80000738C5D
:10090000A9F80230339B04333393079B13B9AAF140
:10091000040A13E006F124094846FFF3E3F410B992
:100920003398494602E0339805F1F8010622FEF3B8
:10093000E9F5339BAAF10A0A0633339331AB0093EE
:10094000339BD4F8940601932946069A089BCDF868
:1009500008A055F00BD9814628B1606839460122BC
:1009600003F0A0DE42E0339B0090019002900393DD
:100970002046294657224B46CDF810A01DF03CD802
:10098000706B18B103F06ADEC6F83490079B23B190
:10099000339B0AF1060A063B3393339B0AF1040AA0
:1009A000043B3393079B504686F83C3003F044DE0B
:1009B000706308B9B06305E033995246FEF3A2F5BF
:1009C000C6F838A0B8F862300095C3F3401301931D
:1009D00000230293039339462046D4F8BC255B4696
:1009E00026F09AD9002808BF002700E000273846E3
:1009F00035B0BDE8F08F00BFCDCE8100DDCE8100E7
:100A0000FDCE81002DE9F04F95B006460691079284
:100A1000209C219DD0F800909B46002B00F0B380D5
:100A2000ECB91E9A012A1CD11F9A931E012B18D8CB
:100A3000032A16D1002D40F0AB80C36E5A1C05D09E
:100A40001C3350F82350002D40F0A280484600216E
:100A5000B6F82E2140F0D6DD4FF0000894E00025D6
:100A600000E025464FF0B00806270DF1200A0021CE
:100A700024225046FEF3CAF51E9B1F9A0893229B20
:100A8000099211A800210822CDF828B00B930594F3
:100A9000ADF83040FEF3BAF5CDF848A044B1089B5C
:100AA000032B0FD14C2C0DDB4D2C01DD7E2C09D1FD
:100AB00011AB0093D9F894063146B022002355F0CB
:100AC000E7D83F18079B41468DE8880013AB029397
:100AD0004846069A06F1E20322F03EDF80460028EF
:100AE00052D075B10023009301932A46139B4846C8
:100AF000314658F00DDC95F90E30139AFF1AD218D2
:100B000013921E9BDDF84CA09AB2AAF800201F9BFE
:100B1000AAF80230059BAAF804300AF106031393E1
:100B20003CB1032A17D14C2C15DB4D2C01DD7E2C5A
:100B300011D111AA8DE80C00063F0297D9F894064E
:100B40003146B022002355F011D824B9BDF8303019
:100B50000BB1AAF80430B37913B1F368DA6801E095
:100B6000D9F8BC259DF88C304146019300230393AE
:100B700048465B460096029526F0CED8002808BF6E
:100B80004FF0000800E09846404615B0BDE8F08FF1
:100B900095F90E7044F2B008063766E72DE9F04784
:100BA0000446A4B090469A460D4600296DD0D1F86F
:100BB0006433002B69D004AF0EAE33463A460DF1D4
:100BC000600923F01BD9002124224846FEF31EF5BC
:100BD000236A00216533082221A81893CDF8648088
:100BE0008DF868A01B971C96FEF310F52368CDF8CE
:100BF000889093F84F3013F0030307D0D5F8EC300A
:100C000003F48053D3F1010338BF002324AF07F866
:100C10000C3D294640220023D4F89406009755F055
:100C200037D82D9B0190009323AB0293804640213F
:100C300020462C9A05F1E20322F08EDE064620B310
:100C4000239BD4F894060193294640220023009761
:100C5000CDF8088054F08ADF28B16068314601225F
:100C600003F020DD11E0D5F8EC3013F4005306D08A
:100C7000D4F84C012946324663F0D8D905E0204625
:100C80003146D4F8BC2528F0DDDD24B0BDE8F0877E
:100C90002DE9F04390F8A03787B004462BB100232C
:100CA00080F8A0374FF0010800E0984623681A7ECC
:100CB00032B9B8F1000F00F03B822046022135E244
:100CC000206954F023DE18B1A0680FF0D3DF27E2CB
:100CD00020461BF05DDB236A20461F69D4F868328A
:100CE000D3F814219D79167C1CF0FCD9031C18BF85
:100CF0000123384671B22A4663F094DC94F88C36AE
:100D0000ABB12369D3F88830D3F8245115F04005EE
:100D10000DD120462BF0C0D9236A84F88C5618696F
:100D200029462A4663F0D2DC204622F063DC2368A1
:100D300020469A6A01329A621CF0D4D918B9D4F8C4
:100D4000843483F8290120460AF0B7FD236A186924
:100D500065F05AD80146204659F028DD236A186903
:100D600065F00CD90146204659F0D8DC236893F988
:100D70003D307BB1D4F8240103A9002278F098DB40
:100D800001E00023C361D4F8240103A978F0A6DBB5
:100D90000028F6D194F8D4314BB1204616F03EDB52
:100DA00028B194F8E43113B1013B84F8E4312046D2
:100DB00026F082D8204617F01DDC204626F0D6D833
:100DC00094F8D43113B1204624F068DA2368DA6E3F
:100DD000002A40F0A58193F8693113B120464BF009
:100DE00023D9204647F030DB236893F82F20CAB17F
:100DF00093F83030B3B120461CF09CD890B1D4F8B1
:100E000064120023CA582AB1907918B1507908B1F8
:100E100012791AB10433202BF4D103E0D4F8180569
:100E20003AF07EDAD4F828351B68A3B120462AF0C0
:100E3000CFDCD4F828355A681B68B2FBF3F103FB0A
:100E4000112313B9204615F089D8D4F828355A68EB
:100E500001325A600AE023689A6A1E23B2FBF3F15A
:100E600003FB112313B920462AF0B2DC94F88C322C
:100E700043B194F8F034013BDBB2022B02D8204698
:100E800015F048DE0025D4F864325F591FB3BB79F2
:100E90000BBB3B7AFBB1D7F818319B7ADBB13846F4
:100EA00025F090DEB8B13B7CABB1D7F818319B7A16
:100EB0008BB13B7A7BB107F1DC063046FFF312F2CF
:100EC000034640B94FF0FF32009001922046394668
:100ED000324628F0C5DC0435202DD4D1204616F04A
:100EE00003DB236A5B7DB3B123689A6A3C23B2FBC0
:100EF000F3F503FB152575B9D4F86432585938B1A8
:100F000083792BB9037A1BB1037C0BB917F028DC6A
:100F10000435202DF0D120462AF038DC20B9D4F851
:100F2000180539F0A9DF38B1236A20211869002299
:100F300064F03ADD002604E0236A202118690122CA
:100F4000F6E7D4F864329D59FDB1D5F8A83013B155
:100F5000013BC5F8A830D5F8AC701FB1013FC5F80A
:100F6000AC7012E0AB7983B12B6D99070DD595F874
:100F7000A43053B102F0DADED5F8B01040F052DE02
:100F800018B1C5F8A87085F8A4700436202ED8D101
:100F9000B4F850371BB1013BA4F8503702E02046AB
:100FA00022F076DD002635460BE0D4F8C4329B19DA
:100FB0005B6A23B1D4F8C82252F82500984701355E
:100FC0003836236893F8B4209542EEDB93F83B5013
:100FD00045B193F83C502DB194F8FC5515B1E36838
:100FE000D3F880510026D4F8643253F80690B9F152
:100FF000000F40D099F80630002B3CD199F808300A
:10100000002B38D099F85633DA0704D520464946E4
:1010100099F8542305E0980705D599F855232046FB
:10102000494624F0A7DB94F8FC3523B399F8043043
:101030000BB3D9F818314A461978204629F02CDE2E
:10104000236893F83B20B2B193F83C309BB194F8FD
:101050008E3283B9D9F80831D4F85001DF8D93F876
:101060006030BF0201335F4399F844102B463A4683
:101070005CF066DFED190436202EB4D1236893F8B6
:101080003B206AB193F83C3053B194F88E223AB9C0
:1010900094F8FC3523B1D4F8500101215CF07ADFDB
:1010A000002384F8FC352268D4F88434926AB3F8BB
:1010B0009E30B2FBF3F103FB112313B9204609F074
:1010C00095FAD4F8683223B1D3F818210AB112780E
:1010D0001AB1D4F86402002202E01B7ACBB9F8E717
:1010E000835893B19D79D3F8EC1015B1890405D4D8
:1010F0000BE011F4005F08D0C90306D4197A21B1BE
:10110000D3F818310BB11B781BB10432202AE7D178
:1011100003E0A06802210FF027DE204619F0ECDF83
:10112000B8F1000F04D02046022100222BF050DF3E
:1011300007B0BDE8F08300002DE9F04F92F82A30A7
:101140001446B2F81CB08DB006460D46D0F804A087
:101150000F6952692BB1936894F8228003F11A0940
:1011600003E09268984602F11809A368072B0DD98D
:101170003046494613F0E8DC40B1B9F806304FEA92
:10118000132949EA03291FFA89F901E0B4F8089004
:1011900095F8243003F01203022B0DD148F68E038C
:1011A000994509D12068D7F8081110300622FEF3BE
:1011B00095F1002840F0C88394F82C30EBB9A38B4C
:1011C0001B051AD53368D3F88830D3F84C23013285
:1011D000C3F84C23D5F824220132C5F8242205EBAC
:1011E0004802B2F8A410B4F87E20914205D1D3F899
:1011F000BC210132C3F8BC21A6E3BB79CBF3802B21
:10120000002B32D1D7F818311A7B92B194F82C20E8
:101210007AB9BBF1000F0CD195F8CA10626A51FA85
:1012200002F2D00705D43846A18B029317F05CDB9D
:10123000029B3268526BC2B11B7FB3B194F82A3063
:101240009BB194F8283083B10021384629F008DAA0
:10125000D7F8EC30990408D5A28B12F4005204D1CF
:10126000D6F84C01394662F003D9238C5A0700F1B5
:101270006B83A38B03F4804363633BB93A6D40F205
:1012800037131340EBB197F85830D3B10023A36361
:101290003046234651462A46CDF800807AF042DB9C
:1012A000636B40B9002B00F04F83D5F864310133F4
:1012B000C5F8643148E323B1D5F860310133C5F88E
:1012C000603194F82C3043B908F15003B4F87E0033
:1012D00005EB43039A88988000E0002294F82C30B4
:1012E00043B3636994F82A209B680AB11A3300E07B
:1012F0001833B9F5006F40F06E81A268072A40F2FA
:101300006A811A7A1209042A40F065819A6912BA30
:10131000002A00F060815B7C012B40F05C8102F0D0
:101320007043B3F1604F00F05681D2B2FF2A40F013
:101330000B8350E1B4F87E0008F1180910F00F0398
:1013400040F0A38005EB8909D9F8041079B11A4659
:101350005046029303F0A6D9029B05EB8802C2F81F
:10136000843008F14A02C9F8043045F82230BBF154
:10137000000F00F03081E3686269039305EB880396
:101380005A66A16B31B105F51C700530143110227D
:10139000FEF3B8F063699A685868510DC0F3140EF3
:1013A0009889DB8849058E44C3F34A1331680133B9
:1013B00002EB000C7344C969CCEB0303CEEB020EC5
:1013C000896803EB0E021018884234DA5046FBF7A6
:1013D00091F808F1180905EB8909C9F804000028FB
:1013E00000F0B282626980689168536821F07F4E94
:1013F0002EF4600E9289C3F31403C3EB0E03C91AD3
:101400009A18FEF37FF061698B684A6823F07F4386
:1014100023F46003C2F314029A1AD9F804309868CE
:10142000801898609889821A9A8188890022988108
:10143000504603F037D9D6F8E015039B05EB880238
:1014400059186FF005035B1A3168A148C9698968AA
:101450005B18C2F8843061680822FEF33FF06B68C5
:1014600010B943F0080301E023F008036B609948CA
:1014700061680822FEF332F0AB6810B943F0200334
:1014800001E023F02003AB60A5E005EB890149688A
:1014900000293ED0504020F00F0020B902F00F028A
:1014A000013293420FD00022504603F0FBD808F1DE
:1014B000180205EB82020023536008F1200205EBBD
:1014C0008202536021E0A16B49B105F51C70053023
:1014D00014311022FEF302F0002840F0358208F1AA
:1014E000200905EB8909A368D9F8042008F1180C34
:1014F00093421DD905EB8C0750467968002203F012
:10150000D1D800237B60C9F8043008F14A0845F8B7
:1015100028303368D3F888301A6E01321A662B6986
:10152000002B00F01182DB685A6D01325A650BE224
:101530008DE8080405EB8C0CDCF80410304609F14A
:1015400004026368CDF808C013F036DF50466169C5
:10155000002203F0A7D8DDF808C0BBF1000F3AD194
:10156000DCF8042008F14A036261CCF804B045F8C5
:1015700023B09368928903F11801C9F804B061603F
:10158000A2F11801A16094F829102360E26021B152
:1015900003F11E011E3A6160A26094F82A203AB15C
:1015A000626884F8228002326260A268023AA26015
:1015B0001A785B7842EA0323A383636B5BB1A36B66
:1015C0004BB193F90E2061688A18626093F90E306E
:1015D000A268D31AA360A36B63B11B7A042B04D156
:1015E000304621467AF02ADA04E00B2B02D120465D
:1015F0001AF0ACDBBBF1000F40F0C4816269936963
:101600005B0613D5BB792BB9D4F880103846183156
:101610006EF08ED863699B69180640F19581D6F803
:1016200030012946224601F0B5F9ABE123689888DC
:10163000D988ADF81000ADF8121018895989ADF8A5
:101640001400ADF818109889D989ADF81A00ADF8D2
:101650001C10188A598AADF82000ADF82210988A1B
:1016600094F82910ADF8240041B1198B588B9B8B4D
:10167000ADF82810ADF82A00ADF82C30A38B13F488
:10168000807F03F4007304D104A9616723B108AB20
:1016900005E008A961670BB906AB00E00AAB616819
:1016A000236793683046C3EB010813F04DDA636992
:1016B000998988B1072940F247819A68A8F10608FC
:1016C0004244C8EB01089A60A3F80C80E26615E07A
:1016D0002C1D8900033801000D2940F235819A68DC
:1016E000A8F10E084244C8EB01089A60A3F80C80E8
:1016F0002389E266190A41EA03239381A36B6BB144
:101700001B7A012B0AD0032B08D0304651462A46BB
:10171000234679F0C7DE002800F01681A36B33B1B1
:101720001B7A022B03D1304621467AF087D997F8ED
:101730005C339BB1E36E9B891A0A42EA0323934A06
:101740001BB293420AD1304661690622002315F08C
:10175000BBDD18B13046394649F006D9626FE36EF9
:10176000118819805088588091889980216F088845
:10177000D8804888188189885981616994F822E065
:10178000C8890EF0070E20F007004EEA0000C8815D
:101790001178C9070BD53168D1F88810D1F8D0017C
:1017A0000130C1F8D001F968886D0130886597F87B
:1017B000591061B195F82410C80608D49989080A0F
:1017C00040EA0121714809B2814240F0BD80D6F85B
:1017D0009811795C79B195F82410C9060BD49B89CE
:1017E000190A41EA03236A491BB28B4203D0263906
:1017F0008B4240F0A980BB79EBB992F8008018F0D9
:10180000010818D1D7F81831384693F874200132FE
:1018100083F87420D4F8801018316DF089DF616985
:101820005046FFF325F20121034642463846CDF8E3
:1018300000806DF0FDDFD6F8D0361B68FB58002B1A
:1018400035D01B68002B32D0D4F86C80B8F80C303F
:101850001A0A42EA03234D4A1BB2934227D197F852
:10186000A73313B197F8F6330BB35046616942467C
:1018700012232BF0C1DB00283BD0B8F810305046C3
:101880001A0A42EA0323616908F112029BB22BF0A3
:10189000B3DB00282DD0636BD6F8D006003318BF19
:1018A0000123394642467DF077D900284CD17B6927
:1018B000002B2FD0D4F86C80B8F80C301A0A42EA0A
:1018C0000323324A1BB2934224D1504661694246F7
:1018D00012232BF091DB60B1B8F8103050461A0A91
:1018E00042EA0323616908F112029BB22BF084DB08
:1018F00030B93368D3F888305A6E01325A6623E023
:10190000626B7869003218BF012241462B4643F0D2
:10191000B3DAC8B9D5F89431DB070BD594F8293080
:1019200043B9E36E9B891A0A42EA0323174A1BB2A2
:10193000934209D1636994F82920009330462946DF
:10194000636F26F045DC1DE033685A6BAAB161690C
:101950001048CA89D3F88C3002F00702825C0E4826
:10196000855C50460C3503EBC5056B68AE680133EA
:101970006B60FFF37DF18019A86050466169002219
:1019800002F090DE0DB0BDE8F08F00BF8E88FFFF43
:10199000B488FFFFBAD588006CE188002DE9F04FCC
:1019A0004FF0000AAFB0CDF8B0A0CDF8B4A0D68A01
:1019B000984610939B890446212B0F461546CDF877
:1019C00064A08DF84EA0CDF850A08DF857A08DF8EA
:1019D00054A08DF88CA08DF858A011922B92CDF8C0
:1019E00088A001D803684AE0D8F808901046494614
:1019F00071F0D2D909F106030890C8F82C000B93B6
:101A0000B9F806301946ADF8483001F00C02184616
:101A100001F0F00301F44071A1F5407E92081B092A
:101A2000DEF1000141EB0E01022A08BF4FEAD30AA2
:101A3000ADF84A205FFA8AF2ADF84C308DF85510B7
:101A40008DF85620B5F804E00EF0030EBEF1020F3B
:101A500004D100B2002801DADB0800E00023D8B28C
:101A60008DF85700002914BF2823222302B1023326
:101A700000B1043310988089984206D22368D3F8C5
:101A800088305A6E01325A667EE399F80A3003F0C4
:101A900001038DF8583009F11E030C9311B109F1BF
:101AA00024030C9300238DF859304AB10C9B5A78CB
:101AB0001B7843EA0222DB0907928DF8593000E0D7
:101AC000079241463846FFF3D3F0109909908B688E
:101AD000384606338B608B89063B8B819DF85930E5
:101AE0001BB1FEF365F501463846042202F084DDA1
:101AF00016F4404F9DF855200CBF4FF0000B4FF0EF
:101B0000010B00232D9302BBBDF848300B9913F451
:101B1000407F09D101F1100620460A315A462DAB0B
:101B200078F00CDA2C9005E0D80501D50E1D01E007
:101B300001F10A062D9B23B92046314648F0F8D919
:101B40002D902D9B003318BF01238DF85C302D9B09
:101B500013F1000A9DF8583018BF4FF0010A43B93D
:101B60000B992046043148F009DA061C18BF0126FB
:101B700000E00026D4F804321BB9236893F82C3017
:101B80006BB3236893F83E20002A08BF4FF0000A89
:101B90007EBBBDF84820D20506D49DF858201AB166
:101BA000BAF1000F40F0F6829DF8552012B19DF871
:101BB00058203ABB93F82C30002B00F0C982BAF1C0
:101BC000000F04D12046294658F064DEC0E22D9B68
:101BD0009B79002B40F0BC824FF0010A14E09DF885
:101BE00058301BB9002E00F0B38202E0002E00F046
:101BF000D1829DF855302BB9BAF1000F00F0A882C0
:101C00009A4601E04FF0000A9DF856300BB39DF85C
:101C100059304BB194F80E32002B00F09982109B92
:101C20009A6942F040029A6107999E4A01F00703BF
:101C3000D25C9D498DF84E308A5C0799149201F070
:101C4000100212118DF854200C9A8DF88C3002324B
:101C50000C92109BD989988911F4005218BFB3F8DF
:101C600050200C999B688218CB1A0E924146D21ACA
:101C700038460D920693FEF3FBF7069B0B9AC31AA8
:101C80000F93937DD17D43EA0123ADF8AA30BAF1D9
:101C9000000F2FD12CAB00930E9B204601932DA952
:101CA0002B4618F0ABDE002840F0528274E22D99EA
:101CB000002900F04D820B9A20460A325B4678F0EC
:101CC0007BD82C90002840F06D820B9A2D992046ED
:101CD0000A325B4678F072D901462C9030B92368FD
:101CE000D3F88830DA6E0132DA6631E2204677F0D6
:101CF000D5DF57E2BDF8483013F4407F04D12D9B67
:101D00001B7C002B3AD106E09DF855301BB92D9B6A
:101D10001B7C002B32D020462D990A325B4678F08E
:101D20004DD92C9018B913E22C9B1B692D931EB131
:101D300023689A6A2C9B9A622D9BD3F810210792F4
:101D4000BAF1000F21D19DF85520F2B99DF8582025
:101D50001AB1BDF84820D00510D49979BDF84820B3
:101D600011B1D1050AD510E01B7C02F44072002BA2
:101D700014BF4FF4007300239A4206D02368D3F8AF
:101D800088309A6D01329A65E2E12046294658F082
:101D900081DD002388F8230083462D9888F82230BF
:101DA0008379ABB9BBF1000F12D0594695F91D20CC
:101DB000334658F0CFDD2946D4F8C426204658F0E3
:101DC0000DDD3246014688F822002D9858F010DECD
:101DD0002C9B93F8922112B9D3F8F42052B3BBF1A3
:101DE000000F27D0D3F8F010D3F8EC2042F821B040
:101DF000D4F88424517911F00100D3F8F01018BF01
:101E000095F91F0003EB8101C1F89C015279521032
:101E100012F00101D3F8F02018BF95F9201003EB60
:101E20008202C2F8BC11D3F8F020013202F007029E
:101E3000C3F8F0209DF855202D9B0AB1DB6D3CE0E6
:101E40009A792C99002A31D04B6B25934B685A060E
:101E50001BD59DF85620C2B1BDF8AA20100714D199
:101E600091F8D7208AB10A7DD2070ED4BDF8482058
:101E7000D0040AD59A0308D5149A91F8C9301341B1
:101E8000DB0702D520463AF00FD9BDF8483013F4ED
:101E9000805F2C9B5A6814BF42F4003222F4003257
:101EA0005A600BE0BAD588006CE188004A6B259235
:101EB0001A7C1AB9DB6DD80700D525932D98837944
:101EC000A3B9037C93B19DF858307BB9BAF1000FE8
:101ED0000CD1079B83F806A094F80C22D3F8F030BD
:101EE0009A4203D084F80C3221F010DB9DF8583070
:101EF000FBB12D998B79002B40F02A810B7C43B1EB
:101F00000B98E23110300622FDF3E8F2002800F0D1
:101F10001F810B980430FEF3D9F150B92D9890F839
:101F2000453033B90B99043148F076D9002840F098
:101F30000F81BDF8AA30089AA8F81C300B9BC8F88E
:101F40002C201B7C2C9913F0010F099E4FF00007E9
:101F500007D0D1F854310133C1F85431F1E962238B
:101F600006E0D1F850310133C1F85031F1E9602376
:101F7000921943EB0703C1E900239DF858309BB940
:101F800099F8003099F801201A4399F80230134368
:101F90000AD0D8F82C10D4F85C016A8A78F0C6DB35
:101FA0002C9B0899C3F85C1199F90330002B07DAD0
:101FB0002368D3F88830D3F8A8220132C3F8A822C6
:101FC00099F8033013F0300F07D02368D3F8883026
:101FD000D3F8B0220132C3F8B0229DF85830002B5C
:101FE00071D1D8F82C00236810F0407FD3F88860B6
:101FF00001D1C0B201E070F04DDD16283AD00CD806
:102000000B2825D004D8022816D004285BD119E06B
:102010000C2823D0122856D126E030283CD004D8F2
:1020200018282DD024284ED130E0602840D06C28CC
:1020300044D0482847D135E0D6F838320133C6F8C5
:10204000383240E0D6F83C320133C6F83C323AE050
:10205000D6F840320133C6F8403234E0D6F8443284
:102060000133C6F844322EE0D6F848320133C6F8C0
:10207000483228E0D6F84C320133C6F84C3222E020
:10208000D6F850320133C6F850321CE0D6F854323C
:102090000133C6F8543216E0D6F858320133C6F888
:1020A000583210E0D6F85C320133C6F85C320AE0F0
:1020B000D6F860320133C6F8603204E0D6F86432F4
:1020C0000133C6F864329DF858301BB12D980BA926
:1020D0001AF01ED99DF858302BBBD8F82C0010F000
:1020E000407F01D070F0D6DC00F07F00022809D0DC
:1020F000042807D00B2805D0A0F11601484240EB78
:10210000010000E001200022E98895F91C300092CE
:102110000190A888090A800B02902D9803920490E0
:10212000204609F058F92C994B685A030BD59DF8B5
:10213000583043B9BAF1000F05D1D4F838010BAAD1
:1021400033F038DE33E020460BAAFEF7F5FF2EE031
:1021500023685A6BC2B19DF85820AAB91099154846
:10216000CA89D3F88C3002F00702825C1248845C82
:1021700038460C3403EBC4046368A568013363601C
:10218000FEF376F54019A06038461099002202F05F
:1021900089DA0CE0B24637E5BDF8483013F4407FE9
:1021A0003FF485AD2D9B002B7FF4C1ADBCE52FB076
:1021B000BDE8F08FBAD588006CE188000B68C9686B
:1021C000DB691A6889B14B78012B0ED1B2F8BE30A9
:1021D00023F040031B041B0CA2F8BE30897889064B
:1021E00044BF43F04003A2F8BE3000207047F8B56A
:1021F00091E88800DC6903680D461A6892F862610C
:1022000026B1D3F8600806F073FF0646F86DF9F7BB
:1022100025F958B156B1E86858B14378012B04D07C
:102220000C23A3804FF0FF30F8BDA0610023A380F2
:102230000020F8BD38B503684C681A6892F86251FE
:1022400025B1D3F8600806F053FF0546E06DF9F7B5
:1022500005F950B145B9D4F8A00300F020000028DA
:1022600014BF0320002038BD032038BD2DE9F843FA
:1022700091E808020568DC692B680E4693F86271E4
:10228000D4F8008027B1D5F8600806F031FF074682
:10229000D9F85C00F9F7E2F888B187B1F06888B145
:1022A0004278012A05D00C2323844FF0FF30BDE88B
:1022B000F8836062D5F86008414607F0D9FC002336
:1022C00023840020BDE8F8832DE9F04F1C4692F8E6
:1022D00001909B68D1F85CC089B0002723F4C063EB
:1022E000B9F1010F80460E461546CDF810C005978E
:1022F0000697A36040F23C81D278AB7843EA022390
:10230000012B40F03581A9F10203DBB2032B0ED87B
:102310001CF0400F00F02C8104222DF0F5DC002889
:1023200000F02681402363630423A36329E12F1D6A
:10233000384696490322FDF3D1F08246002840F04A
:10234000178140463146EA792DF0DEDC002800F0A6
:102350000F8104F1380B38465946FFF31DF0A9F1FF
:102360000603DBB2012B11D8049B5F0640F100810C
:102370004046314604222DF0C7DC002800F0F880EA
:10238000402363630423A3635746FAE06A7A2B7AF7
:1023900043EA0223012B40F0EB8005F10A0738469F
:1023A0007A490322FDF39AF0002840F0E18040468C
:1023B00031466A7B2DF0A8DC002800F0D980384631
:1023C0005946FEF3E9F7A9F10C03DBB2012B06D85D
:1023D000049B580640F1CC8040236363CEE0EA7B47
:1023E000AB7B43EA0223012B40F0C08005F11000D3
:1023F00066490322FDF372F0002840F0B780EB7CC1
:10240000012B01D0052B02D1049A510617D4062BBB
:1024100002D1049A120612D4D8F8002092F8622150
:102420002AB1082B03D1049A12F4802F05E0022B65
:1024300040F09C80049A12F0800F00F097805A1FA1
:10244000D2B2012A01D9082B0BD1336D5B0504D41C
:10245000049B13F4922F00F08F80A36843F48063F1
:10246000A360336D5F0503D5A368580540F18480F0
:1024700005F1100004A90022FEF31AF7002877D016
:10248000049BA9F11202D2B2012A63638CBF2A7D98
:102490000022B3F5802F01D151066BD5D8F87C0608
:1024A000316D0DF11F0304F05FFA002864D09DF830
:1024B0001F301BB1A36843F40073A360A9F1140794
:1024C000FFB2002F4AD095F801A0A9F11609C7EB79
:1024D0000A0A05EB0A0393F803C003F1020B9B7889
:1024E0005FFA89F943EA0C2C4FEA1919002723E017
:1024F0000BEB0713023305931023ADF81C3004F1E6
:1025000014030093636B3046019306A905AA07AB39
:10251000CDF80CC057F09ED901372028DDF80CC04B
:102520000AD1059A62B1069B53B101210091404640
:10253000214638F033D903E0674501D04F45D7D164
:102540005544EA78AB7853EA022317D0059BBBB118
:10255000069F002F0CBF3527002712E0404621467A
:102560003A463B46009738F019D90AE02B2708E095
:102570000C2706E02D2704E01F2702E0002700E0DB
:102580003527384609B0BDE8F08F00BF223801007A
:10259000F8B591E8280007685B681E683B6893F807
:1025A00062415CB1D7F8600806F0A2FD31460446EE
:1025B000D7F8600806F0A0FD064600E02646E86D64
:1025C000F8F74CFF30B124B1002E14BF03200020D7
:1025D000F8BD2046F8BD2DE9F34191E848000768B1
:1025E0005B680C46D3F800803B6893F862315BB1BE
:1025F000D7F8600806F07CFD41460546D7F860082C
:1026000006F07AFD074601E01F461D46F06DF8F71B
:1026100025FFA0B19DB197B10122002101A8FCF3D3
:10262000F5F701A80521FEF3C9F30122A369F420FF
:1026300001A9FDF30FF52368A2695B681A62002007
:10264000BDE8FC8173B503680C461A684D6892F8C2
:10265000626126B1D3F8600806F04AFD0646E86DCF
:10266000F8F7FCFEB8B11EB9D5F8A033980612D51C
:102670000122002101A8FCF3C9F701A80521FEF3FE
:102680009DF30122A369F42001A9FDF3E3F423687B
:10269000A2695B685A6100207CBD73B503680C4673
:1026A0001A684D6892F8626126B1D3F8600806F0A6
:1026B0001FFD0646E86DF8F7D1FE98B11EB9D5F8B2
:1026C000A0339B060ED50122002101A8FCF39EF742
:1026D00001A80521FEF372F3F42001A90122A369E8
:1026E000FDF3B8F400207CBD2DE9F3471746027ACC
:1026F00004460E46D0F80090D1F800800AB1002BB5
:102700006AD0E3199D7A002D67D098F8023194F8C9
:10271000272003F01C039B08934238BF13463371F4
:10272000304630F093DD98F802314FF4005203F058
:10273000030312FA03F3F36098F80231204603F022
:1027400003030D3386F83D31414607F1360A2FF079
:102750000BD856F82A5045B94FF4417001F06CDFA0
:102760000546002839D046F82A00284600214FF4B3
:102770004172FCF34BF702232B700023AF7085F8F6
:10278000ED30D9F80030C5F8F48093F869318BB199
:10279000484649F041DC38B1E37C984228BF1846EE
:1027A00084F80434E07405E094F8043413B1E3745D
:1027B00084F80404A27CE37C009294F82F2048461D
:1027C0000192D5F8F4103A4632F036DFD4F85032A0
:1027D0001A6D01321A6500E01D462846BDE8FC87E7
:1027E0002DE9F041D0F8E822002507460E46A8461C
:1027F0002B46D2F8B0100432002918BF9846013396
:10280000182B0D44F5D128F007083046184908F177
:102810000708FDF36BF105BB22E0D7F8E83204F1BD
:102820002C0253F82220642353433046B3FBF5F3C4
:102830001049FDF35BF1104B2340002B03DA013B01
:1028400063F007030133072B05D1444503D030461D
:102850000A49FDF34BF1013400E000244445DCDD7E
:1028600030460749FDF342F10020BDE8F08100BF8A
:10287000225701002C570100070000803757010044
:102880001A2D890037B500230193079B0546032BBA
:10289000144604D901A806990422FCF333F60E2C41
:1028A0002B6806D11B68002093F8D120089B1A6082
:1028B00001E06FF016003EBDF8B5C269002307467F
:1028C0000D461E46D1580433602B0E44FAD12846DB
:1028D0001149FDF30BF1C6B10024FB69284653F8FA
:1028E0002420642353430D49B3FBF6F3FDF3FEF0BC
:1028F00004F00703072B05D1172C03D028460849FD
:10290000FDF3F4F00134182CE7D128460549FDF316
:10291000EDF00020F8BD00BF5C5701002C5701000E
:10292000375701001A2D89000020704710B51C464A
:1029300003699B794BB9880501D5101D03E0C905D2
:1029400010D502F10A00214608E0CB0502D502F1BC
:102950000A0002E0880505D5101DA11D0622FCF322
:10296000BDF580B9204602990622FCF3B7F568B19F
:10297000204603990622FCF3B1F500280CBF4FF066
:10298000FF30002010BD4FF0FF3010BD4FF0FF3082
:1029900010BD00002DE9F04F5D4B07461868EFB001
:1029A0006A9015469A886C69ADF8AC2153F8060F09
:1029B000A2686C909B880491ADF8B4317B68A98BB8
:1029C000D3F814B06B6805919B1A9BB2D218A26021
:1029D000A289D5F81090D31AA3810026B84664E0E6
:1029E000642E64D0A368E28903F10E0712F400524A
:1029F00018BFB4F85020BF07A089998905D0474671
:102A0000FB6E1A6C01321A645BE01218DFF808A141
:102A10000F0A92B247EA01270392A18ADAF800204E
:102A20000E3752F82120BFB21AB13A4AF91C0A40B7
:102A300000E03A460399914205D04746FB6EDA6BB7
:102A40000132DA633DE06AAA00926CAA019204980E
:102A500005992A68FFF76AFF002832D1E3899B04B1
:102A600007D5B4F8503023B1A389FF1AA4F85070E9
:102A700000E0A7812246D8F80000594619F0BCDED4
:102A8000E38995F8222023F0070302F0070213439D
:102A9000E38106AB43F82640A28ADAF8003001361B
:102AA00053F82240039BC3EB0909002C98D14746F9
:102AB000B9F1000F01D105AB0FE0FB6E5A6C01328A
:102AC0005A6458466969002201F0ECDD1DE053F8B4
:102AD000042F0021918209F10109B145F7D124B1F8
:102AE00058462146002201F0DDDD00240BE006AB54
:102AF00053F8243095F829200093386804999B688E
:102B000025F066DB0134B442F1D16FB0BDE8F08F3F
:102B10002B380100FCFF0100E80300002DE9F04F15
:102B2000B1B0DDF8F480079300230F922F9308F1E2
:102B300038023A9B0B92D1F808215B880C92079AD5
:102B40000E931388814603F0FC03A3F120077B4218
:102B500043EB07030C463C9E856908932BB13A9BD7
:102B60004FF0300B04330A9303E0089A4FF0100B38
:102B70000A920021282210A8FCF348F51AA8002187
:102B80002822FCF343F5D5F86C332BB110A805F5DA
:102B90005B712822FCF3B6F40C9B0DF1400A03F1A3
:102BA00038070DF1680C3A46534628462146CDF8C1
:102BB00000C0CDF818C024F065DAD5F88434394661
:102BC0009B7824AF00220B986FF0BEDE38460021C0
:102BD0002422FCF31BF508F14D03DDF818C0259302
:102BE000CDF898A0B8F868300DF1B40A504600212D
:102BF0000822CDF89CC028932496FCF307F573684F
:102C0000CDF800A0C3F300438DF8B43021465A46F6
:102C10000023D5F894062E9753F03AD804F1DC033C
:102C200000F1060A079A0D938DE808042FAB0A32CB
:102C3000029307465946284604F1E203099220F020
:102C40008BDE844618B91122A8F86820E9E02F9B92
:102C50000022012119705A702A6A1268022A04D1CE
:102C600094F92C210AB921221A70216D40F23712F1
:102C70000A4032B194F858201AB11A8842F0100272
:102C80001A8095F8722432B12A6A527D1AB11A88D4
:102C900042F480621A80B8F8682021465A80B8F859
:102CA00020209A802F9B2DAA06338DE88C002F932D
:102CB000D5F894065A460023CDF818C052F056DFD6
:102CC000DDF818C0002840F09980009498F818208A
:102CD000E368029003900192DA6828463346614621
:102CE00024F01AD8B8F8683023B13046022176F0C3
:102CF000A5DB83E02F9B063B2F93B36898050CD58B
:102D000096F8243003F00303032B06D1D5F87C0694
:102D1000214632465DF0C6DA83E0B8F8203031460D
:102D2000A6F8CC30284676F0B9DF0C9A022192F84A
:102D300060300E9A3046934238BF1346A6F8FA30F8
:102D400076F004DED4F8EC30190309D52846214684
:102D50001AF038DD012803D12846214646F0F2DE7C
:102D60002B689B6AF362089B53B10D980A9906225F
:102D7000FCF3B4F320B148460999E26836F0A6DFC7
:102D80000999E268484636F0C5DC2A68D4F8EC10A8
:102D900092F84F2011F4005318BF022312F00302DF
:102DA00005D0CA045ABF7268C2F3004200227F21D4
:102DB0008DE806000B9806F13C0100226FF0F0DE72
:102DC0002846314677F058DB606920B106F11401DE
:102DD000012201F0D9FFD4F8EC309B0404D5D5F8DA
:102DE0004C01214660F064DB2B6893F8693133B104
:102DF00028462146012202F0BDFF00E0BA463B9B77
:102E00003A9A01932F9B00920293484621460F9ACB
:102E1000079BCDF80CA00496CDF8148036F054D959
:102E200005E048462146079A434635F029D931B096
:102E3000BDE8F08F2DE9F04F8569E3B092469846E2
:102E40009DF8B421D5F864310C4607921BB19B79EB
:102E5000002B40F06A812B6893F82F30ABB1236DC3
:102E6000990712D594F8A4307BB100F05FDFD4F855
:102E7000B0103EF0D7DE002800F06C810023C4F8CB
:102E8000A830C4F8AC3084F8A430A3791BB12379FE
:102E9000002B00F04A81BAF800B01BF4804B65D0DB
:102EA0000AF10A03284621461A46069376F080DF87
:102EB0000746002800F03981D0F8D030002B00F010
:102EC000348198F803909DF8B8314FEA99190BB303
:102ED000D5F89C3253F82960E6B13369D3B1337A1F
:102EE000C3B1414603225BA8FCF30CF35BA806F1D7
:102EF000140132690330FCF305F331695BA8033137
:102F000008AA02F0AFDA6C9A08F10400111F08AAAF
:102F100002F0CADA09F11C0954F8293093B11A6990
:102F20006C984146143308F0F5DCC0B901230090D9
:102F30000193029003900490214628461722069B95
:102F40001AF05ADDD7F8D00001F088DB0023C7F86B
:102F5000D03003230F2606934FF00109D2E06C9A7C
:102F600008F10408083A6C920F2601E05E465F46BD
:102F7000B8F80230B8F8009006932B6893F86231E5
:102F800073B1B9F1030F0BD16C9A079B00920193B7
:102F9000D5F8600821465246434674F057D8C4E03D
:102FA000069A032A00F2C180BBF1000F67D1012A03
:102FB00040F0CC80B5F8AA0122F014D90AF10A0B2E
:102FC000031C214618BF012328465A4676F0F4DE3A
:102FD000014610B1284676F0F1DE284621465A46D1
:102FE00076F0E8DF0746002800F0B2804368DA0494
:102FF00008D52A6892F83020002A40F0A98023F4EE
:10300000805343602846394625F0B2DDB9F1000F00
:1030100003D0B9F1010F2BD112E0B4F9543094F977
:103020004420384601211BB916B976F0B9DC01E01D
:1030300076F01EDA97F8243013F001031DD118E062
:10304000B4F95430012B18D03846494694F944203D
:1030500076F00EDA00238DE80802029303930493BE
:103060002846214617225B461AF0C6DC0D2649E0A9
:103070000023012200930192EFE7002E42D10021AC
:103080000C225FA8FCF3C2F2344B0DF5927B5F93E8
:10309000334B00212822584660936195FCF3B6F229
:1030A000069BADF8346153AE3046002120224A938E
:1030B000CDF824914B97FCF3A9F26C9A08F1060322
:1030C0000193931F00960293D5F894062146B022EF
:1030D0005FABCDF868B152F003DEBDF834618EB954
:1030E00087B197F82430D8070CD52846214604220A
:1030F0000AF10A0300960196CDF80890039604960B
:103100001AF07ADC069A2046531C0193002303939D
:103110000493079B0AF10A01059304F1DC023B4684
:10312000CDF800900296FDF76DFC284621460AF185
:103130000A0276F03DDE68B1A3795BB190F82430E5
:10314000D90707D52B689B6A836203E00E26D9E76F
:103150000126D7E763B0BDE8F08F00BF11148400EB
:10316000151484002DE9F04F9A46836EADF5077D66
:1031700081468669CB58D1F80C01919C0D460D9281
:10318000DDF8408212930C90002C00F0AA820021FE
:1031900031A86C22FCF33AF29DF848320D998DF873
:1031A000DC30B4F8CC303391CDF8D0A0CDF8C49059
:1031B0003295CDF8D480369423B9206947F04AD8A7
:1031C000A4F8CC00B4F8CC20D5F808310021ADF833
:1031D000E4204CA828221093FCF318F20D98BAF8BA
:1031E00000200388ADF82C2003F0FC03A3F120009D
:1031F000434243EB0003D9B28DF8473093B20A93B0
:103200004B010E9394F824300F9103F00303032B2A
:1032100003D1A368990500F13F82D6F864311BB150
:103220009B79002B40F05782336893F82F30ABB175
:103230002B6D9A0712D595F8A4307BB100F076DD9E
:10324000D5F8B0103EF0EEDC002800F04A820023F2
:10325000C5F8A830C5F8AC3085F8A4300F9820B177
:10326000B8F1090F40F2378209E0B8F1030F40F2DC
:103270003282A8F104010AF1040B099104E0A8F1DB
:103280000A020AF10A0B099200276763A763304616
:1032900021463A4676F0B4D9099BCDF8F4B0012B1B
:1032A0003E93CDF8ECB040F316829BF801300998BC
:1032B00002339842C0F20F8239460C2283A8FCF3F5
:1032C000A5F1704B394683936F4B282284936AABE8
:1032D000184608938596FCF399F156AA0DF5E87CFB
:1032E0006B9260AA6C92604639462022CDF81CC0D1
:1032F0006A94ADF8C871FCF389F1089B09997B9336
:103300003368DDF81CC093F84F30029103F00303DB
:10331000CDF800C0CDF804B08DF8E8310E9AD6F89B
:103320009406294683AB52F0DBDCBDF8C8210E922F
:1033300008B11746BFE1BDF82C30D4F8E000A4F87E
:10334000F83038B141780231FDF322F7D0F10100B5
:1033500038BF00200B900B98EB6D8DF8E60023B181
:103360002A6D40F23713134013B92B6D5B060BD552
:10337000D4F8E03043B9AB79002B00F08F81D5F859
:10338000EC30980440F18A81304656A960AA4CABD3
:103390001AF0F6DE002840F0858196F81C259DF88D
:1033A00044319A4240F07E8194F8243099070BD53D
:1033B00094F8D73023B130462146012239F0C0D9E4
:1033C0002046FE2176F03AD895F94430002BC0F221
:1033D000718194F82430DA0740F16C81336893F8F6
:1033E000A9304BB1D6F870012AF04EDD022803D186
:1033F0000A99CB0540F154816D2215A80021FCF3F8
:1034000005F10023DDF830E11A4612E086A8C11864
:1034100011F8E41C01F07F016C2909D81B48405CBD
:1034200030B115AF40B2795432EA200228BF0122F0
:1034300001337345EAD16168336A21F007016160A5
:10344000587D12F1000C18BF4FF0010C18B112B9E1
:1034500041F0010161605B7D33B10A99480503D4F5
:10346000636843F0020363600A9A12F02002139229
:1034700003D0636843F004036360109B986B0023E0
:1034800014E000BFB1118400CD13840058168900E8
:103490001099CA1892F83C20110606D502F07F0256
:1034A00015A98A5C002A00F0FD8001338342EFD128
:1034B000336893F84F309A072AD06D9941B34A7810
:1034C00030460232CDF81CC054F09CDA0022074688
:1034D0000092304621463A460023FBF701FCDDF816
:1034E0001CC0AFB151A810220130F91CFCF30AF046
:1034F00051AA0023F11891F8011312F8010F0840A6
:10350000884240F0CF800133102BF3D14FF0020CF2
:10351000129B9C45C0F0C680EA6D22B1296D40F235
:1035200037130B4013B92B6D5B060BD5636B23B1BF
:10353000A16B40F237130B4023B92B6D13F0410FF1
:1035400000F0B8800A98C00618D5296D40F23713EC
:103550000B409BB9490601D50B9979B130460D9EB8
:1035600000230122009301920293039304932946BE
:10357000172206F10A031AF03FDA9BE0E2B12A6D46
:1035800040F237131340BBB1D30715D594F8D630AA
:10359000012B11D1636B7BB105F1DC03009305F1C5
:1035A000E2030193022730462946224604F1140320
:1035B000029726F097D87EE0336893F830304BB905
:1035C000336A1B68022B05D195F92C3113B9139876
:1035D000002869D0336A1B68022B05D199F80030A6
:1035E00013B10A99480561D5304619F07BDDD9F849
:1035F000283098425CD2304629461AF0E3D8D5F8F4
:103600008430984254D2D5F8EC30990408D5D6F8D5
:103610004C0121465A46099B60F016DA002849D130
:103620000E9A4CA9ADF82C213FA82822FBF36AF78B
:103630000C99486B08B101F011D80F9A1AB1AAF190
:10364000060A08F106089DF847000C9B83F83C0029
:10365000404600F0F1DF0C99486308B9886306E042
:1036600042465146FBF34EF70C9AC2F838800123CC
:103670008DF8F03104F11401002306227DA8ADF885
:10368000F231FBF33FF731AB0093304629467CAA79
:10369000234635F051DD24E01E270CE00D270AE01B
:1036A000162708E0122706E0132704E0192702E096
:1036B000112700E00C2731AB0393484629467CAA2A
:1036C0000D9BADF82C71CDF800A0CDF804800294CC
:1036D000FFF724FA05E0484629460D9A31AB34F04D
:1036E000CFDC0DF5077DBDE8F08F00BFD1F80C01F0
:1036F00030B5446B4CB1816B39B190F83C50002D22
:103700000CBF04250A25A94203D2002111601960CB
:1037100030BD251D1560196090F83C0018B10639C0
:103720000A34196014601A68043A1A6030BD000047
:10373000024B00F00F0053F8200070477465010041
:103740002DE9F04FCB88D0F810218BB09B060546B1
:103750000E460468D0F80C710892D0F804A11DD56B
:10376000036D9A0712D558070BD501F16F0004219C
:103770007CF0BADC90B906F1830004217CF0B4DC63
:1037800060B994F8413513F0020F05E0DA0705D56A
:1037900094F8413513F0010F40F02B832046294661
:1037A000728E16233CF0D6D8002840F04083738EEA
:1037B000204613F4404F0CBF002201220A3254F875
:1037C00022902A46494621F069DFFF28804600F012
:1037D0002E8394F8903243F0040384F890322368E7
:1037E00093F83B303BB12046294642465AF000D977
:1037F000002840F01C83236A186961F0DFD8404537
:103800004DD0236A186961F0D9D8FDF387F3834658
:103810004046FDF383F3834509D1236A186961F0BB
:10382000CDD808F4605300F46050984237DC7B68D0
:10383000022B0AD1BAF8BE30DB0706D5BB68182BBD
:1038400003D0089A536B042B29D1D4F85801414670
:103850004CF062DB204628F01FDC7B68022B08D18D
:10386000B5F954302BB9D4F8D4062946324651F074
:10387000B5DA2046414626F041DF236893F83B3015
:103880004BB1D5F83C335968D4F8C035994202D0D1
:10389000204623F0ABD820461FF0ACDE0FE0D4F872
:1038A000580141464CF042DF48B1D4F85801414636
:1038B0004CF032DB002120460A4622F00BD8236868
:1038C00093F83B3093B1D5F83C335A68D4F8C035FF
:1038D0009A420BD0204628F0DFDBD5F83C33204657
:1038E000596823F083D820461FF084DE09F1500385
:1038F000C822504631460993FBF304F6D9F800304C
:10390000AAF83280022B07D199F81580D8F1010866
:1039100038BF4FF0000801E04FF00008F38813F0C3
:1039200020030DD0236893F84F3013F0030307D022
:10393000D5F8EC3003F48053D3F1010338BF0023F2
:10394000DBB20AF1380B0793FF22B8F1000F18BF62
:1039500000238DE80C0058465946002243466FF07C
:103960001FD9D4F884345846099901229B786EF007
:10397000EBDF00282ED1B9F80820D9F80090B8F173
:10398000000F05D120464146069220F03BD9069A09
:10399000BAF8323003F46053B3F5205F08D0B3F5C2
:1039A000C05F07D0B3F5805F14BF0A23142302E081
:1039B000A02300E02823FF2101910290CDF8008090
:1039C0000393D4F8843458461B79099904934B46E1
:1039D0006FF0AAD8D5F8EC3098040CD529462046CB
:1039E00020F010D9FF230093019059465846002239
:1039F00002236FF0D5D82046594623F0D9DA96F93C
:103A0000342020460032294618BF012246F0F2DC5D
:103A100096F93430E3B9D5F80831012283F86020F3
:103A2000D4F8440129465BF097D9284631463BF04B
:103A300023DA28460E213DF05BD82946204646F081
:103A400051DE204629467A68BB6845F007D8CCE1AC
:103A5000D5F8EC30990405D5D4F84C0129465246E6
:103A60005FF0BADC20462946324676F0A3DA80467B
:103A700038B9204629463A460BB0BDE8F04F3BF036
:103A80009D9F079AF2B1DAF86830BAF86C900C335F
:103A9000A9F10C0919464A462046069353F0CCDF9B
:103AA000069B844619464A462046CDF818C053F076
:103AB00099DFDDF818C000220346009220464146F7
:103AC00062460AE04368DA0309D5F3889B0606D408
:103AD000079B2046009341461A46FBF701F9D8F8A8
:103AE0000430D5F8EC2043F48053C8F8043012F4C5
:103AF00000524FF07F0308F13C01009305D0079A74
:103B0000584601920223002203E0079B5846019386
:103B100013466FF045D82046414676F0ADDC20468E
:103B200029463AF0C1DD236893F862315BB1EB6D51
:103B3000580308D5BAF8BE20D4F860084146C2F34D
:103B4000801206F095F898F8243013F00C0F40F02E
:103B50004681B5F954A02368C5F800A193F86231F5
:103B6000002B7DD0EB6D190605D5D4F860082946E9
:103B700073F054DB10B9EB6D5A033CD50023294692
:103B8000C5F80031D4F8600873F032DA294682466D
:103B9000D4F8600873F040DA88B14FF480292046E9
:103BA0002946324608238DE800063DF019D830B189
:103BB0000323C5F80031C5F85C909A461BE0D4F8A1
:103BC0006008294673F02ADBA0B14FF0800B4FF05C
:103BD00000092046294632460223CDF800B0CDF830
:103BE00004903CF0FDDF28B1C5F80091C5F85CB049
:103BF000CA4600E08246D5F80031032B0BD1D4F839
:103C0000DC0629463246EB6D6CF002D818B1002371
:103C1000C5F800319A46D5F80031032B20D1D4F8ED
:103C2000600805F065FA50B1D4F86008414605F027
:103C300063FA20B1D4F86008294605F01FF9D4F8DA
:103C4000600829464246334673F092DA30B128467E
:103C500008210BB0BDE8F04F3CF04A9FC5F800A129
:103C6000D7F80490B9F1020F1DD1BAF1000F1AD1A3
:103C7000D4F8D4062946324651F0C8D898B1D5F8C0
:103C80000801FCF32FF370B9D4F8D0062946324668
:103C9000C5F800917BF00EDAD4F8D40629463246F6
:103CA00051F016DBCA460C21404675F04FDE7B68AA
:103CB000022B23D1089A536B093B012B1ED8934644
:103CC0004FF00009134616E00A2000FB0930D5F832
:103CD0000811623006220693FBF300F4069B30B90C
:103CE0004FF49672ABF86820012283F8502009F156
:103CF00001090BF10A0BDA6C9145E5D37B68022BC5
:103D000033D12B7A002B30D0BAF1020F2DD1B6F877
:103D1000BE30DB0729D5089A536B042B25D0BB682E
:103D2000182B22D0284622F04DDF18B1284600215A
:103D300027F058D8284618213CF0DADED8F80C30A5
:103D4000D4F8D406D5F808211BB11969002908BF99
:103D500000230093B6F862302946C3F34013019361
:103D6000434651F013DA064629E0284608213CF084
:103D7000BFDE4FF001090023CDF800A0CDF804907C
:103D8000029303930493B6F862303246C3F34013B0
:103D900005932846434608F11401FCF733FE2368D7
:103DA000064693F869311BB12046494648F0D2D8FF
:103DB000A06839684FF4967200230CF02FDF46B1EB
:103DC000D4F888041B49B5F82E21334660F0F8DAA0
:103DD0000BE0A06839684FF49B72334603E0002281
:103DE000A068396813460CF019DFBB7F0133BB773D
:103DF0001DE0F388708E23F46663F380FDF38EF08C
:103E000040F480501FFA80F8708EFDF387F0B6F80A
:103E1000BE300E288CBF4FF44040002048EA000816
:103E200023F00A03A6F83280A6F8BE30B6E40BB041
:103E3000BDE8F08FA59084002DE9F04F9A461388D5
:103E4000D0F80C61A3B003F0FC030993B368944667
:103E50000B3BBAF80220012B04468B46DDF8B090EC
:103E60000568D0F80471ADF828201FFA82F80BD845
:103E70000CF1100039460622CDF818C0FBF32EF3E2
:103E8000DDF818C0034660B1099A2046B2F110036C
:103E900018BF012300930023019306210CF10A02AD
:103EA00048E0306C20B1069300F0D8DB069B7364C9
:103EB000484600F0C1DB306428B1C6F84490514652
:103EC0004A46FBF31FF32B6893F844303BB1D5F817
:103ED0006001BAF802104AF037DCAAF80200B8F123
:103EE0000B0F10D17368012B13D0B3680C2B10D0BB
:103EF00000230093214628465A463B463BF0C6D84D
:103F000020460C2177E0B8F1000F16D0B8F11E0F53
:103F100013D07368204613F1FF3318BF01230093B9
:103F200097F934303A46D3F1010338BF00230193A7
:103F30000121434639F0AEDBC1E02B684FF00008A9
:103F40009B6AA9F10602CBF82C300AF1060307930D
:103F50000892039304924346284621465822CDF8FE
:103F60000080CDF80480CDF8088019F045DD414689
:103F70000C221FA8FBF34AF3524B41461F93524BAE
:103F8000282220930DAB184606932195FBF33EF3B0
:103F9000BDF828200DF15C094146ADF838204846AF
:103FA0002022CDF834B0FBF331F3069B089A1E9320
:103FB000079B02920193CDF80090D5F89406214614
:103FC000099A1FAB51F08CDE8046002877D1BDF8EE
:103FD0003890B9F11E0F11D1129B2846F364214687
:103FE0003AF062DBF26CA86831681E3243460CF08E
:103FF00015DE204619213CF07BDD60E0D4F8EC3082
:104000009B0406D5D5F84C015946079A089B5FF0EA
:104010007BDDBAF80420A4F8F62095F87338A5F8EB
:10402000582383B192042869C421920C44F0C6DA63
:1040300005F50660093039460622FBF363F297F86E
:104040003230A5F870387368204613F1FF3318BF7B
:104050000123009397F934303A46D3F1010338BF76
:104060000023019300214B4639F014DB20465946CA
:104070003AF026DAD5F868329C4220D0E36DF3B9E5
:10408000236DD8071BD5E36E591C18D01C3354F888
:104090002320A2B1117A012901D003290FD150891F
:1040A000D3798DE8030002F11401029100210491FB
:1040B0000591039728462146126954F0C3DD23B0C9
:1040C000BDE8F08FD5548400616184002DE9F04F84
:1040D000A5B092460C939DF8B820D0F80C310D9203
:1040E0000993BAF80220D0F8043101F10A07BAF8AE
:1040F000049004460B91056808923846194606223A
:10410000BAF800B01FFA89F80A93FBF3E7F1002828
:104110002ED1284621463A4675F04ADE064600284A
:1041200026D0099A9368082B01D00A2B20D17268F7
:1041300042F4805272602A6892F8622172B1BBF137
:10414000030F0BD10C9B0D9A00930192D5F86008D8
:1041500021460B9A534672F079DF92E0082B02D188
:10416000089B022B03E00A2B07D1089A042A04D0EB
:10417000002300932046062180E0B8F1000F06D00E
:10418000CDF800B0204601213A46434677E041464B
:104190000C2221A8FBF33AF23B4B414621933B4BC7
:1041A000282222930FAB184607932395FBF32EF298
:1041B000089AADF84C900DF1640910924146202206
:1041C0004846CDF83CB01196FBF320F2079B0C9AC1
:1041D00020930AF106030193931F0293CDF80090F8
:1041E000D5F894062146B02221AB51F079DD0028A4
:1041F00047D1BDF84C30002B3AD1BBF1010F37D17C
:10420000089A022A34D10A2120463CF071DCF36876
:10421000129A06F114011BB11869002808BF002387
:1042200003930D9B01204FF0030C4FF0000E8DE81F
:10423000015004920593204633460A9AFCF7E2FBAC
:104240002146064628463AF02FDA46B1D5F88804CA
:104250000F49B4F82E21334660F0B2D811E0099A24
:10426000A868116833464FF49B720CF0D7DC08E065
:10427000191CCDF800B0204618BF01213A463DF088
:1042800025D825B0BDE8F08F6D6184007161840090
:10429000A59084002DE9F041876806467D68B868DE
:1042A00051F805800C46FAF3D1F2C8F80400002852
:1042B00030D0635900215868E422FBF3A7F1F86875
:1042C00054F80580FAF3C2F2C8F8080010B3635935
:1042D00000219868E822FBF399F163592949D3F842
:1042E000088033683246C8F80030986800230CF024
:1042F0003FDDC8F8680068B163592349D3F80880E6
:1043000033682246986800230CF032DDC8F8C000FC
:1043100000282FD163599B68FBB1996E39B133687E
:1043200098680CF00DDD635900229B689A6663590A
:104330009B68D3F8C01041B1336898680CF000DD79
:10434000635900229B68C3F8C0206359F8689968D4
:10435000FAF3A2F2635900229A606359596861B175
:10436000B868FAF399F2635900225A606FF01A00A4
:10437000BDE8F0810020BDE8F0816FF01A00BDE8D3
:10438000F08100BF55BE84009DBC84002DE9F04F34
:104390009FB006468B461446D0F800900493002B3D
:1043A00000F0DE828368049A5B681146D358484661
:1043B0005D689B681CAA05931BAB36F043D860B1BF
:1043C0005CB9059C202204F148001B99FBF39AF08C
:1043D0002022E2804FF0870C0DE0062C00F2C38211
:1043E000DFE814F00700C1026F00C1026C01C102D6
:1043F000E4014FF0710C049C63464846716804F177
:104400001402CDF80CC07DF03DDBDDF80CC0804619
:10441000002800F0AC82BBF1030F06D1D5F8D030F4
:10442000B3F5802F08BF4FF0000BD8F80840ACF16F
:1044300012039BB21B0204F1120A238200215F22A5
:104440005046CDF80CC0FBF3E1F04BF088039BB273
:104450001A0AE27423752B8B05F11C071A0AA3753F
:1044600062754846394620221FF048DD04F11F00DE
:1044700039462022FBF346F0DDF80CC0ACF1710C9C
:104480001FFA8CF3BBB11A02A4F86F20023BDD22A5
:1044900084F8712084F872308749032204F1730094
:1044A000FBF330F0042384F8763004F177001C9994
:1044B0001022FBF327F00B235F462B604FF0000B1D
:1044C0005AE2BBF1030F07D1D5F8D070B7F5802FB2
:1044D00014BF0327002700E05F46D5F8D0008028EE
:1044E00002D0B0F5802F04D147F49E5747F008075B
:1044F00003E0042802D147F4E477BFB2D9F80030D2
:1045000093F8624154B1F6F7A9FF40B1D9F86008B9
:1045100004F0EEFD18B1B5F8D40000E02046AC88F8
:10452000D5F8D0300419A4B2802BADF8764002D073
:10453000B3F5802F25D117F4805323D0B6F810801F
:1045400018F0010808D130463FF03EDD30463FF01C
:104550005FDD013000F00B8233687168D3F87C06B0
:104560005BF062DDB6F87C30BDF876202633C318E8
:1045700012F007029BB205D0C2F108029B189BB251
:1045800000E0002371341B19049C4846716804F153
:1045900014029BB27DF076DA8046002800F0E781B5
:1045A000846800215F2204F1120A2274617450466B
:1045B000FBF32CF03B0AE37427752B8B05F11C01F0
:1045C0001A0AA375627504F11F002022FAF39AF704
:1045D000AA8804F17100A968FAF394F7BDF876305F
:1045E0001A0A42EA0323A4F86F30D9F8003093F88E
:1045F0006231B3B1D5F8D000F6F730FF88B1D9F801
:10460000600804F075FD60B1AB68002B00F0B38169
:10461000A888D5F8D81050445F30B5F8D420FAF304
:1046200071F7D5F8D030802B02D0B3F5802F33D17D
:10463000F80431D521460DF1760230463FF074DCA6
:10464000BDF876301A0A42EA0323A4F86F30049AC0
:10465000936899050FD533682246D3F87C067168B4
:104660000DF176035BF02CDDBDF876301A0A42EAD4
:104670000323A4F86F30A37B3046009329465246AB
:104680005B463FF0ABDA013006D1D9F80400414671
:10469000002200F007D866E194F86F2094F870309B
:1046A00043EA0223228AD3189BB21A0A42EA03235E
:1046B00023820C2316E100BF3738010096F87A7088
:1046C0004BF4607B3F0107F030074BEA0707B6F871
:1046D0007CC0BFB20023BA0754BF0CF1710C0CF1BF
:1046E000790C049C1FFA8CFCADF876304846634682
:1046F000716804F11402CDF80CC07DF0C3D9DDF867
:104700000CC08046002800F0328184685F234FF09F
:10471000000B04F1120AACF112022374594684F81A
:1047200011B05046FAF372F73B0AE3742775B6F8F6
:104730007C3006F1BE011A0AA375627504F11F00F0
:104740002022FAF3DFF6102206F18E0104F13F0079
:10475000FAF3D8F6082206F1FE0104F14F00FAF34D
:10476000D1F6B6F87C2006F15A0104F17100ADF8DB
:104770007620FAF3C7F6BDF8763030461A0A42EAD8
:104780000323A4F86F30A37B29460093524607F019
:1047900003033FF023DA013040F096804146D9F818
:1047A00004005A46FFF37EF7D846E0E0D5F8D03053
:1047B000802B03D0B3F5802F40F0D5803368AC88D0
:1047C000D3F87C067168ADF876405BF02DDCB6F866
:1047D0007C30BDF8762026337134C31812F00702FE
:1047E000A4B29BB203D0C2F108029B189BB2E3189B
:1047F000049C4846716804F114029BB27DF042D9D2
:104800008046002800F0B38084684FF0000C5F22DF
:104810004BF49C5704F1120A84F811C06146BFB2F0
:1048200022745046CDF80CC0FAF3F0F63B0AE3745C
:1048300027752B8B05F11C011A0AA375627504F10B
:104840001F002022FAF35EF60DF1780BA968AA8802
:1048500004F17100FAF356F63BF8023D21461A0ABC
:1048600042EA0323A4F86F305A4630463FF05CDB3F
:10487000BDF876301A0A42EA0323A4F86F30336891
:104880007168D3F87C0622465B465BF019DCBDF804
:10489000763030461A0A42EA0323A4F86F30A37B2D
:1048A0002946009352463B463FF098D90130DDF847
:1048B0000CC009D141466246D9F80400FFF3F2F674
:1048C000DDF80CC0E04652E094F86F2094F87030A8
:1048D00043EA0223228AD3189BB21A0A42EA03232C
:1048E00023820D232B604FF0010B45E0B3F5802FA1
:1048F00014BFFE23022300E00223504605F15C01B1
:10490000082200F8053BFAF3FDF517F0030104D186
:10491000D5F8D000FDF38EF10146BBF1000F0CD0AD
:10492000204605F18C0207ABFDF394F1F0B10AF1DA
:104930004D0007A91022FAF3E5F573684146DA68DD
:10494000484624F093DF059CD9F80800D4F8C0103D
:104950004FF47A7200230CF061D94FF0010806E0A1
:10496000DDF8108003E04FF0000800E0804640468C
:104970001FB0BDE8F08F9B460323E373D5F8D0301A
:10498000802BB3D1B8E700BF2DE9F04F054689B0C1
:104990000E46D0F800A01F46002B00F087818368E8
:1049A0005B68FB585C68D3F80880D4F8D000F6F751
:1049B00065FD002800F07C81B8F1000F00F07A81DD
:1049C000BB68580507D4BB6B03F00203002B14BF70
:1049D0000123022300E00323D4F8D00007938028AA
:1049E00005D0B0F5802F02D0042840F06581337DDA
:1049F00096F8139043EA092919F00303069302D1AC
:104A0000FDF318F1069004F15C0B0120082306F178
:104A100017015A46FCF3F0F5834500F04F812368F7
:104A20000C2B00F0B7800D2B00F018810B2B40F001
:104A3000458109F4DC73B3F5847F40F03F8104F1D4
:104A40003C032022184606F11F010493FAF35AF59D
:104A5000BA68049B12F4806F09D12A68126892F830
:104A60006221C2B1D4F8D020B2F5802F13D108F161
:104A700048020092B8F806206968019204F18C029D
:104A80000292A28A07F114000392E23104F11C029F
:104A9000FCF346F522E0696807F1140C6046E23148
:104AA00006220493CDF814C0FAF318F5049BDDF840
:104AB00014C0002800F0028108F148020092B8F802
:104AC00006206968019204F18C020292A28A604673
:104AD0000392E23104F11C02FCF322F719F4807F07
:104AE00010D0338A1A0A42EA03239BB25C2B40F2AD
:104AF000BF803046069904F18C02FCF377F700285A
:104B000000F0DC80338A1A0A42EA03239BB25E2B50
:104B100040F2AE8096F86F1096F8702042EA0122BB
:104B200002F15F018B42C0F0A380C2B1E188B4F80A
:104B3000DC30CB189A4212D106F17100E16806F11F
:104B40001209FAF3CBF488B1E388D4F8E010994461
:104B500009F15F00B4F8DC20FAF3C0F430B1686802
:104B600007F1140111227DF025D9A7E0002384F874
:104B7000CD302B68D8F8C01098680CF075D858461E
:104B80000821FDF35DF02846079902223B46FFF716
:104B9000FDFB93E009F4D873B3F5807F40F08E807D
:104BA00019F4807F08D03046069904F18C02FCF39A
:104BB0001DF7002800F08280002384F8CD302B6898
:104BC000D8F8C01098680CF04FD8228A07F1140664
:104BD000238B50468DE84400696804F1AC027DF0F7
:104BE00089D8D4F8D030802B02D0B3F5802F02D1F1
:104BF0001023236018E0042B16D10D2323602B8A89
:104C0000D90707D428463FF0DFD928463FF000DA1D
:104C1000013053D058460821FDF312F02846079979
:104C200004223B46FFF7B2FBD4F8D030802B04D0EF
:104C3000B3F5802F01D0042B08D16B685046DB6898
:104C40007921009332460623FAF7D4FAD4F8D0300B
:104C5000802B27D0B3F5802F30D123E019F4807F4B
:104C600015D0338A1A0A42EA03239BB25C2B07D879
:104C7000DAF80030D3F888305A6E01325A661DE0F7
:104C80003046069904F18C02FCF3B0F6B0B1002373
:104C900084F8CD302B68D8F8C01098680BF0E4DFAA
:104CA0001023236028463EF0F3DF07E0184606E0B5
:104CB000E92004E0404602E0002000E0012009B0C5
:104CC000BDE8F08F2DE9FF470D9C064617469A4632
:104CD0008946002952D0002C52D0836800685B6856
:104CE000E3585D68D3F80880294606F01DFF0923C4
:104CF0002B60484639463022FBF382F0736848B196
:104D0000626BDB6DB2F5802F0CBF03F4802303F0E0
:104D1000800302E0DB6D03F00403C5F8D0300C9B88
:104D20003068029321462A464B468DE8800406F0FF
:104D300018FF30B37369012B02D1B8F8060000B335
:104D4000002385F8CD303368D8F8C01098680BF090
:104D50008BDF0A232B60A3685B0507D4A16B01F0EE
:104D60000201002914BF0121022100E00321304685
:104D700000222346FFF70AFB012002E0084600E07C
:104D8000204604B0BDE8F0872DE9F04390E86000CC
:104D9000D6F808318E465B8E174603F440437246C0
:104DA000A3F5404EDEF1000389B0044631462846A3
:104DB00043EB0E0375F000D8804600287CD047B145
:104DC000E368002B78D120464146FFF763FA0028BC
:104DD00072D1A3685B6858F803309F68238AD907AB
:104DE00002D420463FF04CD82B68C4F80C8093F8CE
:104DF0006231ABB198F8D630032B0BD1D8F83430F0
:104E0000B3F5802F0CD12846414607F1480270F0D7
:104E10001BDC0FE023B9D8F83430B3F5802F09D06C
:104E2000238A9A0708D507F1480004F11A012022C5
:104E3000FAF368F32023FB80FB88202B35D12B6805
:104E40004FF00009D3F8E800CDF81890CDF81C9089
:104E50000590FFF3F1F3074600282DD005AB8DE850
:104E6000080228465021D8F810203B46F9F742FEA8
:104E7000D5F81805314606AA07ABFEF737FC07F14F
:104E80000C030093059B20460C3B0193E368012132
:104E90000293069A079B40F0D9D92B683846D3F87D
:104EA000E8300593FFF3DAF306E0706906F11901C3
:104EB000327E43463FF054DA09B0BDE8F0834FF04C
:104EC000FF30704770B50446D0F8880000220A21F0
:104ED000D4F8D8300D0A33F81230CEB2CB189BB2CA
:104EE000013B46EA032605F0030503F440731D4326
:104EF0006FEA42636FEA5343A0F84035A0F820659B
:104F0000A0F82C55A0F84035D4F8D83033F812501A
:104F100001324919062A89B2DAD1204698215A88E5
:104F200043F04CDBD4F8D83020469A219A8843F0DD
:104F300045DBD4F8D8302046DA881B889C2143EA28
:104F4000022292B243F03ADBD4F8D83020465A8994
:104F50001B899E2143EA022292B243F02FDB2046B6
:104F6000BDE8704040F0EE9CF8B503688E21044621
:104F7000D3F8845442F0E0DC236840001B6886B21A
:104F800093F8643106F1500106F1940789B2BFB27B
:104F900013B1002385F86D31D5F82031012B1CD0D9
:104FA00002D3022B30D122E095F8E820012010FA3C
:104FB00002F295F8583192B2FF2B03D010FA03F3A6
:104FC0001A4392B2204643F0F9DA95F8E83001220C
:104FD0009A402046394692B214E02046B5F82A217C
:104FE00043F0ECDA20463946B5F82C210AE095F872
:104FF000E83001229A40204692B243F0DFDA2046A0
:105000003946002243F0DADA95F81C2142B94C36D1
:105010004FF6FE7120463140BDE8F84043F0CE9A8D
:10502000F8BD0000D0F8941010B50831044641F0E6
:10503000F3D803492046BDE8104041F0D59800BFA1
:105040006C4F010038B5437C04468B420D4606D0B8
:1050500039B142F005DB38B94FF0FF3038BD0020E0
:1050600038BD4FF0FF3038BD002084F876006574FD
:1050700038BD00002DE9F0438BB0129F9846002305
:10508000032F04460D46139EDDF8509008930993B4
:105090000CD9042208A84146FAF334F2072F05D9A7
:1050A00009A808F104010422FAF32CF25A2D0899F8
:1050B00000F0B38032D8212D00F0D08016D80E2D0C
:1050C00000F0A78008D8052D5BD00C2D00F09D8046
:1050D000042D40F09B817CE0142DC0F09781172DAA
:1050E00040F2A081202D40F09181C5E03F2D00F0DD
:1050F000F88009D8272D00F0CE803E2D00F0EC80FE
:10510000262D40F08381D4E0522D00F02A81542DC9
:1051100000F02A81442D40F07981E7E06A2D00F00B
:10512000618116D8642D00F0408109D85D2D00F012
:105130008680632D00F01B815C2D40F067817BE051
:10514000682D00F0398100F23A81662D40F05E81D1
:105150002FE1792D00F0528109D8712D00F04681A0
:10516000782D00F04E81702D40F050815AE17C2D59
:10517000C0F04C817D2D40F255818C2D40F0468150
:1051800063E0E06F98E8A000C66916F004060ED050
:10519000002335FA03F2D607D9B203D401330F2B1B
:1051A000F7D119462A463B4604F0DADC2CE12946C1
:1051B0003246022304F0CADE29462A460223E06F63
:1051C00004F000DFE06F29463A46022304F0E0DEF7
:1051D0002DE1B9F10B0F40F31C8100210A46022397
:1051E000E06F04F0B3DE00210A4607460223E06FB9
:1051F00004F0CEDE002105460A46E06F022304F0EB
:10520000E1DE37607560B060FEE0E06F04F0B8DEAC
:105210003FE0D4F88000884902E0D4F88000874954
:10522000FBF390F020B100210A46FAF327F630E0B4
:105230004FF0FF333360E9E094F81C31E3E00031D4
:1052400018BF012184F81C11DEE0099A4A4500F3D9
:10525000E0802046334640F069D845E0072F40F211
:10526000D8800029C0F2D88002230093E06F012289
:10527000099B04F01DDFC7E0032F40F2CA8000291C
:10528000C0F2CA80022300930022E06F134604F0AC
:105290000FDF3060B8E00B2F40F2BB800029C0F276
:1052A000BB80099B002BACBF6FF016066FF00106A8
:1052B000BDE0072F40F2AD800029C0F2AD80099A11
:1052C000002AC0F2A98000250095E06F2B4604F06B
:1052D000FBDE30602E46AAE0E06F314604F034DE9B
:1052E00002E0E06F05F006D80646A0E02368986863
:1052F0000BF046DD0746E06F04F09ADE10B3E06F76
:1053000004F0B2DE054618B9E06F012105F004D8BB
:105310003368E06F009373680836019300230296A8
:1053200003934168D4F88820A368FAF3A1F0002819
:1053300014BF4FF0FF3600266DB9E06F294604F028
:10534000EBDF08E0E06F04F067DE002814BF6FF0C9
:105350001D066FF016062368394698680BF018DDB5
:1053600065E0D4F860314EE0D4F864314BE031466A
:10537000102204A8FAF3C6F0059D0C352846FFF369
:105380005BF1044600284AD031462A46FAF3BAF0C7
:10539000238820461B0B012B04D0FFF35FF14FF055
:1053A000FF3644E0FFF35AF13CE0236893F81836E7
:1053B00029E04FF4B06326E0B4F81E3123E089B24F
:1053C00001292FD80323A4F81E112046009319B1F8
:1053D00020220221134602E002212022002342F073
:1053E00083D811E0204640F08BD952E74B1C022BAA
:1053F0001BD8204649B242F0DDDB75E7C4F838110E
:1054000002E0D4F838313360002610E06FF01D065A
:105410000DE06FF00D060AE06FF0010607E06FF097
:105420001A0604E06FF0160601E06FF01C06304625
:105430000BB0BDE8F08300BFFA6C8900026D8900F3
:10544000F0B587B004460668D0F8885000210C22D9
:1054500002A8FAF3DBF0002320464FF0FF31704A38
:10546000059342F031D823681B6893F8693113B172
:10547000204640F08BD8204643F014D84FF4003734
:10548000204640F039DC009704233069242105AA26
:1054900041F0AADA00210A46E06F04F081D961499F
:1054A000204640F0A1DE2046FFF70CFD02A9204671
:1054B00040F05EDB20468021082243F07FD80A229C
:1054C00020465C2143F07AD82046D4F8201140F0E1
:1054D000EDD9554A2046554941F0F6DF4FF00043DB
:1054E000C5F888314FF00073C5F88C314FF4804314
:1054F000C5F828314FF480336B620121204641F01A
:10550000D9DFE06F04F0F0D8A4F81201A5F8A806DE
:1055100016212046B4F8482043F050D82046C02138
:10552000B4F86C2043F04AD82046C221B4F86E206B
:1055300043F044D82046182104F1A4020223009726
:1055400041F09EDA022320461C2104F1A6020097B6
:1055500041F096DA96F858361BB1002386F8583693
:1055600006E000973069242105AA042341F088DA77
:1055700020464421B4F8A82043F020D820464621F4
:10558000B4F8AA2043F01AD8B5F888361B051B0DCD
:10559000A5F888360123A5F89C360025B563631964
:1055A000586910B1224B5B6898470435182DF6D125
:1055B0001F4D6069AB6D98476B6F606998472046D7
:1055C000002142F0BDDC23681B6893F8693113B1F8
:1055D000204640F00DD8A36F2046598B4FF48072BF
:1055E000CC3142F0EBDF637C032200921022002BCF
:1055F00014BF134600232046042141F075DF2046E6
:10560000AE2142F099D94FF4D8634000C4F8240188
:10561000C4F82831304640F091DC07B0F0BD00BF3F
:1056200004040004943E0100000002400000064013
:1056300010A7880070B5036804461B6893F86931A9
:10564000002B00F08180836F598B363142F074D982
:10565000236D0646D80777D5636D190674D4E36FBA
:105660009A69920002D5DA69D00704D5DB69D907B7
:1056700001D45A0768D5E36E9B0065D5D4F888300D
:105680004FF49675B3F8B42692B242F00302A3F831
:10569000B426D4F88820B2F8B83623F0C0031B042F
:1056A0001B0CA2F8B836236DD80719D5636D1906FF
:1056B00016D4E36FDB695A0712D5E36E9B000FD552
:1056C000D4F888300121A3F8F016D4F88830B3F864
:1056D000F22692B2130A03F00F0302F03F0213E026
:1056E000D4F888300022A3F8F026D4F888300121BD
:1056F000B3F8F226A3F8F016D4F88830C2F30512F6
:10570000B3F8F236C3F30313042A02D10BB1042E0B
:1057100002D04FF4FB750AE06420FEF37BF4013DF8
:10572000C1D1F6E7013D08D00A20FEF373F4D4F8A6
:105730008830B3F8B626D007F4D4B3F8B82692B2BE
:1057400042F0C002A3F8B82670BD38B58B79054683
:105750000C463BB190F88E22002A21D190F88F227E
:10576000002A20D10122627193B12B6893F8623133
:1057700073B1E36D58030BD5D5F8600803F0B8FC9E
:1057800030B1637923B1D5F86008214603F076FB88
:10579000A07950B128462146BDE8384044F0A29F88
:1057A0004FF0FF3038BD4FF0FF3038BD43690BB9C3
:1057B0000223436183690BB914238361C36913B95D
:1057C0004FF41673C361836813B94FF47A7383601F
:1057D00003690BB9034B0361C3680BB9024BC36088
:1057E000704700BF00350C00804F12002DE9FF47C5
:1057F00003680446D3F80090D9F810309B6FB3F8D3
:105800001AA099F81930002B5AD040F2A47600253E
:105810003146D9F8100042F08FD8B11C0746D9F8AC
:10582000100042F089D86B08023504AAEDB202EBF1
:10583000830347EA00400436062D43F80C0CE7D1F9
:105840000AF1A40A5146D9F81000019F039E029D57
:1058500042F072D851468046D9F8100042F06CD818
:105860004BF6FF7202405146D9F8100042F0A6DE16
:10587000236A9F4202D2DB43D81900E0F81A636A18
:105880009E4202D2DB43991900E0F11AA36A9D42BD
:1058900002D2DB435A1900E0EA1AA3682762984251
:1058A0006662A56203D3032384F838300AE02369D3
:1058B000994207D2E3689A4204D2C8F3803002E0EA
:1058C000F52000E0012004B0BDE8F087F7B5099DA0
:1058D0000023032D06461746089C009301930BD91D
:1058E000042268462146F9F30DF6072D04D901A8D4
:1058F000211D0422F9F306F61C2F07D1D6F88030BB
:10590000002093F838200A9B1A6001E06FF016001F
:10591000FEBD2DE9F041044616461F460D460029FE
:1059200000F09D8030F0C4D8D4F8A031804693F8C0
:10593000661093F86C20002940F08880002A40F01F
:105940008580998842F20E72013989B291422DD830
:10595000206940F2EA3140F0D3DD90B120694FF484
:105960007B7140F0CDDDD4F8A0319A8841F64B53DD
:105970009A4204D9206940F2ED3140F0C1DDC5B250
:1059800000E00546206940F2EB3140F0B9DD01232B
:1059900030B13B70D4F8A031002283F86E2033E0A0
:1059A0003870D4F8A02182F86E302DE05A8D91071E
:1059B00006D5206940F2EE3140F0A2DDC5B223E009
:1059C00012F0010214D0B3F87B10002973D0B3F8A1
:1059D0007920002A6FD00A20414391FBF2F2062A77
:1059E00069DDB3F87130012B67D0022B0DD166E071
:1059F00032703A70D4F8A021012382F86C30D4F8C8
:105A0000A02182F86E3000E03DB900233370D4F855
:105A1000A031012283F86C201BE0D4F8A03193F868
:105A20006D20022A07D9012283F86620D4F8A0311C
:105A300083F8675002E0002333703B70D4F8A03144
:105A400093F86D20013283F86D2002E00AB1002343
:105A50003370D4F8A031C3F86880BDE8F081D0F885
:105A6000A03193F866202AB9DB6E13F0FF1F13D123
:105A7000BDE8F081022213462FF03EDC01232046D0
:105A8000294602222FF038DCD4F8A03183F8665082
:105A9000D4F8A03183F86750D4F8A021002382F80D
:105AA0006C30D4F8A02182F86E30D4F8A02182F8AE
:105AB0006D30BDE8F0810625AFE70225ADE708258A
:105AC000ABE770B5036886B00C460546002103A815
:105AD0000A221E68F9F39AF5BDF80C3043F0100362
:105AE000ADF80C3094F8AC30A3B1D4F88830D3F8CA
:105AF0002031D8070ED5204642F0B8D902220092B4
:105B00002046BDF80C300021102241F0EDDC20468B
:105B100041F064D9012185F83910336A186901F020
:105B2000C4FA06B070BDF0B5036887B00C460746EE
:105B3000002103A80A221D68F9F368F5BDF80C30AE
:105B400023F01003ADF80C302B699B6F5E8B94F83B
:105B5000AC30002B3CD0D4F88830D3F82031DB07B0
:105B600036D5204642F082D90222BDF80C30009290
:105B700020460021102241F0B7DC236DD80724D540
:105B8000636D190621D4E36F9A69920002D5DA6930
:105B9000D00704D5DB69D90701D45A0715D5E36EC0
:105BA0009B0012D5D4F88830B3F8B82692B242F0F0
:105BB0004002A3F8B826D4F88820B2F8B83623F00B
:105BC00080031B041B0CA2F8B836204641F006D90E
:105BD000002487F8394006F136012869224642F050
:105BE000EDDC06F108012869224642F0E7DC06F107
:105BF000F80122462869A43642F0E0DC31462869E3
:105C000041F09ADE4BF6FF7202403146286942F0BD
:105C1000D5DC2B6A97F83910186901F046FA6B7ECB
:105C200043B1286940F2A47122460C2342F0DAD82D
:105C3000204601E06FF00A0007B0F0BD7FB551F8D3
:105C4000383B00221868D0F8683200920192029224
:105C500001220391049219469822DC3317F0CCDE1E
:105C600007B000BD38B50446FFF7A0FD94F8383002
:105C7000032B04D02046FFF7B9FD054600E00025C0
:105C800094F83830013B032B73D8DFE803F002139C
:105C9000304C01202146FFF7D1FF012D08D1E36AE6
:105CA000626901339342E36263D3022384F838309C
:105CB000002351E002202146FFF7C0FF012D4FF0E5
:105CC00000030BD1226BA16901328A422263E36295
:105CD0004FD3032284F83820236338BDE26A616918
:105CE00001328A42E262236343D3012232E003207D
:105CF0002146FFF7A3FF94F83930012B07D1204646
:105D00006168FFF710FF002323626362A362636B85
:105D1000E2690133934263632BD30023636304235B
:105D200084F8383038BD04202146FFF787FF94F807
:105D300039301BB920466168FFF7C3FE012D4FF0D3
:105D400000030BD1E26A616901328A422363E26295
:105D50000FD3032284F83820E36238BD226BA16997
:105D600001328A42E362226303D3012284F838209D
:105D7000236338BDF7B50368044693F83C20002A36
:105D800040F0AC8093F86931002B00F0A78044F01C
:105D90006BDF022840F3A280204644F003DF002896
:105DA00000F09C80206940F059DA23680646DA6EDC
:105DB000D4F86872002A40F091801B7E002B00F01E
:105DC0008D8094F8D4312BB120461FF067DA00287B
:105DD00040F08480D4F8A0315A6B5278D1070CD4AB
:105DE000DD795DB1D4F86832D3F814311B695B42B8
:105DF000AB42CCBF0825002500E0002506F00403D7
:105E0000002B18BF0825BB7916F0100618BF4FF4F9
:105E1000007623BBD7F8083193F93430FBB13B7AD5
:105E2000EBB13B7C23B107F1DC00FAF35BF2B0B9D4
:105E300094F88D32012B12D194F88E3223B1D4F81C
:105E4000180535F019D850B9FB6DA3B13A6D40F281
:105E5000371313407BB197F86030D3B10BE094F85F
:105E60008D325BB1D4F88C221D4B1340B3F5807F8B
:105E700010D13B7C73B13543ADB20BE094F88E3258
:105E80003BB1D4F8180534F0F7DF002808BF00252F
:105E900000E01D46022120464FF402722B4600917D
:105EA0001FF060DC354219D00023D4F86422D158A9
:105EB00089B18A797AB90A7A6AB10A7C5AB1D4F876
:105EC000440158F0E9DE0146D4F8440103B0BDE8CE
:105ED000F04059F0A9990433202BE6D103B0F0BD6E
:105EE00000FFFF002DE9F84305680446D5F8A0310E
:105EF000D0F83480D3F810902B699B6F5E8BFDF344
:105F000015F7A36CA064C31AB3F5617F01D2BDE895
:105F1000F883204645F0BAD984F83000204644F092
:105F200033DF84F83100204645F088D894F84530B6
:105F300084F85A005BB194F8403084F8303094F81B
:105F4000413084F8313094F8423084F85A3098F86F
:105F500001305B0721D5E76B284694F9311094F99D
:105F6000302094F95A30B8475FFA89F94845074616
:105F700013D02846394645F0A7D82869026D12F497
:105F800080020AD14EB1012F06F1A40101D1602394
:105F900001E06022134642F013DA28460122D5F8C8
:105FA0006812FFF7E7FE98F80130980715D5A66B41
:105FB00094F95A30284694F9311094F93020B047BA
:105FC00094F832300646834207D0284604493246C8
:105FD0001FF0F8D808B984F83260BDE8F88300BF34
:105FE0006FB0890073B504680546204644F0DADDD9
:105FF000D4F8A031064693F85E20013283F85E2083
:10600000236893F86931002B4AD0002848D0236ACE
:106010001B68022B44D1012803D12046294645F0B4
:10602000B5DB6B6B5B78DB0703D52846FFF75AFFC0
:1060300036E0204645F05CD8D4F8A031DA7A72B167
:10604000D4F86812D1F8141109694942914206DD69
:10605000721E012A1ED95E73204601210EE09A7A33
:106060007AB1D4F86812D1F8141109694942914201
:1060700007DA042E0ED05E732046042145F024D8A2
:1060800008E0597B31B1204645F01ED8D4F8A03144
:1060900000225A732046D4F868120122FFF76AFEE4
:1060A000236893F86921002A51D0226A1268022AD3
:1060B0004DD101228DF806208DF807204EB3042E15
:1060C00027D093F8412022B393F842200AB3D4F8A2
:1060D00064210AB19279E2B993F83E30CBB1D4F899
:1060E000A03142F20E729988013989B2914203D9E6
:1060F000598D11F0030105D0013E012E09D820462B
:10610000012100E020460DF107020DF10603FFF723
:1061100000FC9DF807109DF80630A1F101025142E4
:10612000A3F1010041EB0201434243EB00030222D1
:106130008DF80630204613468DF807102FF0DCD876
:1061400020469DF80610022201232FF0D5D823689F
:1061500093F8693123B1236A2846196845F00CDFAA
:10616000D5F88000FFF77EFD00207CBD2DE9F047CB
:1061700005689A462B68044693F844008EB00F4693
:106180001646002838D00DF10C094FF00008002108
:1061900024224846F9F33AF2414608220CA8CDF8E9
:1061A0001080CDF80C80F9F331F242464346D5F821
:1061B000C0063946CDF8349051F0FADCD4F84441A9
:1061C00080460FE08DE8400101330493D5F8C00606
:1061D00039464FF6FF720CAB059451F0C9DC50B94B
:1061E00024684644049B002CECD1039A01209B18A0
:1061F000CAF8003000E000200EB0BDE8F087026869
:106200000146D2F86C31D2F8D80603F5C67203F510
:10621000CE7305F077B8000000487047C4580100FD
:10622000024B542202FB0030704700BFBC650100E6
:10623000004870476466010038B58B781C1DA24287
:1062400030D30A78012A30D1142B34BF1A461422D5
:106250004B78022B04D0032B1ED0012B28D101E058
:10626000002315E0002307E0CC18257990F823409F
:1062700001332C4380F8234001309342F4DB0FE0DC
:10628000CC18257990F8234001332C4080F8234026
:1062900001309342F4DB03E024300431F9F332F1AE
:1062A000002038BD6FF00D0038BD6FF0240038BD00
:1062B000002038BD38B5044610468A78151DAB421B
:1062C0000FD30B78012B0FD1142A28BF14221423CB
:1062D0008270C37004F124010430F9F313F100203B
:1062E00038BD6FF00D0038BD6FF0240038BD98291F
:1062F00070B504460D46164611D8243012B1FAF393
:106300005DF501E0F9F3D6F72C2D0BD10121321CFC
:10631000A06818BF01221DF071D9002070BD4FF098
:10632000FF3070BD002070BD70B505460C464EF0C4
:1063300067D8064680B190F861309BB9836923B96C
:10634000E420FEF37FF1B06130B1F36953B9E82086
:10635000FEF378F1F06128B928462146BDE8704087
:106360004DF04E9E70BD00002DE9F04F9A469BB057
:106370000D46D1F80C31D1F80461002800F03181CC
:1063800089794468002940F02C81297C002900F09B
:1063900028819AF8011002291FD19B68182B1CD163
:1063A00002F10A00D5F808110622F9F397F0A0B916
:1063B0000AF1080031460622F9F390F068B9204648
:1063C0002946D5F8082173F0F3DC30B12046294680
:1063D000324673F0EDDC074620B9002300932846CF
:1063E000062138E0BAF80E308BBB00210C2217A82A
:1063F000F9F30CF17C4B0DF1140917937B4B002141
:1064000028220DF13C08484618931994F9F3FEF040
:106410000023002120224046ADF82430F9F3F6F0A5
:106420000AF110030193249BCDF80080103B0293E6
:10643000D4F8BC062946D02217ABCDF8589051F0BD
:10644000D3DB002840F0CD80BDF824302BB10222F0
:106450000092284601213246C1E0D5F8103193F868
:10646000F430F3B9D5F818311B7AD3B994F89032D7
:106470002846590744BF23F0040384F890320121D1
:1064800024F0B0DCD5F81031012283F8F4204FF469
:10649000FA70FDF3BFF594F8903243F0040384F8EA
:1064A0009032B6F83280236AD3F804B008F440433F
:1064B000A3F54042D2F1000A4AEB020A003318BFAA
:1064C00001230A3354F8239008F46053B3F5005FB6
:1064D00003D14046FAF3A2F5804608F46053B3F5C1
:1064E000C05F27D1236893F84F309B0714D0D4F8AE
:1064F0005801D9F8041049F00FDB00070CD499F8C3
:10650000E530990708D5D9F80030022B12D1D5F81B
:1065100068339B789A070DD54046FAF3FFF440F4B0
:1065200080539BB20E288CBF4FF440484FF00008B8
:1065300048EA0308236A18695EF040DA40451CD037
:106540004146D4F8580149F0E7DC204625F0A4DDA7
:106550002046414624F0D2D8236893F83B304BB113
:10656000D5F83C335968D4F8C035994202D020465A
:1065700020F03CDA20461DF03DD8204606F13801D7
:1065800020F016DDD34524D0236A204639465A68C8
:106590002B4673F03DDA2368206A93F84F30503071
:1065A00013F0030307F13C0108D03B69D3F8EC304A
:1065B00003F48053D3F1010338BF00237F228DE819
:1065C0000C00002213466CF0EBDA2046394673F0DB
:1065D00053DF022300210093284632460B463AF04F
:1065E00075DE1BB0BDE8F08FA9B885000DBA850037
:1065F0000B89F0B5C48F03F0F0060419360934F89E
:106600001650428FB0F83CE0013634F81670CC6872
:106610008218864487B052190EEBC50E2CB14E6914
:10662000C4EB060C8E69664400E026467D1BADB2C5
:10663000CDF800E00195C0680290086804940390CA
:1066400005964868194600234FF084DF07B0F0BD77
:10665000F0B50C460989C58E01F0F006878E451904
:10666000360935F81630C7194FF00C0E0EFB0377BC
:1066700087B0428E0136009735F816508218ED1A11
:10668000ADB201958068D218029020680023039073
:10669000A0690490E069059060684FF041DE07B0A2
:1066A000F0BDF0B50C460989C58E01F0F006878E65
:1066B0004519360935F81630C7194FF00C0E0EFB88
:1066C000037785B0428E0136009735F81650821850
:1066D000ED1AADB201958068D218029020680023AF
:1066E000039060684FF0F6DE05B0F0BD2DE9F34190
:1066F000B0F81280878AC68A84798044C7198619BF
:10670000F4B9254605F00F0336F81310013336F8B7
:1067100013208A420ED00C4B521A181980884FF061
:106720000C0E009092B208EB0100E3580EFB0171D1
:106730004FF0CEDF013508340D2DE3D1002001E00C
:106740006FF01600BDE8FC81685901000378FF2B4B
:1067500001D018467047437813B18078FF307047F6
:106760004FF6FF70704791E80C0009895268B02914
:1067700002D11268032A08D090F8420630B1D3F84B
:106780006433587810B102307047002070470620FB
:106790007047036873B50446D0F82454D4F81C1429
:1067A00098680AF061DA26E0EE690BBBD4F824346D
:1067B00005F10E029D4208BFC4F8246420682146FA
:1067C00073F0F6DA024640B1012102238DE80A0097
:1067D00020682146002372F053DF23682946586859
:1067E00051F088DC94F82034013B84F8203401E037
:1067F000013BAB6135461DB1AB695A1CD4D116E0E3
:106800002368D4F824249868D4F81C143AB90AF000
:1068100097DAC4F81C5484F8205402B070BD42F2D8
:1068200010722B4602B0BDE870400AF0F799FEE7FF
:106830007FB5D0F824040E4615461C4698B104AB2B
:1068400043F8040D00200093014632462B4651F0D8
:106850009FDC40B94EF660235C4342F21073B4FBF8
:10686000F3F4039B9C6104B070BD00002DE9F0417E
:106870000546D0F80080D0F81441FDF357F2D8F85F
:106880002030064618695EF099D8D5F808315B8E3D
:10689000834259D113F4404F09D1D8F8003093F80E
:1068A000693123B1404640F00FD800284CD0A36C8A
:1068B000002B53D0E16C721A9A424FDB94F850309F
:1068C0001BB122695BB2934248DB94F84430FBB1C0
:1068D0002769EFB1FF1AD8F8C4366FF0C7029742A4
:1068E000B8BF174613B19F42B8BF1F46B4F90E3068
:1068F000002B03DA1A483246F8F3AEF600221346AC
:106900002846394654F026D8D5F80831228A5A85C7
:1069100094F8453013B3676907B3FF1AB4F93A30F6
:1069200027EAE777002B04DA0E48E16C3246F8F3E9
:1069300093F628463946002254F05AD8D5F8083143
:10694000A48A9C85BDE8F081D5F80831DA8DE36C26
:10695000D318E3649B1B002BC8BFE664BDE8F0813D
:10696000AEC58900DFC5890010B5002012F04004D3
:10697000187002D012F0800F15D011F4007005D0FD
:1069800012F0800F02D00120187010BD490501D50A
:10699000130605D530B9D4F1010038BF002010BD71
:1069A000002010BD012010BD2DE9F04F836B0D4676
:1069B000596C044640F2395087B092460022814219
:1069C0008DF8172003D040F28B50814208D1B4F8E3
:1069D000522002F44042A2F540414A4242EB0102F9
:1069E0001869039268F072D828B3D4F8E4235AB136
:1069F000D4F8F803012169F07FDE28B9A36BD4F83D
:106A0000E413986869F0A8DC94F8943083B9D4F85A
:106A1000F803B4F85210012269F038DEC4F8E40338
:106A200030B1BAF1000F03D120465EF04FDD46E1F0
:106A30000023C4F8E433B4F85210A36B01F460519E
:106A4000B1F5005F986805D0A1F5C052514241EB05
:106A5000020100E0022169F071DC0646002800F026
:106A60002E8135B120462946B4F8522033465EF0D7
:106A700007DDB4F852904846FAF350F209F4605733
:106A8000A36BB7F5005F986805D0A7F5C0535942CE
:106A900041EB030100E0022169F050DCA36B0546E5
:106AA00010B99868314617E0B7F5005F986806D0CE
:106AB000A7F5C058D8F1000141EB080100E0022120
:106AC00069F03CDC804650B9A36B3146986869F0A8
:106AD00043DCA36B2946986869F03EDCEFE0D4F80C
:106AE000E403B8B169F044DCB7F5005F06D0A7F560
:106AF000C05CDCF1000343EB0C0300E0022398428E
:106B000008D0A36BD4F8E413986869F025DC00235F
:106B1000C4F8E433D4F8E433FBB9A36BB7F5005FF2
:106B2000986806D0A7F5C05EDEF1000141EB0E01CA
:106B300000E0022169F002DCC4F8E40368B9A36B49
:106B40003146986869F008DCA36B2946986869F0BB
:106B500003DCA36B41469868BEE7D4F8E40369F010
:106B60002DDB20465EF04CD8284694F97B1069F066
:106B700017DD00230DF117020093204643464946D6
:106B80005FF09CDC4046314669F054DB404694F9A6
:106B9000651369F0ADDC4146284669F04BDB94F89B
:106BA0005810632902D8284669F0B6DC284669F0F7
:106BB000DDDB284669F014DC94F8673307469B0058
:106BC00098426FF07F012846B8BFDFB269F01EDC43
:106BD000FFB25FFA80F9A36B84F87E7084F87F902F
:106BE0008346186967F072DFB8B1D4F8F803B4F8D7
:106BF000521069F02DDE01280FD1B4F85210002296
:106C00004B46D4F8F80369F0D5DDD4F8F803B4F8AE
:106C1000521000223B4669F0BDDD002384F891B09C
:106C200084F8963084F88030BAF1000F03D02846FB
:106C3000514669F019DB94F8823028460BB1039B6A
:106C400023B194F97E1069F0C7DA03E094F97F105C
:106C500069F04EDCD4F8E403294669F0D1DAA36B7D
:106C6000186967F033DF98B1D4F8F803B4F852101C
:106C700069F0EEDD012803460AD1D4F8E403A16BE4
:106C800000908868B4F85220D4F8F81369F054DD05
:106C9000A36B3146986869F05FDBA36B294698685F
:106CA00069F05ADBA36B4146986869F055DBBAF18D
:106CB000000F04D1D4F8543A0BB12046984707B0DE
:106CC000BDE8F08F10B590F86330002B3CD0DB07A7
:106CD000C9B22CD5836E8B4223D190F8253A3BB1B3
:106CE0000023846BE4180133082B84F82021F8D1A9
:106CF000836BD3F828411B1983F82021836BD3F8C9
:106D00002841072C01D0013400E00024C3F82841B9
:106D100090F8253A2BB190F8263A13B1002380F869
:106D2000253A90F8633023F0010380F8633090F83F
:106D3000633013F0020F07D023F0020380F86330B2
:106D4000836B186967F0BADE002010BDF8B590F8C3
:106D500063300446002B3AD1012902D0022939D1EF
:106D600000E08266A36B80F863101A6A94F8D90079
:106D7000626618BB94F86C20002A2DD118698E2108
:106D800067F072DE400087B2062502E00A20FDF3BC
:106D900041F1A36B07F174061869314667F064DEB0
:106DA00008B1013DF2D1A36B01221869314667F0A9
:106DB00067DE204601F012F8024600E0A122B4F896
:106DC0005210204652B2BDE8F840FFF77BBF6FF08B
:106DD0001800F8BD6FF00200F8BD10B504465DF074
:106DE000EDDD0221C2B22046BDE81040FFF7AEBF84
:106DF00030B5026CCB8892F829463CB9846B646943
:106E00000A2C03D94C8A14F4807F14D0846B6569F2
:106E1000272D03D10C8A14F4006F0CD18C88DBB2BF
:106E200014F0030F01D09D2B05D0232D07D14D8ADF
:106E300015F0200F03D001238B7700230AE090F98F
:106E40002C031B18E00444BF92F91E269B18002255
:106E5000CB778A770B7700234B7730BDC369043B30
:106E6000082B06D8DFE803F01805090709050B050C
:106E70000D0000207047172070470420704707203E
:106E8000704790F83E03012808D0032814BF4FF440
:106E900083704FF48B707047012070474FF48B70F4
:106EA0007047836B13B51A6A044601321A6290F870
:106EB0006020002A00F0AC80B0F8C8222AB1D0F8D7
:106EC000F013A1F83622A1F83A22B4F8CC222AB164
:106ED000D4F8F013A1F82822A1F82422B4F8CA2289
:106EE0002AB1D4F8F013A1F82222A1F82622216FAA
:106EF00040F606220A402AB993F82C3113B12046F5
:106F00005DF0F8DDA36B1A6A1B6EB2FBF3F103FBB5
:106F10001123A3B920465FF085DC236F40F60202FF
:106F2000A16B1A400032086918BF0122B4F8521050
:106F3000C3F3800367F0D2DD20465FF081DC226F6F
:106F400040F60E231340B3B9A36BD4F88C21196A11
:106F5000D2F89020D3F818318A1A9A420BD394F8B9
:106F6000522020460121FFF7F1FEA26BD4F88C31AC
:106F7000126AC3F8902094F8633043B1A36B1A6A85
:106F8000636ED31A052B02D9002384F86330D4F83A
:106F9000F4202AB1A36B196A1B6E8A1A9A420CD389
:106FA000226F40F6020313403BB920465DF016DE27
:106FB00018B1A36B1B6AC4F8F430226F40F60F239C
:106FC00013402BBB20465EF0B5DA20465EF054DA63
:106FD000D4F88C31D3F8882012B1013AC3F8882054
:106FE000D4F8B43A0BB120469847A36B186967F000
:106FF00023DD68B1A36B01A918690DF1070267F0E1
:107000001FDD20469DF80710BDF804205DF0D4DD9B
:1070100000201CBD03460021986B4018013108294F
:1070200080F82021F8D19A6B0021C2F82811D16E86
:10703000032907D1D3F8C410C90703D5126A08324F
:10704000C3F8B8200022991802324FF6A470202A03
:10705000A1F8040AF7D10020012283F8240A83F85A
:10706000EC2A7047836B10B59A69044692001BD5D1
:1070700090F8ED2A012A17D1B0F8522012F4404FAF
:1070800012D1186967F004DD636CB3F8B42692B2CC
:1070900042F00302A3F8B426636CB3F8B82692B2A8
:1070A00042F0C002A3F8B82610BD80F8ED1A704770
:1070B00030B5056C044687B028464FF4007141F2A4
:1070C0001C1260F047DB002800F09D80072303932B
:1070D000202305938023029300230190049340F81A
:1070E000043B0133802BFAD1204601A965F0E8DE8C
:1070F0004FF43073204601A9049365F0E1DE206C63
:1071000041F22F1160F04CDB2046012164F086DC57
:1071100020463E4936225DF0F7D9D5F8C4342046E2
:1071200040F6F4114FF480426BB113465DF0B4D9D0
:10713000B5F85824B5F856342046D31840F20C510F
:1071400040F2FF129BB25DF0A7D91E2230492046C3
:107150005DF0DAD9204661F011D8204663F014DAE8
:1071600099210122002320465DF068D99621022250
:10717000002320465DF062D9A2210122002320468F
:107180005DF05CD9A5214022002320465DF056D950
:10719000A6210122002320465DF050D9A121012221
:1071A000002320465DF04AD93022002320460221E8
:1071B0005DF044D96F2120464FF4005200235DF06A
:1071C0003DD94FF48052134620466F215DF036D9E9
:1071D00004221346204640F2D7415DF05DD940F2CB
:1071E000D7414FF470624FF4807320465DF054D95C
:1071F000204662F0DBDB204640F275514FF400720E
:1072000000235DF049D907B030BD00BFBE5A010070
:107210002A5B0100F0B5072387B0066C0293202398
:107220000493012304460D460193304605AB4FF409
:10723000007141F27332009360F08CDA002849D07B
:10724000D6F8B865074601460023B3422CBF9E46D8
:10725000B64605EBCE0292F803C015F83EE00133C6
:107260004EEA4C5E92F802C052784EEA4C3E4EEA2C
:107270004212802B059241F8042BE6D18DE80900DB
:107280006946C0232046039365F01ADE0023B3420B
:107290002CBF1A46324605EBC202107951794002E2
:1072A00040EA4140D179013340EA0102802B059246
:1072B00047F8042BEBD14FF4107320466946039333
:1072C00065F0FEDD236C41F29F31C3F8BC55206CA4
:1072D00060F066DA07B0F0BDF0B5076C89B0002346
:1072E00004460D4638464FF400714FF4965205930C
:1072F0000693079360F02EDA0646002834D04DB985
:10730000204605A906AA07AB5EF028DB03953746A1
:10731000002510E097F83336002BF8D0B4F9283A5E
:107320000693B4F92A3A0793B4F92C3A05934FF42B
:1073300030730393EBE705A928460EC964F0B0DE6D
:107340000135802D47F8040BF5D107230293204621
:107350002023694604930096019565F0B1DD206C09
:1073600041F2DF2160F01CDA09B0F0BD2DE9F047F1
:10737000571A7E1C1FFA86F94FEA89034FF6FC71F3
:1073800086B004461940006C41F6DE3260F0E2D966
:107390000546002871D010234FF0600ADFF8E08026
:1073A0008DE8080404AA022320460021CDF80880B5
:1073B0005EF0CCD8BDF81020BDF8123092059B05C8
:1073C0009B0D920D43EA8222C246002308E055F845
:1073D000231001F07F61114345F8231001339BB264
:1073E000BB42F4DD20234FF4A0788DE80801DFF8DC
:1073F00094802A46334620460721CDF808805EF067
:10740000B3D8206C41F6F23160F0CAD94FEA49098D
:107410004FF6FE71206C09EA010141F6F53260F089
:1074200099D9054648B310234FF0620C8DE8081037
:107430002046012300210DF11602CDF808A05EF0D0
:1074400085D8002305E0BDF8162025F81320013368
:107450009BB2BB42F7DD10234FF4E07E8DE808407D
:10746000204607212A463346CDF808805EF07CD8B6
:10747000206C41F6024160F093D906B0BDE8F08778
:10748000CD2187006149870010B5044660F098D986
:107490002046012200234FF430615CF0FDDF2046DE
:1074A000042200234FF430615CF0F6DF204608220E
:1074B00000234FF430615CF0EFDFF02220461346EA
:1074C0004FF430615CF0E8DF4FF470622046134601
:1074D0004FF430615CF0E0DF204600234FF4306170
:1074E0004FF480525CF0D8DF20460622042340F699
:1074F00007315CF0D1DF20463822082340F60731FF
:107500005CF0CADF2046002340F607314FF4E072FA
:107510005CF0C2DF20463022102340F60B315CF0D5
:10752000BBDF40222046134640F60B315CF0B4DF4F
:10753000204640F60B314FF4F0624FF480635CF06C
:10754000ABDF204640F60B314FF4F0424FF40053CE
:107550005CF0A2DF94F8FC392046012B14BF4FF4F5
:1075600080534FF4105340F60C314FF6FF725CF02D
:1075700093DF204640F60C314FF6FF724FF48053F4
:107580005CF08ADF204640F60D314FF6FF724FF473
:1075900050435CF081DF204640F60E314FF6FF721B
:1075A0004FF478435CF078DF2046102340F60F312B
:1075B0004FF6FF725CF070DF20464FF431614FF6FA
:1075C000FF724FF478435CF067DF204640F61131DC
:1075D0004FF6FF724FF47D435CF05EDF20460F22D2
:1075E000002340F612315CF057DF2046F0220023E2
:1075F00040F612315CF050DF2046002340F6123195
:107600004FF470625CF048DF20460F22002340F602
:1076100013315CF041DF2046F022002340F61331A5
:107620005CF03ADF2046002340F613314FF47062DD
:107630005CF032DF20460F22002340F614315CF06C
:107640002BDF2046F022002340F614315CF024DFCB
:10765000204640F614314FF4706200235CF01CDFCA
:1076600020460F2240F6153100235CF015DF20463E
:10767000F022002340F615315CF00EDF2046002397
:1076800040F615314FF470625CF006DF20460322AD
:10769000012340F616315CF0FFDE20460C22002369
:1076A00040F616315CF0F8DE20463022102340F61A
:1076B00016315CF0F1DE2046C022402340F6163140
:1076C0005CF0EADE2046002340F616314FF44072AB
:1076D0005CF0E2DE204640F616314FF440624FF493
:1076E00080635CF0D9DE20460322002340F6173188
:1076F0005CF0D2DE20460C2240F617314FF6FC73C8
:107700005CF0CADE2046302240F617314FF6F073A7
:107710005CF0C2DE2046C022002340F617315CF048
:10772000BBDE204640F617314FF440724FF47F43E2
:107730005CF0B2DE204640F617314FF440624FF461
:107740007C435CF0A9DE20460122002340F606318E
:107750005CF0A2DE1F222046134640F605315CF0A5
:107760009BDE4FF6FF722046134640F604315CF074
:1077700093DE4FF6FF722046134640F608315CF068
:107780008BDE204640F609314FF6FF7247F6FF7355
:107790005CF082DE2046082340F60A314FF6FF7285
:1077A0005CF07ADE20463F2340F602314FF6FF724E
:1077B0005CF072DE2046FF2340F603314FF6FF7285
:1077C0005CF06ADE0F222046134640F601315CF081
:1077D00063DEF0222046134640F601315CF05CDEA9
:1077E0000122204613464FF430615CF055DEA36B56
:1077F0002046D96EBDE810405FF0029A2DE9F043B3
:10780000044689B00F469046006C4FF4806141F207
:10781000366299465FF09EDF064600284ED0012270
:107820001346204640F29C41C4F8D0705CF034DE30
:1078300020469DF840105FF041DB28222046394663
:1078400061F09CDFB0F5807F054603D9206C41F2E2
:10785000526131E0204640F2D661032200235CF001
:107860001BDE08221346204640F2DA615CF014DE8B
:10787000282342468DE8280020463346394665F0E5
:1078800061D915230396059300262023204603A9DA
:1078900007930495069665F013DB9DF84430204667
:1078A000019329464FF6FF723346CDF8009062F0FF
:1078B000F1DF206C41F266615FF072DF09B0BDE874
:1078C000F08300002DE9F04F00218FB0076C90F895
:1078D0005250ADF83210ADF834100446002109A81A
:1078E0000C22F7F393F60023ADF8363097F81536EF
:1078F00013B197F8161601E097F81416D4F8DC00C7
:107900002A465FF0BDDC8046002800F060812046FA
:1079100001215FF0D3DAB8F8005045B12DB24FF431
:107920007A726A432046012163F098DE0125B8F897
:10793000023063B10135EDB21BB24FF47A725A4393
:107940002046294663F08ADE012D0AD100E0DDB130
:1079500002230093012100230193029320460A464B
:1079600008E00223012100930193002302932046A3
:107970000A460B4663F014DF204605214FF4867259
:107980000DF1320361F01CDE00252E46A94638F8C1
:10799000051029B304200B238DE8090009B20DAAB4
:1079A0004FF4FA73204661F07BDBBDF83420BDF85C
:1079B00032301C3AD21AB7F9181613B299420FDCBA
:1079C0000EA9062303FB061338F80510013623F829
:1079D000141C23F8122C23F8100CB6B24FF0010936
:1079E0000235042DD3D102230693102308930DF101
:1079F0003603049300250123204604A90593079527
:107A000062F094DE10238DE82800724B022102936D
:107A1000204601230DF1360201355DF0A5DD402D34
:107A2000F0D10025204629462A462B46009501958F
:107A3000029563F0B5DEB9F1000F40F0B180C2E00D
:107A40000EAB4FF0060909FB053939F8148C0135E6
:107A5000EDB20FFA88FA4FF47A7202FB0AF220466E
:107A6000294663F0FBDDB7F91A2639F9123C9A4230
:107A700001DD002006E0B7F91C269A4201DD012055
:107A800000E002205FF0F4DB29460246204663F066
:107A900039DEBAF1000FB8BFCAF1000A4FEA8A0A0C
:107AA0004FF0000940F271239A450ADD09F10109FE
:107AB0005FFA89F9AAF59C6AB9F1200FAAF1020AC6
:107AC000F0D10FFA88F3002BD8BFC9F100095FFA93
:107AD00089F94FFA89F34FEA48086FF41C7202FBE8
:107AE0000388002BB8BF5B42022B59DD4FF0000A20
:107AF000002150465FF058DC0FFA88FB8BEAEB73ED
:107B0000A3EBEB73984244D1012150465FF04CDC6B
:107B10000221804650465FF047DCBBF1000F8246F1
:107B20004FFA89F30ADA002BDBBF5FFA89FB0BF10E
:107B3000400909F1FF3B0BF13F0B09E0002BDBBFD4
:107B40005FFA89FB0BF1400909F1010B0BF1410BC5
:107B50004FFA89F3204604A9079362F0E7DDBDF8E8
:107B600036302046984404A9ADF8368065F0A8D98F
:107B70004FFA8BF3204604A9079362F0D7DDBDF8D6
:107B8000363020469A4404A9ADF836A065F098D95D
:107B900006E00AF1010A5FFA8AFABAF1060FA7D1E4
:107BA000B542FFF44DAF4FF00003012E0093019357
:107BB000029320464FF0050101D1324601E0012237
:107BC000134663F0EDDD204600215FF077D90FB05A
:107BD000BDE8F08F614987002DE9F7439046082200
:107BE0000F461E4640F6070113460446056CBDF8D5
:107BF00028905CF051DC01221346204640F6070134
:107C00005CF04ADC4FF400521346204640F6460131
:107C10005CF042DC204640F639013A465CF06EDC0E
:107C200094F86D33204640F635010BB1802200E018
:107C300020225CF063DC20464FF4046100225CF0FB
:107C40005DDC204640F634017F2233465CF024DCC4
:107C500020464FF401614FF480434FF440425CF002
:107C60001BDC94F86D33204640F6360113B14FF417
:107C7000807200E040225CF041DC204640F6460184
:107C80000F2208235CF008DC94F86D63204640F670
:107C90004601F02256B190235CF0FEDB204640F610
:107CA00046014FF470624FF4106308E033465CF015
:107CB000F3DB204640F646014FF4706233465CF039
:107CC000EBDB204640F633017F2243465CF0E4DBE9
:107CD0004FEA0923204640F633014FF4FE4203F4F5
:107CE0007F435CF0D9DB012620463B496422002318
:107CF00000960196FFF782FD4FF48052134620460E
:107D000040F6A5115CF0C8DB3246334640F68811D8
:107D100020465CF0C1DB4FF49670FCF37BF13246F9
:107D2000204640F637015CF0E9DB44F6216602E0CC
:107D30000A20FCF36FF1204640F637015CF0CCDB03
:107D400030B1013EF4D103E00A20FCF363F101E01D
:107D500044F62166204640F637015CF0BDDB08B1F1
:107D6000013EF1D140F6370120465CF0B5DBC1079A
:107D700005D594F8153343F0010384F81533002337
:107D8000204640F6A5114FF480525CF085DB20467A
:107D90005FF09CD92046002340F2A66141F6FF72B5
:107DA0005CF07ADBD4F88C312046B3F98C20B5F93D
:107DB000043C40F609019A42B4BFB5F8065CB5F838
:107DC00048554FF68072ED0105EA020303B0BDE8A5
:107DD000F0435CF0619B00BFA0252600F0B54F4B3F
:107DE00091B0044602AA03F12006186859681546A6
:107DF00003C50833B3422A46F7D118689B88286028
:107E0000AB80012384F8263AA36B8E21186966F0B3
:107E10002BDE400086B2972502E00A20FCF3FAF040
:107E2000A36B06F17401186966F01EDE08B1013D0E
:107E3000F3D1A36B4FF44271186966F015DEA36BA2
:107E4000074640F20A31186966F00EDEA36B05465C
:107E50004FF44371186966F007DEA36B064640F2E3
:107E60000E31186966F000DEBE1936042D18761939
:107E70000AD194F8253A4FF67862ADF83820002BF5
:107E800031D084F8266A2EE04FF48673ADF83C308A
:107E900006F580760023760A00930FAB3602019335
:107EA0000DAA0EAB20460CA90C965DF0BDDFBDF906
:107EB00038201B4B9B1A002BB8BF5B42702B94F8E9
:107EC000EC2A02D85AB1282B09D94FF67863ADF8BD
:107ED000383094F8253A13B1002384F8263A12B1C9
:107EE000002384F8EC3A236CBDF9381093F835364A
:107EF000891008467BB14AB212F1560F0BDA12F123
:107F0000690F08DB6FF056039B1A10AA02EB4303BC
:107F100013F8380C401840B211B0F0BD1839010008
:107F200078FEFFFF436C2DE9F041D3F82031044681
:107F300003F001030D4683F001061BB9836B18693A
:107F400066F0B4DD2046276C5EF0C2DF40F27F4170
:107F5000A7F802042046276C5CF0BEDAC005C00D0D
:107F60004010A7F80404226F41F6062313402BB9F2
:107F700044F62062102D08BFFA2200E0FA22A36B1B
:107F8000B821186966F07CDDA36B41F606271869F5
:107F900066F098DD2046FFF765F8236F1F407FB934
:107FA000A36B20461B6A0121C4F8D430D4F88C811D
:107FB0005FF00CD9D4F88C31A8F88C00C3F8887025
:107FC000082D01D0E80606D503210A22204660F0DC
:107FD000B1D9082D01D0A90604D5204664F0D0DC23
:107FE000082D01D06A0604D5204662F071DE082D06
:107FF00001D0EB0506D5236C93F8173613B1204654
:10800000FFF760FC204660F0BBDD2046FFF72AF852
:10801000082D01D028060BD5256C95F8643523B1C1
:10802000204666F0F1DBC5F85405204665F074D8AB
:1080300020465CF053DB1EB9A36B186966F036DD91
:1080400020460021FFF748F9236C93F8333673B1CB
:1080500020460121FFF740F9204640F237614FF4F6
:1080600040424FF40043BDE8F0415CF0159ABDE892
:10807000F081816BD0F8D4300A6A10B59A42044678
:1080800001D3D31A01E0DB439B18D4F82823934291
:1080900000D302BB8A6E93421FD3D4F88C31D3F83D
:1080A0008830D3B9012120465FF090D8D4F88C21D4
:1080B000B2F88C3019B28842CCBFC3EB0000C0EBE1
:1080C000030094F8661300B2884208DAA36B9B6E33
:1080D000C2F8883001E0012010BD002010BD012051
:1080E00010BD01207047000001290BD1012B09D8D8
:1080F000013B064902EB830251F822305A1C03D09F
:10810000C01870470020704700207047745B010062
:10811000142303FB010070478369DA688A4218BFA1
:10812000D960704738B504462569006835B105F552
:10813000077115F031DC2846FCF390F2E06C002565
:10814000256108B1FCF38AF2E56438BDF8B58469AD
:1081500005460668E06A08B1FCF380F2E969B06898
:10816000002708F081DD00212846FFF7D5FF2846CB
:1081700084F83D70FFF7D6FF304623F0F9D8278208
:108180006762A762E7622783F8BD10B550B1D0F8E7
:10819000400238B1072905D83C2404FB0101885866
:1081A000C3188B5010BD2DE9F0410C46164605460C
:1081B000002831D0D0F84032002B2DD03C2202FBD9
:1081C000013318221F6A3346FFF7DFFF2846214696
:1081D0001C220123FFF7D9FFBE422846214601D2C7
:1081E000242214E0B6EB470F01D228220FE0B6EBB1
:1081F000870F01D22C220AE0B6EBC70F01D2302242
:1082000005E0B6EB071F01D2342200E0382201233B
:10821000BDE8F041FFF7B9BFBDE8F08173B5046870
:108220000325204601214FF48062002300951DF0B4
:1082300099DA002120460A46012300954DF084DB9F
:108240000026D4F864329D599DB1AB798BB9D5F82D
:1082500018315A6C22F001025A641A78012A01D1AD
:108260005B7F33B12846002122F0BCDD284667F051
:10827000B1DA0436202EE4D1204602B0BDE87040C9
:1082800023F07698F8B5D0F8B0550446AE69F36897
:10829000002B30D0012B30D028460121FFF73CFFC6
:1082A000A068E96908F0E0DC28B128460021FFF762
:1082B00033FF012700E00746338A83B1236A186938
:1082C0005CF07CDB338A834209D0204623F0E4DE75
:1082D0002046318A22F012DA20461BF08BD9D4F8DE
:1082E000B005FFF79BFF204624F0CED92846FFF7C4
:1082F0002DFF3846F8BD0120F8BD0020F8BDFFF77E
:10830000C1BF002070472DE9F843DDF82080044606
:10831000D8F800700E46154699460FB91FE01F4663
:108320003B68A3B1BCB12046F9683246F7F3D6F0FA
:1083300028B9284679684A46F7F3D0F018B17B6926
:10834000002BECD10BE0C8F80070BDE8F8836FF0AB
:108350000100BDE8F8836FF00100BDE8F883C8F8BC
:1083600000706FF01D00BDE8F8831FB50C46416B2F
:1083700081B104A840F8041D009019461046BDF8CC
:108380001C30069AFFF7BFFF30B92CB1039B1B6866
:10839000236001E04FF0FF3080B204B010BD10B593
:1083A0000C4699B10B6863B10846F5F3CFF7E06866
:1083B000FCF354F16068FCF351F100232360E360A7
:1083C00063602046BDE81040FCF348B110BD2DE9C4
:1083D000F84F476B04460D4616469B46DDF828A02D
:1083E000BDF82C90002F33D0B1B9AAB930E07DB9D7
:1083F00076B1BAF1000F0BD03046F9685A46F7F360
:108400006DF028B9504679684A46F7F367F050B1E5
:108410007B691BB9BDE8F88FB84601E0B8461F4636
:10842000AF42E4D1A7B1636B39469F427B6908BF75
:108430006363C8F8143023685868FFF7B0FF94F8F6
:108440003030013B84F83030636B0BB984F8303046
:10845000BDE8F88F10B5044605E04B6963632368F7
:108460005868FFF79CFF616B0029F6D184F8301043
:1084700010BD2DE9FF471E460023039390F83030CE
:108480000446102B88461746DDF83090BDF834506E
:1084900009D9416B39B14A680B7C00920A89019273
:1084A000CA68FFF794FF636B0393B8F1000F65D0C0
:1084B000002F63D0B9F1000F60D003AB00933846B2
:1084C00031464A462B46FFF71EFF824628B9039BDA
:1084D00041461868F5F31EF755E01E3053D11820B9
:1084E000FCF3B0F0824600284BD02069F5F3C0F6CB
:1084F000CAF80000B0B13046FCF3A4F0CAF80C0092
:1085000018B95046F5F322F70CE02846FCF39AF030
:10851000CAF8040050B95046F5F318F7DAF80C0021
:10852000FCF39CF05046FCF399F02AE0636B2BB906
:10853000012384F83030C4F834A007E094F83030D8
:10854000013384F83030039BC3F814A0DAF80C0030
:1085500039463246CDF80CA0F6F3D4F7039B4946D2
:108560001E7458682A46F6F3CDF7039B41461D81D9
:108570001868F5F3C1F64FF0000A04E06FF0010A45
:1085800001E06FF01A0A504604B0BDE8F087F8B574
:108590001E4614460D460CE0FEF7D8F8B04215D042
:1085A0007A78931C9C420ED9ED186FF001039B1A48
:1085B000E41854B128462146FF22F7F321F4074678
:1085C0000028E9D102E0002700E027463846F8BD40
:1085D00008B511461A464FF4AE73FFF7D8FF58B1ED
:1085E0004378A3F12102D2B2202A04D8029A013B97
:1085F0001370033008BD002008BD2DE9F047046862
:10860000A0B0D0F80480064602200F688946F4F72F
:1086100061FA002501212A4620238246606A1F95BF
:10862000F1F3A2F501212A4620231D90606AF1F39F
:108630009BF501212A4620231E90606AF1F394F5F0
:1086400001212A4620231A90606AF1F38DF5202338
:1086500001212A461B90606AF1F386F514372946FA
:108660001C9052460FA808F1E205F6F3CFF7062258
:1086700038462946F6F332F7002817A807DD3946B1
:108680000622F6F33FF70DF16200294606E029467F
:108690000622F6F337F70DF1620039460622F6F3AB
:1086A00031F717AA01920C22002307AD0FA90292FD
:1086B000202752460220009303950497F4F730FBDD
:1086C0001B98F2F3ABF22A4601213B461A98F2F3CB
:1086D00079F2A3691C9861691B9AF1F7C8FF1A988F
:1086E0001C9A0146F1F7F6FF1A981B9A0146A369F6
:1086F0000836F1F77AFF304698F81850F7F332F061
:1087000080B201901FA9204608F119022B4600965D
:10871000FFF72BFE08B91F9BA3B11A99D9F8D420F3
:108720001F98F5F349F71DA91EAAD9F8D400F5F34F
:108730002BF61AA8F1F356F61BA8F1F353F61CA872
:10874000F1F350F620B0BDE8F08770B5456892B0FF
:1087500004460026286801A9202211961BF0CEDBD2
:108760002023012101AAD4F8C000F2F32BF22868DB
:1087700009A920221BF0C2DB686A012132462023AE
:10878000F1F3F2F4119000B3012109AA2023F2F3CE
:1087900019F26B69D4F8B800D4F8C010119AF1F747
:1087A00024FFD4F8DC201199D4F8D400F5F304F7B1
:1087B000D4F8DC000146F5F3B9F6D4F8DC0004F196
:1087C000C40104F1C802F5F3DFF511A8F1F30AF6CC
:1087D0000021202209A8F6F319F701A80021202280
:1087E000F6F314F712B070BDF0B5C1B007AD0C468A
:1087F0001746114628460222F6F384F601210DF1B0
:108800001E022023D4F8BC00F1F302F601210DF181
:108810003E022023D4F8CC00F1F3FAF501210DF14A
:108820005E022023D4F8D000F1F3F2F501210DF11E
:108830007E022023D4F8B800F1F3EAF501210DF10E
:108840009E022023D4F8C400F1F3E2F501210DF1DA
:10885000BE022023D4F8C800F1F3DAF500238DE836
:108860002800C2222025029238AE04F118012A46BF
:10887000022003960495F4F753FAB81C31462A46B1
:10888000F6F32CF6D0F1010038BF002041B0F0BD66
:1088900030B590F88C318DB004460D68002B3FD078
:1088A000D0F8D40008A909AAF5F36EF52023012118
:1088B0006A460998F1F3ACF5D4F87031E31893F8EF
:1088C00093219DF81F305340D80724D50121002261
:1088D000EB69686AF1F348F4EB690A900121002220
:1088E000686AF1F341F401210B900A9A2869F5F3C3
:1088F000A9F600230B980A99099AF1F7B8FE08998E
:108900000B9AD4F8D400F5F3D9F50AA8F1F36AF577
:108910000BA8F1F367F52046FFF717FF002501E0EC
:108920004FF0FF35E43404F1A000F1F35BF504F1FE
:108930009C00F1F357F504F1A400F1F353F504F1B1
:10894000AC00F5F303F504F1B00000212022F6F3AA
:108950005DF628460DB030BD2DE9FF4105460068A3
:1089600032F8066F0C46D0F80080FFF73DFF002874
:1089700033D06968A4F864608F7904F138068FB940
:10898000D8F8D0063246202376F0ACDC236869683C
:1089900014338DE888003246D8F8D006202376F0CC
:1089A000B5DB17E01023009323684FF480271433BE
:1089B000019308462022314604F10803029750F043
:1089C00095DE48B92168686814313A46D5F88C308C
:1089D000FDF72EFF012000E0002004B0BDE8F0818B
:1089E0002DE9FF41D688B1F8643005460068B342EE
:1089F0000C46D0F800803BD84FF6FF739E4237D02C
:108A00000632FFF7F1FE002833D06968A4F86460ED
:108A10008F7904F138068FB9D8F8D0063246202372
:108A200076F060DC2368696814338DE8880032468C
:108A3000D8F8D006202376F069DB17E010230093E6
:108A400023684FF4802714330193084620223146CF
:108A500004F10803029750F049DE48B921686868BC
:108A600014313A46D5F88C30FDF7E2FE012000E0E3
:108A7000002004B0BDE8F08173B5002304460B99D3
:108A8000006801931646089D41F01CDB079B032BF1
:108A900004D901A806990422F6F334F50C3E032EFE
:108AA0001CD8DFE806F00A0F0204A36A08E0019B65
:108AB0005A1E272A15D8A3620EE0E36AC3F34003C7
:108AC0002B6009E00198E36A18B923F00203E3621E
:108AD00009E043F00203E362002004E06FF01600B7
:108AE00001E06FF001007CBDF8B5876805464FF4E2
:108AF000E0700E46FBF3A6F50446002878D000216E
:108B00004FF4E072F6F382F5266065600023F451BD
:108B1000686AA4F8AC30012100222023F1F324F389
:108B2000C4F8BC00002866D0686A01210022202316
:108B3000F1F31AF3C4F8B80000285CD0686A012188
:108B400000222023F1F310F3C4F8CC00002852D007
:108B5000686A012100222023F1F306F3C4F8D00053
:108B6000002848D0686A012100222023F1F3FCF29A
:108B7000C4F8C00000283ED02869F5F379F3C4F8A2
:108B8000D400002837D02869F5F372F3C4F8D80070
:108B9000002830D02869F5F36BF3C4F8DC0050B33B
:108BA0001323A4F866302B681749986832460023CF
:108BB00008F0DED82B68A066144998683246002376
:108BC00008F0D6D82B68C4F8B0001149986832462E
:108BD000002308F0CDD82B68C4F8B4000D4998687C
:108BE0003246002308F0C4D8C4F8E000002408E0AE
:108BF0006FF01A0401E04FF0FF34284631466DF063
:108C0000D5DC2046F8BD00BF85D1870079D187002B
:108C10000DD187005DDF8700F8B547680646CD595E
:108C20000C46DDB1436B0BB1FFF714FCD5F89C107B
:108C300049B13368986808F017D83368D5F89C10A4
:108C4000986808F07DD8D4F8243413B120464FF04A
:108C50002FDA2846FBF302F50023E351F8BD0000AC
:108C60002DE9F041D0F89830D0F8901001334468E5
:108C70008B4225688EB00246C0F8983009D1D0F8F2
:108C800094307BB1D2F89C104FF47A72A8685A43A2
:108C900004E007D2D2F89C10A868214A002307F00C
:108CA000BDDF39E0D5F8D006214675F037DF237AED
:108CB000002B31D0D4F80801F7F314F3074658BB62
:108CC000227E04F1DC080EAE04F1190106A846F874
:108CD000242DF6F317F421464246284671F068D851
:108CE00004F1E20301930223024602932146434624
:108CF0002846CDF8008020F0F5DC3946204639F0D2
:108D0000C9D92146284640F059DF28461A21324663
:108D100024230097F6F76EFA0EB0BDE8F08100BF8D
:108D200080EE36002DE9F04F0D68ADB0044601210C
:108D3000A86922AA2023D5F800B0F1F369F34FF017
:108D4000080AD4F8683194F86C11E21804F1E406CA
:108D500082F8E31006F18C020C210DF168090192F2
:108D600006F190003246CDF80090F9F343F2D4F8C2
:108D7000701140480591F6F3F5F422AA03464FF02E
:108D80002008009206AF05993A4A4846CDF804807B
:108D90000297CDF80C80F9F307F201213A464346D9
:108DA000D4F88801F1F30EF758466EF017DAD4F8CC
:108DB0008801A969F1F39CF2002836DAD4F88431ED
:108DC000CDF808B000932C4BD4F888110193286992
:108DD000D4F89021D4F88031F5F3E8F228BB94F868
:108DE0008C3113BB2869D4F89011F5F3C7F4E0B1C6
:108DF000012384F88C314946D4F8702106F1B00083
:108E0000F6F380F3D4F890012AA92BAAF5F3BCF26B
:108E10002A992B9AD4F8D400F5F350F3D4F86821AA
:108E200028683146013A1BF069D894F86C31013357
:108E3000DBB284F86C31AA6A934207D80AF1FF3A90
:108E40005FFA8AFABAF1000F7FF47BAF002150225B
:108E500006A8F6F3DBF3002120221AA8F6F3D6F3D6
:108E600094F86C01AB6A984234BF002001202DB009
:108E7000BDE8F08F62E6890075EA87002DE9F04FC2
:108E80004368CFB0CB58044603F1080948468846EA
:108E9000F6F368F407460220F3F71CFE00234EA900
:108EA00041F8043DBBB208F1190207930692079AF4
:108EB0008346019298F818302046069ACDF8009023
:108EC000FFF753FA18B94D9B002B40F00A8101219E
:108ED00000222023606AF1F347F1012100222023C0
:108EE0004290606AF1F340F1012100222023439077
:108EF000606AF1F339F10121002220234490606A75
:108F0000F1F332F10121002220234590606AF1F350
:108F10002BF10121002220234690606AF1F324F115
:108F200001210022E3694790606AF1F31DF10521F8
:108F3000024649902069F5F385F3E3690121002297
:108F4000606AF1F311F10421024648902069F5F3BB
:108F500079F32069F5F38CF14A902069F5F388F1F3
:108F60004B902069F5F384F108AD002180224C90EC
:108F70002846F6F34BF33A4628464946F6F3C2F242
:108F8000012100223023606AF1F3EEF0012100227A
:108F900030234090606AF1F3E7F0002633460DF18C
:108FA000E00A419098F818200195022028AD069912
:108FB00002970096CDF80CA0CDF810B0F3F7B0FEF4
:108FC000302231462846F6F321F34748F6F3CAF338
:108FD000454B302700930190514602205A463346B4
:108FE00002950397F3F7BCFE01213B462A464098C1
:108FF000F1F3E8F54098A2690146F1F76BFB429B5B
:1090000048990093439B499A01934098A369F1F7CB
:1090100079FF4299439A4B98F5F350F231463A461C
:109020002846F6F3F3F23148F6F39CF32F4B019008
:10903000009351465A463346022002950397F3F7B0
:109040008FFE3B4601212A464198F1F3BBF541983A
:10905000A2690146F1F73EFB449B48990093459B6A
:10906000499A01934198A369F1F74CFF4499459AB5
:109070004C98F5F323F24C994A9A4B98F5F3A2F0E9
:10908000079A98F8183001924A99069A2046CDF826
:109090000090FFF7EEF946A947AA4A98F5F374F154
:1090A00042A8F1F39FF143A8F1F39CF144A8F1F336
:1090B00099F145A8F1F396F148A8F1F393F149A885
:1090C000F1F390F140A8F1F38DF141A8F1F38AF1A9
:1090D0004BA8F5F33BF14CA8F5F338F14AA8F5F3AA
:1090E00035F14FB0BDE8F08FB85B0100D25B0100F5
:1090F000C06A00F00100704721B18368CB5893F833
:10910000BC017047084670472DE9FF414768044697
:109110000023D0F8008038460E46A2F1680503937C
:10912000FFF7E6FF90B138464146FFF7E5FF68B12B
:1091300003AB009321462B46386806F16002FFF727
:1091400047FA039D014610B99DB100E03146A5F1F3
:109150002003202B0DD8B4F8AC309D4209D104F186
:109160006C002A46F6F3BAF1002814BF052000204F
:1091700000E0052004B0BDE8F08100002DE9F041D9
:109180009846B8B00023359336937F4B07460C467C
:1091900030AE03F1100E18685968354603C5083320
:1091A00073452E46F7D13D680121202302F10806C0
:1091B000686A0022F0F3D8F735902869F5F358F083
:1091C000B8F1680F369015D97B689B79002B00F0B9
:1091D000B9802846FFF78CFF20B128462168FFF7A9
:1091E0008BFF48B9A8F168081FFA88F8A4F8AC808A
:1091F000464401E040F0A880D4F8BC00012132468A
:109200002023F1F3DFF4D4F8BC00F1F3F9F20028E5
:1092100040F09C80D4F8BC006969F1F369F0002843
:1092200080F29480012106F120022023D4F8CC00A2
:10923000F1F3C8F40121D4F8D00006F14002202354
:10924000F1F3C0F4D4F8BC00D4F8B810F1F350F046
:1092500070B9D4F8CC00D4F8C410F1F349F038B99F
:10926000D4F8D000D4F8C810F1F342F000286FD041
:10927000D4F8D800D4F8CC10D4F8D020F5F31EF1EF
:10928000002867D0D4F8BC10D4F8D400369AF5F38F
:1092900093F13698D4F8D8100246F4F393F7369841
:1092A000D4F8C010024620AEF5F386F1369834A902
:1092B0000022F5F369F03246202301213498F1F3BE
:1092C000A7F00021202228A8F6F3A0F1202137AB37
:1092D000324618AF019328A80B460097F8F38AF797
:1092E000D4F8B810D4F8BC206B693598F1F77DF943
:1092F0002023324601213598F1F38AF031461022BD
:1093000004F10800F6F3FEF030A8F6F32BF2202566
:10931000402203460096039204AE294630AA3846FE
:1093200001950296F8F340F704F1180031462A46F9
:10933000F6F3E8F004F138000CA92A46F6F3E2F05F
:10934000002408E0FF2406E0042404E0032402E0F3
:10935000012400E0022435A8F1F344F036A8F4F328
:10936000F5F70021202218A8F6F350F10021502231
:1093700004A8F6F34BF120A800212022F6F346F1D1
:10938000204638B0BDE8F081FEE589002DE9F04FB8
:109390001D46836889B0EF5843688046CB580E4617
:1093A0000793184691463946129A139BFFF7E6FE3B
:1093B0000328044601D1009005E0022801D00428CA
:1093C00016D10323009301230193029300230393F7
:1093D0000493D6F808313046B3F8623005F1140131
:1093E000C3F3401305934A462B46F7F70BFB65E0A2
:1093F000012862D0002861D1B7F8623040460133BD
:10940000A7F86230FFF774FE40B140462946FFF7E7
:1094100073FE002814BF7E20002000E020460123B8
:109420004FF0000A4FF0030B0193D6F80831CDF846
:1094300000B00290CDF80CA0CDF810A0B3F86230C7
:1094400005F1140CC3F34013614605934A462B46BD
:109450003046CDF818C0F7F7D5FACDF800B0D6F8F9
:1094600008314FF0020BCDF804B0CDF808A0CDF8CC
:109470000CA0CDF810A0B3F86230DDF818C0C3F32B
:109480004013614605934A462B463046F7F7BAFA31
:10949000D9F80030B96EC7F85930B9F80430A7F8D8
:1094A0005D30D8F800309868079BD3F88820534681
:1094B00007F0B4DB87F858B000E0FF24204609B07D
:1094C000BDE8F08F2DE9F04FD0F804A087B09AF8EE
:1094D000063005460C4693460768D1F8009043B322
:1094E00090F8A93013B1013B80F8A930D4F8B43119
:1094F00038460093D4F8B831514601935A464B464A
:10950000FFF744FF0646D4F8B40168B10021D4F84F
:10951000B821F6F37BF0D4F8B401FBF39FF00023FD
:10952000C4F8B431C4F8B831002E14BF02200020B2
:109530002DE03846FFF7DCFD38B138464946FFF7E5
:10954000DBFD002814BF7E20002003234FF001081C
:109550008DE808010026029003960496DAF8083197
:1095600009F11401B3F862305A46C3F3401305936E
:1095700050464B46F7F746FA3B68A16E9868D5F817
:109580008820334607F04ADB84F85880304607B01D
:10959000BDE8F08F052B10B503D1BDE81040FFF7F3
:1095A00091BF43689B792BB190F8A93013B1013B6F
:1095B00080F8A930022010BD2DE9F041984643689B
:1095C00005469B790C461646069F8BB190F8A9304C
:1095D000013380F8A9303846FBF334F0C4F8B40105
:1095E000002834D041463A46F5F38CF7C4F8B871F8
:1095F0000023A4F86030A4F86230A4F86430336823
:10960000C4F85930B388A4F85D302868FFF770FDBE
:1096100090B128682168FFF76FFD68B121462846A0
:10962000FEF7EBFF2046FFF790F82846214632462A
:10963000BDE8F041FFF746BF204629466CF04EDDFD
:1096400020B9042384F85830BDE8F0810220BDE839
:10965000F0812DE9F04387B015460F9A0646012A9E
:109660000C461F46DDF83880D0F804C0D1F80090D1
:1096700059D19B88072D8CBFFA88FF220BB17E2B16
:1096800059D100217E2B84F8BC1103D1012384F829
:10969000BC3104E01BB96368DB6A98074BD5132A19
:1096A00016D0032101224D238DE80E0000230393E1
:1096B0000493DCF808316046B3F8623009F1140114
:1096C000C3F34013059342464B46F7F79BF932E04C
:1096D00096F8A80007F1080196F8A99040B901236F
:1096E00086F8A830B9F1000F28D1682D0AD904E016
:1096F000B9F1000F12D1682D0AD920462A466DF023
:109700000FDAD8B90E953046214642463B460DE069
:10971000304621466DF042D848460FE0304621469B
:109720006DF03CD809E042B90E95424607B0BDE85D
:10973000F043FFF741BF022000E0002007B0BDE882
:10974000F0832DE9FF4105680C46A3F10807D1F825
:109750000080A4F8AC7000212846039102F10806AD
:10976000FFF7C6FCA0B128464146FFF7C5FC78B11B
:1097700003AB009332463B4628682146FEF728FF9C
:10978000BDF80C300646A4F8AC3018B913B90FE098
:10979000A4F8AC70B4F8AC20A2F120039BB2202B4B
:1097A00006D804F16C003146F5F3ACF6002001E078
:1097B0004FF0FF3004B0BDE8F0812DE9F04F90E8A4
:1097C000C00089B00792139A8046012A0C469A4637
:1097D000DDF848B00D6840F0AC803368896E986859
:1097E00007F042DA04F16C03002140221846069388
:1097F000F5F30CF70021A4F8AC100799BAF804208F
:1098000007298CBFBAF80610FF214C2A069B3CD1D1
:109810004FF00009184649464022A4F86090F5F33D
:10982000F5F6A4F8AC90404621465246079BFFF758
:1098300088FF3046FFF75CFC78B130462946FFF7D9
:109840005BFC50B1032201234FF07E0C8DE80C101D
:10985000CDF80C90CDF8109008E003234FF0010EE6
:109860008DE808400023029303930493D7F808314E
:109870003846B3F8623005F11401C3F34013059381
:109880005A462B46F7F7BEF849E04D2A04D1B4F802
:1098900066308B4218D042E00AB17E2A3FD11329AC
:1098A0000ED1079A3046019239465A462B46CDF8DA
:1098B00000A06CF0D5DF002814BF0220002076E065
:1098C000B4F86030052B01D900233BE003220123CB
:1098D0004FF04D098DE80C024FF00009CDF80C90C7
:1098E000CDF81090D7F8083105F11401B3F86230C3
:1098F0005A46C3F34013059338462B46F7F782F8D0
:10990000B4F86030A16E0133A4F860303368D8F841
:10991000882098684B4607F081D9484647E033686D
:10992000A16E9868D8F88820002307F077D9002026
:109930003DE0931E012B4FF0000337D8B1F86010C3
:10994000052903D984F85830022030E0032A09D1D0
:1099500032680131A4F860109068A16ED8F88820B0
:1099600007F05CD93046FFF7C3FB38B130462946D3
:10997000FFF7C2FB002814BF7E2000200323012430
:109980008DE818000024029003940494D7F808315D
:109990003846B3F8623005F11401C3F34013059360
:1099A0005A462B46F7F72EF8204600E0184609B035
:1099B000BDE8F08F2DE9F3470B6882685B680646C7
:1099C000D3F808A0D3F80490B3F810801B680D46B4
:1099D000032B5AF80240DAF810701DD1FFF788FB0C
:1099E000D0B130465146FFF787FBA8B1B4F8AC3090
:1099F00093B1B9F1010F0FD1B8F14C0F01D0BA7981
:109A000052B9AA69FF2000925D2104F16C02DBB219
:109A1000F1F70EFD002001E06FF01600BDE8FC87B5
:109A20002DE9F8430B6882685B680446D3F8089018
:109A30005F681E8A1B6859F80280032BD9F8105002
:109A400013D1FFF755FBA0B120464946FFF754FB61
:109A500078B1B8F8AC0060B1012F06D14C2E01D01E
:109A6000AB792BB90330BDE8F8830020BDE8F8835B
:109A70000020BDE8F8832DE9F04F0B6882685B6831
:109A8000B9B0D3F808805E681F8A1B688146032B33
:109A900058F80240D8F810A08D69D1F81CB040F0F9
:109AA0009F80012E48D137B1A7F14C039BB2012B07
:109AB00001D97E2F0FD1B4F8663038A9284621F895
:109AC000043D0222F5F31EF502350FB17E2F02D1BF
:109AD0009AF806300BB14C2F13D14846FFF708FB1C
:109AE00020B148464146FFF707FB50B9B4F8AC2017
:109AF0003AB1284604F16C01F5F304F5B4F8AC3042
:109B0000ED180FB17E2F6ED101212A462023D4F803
:109B1000B800F0F37DF4012105F120022023D4F8F0
:109B2000C400F0F375F4D4F8C800012105F1400237
:109B30002023F0F36DF456E0022E54D1B4F86230D5
:109B400038A921F8023D28463246F5F3DBF4BDF88A
:109B5000DE3038AF27F8C83D01210DF11A0220236D
:109B6000D4F8B800F0F354F401210DF13A022023A7
:109B7000D4F8C400F0F34CF401210DF15A02202373
:109B8000D4F8C800F0F344F401210DF17A02202347
:109B9000D4F8BC00F0F33CF401210DF19A0220232B
:109BA000D4F8CC00F0F334F401210DF1BA022023F3
:109BB000D4F8D000F0F32CF44FF00008C223029345
:109BC0000235304604F1180120224346CDF80080CA
:109BD00001970395CDF810B0F3F7A2F8404603E0E3
:109BE0006FF0160000E0002039B0BDE8F08FF8B546
:109BF0000B6804465A68836896685168F558138A5A
:109C000012683769032A2DD1012926D10BB17E2B89
:109C100012D1BB796BB92046FFF76AFA20B1204612
:109C20003146FFF769FA20B9B5F8AC0008B1023047
:109C300000E002206030F8BD4D2B15D04C2B11D127
:109C4000FFF756FA20B120463146FFF755FA58B9CA
:109C5000B5F8AC0050B10230F8BD02290CBF22208B
:109C60000020F8BD0020F8BD0220F8BD0220F8BD9C
:109C700019B18368CB5883F8BC21704770B50C6864
:109C80000D460646102208460021F5F3BFF42C606D
:109C900020460021F268F5F3B9F404F52473C4F802
:109CA000EC3004F52C732560C4F8243170BD2DE927
:109CB000F0470D4698462B68BDF82060099C076860
:109CC000896B95F82CC073B193F8009093F801A0BC
:109CD00049EA0A29A5F81C9093F81690DB7D49EA19
:109CE0000323A5F87E303B68B5F81C9093F8D1307B
:109CF000002B5AD197F92735B3F1FF3F03D190F8E4
:109D0000A43313B151E0012B4FD0C9F38027B5F82C
:109D10007E9019F00F0901D127B987E027B94FF0DC
:109D2000010904E0012702E04FF000094F4601233A
:109D3000002204F5227004F5237176F017DAD4F8C6
:109D40008832984505D1D4F88C32F31A18BF012314
:109D500000E001233FB933B1C4F88872C4F88C72B3
:109D6000A4F886725CE0B9F1000F08D00020C4F8B6
:109D70008802C4F88C02A4F88602BDE8F087B5F822
:109D80007E50C4F88882C4F88C62A4F88652484693
:109D9000BDE8F08706D18F88B74294BF002701271E
:109DA00000E00127F8B2BDE8F087BCF1000F13D046
:109DB0004B6B03EBC20153F83230984506D307D101
:109DC0008888B04294BF0026012602E0012600E008
:109DD0000026F0B2BDE8F087D1F8E03052019A18C1
:109DE000136998451CD302D1938AB3421BD8936957
:109DF000984506D307D1908BB04234BF0020012094
:109E000002E0012000E0002070B106F07F06F308B8
:109E1000D05C06F00706304100F00100BDE8F08795
:109E20000120BDE8F0870120BDE8F0874B6B03EB14
:109E3000C20153F832309845ACD2B2E72DE9F04F69
:109E40001C4693F860B05F68D368ADF5117D064697
:109E500005919146156933B11B7A0B2B03D13B78E1
:109E600003F0010301E0FB789B09E36394F82C30D5
:109E70004946009330462A46E36B4FF023DB014608
:109E8000A06320B12A6D40F2371313402BB930463E
:109E900021464A4671F002DAE2E090F90E2090F98C
:109EA0000F30D318A2689A42C0F0DA80A269138AF0
:109EB00013F0080F0DD0007A0B280AD196F8DC05B4
:109EC00038B18879032804D823F008031B041B0C3D
:109ED00013820B7A042B59D00B2B00F0AE80022B8F
:109EE00040F0C080BB7897F800A097F8068043EA5E
:109EF0000A2A7B794FEA084848EA03283B7948EA6E
:109F00000308FB79A76E48EA036817F0010740F0E1
:109F1000AC80284621465A464346CDF800A0CDF8ED
:109F20000490FFF7C4FE002800F09F80AB79002B5F
:109F300040F067823368D3F88830D3F8DC210132EF
:109F4000C3F8DC2194F82C2022B1D3F8B4220132DA
:109F5000C3F8B422D3F8E8210132C3F8E821D5F8D8
:109F6000183193F834301BB12846002165F0E0DB4E
:109F700094F82C70002F00F044823368D3F88830B6
:109F8000D3F8C0220132C3F8C02269E03B7897F8C9
:109F900001A097F8068043EA0A2AFB794FEA0848AD
:109FA00048EA03683B7948EA03087B7948EA0328D2
:109FB0002B7C13B9EB6DDB0757D4A76E17F00107A5
:109FC00053D1284621465A464346CDF800A0CDF845
:109FD0000490FFF76CFE002847D0AB79002B40F0CF
:109FE00010823368D3F88830D3F8DC210132C3F80B
:109FF000DC2194F82C2022B1D3F8B4220132C3F82A
:10A00000B422D3F8F0210132C3F8F021D5F8183189
:10A0100093F834301BB12846002165F089DB94F8B1
:10A020002C70002F00F0ED813368D3F88830D3F81E
:10A03000C8220132C3F8C82212E00237C831102208
:10A040003846F5F383F500280CDA8D48394610229E
:10A05000F5F3ECF6A16B8B48C8311022F5F3E6F668
:10A060000027CEE14FF00008C24696F8B03293B90F
:10A070002B6D1F070FD4A06B037A022B02D1F6F3CE
:10A0800031F140B963699B69980004D4A3691B8AC4
:10A09000190700F1FB8063699B695A06E0D4A36944
:10A0A0001A8A42F008021A82A16B0B7A013B0A2B32
:10A0B00000F2CE80DFE813F035000B0035006C00B5
:10A0C000CC00CC00CC00CC00CC00CC00AE000846CC
:10A0D000F6F308F108B12B7C4BB1A36BD3F88820C1
:10A0E000904504D80FD093F88C205A450BD0A16B23
:10A0F000226804F14007384614310A32434601F021
:10A10000C3D9E76501E06433E365A16B04F14A0755
:10A1100038461431E26D534601F080DA384610219A
:10A1200010E06168032284A8F5F3ECF1A36B84A826
:10A1300003F114011A690330F5F3E4F1A36B84A869
:10A140001969033107AAFBF38DF1A36B606893F9DA
:10A150000E30A168C018C91A07AAFBF3A5F1A36BBA
:10A16000606893F90E30A168C018C91A4FF0FF3229
:10A17000F6F3F4F0444BA2699842138A04D123F019
:10A1800010031B041B0C01E043F0100313827DE05D
:10A190006368DF7817F020071FD00A6948A81431D8
:10A1A000D200FBF303F6002321686269484670F091
:10A1B000A5DC0027A36B01900097196948A82368C4
:10A1C000E268EEF3C7F3831C05D1A3691A8A42F053
:10A1D00010021A825AE0013058D13368D3F888301F
:10A1E000D3F8DC210132C3F8DC21D3F8F4210132A9
:10A1F000C3F8F42194F82C20002A00F0FF80D3F853
:10A20000B4220132C3F8B422D3F8CC220132C3F80D
:10A21000CC22F6E001F11400E2682431236800F05A
:10A22000F9DF00287FF41CAFA26BD2F8D8300133DD
:10A23000C2F8D83033F07C4328D1F2220192D6F80C
:10A240009401294609F11402009376F05DDE1DE0C9
:10A25000AF79002F7FF404AF3368D3F88830D3F898
:10A26000DC210132C3F8DC2194F82C20002A00F014
:10A27000C580D3F8B4220132C3F8B422C1E000BFD4
:10A28000A2ED8900A8ED8900E320BBDEA36B616825
:10A2900093F90E208A18626093F90E1093F90F203B
:10A2A0008A18A1688A1AA26093F90E1093F90F20F8
:10A2B0008A1821698A1A2261A269128A02F0180298
:10A2C000182A64D1AB79002B7FF4CAAE95F94420EB
:10A2D00000930193029330463123D5F8081170F0B2
:10A2E000A7DA3368D3F88830D3F8DC210132C3F819
:10A2F000DC21D3F8EC210132C3F8EC21D3F8F421AE
:10A300000132C3F8F42194F82C2072B1D3F8B422AE
:10A310000132C3F8B422D3F8C4220132C3F8C422F4
:10A32000D3F8CC220132C3F8CC22A26B127A022AD3
:10A3300005D0032A12D0012A7FF492AE0EE0D3F8A2
:10A3400008220132C3F8082294F82C70002F58D04C
:10A35000D3F8E0220132C3F8E02281E6D3F80022EC
:10A360000132C3F80022D3F8FC210132C3F8FC21EA
:10A3700094F82C70002F44D0D3F8D8220132C3F8BF
:10A38000D822D3F8D4220132C3F8D42268E6616916
:10A390008A89E26094F82D209AB993F90F200598E4
:10A3A00092B2FAF329F16369DA89900402D5B3F81D
:10A3B00050308BB9A36BE26893F90F30D31AE36086
:10A3C0000AE00598F6F3F4F0A36B014693F90F2029
:10A3D000059892B2FAF310F1A36BC4F86480A4F864
:10A3E00062A01B7A042B01D0022B09D1A36ED907DE
:10A3F00006D43046214670F09DDF01E0174600E0AC
:10A40000012738460DF5117DBDE8F08F2DE9F341A8
:10A41000099F00230D9904469046089E0A9D0093CB
:10A4200001933FF04FDE032F0BD9042268463146DB
:10A43000F5F368F0072F04D901A8311D0422F5F3C4
:10A4400061F0A8F14C08B8F1050F2AD8DFE808F050
:10A450000A03160F231BD4F88434BDF80020A3F898
:10A46000922016E0D4F88434B3F8923017E0D4F890
:10A470008434BDF80020A3F896200AE0D4F8843490
:10A48000B3F896300BE0D4F88434BDF80020A3F87C
:10A490009E20002007E0D4F88434B3F89E302B606F
:10A4A000F7E76FF01600BDE8FC81D0F884242DE9B1
:10A4B000F843B2F8928004464145D4BF0020012001
:10A4C000B2F84A50B2F89690B2F89460B2F898C0D8
:10A4D00010B1C8EB010701E0C1EB0807B2F89030FA
:10A4E000BFB2002B75D0BCF1010FADB2334607D11E
:10A4F000002851D02BB203FB08F393FBF1F346E0A5
:10A50000BCF1020F2BD131B2B8B10FFA89F39942E5
:10A5100003D10423A2F8983062E0132F02D9A6F1E8
:10A52000140339E0092F02D9A6F10A0334E0042FFD
:10A5300001D9731F30E0B31E2EE00FFA85F84145B4
:10A540001DD0132F02D906F1140325E0092F02D9DB
:10A5500006F10A0320E0052F1CD9731D1CE0BCF195
:10A56000040F39D133B238B10FFA89F18B4237D0A9
:10A57000052F38D9731F0AE029B28B4204D1012379
:10A58000A2F89830BDE8F883052F2DD9731D4FF040
:10A59000020C01E04FF0040C1BB229B28B4204DC28
:10A5A0000FFA89F5AB42A8BF1D462368A2F8945064
:10A5B000A2F898C02DB22946012220461B7E72F0D7
:10A5C000B1DC23682046294600221B7E72F0AADCFB
:10A5D00006E01846BDE8F8834FF0FF30BDE8F88389
:10A5E0000020BDE8F8830020BDE8F883D0F884346B
:10A5F00013B5B3F8902004466AB1036A0DF1060161
:10A6000018695BF0BFD980B12046BDF90610012260
:10A61000FFF74BFF09E06421012372F083DC012284
:10A6200020466421134672F07DDC1CBD08B5036A28
:10A63000D3F8D80079B143784A789A4208D10230E9
:10A640000231F4F34BF7D0F1010038BF002000E0F5
:10A650000020C0B208BD084608BD2DE9FF47994655
:10A660004369D0F8208082461B6804461746026979
:10A670005AF8180B0E464146D55801F055FA216993
:10A68000206852466FF096DC0123C8F800302B6832
:10A690000146023B012B03D82369DB6DC8F8D0309B
:10A6A0000C9B20680293424633468DE8800201F0FD
:10A6B00058FA48B12B68022B05D1636AD88800305C
:10A6C00018BF012000E0012004B0BDE8F0872DE9AB
:10A6D000F04FC368044600F1180799B01646056AA2
:10A6E0008A46006821693A4603936FF063DC013EB5
:10A6F0000290062E00F23881DFE816F007003601DE
:10A70000BC003601DB003601FF00EE68002E00F0D1
:10A710002C81D5F8D03013F4804B0CD023682169FC
:10A72000D3F8D4060368CB581B781BB14AF04ADB38
:10A73000834600E09B46636893F86231A3B1D5F885
:10A74000D000F0F78BFE88B12368D3F86008FEF7DD
:10A75000CFFC58B123680299D3F86008FEF7CCFC0F
:10A7600020B1B5F8DC8002E0984600E08046B5F8FC
:10A7700006C02068DC44C4441FFA8CFC0CF1710351
:10A7800021693A469BB2CDF804C077F07BD9DDF859
:10A7900004C00646002800F0E8800CF15F0CD0F8F9
:10A7A00008901FFA8CFC4FEA1C2343EA0C2C09F199
:10A7B0001207A9F810C000215F223846F4F326F7EB
:10A7C0004AF484731A0A89F8132089F814302B8B01
:10A7D00005F13C011A0A89F8152089F81630202263
:10A7E00009F11F00F4F38EF6EA8809F17100934431
:10A7F000D8441FFA88F84FEA182343EA0828A9F832
:10A800006F80E968F4F37EF6636893F86231F3B120
:10A81000D5F8D000F0F722FEC8B12368D3F860085D
:10A82000FEF766FC98B123680299D3F86008FEF73A
:10A8300063FC60B1EB68002B00F09B80E888D5F8E2
:10A84000E01038185F30B5F8DC20F4F35BF6D5F88B
:10A85000D030580440F18D8023682169D3F8D406A4
:10A860000368CB581B78002B00F083803A464AF0EF
:10A87000FFD97EE0206821693A46712377F002D93A
:10A880000646002871D0D0F808905F22002109F117
:10A89000120789F8112089F810103846F4F3B6F63B
:10A8A0004AF480731A0A89F8132089F814302B8B24
:10A8B0001DE0206821693A46712377F0E3D8064607
:10A8C000002852D0D0F808905F22002109F1120729
:10A8D00089F8112089F810103846F4F397F64AF4F5
:10A8E00040731A0A89F8132089F81430EB8A1A0A7F
:10A8F00089F8152089F816303BE0206821693A462E
:10A90000712377F0BFD8064678B3D0F808900021BD
:10A910005F2209F1120789F8101089F811203846D2
:10A92000F4F374F64FEA1A2389F8133089F814A067
:10A930001FE0D5F8D000F7F37DF10146484605F158
:10A940008C0204ABF7F386F1044630B93146039824
:10A950002246F9F3A7F6264607E007F14D0004A9C1
:10A960001022F4F3CFF500E00026304619B0BDE820
:10A97000F08F032389F80F30D5F8D000F6F354F5A3
:10A9800005F15C0400280CBFFE2302233846082290
:10A9900000F8053B2146F4F3B5F508212046F7F30E
:10A9A0004FF11AF00301C9D1C3E72DE9F04F91F837
:10A9B00013800B7D8BB043EA082818F00309044686
:10A9C0000E4606924769056ACDF8208005D1D5F874
:10A9D000D000F7F32FF1844600E0CC4605F15C0A85
:10A9E00006F1170B0120082359465246CDF810C036
:10A9F000F6F302F68245DDF810C000F0F78318F494
:10AA00008071079110D0338A1A0A42EA03239BB25D
:10AA10005C2B40F2EB833046614605F18C02F6F385
:10AA2000E5F7002800F0E283338A1A0A42EA03239A
:10AA30009BB25E2B40F2DA8396F86F1096F8702086
:10AA400042EA01225F329342C0F0D08306F1120243
:10AA50000992594608225046F4F354F505F1640072
:10AA600059460822F4F34EF5D5F8D000F6F3DCF49D
:10AA7000002868D018F4805F65D096F86F2096F8AB
:10AA8000703043EA0223B3F5807F0BDD384621693D
:10AA9000012274F065DC206904F11801012277F0CD
:10AAA00089D9E7E24FF48070F9F3C6F5824630B9F0
:10AAB00038462169012274F053DCD14698E3202006
:10AAC000F9F3BAF5834630B95046F9F3C7F538467D
:10AAD0002169012208E34FF48170F9F3ADF5059087
:10AAE00068B95046F9F3BAF55846F9F3B7F5384660
:10AAF0002169012274F034DCDDF8149078E3B9F1B7
:10AB0000000F04D1D5F8D000F7F394F08146059BEF
:10AB1000494605F19C020293099800238DE8000C38
:10AB2000F6F394F781465046F9F398F55846F9F351
:10AB300095F50598F9F392F5B9F1000F03D1384670
:10AB40002169012220E396F815A0B37DD5F8D00045
:10AB500043EA0A2AF6F38AF410B918F0080326D05B
:10AB6000BAF10D0F0BD003D8BAF1050F15D10DE0D6
:10AB7000BAF1100F17D0BAF1200F0ED111E018F072
:10AB8000080F13D038462169022271E218F0080F2D
:10AB90000FD03846216903226AE23846216904222F
:10ABA00066E2022106E00422059204E003230593F5
:10ABB00001E00121059118F0080900F026822B8A96
:10ABC000059A934203D038462169052250E2079B3B
:10ABD000002B40F0C78003232B60D5F8D0305A06F5
:10ABE00006D4626892F86221002A37D0580335D51E
:10ABF00013F4804932D196F86F1096F87030042221
:10AC000006F1710043EA0121F6F3F8F70246002845
:10AC100033D04378132B03D8384621690422B3E29A
:10AC2000636A2169483300934FF0200920460632B9
:10AC300001F1DC03CDF8049073F054D88246E0B9FA
:10AC4000636AA3F8069094F80834B3B1A068D4F806
:10AC5000041406F009D884F808A40EE019060CD5EF
:10AC6000616AB1F8E42042B101F14800C431F4F363
:10AC700049F4636AB3F8E410D980636ADB882BB9BE
:10AC800020463146069A72F0DFDFAFE205F11C097B
:10AC900006F11F012022484605F13C06F4F332F488
:10ACA00020222068314619F029D9D5F8D0305A042D
:10ACB0000AD522682169D2F8D40602688A58127827
:10ACC00012B149F0FFDF3BE021690A6D100508D49D
:10ACD00013F4922F05D1D1F8083193F883309A06F6
:10ACE00012D5636A04F1180003F148020092DB8870
:10ACF000E231019305F18C030293AB8A4A46039338
:10AD00003346F6F30DF41BE004F1180A5046E23125
:10AD10000622F4F3E3F3002800F06882636A2169F5
:10AD200003F148020092DB885046019305F18C0341
:10AD30000293AB8AE23103934A463346F6F3F0F5C9
:10AD400040F63B623846216908EA0202012374F0AA
:10AD50004BDB08B1042356E1384621690D2274F01B
:10AD6000FFDA43E2069A4AB997F81690B9F1000F54
:10AD70000CBF4FF400794FF0000901E04FF00009DB
:10AD8000D5F8D000F6F350F341F2C833002808BFDD
:10AD90004FF4E47303EA080218BF4FF000099A4227
:10ADA00040F0248219EA080F40F020822B68033B10
:10ADB000042B00F21B822946052341F81C3B06F1B7
:10ADC0001F002022F4F38AF3002840F00F8296F847
:10ADD0006FA096F87030D5F8D00043EA0A2AF6F34F
:10ADE00023F300283FD006F1710B5846514630221C
:10ADF000F5F306F08146C8B1D5F8D03042785B044F
:10AE000040F1FA8123682169D3F8D4361B68CB5806
:10AE10001B78002B00F0F081123A92B2ECE1A868A6
:10AE200009F102010230F4F359F318B138462169EF
:10AE3000072215E00AEB0B0199F80120C9EB01018B
:10AE400089B2901C81421CDD6FF001039B1A4844BB
:10AE5000C9183022F4F3D4F798B121693846062294
:10AE600074F07EDA09E0AB88534506D1A86806F194
:10AE700071015246F4F332F318B1206904F118015C
:10AE800042E0D5F8D000F6F3CFF278B106F17100C8
:10AE90005146F6F3A7F648B938462169092274F0FD
:10AEA0005FDA206904F1180101222EE020680368AE
:10AEB00093F8623163B304F1180921694A466FF0CF
:10AEC00079D88346D5F8D000F0F7C8FA00B32368E4
:10AED000D3F86008FEF70CF9D0B1BBF1000F17D022
:10AEE00023685946D3F86008FEF706F980B1514649
:10AEF00006F17100F422F4F383F701462046FFF7D0
:10AF000095FB28B920694946112276F053DF6DE19F
:10AF100040F20B223846216908EA0202032374F04A
:10AF200063DA814628B1062318F040092B6004D16A
:10AF300016E0384621690D2226E12A8A04F1180B11
:10AF40002B8B20688DE80408216905F1AC0276F0AE
:10AF5000D1DED5F8D000F6F367F2002834D003E054
:10AF60003846216908220FE1514606F17100F6F3D7
:10AF700039F642788046063A92B2EA82837905F140
:10AF80006C0903F0030385F8CC3008F1080148464A
:10AF9000F4F3B8F295F8CC200599EB8A009206F10B
:10AFA0004F020191029298F80620216902F00402F2
:10AFB000039220684A4676F021DE23682169D3F89F
:10AFC0007C06324654F0ECDED5F8D000F6F32CF2D5
:10AFD000C0B108232B6038462169002274F0C0D923
:10AFE00023695A46DB682068009379210623F4F729
:10AFF00001F923682269D3F8D4361B68D35800229C
:10B000001A70F3E006232B60F0E02B68052B40F26A
:10B01000ED80236A05995A8A8A4208D0D3F8D00075
:10B02000F6F324F218B1384621690A22ACE008F49C
:10B030006073B3F5607F40F0D98007232B60D5F8AB
:10B04000D000F6F3F1F18146002841D018F4805F7A
:10B050000BD096F86F1096F8703006F1710043EA45
:10B060000121F6F3BFF5814638B9216938460B2234
:10B0700074F076D94FF00009BAE0427805F16C0A15
:10B08000063A92B2EA82837909F1080103F00303D8
:10B0900085F8CC305046F4F335F295F8CC20EB8AA5
:10B0A00000926A8A2169019206F14F02029299F890
:10B0B0000620206802F004020392524676F09EDDDC
:10B0C00023682169D3F87C06324654F069DE70E0CB
:10B0D000BAF1200F55D84FF48070F9F3ADF28346E2
:10B0E00030B9216938460C2274F03AD9D9467FE04C
:10B0F0002020F9F3A1F2069050B95846F9F3AEF2C8
:10B10000384621690C2274F02BD9DDF818906FE0D5
:10B110004FF48170F9F390F2844680B95846CDF827
:10B1200010C0F9F39BF20698F9F398F238462169BA
:10B130000C2274F015D9DDF810C0E14658E0069BEA
:10B1400005F16C020792414605F19C0201930290C1
:10B15000079B0998CDF810C0CDF800B0F6F370F455
:10B1600081465846F9F37AF20698F9F377F2DDF85A
:10B1700010C06046F9F372F2A5F816A0B9F1000FFD
:10B1800005D1216938460C2274F0EAD830E0089ADB
:10B1900008F030031B110599009302F04003019160
:10B1A0004F36039320682169079A5346029676F03A
:10B1B00025DD3846216908F00B02052374F014D907
:10B1C00028B108232B6038462169002202E021695A
:10B1D00038460D2274F0C4D823692068DB687921D1
:10B1E000009304F118020623F4F704F84FF0010964
:10B1F00048460BB0BDE8F08FA988931C99427FF4B4
:10B2000015AE0CE62DE9FF4790E810028E79054651
:10B210000F46002E63D140F21440F9F30DF2804640
:10B2200000285FD03851314640F21442F4F3EEF179
:10B23000AB8AD9F8D02608EB030448F803902B69B1
:10B240004FF0010AE360EB686261A360AB682761BD
:10B250006360E420C8F8006088F804A0C4F8FC63C8
:10B26000F9F3EAF12062002841D03146E422F4F3F8
:10B27000CDF1E820F9F3E0F16062002837D03146E3
:10B28000E822F4F3C3F1D4F82480E868C8F8009009
:10B2900019492246334605F06BDDC8F868000028DE
:10B2A00025D0E86815492246334605F061DD606324
:10B2B000E8B1E86812492246334605F059DDC4F882
:10B2C0000404A0B1236A286A0193636A694600975F
:10B2D00002938DF80CA0F3F313F4304604E06FF002
:10B2E000060001E04FF0FF3004B0BDE8F0872846CB
:10B2F000394672F099DBF5E7E1578800E958880094
:10B30000C958880038B51D4690B10368848ACB5867
:10B3100073B11C19114604F130001022F4F3F2F05D
:10B3200004F1400029462022BDE83840F4F3EAB099
:10B3300038BDD0F88404F0B503F15605A83300EB0E
:10B34000430300EB8505B3F90A60AF6890F8E94064
:10B35000BE1B7618AE6026415E81B0F95E31D0F832
:10B360006811CB1A9B18C0F868312341A0F85E31F0
:10B37000F0BD10B50A7AD0F884342AB390F82922A7
:10B38000D1F808012AB190F86000904228BF024627
:10B3900001E090F86020D1F81801047864B1007AD7
:10B3A000D1F8081118B1C98D4A43002101E0CA8DB6
:10B3B000012183F8291105E0012283F82921D1F820
:10B3C0000821D28D0A3203E083F829214FF49B72C1
:10B3D000C3F8242110BD2DE9F04F8BB0D0F8844480
:10B3E0009A469DF85C30904608939DF85420B4F836
:10B3F000C63007920393189A94F8E9300F460992E1
:10B400000593B4F8F020D4F8D81094F81C3106460F
:10B410009DF950B09DF8585004920691002B00F011
:10B42000AB81036893F8693123B13BF04DDA002812
:10B4300000F0A281336893F864312BB194F86D3138
:10B4400013B1002384F86D3194F828313BB1B06812
:10B45000D4F8301105F008DC002384F828318E215F
:10B4600030693CF069DA43004E334FF6FE71194003
:10B4700030693CF061DA94F858318146FF2B08D0EE
:10B4800094F8E830012212FA03F300EA03091FFAE4
:10B4900089F994F8AF30AB4213D0002305F13202A2
:10B4A00004EB8202E91A93604A4242EB0102323213
:10B4B00004EB820284F8AF50C4F8CC30C4F8C83032
:10B4C0009360BAF1000F00F05781079AC2B9022FBA
:10B4D00040F35281C7EB0A01B4F9F22009B204EB40
:10B4E00045039142A8BF0A46A3F8EA20D6F884345F
:10B4F0005B79012B2AD9C8EB0B03A4F8EE3025E0C9
:10B50000049F04EB45023BB2B2F9EA70C7EB0A07AD
:10B51000FF1A022F03DD1C2FA8BF1C2700E0032702
:10B52000D6F884245279012A10D9B4F9EE80C8EBF8
:10B530000B08C3EB0808B8F1020F05DDB8F11C0FCA
:10B54000A8BF4FF01C0801E04FF00308D6F868329E
:10B550009B792BB9089A1AB130460999FFF709FF70
:10B5600005F1320204EB82029368304601339360A6
:10B57000C4F8CC30D4F8383151460133C4F83831EE
:10B5800005F14E0304EB83035A6801325A605A46B0
:10B590002B46FFF7CEFED4F8E030D4F8E4209342F7
:10B5A00003D9039B1BB2049307E0D4F8DC000133FA
:10B5B00001210690C4F8E03004910598012212FAA6
:10B5C00000F3D4F8CC1099422DD3D5F1010B38BF3C
:10B5D0004FF0000B0BF1A80C04EB4C0C04EB4500F6
:10B5E000B0F85A01BCF80AC0C0EB0C0C0FFA8CFC86
:10B5F00094F86C018CEAEC7AAAEBEC7A8245ACBF49
:10B6000000210121844503910EDB94F8E8000BFA38
:10B6100000F1894509D005F13C0104EB810148683E
:10B620008018486001E00392002205F1540B05F1F7
:10B630002C0004EB800004EB4B01B1F90AC0D0F8F8
:10B6400008A0CCEB0A0C67448760059807414F813E
:10B65000D4F8C000B4F9B610059F411A4144C4F8AB
:10B66000C0103941A4F8B61004EB8501D1F8D01010
:10B67000B4F9C400994204EB4B01B1F90A1028BF98
:10B6800084F8B150884244DBD4F8CC00069FB8421D
:10B690000CD9D5F1010194F8E82038BF002111FA46
:10B6A00002F291452FD005F13C0225E0039F4FB3F4
:10B6B00094F844713DB1B4F9B2C07FB2C1EB0C0152
:10B6C00007EBC10106E0B4F9B4C07FB2C1EB0C01D5
:10B6D000C900C91B049FB1EBC70F13DB984211D3FC
:10B6E000D5F1010194F8E82038BF002111FA02F2E7
:10B6F000914508D005F13E0204EB82025168013108
:10B70000516000E02AB10120002D14BF0321022165
:10B7100006E0002D0CBF2846002014BF02210321A3
:10B7200094F8AF2084F8492194F81D215AB1D6F835
:10B73000682292793AB938B130690B460092019289
:10B740003DF0C6D804E018B9D4F8CC209A4213D200
:10B7500094F81D3183B1D6F868329B7963B9012220
:10B7600084F82821B068D4F83011D4F824210BB023
:10B77000BDE8F04F05F0529A0BB0BDE8F08F2DE90F
:10B78000FF41D0F88454064695F81C310C4695F8D4
:10B79000E970002B00F08180036993F80A31002BD7
:10B7A0007BD0036893F8693153B13BF08DD80346E1
:10B7B00030B9B068D5F83411142205F02FDA6CE0F6
:10B7C000336893F8643133B195F86D311BB10023C0
:10B7D00085F86D3161E0D6F83C33022B0AD0D5F8FC
:10B7E000E020D5F8E4309A4294BF4FF000084FF0C3
:10B7F000010801E04FF0000895F81D31002B4CD0F6
:10B80000D6F868329B79002B47D1336A0DF10F01CE
:10B8100018695AF00BDD9DF80F3085F8AF30002B1A
:10B8200014BF03210221B8F1000F25D003F1020E4D
:10B8300005EB8E0E05EB4302DEF8B0C0B2F9B200A4
:10B84000C0EB0C00CEF8B000384103F12C0EA2F88A
:10B85000B20003F1540205EB8E0E05EB4202B2F981
:10B86000B200DEF8B0C0C0EB0C00783850FA07F731
:10B87000CEF8B000A2F8B27085F849310022012359
:10B880008DE80C0030690B463DF022D89DF80F3052
:10B8900054F82320013244F82320BDE8FF8110B57D
:10B8A000D0F8844494F81C3123B104F58671FFF775
:10B8B00066FF002384F8283110BD70B5D0F88444A9
:10B8C000054694F81C3103B3D4F8CC20D4F8C83022
:10B8D0009A4203D104F58A71FFF751FFD4F8CC30B6
:10B8E000C4F8C83094F81D317BB1D5F868329B7923
:10B8F0005BB994F8292142B1A868D4F834114FF407
:10B90000FA72BDE8704005F0899970BD38B5D0F87D
:10B9100084440546D4F83411806805F0A5D9D4F8DC
:10B92000CC20D4F8C8309A4204D1284604F58A7154
:10B93000FFF725FFD4F8CC30C4F8C83038BDD0F8B4
:10B94000843400224FF6A271C3F8B820C3F8BC209B
:10B95000C3F8C020A3F8B220A3F8B420A3F8B620FF
:10B96000C3F86021C3F86421C3F86821A3F85A2101
:10B97000A3F85C21A3F85E21A3F8EA10A3F8EC1069
:10B98000A3F8EE10C3F8CC20C3F8D020C3F8D4201D
:10B99000C3F83821C3F83C21C3F84021C3F8E020A4
:10B9A000C3F8F420C3F8F820C3F8FC20C3F8002142
:10B9B000C3F80421C3F80821C3F80C21C3F81021EF
:10B9C000C3F81421C3F8182183F829217047D0F84F
:10B9D0008434D3F8CC208A60D3F838218A6493F871
:10B9E0001D2112B193F8AF2001E093F8AC204A601A
:10B9F00093F81D210A6093F848214A654A688A65D0
:10BA0000D3F8D0200A64D3F8D4204A64D3F83C2178
:10BA1000CA64D3F840210A65B3F9B220CA60B3F909
:10BA2000B4200A61B3F9B6204A61D3F8F4208A61E0
:10BA3000D3F8F820CA61D3F8FC200A62D3F80021B9
:10BA40004A62D3F804218A62D3F80821CA62D3F883
:10BA50000C210A63D3F810214A63D3F814218A63B6
:10BA6000D3F81821CA63D3F84C21CA65D3F8502102
:10BA7000D3F854310A664B667047F7B5D0F8844462
:10BA8000D4F84C518D4207D1D4F85051954203D18E
:10BA9000D4F854219A423CD001F00F05042D3AD835
:10BAA000022D38D003F00302022A34D01F0907F018
:10BAB0000307022F2FD00A0902F00F02042A2AD806
:10BAC000022A28D09E0806F00306022E23D09E09E3
:10BAD00006F00306022E1ED0C4F85431036AC4F8DF
:10BAE0004C111B68C4F85011022B04BF3E462A4675
:10BAF000042A14BF1146314684F8AD10D0F88434BE
:10BB0000012283F846110092019200690B463CF035
:10BB1000DFDE002001E06FF01C00FEBD704700007A
:10BB2000004870479466010010B50C46C1B18868A2
:10BB300008B1F8F393F5E06808B1F8F38FF5D4F89D
:10BB4000D80008B1F8F38AF5D4F8E00008B1F8F3AA
:10BB500085F520460021E422BDE81040F3F356B5F8
:10BB600010BD2DE9F74F0546D2F8D00001911446DB
:10BB70009846DDF830B0DDF83490DDF838A0F5F304
:10BB800053F428B1404659463022F4F339F103E02A
:10BB900040465946F5F3E0F20646002800F0D8800A
:10BBA000D4F8D000F5F340F428B14846514630228D
:10BBB000F4F326F103E048465146F5F3CDF207468B
:10BBC000002800F0C6802B6893F86231002B4FD01C
:10BBD000D4F8D000EFF742FC002849D0D5F860082F
:10BBE000FDF786FA10B3D5F868329B792BB9D5F8F2
:10BBF00060080199FDF780FAC0B148465146F42229
:10BC0000F4F3FEF08146002800F0A2804078023074
:10BC1000A4F8D400F8F310F5C4F8D800002800F018
:10BC200097804946B4F8D420F3F36CF4D5F8600853
:10BC3000FDF75EFAE0B1D5F860080199FDF75CFA0E
:10BC4000B0B140465946F422F4F3DAF00546002834
:10BC50007ED040780230A4F8DC00F8F3EDF4C4F8AC
:10BC6000E000002874D02946B4F8DC20F3F34AF44D
:10BC7000022323826382D4F8D000F5F3D5F310B108
:10BC8000042323826382D4F8D000F5F3CDF350B1BE
:10BC900006F10A0004F110010022F5F3A7F40028D0
:10BCA00056D0002513E073780A2B0FDDD4F8D0505E
:10BCB00006F10E00A5F10802554245EB020504F11C
:10BCC00010012A46F5F3B6F608B941E005462046CC
:10BCD000218A2A4676F088D8002839D0D4F8D000B6
:10BCE000F5F3A2F330B1301D04F112010122F5F396
:10BCF0007DF413E07378092B11DD06F1080045B9D6
:10BD0000F27A012A06D0A2F105035A4242EB03025D
:10BD100000E0012204F11201F5F38CF6C0B178784D
:10BD20000230A080F8F388F4A06088B13946A28878
:10BD3000F3F3E8F370780230E080F8F37DF407461F
:10BD4000E06030B13146E288F3F3DCF3012700E034
:10BD500007463846BDE8FE8F01320103323D0090B0
:10BD60004C3300AAAA0300000088B40001000000C0
:10BD700001010000010050F201000050F2000040FB
:10BD80009600000FAC00000FAC0600AAAA0300004A
:10BD900000AAAA030000F8000FAC00050400C9BF08
:10BDA00005F000CEBF0000000101000001011C7081
:10BDB00040002D02F0000A01280028013801480146
:10BDC00058015501500150036666E2016666E301C1
:10BDD0006666E4016666E5016666E6016666E70199
:10BDE0006666E8016666E9016666EA016666EB0179
:10BDF0006666EC016666ED016666EE01CDCCF0018B
:10BE00000A000500080040060800050008000800B8
:10BE1000770008008A0008000100050001000A0000
:10BE200001000500400610091E091F092409250903
:10BE30002609200921092709280929092209230996
:10BE400030093109320912090F09000901090609EF
:10BE5000070908090209030909090A090B09040964
:10BE600005090C090D090E09110965023402840047
:10BE7000740056006502340204000400040003004C
:10BE800003000300030002000100010000000000A5
:10BE9000FFFFFFFFFFFFFFFFFFFFFFFFFFFF0000B0
:10BEA000372E39352E343920283232373162623616
:10BEB00020435929007265636C61696D2073656365
:10BEC00074696F6E2025733A2052657475726E65C1
:10BED0006420256420627974657320746F2074680F
:10BEE0006520686561700A004D656D6F7279207517
:10BEF000736167653A0A0009546578743A20256CC5
:10BF00006428256C644B292C20446174613A2025F7
:10BF10006C6428256C644B292C204273733A2025CD
:10BF20006C6428256C644B292C20537461636B3A34
:10BF30002025644B0A00094172656E6120746F749C
:10BF4000616C3A2025642825644B292C20467265B3
:10BF5000653A2025642825644B292C20496E2075DC
:10BF600073653A2025642825644B292C2048574DB9
:10BF70003A2025642825644B290A0009496E20755A
:10BF80007365202B206F766572686561643A2025A1
:10BF9000642825644B292C204D6178206D656D6FD8
:10BFA000727920696E207573653A20256C642825A6
:10BFB0006C644B290A00094D616C6C6F63206661EB
:10BFC000696C75726520636F756E743A2025640A1A
:10BFD0000009537461636B20626F74746F6D206825
:10BFE0006173206265656E206F7665727772697421
:10BFF00074656E0A0009537461636B20626F747418
:10C000006F6D3A20307825702C206C776D3A203097
:10C010007825702C20637572723A20307825702C48
:10C0200020746F703A20307825700A0009467265D6
:10C030006520737461636B3A203078257828256415
:10C0400029206C776D3A2030782578282564290AD4
:10C050000009496E75736520737461636B3A203013
:10C06000782578282564292068776D3A203078254E
:10C0700078282564290A0009496E207573652070A7
:10C080006F6F6C202564282564293A2025642825B3
:10C09000644B292C20772F6F683A2025642825646B
:10C0A0004B290A0009496E20757365202D20706F99
:10C0B0006F6C3A2025642825644B292C20772F6F3C
:10C0C000683A2025642825644B290A0009506B74BE
:10C0D000496420546F74616C3A2025642C204672A8
:10C0E00065653A2025642C204661696C65643A20B8
:10C0F00025640A006D77006D6400554E494D504C23
:10C100003A2072613D25700A005443414D3A202582
:10C110006420757365643A202564206578636565DD
:10C12000643A25640A000A465749442030312D25D7
:10C13000780A666C6167732025780A000A545241B8
:10C1400050202578282578293A2070632025782CDE
:10C15000206C722025782C2073702025782C206389
:10C160007073722025782C20737073722025780AE2
:10C1700000202072302025782C2072312025782C48
:10C180002072322025782C2072332025782C2072C2
:10C19000342025782C2072352025782C20723620EA
:10C1A00025780A00202072372025782C207238202C
:10C1B00025782C2072392025782C207231302025CA
:10C1C000782C207231312025782C207231322025B4
:10C1D000780A000A20202073702B30202530387810
:10C1E0002025303878202530387820253038780AD6
:10C1F00000202073702B31302025303878202530F6
:10C200003878202530387820253038780A0A0073AD
:10C21000702B257820253038780A00686E646172AA
:10C220006D5F61726D7220616464723A20307825AE
:10C23000782C206372345F6964783A2025640A00A0
:10C24000627573737461747300535357553A207059
:10C2500072696D6520646F6573206E6F742068610C
:10C2600076652070203D2033206D6F6420340000FF
:10C27000010000000001000020010000A141800039
:10C28000B9538000212C8000795780006D3D8000DB
:10C29000609D8800A09E8800549F88008C9B880029
:10C2A000409C8800FDFFFFFFD89A88000200000034
:10C2B0008001000030010000DD418000E553800076
:10C2C000492C8000AD578000993D8000749D880006
:10C2D000C09E8800749F8800AC9B8800609C88008A
:10C2E000FDFFFFFFF89A880004000000FF00000037
:10C2F00020080000253E8000B1518000ED2B800019
:10C3000035578000253D8000549D8800809E880020
:10C31000349F88006C9B8800209C8800066D070075
:10C32000B89A8800030000000902000044010000E0
:10C33000F941800001548000892C8000F55780006D
:10C34000ED3D8000889D8800F09E8800A49F8800B5
:10C35000DC9B8800909C8800FDFFFFFF289B8800E5
:10C36000706125643D307825257800706425643D32
:10C3700030782525780070646825643D307825255F
:10C38000780070646C25643D3078252578006763FB
:10C390007225643D307825257800253032582530C7
:10C3A000325825303258253032582D253032582514
:10C3B0003032582D25303258253032582D25303224
:10C3C00058253032582D25303258253032582530F6
:10C3D00032582530325825303258253032580055E1
:10C3E0006E646566696E6564206572726F72202581
:10C3F0006400000060010400050001036401040002
:10C4000000002700240104000400000028010400AB
:10C41000000000002C0104000000000030010400B6
:10C4200000000000340104000A047000340104001C
:10C43000EFBED40034010400050000FF3401040005
:10C4400001FF02FF30010400180000003401040065
:10C450000A04E00034010400EFBE48003401040087
:10C46000050000FF3401040001FF02FF3401040055
:10C47000001018013401040002030010340104000C
:10C4800018F1F2F334010400BBCC000030010400C9
:10C4900038000000340104000000000030010400F6
:10C4A00058000000340104000000000030010400C6
:10C4B00038000000340104000F200007340104009C
:10C4C00000009400340104000000009034010400D6
:10C4D0007475767734010400000000003401040014
:10C4E0000000050034010400FFFFFFFF30010400DD
:10C4F00068030000340104006E843300340104003A
:10C50000DCBA500034010400D40000AB3401040054
:10C51000BADABADA34010400001018F13401040068
:10C52000F2F300103401040018F1F2F334010400B6
:10C530001000000034010400000000003401040079
:10C5400000000A00340104000100000E3401040060
:10C550004252434D340104005F54455334010400FA
:10C56000545F53533401040049440104340104006E
:10C5700082848B9634010400030101063401040017
:10C5800002000000300104006800000034010400D3
:10C590000A04280234010400DCBA800034010400DB
:10C5A0000000FFFF34010400FFFFFFFF340104001F
:10C5B000001018F134010400F2F3001034010400FB
:10C5C00018F1F2F334010400D0AF0000340104008C
:10C5D00000000000340104000000000134010400E8
:10C5E0000200000E340104004252434D34010400A5
:10C5F0005F54455334010400545F53533401040025
:10C60000494401043401040082848B9634010400FF
:10C61000030101063401040002010000300104009E
:10C6200068060000340104000A04280234010400F2
:10C63000DCBA8000340104000000FFFF3401040074
:10C64000FFFFFFFF34010400001018F13401040063
:10C65000F2F300103401040018F1F2F33401040085
:10C66000D0AF0000340104000000000034010400D9
:10C6700000000001340104000200000E3401040037
:10C680004252434D340104005F54455334010400C9
:10C69000545F53533401040049440104340104003D
:10C6A00082848B96340104000301010634010400E6
:10C6B00002010000000104000000000190040200DB
:10C6C00000000000A0040200F1F30000B00402002A
:10C6D000EFFD0000A8040200FFFF0000A804020014
:10C6E00000000000A204020001000000B2040200E9
:10C6F000FBFF0000AA040200FFFF0000AA040200E2
:10C7000000000000A4040200CF1A0000AC040200E4
:10C7100000000000BC04020000000000A6040200AB
:10C72000D7020000B6040200FFFD0000AE040200C4
:10C73000FFFF0000060402000100000006040200E2
:10C74000000000000C0402001800000006040200B3
:10C750000000000048040200000C00000204020077
:10C760002006000002050200000000000005020093
:10C770000040000002050200040000000005020065
:10C780000040000002050200080000000005020051
:10C7900000400000020502000C000000000502003D
:10C7A0000040000002050200C000000080050200F9
:10C7B000FFFF000082050200FFFF00008405020069
:10C7C000FFFF000086050200FFFF00008805020051
:10C7D000FFFF00008A050200FFFF00008C05020039
:10C7E000FFFF00008E050200FFFF00009005020021
:10C7F000FFFF000092050200FFFF00009405020009
:10C80000FFFF000096050200FFFF000098050200F0
:10C81000FFFF00009A050200FFFF00009E050200D6
:10C82000FFFF0000A0050200FFFF00009C050200C2
:10C83000F0FF00004005020000800000200502001B
:10C84000060F0000400502000080000040050200C5
:10C85000008100002005020000FF00002C050200FE
:10C8600001010000400502000081000040050200B7
:10C8700000820000200502001E2800002C05020096
:10C880000000000040050200008200004005020098
:10C89000008300002005020029310000400502004D
:10C8A0000083000040050200008400002005020013
:10C8B000323F0000400502000084000040050200F5
:10C8C00000850000200502004041000040050200F4
:10C8D0000085000012060200010000002E06020082
:10C8E000CDCC0000300602000C0000000006020063
:10C8F0000480000096060200080000009A0602006C
:10C90000E400000088060200000000009C0602000F
:10C910000200000088060200001000009C060200D1
:10C920000200000088060200002000009C060200B1
:10C930000200000088060200003000009C06020091
:10C9400002000000880602000B0F00009E06020095
:10C9500007000000100502000B0000005004020058
:10C96000014E0000520402005B010000E4040200DA
:10C970009000000004040200B4000000540502000E
:10C98000FFAF0000FE040200000000005E05020090
:10C9900000100000600104000400010364010400B1
:10C9A0000000000064010400B40000006401040001
:10C9B00047004700640104000000640064010400B3
:10C9C00030094000600104000D000103640104000F
:10C9D00002000200640104000100C00064010400C0
:10C9E00005000000640104000000C00064010400B0
:10C9F00064006400640104000E0047006401040048
:10CA0000000500006001040015000103640104003A
:10CA100040003C08640104000000070064010400B9
:10CA20000A000000600104001A0001036401040010
:10CA300000C00000600104001D0001036401040047
:10CA400010270000600104001F00010364010400BE
:10CA500000001C0C640104000600102760010400A3
:10CA6000250001036401040000003200600104009D
:10CA7000280001036401040000004C0A6401040062
:10CA800000003F0164010400FFFF00046401040092
:10CA900046041E07640104000200EC096001040062
:10CAA0002E00010364010400000000806001040006
:10CAB00092010103640104006404000064010400A5
:10CAC00000004000640104009607000060010400BB
:10CAD00097010103640104001A08000060010400CA
:10CAE000BF010103640104000000050060010400AF
:10CAF000080401036401040007020000600104004F
:10CB0000100401036401040000000100600104003E
:10CB10001C0C010064010200FFFF00006001040022
:10CB20001D0C010064010200FFFF00006001040011
:10CB30001A000103640104000000200C60010400DD
:10CB400023000103640104000000A607640104003F
:10CB50000000A20A60010400260001036401040031
:10CB60000A0E0B09640104000E02000060010400BB
:10CB700032000103640104000000900B6401040012
:10CB80000000A0046401040000007C0660010400B1
:10CB900058000103640104004252434D6401040043
:10CBA0005F54455364010400545F5353640104000F
:10CBB00049440000600104006000010364010400B6
:10CBC000390000006401040050000000640104000A
:10CBD000C000000060010400700001036401040053
:10CBE000BE03BE0364010400BE03BE03640104006F
:10CBF000BE03BE0364010400BE03BE03640104005F
:10CC00000004EA0364010400D403BE0364010400C9
:10CC10000B04F50364010400DF03C903640104008D
:10CC2000BE03BE0364010400BE03BE03640104002E
:10CC3000BE03BE0364010400BE03BE03640104001E
:10CC40000004EA0364010400D403BE036401040089
:10CC50000B04F50364010400DF03C903640104004D
:10CC6000160416046401040016041604640104008A
:10CC7000220416046401040016042E046401040056
:10CC8000160416046401040016041604640104006A
:10CC900016041604640104003A0416046401040036
:10CCA000160416046401040016041604640104004A
:10CCB000220416046401040016042E046401040016
:10CCC000160416046401040016041604640104002A
:10CCD00016041604640104003A04160464010400F6
:10CCE00000001F0064010400FF031F006401040032
:10CCF0000200000064010400020000006001040062
:10CD0000980001036401040000001F006401040096
:10CD1000FF031F006401040001000000640104001F
:10CD20000100000060010400A00001036401040090
:10CD300000001F0064010400FF031F0064010400E1
:10CD40000100000064010400010000006001040013
:10CD5000A80001036401040000001F006401040036
:10CD6000FF031F00640104000100000064010400CF
:10CD70000100000060010400C00001036401040020
:10CD80003724372464010400372437246001040069
:10CD9000BA010103640104000100070264010400F8
:10CDA000070207036401040007000000600104009B
:10CDB000DF010103640104002000CB0164010400D1
:10CDC00000005400640104000000AB08640104008A
:10CDD00000001004640104008400020064010400E7
:10CDE0000000140064010400CF010200640104008B
:10CDF0004400000064010400AF0802006401040064
:10CE000010046400640104000202000064010400D4
:10CE10001000CA016401040002003C006401040027
:10CE20000000AA0864010400020010046401040068
:10CE300054000208640104000000080064010400BA
:10CE4000CE0100006401040034000000640104000D
:10CE5000AE080000640104001004440064010400F2
:10CE6000020A0000640104000800C9016401040012
:10CE700002003000640104000000A90864010400FD
:10CE800002001004640104003C000210640104006C
:10CE90000000040064010400CD01000064010400EE
:10CEA0002C00000064010400AD08000064010400CF
:10CEB0001004340064010400021200006401040044
:10CEC0000400C8016401040000002C006401040097
:10CED0000000A808640104000000100464010400BC
:10CEE0003000021964010400000000006401040025
:10CEF000CC010200640104002C0000006401040065
:10CF0000AC08020064010400100430006401040055
:10CF1000021A000064010400C0000A046401040055
:10CF200070000000640104003A010A046401040076
:10CF300028022CC064010400F2020A046401040007
:10CF40000000000164010400600014046401040096
:10CF500038000000640104000201140464010400AC
:10CF600014012CC064010400DE01140464010400F7
:10CF70000000800064010400220037046401040002
:10CF80001500000064010400DF00370464010400A0
:10CF900065002CC0640104002E0137046401040004
:10CFA00000002F006401040011006E84640104007D
:10CFB0000B00000064010400D4006E8464010400CE
:10CFC00033002CC064010400FC006E846401040082
:10CFD000000018006401040002008A9D640104003E
:10CFE000FB00020864010400C54EFA00640104005D
:10CFF000020A833464010400FE000210640104008C
:10D000006227F900640104000212421A640104005C
:10D01000FD00021964010400B113F800640104006A
:10D02000021A811164010400FC00021C6401040066
:10D03000C10FFC00640104000000C10F6401040082
:10D04000FC00000064010400C10FFC00600104004A
:10D0500050020103640104000000000064010400A8
:10D060000100711464010400040200006001040066
:10D070005402010364010400010000006401040083
:10D080000100711464010400040200006001040046
:10D09000580201036401040002000000640104005E
:10D0A0000100711464010400040200006001040026
:10D0B0005C02010364010400030000006401040039
:10D0C0000100711464010400040200006001040006
:10D0D000600201036401040000000100600104001B
:10D0E0006C020103640104002000000060010400E0
:10D0F000120401036401040000000C00600104003C
:10D1000050050103640104001800000064010400DC
:10D11000983A983A64010400A60E64006401040081
:10D120000000F40164010400040000006401040034
:10D13000C8AFA86164010400204E1E006401040011
:10D140000000030064010400030000006401040007
:10D1500050C30000600104005B050103640104008A
:10D160000000140564010400E204000060010400F2
:10D170005F05010364010400204E00006401040007
:10D1800000000F0064010400F401030060010400CA
:10D19000650501036401040000001300640104003C
:10D1A00000000300640104000100070064010400A2
:10D1B000C8AF00006401040088130000640104008B
:10D1C0002C17DF40600104006C05010364010400BA
:10D1D00000002C01640104000000A00F60010400A5
:10D1E0006F050103640104000000020064010400F3
:10D1F00000002C0164010400C00000006401040070
:10D20000C0440000640104006400000064010400E4
:10D21000DC05401F640104000000460064010400B6
:10D22000500050006401040002000000640104008A
:10D23000F50A0000600104007A050103640104009E
:10D240002010409C64010400204E00006401040092
:10D25000B80B0000600104007E05010364010400B6
:10D260000000204E64010400000005006401040079
:10D27000DC053F0064010400710200006401040049
:10D28000307500006001040086050103640104009C
:10D29000C409A00F600104008905010364010400B2
:10D2A0000000D007600104008B0501036401040045
:10D2B000204E204E600104008E050103640104002D
:10D2C000200080406401040000000A0064010400A2
:10D2D000E803E81C64010400384A0000600104000F
:10D2E0009305010364010400000064006001040070
:10D2F0009F05010364010400020094026001040020
:10D30000A105010364010400E100000060010400C4
:10D31000A4050103640104003075000060010400ED
:10D32000A705010364010400DC050000640104009A
:10D33000581B000060010400AF05010364010400F4
:10D3400000000F0064010400C80000006001040038
:10D35000B20501036401040000000200640104003E
:10D360000000640060010400BB05010364010400C7
:10D37000A861701760010400C40501036401040082
:10D38000BE00000060010400380C010064010200CE
:10D3900000000000600104000300020064010400BA
:10D3A0001F0000006001040004000200640104008A
:10D3B000FF03000060010400050002006401040096
:10D3C0001F00000060010400060002006401040068
:10D3D000070000006001040007000200640104006F
:10D3E0000400000060010400080002006401040061
:10D3F000FFFF000060010400090002006401040056
:10D4000000000000600104000A0002006401040042
:10D4100000000000600104000B0002006401040031
:10D4200000000000600104000C0002006401040020
:10D4300000000000600104000D000200640104000F
:10D4400000000000600104000E00020064010400FE
:10D4500000000000600104000F00020064010400ED
:10D4600000000000600104001000020064010400DC
:10D470001F000000600104001100020064010400AC
:10D4800000000000600104001200020064010400BA
:10D4900000000000600104001300020064010400A9
:10D4A0000000000060010400150002006401040097
:10D4B0000000000060010400160002006401040086
:10D4C00000000000FFFF00000000000086060200D0
:10D4D000D0090000800602003E3E000082060200E5
:10D4E0003E020000000702003C000000840602002B
:10D4F0001202000060010400030001006401020048
:10D50000C000000060010400030001006601020089
:10D510000A00000060010400040001006401020030
:10D520001400000060010400070001006401020013
:10D530008301000060010400250001006401020075
:10D54000F401000060010400C5050100660102004D
:10D550002B04000060010400C60501006401020004
:10D560000001000060010400E1010100640102000B
:10D570003C00000060010400E601010066010200B9
:10D580003400000060010400EC01010064010200AD
:10D590003000000060010400F1010100660102009A
:10D5A0002C00000060010400F7010100640102008A
:10D5B0002C00000060010400FC0101006601020073
:10D5C0002800000060010400020201006401020062
:10D5D000280000006001040007020100660102004B
:10D5E00028000000FFFF000000000000ED9F800009
:10D5F000C1AD8000DDAE8000F9AB8000B5B0800029
:10D6000065AF8000C9B08000DDB0800071AD8000E2
:10D6100085AD800009AC800005B18000FDAA8000C6
:10D62000A1B0800065AE800035AA800081A1800095
:10D63000C5A1800031A880008DA8800019A88000B5
:10D6400079AF8000B1A68000ADAB80008DAB8000CB
:10D65000E5AB80008DA380007DAB800079A28000C7
:10D66000F5A3800045A7800045A0800039A1800077
:10D6700065A3800039A0800055A080002D9F800008
:10D68000399F800000000000000000000000000042
:10D6900075A3800061A8800039A8800071A2800075
:10D6A00095A78000219F8000199F8000B9A080006D
:10D6B00085A08000E59E8000280000000F0000008B
:10D6C000040100000807000000070700000704002D
:10D6D000000004040000040000000001010000003C
:10D6E0000000000003030000000000000000000034
:10D6F00000000000B1080000000000000404040461
:10D7000004010400E20400080A0000006A1000009E
:10D71000000000000000000031060000DDC88D00A0
:10D720000404040404010400E20400080A000000E8
:10D730006A1000000000000000000000310400003A
:10D740008C2EBA000404040404010400E20400085E
:10D750000A0000006A100000000000001818000015
:10D7600000000000000606000000000000000000AD
:10D7700000000000311900000000A0000C0C0C0C8F
:10D780000A030400E20400080A0000006A10000016
:10D790000000000000000000B112000027766200C7
:10D7A0000C0C0C0C0A030400E20400080A00000040
:10D7B0006A1000000000000000000000B10C000032
:10D7C0001443FD000C0C0C0C0A030400E2040008D6
:10D7D0000A0000006A100000E02E01010150000064
:10D7E00000000000C832020101490000899DD800F4
:10D7F0004038030101420000AAAAAA00003C04012B
:10D80000013E000000008000483F0501013B000090
:10D81000D05E4200A0410601013900004992240077
:10D82000004B07010132000000000000584D0801C4
:10D8300001300000071F7C00204E0901013000006C
:10D8400000000000C05D0A01012800000000000087
:10D85000A8610B01012600006666660090650C0158
:10D8600001240000C44EEC0030750D0101200000C1
:10D870000000000040830E01011C000024499200BA
:10D8800018920F0201330000F93E56000096100274
:10D890000132000000000000409C11020130000035
:10D8A0000000000080BB1202012800000000000000
:10D8B00020CB130201240000C44EEC000000000045
:10D8C0000000000000000000626F617264666C611D
:10D8D0006773330073707572636F6E6669670000FB
:10D8E0000000000000000000B1190000ABAA0A000F
:10D8F0000B0C0C0C0A030400E20400080A000000F0
:10D900006A1000000000000000000000B1120000DA
:10D91000143BB1000B0C0C0C0A030400E2040008D9
:10D920000A0000006A100000000000000000000073
:10D93000310D00007A0534000B0C0C0C0A030400B6
:10D94000E20400080A0000006A1000000000000065
:10D9500012100000000000000000000000000000A5
:10D96000B1190000000040000C0C0C0C0A0304006C
:10D97000E20400080A0000006A1000000000000035
:10D9800000000000B1120000FF88D8000C0C0C0C45
:10D990000A030400E20400080A0000006A10000004
:10D9A0000000000000000000B10D0000F0FF4E007C
:10D9B0000C0C0C0C0A030400E20400080A0000002E
:10D9C0006A10000006000000BC010000C542000013
:10D9D000314200008945000078000000010000008D
:10D9E000394000003F40000041400000800000003E
:10D9F00068000000FB440000F7440000D144000030
:10DA000067E6096A85AE67BB72F36E3C3AF54FA5CF
:10DA10007F520E518C68059BABD9831F19CDE05BFB
:10DA2000982F8A4291443771CFFBC0B5A5DBB5E989
:10DA30005BC25639F111F159A4823F92D55E1CABFD
:10DA400098AA07D8015B8312BE853124C37D0C558B
:10DA5000745DBE72FEB1DE80A706DC9B74F19BC1D3
:10DA6000C1699BE48647BEEFC69DC10FCCA10C24C3
:10DA70006F2CE92DAA84744ADCA9B05CDA88F976A7
:10DA800052513E986DC631A8C82703B0C77F59BF11
:10DA9000F30BE0C64791A7D55163CA06672929143D
:10DAA000850AB72738211B2EFC6D2C4D130D3853DA
:10DAB00054730A65BB0A6A762EC9C281852C72929C
:10DAC000A1E8BFA24B661AA8708B4BC2A3516CC7CA
:10DAD00019E892D1240699D685350EF470A06A1003
:10DAE00016C1A419086C371E4C774827B5BCB03452
:10DAF000B30C1C394AAAD84E4FCA9C5BF36F2E68F0
:10DB0000EE828F746F63A5781478C8840802C78C7E
:10DB1000FAFFBE90EB6C50A4F7A3F9BEF27871C681
:10DB20000123456789ABCDEFFEDCBA9876543210FD
:10DB3000F0E1D2C3142030401C2010776C25640023
:10DB40002530347800776C25643A202573202573BE
:10DB50002076657273696F6E20257320465749449D
:10DB60002030312D25780A004E6F76203239203250
:10DB70003032310032323A34393A30390061702073
:10DB8000007374612000776D6520003830322E31CB
:10DB9000316420003830322E3131682000726D201F
:10DBA000006361632000616D7064752000616D70B9
:10DBB00064755F74782000616D7064755F727820A1
:10DBC00000616D73647572782000616D73647574A3
:10DBD000782000726164696F5F7077727361766537
:10DBE000200070327020006D6368616E20006466F2
:10DBF0007274732000747870777263616368652053
:10DC000000737462632D74782000737462632D72E4
:10DC1000782D3173732000776E6D200062737374FA
:10DC200072616E7320006D66702000736165200064
:10DC30006964617574682000746B6F2000776C6391
:10DC4000006770696F6F757400000000E156010095
:10DC500002000080080000003D6F8900E200000023
:10DC600001000000000000000000000000000000B3
:10DC700002000000000031316400313168003131B0
:10DC800075005458204D435320203A00202025642D
:10DC9000282564252529000A202020202020202056
:10DCA0003A000000A1878900070080000100000001
:10DCB0000000000000000000000000005258204D4D
:10DCC000435320203A006170707300615F77706188
:10DCD00000615F777061690025733A20686F737423
:10DCE0005F656E61622025640A0062737363666714
:10DCF00000627463006274635F646F735F73746166
:10DD000074757300955701000E00000007000000B5
:10DD1000000000000000000000000000636D005FD4
:10DD20005F004B5200000000BC580100E0ED88008D
:10DD30000000000000000000B058010000000000DA
:10DD4000AA580100A45801000000000000000000D3
:10DD5000805801002C590100885801007FB2000052
:10DD600000000000000000000000000000000000B3
:10DD700000000000000000000000000000000000A3
:10DD800000000000000000009058010000000000AA
:10DD90000000000000000000000000000000000083
:10DDA0000000000000000000000000000000000073
:10DDB0000000000000000000000000000000000063
:10DDC0000000000000000000000000000000000053
:10DDD0000000000000000000000000000000000043
:10DDE00001000000B1580100000000000000000028
:10DDF000323032312D31312D32392032323A343213
:10DE00003A3434000000FF0000000000FF00000072
:10DE100000236E000000FFFFF00000000000000083
:10DE200000000000434C4D204441544100000C00D0
:10DE30000200392E31302E3339000000000000007E
:10DE4000000000000000312E32392E3400000000A6
:10DE5000C4580100C8570100436C6D496D706F7262
:10DE6000743A20312E33362E3300000000000000BB
:10DE700000000000000042726F6164636F6D2D301E
:10DE80002E30000000000000000000000000000034
:10DE900000000000636E7472790064756D705F69D4
:10DEA0006E666F00138589000000004008000000C6
:10DEB0000000000000000000000000006576656EB4
:10DEC0007471006662740000115A010016000000AF
:10DED000775A0100180000008F5A01001B00000053
:10DEE000275A01001C0000009CEF88000E00000073
:10DEF000DA59010033000000DA5901003300000054
:10DF0000435A010034000000435A0100340000006D
:10DF1000435A0100340000009BEF8800010000001C
:10DF2000D05901000A0000009AEF880001000000AB
:10DF300003103036373839F4FFDD000102030406E0
:10DF400007080920252829232A32300B0C4247468E
:10DF5000333F4043363A3C3B2D3D484A7F5961456B
:10DF6000626B6C6F70BFC0C3C4C744F4DD69656D7C
:10DF7000000001322124302E46363B2D487F595E69
:10DF80006BBFC74485F4DD01320C3541463036376E
:10DF9000393A382D3D484A7F5A5F58646EBFC0C732
:10DFA00044F4DD00010203040605070809202528C2
:10DFB00029232A32300B0C2E333F4043424746364A
:10DFC0003A3C3B2D3D484A7F5659456B6C6F70BFBC
:10DFD000C0C3C4C744F4DD01320C35414636373A7C
:10DFE000382D3D484A7F5A5F6EBFC0C744F4DD00FC
:10DFF00001322124302E463637393B2D487F595E79
:10E0000057636BBFC744859CF4DD696572006C7112
:10E01000004449524543542D007068790000A4041F
:10E0200000400000A40400800080D0042000000014
:10E03000A404FF010000A40400040004A504FF03DD
:10E040002C01A50400E000A0A504001C00000D04A4
:10E05000FF0340000D0400700040A204FF034000D5
:10E06000A20400700040A804FF000100D004C07F9B
:10E0700000000C05FF010000A60400800080A6043B
:10E08000FF01FF009A04FF01FF00F40900800080F7
:10E09000F40900380020F409FF0337009904FF0356
:10E0A00078009F0400C000409F04FF039001D70444
:10E0B00008000800D70400700020AC093C001400E0
:10E0C000F80904000400706B745F66696C74657213
:10E0D000000000000C000000FFFFFFFFFFFFFFFF3C
:10E0E000FFFFFFFF70726F745F670070726F745F85
:10E0F0006E000000EC5B010007000000070000005C
:10E10000FD5B0100060000000100000000000000AF
:10E110000000000000000000534145204861736882
:10E1200020746F20456C656D656E742075312050CC
:10E130003100534145204861736820746F20456C5D
:10E14000656D656E74207532205032007361655FB5
:10E150006D61785F7077655F6C6F6F70007361657C
:10E160005F7077655F686E705F656E61626C650099
:10E17000405C01002700000007000000585C01001F
:10E1800028000000070000006E5C0100260000006F
:10E190000700000000000000000000000000000078
:10E1A0007374665F74656D705F6D696E5F647574BE
:10E1B000795F6379636C65007374665F74656D7015
:10E1C0005F6D6F6E69746F725F74696D65007374F3
:10E1D000665F74656D705F7468726573680069640A
:10E1E0007375700074706300747863007761706990
:10E1F000000000000000000000000000000000001F
:10E20000600A000080380100736470636D64657695
:10E210000000000000000000005D010000000000A0
:10E2200000000000000000000000000000000000EE
:10E2300000000000C5DF800045F6800059F6800030
:10E24000C9DF8000BDDF800089DF800051DD8000F4
:10E250000000000055F680000000000000000000F3
:10E26000C57C0100A17C01008B7C0100E1F68000EF
:10E2700000000000A5F68000F9F68000C1F68000DD
:10E28000EDF680000000000000000000000000002B
:10E290001588010069880100000000001188010054
:10E2A000258C0100F589010059890100000000005A
:10E2B000000000000000000000000000000000005E
:10E2C000C5890100000000001D1E1C0B80BA8C01D6
:10E2D00000C20100F20000008100000010000000F8
:10E2E000C0AD3A0200C20100EC0000008100000055
:10E2F00022000000776C0000000000000000000019
:10E3000000000000C05D01000000000000000000EF
:10E3100000000000000000000000000000000000FD
:10E3200035E201001D8E8100E9898100298F81007D
:10E3300000000000B58C810000000000FD8D810010
:10E3400000000000000000000000000000000000CD
:10E3500001000300030006000000030003000300A7
:10E360000E000D000E000E000E00020009000C0051
:10E370000A0008000D00010009000C000A00080056
:10E380000D00010009000C000A0008000D0001004A
:10E3900009000C000A0008000D0001000A000D0031
:10E3A0000B0009000E0002000A000D000B0009001E
:10E3B0000E0002000900390016000E000E000500D4
:10E3C0000900390016000E000E0005000A000D00BD
:10E3D0000B0009000E0004000A000D000B000900EC
:10E3E0000E0002000A000D000B0009000E000200E2
:10E3F0001400BF00C0001500110005001400BF008C
:10E40000C0001500110005001400BF00C000150079
:10E41000110005001400BF00C00015001100050028
:10E420001400BF00C00015001100050009003900EC
:10E4300016000E000E0005000900390016000E003F
:10E440000E0005001400BF00C000150011000500FB
:10E450000900390016000E000E0005000900390001
:10E4600016000E000E0005009600DE00DF0015000D
:10E47000110005001400BF00C000150011000500C8
:10E480000900390016000E000E00050009003900D1
:10E4900016000E000E0005000900610016000E00B7
:10E4A0000E0005000900390016000E000E000500E0
:10E4B0000C00B60019001100110008000900390015
:10E4C00016000E000E0005000900B600190011002C
:10E4D000110008000900B600190011001100080021
:10E4E0000900B600190011001100080009003900E8
:10E4F00016000E000E0005000900B60019001100FC
:10E50000110008000800370016000E000E0005007C
:10E510000900B600190011001100080000000000F9
:10E5200000000000000000000000000000000000EB
:10E5300000000000000000000000000000000000DB
:10E5400000000000000000000000000000000000CB
:10E5500000000000000000000000000000000000BB
:10E5600000000000000000000000000000000000AB
:10E57000000000000000000000000000000000009B
:10E58000000000000000000000000000000000008B
:10E59000000000000000000000000000000000007B
:10E5A000000000000000000000000000000000006B
:10E5B000000000000000000000000000000000005B
:10E5C000000000000000000000000000000000004B
:10E5D000000000000000000000000000000000003B
:10E5E000000000000000000000000000000000002B
:10E5F000000000000000000000000000000000001B
:10E60000000000000000000000000000000000000A
:10E6100000000000000000000000000000000000FA
:10E6200000000000000000000000000000000000EA
:10E6300000000000000000000000000000000000DA
:10E6400000000000000000000000000000000000CA
:10E6500000000000000000000000000000000000BA
:10E6600000000000000000000000000000000000AA
:10E67000000000000000000000000000000000009A
:10E68000000000000000000000000000000000008A
:10E69000000000000000000000000000000000007A
:10E6A000000000000000000000000000000000006A
:10E6B000000000000000000000000000000000005A
:10E6C000000000000000000000000000000000004A
:10E6D000000000000000000000000000000000003A
:10E6E000000000000000000000000000000000002A
:10E6F000000000000000000000000000000000001A
:10E700000000000000000000000000000000000009
:10E7100000000000000000000000000000000000F9
:10E7200000000000000000000000000000000000E9
:10E7300000000000000000000000000000000000D9
:10E7400000000000000000000000000000000000C9
:10E7500000000000000000000000000000000000B9
:10E7600000000000000000000000000000000000A9
:10E770000000000000000000000000000000000099
:10E780000000000000000000000000000000000089
:10E790000000000000000000000000000000000079
:10E7A0000000000000000000000000000000000069
:10E7B0000000000000000000000000000000000059
:10E7C0000000000000000000000000000000000049
:10E7D0000000000000000000000000000000000039
:10E7E0000000000000000000000000000000000029
:10E7F0000000000000000000000000000000000019
:10E800000000000000000000000000000000000008
:10E8100000000000000000000000000000000000F8
:10E8200000000000000000000000000000000000E8
:10E8300000000000000000000000000000000000D8
:10E8400000000000000000000000000000000000C8
:10E8500000000000000000000000000000000000B8
:10E8600000000000000000000000000000000000A8
:10E870000000000000000000000000000000000098
:10E880000000000000000000000000000000000088
:10E890000000000000000000000000000000000078
:10E8A0000000000000000000000000000000000068
:10E8B0000000000000000000000000000000000058
:10E8C0000000000000000000000000000000000048
:10E8D0000000000000000000000000000000000038
:10E8E0000000000000000000000000000000000028
:10E8F0000000000000000000000000000000000018
:10E900000000000000000000000000000000000007
:10E9100000000000000000000000000000000000F7
:10E9200000000000000000000000000000000000E7
:10E9300000000000000000000000000000000000D7
:10E9400000000000000000000000000000000000C7
:10E9500000000000000000000000000000000000B7
:10E9600000000000000000000000000000000000A7
:10E970000000000000000000000000000000000097
:10E980000000000000000000000000000000000087
:10E990000000000000000000000000000000000077
:10E9A0000000000000000000000000000000000067
:10E9B0000000000000000000000000000000000057
:10E9C0000000000000000000000000000000000047
:10E9D0000000000000000000000000000000000037
:10E9E0000000000000000000000000000000000027
:10E9F0000000000000000000000000000000000017
:10EA00000000000000000000000000000000000006
:10EA100000000000000000000000000000000000F6
:10EA200000000000000000000000000000000000E6
:10EA300000000000000000000000000000000000D6
:10EA400000000000000000000000000000000000C6
:10EA500000000000000000000000000000000000B6
:10EA600000000000000000000000000000000000A6
:10EA70000000000000000000000000000000000096
:10EA80000000000000000000000000000000000086
:10EA90000000000000000000000000000000000076
:10EAA0000000000000000000000000000000000066
:10EAB0000000000000000000000000000000000056
:10EAC0000000000000000000000000000000000046
:10EAD0000000000000000000000000000000000036
:10EAE0000000000000000000000000000000000026
:10EAF0000000000000000000000000000000000016
:10EB00000000000000000000000000000000000005
:10EB100000000000000000000000000000000000F5
:10EB200000000000000000000000000000000000E5
:10EB300000000000000000000000000000000000D5
:10EB400000000000000000000000000000000000C5
:10EB500000000000000000000000000000000000B5
:10EB600000000000000000000000000000000000A5
:10EB70000000000000000000000000000000000095
:10EB80000000000000000000000000000000000085
:10EB90000000000000000000000000000000000075
:10EBA0000000000000000000000000000000000065
:10EBB0000000000000000000000000000000000055
:10EBC0000000000000000000000000000000000045
:10EBD0000000000000000000000000000000000035
:10EBE0000000000000000000000000000000000025
:10EBF0000000000000000000000000002DE9F843C4
:10EC000005468846FBF33EF200212846FBF382F3DB
:10EC1000044628466E69AF69F3F3F0F30A2E814685
:10EC200016D90F2E16D02846FAF31EF5142E0546D7
:10EC300003D9A36823F00803A360A368142E43F04C
:10EC40000103A36014D9A36843F00803A3600FE095
:10EC5000022E0FD92846FAF375F5D4F8A4300546EC
:10EC600023F0FF0343F00203C4F8A430022303E0BF
:10EC7000012301E0104D3023A268D20707D407F02A
:10EC80001802082A0CBFB5FBF3F54FF4E11507F0A5
:10EC9000030700260BE004F54073B8F1000F05D020
:10ECA0003002181849462A460023C0470136BE42A2
:10ECB000F1DBBDE8F88300BF00C63E052DE9F8434F
:10ECC0001646984604460D46FAF374F500210746A9
:10ECD0002046FBF31FF30022814613461349881890
:10ECE0004068B0B90C225343CA18CE505560C2F8E0
:10ECF00008802046FBF3C6F1D9F824300C4D1E43A2
:10ED00002E602046FBF3BEF12B680125C9F82430A4
:10ED100004E001330C32052BE0D1002520463946B2
:10ED2000FBF3F8F22846BDE8F88300BFBC5F0100A2
:10ED3000E403000038B5124C002148222046F0F3CD
:10ED400065F4104A012384E80C0000250E491F22B7
:10ED500004F10C00F0F332F584F82B50F5F31CF3BA
:10ED60004FF40023A3634FF40003E363074B2063D6
:10ED70002364074B6563DB696564A36038BD00BF2E
:10ED80001860010044454247403901001C2B09002E
:10ED9000706001004369142B01DDFAF317B5704769
:10EDA000436910B50A2B04460ADD064901220346D1
:10EDB000FFF784FF20460121BDE8104007F096BA16
:10EDC00010BD00BF89160000C36910B5590704467D
:10EDD0000CD5074B00221968FBF3B4F00549204617
:10EDE00010222346BDE81040FFF768BF10BD00BFEA
:10EDF0002C040000FDB18000134B13B513601346C3
:10EE000001E0114C1C600433ADF17C04A342F8D343
:10EE1000C41C24F003040D4B091B0D48196000238A
:10EE200003600C48083903600B4884E80A0003605B
:10EE30000A4802600A4802F500520260094A13605B
:10EE4000EAF7C6FE44601CBD4B415453F403000076
:10EE50001404000048040000046001006860010020
:10EE600010600100F003000008B500211420EAF74B
:10EE7000BDFE054B002118601422F0F3C7F3BDE876
:10EE80000840F5F301B100BF300400002DE9F04760
:10EE90004D1C2946824605F0A1FB134C206000B3AF
:10EEA0004FEA850948460021EAF7A0FE0F4F804649
:10EEB00038600F4E68B14A460021F0F3A7F320688E
:10EEC0000021F0F33FF73B6800221A603560BDE88F
:10EED000F0875046216805F0D5FBC6F80080C4F8DD
:10EEE0000080BDE8F08700BFF8030000E8030000E1
:10EEF00004040000F0B5184F85B00F21386805F004
:10EF0000C3FA0F2803903E4624D184200021EAF75B
:10EF10006DFE124C2060D0B100218422F0F376F314
:10EF20000025012304AA42F8043D009501953868A4
:10EF300021684FF4F06305F0D5FA0130206803D062
:10EF40003221ECF751FA05E0EAF7D8FE2560306887
:10EF500005F0B8FA05B0F0BD2C0400004404000030
:10EF6000B1F5E06F73B504460E46154606D1036948
:10EF70000091002101911E680A460CE00D4B002211
:10EF80001868FBF3B9F1014680B1236900220096AD
:10EF900001921E6820462B46B04738B1064BA0614F
:10EFA0001A68656122621C60002001E04FF0FF30AA
:10EFB0007CBD00BF00040000F85F01002DE9F843AC
:10EFC00010200C46002191469846EAF70FFE0546B0
:10EFD00020B3144E3068FAF3EDF3099B074623B9CA
:10EFE000306821464A46FBF387F13068FAF35CF556
:10EFF00001238340089AEB60AA600B4AC5F804809D
:10F0000011681560094A2960116830680B43136064
:10F010003946FBF37FF10020BDE8F8836FF01A005A
:10F02000BDE8F883000400003C0400001004000068
:10F0300013B500210446FBF36DF1174B1860174B15
:10F0400000F5706018606369222B12DDE3695806D1
:10F050000FD540F6270100222046FAF311F50146AC
:10F060002046FBF357F10E4B002118602046FBF3BE
:10F0700051F100204FF4006102460A4B00900190CC
:10F08000FFF79CFF28B1012002B0BDE81040F4F367
:10F0900077B602B010BD00BF2404000094600100E8
:10F0A00034040000E9B1800073B5374B374C01934D
:10F0B000374B0021202220461D682669F0F3A6F276
:10F0C00001232360334B26611B68E36145F8044C40
:10F0D00000F048FCADF5FE513C390A462E48FFF7DA
:10F0E0008BFEF4F33DF3F4F3A5F700F073F8FFF7AC
:10F0F00021FE002006F0D4FD284D294C286007F0A1
:10F100000FFA2060FFF794FFFFF7AEFE206800F0D3
:10F1100029FB206806F0E8FD224B20681A6802F5FA
:10F1200080321A60204B1A6802F580321A601F4B39
:10F130001A6802F580321A6000F0C0F800221C48FC
:10F140001C49F5F3E7F002221B481C49F5F3E2F0F5
:10F1500000221B481B49F5F3DDF000221A491B4829
:10F16000F5F3D8F02068FFF715FE2068FFF718FECA
:10F170002068FFF729FE286840F28F11FFF786FE0E
:10F18000FFF7B8FE20687CBDADDEADDE706001002B
:10F19000945C0100906001008C6A03002C04000064
:10F1A00000040000F40300001404000004600100E7
:10F1B0008DDA8900891900001385890041B4800027
:10F1C000943B010091B680001DB28000973B010086
:10F1D0007047000070B5174D2C682CBBB02021463D
:10F1E000EAF704FD286010B32146B022F0F30EF2D6
:10F1F0004FF4806021462E68EAF7F8FCB06028687A
:10F2000086681EB9EAF77AFD2E600DE04FF4806241
:10F21000C26021463046F0F3F9F12B68064A2046D9
:10F220001360064A536170BD4FF0FF3070BD4FF060
:10F23000FF3070BDA8600100500400007060010044
:10F2400070B5184C0546236833B9174E33680BB9AF
:10F25000FFF7C0FF33682360206808B30023036012
:10F26000C0F89C304360012380F8A4306B6C0E3BE7
:10F27000012B03D928460D49FFF7C0FC0C4B9A68B7
:10F2800012B12268C2F89C3020680123C0F89C307B
:10F29000F5F31EF0074808492268F5F33BF02068B3
:10F2A00070BD00BF50040000A8600100716C010037
:10F2B00098600100242B870011BE800010B5002348
:10F2C000044610220A49FFF7F9FC00212046FAF310
:10F2D00065F7002220464FF4A051EDF76DFF054B76
:10F2E000002220469A60BDE81040FFF7A9BF00BF8A
:10F2F000E5BC80009860010038B504460D4651B168
:10F300001020F5F39FF1044B186020B180E8300025
:10F310004FF4F063836038BDAC600100134B0246CC
:10F320001B68006810B500F47041DC1E090B042C4A
:10F3300008D800F47060000A0E30012313FA00F0C0
:10F34000484310BD072B0CD8002010BD43F4807437
:10F350001461146C013304F07F0401346403001958
:10F3600001E0002318468B42F0D110BD501400007C
:10F3700003684068181823F00703083398428CBFCD
:10F380000020012070470000044B054A1868904295
:10F390001ABF00F108021A6000207047A05C01004B
:10F3A000001000002DE9F34190E8480023F0070425
:10F3B000083413F0070202D19D19AC424AD03546F9
:10F3C0008068002203E0875C0DF802700132B242CF
:10F3D000F9D19E18A64204D900293DD0361B951BB1
:10F3E00000E0002623F00707C7EB030C002204E02F
:10F3F00012F8078000F8028001326245F8D18218C5
:10F40000002003E01DF8007017540130A842F9D124
:10F410005B195219E71A002004E013F800C002F843
:10F4200000C00130B842F8D1002E18DD00AB5D19E4
:10F430000023EA5CCA540133B342FAD1C918E41874
:10F440000022C3F1080302E0A05C885401329A4212
:10F45000FAD104E0104603E04FF0FF3000E0002056
:10F46000BDE8FC812DE9F0471C4B1D4C0026C4EB88
:10F4700003081C4B4FEAA80803FB08F8474629E09D
:10F480002368D4F808A023F0070900251AF80520FE
:10F4900015F809309A4202D00120F4F371F40135D5
:10F4A000082DF3D12046FFF763FF88B90E4B0546C0
:10F4B00003EBC70A013705EB09031AF805201B7A8D
:10F4C0009A4202D00120F4F35BF40135082DF2D109
:10F4D00001360C344645D3DBBDE8F08790130000BD
:10F4E00000100000ABAAAAAA00080000144B2DE9E6
:10F4F000F0471B68134D9B68134F03F00F097F1BE8
:10F500000123124A03FA09F9BB1002FB03F8002693
:10F51000444606E02846FFF72BFF00B901340136C8
:10F520000C354645F6DB2246BB104FF0553404FB44
:10F53000032307484946BDE8F047F0F38DB000BF0C
:10F540004C1400000010000090130000ABAAAAAAFF
:10F55000A93B010041F4003138B542630446016320
:10F56000652502E00A20F4F355F5236B002B01DB3F
:10F57000013DF7D138BD836A43F000438362704791
:10F58000836A23F0004383627047F8B586680546B6
:10F5900001240F4606F00F06FFF7F2FF14FA06F6F5
:10F5A000AC62EF62002405E0A1B228460022FFF71A
:10F5B000D1FF0134B442F7DBF8BD00002DE9F04182
:10F5C000FFF7E2FE194E1A4BDFF87080194FF61A5A
:10F5D000194BC8EB0707002814BF05461D46044613
:10F5E0005D1BFFF783FF47B1002140463A46F0F329
:10F5F0000DF040463946F4F383F146B100210C4842
:10F600003246F0F303F00A483146F4F379F155B18C
:10F61000002120462A46EFF3F9F720462946BDE8A7
:10F62000F041F4F36DB1BDE8F08100BF901300002C
:10F63000001000000008000000100000C5040000D9
:10F64000424B2DE9F74F1D6841492846FFF79DFFC2
:10F65000404A414BA968D31A404A9B105A43019231
:10F6600071D0012001F00F0110FA01F18A4201DD91
:10F67000F4F386F32846FFF751FE394BA0F1040B53
:10F680001A6899460E2A01D8861000E001264FF02C
:10F690000008314C4CE06368013B072B01D8A3689C
:10F6A00013B90120F4F36CF32046FFF761FE38B97B
:10F6B000FFF76AFE074620B90120F4F361F300E08A
:10F6C000002720463946FFF76DFE10B10120F4F304
:10F6D00057F3DFF87CA0A1682268D9F80030CAEBA4
:10F6E000010122F00702C9100E2B96BF02EA0B029D
:10F6F000324346EA920289B22846FFF72BFFA7B1B0
:10F700002268D9F8003022F00702CAEB070108325C
:10F71000C9100E2B98BF02EA0B0289B28CBF32438C
:10F7200046EA92022846FFF715FF08F101080C345B
:10F73000019B9845AFDB2846FFF71DFF03B0BDE8EE
:10F74000F04FFFF78FBE03B0BDE8F08F4C14000000
:10F75000000800009013000000100000ABAAAAAA45
:10F76000501400002DE9F7430446FAF38BF42046C9
:10F7700000F008FA6B48EAF71DF92046F2F334F678
:10F7800000F578704FF47A730730674FB0FBF3F0F1
:10F7900038602046F2F328F6644B654AC318616965
:10F7A000B3FBF2F3634A22291360634E634D04DD19
:10F7B000E369580601D5336800E02B6803F5C2639E
:10F7C0000433D3F800E030682B68222905DDE269B4
:10F7D000520602D500F5C26201E003F5C2620432AE
:10F7E00012689645F1D0222905DDE269520602D55C
:10F7F00000F5C26301E003F5C2630433D3F800806F
:10F80000EAF7B8F83168814660692A68102522282D
:10F8100005DDE3695B0602D501F5C26301E002F58F
:10F82000C26304331B689845F1D0222805DDE369E3
:10F830005E0602D501F5C26301E002F5C26304333E
:10F84000013DD3F80080E2D1EAF794F83A68C9EBB9
:10F850000006B2FA82F39A40191FB2FBF6F2384B57
:10F8600001321A604FF47A73A2FB03233548CA4071
:10F870000160C1F1200113FA01F08018ECF742FB9E
:10F88000396804230FE0B5FA85F2B6FA86F0013A3A
:10F890008242A8BF0246964095409B18B6FBF1F203
:10F8A00001FB1266551915F0404FECD0264A136043
:10F8B000264B40F2FF321D60236A002B244BC8BF49
:10F8C0006FF07F421A606369222B0CDDE3695806F2
:10F8D00009D5002040F6270102461E4B00900190FA
:10F8E000FFF76CFB05E020461A4920220023FFF7B2
:10F8F000E5F900201849F0F301F5184D286078B1BA
:10F900000120F4F36DF220462D68F2F36DF5B5FB9E
:10F91000F0F04FF47A754543114BA5F5FA651D607B
:10F92000BDE8FE83E91E0000A45C01003F420F0019
:10F9300040420F00B403000034040000240400001F
:10F94000A8030000AC030000A4030000A003000013
:10F95000B003000019B980008C8502008404000007
:10F96000800400000D4B00211A6842F010021A605A
:10F970001A6822F400721A60094A136843F080730F
:10F9800043F480331360074B07221A6043F8041CCA
:10F9900059685A60044B20221A60704714ED00E049
:10F9A000FCED00E0241000E000E400E070B5044647
:10F9B0000E46FAF367F32046F9F3FCF60546EAF73C
:10F9C0005BFD40F62A0102462046FAF395F482696F
:10F9D000436926B142F0004243F0004303E022F0C5
:10F9E000004223F000438261294643612046BDE87E
:10F9F0007040FAF38FB42DE9F84304461E46904652
:10FA00000D46FAF33FF32046F9F3D4F64146324669
:10FA100007462046FAF370F42046FAF345F006460E
:10FA2000EAF72AFD40F62A0102462046FAF364F47A
:10FA30004FF00108814685B108FA06F5836933EA7B
:10FA4000050502D14046E9F787FF01360120B040A5
:10FA5000E9F774FFC9F818500EE0701C08FA06F6B2
:10FA600008FA00F0E9F778FF4046E9F767FFD9F8B0
:10FA700018301E43C9F8186020463946BDE8F843DF
:10FA8000FAF348B4034630B1002000E01046421CAF
:10FA90005B08FBD1704770470346032B10B5104637
:10FAA0000C461DD8FAB1022B0BD0032B14D0012B1E
:10FAB00003D0FFF7E7FF0D4B06E0FFF7E3FF0C4B2A
:10FAC00002E0FFF7DFFF0B4B186043F8044C5A6865
:10FAD00004225A60002010BDFFF7D4FF064BF3E765
:10FAE0006FF0010010BD6FF0010010BD241000E0A8
:10FAF000341000E0441000E0541000E050B1431E08
:10FB0000034207D0002300E013465A1C4008FBD1F3
:10FB1000012098407047000070B5EAF7E3F9044609
:10FB2000EAF7DAF9164E241826F4FE4626F0FF0608
:10FB300006F50046A41B1ED00125B4F5004F0FD3D7
:10FB4000284631464FF40042FFF7A6FFB0B9013511
:10FB5000EDB2042DA4F5004406F50046EDD170BDCC
:10FB600020465CB1FFF7CAFF314602462846BDE891
:10FB70007040FFF791BF4FF0FF3070BD70BD00BF08
:10FB80008C6A03002DE9F8430446FAF37BF2204621
:10FB900040F60E010022FAF3AFF30546002838D0F4
:10FBA0002046FAF36BF2014618B920460A46F9F3EB
:10FBB000F5F520462F68D5F80080F9F303F6042800
:10FBC000064605D825D108F4E028B8F5403F20D1F5
:10FBD00000205049F0F392F3D8B907F0F0073F093D
:10FBE0000FE0013F072E2F6108D90C2E06D02B6C99
:10FBF00003F44063B3F5406F00D010B1464B0120D1
:10FC00006B61002FEDD1D5F8E83123F01003C5F872
:10FC1000E831EAF731FC40F62A0102462046FAF3C1
:10FC20006BF33E4D06462860EAF726FC3146024655
:10FC30003B48EFF311F52046F9F3C4F5394B186052
:10FC40002B681A6842F080721A601A6842F0020249
:10FC50001A600022C3F8E0216269272A05DDD3F883
:10FC6000E02142F04002C3F8E02140F2DD5602E01C
:10FC70000A20F4F3CFF12B68D3F8E0319B0301D4D1
:10FC8000013EF5D100210B4620464FF40062FFF7FC
:10FC9000B2FE00210B46204640F61202FFF7ABFEF3
:10FCA00000210B46204640F62902FFF7A4FE20461D
:10FCB0000121FFF77BFE00201B49F0F31FF300B387
:10FCC0002046F9F377F50646EAF7D6FB40F62A0117
:10FCD00002462046FAF310F3D0F814900746D0F805
:10FCE00098802046F9F366F50123834043EA09032F
:10FCF0007B6148F00103C7F8983020463146FAF39B
:10FD000009F32B681A6A42F003021A62BDE8F8434D
:10FD1000FFF702BF97850200FF7F0121B06001005D
:10FD2000BB3C0100B8600100A28502000721C0F8B9
:10FD3000A4114021C0F8A8114FF4F061C0F8C81117
:10FD40001821C0F8CC1108210122C0F8D0110621D9
:10FD50000A23C0F89C21C0F8B021C0F8DC11C822E9
:10FD60001C21C0F89831C0F8B42120231022C0F81B
:10FD7000E0110C21C0F8A031C0F8BC31C0F8C0318E
:10FD8000C0F8C421C0F8D431C0F8E4110323C0F88E
:10FD9000E8210421C0F8F0210022C0F8D831C0F8D1
:10FDA000EC11C0F8F421C0F8FC21C0F80032704713
:10FDB00041F2E443984206D144F2F4300B1A58421F
:10FDC00040EB0300704700207047D0F81C1238B594
:10FDD000044659B1806804F0D0FB0546D4F81C02F3
:10FDE000F4F33CF40023C4F81C3200E00D4628462E
:10FDF00038BD7FB50446062384200393F4F31CF436
:10FE0000C4F81C02B8B100218422EFF3FFF30025EF
:10FE10001C23A068D4F81C1203AA0095019504F0D5
:10FE200061FB0646013008D1D4F81C02F4F316F445
:10FE3000C4F81C5201E04FF0FF36304604B070BDEC
:10FE40002DE9F04104460D461646984640F2E93742
:10FE500002E00A20F4F3DEF063691A6D002A04DA86
:10FE6000013FF6D13846BDE8F081069A4644360295
:10FE7000B2F1807F46F0004603D12A7842F08072CA
:10FE8000B6181E6540F2E93602E00A20F4F3C2F02B
:10FE900063691B6D002B03DB2B700120BDE8F08133
:10FEA000013EF2D13046BDE8F08100002DE9F0437B
:10FEB0008BB01D46DDF848909F4B0846C3F8009074
:10FEC00011461746FFF774FF002800F030814FF409
:10FED0000B70F4F3B1F30446002800F029810021EF
:10FEE0004FF40B72EFF392F3A560C4F81490204620
:10FEF000FFF71CFF914B1E68C4F818621EB13678DC
:10FF0000003618BF012604F128084046022141228C
:10FF1000F0F382F4002300930193029338462946BC
:10FF20004A46139B06F024FBE060002800F0FA80AC
:10FF3000F9F338F42060E068F9F344F46769804A23
:10FF40007B68804903F0010383F00103D4F800C00B
:10FF5000002B18BF114684F87A3140F629039C45DE
:10FF60006060D4F808E0E26807F5007303D110B1CF
:10FF700007F5087701E007F504770097D4F8BC018E
:10FF80000190D4F8C0010290D4F8C80103904FF05A
:10FF9000FF300490D4F8C40105900820069000209A
:10FFA0000790704604F04EFC6062002800F0BA80B2
:10FFB000D4F81812644FB9B10B78ABB1D7F8B030A0
:10FFC000984762492246D4F81802F0F32DF3D4F88A
:10FFD00018025F49224604F0F1FA2EB12046FFF7DD
:10FFE00008FF002840F09E8002210A46D7F8B8306A
:10FFF000606A984720460021E2682B4600F06EF9BF
:020000041002E8
:100000002061002800F08E8000210B462046514AD6
:10001000F3F336F50023C4F8940184F87D314E489B
:10002000F5F304F010B3EFF347F5012383404B4899
:10003000C4F88431F4F3FAF710B1EFF33DF508B1E9
:10004000D4F88401C4F8880145490020F0F356F142
:10005000030CA4F88C31A4F88E013BB1002120469A
:10006000404A0B46F3F30CF5C4F8900100203E49DA
:10007000F0F344F1012808BF84F822022046F6F389
:1000800091F4002835D000200125C4F8A40184F89B
:100090002A523649F0F332F120B184F8055234483F
:1000A000EFF3DAF200203349F0F328F1C0B28DF813
:1000B000260068B100F00F004FF080730AA901F824
:1000C000020D4FF44072009320460F23FFF7B8FE55
:1000D0000AA9082301F8013D636900221D6F1A6710
:1000E0004FF0807300932046F023FFF7A9FE636969
:1000F0001D67214922462148F4F30CF12048F3F30F
:10010000ABF7204B04F58472511C1A600332DA609D
:10011000D4F8F020596004F585719960C3F8108017
:100120005A6105E02046F4F399F2002400E0044609
:1001300020460BB0BDE8F0838804000044040000B2
:10014000B9850200CB85020010A7880051E7800026
:10015000CDE7800091F08000E08502000A86020071
:1001600002860200EDE68000D5850200C18502000E
:10017000E9850200AD85020095E68000E03C0100C3
:10018000F9E28000BC60010038B50025044680F823
:100190007951006900F0DEF82046F6F3F5F5E068E5
:1001A0002946F9F3F9F2D4F8940128B1F3F3ECF30A
:1001B000D4F89401F3F312F4D4F8900128B1F3F3D6
:1001C000E3F3D4F89001F3F309F4E06805F078FF65
:1001D000D4F81C3223B11B7813B12046FFF7F5FD8C
:1001E0002046BDE83840F4F339B210B58469A06800
:1001F000FFF7CAFFE06805F061FD002010BD0000B8
:1002000010B584690021342204F11C00EFF3FEF1E3
:10021000034BA06863622462F6F32AF3002010BD4A
:1002200091F680002DE9F347274D99462B68064645
:10023000072B0F46924640DC05F032FD80465020E9
:10024000F4F3FAF1044600283AD000215022EFF3EB
:10025000DDF12B68A4F8149084E848002761C4F805
:100260000C80204641F2E4414A4643468DE8800432
:10027000FFF71CFEA06010B300200A990B9A134BE5
:100280008DE84004FEF79AFE074618B1A068FFF714
:100290007BFF12E0A068F6F367F12B68A0610F21E5
:1002A0000B4A3046EFF318F2F7730A483146EFF382
:1002B000D3F12B6801332B6002E0002400E00446F8
:1002C0002046BDE8FC8700BFD4600100C1F6800075
:1002D0003386020013860200F4F3C0B12DE9F04129
:1002E0001B4F98463B780546072B144626D85420CA
:1002F000F4F3A2F1064610B300215422EFF386F185
:100300003B78002286F8443001333B700123B4600F
:1003100086E82001A6F84C20A6F85020A6F84E202A
:10032000A6F85220B3640420F4F386F10446306446
:1003300040B100210422EFF369F100E000263046CD
:10034000BDE8F0813046F4F389F12646F7E700BFB7
:10035000D8600100C26B1AB100235362826B5362F2
:10036000C068FFF7B9BF0000054A064BD17E19707F
:10037000117F5970517F9970927FDA70704700BF7A
:100380008C6A0300906001002DE9F04F8FB0E9F70F
:10039000A9FD474E474D3368049005932B68B3F58C
:1003A000805F00F28180444F44493868EFF3A6F73C
:1003B00001287AD02B68DFF81C910393D9F800301C
:1003C00000240693DFF810812368DFF810A107935B
:1003D000D8F80030DFF808B10893DAF80030384A6E
:1003E0000993DBF80030D7F800C00A93354B126848
:1003F00019680C920B913449301D0968039A0D91CC
:100400006146CDF808C00193EFF37CF021462A68DD
:100410003868EFF3FBF02D4A019BCAF80020284909
:10042000294A04981C6014600C604FF0FF32311AA6
:100430003C60C9F800402C60C8F80040CBF8004090
:10044000EFF38CF70599019BCA439042DDF808C091
:1004500029D1039A06992A60C9F8001021681C4A1C
:10046000C7F800C01160079A08992260099AC8F875
:100470000010CAF800200A990B9ACBF800101A60F5
:100480000F490C9B039A0B600D9B0F4960460B6054
:10049000311DEFF337F02A68301D21460FB0BDE85B
:1004A000F04FEFF3B3B0FEE7FEE70FB0BDE8F08F1B
:1004B0008C6A03009C5C0100985C0100828602004B
:1004C0004C1400004814000050140000DDBAADBB0D
:1004D00038140000945C010044140000341400003F
:1004E0004014000070470000774B2DE9F04F1B6867
:1004F00091B0043B012B03D8744B1868FFF7F2FF4F
:10050000FEF7D2FD00210446F9F334F7204600211E
:10051000F9F300F7054658B12046F9F3B3F52B6A15
:10052000002B05DA2046F9F3ADF54FF000432B62BE
:10053000E9F7CBFF2046F9F3CBF00EA90822EFF341
:10054000F1F202462046D4F840B00B92F9F38CF059
:1005500082462046F9F388F081462046F9F384F07C
:1005600080462046F9F3EEF007462046F9F3EAF01C
:1005700006462046F9F3E6F005462046F1F334F747
:10058000014620460C91F1F32FF784462046CDF822
:1005900034C0F1F329F70B9A0C99DDF834C00292BC
:1005A00008F542484A4A05F5424500F542400AF539
:1005B000424A09F5424908F5A87807F5424706F589
:1005C000424605F5A87501F542410CF5424C00F58F
:1005D000A870B8FBF2F8B5FBF2F50CF5A87CB0FBFF
:1005E000F2F00AF5A87A09F5A87907F5A87706F5D3
:1005F000A87601F5A871B1FBF2F1DFF8F8E0BAFBDB
:10060000F2FA02FB1899B7FBF2F702FB156602FB40
:1006100010C2CDF804E0DFF8E0E02E4BB2FBFEF2B2
:10062000B9FBFEF9B6FBFEF6089109922A492B4A5E
:100630002B480093CDF80CB0CDF810A0CDF8149055
:1006400006970796EFF308F0264840F60D0144F2AE
:10065000F432FEF785FC38B1224840F6290144F215
:10066000F432FEF77DFC20B91F4A204B1D4D1A6065
:1006700000E00025204605F01BFE44F218334FF63B
:10068000FF72904214BF02461A4640F61201184803
:10069000FEF766FC1649002818BF00214DB141B194
:1006A000124B28461B685B6898472B6928465B6895
:1006B00098472046F9F3E6F42946FEF71DFE20464A
:1006C00011B0BDE8F08F00BF501400004C140000C2
:1006D00040420F007D8602003F8602007E860200B7
:1006E00044860200A85C0100D45C01008C04000078
:1006F000945D010040390100A08601000846704762
:100700002DE9F04FD1F8FC3091B00B9303F5606305
:100710000446099371E10E22002320460BA9E8F359
:10072000DBF50F280746204602D1E8F373F56CE1AC
:1007300000220BA91346E8F3CFF510F00E0F40F09E
:1007400061818B4E3A0D3E4040F23B43360A00F445
:10075000F8789A4208924FEA181804D140F6FF73CD
:100760009E4200F04A8100F478534FEA532B002B4D
:1007700000F0438100F4F82A00F47803DB0C4FEA20
:100780009A3A13EB0A02079325D140F267339E424F
:1007900014D10CAB01930DAB02930EAB03930FABD3
:1007A000049320460BA913460092E8F335F5002880
:1007B00000F023810C9BC4F858331EE140F2DC5357
:1007C0009E4208D040F20B539E4204D040F62703CD
:1007D0009E4240F01281D4F8D050314605F1B60364
:1007E00044F8237005F1C60344F823002046FFF7C0
:1007F00085FF04EB8503C3F8D40000270BE001223A
:1008000020460BA91346E8F367F500F00E00022816
:1008100040F0F88001374745F1D10CAB01930DABA7
:1008200002930EAB002703930FAB049320460BA952
:100830003A463B460097E8F3EFF420B1B94627E08B
:100840004FF0010900E08146402300930CAB019377
:100850000DAB02930EAB039300220FAB0493204623
:100860000BA91346E8F3D8F40028E9D1B9F1010F38
:100870000ED00D9B002B40F0C5800F9B002B40F04D
:10088000C1800E9AB2F5805F40F0BC809946DBE7EC
:100890000C9A04EB8503C3F814210E9A0127C3F8C0
:1008A000D4210CAB01930DAB02930EAB03930FABB2
:1008B0000022049320460BA93B460092E8F3ACF4D7
:1008C00060B1012F0AD10E9BB3F5805F06D10C9960
:1008D00004EB8502C2F89411C2F8143201370028E3
:1008E000DFD137464FF001082E4617E000250023E0
:1008F00000930CAB01930DAB02930EAB03930FABC4
:10090000049320460BA942462B46E8F385F408B130
:100910000135ECE7002D75D008F10108D845E5D187
:1009200035463E4600271FE0C02300930CAB0193E1
:100930000DAB02930EAB03930FAB049320460BA9B0
:100940003A460023E8F368F400285BD00F9B002BA5
:1009500058D10E9BB3F5805F54D127B90C9A05F19D
:10096000A60344F8232001375745DDD1002739E09D
:1009700000FF0F00802300930CAB01930DAB02939B
:100980000EAB03930FABBBF1010F0CBF3A467A1CC1
:100990000493204600230BA9E8F33EF4089A40F2A2
:1009A0003B439A420DD140F235139E4209D1D4F80F
:1009B00070330C9904EB83020133C2F87413C4F84A
:1009C0007033F8B10F9BEBB90E9BB3F5805F19D173
:1009D000BAF1000F05D127B90C9A05F1A60344F826
:1009E00023200137079B9F42C4D1B9F1000F04D1E6
:1009F000D4F8D0300133C4F8D0300B9B099A93421D
:100A0000FFF489AE0023C4F8D03011B0BDE8F08FF8
:100A100010B5D0F87023002306E0D0F870134FF41F
:100A20004C74C1F80049013304309342F5D110BD34
:100A30002DE9F84300270446154699460E46B84668
:100A400009E0304600210422EEF3E0F50137C6F854
:100A50000080B04676194F45F3DBC4F80080BDE84E
:100A6000F88370B50D460446D8B1D1B10E68C6B151
:100A7000B389CBB9738A03F00303012B03D1F06967
:100A800008B1F3F3EBF5738A201D23F0040373829E
:100A90003146EDF361F723890020013B2381286073
:100AA00070BD6FF0010070BD6FF00F0070BD2DE9DB
:100AB000F74F0C9F019116469A46DDF834B0BDF809
:100AC00038900546002857D00F9B002B54D00029A2
:100AD00052D0002A50D0BBF1000F4DD09BF800300F
:100AE000002B49D000F104084046EDF341F70446DD
:100AF000002844D0B9F1010F0BD157B906FB0AF019
:100B0000F3F39AF5074638B940462146EDF324F74A
:100B100035E04FF0000800E0804600212422204606
:100B2000EEF374F5019B0822A360638A204623F04C
:100B3000030349EA030343F0040363825946EEF3D7
:100B40003DF60023B9F1010FE3710CD1A4F814A014
:100B5000C4F81C80A66104F1200039463246534691
:100B6000FFF766FF01E0EB6863612B89002001332A
:100B70002B810F9B1C6004E06FF0010001E06FF01F
:100B80001A00BDE8FE8F2DE9F84307460E461546CC
:100B9000002A2DD000282BD0002929DD1020F3F3C6
:100BA0004BF5044640B300211022EEF32FF5E76029
:100BB000242707FB06F966814846F3F33DF5804696
:100BC00030B92046F3F34AF56FF01A00BDE8F88318
:100BD00000214A46EEF31AF5204640F8048B4146C0
:100BE0003A463346FFF724FF2C600020BDE8F88327
:100BF0006FF00100BDE8F8836FF01A00BDE8F883DC
:100C000070B5064660B1046854B125895DB92068A5
:100C1000F3F324F52046F3F321F53560284670BD43
:100C20006FF0010070BD6FF00F0070BDFFF719BFCE
:100C30001FB50024019203930A46234600940294B0
:100C4000FFF735FF04B010BDFFF70BBF51B103290B
:100C500002D80423136003E0033121F00301116083
:100C6000002070476FF0010070472DE9F04186B019
:100C700005460C461E46DDF83080174612B31BB100
:100C8000B8F1000F03D11DE0B8F1000F1AD12846CA
:100C9000214605AAFFF7DAFFB0B92EB1059B7B43C9
:100CA00098450FD3B3070DD10D9B2846019301231F
:100CB00002930E9B21460393059A3B460096FFF74D
:100CC000F6FE01E06FF0010006B0BDE8F08110B55E
:100CD000044690B1C36823B1406804F10C01FFF7EA
:100CE000A5FFA36823B1606804F10801FFF79EFF28
:100CF0002046BDE81040F3F3B1B410BD2DE9FF412B
:100D0000074610200D4616469846F3F395F4044620
:100D1000F8B100211022EEF379F4124A27606560E1
:100D2000019204F108020023029228460C21324667
:100D30000093FFF79AFF034658B90B4A00900192BF
:100D400004F10C02029228460C214246FFF78DFF67
:100D500018B12046FFF7BBFF0024204604B0BDE8D1
:100D6000F08100BF9086020088860200FFF7AFBFC7
:100D700080697047008A400070470000808ACB6914
:100D8000B2FBF0F300FB1322D2B242F000421B068A
:100D900042EA13438B61002300E001338869094A6A
:100DA000002802DA9342F8D106E0934204D0C3004F
:100DB00005D4C0F3407070474FF6FF7070474FF690
:100DC000FF7070478096980010B5846800236469AE
:100DD0004B61302CC4BFD1F8F43003F47E03C1F86A
:100DE000F430BDE81040FFF7C9BF2DE9F041002401
:100DF00080460F461601254640463946AA19FFF798
:100E0000E3FF4FF6FF73984206D0A8400135044334
:100E1000102DA4B2F0D100E004462046BDE8F081D8
:100E2000BF230B80FF2313807047013906291DD88B
:100E3000DFE801F0040A1C1C101C17002023438269
:100E400040238382802310E04023438283824FF437
:100E500080730AE060234382402383824FF4C0738F
:100E600003E01023438240238382038200207047E3
:100E700001390A2919D8DFE801F006080A0C0E1812
:100E800010181818130040230CE060230AE0802398
:100E900008E0A02306E0C02304E04FF4807301E0E3
:100EA0004FF4C073438220238382838A428A534350
:100EB0001B110382002070476FF01600704770B559
:100EC0000446058A8068F8F375F400210646A06898
:100ED000F9F320F2A2685369222B05DDC36C9B0550
:100EE0009B0D0733DB08A38510463146F9F312F258
:100EF000A38D6D00E81A023870BD70B50446806895
:100F00000D461646F9F394F030B120462946324694
:100F1000BDE87040FFF769BF06F5806635F816003A
:100F200080B270BDF8B50446806816460F46F8F3E7
:100F300041F400210546A068F9F3ECF13A46014678
:100F40002046FFF7DAFF29463080A068F9F3E2F186
:100F50000020F8BD01392DE9F84F044691461E46A0
:100F60000E2971D8DFE801F008187028707070340D
:100F70007070707070703B0090F82E20838B0AB1F7
:100F8000C58C00E0C58BED1AA369D9052ED5336851
:100F9000AB4233D3A78B36E090F82E20038C0AB1F6
:100FA000C58C00E0458CED1AA3699A051ED53368FF
:100FB000AB4223D3278C26E083694FF0020513F45C
:100FC000806F13D03368012B18D9876A02371AE073
:100FD000878CC58C8369ED1B13F4006F05E0878B4C
:100FE000C58C8369ED1B13F4407F04D135606FF02D
:100FF0001D00BDE8F88F3368AB4204D235606FF056
:101000000D00BDE8F88FA068F8F3D4F30021834603
:10101000A068F9F37FF14FF00008824609E008EB81
:10102000070220465146FFF768FF08F1010829F83A
:10103000020BA845F3D1A0685946F9F36BF1C6F845
:1010400000800020BDE8F88F6FF00100BDE8F88F48
:1010500073B50023ADF80430ADF80630836804465C
:101060005B690D46272B05DDCB691B051B0D1B118D
:10107000043B06E01B2B06D84FF492629A4002D53F
:101080000C2383620EE0242B01D0272B04D1238A6A
:101090007F2B05D80C2304E0172B01D0182B01DD82
:1010A0001423A362EB6903F4E023B3F5803F0ED071
:1010B0004FF00443AB61002300E00133AA69002A2A
:1010C0002E4A02DA9342F8D157E0934255D02B6969
:1010D000A26AA361033220462946FFF70EFF284B80
:1010E000A269000903401343A36103F44073002283
:1010F000B3F5407F84F82E2002D1012384F82E30EE
:10110000A36A0DF106020433A383238A2046E383F6
:10111000E38401A9FFF784FEBDF80620BDF8043082
:10112000D61AB6B216B1E3836384A284A369DB0541
:101130000AD520462946A26AFFF7DFFE000980B2E1
:1011400000B1E083E38B00E0A38B2384AEB920469B
:10115000FFF7B5FEA36900EBD070401060849805DE
:1011600009D5A26A204629460132FFF7C6FE0009CA
:101170006084A08401E0238CA3847CBD80969800C9
:1011800000FFFF00F8B543690546152B01D0162B6B
:101190003CDD2846F8F340F70646002836D12846BD
:1011A000F8F33CF7002833D02846F8F303F3314630
:1011B00007462846F9F3AEF00646EAF7FDF86B69F4
:1011C0000446302B04DDF16901F47041090B03E0A2
:1011D000A96901F46011C90C91B1F36903F4E0232A
:1011E0001B0C012B03D12046FFF742FE03E013B98D
:1011F0002046FFF71AFE20463146FFF729FF00E0A0
:101200000C4628463946F9F385F002E0002400E058
:1012100004462046F8BD08B54368DB68984708BD1A
:1012200008B543681B68984708BD73B50026044697
:101230000196EAF7C1F84C2231460546EEF3E6F195
:101240006369152B2B6001D0162B02D9EAF7B8F889
:1012500068606B68D3B1AC602046F8F313F7E860C0
:101260002046F8F3DBF6064620B92046012101AA04
:10127000F8F30AF76B6820461B699847054636B9AC
:101280002046314601AAF8F3FFF600E01D46284645
:101290007CBD2DE9F7439946002304460F4690464E
:1012A0000193F8F3BBF6054620B92046012101AAB7
:1012B000F8F3EAF62046F8F3B1F678B12046F8F3F1
:1012C000ABF658B92046FFF7B0FF50B14368394636
:1012D0005E6942464B46B047064604E06FF018068A
:1012E00001E04FF0FF3625B92046294601AAF8F360
:1012F000CBF63046BDE8FE838260416001607047F6
:101300002DE9F041541A012C0F461E46069D0EDDB4
:101310002046F3F391F1804670B139462246EEF350
:10132000F1F0C6F8008000202C60BDE8F0810020BC
:1013300018602860BDE8F0816FF01A00BDE8F08108
:101340000EB4F3B581680446012945D908AB40685D
:10135000079A0193EEF3A8F2431C064603D0A36854
:10136000023B984202DD0020A06036E060683D212B
:10137000EEF3CAF140B367682568C71B21E0284631
:101380003A46EEF3ABF0B0B9EB5D3D2B13D12846F6
:10139000EEF3E8F16268471C731CDB1B521BE91972
:1013A000D2182846EEF30EF16368DB1B6360A36876
:1013B000DF19A76008E02B4613F8012B1D46002A11
:1013C000FAD161688D42DAD3A368701C1B1AA3603E
:1013D00063681B18636000E00020BDE8FC4003B0B8
:1013E000704700002DE9F04FBBB01A9019911B9285
:1013F0001893002B02F01C874FF48050F3F31CF17C
:101400001290002802F0148737A812994FF48052E6
:10141000FFF772FF00214FF480521298EEF3F6F0BE
:10142000189A1168D9B10B78CBB1449A1368022B82
:1014300003D814E0013A026000E0449802688B1877
:1014400013F8014C1CB913F8023C002BF2D012988F
:10145000EEF358F04499389A0B68D3183893002368
:101460008DF89C304FF0FF321593139301231192A6
:10147000169302F0A8BE1999012251F8046B0023BB
:10148000199117921493179949B1F25C5F1C10924D
:10149000013AD2B2FD2A0FD8F55D9F1C0DE0F15C38
:1014A0004A1ED2B2FD2A109103D880220D46109216
:1014B00000E0179D5F1C00E000257B19B3F5607FFD
:1014C00082F27E86109B202B28D005D8152B0BD0BE
:1014D0001B2B42F0708664E01099222935D030D35E
:1014E000802942F0688667E0F3195A78F35D1202AA
:1014F000D318072B12DDBC1C34192246E14937A84A
:10150000FFF71EFF2046EEF32DF1FA1C1218DE49FC
:1015100037A8B218FFF714FF02F04DBEF419627835
:10152000F35D1202D21837A8D849FFF709FFE37814
:10153000A2781B0237A8D6499A18FFF701FF02F0DC
:101540003ABEF25D149202F036BE149B0C2B02F0F0
:101550002D869DF89C30002B42F02D86F35D042BE8
:1015600042F0298607F1020806EB08042046EEF354
:10157000B9F6002842F01F8616F80830DB0702F1A2
:101580001A8627A92046EEF325F31199013142F07E
:101590001286F3199A79DB791202D318119302F0AB
:1015A0000ABEF319DA799B7937A8BA4943EA0222CD
:1015B000FFF7C6FE02F0FFBDF35DF4198F2B02F2B8
:1015C000FA8501A252F823F0399301006B930100D0
:1015D0005594010015990100F19A0100D598010078
:1015E00053980100719801007B940100199B010040
:1015F0008D9B0100B59B0100C99B010057BC0100F8
:101600003B9A0100BB980100F7970100619C010023
:10161000A19C01004B930100E19C0100EF9C0100A3
:10162000119D01001F9D010017930100D992010037
:1016300057BC0100FD9401002D9D01001195010092
:1016400057BC010057BC010057BC0100439D01007D
:10165000879D01009B9D0100BD9E010081A00100AE
:1016600057BC010057BC010025A20100C99201002E
:10167000B9920100A99201009FA30100B3A3010048
:10168000C7A30100DBA3010057BC0100E99B0100D7
:10169000EF94010057BC010057BC0100ED9301001D
:1016A000A7A60100EFA301006B9D0100799D010039
:1016B000B5A601001DB4010057BC010057BC0100D4
:1016C00057BC010057BC01001D95010047A4010053
:1016D00071A40100B3A40100F1A401002FA5010031
:1016E0006DA50100ABA50100E9A50100FDA5010064
:1016F00057BC0100C595010057BC010057BC010053
:1017000057BC0100D79701003195010057BC01007B
:1017100057BC010057BC010057BC010071B4010067
:1017200057BC01000B9801002BA70100FBA701008B
:1017300051A901003BAA010025AB01005FAB0100EC
:10174000E7AB010035AC010043AD0100CDAE0100B7
:1017500079AF010025B001008FB401007B96010034
:101760003B97010071B00100ADB10100B9B20100B9
:10177000C5B30100D5B40100AFB60100E7B4010064
:1017800005B5010023B5010041B5010053B50100C5
:1017900065B5010077B5010089B50100F3B5010019
:1017A000FFB501000BB601002FBC010057BC0100C2
:1017B00057BC010057BC010057BC010057BC0100D9
:1017C00057BC010057BC010057BC010057BC0100C9
:1017D00011A6010085A6010057BC010057BC0100FD
:1017E00001B7010069B70100EFB7010075B801004A
:1017F000A1B90100B3B90100BFB90100E9B9010005
:10180000E1BA0100D9BB01004FEA950A5FFA8AFAF2
:101810004FF0000801F03CB84FEA55095FFA89F92A
:101820004FF0000801F005B84FEA55095FFA89F951
:101830004FF0000800F0EBBF07F1010806EB0804C9
:101840002046EEF34FF5002842F0B58416F8083034
:10185000D80702F1B084204627A9EEF3BBF1119B13
:10186000013342F0A884F3195A799B791202D318F4
:10187000119302F0A0BCA37862781B029A1811920F
:1018800002F099BCDE93020005890200378F020046
:10189000748A020043920200647837A8A549224660
:1018A0001694FFF74DFD02F086BCE37822791B0405
:1018B00043EA0263627837A81343A2789E4943EA59
:1018C0000222FFF73DFD02F076BCA2786378120297
:1018D000D2189A4937A8FFF733FD2279E37812022C
:1018E00037A89749D218FFF72BFD062D42F26384E3
:1018F000A2796379120237A89249D218FFF720FD26
:10190000082D42F25884237AE2791B0237A88E49C7
:101910009A18FFF715FD0A2D42F24D8407F10A08C7
:1019200007F1090416F80820335D1202D21837A80F
:101930008649FFF705FD16F80830325D1B0237A80F
:1019400083499A18FFF7FCFC02F035BC814B062254
:10195000B5FBF2F21A704FF00008994624E04346B6
:1019600010217D4A1DA8EDF3B7F6434610217B4AAE
:101970002FA8EDF3B1F66378A2781DA943EA0222FD
:1019800037A8FFF7DDFC6379A2791B0443EA026301
:10199000E27837A8134322792FA943EA0222FFF7FE
:1019A000CFFC08F10108063499F800309845D6DBE1
:1019B00002F001BC022D06D137A869496278FFF711
:1019C000BFFC02F0F8BBA37862781B0237A8644919
:1019D0009A18FFF7B5FC02F0EEBBA278637812020A
:1019E000042D1A4405D92379E1781B0609045B18F4
:1019F0001A4337A85B49FFF7A3FC062D42F2DB83AD
:101A0000F3199A7959791202082D0A4405D9197ADD
:101A1000DB7909061B04C9180A4337A85249FFF7A6
:101A20008FFC0A2D42F2C783F3199A7A597A12026F
:101A30000C2D0A4405D9197BDB7A09061B04C91849
:101A40000A4337A84949FFF77BFC02F0B4BB37A82B
:101A500047496278FFF774FC02F0ADBBA378627867
:101A60001B0237A83A499A18FFF76AFC02F0A3BB99
:101A700001350021EDB2179102F09DBBA378627889
:101A800037A83C4942EA0322FFF75AFC02F093BB15
:101A900094F803A023794FEA0A4A4AEA036A637872
:101AA000B5F1050B4AEA030A48BFA5F1020BA3787A
:101AB0004FEAAB0B4AEA032A5FFA8BFB4FF00008B0
:101AC00024E043441021244A2FA8EDF305F699F8A9
:101AD000003010214344214A1DA8EDF3FDF5524684
:101AE0002FA937A8FFF72CFCE37822791B0443EADF
:101AF0000263627837A81343A2781DA943EA022241
:101B0000FFF71EFC0AF1040A08F10108DFF844900F
:101B10000434D84599F80030D3DB9B4489F800B0F1
:101B200002F049BB0B4BEA081A704FF000089946C7
:101B30004DE000BF2C94020034900200628D020040
:101B40005A9402008E8A02008D870200889002005B
:101B5000FF8F020028610100003E01000B3E0100E2
:101B60001F930200D98D0200238A0200348A0200EA
:101B7000298B0200AF8D020043461021B14A1DA8F7
:101B8000EDF3AAF543461021AF4A2FA8EDF3A4F5D3
:101B9000E37822791B0443EA026362781DA91343A8
:101BA000A27837A843EA0222FFF7CAFBE379227A38
:101BB0001B0443EA0263627937A81343A2792FA971
:101BC00043EA0222FFF7BCFB08F10108083499F848
:101BD00000309845D0DB02F0EEBA94F803A02379E8
:101BE0004FEA0A4A4AEA036A6378B5F1050B4AEA02
:101BF000030A48BF05F1020BA3784FEAEB0B4AEA50
:101C0000032A5FFA8BFB4FF000083BE043441021AE
:101C10008C4A2FA8EDF360F599F800301021434469
:101C20008A4A1DA8EDF358F599F800301021434475
:101C3000874A33A8EDF350F552462FA937A8FFF78E
:101C40007FFBE379227A1B0443EA0263627933A9BA
:101C50001343A27937A843EA0222FFF771FBE37A24
:101C6000227B1B0443EA0263627A37A81343A27AF9
:101C70001DA943EA0222FFF763FB0AF1080A08F1F3
:101C800001080834DFF8CC91D84599F80030BDDB65
:101C90009B4489F800B002F08EBA6E4B0C22B5FB63
:101CA000F2F21A704FF0000899463EE043461021C8
:101CB000644A33A8EDF310F543461021634A1DA88A
:101CC000EDF30AF543461021614A2FA8EDF304F520
:101CD000E37822791B0443EA0263627833A9134351
:101CE000A27837A843EA0222FFF72AFBE379227A97
:101CF0001B0443EA026362792FA91343A27937A830
:101D000043EA0222FFF71CFBE37A227B1B0443EA2F
:101D10000263627A37A81343A27A1DA943EA02221A
:101D2000FFF70EFB08F101080C3499F800309845D4
:101D3000BCDB02F040BAE37822791B0443EA026379
:101D4000627837A81343A278434943EA0222FFF797
:101D5000F7FA02F030BAA378627837A83F4942EA2E
:101D60000322FFF7EDFA02F026BA4FF00509B5FBA2
:101D7000F9F95FFA89F94FF0000816E0637810214D
:101D8000374A2FA8EDF3A8F4237962791B0443EABC
:101D90000263A27837A81343E2782FA943EA02220C
:101DA000FFF7CEFA08F101080534C845E6DB02F07A
:101DB00002BA37A82B496278FFF7C2FA022D42F225
:101DC000FA8137A82849A278FFF7BAFA02F0F3B9E6
:101DD000002237A825496378FFF7B2FA022D42F2B4
:101DE0002D82012237A82149A378FFF7A9FA032DF4
:101DF00002F02482022237A81C49E378FFF7A0FAF8
:101E0000042D02F0D681032237A818492379FFF761
:101E100097FA0122139202F0CEB9627837A81249DC
:101E2000FFF78EFA37A811490122A378FFF788FA45
:101E300002F0C1B937A80E496278FFF781FA02F0C3
:101E4000BAB900BF003E01000B3E0100163E010082
:101E5000223E01002861010045870200299002000E
:101E60002E3E01006A8A0200319102009C87020026
:101E70005A8B0200AB1E0E2B02F29D8101A151F87C
:101E800023F000BF6199010057BC010057BC01005D
:101E900057BC010057BC0100D9990100A799010066
:101EA000879901006F99010057BC010057BC0100E0
:101EB000D9990100A7990100879901006F99010044
:101EC00037A8A9496278FFF73BFA02F074B937A83E
:101ED000A649627AFFF734FA0C2D8CBF4FF009083F
:101EE0004FF0000801E04FF00008F31937A89E49B1
:101EF0001A7AFFF725FA0C2D07D9B8F1000F08BFA1
:101F00004FF0080801E04FF0000807F10709984971
:101F100016F8092037A8FFF713FA002237A89549C9
:101F200016F80930FFF70CFA0C2D07D9B8F1000F9D
:101F300008BF4FF0070801E04FF000084FF000091C
:101F4000A27863788C491202494437A8D21809F163
:101F50000909FFF7F5F90234B9F11B0FF0D10C2D87
:101F600042F22981B8F1000F08BF4FF00608834CF8
:101F7000B844B04404F1240998F8022098F80130DC
:101F80001202214637A8D2180C34FFF7D9F94C4574
:101F900008F10208F0D102F00EB9142D19D0172D56
:101FA00003D0132D42F0078119E006EB07087449AE
:101FB00098F8162037A8FFF7C3F9724998F815204A
:101FC00037A8FFF7BDF937A86F4998F81420FFF735
:101FD000B7F9F31937A86D49DA7CFFF7B1F9A946CB
:101FE000A2464FF000082546AA786B78684912028D
:101FF000414437A8D21808F10908FFF7A1F90235C2
:10200000B8F11B0FF0D14D464FF00008227AE3796A
:1020100060491202414437A8D21808F10B08FFF7B3
:102020008FF90234B8F1210FF0D100249AF80E2074
:102030009AF80D3058491202091937A8D2180B34F2
:10204000FFF77EF9212C0AF1020AEFD102F0B3B8B2
:10205000E1786278A3780091217937A801916179BC
:102060000291A1790391E1790491217A05914B497B
:10207000FFF766F902F09FB8A9464FF00008254621
:1020800015F8013FFF2B04D037A845494246FFF71A
:1020900057F908F10108B8F1040FF1D1B9F10C0FAB
:1020A0004D4642F2888004EB08035B78FF2B04D096
:1020B00037A83B494246FFF743F908F10108B8F158
:1020C0000C0FF0D1102D42F2768004EB08035B7800
:1020D000FF2B04D037A832494246FFF731F908F107
:1020E0000108B8F1100FF0D102F065B8627837A896
:1020F0000AB1A3781BB92B49FFF722F902E02A495C
:10210000FFF71EF9F31937A82849DA78FFF718F90D
:1021100002F051B8A378627837A8254942EA032231
:10212000FFF70EF902F047B8E37822791B0443EA7F
:102130000263627837A81343A2781E4943EA022259
:10214000FFF7FEF802F037B837A81B496278FFF7AF
:10215000F7F8022D42F22F8037A81849A278FFF72E
:10216000EFF802F028B800BF368E0200D38E0200CE
:102170009B9302004A890200D38B0200B38F0200B6
:10218000BD8D0200E6900200E7860200C68B0200C9
:10219000E98D020096900200B7860200A687020031
:1021A000458A02003992020084950200A78C020041
:1021B0003C8D0200CB870200A7940200E894020045
:1021C0007C1C325D37A8764902F00F02FFF7B8F8A1
:1021D000325D37A81209BC1C7249FFF7B1F8325DB5
:1021E00037A8714902F00702FFF7AAF8325D37A855
:1021F000D2086E4902F00302FFF7A2F801F0DBBF3C
:102200007C1C325D37A86A4902F00F02FFF798F88C
:10221000325D37A81209BC1C6649FFF791F8325DA0
:1022200037A8654902F00702FFF78AF8325D37A840
:10223000D208624902F00302FFF782F801F0BBBF47
:1022400037A85F496278FFF77BF801F0B4BF627886
:1022500037A85C49FFF774F8A27837A85A49FFF706
:102260006FF837A85949E278FFF76AF801F0A3BF81
:1022700037A857496278FFF763F801F09CBF37A889
:1022800054496278FFF75CF801F095BFA278637853
:10229000120637A8504942EA0322FFF751F801F02D
:1022A0008ABF627837A84D49FFF74AF8A27837A865
:1022B0004B49FFF745F82379E2781B0237A84949D3
:1022C0009A18FFF73DF801F076BF37A846496278C3
:1022D000FFF736F801F06FBF37A844496278FFF77F
:1022E0002FF801F068BFA37862781B0237A8404935
:1022F0009A18FFF725F801F05EBF94F80280637822
:102300004FEA082898441FFA88F83A494FEAD82239
:1023100037A8FFF715F808F4E062120A364937A823
:10232000FFF70EF808F0F802D208344937A8FFF793
:1023300007F808F006025208314937A8FFF700F8FD
:1023400037A8304908F00102FEF7FAFF042D41F2E8
:1023500032872379E4781B021C19A4B2E20A37A859
:102360002949FEF7EDFF04F4E062120A37A8274975
:10237000FEF7E6FF04F0F802D20837A82449FEF77A
:10238000DFFF04F00602520837A82249FEF7D8FF03
:1023900037A8214904F00102FEF7D2FF01F00BBF7C
:1023A000F487020042880200C68E020039880200CB
:1023B000BF94020038870200558C0200438E020051
:1023C00093920200E6930200478D0200D49302002C
:1023D000B7930200E78E0200AC8E0200048E02006A
:1023E000CC8D02000E900200438F0200F294020096
:1023F0009B8C0200F5880200CC9402006D870200DD
:10240000E4880200D994020076920200888B0200D0
:10241000E3890200F18E0200A89302000022637893
:10242000674937A8FEF78CFF4FF000086549A2788E
:1024300037A8FEF785FFCDF800802279E3781202F5
:10244000D318019302226049434637A8FEF778FF6C
:10245000CDF80080A27963791202D3180193022289
:102460000123594937A8FEF76BFFCDF80080227A87
:10247000E3791202D3180222019337A85249134676
:10248000FEF75EFF1E2D41F29686627A37A84F490D
:10249000FEF756FFA27A37A84D49FEF751FFE27AC0
:1024A00037A84C49FEF74CFF227B37A84A49FEF774
:1024B00047FFCDF80080A27B637B1202D318019303
:1024C0000522434637A84049FEF73AFFCDF8008081
:1024D000227CE37B1202D31801930522012337A843
:1024E0003949FEF72DFFCDF80080A27C637C1202F3
:1024F000D31801930522022337A83349FEF720FFA2
:10250000CDF80080CDF80480227DE37C1202D31840
:10251000029305226C234FF0010937A82F49FEF7DB
:102520000FFFCDF80090CDF80480A27D637D1202EC
:10253000D318029305226C234FF0020A37A82749CB
:10254000FEF7FEFECDF800A0CDF80480227EE37DEC
:102550001202D318029305226C2337A81F49FEF7F5
:10256000EFFECDF80080CDF80480A27E637E1202DB
:10257000D31802930522682337A81849FEF7E0FE16
:10258000CDF80090CDF80480227FE37E1202D318AC
:102590000293052237A868231049FEF7D1FECDF833
:1025A00000A0CDF80480A37F627F1B029B180293DA
:1025B00037A80A4905226823FEF7C2FE01F0FBBDD9
:1025C0004A8902002C880200A6860200E4910200DB
:1025D000C2920200409002007B9402002692020008
:1025E000012263789C4937A8FEF7AAFE4FF0010844
:1025F0009A49A27837A8FEF7A3FECDF80080227989
:10260000E3781202D318019302220023944937A8D9
:10261000FEF796FECDF80080A27963791202D318F6
:10262000019302228E49434637A8FEF789FECDF872
:102630000080227AE3791202D3180222019337A88C
:1026400087491346FEF77CFE1E2D41F2B485627A5F
:1026500037A88449FEF774FEA27A37A88249FEF7AC
:102660006FFEE27A37A88149FEF76AFE227B37A81F
:102670007F49FEF765FECDF80080A27B637B1202E6
:10268000D31801930522002337A87549FEF758FE99
:10269000CDF80080227CE37B1202D318019305223F
:1026A000434637A86E49FEF74BFECDF80080A27C6A
:1026B000637C1202D3180193052202234FF0000914
:1026C00037A86749FEF73CFECDF80090CDF80480AE
:1026D000227DE37C1202D318029305226C2337A8D3
:1026E0006449FEF72DFECDF80080CDF80480A27D70
:1026F000637D1202D318029305226C234FF0020A65
:1027000037A85C49FEF71CFECDF800A0CDF8048088
:10271000227EE37D1202D318029305226C2337A890
:102720005449FEF70DFECDF80090CDF80480A27E4E
:10273000637E1202D31802930522682337A84D49FD
:10274000FEF7FEFDCDF80080CDF80480227FE37E09
:102750001202D3180293052237A868234549FEF7D1
:10276000EFFDCDF800A0CDF80480A37F627F1B02AF
:102770009B18029337A83F4905226823FEF7E0FD26
:1027800001F019BDA27863781202D2183A4937A82D
:10279000FEF7D6FDA279637912061B04D2182379BD
:1027A00037A81B02D218E3783449D218FEF7C8FDC7
:1027B000122D41F20085A27A637A12061B04D21808
:1027C000237A37A81B02D218E3792D49D218FEF7D5
:1027D000B7FDA27B637B12061B04D218237B37A8AC
:1027E0001B02D218E37A2749D218FEF7A9FDA27C72
:1027F000637C12061B04D318227C37A812029B1894
:10280000E27B21499A18FEF79BFD01F0D4BCA27827
:1028100063781202D31800930222434637A81B495B
:1028200008F10108FEF78CFD0234C845EFDD01F028
:10283000C2BCA27863781202D318009305224346E3
:1028400037A8124908F10108FEF77AFD0234C8459D
:10285000EFDD01F0B0BC00BF4A890200DA8E020051
:10286000A6860200F2910200CF9202004B94020071
:102870008A94020026920200869202009886020044
:10288000169102008C930200028F0200138A02004C
:10289000CDF80080A27863781202D3180193052244
:1028A0006C2337A8BB4908F10108FEF749FD023443
:1028B000D045EDDD4FEA55095FFA89F909F1010BC1
:1028C00009F10209B944BB4406EB09044FF00008C2
:1028D000CDF800802278C9EB040313F80B30120204
:1028E000D31801930522682337A8AA4908F10108E3
:1028F000FEF726FD0234D045EADD01F05CBCA3788A
:1029000062781B0237A8A4499A18FEF719FD01F056
:1029100052BCA37862781B0237A8A0499A18FEF728
:102920000FFD01F048BCA37862781B0237A89C49D0
:102930009A18FEF705FD01F03EBCA37862781B02F1
:1029400037A898499A18FEF7FBFC01F034BC2279AD
:10295000E37812061B04D218A37837A81B02D218FA
:1029600063789149D218FEF7EBFC227AE3791206DC
:102970001B04D218A37937A81B02D21863798B499C
:10298000D218FEF7DDFC227BE37A12061B04D31873
:10299000A27A37A812029B18627A85499A18FEF724
:1029A000CFFC01F008BCA2786378120237A88149F5
:1029B000D218FEF7C5FC042D41F2FD832379E2789D
:1029C0001B0237A87C499A18FEF7BAFC01F0F3BB4A
:1029D0002279E37812061B04D218A37837A81B02C9
:1029E000D21863787549D218FEF7AAFC062D41F279
:1029F000E283227AE37912061B04D318A27937A85E
:102A000012029B1862796E499A18FEF799FC01F040
:102A1000D2BBDFF8BC914FF00108A84581F2CB830F
:102A20002279E37812061B04D218A37849461B02C8
:102A3000D218637837A8D21808F10408FEF780FC92
:102A40000434B8F1190F09F11809E6D101F0B3BB4C
:102A5000DFF880914FF00108A84581F2AC8322791C
:102A6000E37812061B04D218A37849461B02D21839
:102A7000637837A8D21808F10408FEF761FC043423
:102A8000B8F10D0F09F11309E6D101F094BBDFF89D
:102A900048914FF00108A84581F28D832279E378AF
:102AA00012061B04D218A37849461B02D218637879
:102AB00037A8D21808F10408FEF742FC0434B8F134
:102AC0000D0F09F11409E6D101F075BBDFF80C9187
:102AD0004FF00108A84581F26E832279E37812064F
:102AE0001B04D218A37849461B02D218637837A872
:102AF000D21808F10408FEF723FC0434B8F10D0FD6
:102B000009F11409E6D101F056BBDFF8D4904FF07B
:102B10000108A84581F24F832279E37812061B044D
:102B2000D218A37849461B02D218637837A8D21866
:102B300008F10408FEF704FC0434B8F10D0F09F1A4
:102B40001409E6D101F037BBA37862781B0237A8DD
:102B50001C499A18FEF7F4FB01F02DBBA3786278AC
:102B60001B0237A818499A18FEF7EAFB01F023BBAD
:102B70002279E37812061B04D318A2786478120233
:102B80009B1837A8114901221B19FEF7D9FB01F048
:102B900012BB00BF00920200F48F0200B790020047
:102BA0008089020059890200169102008C9302006C
:102BB000028F02009C920200AF920200A9910200D3
:102BC000C0910200B98E0200379402003B910200CE
:102BD000998A0200628C02009788020048950200E0
:102BE000F09302002279E37812061B04D318A2782E
:102BF000647812029B1837A8974902221B19FEF726
:102C00009FFB01F0D8BA37A894496278FEF798FB89
:102C100001F0D1BA9249627807F1020837A8FEF7AD
:102C20008FFB16F808208F49120937A8FEF788FB9A
:102C300016F8082037A88C4902F00F02FEF780FB37
:102C4000032D41F2B882E27837A88849FEF778FB75
:102C500007F10508227937A88549FEF771FB16F8B8
:102C6000082037A892088349FEF76AFB16F8082067
:102C700037A8814902F00302FEF762FB37A87F49BB
:102C8000A279FEF75DFB01F096BA94F802806378B2
:102C90004FEA082898441FFA88F84FEAD82237A844
:102CA0007749FEF74DFB08F4806302229B0A37A8A0
:102CB0007449FEF745FB08F4007302225B0A37A84B
:102CC0007149FEF73DFB08F4F87302221B0937A88F
:102CD0006E49FEF735FB08F00E0302225B0837A8A9
:102CE0006B49FEF72DFB022208F0010337A8694962
:102CF000FEF726FB2379E4781B021C19A4B2E20A32
:102D000037A86549FEF71CFB04F4806305229B0A83
:102D100037A85C49FEF714FB04F4007305225B0A34
:102D200037A85949FEF70CFB04F4F87305221B0978
:102D300037A85649FEF704FB04F00E0305225B0892
:102D400037A85349FEF7FCFA37A85249052204F088
:102D50000103FEF7F5FA01F02EBAA27863781202A9
:102D6000D21837A84D49FEF7EBFA94F804E0E3785F
:102D70004FEA0E2E0022734437A84949FEF7E0FAC5
:102D8000217AE27909028A1894F806E063790092C0
:102D9000A17A627A09024FEA0E2E8A1873440192D0
:102DA00037A800223F49FEF7CBFA227BE37A009254
:102DB000627B37A80192A27B3B4902920022FEF778
:102DC000BFFAA17C627C09028A1894F810E0E37BC8
:102DD0000092217DE27C09028A180192A17D627D28
:102DE00009028A180292217EE27D09028A18039262
:102DF000A17E627E09028A180492217FE27E090286
:102E00008A180592A17F627F09028A18069294F8B7
:102E10002010E27F09028A18079294F8221094F891
:102E2000212009028A18089294F8241094F823208B
:102E300009028A18099294F8262094F825101202A3
:102E400052184FEA0E2E0A9237A8184900227344EE
:102E5000FEF776FA01F0AFB93B910200508D020007
:102E6000808A0200328B0200FF890200D7870200AD
:102E7000958B0200099102008791020012920200D4
:102E80006E8D02009B910200118F0200D79102000B
:102E900099940200C1930200D8860200458C02007A
:102EA0004A89020021870200A88B0200EE8B0200F3
:102EB00094F802E063784FEA0E2E0122734437A89B
:102EC000AA49FEF73DFAA179627909028A1894F8B5
:102ED00004E0E3780092217AE27909024FEA0E2EAB
:102EE0008A187344019237A80122A149FEF728FAF3
:102EF000A27A637A0092E27A37A80192227B9D49F6
:102F000002920122FEF71CFA217CE27B09028A1858
:102F100094F80EE0637B0092A17C627C09028A181F
:102F20000192217DE27C09028A180292A17D627DD4
:102F300009028A180392217EE27D09028A1804920E
:102F4000A17E627E09028A180592217FE27E090233
:102F50008A180692A17F627F09028A18079294F864
:102F60002010E27F09028A18089294F8221094F83F
:102F7000212009028A18099294F8242094F8231039
:102F8000120252184FEA0E2E0A9237A87A490122ED
:102F90007344FEF7D5F901F00EB994F802E06378B6
:102FA0004FEA0E2E0222734437A87049FEF7C8F983
:102FB000A179627909028A1894F804E0E378009212
:102FC000217AE27909024FEA0E2E8A18734401929F
:102FD00037A802226649FEF7B3F9A27A637A009213
:102FE000E27A37A80192227B624902920222FEF71E
:102FF000A7F9217CE27B09028A1894F80EE0637B32
:103000000092A17C627C09028A180192217DE27CF7
:1030100009028A180292A17D627D09028A18039230
:10302000217EE27D09028A180492A17E627E090255
:103030008A180592217FE27E09028A180692A17FF2
:10304000627F09028A18079294F82010E27F090231
:103050008A18089294F8221094F8212009028A18FC
:10306000099294F8242094F82310120252184FEA7F
:103070000E2E0A9237A8404902227344FEF760F9E7
:1030800001F099B8627837A83C49FEF759F9012256
:10309000A37837A83A49FEF753F90222E37837A814
:1030A0003749FEF74DF96379227903F001031B02DA
:1030B00037A834499A18FEF743F901F07CB8A27892
:1030C00063781202D31800932822002337A82E49D0
:1030D000FEF736F92279E3781202D31800932822FA
:1030E000012337A82849FEF72BF9A2796379120248
:1030F000D31800932822022337A82349FEF720F98A
:10310000227AE3791202D31800935022002337A8C1
:103110001D49FEF715F9A27A637A1202D3180093BB
:103120005022012337A81849FEF70AF9237BE27AD7
:103130001B029B18009337A8134950220223FEF765
:10314000FFF801F038B8A27863781202D21837A8D5
:103150000E49FEF7F5F82379E2781B0237A80C49EF
:103160009A18FEF7EDF801F026B800BF4A89020070
:1031700021870200A88B0200EE8B0200E587020087
:10318000F48602002D930200F590020011880200DF
:103190005292020094F804E0E3784FEA0E6E1B04AA
:1031A0009E44A3786C221B029E44637837A8734424
:1031B0009749FEF7C5F894F808E0E3794FEA0E6EF8
:1031C0001B049E44A3796C221B029E44637937A89A
:1031D00073449049FEF7B4F894F80CE0E37A4FEAB0
:1031E0000E6E1B049E44A37A6D221B029E44637ADA
:1031F00037A873448649FEF7A3F894F810E0E37B00
:103200004FEA0E6E1B049E44A37B6D221B029E445C
:10321000637B37A873447F49FEF792F894F814E073
:10322000E37C4FEA0E6E1B049E44A37C68221B02C3
:103230009E44637C37A873447549FEF781F894F87F
:1032400018E0E37D4FEA0E6E1B049E44A37D6822C6
:103250001B029E44637D37A873446E49FEF770F8E5
:1032600094F81AE0637E4FEA0E2E6C22734437A85E
:103270006949FEF765F894F81CE0E37E4FEA0E2EEC
:103280006D22734437A86449FEF75AF8A37F647F20
:103290001B0237A8604968221B19FEF751F800F09D
:1032A0008ABF94F802E063784FEA0E2E73446822D6
:1032B00037A85A49FEF744F82279E3781202D31866
:1032C000009368226C2337A85549FEF739F8A27994
:1032D00063791202D318009368226C2337A85149EE
:1032E000FEF72EF8227AE3791202D31800936822AF
:1032F0006D2337A84A49FEF723F8A27A637A1202AF
:10330000D318009368226D2337A84649FEF718F8B2
:10331000227BE37A1202D3186822009337A813465F
:103320003F49FEF70DF8A27B637B1202D318682297
:10333000009337A813463B49FEF702F894F810E0D3
:10334000E37B4FEA0E2E73446C2237A83349FDF716
:10335000F7FFA27C637C1202D3186C22009337A87B
:1033600013462F49FDF7ECFF227DE37C1202D318B0
:103370006C22009337A813462A49FDF7E1FFA27D8E
:10338000637D1202D31800936C2207F118086D2395
:1033900037A82349FDF7D4FF16F80820E37D120271
:1033A000D31800936C226D2307F11A0937A81D4921
:1033B000FDF7C6FF16F80920637E1202D3180093AA
:1033C0006C22682337A81649FDF7BAFF227FE37EF7
:1033D0001202D31800936C22682337A81149FDF715
:1033E000AFFFA37F16F808E01B026822734437A8DA
:1033F0000D49FDF7A5FF94F8203016F809401B028F
:1034000037A809496C221B19FDF79AFF00F0D3BEBB
:10341000328C02008F950200DC920200248F0200A1
:10342000D78F0200428B0200688B02006378002273
:1034300037A8AA4903F01F03FDF782FFA3780122F2
:1034400037A8A64903F01F03FDF77AFFE3780222AD
:1034500037A8A24903F01F03FDF772FF62792379B1
:1034600002F01F020092A27937A802F01F02019217
:10347000E2799B4902F01F02029203F01F0300222F
:10348000FDF75EFF627A237A02F01F020092A27AB1
:1034900037A802F01F020192E27A914902F01F025E
:1034A000029203F01F030122FDF74AFF627B237B98
:1034B00002F01F020092A27B37A802F01F020192C5
:1034C000E27B874902F01F02029203F01F030222EF
:1034D000FDF736FF00F06FBE6378002237A8814900
:1034E00003F03F03FDF72CFFA378012237A87D49A5
:1034F00003F01F03FDF724FFE378022237A8794980
:1035000003F01F03FDF71CFF6279237902F03F02ED
:103510000092A27937A802F03F020192E279724943
:1035200002F03F02029203F03F030022FDF708FF82
:10353000627A237A02F01F020092A27A37A802F080
:103540001F020192E27A684902F01F02029203F020
:103550001F030122FDF7F4FE627B237B02F01F02B2
:103560000092A27B37A802F01F020192E27B5E4923
:1035700002F01F02029203F01F030222FDF7E0FE99
:1035800000F019BE0022637837A85849FDF7D8FE2D
:103590000122A37837A85549FDF7D2FE0222E3782D
:1035A00037A85249FDF7CCFE0022237937A85049AD
:1035B000FDF7C6FE0122637937A84D49FDF7C0FE2D
:1035C00037A84B490222A379FDF7BAFE00F0F3BDFC
:1035D00094F8028063784FEA082898441FFA88F824
:1035E0004FEAD83300930522002337A84149FDF75D
:1035F000A7FE08F4F043DB1200930522002337A84E
:103600003D49FDF79DFE08F4E0631B12009305227F
:10361000002337A83949FDF793FE08F08003DB113A
:1036200000930222002337A83249FDF789FE08F0F3
:103630007803DB1000930222002337A82E49FDF700
:103640007FFE08F0070300930222002337A82B49CE
:10365000FDF776FE2379E4781B021C19A4B24FF023
:1036600000084FEAD4390522682337A8244904F416
:10367000F04A4FEAEA2A8DE8000304F4E064FDF71B
:103680005FFE0522682337A81E4924128DE8000535
:10369000FDF756FE682337A81B490522CDF80080A8
:1036A0000194FDF74DFE052237A86D2314498DE8DE
:1036B0000003FDF745FE05226D2337A811498DE86B
:1036C0000005FDF73DFE37A80F4905226D23CDF813
:1036D00000800194FDF734FE00F06DBDB18C020056
:1036E0006689020032890200C39002004C8E0200FB
:1036F0007D8B020005930200659402004F9002004A
:1037000005870200528A0200118E020094F802809E
:1037100063784FEA082898441FFA88F84FEAD833AC
:1037200000930522012337A8B549FDF709FE08F4E7
:10373000F043DB1200930522012337A8B149FDF7BE
:10374000FFFD08F4E0631B1200930522012337A854
:10375000AD49FDF7F5FD08F08003DB11009302226F
:10376000012337A8A649FDF7EBFD08F07803DB102D
:1037700000930222012337A8A249FDF7E1FD08F0DA
:10378000070300930222012337A89F49FDF7D8FDC4
:103790002379E4781B021C19A4B24FF001084FEA08
:1037A000D4390522682337A8984904F4F04A4FEA2F
:1037B000EA2A8DE8000304F4E064FDF7C1FD052268
:1037C000682337A8924924128DE80005FDF7B8FD5B
:1037D000682337A88F490522CDF800800194FDF7B2
:1037E000AFFD052237A86D2388498DE80003FDF75A
:1037F000A7FD05226D2337A885498DE80005FDF753
:103800009FFD37A8834905226D23CDF800800194E0
:10381000FDF796FD00F0CFBC94F8028063784FEA84
:10382000082898441FFA88F84FEAD83300930522F5
:10383000022337A87249FDF783FD08F4F043DB1239
:1038400000930522022337A86E49FDF779FD08F49D
:10385000E0631B1200930522022337A86A49FDF793
:103860006FFD08F080030222DB11009337A8134696
:103870006349FDF765FD08F078030222DB10009331
:1038800037A813465F49FDF75BFD022208F00703E6
:10389000009337A813465C49FDF752FD2379E4787D
:1038A0001B021C19A4B24FF002084FEAD4390522BA
:1038B000682337A8554904F4F04A4FEAEA2A8DE80C
:1038C000000304F4E064FDF73BFD0522682337A8FC
:1038D0004F4924128DE80005FDF732FD05226823CB
:1038E00037A84C49CDF800800194FDF729FD6D23E0
:1038F00037A8464905228DE80003FDF721FD052282
:1039000037A86D2342498DE80005FDF719FD37A85A
:10391000404905226D23CDF800800194FDF710FD8C
:1039200000F049BC94F802E063784FEA0E2E28229A
:10393000734437A83849FDF703FD94F804E0E378B1
:103940004FEA0E2E2822734437A83449FDF7F8FCBD
:1039500094F806E063794FEA0E2E5022734437A89C
:103960002D49FDF7EDFC237AE4791B0237A82B499A
:1039700050221B19FDF7E4FC00F01DBCA27863780F
:103980000092E2782521019222791DA802926279A3
:103990000392A2790492E2790592227A0692627ADF
:1039A0000792A27A0892E27A0992227B0A92627BBB
:1039B0000B92A27B0C92E27B0D92227C0E92184A13
:1039C000EBF38AF637A817491DAAFDF7B9FCF2E315
:1039D0007C1C325D37A8144902F07F02FDF7B0FC71
:1039E000325D37A81149D209FDF7AAFCE3E3A378B9
:1039F000627837A80E4942EA0322FDF7A1FCDAE318
:103A000005930200659402004F90020005870200B2
:103A1000528A0200118E02004C91020014890200A9
:103A20003A3E010068910200B294020066920200E0
:103A300070910200A378627837A8944942EA032281
:103A4000FDF77EFCB7E3E37822791B0443EA0263C7
:103A5000627837A81343A2788D4943EA0222FDF722
:103A60006FFCA8E3E37822791B0443EA02636278DF
:103A700037A81343A278874943EA0222FDF760FC86
:103A800099E3E37822791B0443EA0263627837A85A
:103A90001343A278804943EA0222FDF751FC8AE3EE
:103AA000A378627837A87D4942EA0322FDF748FCF3
:103AB00081E3A378627837A8794942EA0322FDF7C7
:103AC0003FFC78E3A378627837A8764942EA03227C
:103AD000FDF736FC6FE3A378627837A8724942EAB3
:103AE0000322FDF72DFC66E394F801905FEA990943
:103AF00000F061834FF00008A179E279090294F89F
:103B000003E041EA0241627923790A434FEA0E2E2B
:103B10004EEA034EA3780092617AA27A090241EA42
:103B20000241227A37A80A430192217B627B090273
:103B300041EA0241E27A4EEA03030A4302925B49F8
:103B4000424608F10108FDF7FBFB0C34C845D3DB06
:103B500031E337A856496278FDF7F2FB2BE337A82B
:103B600054496278FDF7ECFB25E3227AE179237969
:103B70001143A27994F803E0114362794EEA030EEF
:103B8000A3780A434EEA030E63780092227BE17A1F
:103B90004EEA03031143A27A37A81143627A0A431B
:103BA0000192227CE17B1143A27B1143627B0A4399
:103BB000029241490022FDF7C3FB227EE17D237D75
:103BC0001143A27D94F813E01143627D4EEA030E87
:103BD000A37C0A434EEA030E637C0092227FE17EBF
:103BE00037A81143A27E4EEA03031143627E0A43C3
:103BF000019294F82020E17F1143A27F0A43617F64
:103C00000A4302922C490122FDF79AFBD3E2A378E2
:103C100064781B021C19A4B204F00F03009328223D
:103C2000002337A82549FDF78BFB04F0F0031B1197
:103C300000932822012337A82049FDF781FB04F4D3
:103C400070631B1200932822022337A81B49FDF73B
:103C500077FB37A81A492822E30BFDF771FBAAE28C
:103C60002179E27809028A1894F802E063780092D8
:103C7000A2796179120252184FEA0E2E019237A8EA
:103C8000104900227344FDF75BFB94E2D3880200E5
:103C90003F930200579302006F930200588E020078
:103CA0006D8E0200828E0200978E020068900200E4
:103CB00024910200D4890200798D0200998D0200BE
:103CC000ED920200538702002179E27809028A18F6
:103CD00094F802E063780092A179627909028A1867
:103CE0000192217AE27909028A180292A17A627A13
:103CF00009028A180392217BE27A09028A18049247
:103D0000A17B627B09028A180592217CE27B090271
:103D10008A180692A17C627C09028A180792217D8A
:103D2000E27C09028A180892A17D627D09028A1844
:103D30000992227EE17D120252184FEA0E2E0A925B
:103D400037A87B4900227344FDF7FAFA33E2217960
:103D5000E27809028A1894F802E063780092A17967
:103D6000627909028A180192217AE27909028A1895
:103D70000292A17A627A09028A180392217BE27A7E
:103D800009028A180492A17B627B09028A180592B3
:103D9000217CE27B09028A180692A17C627C0902DE
:103DA0008A180792217DE27C09028A180892A17D77
:103DB000627D09028A180992227EE17D1202521860
:103DC0004FEA0E2E0A9237A85A4900227344FDF793
:103DD000B7FAF0E12179E27809028A1894F802E052
:103DE00063780092A179627909028A180192217A96
:103DF000E27909028A180292A17A627A09028A1883
:103E00000392217BE27A09028A180492A17B627BE9
:103E100009028A180592217CE27B09028A1806921F
:103E2000A17C627C09028A180792217DE27C09024A
:103E30008A180892A17D627D09028A180992217E62
:103E4000E27D09024FEA0E2E8A180A92734400227C
:103E500037A83949FDF774FA217FE27E09028A18F2
:103E600094F81AE0637E0092A17F627F09028A18AB
:103E7000019294F82010E27F09028A18029294F8C5
:103E8000221094F8212009028A18039294F8241031
:103E900094F8232009028A18049294F8261094F8C2
:103EA000252009028A18059294F8281094F82720F2
:103EB00009028A18069294F82A1094F82920090217
:103EC0008A18079294F82C1094F82B2009028A186B
:103ED000089294F82E1094F82D2009028A1809925D
:103EE00094F8302094F82F10120252184FEA0E2E38
:103EF0000A9237A8104901227344FDF721FA5AE1CA
:103F0000A37862781B0237A80C499A18FDF718FAB3
:103F100051E137A80A496278FDF712FA4BE1A3781C
:103F2000627837A8074942EA0322FDF709FA42E11D
:103F30004F8802008C890200FE940200458C02002A
:103F4000018802007E870200E2782379120442EAA7
:103F500003626378217A1A43E379207B1B0443EAE6
:103F60000163617994F802C00B43E17A94F806E0AA
:103F7000090441EA0061607A42EA0C220143A07A16
:103F800043EA0E2341EA00210091E17B207C0904F1
:103F900041EA0061607B0143A07B41EA002101917D
:103FA000E17C207D090441EA0061607C0143A07C42
:103FB00041EA00210291E17D207E090441EA00618D
:103FC000607D0143A07D41EA00210391E17E207FD5
:103FD000090441EA0061607E0143A07E41EA0021BC
:103FE0000491E17F94F82000090441EA0061607FB8
:103FF0000143A07F41EA0021059194F8231094F831
:104000002400090441EA006194F82100014394F876
:10401000220041EA0021069194F8270094F8281024
:10402000000440EA016094F82510014394F826004A
:1040300041EA0021079137A88249FDF781F9BAE0EA
:10404000E2782379120442EA03626378217A1A4300
:10405000E379207B1B0443EA0163617994F802C091
:104060000B43E17A94F806E0090441EA0061607AC2
:1040700042EA0C220143A07A43EA0E2341EA0021DE
:104080000091E17B207C090441EA0061607B0143EF
:10409000A07B41EA00210191E17C207D090441EAF5
:1040A0000061607C0143A07C41EA00210291E17D36
:1040B000207E090441EA0061607D0143A07D41EA60
:1040C00000210391E17E207F090441EA0061607EC6
:1040D0000143A07E41EA00210491E17F94F8200091
:1040E000090441EA0061607F0143A07F41EA0021A9
:1040F000059194F8231094F82400090441EA006122
:1041000094F82100014394F8220041EA002106912D
:1041100094F8270094F82810000440EA016094F80D
:104120002510014394F8260041EA0021079137A8A1
:104130004549FDF705F93EE00B2D3CD1A3786278A7
:104140001B02D21837A84149FDF7FAF82379E27823
:104150001B02D21837A83E49FDF7F2F8A37962791D
:104160001B02D21837A83B49FDF7EAF8237AE27917
:104170001B02D21837A83849FDF7E2F8A27A637A11
:10418000120237A835499A18FDF7DAF813E0E378F8
:1041900022791B0443EA0263627837A81343A278AA
:1041A0002F4943EA0222FDF7CBF804E000221492E3
:1041B00001E00123139310997B19FF297DF463A972
:1041C000159A01321592159B1B998B427DF453A9C8
:1041D000119A511C03D037A82249FDF7B1F89DF878
:1041E0009C3023B137A8204927AAFDF7A9F8169BD0
:1041F0000A2B0CD800201D49ECF3A4F038B9139910
:1042000029B937A81A49139AFF23FDF799F8389A64
:10421000002302F8013B449B1A9800931299189BC3
:104220003892FDF76DF804461298F0F317F201E0AA
:104230006FF0010420463BB0BDE8F08F01211391DF
:10424000B9E700BFC28C0200FF8C02004F8F020052
:10425000638F0200778F02008B8F02009F8F020016
:104260002C8E02001D900200F48902004689020093
:104270009C8702002DE9F04F8DB0059205468A46D5
:1042800006A80021142298460B91EBF3BFF1594B7D
:104290001C78002C40F0A3806B69232B0CDD1C22C2
:1042A0002846214623460094F5F388F2002806DAD2
:1042B00001260227B14605E00427012601E00C276C
:1042C0000326A1462846F5F30BF20128834602D0C7
:1042D000022813D105E028465146EBF3CBF040000D
:1042E0000BE02846FCF7A1FF044638B1FCF793FF2A
:1042F000C20503D52046FCF793FF0B900B980028CE
:104300004ED0F0F399F1044600286ED0BBF1010FB6
:1043100003D0BBF1020F1BD10BE00B9B00210193DB
:104320000290059A2846534600910391EBF3A0F0C2
:104330000CE00B9A0CAB520843F8042D28460121DF
:104340002246FCF7A6FF0B9B5B000B93002840D195
:1043500022884FF6FD73013A92B29A4203D9204661
:10436000F0F37CF11CE0B9F1000F03D004EB470738
:10437000069719E0E31962880693A388A7F580578A
:1043800007EB12221B0602EB1343E3180793E388A3
:10439000DB19E31808932389DF19E719099703E06C
:1043A000154B002406930126169A5046009206A942
:1043B00032464346FDF716F850B9169B28461A6850
:1043C000D8F8001001F038FDD8F800200B4B1A6027
:1043D00014B12046F0F342F1064A01231370169BF4
:1043E0000020C8F80000186001E06FF01A000DB05E
:1043F000BDE8F08F29610100608B02008893020004
:1044000030B51946039B049C43B14CB100251D6097
:1044100025600394BDE83040FFF72CBF184630BD3F
:10442000204630BD014B00221A70704729610100FF
:10443000F8B50C4F06463C688CB101250BE02846C8
:1044400000212C46E6F7C6FF20B128463146E6F7A4
:10445000BBFF04E001353B689D42F0D900242046B3
:10446000F8BD00BF2C61010010B5847801462046DC
:10447000E6F7B0FF28B120460021E6F7A5FF0020AF
:1044800010BD4FF0FF3010BD70B50C4E0D463068BA
:1044900080B90B49E6F798FF012404E0204600218B
:1044A000E6F792FF013433689C42F7D9034B284664
:1044B0001D6070BD4FF0FF3070BD00BF2C6101006A
:1044C000ADDEADDE064B1A68194632B1012300E0BD
:1044D00001339342FCD900230B600020704700BFDA
:1044E0002C6101002DE9F0470C46166882461546FE
:1044F00008468422002198469DF82470EBF386F04C
:104500002046FFF795FFC0B2002832D00123237068
:104510009DF82030A070003318BF0123E3703C23C6
:104520003C2EB4BFB1464FF03C09A4F80E80677032
:10453000A381002615E0504641463A46F0F390F03C
:1045400030B96368002B0CBF6FF01A0000200BE03D
:10455000A3780136C37063684361238960600133C7
:1045600023814E45E7DB0020238963812B60BDE872
:10457000F0874FF0FF30BDE8F087F8B506460C46EF
:1045800000250BE07B693046636000237B61FB7094
:104590003946E278F0F386F00135ADB26768002F56
:1045A000F0D1238920465B1B238163895D1B6581D4
:1045B000FFF75AFFA77027703846F8BD10B5C37CC7
:1045C000032B08D09C1D00EBC40401336160A26082
:1045D000C374002010BD4FF0FF3010BD2DE9F8432B
:1045E00011F01F0618BF012606EB511707F1070946
:1045F0004FEA890948460D4601F01F08F0F31CF008
:10460000044600283BD000214A46BFB2EAF3FEF739
:104610006780A580E580A46021462246002303E050
:104620004FF0FF30906101330432BB42F8D356B1F2
:104630004FF0FF3202FA08F87B1D04EB83035A683F
:1046400082EA08025A6017F01F0318BF012307F01F
:104650001F0003EB57172780002203E04FF0FF35C0
:104660008D6001320431BA42F8D343B14FF0FF33C9
:104670008340013704EB87077A6853407B6020460C
:10468000BDE8F8830846EFF3E9B7436B23B14FF475
:104690007F629A60436B05E0836B4BB14FF47F629E
:1046A0009A60836B9868D0F1010038BF0020704792
:1046B000012070470346002001E00130C0B25B08D2
:1046C000FBD170470B6843F440330B6008680B68FC
:1046D00000F4403023F440330B60A0F540314842F1
:1046E00040EB0100704708B5416B09B9816B21B1FE
:1046F000806AFFF7E7FF012008BD084608BD2DE9E5
:10470000F047DDF820801F88099D10468946144631
:104710001E46394642462B46EFF38EF48246E8B1F8
:10472000012313FA07F72B68013BDB19B3FBF7F3FF
:104730005F43631EDB195F4017EA090F0ED0204666
:10474000FFF7B8FF30805046EFF380F43188204601
:1047500042462B46BDE8F047EFF36EB45046BDE845
:10476000F08770B5002301290CBFB0F84620B0F8DF
:104770006C2086B00493B0F844301201012904463D
:10478000ADF816300D46806A41F6FF7329D104AEAC
:10479000D4F8C410009604F15C060196994214BF47
:1047A0004FF480314FF4005104F150060DF116031F
:1047B0000296FFF7A4FF002840D0BDF81630E26D46
:1047C00015FA03F3511EC918B1FBF3F14B43A3656E
:1047D0009B1A9BB2C018A4F86030049BE063636628
:1047E0002BE004ADD4F8CC10009504F184050195BC
:1047F000994214BF4FF480314FF4005104F1780511
:104800000DF116030295FFF77AFFB8B1BDF8163027
:10481000012515FA03F3D4F88420511EC918B1FB01
:10482000F3F14B43C4F880309B1A9BB2C018A4F834
:104830008830049B2064C4F88C30284606B070BDD4
:10484000FFF78FBF2DE9F74F8DE803000EAEE02094
:1048500014469A460D9F96E8400ADDF84C80EFF327
:10486000EBF60546002800F079810021E022EAF30A
:10487000CDF69A4B0021B8F1000F08BF98460A46C2
:10488000C5F81C802046F4F38BF70C9BC0F3003076
:10489000AB63934B03212B60002285F83000C5F8F1
:1048A00034A02846EDF3F8F5082205F1200001991F
:1048B000EAF384F7002385F82730009BEC62AB62B3
:1048C000BBF1FF3F14BF5B46CC23B9F1CC0F88BFCF
:1048D000C3EB0909C5F89830BDF84430A5F8467017
:1048E000C5F89C309DF84830A5F86C60C5F8A0303C
:1048F0000C9BA5F89490002B45D0AA6B1368D807A1
:1049000004D523F001031360AA6B1360AB6B4FF067
:10491000FF329A602046F4F345F740F63C03984294
:1049200012D1E86AF4F34EF7052809D0E86AF4F3E7
:1049300049F7082804D0E86AF4F344F70C2803D1B7
:10494000AB6B4FF0FF329A60AB6B9A681205120D99
:104950001AB15A6842F00F0201E041F6FF72C5F841
:10496000CC201A6802F4E012920C85F8B5201A687F
:1049700002F46002520D85F8BA201B6803F0407300
:104980001B0E85F8BB30BAF1000F4DD06A6B13686F
:10499000D90704D523F0010313606A6B13606B6BB6
:1049A0004FF0FF329A60E86AF4F3FCF640F63C03FD
:1049B000984212D1E86AF4F305F7052809D0E86AAD
:1049C000F4F300F7082804D0E86AF4F3FBF60C28A7
:1049D00003D16B6B4FF0FF329A606B6B9A681205D4
:1049E000120D1AB15A6842F00F0201E041F6FF724F
:1049F000C5F8C420C5F8C8201A6802F4E012920C69
:104A000085F8B6201A6802F4E072920985F8B7209A
:104A10001A6802F46002520D85F8B8201B6803F092
:104A200040731B0E85F8B93062680023012AC5F86F
:104A3000A430C5F8AC3018D1A268B2F5026F03D02B
:104A400040F63C018A4202D14FF0004303E04FF0B0
:104A50008042C5F8A420C5F8A830D5F8A430C5F820
:104A6000AC30D5F8A830C5F8B0302046F4F39AF64B
:104A700040F62903984208D12046F4F3A3F620B16A
:104A80002046F4F39FF602280FD92046F4F38AF665
:104A900040F6340398420CD12046F4F393F620B14B
:104AA0002046F4F38FF6012803D1002385F8313036
:104AB00004E02846FFF717FE85F831002846FFF787
:104AC000E4FD85F8B40068B10D23FF2FA5F844304C
:104AD0000CD8FF2E09D80C2305E000BF906101001F
:104AE0008C5001000423A5F844304FB1BC0020468F
:104AF000EFF3A2F5E86468B300212246EAF386F5F5
:104B00004EB1B4002046EFF397F5686710B300216B
:104B10002246EAF37BF527B128460121FFF790FEF4
:104B2000C0B126B128460221FFF78AFE90B1D5F820
:104B3000A4305BB195F8313043B9AB6DB3F1804F20
:104B400008D8D5F88030B3F1804F03D8012385F819
:104B5000DD3003E02846EDF3F9F400252846BDE8F2
:104B6000FE8F00BF10B50446F5F38CF200212046FD
:104B70000A46F4F315F6C30407D5204601F0DBFA24
:104B800000280CBF2020402010BD202010BD2DE9A2
:104B9000F0470446266A09A9042E666A9DF820009B
:104BA000CCBF06F4781606F4F01691E82202760CD3
:104BB0004FF000084BE031F828A01FFA83FCE245D3
:104BC00001EB880703D197F802C0844504D008F1AF
:104BD00001085FFA88F83AE0002A35D006FB08F8A9
:104BE00000252EE063692046222B0ADDE3695A0680
:104BF00007D540F627010022F4F342F7014620468C
:104C000000E000214FF4CC62F4F3DAF5056063694B
:104C10002046222B0ADDE3695B0607D540F6270113
:104C20000022F4F32DF70146204600E0002140F277
:104C30006462F4F3C5F509EB880353F825300135B8
:104C40000360EBB2B342CDD3F878BDE8F087A84556
:104C5000B1D30020BDE8F0872DE9F84304461E4695
:104C6000002B00F0B480436A02EB061503F4F859F8
:104C70004FEA192955F8043C013E0BB900279FE083
:104C800020469847002800F09E80F7E70122BA40AE
:104C900055F8103C1A4200F0928063692046222B9E
:104CA0000ADDE3695A0607D540F627010022F4F32E
:104CB000E7F60146204600E000214FF4C462F4F319
:104CC0007FF5076015F90C2C22B1012A19D00132A9
:104CD00075D144E063692046222B09DDE3695B0658
:104CE00006D540F62701F4F3CBF60146204600E056
:104CF000002140F22462F4F363F555F8083C0360A8
:104D00005DE063692046222B0ADDE369590607D579
:104D100040F627010022F4F3B3F60146204600E0F6
:104D2000002140F22462F4F34BF563698046222BA4
:104D300020460ADDE3695A0607D540F6270100221E
:104D4000F4F39EF60146204600E0002140F2246282
:104D5000F4F336F555F8083C026813432DE0636917
:104D60002046222B0ADDE3695B0607D540F62701C2
:104D70000022F4F385F60146204600E0002140F2CF
:104D80002462F4F31DF563698046222B20460ADD78
:104D9000E369590607D540F627010022F4F370F6BF
:104DA0000146204600E0002140F22462F4F308F5B9
:104DB00055F8082C036823EA0203C8F800300137CD
:104DC0004F457FF463AF103D002E7FF453AFBDE835
:104DD000F883000070B59D4904460020EBF38EF285
:104DE000002800F0318100209849EBF387F29749C1
:104DF00005460020EBF382F2944906460020EBF3CF
:104E00007DF215F0006500F0AC804FF40012002137
:104E100013462046E6F741FD0222062113462046AE
:104E2000F4F344F663692046222B0ADDE3695A064F
:104E300007D540F627010022F4F322F6014620466A
:104E400000E000214FF4C162F4F3BAF406680025D3
:104E500006F480761BE04FF47A70EFF3DBF06369C1
:104E60002046222B0ADDE3695B0607D540F62701C1
:104E70003246F4F305F60146204600E000214FF4E7
:104E8000C162F4F39DF40668013506F480761EB91C
:104E9000B5F57A7FDFD170BDB5F57A7F00F0D480AB
:104EA0004FF47A70EFF3B6F008220621134620463D
:104EB000F4F3FCF50023062104222046F4F3F6F572
:104EC0004FF47A70EFF3A6F063692046222B0ADDD7
:104ED000E369590607D540F627010022F4F3D0F51F
:104EE0000146204600E000214FF4C062F4F368F46C
:104EF0000568002605F001051BE04FF47A70EFF31A
:104F000089F063692046222B0ADDE3695A0607D53A
:104F100040F627010022F4F3B3F50146204600E0F5
:104F200000214FF4C062F4F34BF40568013605F03C
:104F300001051DB1B6F57A7FDFD102E0B6F57A7FC3
:104F400003D120460621082279E029464FF4801239
:104F50002B462046E6F7A1FC2046062101222B46DF
:104F60006EE0730170D54FF4801213462946204637
:104F7000E6F793FC0122062113462046F4F396F54A
:104F80004FF47A70EFF346F00422062113462046D0
:104F9000F4F38CF5062108222B462046F4F386F51F
:104FA0004FF47A70EFF336F063692046222B0ADD66
:104FB000E3695E0607D540F627012A46F4F360F55B
:104FC0000146204600E000214FF4C062F4F3F8F3FC
:104FD0000668002506F001061BE04FF47A70EFF337
:104FE00019F063692046222B0ADDE369590607D5CB
:104FF00040F627013246F4F343F50146204600E02F
:1050000000214FF4C062F4F3DBF30668013506F0CB
:1050100001061EB9B5F57A7FDFD102E0B5F57A7FDA
:1050200003D120460621042209E000214FF400129A
:105030000B462046E6F731FC2046062102220023DB
:10504000BDE87040F4F332B570BD00BF6853010095
:1050500046F29053994210B5044609D049F21823FC
:10506000994207D0B1F5964F0CBF1F23002302E0F1
:105070002A2300E03C230521FF222046E6F779FCA5
:105080004FF40002062113462046E6F73CFC1E20A2
:10509000EEF3C0F7204606214FF400020023BDE8DE
:1050A0001040E6F730BC0000F0B5036A466A042BF6
:1050B000CCBF06F4781606F4F01685B00446760CDC
:1050C00000253BE0102168461F4A2B46EAF304F313
:1050D00000206946EBF336F100282ED000210A4665
:1050E000EAF3CCF663690746222B20460ADDE36922
:1050F000590607D540F627010022F4F3C1F4014612
:10510000204600E000214FF4CC62F4F359F305602F
:1051100063692046222B0ADDE3695A0607D540F66B
:1051200027010022F4F3ACF40146204600E0002100
:1051300040F26462F4F344F307600135EBB2B3422A
:10514000C0D305B0F0BD00BFD5950200F0B5036A2D
:1051500085B0042B0446466A03DD06F0F866B60DFA
:1051600002E006F0F076760D00253BE0102168465F
:105170001F4A2B46EAF3B0F200206946EBF3E2F057
:1051800000282ED000210A46EAF378F66369074624
:10519000222B20460ADDE3695A0607D540F627018F
:1051A0000022F4F36DF40146204600E000214FF4A4
:1051B000CB62F4F305F3056063692046222B0ADD18
:1051C000E3695B0607D540F627010022F4F358F4A3
:1051D0000146204600E0002140F25C62F4F3F0F268
:1051E00007600135EBB2B342C0D305B0F0BD00BFDC
:1051F0000C990200F0B5036A85B0042B0446466A98
:1052000001DDF60E02E006F0F056760E00253BE0DA
:10521000102168461E4A2B46EAF35EF200206946DA
:10522000EBF390F000282ED000210A46EAF326F690
:1052300063690746222B20460ADDE3695B0607D532
:1052400040F627010022F4F31BF40146204600E05B
:1052500000214FF4CA62F4F3B3F20560636920469B
:10526000222B0ADDE369590607D540F62701002203
:10527000F4F306F40146204600E0002140F25462B7
:10528000F4F39EF207600135B542C1D105B0F0BD1F
:105290001B99020000487047C0AD3A022DE9F04367
:1052A00004460F4685B00020904915461E46EBF394
:1052B00025F060B92046394615B1FFF7EBFF07E04E
:1052C000FFF7E8FF4FF47A75B0FBF5F500E005460F
:1052D00000208749EBF312F000F00F00012808D0FE
:1052E000022809D0834B844A032814BF914699466B
:1052F00004E0DFF8149201E0DFF81092294620461E
:10530000FFF7A6FE2046F4F355F200218046204622
:10531000F5F300F0794B0246002E4BD101930323A5
:1053200002933946204632462B460096CDF80C9023
:10533000FFF72DFC0746002837D063692046222B53
:105340000ADDE3695B0607D540F627013246F4F330
:1053500097F30146204600E000214FF4C062F4F3C9
:105360002FF20268BF004FF68373134007F07C02F0
:1053700005F17F07FF09013F42EA07471F436369C1
:105380002046222B0ADDE369590607D540F627019E
:105390000022F4F375F30146204600E000214FF4AB
:1053A000C062F4F30DF2076096E029465448EAF330
:1053B00053F192E000218DE80A0003230293204676
:1053C00039462B46CDF80C90FFF7E1FB002D00F09D
:1053D00083802046E6F774F8064606E0AB4203D128
:1053E0006369222B07DC12E00C36002E74D0338860
:1053F000002BF3D170E0E3695A0608D540F6270187
:1054000020460022F4F33CF30146204601E020460A
:1054100000214FF4C062F4F3D3F10268B37802F0D4
:105420007C02B3EB920F57D03579F3782D061B052C
:1054300005F0706503F4700300214FF07F622B4389
:105440002046E6F796FA737902211B052D4A43F4AC
:1054500000332046E6F78DFAB3686FF07F420321F0
:1054600013402046E6F785FA63692046222B0ADDC1
:10547000E3695B0607D540F627010022F4F300F349
:105480000146204600E000214FF4C062F4F398F199
:1054900002684FF6837335881340B2787F35ED117B
:1054A0009200013D02F07C0242EA05451D4363691A
:1054B0002046222B0ADDE3695E0607D540F6270168
:1054C0000022F4F3DDF20146204600E000214FF413
:1054D000C062F4F375F10560012620464146F4F3FD
:1054E00019F7304605B0BDE8F08300BFEC95020027
:1054F000745301008C5101000C5201000697020008
:10550000A39502000000FE1F80530100F853010024
:105510002DE9F04399468BB0002307930893099334
:10552000036A476A042BCCBF07F4781707F4F01717
:1055300004460D4690467F0C00260CE0102103A87F
:10554000334A3346EAF3C8F0002003A9EAF3FAF637
:1055500020B90136F6B2BE42F0D34EE008AB00935C
:1055600009AB019320462946424607ABE6F7C0FB4C
:10557000012329464A462046FFF790FE2046294649
:10558000FFF792FD236A012B2CDD63692046222B55
:105590000ADDE3695E0607D540F627010022F4F331
:1055A0006FF20146204600E000214FF4C062F4F3A0
:1055B00007F163690646222B20460ADDE369590696
:1055C00007D540F627010022F4F35AF2014620469F
:1055D00000E000214FF4C062F4F3F2F0036843F4FA
:1055E00080633360089B20460093099B2946019302
:1055F0004246079BE6F7D4F807E0204629464A468C
:105600000023FFF74BFE0028A8D10BB0BDE8F083C4
:10561000D59502002DE9F04F002587B004460E46CF
:1056200004950595F4F3C6F0294683462046F4F325
:1056300071F6A14982462846EAF384F648B101236F
:1056400084F8603329462A46EAF318F4C4F85C0368
:1056500001E084F8600300209849EAF373F648B14A
:105660000123002184F868330A46EAF307F4C4F8FA
:10567000640301E084F868032046F3F3F5F7904BE8
:10568000676A98428F4B94BF20252125A3F1080813
:1056900098BF984607F4F8573F0A08EBC5086369B6
:1056A0002046222B0ADDE3695A0607D540F627017A
:1056B0000022F4F3E5F10146204600E000214FF41A
:1056C000C462F4F37DF018F8083C013D036063699F
:1056D0002046222B0ADDE3695B0607D540F6270149
:1056E0000022F4F3CDF10146204600E000214FF402
:1056F000C562F4F365F058F8043CA8F108080360AB
:10570000002DCCD147E0082102A86F4A2B46E9F3CF
:10571000E3F7002002A9EAF315F600283AD00021A9
:105720000A46EAF3ABF3236A80460C2B07DDB0F59B
:10573000803F04D2C3B24FEA102843EA08486369A5
:105740002046222B0ADDE369590607D540F62701DA
:105750000022F4F395F10146204600E000214FF4C9
:10576000C462F4F32DF0056063692046222B0ADD44
:10577000E3695A0607D540F627010022F4F380F1C9
:105780000146204600E000214FF4C562F4F318F012
:10579000C0F800800135BD42B5D1204631464B4AA4
:1057A0001F23FFF759FA00253EE00821484A2B46FF
:1057B00002A8E9F391F7002002A9EAF3C3F58146B4
:1057C000002830D063692046222B0ADDE3695B069E
:1057D00007D540F627010022F4F352F10146204696
:1057E00000E000214FF4C462F3F3EAF70560636957
:1057F0002046222B0ADDE369590607D540F627012A
:105800000022F4F33DF10146204600E0002140F281
:105810002462F3F3D5F7002180460A464846EAF3AE
:105820002DF3C8F800000135BD42BED1204604A9C1
:1058300005AAE5F70FFF049F52463B463146002577
:1058400020460095E5F752FE384304902046F4F3D5
:1058500047F4059A049B002A3CD01A4363690592D9
:10586000222B20460ADDE3695A0607D540F62701B8
:105870002A46F4F305F10146204600E0002140F2FB
:105880001C62F3F39DF763690546222B20460ADD6F
:10589000E3695B0607D540F627010022F4F3F0F038
:1058A0000146204600E0002140F21C62F3F388F735
:1058B000059B02683AE000BFC59502000097020010
:1058C000BFAD3A0200960200E79502001C97020065
:1058D000E2950200002B2BD063692046222B09DDC4
:1058E000E369590606D540F62701F4F3C9F00146ED
:1058F000204600E0002140F21C62F3F361F7636987
:105900000546222B20460ADDE3695A0607D540F6F4
:1059100027010022F4F3B4F00146204600E0002104
:1059200040F21C62F3F34CF7049B026813432B60B4
:10593000049BABB163692046222B0ADDE3695B0659
:1059400007D540F627010022F4F39AF001462046DD
:1059500000E000214FF4C362F3F332F7049B0360CD
:10596000059BABB163692046222B0ADDE36959062A
:1059700007D540F627010022F4F382F001462046C5
:1059800000E0002140F21C62F3F31AF7059B03606C
:10599000314652462046E6F77EF94FF4FA60EEF3C0
:1059A00039F320465946F4F3B5F407B0BDE8F08F5B
:1059B000F8B5044615460E46F3F3FCF600210746FB
:1059C0002046F4F3A7F4314602462B462046FFF763
:1059D0009FFD204631462A46E5F7D8FD2046394648
:1059E000BDE8F840F4F396B438B5036A0446012BD9
:1059F0002DD14369222B0ADDC3695A0607D540F62B
:105A000027010022F4F33CF00146204601E0204645
:105A100000214FF4C062F3F3D3F663690546222BED
:105A200020460ADDE3695B0607D540F62701002220
:105A3000F4F326F00146204600E000214FF4C06256
:105A4000F3F3BEF6036823F400732B6038BD2CDD3E
:105A50004369222B0ADDC369590607D540F62701A1
:105A60000022F4F30DF00146204601E0204600211B
:105A70004FF4C062F3F3A4F663690546222B204677
:105A80000ADDE3695A0607D540F627010022F3F341
:105A9000F7F70146204600E000214FF4C062F3F31F
:105AA0008FF6036843F400732B6038BD7047012004
:105AB000704738B505460C46FFF79CFB2846214643
:105AC0000022FFF7F3FF28462146BDE83840FFF7E4
:105AD00081B9000038B504460D4600203149EAF38B
:105AE00031F440B100210A46EAF3C8F12946C3B2B5
:105AF0000122204603E02046294601220523E5F73E
:105B00008BFF00202849EAF31DF448B100210A4622
:105B1000EAF3B4F12946C3B209222046E5F77CFF37
:105B200000202249EAF30EF448B100210A46EAF3C4
:105B3000A5F12946C3B205222046E5F76DFF0020F6
:105B40001B49EAF3FFF348B100210A46EAF396F154
:105B50002946C3B206222046E5F75EFF0021204613
:105B60004FF478624FF43863E5F7CDFE002120460C
:105B70004FF460424FF42043E5F7C5FE4FF4C022D6
:105B8000002113462046E5F7BEFE012200212046F3
:105B90001346E5F7B8FE20462946BDE83840FFF732
:105BA000D5BA00BF12970200DB95020012990200DD
:105BB000CA95020038B5036A0446092B69DD4369BA
:105BC000222B0ADDC3695B0607D540F627010022B8
:105BD000F3F356F70146204601E0204600214FF43A
:105BE000C062F3F3EDF5026812F0010253D163696C
:105BF0002046222B09DDE3695D0606D540F6270124
:105C0000F3F33EF70146204600E0002140F26C62CB
:105C1000F3F3D6F54FF0004303604FF47A70EEF3E0
:105C2000F9F163692046222B0ADDE369590607D59D
:105C300040F627010022F3F323F70146204600E057
:105C4000002140F26C62F3F3BBF505686369ED0473
:105C5000ED0C222B20460ADDE3695A0607D540F6F3
:105C600027010022F3F30CF70146204600E0002153
:105C700040F26C62F3F3A4F56D030023036005F5B5
:105C80004245064805F5A875B5FBF0F56420684364
:105C900038BD002038BD002038BD00BFA0860100FF
:105CA00038B5002105461020E3F7A0FF0021044687
:105CB0001022E9F3ABF46560204638BD08B1E4F783
:105CC0001DB8704710B50446E4F706F96060E0605F
:105CD0002068E7F716FA6368A0F5006020611818DD
:105CE0000123A060237610BD38B50546F4F3CAF150
:105CF0001C20EEF3A1F4084C00211C222060E9F3E3
:105D000085F420680560FFF7DDFF04492268284616
:105D1000BDE83840E6F726BC90040000D93F0000FB
:105D20002DE9F84F0C46F4F3ADF141F20100E568BE
:105D3000EEF382F400287CD000F1010C064620E04E
:105D400001321970D2B2434639783D460137C1B1AC
:105D50003D2903F10108F3D132702946464600225D
:105D600003E001323770D2B2664611F8017FC3EB0F
:105D70000508B04406F1010C002FF2D11A7008F1A9
:105D80000105E768A368FB189D4205D22B781BB17B
:105D90002F4663460022D7E725460123E268834663
:105DA000BA1A2A823BE0594611F8012B9A4202D1D5
:105DB0004FF0000C0AE0102B2AD10F2AF8DC27E064
:105DC0001BF8018F07F80C800CF1010C6245F7D12C
:105DD00001EB0208895C07EB020C4FF03D0907F864
:105DE000029008F1010B0CF1010701F101090022F9
:105DF00003E018F802A00CF802A001324A45F8D1DD
:105E00007A184FF0000C07F801C08B44571C06E0CD
:105E100011F802B001EB020C0BF1010BE344B345A6
:105E2000C1D301330235112BB8D1BDE8F84FEEF3E1
:105E300015B4BDE8F88F0000F8B50E4617460446C5
:105E4000F4F320F13020EEF3F7F3054668B1C660B5
:105E5000074E30234360336887600360294620463D
:105E6000FFF75EFF35600020F8BD6FF01A00F8BD47
:105E70009404000008B5064B1B683BB9054B196834
:105E800021B1054B1A680AB1FFF7D6FF002008BD03
:105E900094040000985C01009C5C0100F8B5104B74
:105EA00007461C681E46BCB1E3689BB10D4D2A68CD
:105EB0009A420FD1F4F3E6F0E068EEF3CFF300235B
:105EC0002B6007E038462568F4F3DCF02046EEF35B
:105ED000C5F32C46002CF5D100233360F8BD00BF7C
:105EE000940400008893020073B5856E04466DB17A
:105EF000D0F8CC3000EB8303D3F8D420036E9A4261
:105F000003D1406EA847054600E000252046F3F384
:105F100051F4002302A941F8083D0646694620468F
:105F200001AA0DF0C1FE9DE806004FF4FF20E9F341
:105F3000E9F220463146F4F3EDF1E36E5BB1D4F8BB
:105F4000CC2004EB8202D2F8D410226E914202D10E
:105F5000606E294698477CBDF8B50446F0F3BAF068
:105F600000284FD0A56E6DB1D4F8CC3004EB83037C
:105F7000D3F8D420236E9A4203D1606EA847054619
:105F800000E000252046F3F315F4002107462046E3
:105F9000F4F3C0F10121064600222046F0F3BAF0E6
:105FA0004FF480110A462046F0F396F040210A464D
:105FB0002046F0F3A5F04FF080710A462046F0F33A
:105FC0008BF02046FFF790FF0F4B0121C6F80435F8
:105FD0004FF4FC73C6F808350A462046F0F39AF0F1
:105FE00020463946F4F396F1E36E5BB1D4F8CC2049
:105FF00004EB8202D2F8D410226E914202D1606E7C
:1060000029469847F8BD00BFF2003940012070478B
:10601000C36B44F2583293420DD004D844F2563246
:10602000934218D112E04AF62E22934208D04AF643
:106030002F2293420FD1C0F884334AF6322303E073
:10604000C0F884334AF63123C3637047C0F8843301
:1060500044F25433C363704738B541F2E443044615
:1060600003630D4629B108460F49EAF347F1A062E0
:1060700040B928460D49EAF341F1A06210B94FF644
:10608000FF73A3620A492846EAF338F10949E0623E
:106090002846EAF333F1084960632846EAF32EF113
:1060A00084F8550038BD00BF2D99020023990200E5
:1060B00064990200439902004E9902007047000063
:1060C00030B585B00190002404A840F8044D01A922
:1060D0000422E9F317F2019DB5B12B46D3F88C20C9
:1060E00012B10022C3F88C2001340433102CF5D1F6
:1060F0000398FEF797F90398FFF7D0FE034B9D42F4
:1061000002D02846EEF3AAF205B030BDE4610100EA
:106110000367D0F8CC3010B500EB8303029CD3F8B2
:10612000D43044668166C266036610BD0023836670
:10613000C366036770478069C0F3C06070472DE98C
:10614000F84304461E46089D099FFAF761FC0021AA
:106150002046F4F3DFF080462046F3F333F30A28B9
:10616000C8BFD8F82C306061C8BFA3642228D8F813
:106170000430C8BFD8F8AC20A361C8BFE261DA0020
:106180001CD5222814DDE3695B0611D500222046C8
:1061900040F62701F3F374F401462046F4F3BAF015
:1061A000D0F80436002163622046F4F3B3F002E035
:1061B000D8F80436636294F8243023624FF4E06325
:1061C000A3604FF0FF33E36011232361A1464FF03A
:1061D000000817E04146F4F39DF02046F3F3E2F2A5
:1061E0002046F3F3EFF21EB1D9F814319E4203D0EA
:1061F000D9F88C309F4201D1C5F8008008F1010820
:1062000009F10409D4F8D03020469845E2D3296832
:10621000F4F380F00120BDE8F883F7B500221346BF
:106220000D4601210446E5F738FB002128220746E8
:106230000B4620460091F3F3C1F20646280709D029
:10624000204601210622F3F367F6204602210622AA
:10625000F3F362F615F0F00F04D02046002102227D
:10626000F3F35AF615F4706F0ED020460021012288
:10627000F3F352F601210A462046F3F34DF6204689
:1062800002210122F3F348F601213B4620464FF05C
:10629000FF32E5F702FB2046002128224FF0FF33B2
:1062A0000096F3F38BF2FEBD0020EAF327B0000066
:1062B00010B50C490446FFF7F7FF80B288B9D4F84F
:1062C00080000849EAF31AF080B250B9D4F880008F
:1062D0000549EAF313F04FF6FF7380B2002808BFB8
:1062E000184610BD6D9902007B990200436907B5FD
:1062F0000A2B09DD003118BF012100912422002161
:106300000123F3F35BF201E04FF0FF300EBD07B560
:106310000021F8220B460091F3F350F200F00F0039
:106320000EBD00002DE9FF47DDF830809246DDF814
:1063300034900F464FF46372002104461E460E9DB2
:10634000B8F1010F08BF4FF00008E9F35FF1112326
:106350002361C4F88860C4F85C90C4F858A0C4F8FD
:106360000480B8F1000F40F0C580204641463A460F
:106370004B46FFF74BFE002800F0C0804FF0C053A3
:106380001A68130F02F47021236093B202F47002B2
:10639000120D626444F25832090C9342E3632164A3
:1063A0000AD004D844F25632934208D104E0A3F54F
:1063B0002A432E3B012B02D82046FFF729FE636CAF
:1063C00020460E3B012B8CBF0023012384F84C3068
:1063D0004FF0C0513A46FAF793F9D4F8D030002B79
:1063E00000F08A80002704AB43F8047D8DE8480064
:1063F00020464FF0C0513A463B46FFF7A0FE00282A
:106400007CD02046FFF736FD0F9B00950193204678
:1064100039463246A36DFDF7F3FF002870D105B170
:106420002D683A4E20462946FFF716FE3278002A9C
:1064300042D16369132B19DD4FF400612046F3F359
:106440005BF7334907462846E9F37CF738B128461D
:106450002F49E9F353F7B0F1FF3F08BF00200023B5
:10646000BB650399F8652046F3F354F72046A16D08
:10647000FFF7BAFA2046A16DFFF71BFB2846254916
:10648000E9F33CF7024620B92046A16DFFF792FBE5
:106490000246C4F88823A16D2046FFF789FA2046FA
:1064A000FFF75AFD2046A16DFFF7B4F82046A16D15
:1064B000FFF710FB012333702046F3F3E1F5284684
:1064C0001549E9F33FF738B113492846E9F316F7C0
:1064D00001462046FFF7A1FE28461049E9F332F7AE
:1064E00078B128460D49E9F309F701462046FFF740
:1064F000E5FD06E0002404E01C4602E0044600E05E
:106500003C46204604B0BDE8F08700BFE0610100D2
:106510003E9902005B9902007399020034990200CF
:106520001FB50F4C02462378BBB910B9034601468C
:1065300001E00C4B191D0020009001900293039183
:10654000094844F210714FF0C053FFF7EBFE28B139
:10655000064B20221A6001232370034804B010BDAB
:106560007065010064620100E4610100A0040000A4
:106570002DE9FF4707464FF46370884691469A46D7
:106580000D9E0E9DEEF358F00446C8B10C9B3946A3
:10659000019342464B46CDF800A002960395FFF7C3
:1065A000C1FE074620B92046EEF358F03C4607E00E
:1065B00006B13668C4F8806005B12D68C4F884500F
:1065C000204604B0BDE8F08770B5064686B04FF4AB
:1065D000BC70EEF331F00446E8B100214FF4BC7218
:1065E000E9F314F00D4B266000930D4B0025019349
:1065F00030680C490C4A234602950395049505958D
:1066000000F0D8FE30B94FF49663C4F8603184F8D6
:10661000640100E02C46204606B070BDA53881001C
:106620005D3D8100D8D288003CC5890010B5044684
:1066300050B1036805491868224600F060FE204604
:10664000BDE81040EEF30AB010BD00BF3CC58900A4
:106650002DE9F041054686B08020EDF3EDF70446C4
:10666000002844D000218022E8F3D0F7042363609F
:10667000B4232560A381A046C5F8584727460026C5
:106680000EE01C2202FB06423C61A8681B49103246
:106690000023FAF36DF338621C3700282BD0013643
:1066A00063689E42EDDB164B16490093002301936D
:1066B00002930393049305932868134A234600F03A
:1066C00079FEC0B913E0D8F8201031B1236898687A
:1066D000FAF336F30023C8F82030013508F11C081E
:1066E00063689D42EFDB2046EDF3B8F700242046B7
:1066F00006B0BDE8F0810025F2E700BF49488100FF
:10670000A94681007CD388007F3F890070B504468C
:1067100000281ED003680F491868224600F0EFFDDC
:10672000254600260DE0296A29B123689868FAF306
:1067300007F300232B62E86908B1EDF38FF7013608
:106740001C3563689E42EEDB2046BDE87040EDF3E9
:1067500085B770BD7F3F890010B50446C06F08B192
:10676000FFF764FFD4F8840008B107F0C1FED4F845
:10677000800008B1FFF7CAFFD4F8B00008B100F0FC
:1067800013F9A06808B101F0E3F92046BDE8104014
:10679000EDF364B72DE9F04F07468DB0B8208A4677
:1067A00090461D46179EEDF347F70446002800F07B
:1067B000A0804FF0000B0021B822E8F327F72660F5
:1067C00084F88CB03846FFF76BFA0BABC4F8A8B06E
:1067D0002A4601900693814641F2E4412046334621
:1067E000CDF800B0CDF808A0CDF80C800494CDF819
:1067F00014B001F05DFA0546002875D0A06010F0D5
:106800006FDA2B691021E3603C4B6060A3643C4A63
:106810003346276164643846E8F35EF72B69D86F26
:10682000F2F356F749F6981398422B69D86F06D8B9
:10683000F2F34EF708210346324A09A805E0F2F3C5
:1068400047F7314A0346082109A8E8F345F73146DE
:1068500009AA2E4B2E48E8F3FFF63246002016997F
:106860002C4B8DE88001F8F7A9FB064600283BD1A8
:106870006368012783F8787008210A46286930F098
:10688000D5DA36213A46D5F89802EFF730FD28469A
:10689000FFF7DEFEC4F8800030B3284607F0F6FDAF
:1068A000C4F8840000B32846FFF78EFEE067D8B135
:1068B0006368194983F8E070184B02968DE8480028
:1068C0000396049605962868154A234600F072FD43
:1068D00050B9284600F032F8C4F8B00020B1114891
:1068E0002146EDF3A9F120B120464946FFF734FFD8
:1068F000002420460DB0BDE8F08F00BFBD888100A8
:10690000DB550100E05501004D4989004039010087
:1069100081990200FD8D81002CD58800198A8100A3
:1069200058FB8900F589810001207047024B012244
:106930001A70E3F763BA00BFFC03000070B50646A7
:1069400086B02020EDF37EF60446F0B1002120222F
:10695000E8F35CF64FF4E153E3804B2323810A23F1
:1069600063810E4B26600025009330680C490D4A68
:1069700023460195029503950495059500F01AFDAF
:1069800030B93368012283F86321204606B070BD18
:106990002046EDF363F62C46F7E700BF7D9A8100B1
:1069A0008CD58800C04B890010B5044678B1FBF344
:1069B00009F3236822461868054900F0A0FC204628
:1069C000EDF34CF6236800221B6883F8632110BDA9
:1069D000C04B89000368D3F8D42041F26B03116BDC
:1069E00099420BD1936AEF2B28D001D8D62B04E023
:1069F000F52B23D040F20F118B421FD0936A40F247
:106A0000C65293421AD040F27452934216D0036A8F
:106A10007F2210E0482283F8FD2006E002F0C00249
:106A2000921102EB810183F8FD10036A93F9FD20B6
:106A3000142A0BDC482283F8FD207047036A93F880
:106A4000FD104AB2B2F1FF3FE8D1E3E77047D0F85A
:106A5000E81110B5044629B18068FAF371F10023FA
:106A6000C4F8E831D4F8001229B1A068FAF368F14B
:106A70000023C4F80032D4F88434D3F8301139B18B
:106A8000A068FAF35DF1D4F884340022C3F8302111
:106A9000D4F8501329B1A068FAF352F10023C4F8D6
:106AA0005033D4F8541529B1A068FAF349F1002302
:106AB000C4F85435D4F8F41529B1A068FAF340F1BC
:106AC0000023C4F8F435D4F8C41729B1A068FAF348
:106AD00037F10023C4F8C43710BD10B50446006870
:106AE00007F0D8F8D4F8800620B106F021F800238A
:106AF000C4F88036D4F87C0620B106F049FA0023A9
:106B0000C4F87C36D4F89C0120B108F089FE00233B
:106B1000C4F89C31D4F88C0120B101F025FE00238B
:106B2000C4F88C31D4F8400120B102F069FF002391
:106B3000C4F84031D4F8540120B1FEF3FFF3002330
:106B4000C4F85431D4F8300120B102F019FC00230C
:106B5000C4F83031D4F8340120B102F0C1F9002377
:106B6000C4F83431D4F8380120B102F01BFB002303
:106B7000C4F83831204602F0D5FAD4F84C0120B1DF
:106B800006F0BAFA0023C4F84C31D4F8480120B119
:106B900008F078FD0023C4F84831D4F8440120B14E
:106BA00006F032F90023C4F84431D4F85C0120B176
:106BB00008F016FA0023C4F85C31D4F82C3113B174
:106BC0000023C4F82C31D4F8600120B104F0B4F9EA
:106BD0000023C4F86031204608F0AAFA204605F0E8
:106BE0009FFFD4F8500120B105F0FAFF0023C4F84C
:106BF0005031D4F8700120B101F09EFC0023C4F89C
:106C00007031D4F8780120B104F0A8FC0023C4F856
:106C10007831D4F87C0120B107F06CFE0023C4F871
:106C20007C31D4F8740120B108F072FD0023C4F85F
:106C30007431D4F8840120B101F01CFC0023C4F8A5
:106C40008431D4F8880120B104F0E2FB0023C4F8B9
:106C50008831D4F8780420B107F0F4FC0023C4F89C
:106C60007834D4F87C0420B107F02EFD0023C4F85A
:106C70007C34D4F8800420B107F0C0FD0023C4F8B0
:106C80008034D4F8940120B108F0A2FE0023C4F8A7
:106C90009431D4F8640820B108F0F6FE0023C4F85B
:106CA0006438D4F8F80620B108F040F90023C4F89D
:106CB000F836D4F89C0620B104F0E2FE0023C4F8B4
:106CC0009C36D4F8A00620B101F060FD0023C4F882
:106CD000A036D4F8CC0620B104F0BAFE0023C4F8E4
:106CE000CC36D4F8D40620B104F0F4FC0023C4F868
:106CF000D436D4F8D00620B108F084FA0023C4F8C2
:106D0000D036D4F8600820B107F0D6FE0023C4F8CE
:106D10006038D4F8DC0620B107F0FEFB0023C4F88D
:106D2000DC36D4F8BC0608B105F081FDD4F8C00605
:106D300008B105F07CFDD4F8A00120B103F0F8FE05
:106D40000023C4F8A031D4F8F00620B106F0C2F94F
:106D50000023C4F8F036D4F8300720B1EDF37EF408
:106D60000023C4F83037D4F8A40620B105F03AFD6A
:106D70000023C4F8A436D4F8940620B104F070FFC0
:106D80000023C4F89436D4F8240120B108F06CF83C
:106D90000023C4F82431D4F8280120B103F0A6FD63
:106DA0000023C4F82831D4F8880420B106F0A8FAEA
:106DB0000023C4F88834D4F8E80520B104F0D2FDEB
:106DC0000023C4F8E835D4F8380620B1F9F7CEFF2F
:106DD0000023C4F838362046BDE8104004F0D4BB88
:106DE00070B5D0F88434056801220446A3F89020D9
:106DF000D5F8D8003C49E9F3A5F240B1D5F8D80060
:106E00003949D4F88464E9F379F2A6F89000D4F80B
:106E100084346422A3F84A20D5F8D8003349E9F332
:106E200091F240B1D5F8D8003049D4F88464E9F340
:106E300065F2A6F84A00D4F884346422A3F84C2002
:106E4000D5F8D8002A49E9F37DF240B1D5F8D80049
:106E50002749D4F88464E9F351F2A6F84C00D4F839
:106E600084346422A3F89220D5F8D8002149E9F3AC
:106E700069F240B1D5F8D8001E49D4F88464E9F32A
:106E80003DF2A6F89200D4F884340122A3F89620AB
:106E9000D5F8D8001849E9F355F240B1D5F8D80033
:106EA0001549D4F88464E9F329F2A6F89600D4F8D9
:106EB00084340422A3F89E20D5F8D8000F49E9F3C2
:106EC00041F240B1D5F8D8000C49D4F88464E9F314
:106ED00015F2A6F89E00D4F884346422A3F8942016
:106EE0000122A3F8982070BD079A0200239A02009D
:106EF000E3990200749B0200CD990200B59902004B
:106F0000F7B5036A044693F9FC00421C2CD02368B1
:106F100093F87C200A2A02D8FEF308F225E0D3F881
:106F2000D85014492846E9F3E9F113498DF80400D3
:106F30002846E9F3E3F111498DF805002846E9F305
:106F4000DDF100258DF806002E4601AF7857FEF3DF
:106F5000EDF176B2E8550135B042A8BF0646032DE3
:106F6000F6B2F2D1304600E00820236A83F8FC0034
:106F7000FEBD00BFF5990200FB990200019A0200D4
:106F80000368D0F8842470B5D3F8D8500323D371A4
:106F9000D0F8842404461372D0F88424444982F83B
:106FA000AD30D0F88424284682F8AE30E9F3A6F15B
:106FB00040B220B928463F49E9F3A0F140B2431E50
:106FC0000E2B0CD80128D4F8842401D1002302E030
:106FD000022804D10123D371D4F884241372D4F885
:106FE000843493F81C210AB10322DA71324928460D
:106FF000266AE9F383F186F8FC002046FFF780FF5C
:107000002E492846266AE9F379F186F8FD002046E4
:10701000FFF7E0FC236A93F8FD2083F8FE20216847
:1070200041F26B02D1F8D430186B904229D1226A18
:1070300092F9FC00082824DC9B6AD12B12D0E92BA2
:1070400010D0902B0ED08B2B0CD08D2B01D10D237B
:1070500015E0932B0AD1B1F87A301B051B0DB3F55F
:10706000826F01DC18230AE01B2308E08E2B01D17C
:10707000102304E0D62B01D0E42B02D1172382F891
:10708000FC30236840F27452D3F8D4309B6A9342A8
:1070900003D040F2C652934207D1236A93F9FC20F1
:1070A000082A02DC172283F8FC20012070BD00BFF3
:1070B000579A02001F9A0200959B0200519A020003
:1070C00010B504461C49806822460023F9F350F6A7
:1070D000C4F8E80170B3A068184922460023F9F308
:1070E00047F6C4F8000228B3A068154922460023D9
:1070F000F9F33EF6C4F85003E0B1A0681149224606
:107100000023F9F335F6C4F8540598B1A0680E4988
:1071100022460023F9F32CF6C4F8F40550B10023FD
:10712000A0680A492246F9F323F6C4F8C4070030E0
:1071300018BF012010BD00BF713D82005D018200BB
:1071400075EF81001DFD8100CD378200A5CF810044
:1071500070B5FF220446012384F8732484F8DB22EF
:1071600041F20101D4F8842400260376A4F85814CF
:107170006420032184F8400584F8763484F872642E
:10718000D171D4F8842440F62A151172A4F85A5407
:10719000A4F85C54A4F85E54A4F86054A4F86254B3
:1071A000A4F86454A4F86654A4F86E1440F62B15A1
:1071B0000221A4F86854A4F8701407250421A4F847
:1071C0006A54A4F86C14A4F82E06A4F8686384F832
:1071D0002062A4F82C6684F8346284F8236284F870
:1071E000216284F8F26484F8B06284F8276521682B
:1071F0004FF0FF3081F8533048632168204681F812
:107200004130216881F84230216881F8D1602168DD
:1072100081F84360216884F80E6284F80F62C4F834
:10722000506681F89430216881F8F530216881F842
:10723000F430216881F89D30216881F8343121686B
:1072400081F86931216881F82861216881F86161DC
:10725000216881F86A612268966684F8643384F84C
:10726000653392F84F10890718BF82F85230032314
:107270000125002284F8DC3184F8E4314FF44873AE
:10728000A4F8343584F85065A4F84E2584F8DC550C
:1072900005F096DD052384F82036236884F8206104
:1072A00084F8585683F8115123684FF0FF31A4F841
:1072B0007017A4F8541884F8736784F8A15784F8F9
:1072C000B05783F84251236883F84351236883F809
:1072D0005C61236883F86451236883F866512368EE
:1072E00083F86B51236883F86751236883F86851EA
:1072F000236883F83B612368C3F83C6170BD2DE9C6
:10730000F0470F469246002834D00468002C35D050
:107310004FF00008C14628E0D4F8C4023946404482
:10732000E8F300F2E8B9D4F8C8324FEA890653F816
:107330002930534515D1D4F8C43243445D6B013D27
:107340005D63EDB9184629463822E8F35FF1D4F8B9
:10735000C802294680190422E8F358F12846BDE8FE
:10736000F08709F1010908F13808236893F8B4306F
:107370009945D1DB6FF01D00BDE8F0876FF01D006F
:10738000BDE8F087F8B500250F4606682C4608E0F2
:10739000D6F8C40239464019E8F3C4F1383538B19B
:1073A0000134336893F8B4309C42F1DB6FF01D0474
:1073B0002046F8BD2DE9F0478A4611469846914689
:1073C0000468FFF7DFFF031E05DA2368002693F841
:1073D000B42035463BE0D4F8C822382042F8238058
:1073E000D4F8C42200FB0320436B01334363002025
:1073F000BDE8F087D4F8C43206F138019F5D9819D2
:107400001FBB49461F22E8F3D9F1D4F8C4320C99C6
:107410009E19089BC6F820A0B362099B3846736288
:107420000A9BF3620B9B3363D4F8183743F835108B
:1074300003EBC5020D9B5360736B01337363D4F888
:10744000C83243F82580BDE8F08701350E469542E5
:10745000D0DB6FF01500BDE8F0872DE9F04107683B
:107460000C4615469846D7F8CC02002604E003687F
:107470009C420BD0064600690028F8D111E0002399
:1074800003610EB1306101E0C7F8CC02069B80E8D1
:107490003001C3600020BDE8F0816FF01500BDE849
:1074A000F0811420EDF3C8F00028E8D1F5E70000E2
:1074B00013B500230446009321460068194AFFF7DC
:1074C000CCFF014658BBD4F888040322164B05F0C4
:1074D0007FFF014618BBD4F888040222134B05F045
:1074E00077FF0146D8B9D4F888040522104B05F07F
:1074F0006FFF014698B9D4F8880406220D4B05F0B9
:1075000067FF014658B9D4F8880408220A4B05F0F1
:107510005FFF002814BF4FF0FF30002001E04FF064
:10752000FF301CBDC9A381002DCC8100B12C82008D
:10753000F92E8200FD4E000029FD8100026810B581
:10754000D2F8CC0200230EE00468A14209D10169FF
:107550000BB1196101E0C2F8CC12EDF37FF000200D
:1075600010BD034600690028EED16FF01D0010BD6C
:1075700041F2E443984208D10023064A9A5A8A42CB
:1075800005D00233B3F58C7FF7D10020704701207E
:10759000704700BF5C9A02002DE9F043D0F85453C5
:1075A0000021C82287B004462846E8F32FF0642360
:1075B000EB85032385F8603000220123D4F85801BD
:1075C0004FF4805139F042D8FF28074605D1236A8D
:1075D000186919684DF094D90746236A6F8600210F
:1075E000A4F85674204607F46057B3F808801E6864
:1075F0000CF008DBB7F5205F05F1380908D0B7F5C6
:10760000C05F07D0B7F5805F14BF0A27142702E0D8
:10761000A02700E028270021FF238DE80A00D4F8E6
:107620008434029003971B794246049348463346BC
:107630005BF07ADA236893F84F309A0703D0EB882F
:1076400043F02003EB8007B0BDE8F08382B010B5B3
:1076500014246143D0F8D44203936350059B60180F
:107660004360069B02618360049BC360BDE81040D9
:1076700002B0704730B503680446DB6985B09A6D87
:107680004068D4F83C16DB6DF9F738FBC4F83806CF
:10769000002800F0DE81204604F068F9C4F8E8050F
:1076A000002800F0D981204605F04AFEC4F888047D
:1076B000002800F0D481204603F048F9C4F82801DE
:1076C000002800F0CF81204607F098FBC4F8240181
:1076D000002800F0CA81204604F0D6FCC4F89406C5
:1076E000002800F0D181204605F08EF8C4F8A406E9
:1076F000002800F0CC81204604F0F2FE002840F083
:10770000C981204604F04EFF002840F0C381204686
:1077100004F076FF002840F0BD81204604F0D4FF3D
:10772000002840F0B781204605F00AF8002840F014
:10773000B181204605F020F80546002840F0AA81D6
:107740000321D4F8A4060A4605F054F9C4F8BC068F
:10775000002800F0A281D4F8A40602212A4605F0F0
:1077600049F9C4F8C006002800F09A812946C04AA9
:10777000C04B20460095019407F084FBBE4B1A1DB8
:1077800007CA1B688DE80700082122462046FFF73C
:107790005DFF206806F062FA204606F065FFC4F837
:1077A0007804002800F07F81204606F0A7FFC4F887
:1077B0007C04002800F07981204607F035F8C4F8F1
:1077C0008004002800F07381204601F063FEC4F8B5
:1077D0001805002800F06D81A84B2046C4F85431EC
:1077E00001F0E8FDC4F83001002800F06481204673
:1077F00001F0A0FBC4F83401002800F05E812046AF
:1078000001F000FDC4F83801002800F0588120463E
:1078100001F092FC002840F05581204607F092FBD1
:10782000C4F85C01002800F05081204607F06CF994
:10783000C4F86008002800F04A8120682146A26848
:107840008F4B03F0CBFEC4F89802002800F0418172
:10785000204603F0BBFBC4F86001002800F03B8128
:10786000884B2046C4F82C3105F000FBC4F84401D5
:10787000002800F03281204607F01EFFC4F84801BE
:10788000002800F02C81204605F074FCC4F84C015F
:10789000002800F02781204602F0D6F8C4F8400105
:1078A000002800F021812368012283F8A1202046CE
:1078B00004F0EAF8C4F89C06002800F0178120467E
:1078C00007F09EFB002840F01381204605F0E4F904
:1078D000C4F85001002800F00D81204605F004F99D
:1078E000002840F00981204600F03CFEC4F87001F9
:1078F000002800F00381204603F09AFDC4F87801C7
:10790000002800F0FD80204607F010F8C4F87C0144
:10791000002800F0F880204607F010FFC4F874013A
:10792000002800F0F380204600F0BAFDC4F884017E
:10793000002800F0ED80204603F034FDC4F88801F3
:10794000002800F0E780204607F0BEFFC4F894014D
:10795000002800F0E180204600F06AFEC4F88C01A7
:10796000002800F0DB80204607F070FFC4F89C017F
:10797000002800F0D580204669F094DE60B12046F2
:1079800008F036F8C4F86408002800F0C9802368BD
:10799000012283F8322102E0236883F83201204675
:1079A00007F08EFAC4F8F806002800F0BB802046E5
:1079B00005F002FBC4F87C06002800F0B5802046E4
:1079C00005F0C4F8C4F88006002800F0AF80204617
:1079D00007F03EFCC4F8D006002800F0A980236818
:1079E000012283F8A320204600F0E2FEC4F8A0069E
:1079F000002800F09F80204603F0D4FFC4F8CC0696
:107A0000002800F09980204603F08AFEC4F8D406CE
:107A1000002800F09380204606F08EFDC4F8DC06B6
:107A2000002800F08D80236893F869313BB120462F
:107A300003F09CF8C4F8A001002800F083802046E1
:107A400005F022FBC4F8F00600280CBF76200020C9
:107A500079E04FF4967076E040F22D1073E04FF429
:107A6000977070E040F22F106DE04FF498706AE06C
:107A700019348200E5338200389A0200EFBEADDE91
:107A800041FF8100EFBEAD0D40F231105BE04FF4DD
:107A9000997058E040F2411055E040F2471052E032
:107AA0004FF4A4704FE024204DE025204BE0262029
:107AB00049E02A2047E0312045E0322043E040F20F
:107AC000F51040E04FF4FB703DE035203BE0BD2079
:107AD00039E0392037E03C2035E03E2033E040F209
:107AE0006D2030E03F202EE043202CE06A202AE089
:107AF000472028E0492026E0482024E04A2022E0D0
:107B000040F2E5201FE040F2E6201CE04B201AE0A6
:107B10005A2018E05B2016E05E2014E05F2012E09F
:107B2000632010E065200EE008480CE067200AE0C2
:107B30006C2008E06E2006E06F2004E0702002E078
:107B4000722000E0732005B030BD00BF50464D00EC
:107B5000F8B50446002800F0A6800FF099D9D4F8B3
:107B6000F415D0F1010638BF002621B1A068F9F361
:107B70007BF000B901362046D4F82C1305F00CDF59
:107B80002046D4F8DC1405F007DF2046D4F834137F
:107B900005F002DFD4F8400308B1ECF35FF5D4F848
:107BA000980220B103F070FD0023C4F89832276AD0
:107BB000B96911B1204661F09BD80025BD61D4F8A8
:107BC0006432595911B1204632F098DA0435202D2B
:107BD000F5D1D4F8580103F0B3FA2046FEF737FF89
:107BE000D4F8180520B101F031FC0023C4F8183591
:107BF0002046FEF772FF204602F042FA23688619FB
:107C0000D3F8D41031B1606802F035FA236800224D
:107C1000C3F8D4202368D3F8D80028B1ECF31EF5BC
:107C200023680022C3F8D820D4F8D05204E02846B4
:107C3000EF68ECF313F53D46002DF8D12146C4F86A
:107C4000D0522068FFF77AFC206818492246FFF7D7
:107C500056FBD4F8640118B107F09EF8C4F86451DB
:107C6000D4F89C0220B1ECF3F9F40023C4F89C3260
:107C7000D4F8F80448B1ECF3F1F40023C4F8F83474
:107C800003E02046616815F037D8D4F89422002A22
:107C9000F7D104F5C6600C30F8F7B2FF20466168F2
:107CA00001F08AF800E006463046F8BDDD560100D6
:107CB0002DE9F04F91B0002491461B9E9DF868205D
:107CC0000790DDF878B02046099198460892DDF8D3
:107CD00080A00C940D940E94E3F792FB4846314635
:107CE0001C9A1D9BCDF800B00CF031F8054608B188
:107CF000012376E3FEF71AFE0DAB01930EAB029360
:107D0000484631461C9A1D9BCDF800B002F0AEF9F2
:107D1000074618B901230C93044688E30D9848B12F
:107D2000AA49E8F30FF328B129462A46E8F3A6F05A
:107D30001FFA80F91F9B3046009341460CAA4B4620
:107D400001F06CF80446002800F0898305680E9A5B
:107D500046600D9BC5F8DC20D0F88424FF21C5F8CF
:107D6000D470C5F8D83082F86010426A0023C2612E
:107D7000079A0D938260964AC5F80C80C5F8A42036
:107D80006E610E93012280F84226D0F8E022C0F8FE
:107D9000A4B163F31722C0F8E022089A414685F89F
:107DA000212080F8CF31032380F84135FFF7D0F947
:107DB000236804F5C662DB696068196E0C32F8F757
:107DC000E2FE0746002840F032832046394605F09F
:107DD00007D8204607993246434606F045FFC4F8C7
:107DE000640108B90F23FCE27A4B28468DE888002D
:107DF000794B7A4904937A4B7A4A05932346029742
:107E00000397FFF7D7FA08B11023EAE2089B1C9A00
:107E10008DE848001D9B02920393204609994A462B
:107E20004346CDF810B002F01DFA0C90002840F047
:107E3000FE822369D86FFEF76AFAA4F84006B4F808
:107E4000AA010DF0CFD9003018BF01200A3054F834
:107E500020300AA9236220692FF0FCDF00283DD1E1
:107E60000A9B0746C4F8B03139460FAA204604F0F1
:107E7000ADDC39462046BDF83C20013704F0AADCD1
:107E8000062FF1D14FF44073C5F8E8302A23C5F826
:107E9000B8303223C5F8BC3036234FF47D62C5F8C4
:107EA000C43040F2D453A5F8CA20A5F8C0304FF42E
:107EB0005D72002385F8B670A5F8C82084F8943761
:107EC000D5F8B830842B02D98423C5F8B8304FF4E4
:107ED0000470ECF3B1F3C4F89C0208B9142380E2F7
:107EE0004FF404720021E7F391F322460023D2F805
:107EF000A002D4F89C12043241F82300D4F89C125A
:107F000051F823108B710133042BF0D1012385F834
:107F10009330236A1869EEF7A1FF00F0010085F89D
:107F20005400236A1869EEF799FFC0F3C00085F882
:107F300055002946204607F0EDF92B49D5F8D80021
:107F4000E8F3DCF1D5F8D42040F26E51936A07468D
:107F50008B4208D0126B41F26B018A425AD1D12B6D
:107F600001D0E92B12D1D4F88434192283F84920A6
:107F7000D4F884344FF0FF325A64642283F87A20B4
:107F8000D4F88434012283F8302059E0B3F5897F96
:107F900011D8B3F5887F32D8F52B07D8F42B2ED221
:107FA000E42B2CD0EF2B2AD0D62B27E0A3F5877318
:107FB000012B45D823E0B3F59A7F17D2B3F5987F0C
:107FC0001DD840F21712934218E000BF839B0200B5
:107FD00000315F0701638200EC56010008D688007B
:107FE000514F0000DD560100899B0200B3F59A7FD6
:107FF00026D9B3F59B7F02D9B3F5A57F20D1D4F85C
:108000008434322283F87A20D4F88434642283F8CA
:10801000492010E041F2E4418A4211D140F2DA52A3
:1080200093420DD1D4F88424642382F87A30D4F8B2
:10803000842482F84930D4F884344FF0FF325A64F3
:108040002046FEF7CDFED4F884341922A3F8AA20E6
:10805000204607F07FF8D4F88434226A1978106932
:10806000DA784EF0D1D8D4F878364FF0010983F899
:108070003490E1692069043103F0D7FD236AD4F814
:1080800084B418694EF0D8D9CBF8400004F5E47BED
:10809000206959462EF064DF0622281D5946E7F371
:1080A00031F2B4F8AA010DF09DD8003018BF0120BC
:1080B0000A3054F8203020462362FEF761FF08B9E9
:1080C00018238EE1216A0F2340F2FF32A1F800311C
:1080D000A1F8022101F1F80301F1F402204601F0B8
:1080E0001BFC236AD3F8F420C3F8F020C3F8E8207F
:1080F000D3F8F820C3F8EC201A68022A08BF83F8E6
:10810000159007F00103002B0CBF0323002385F813
:108110004F30236A1869EEF7A1FE10F4006023685F
:1081200006D093F84F2002B1012283F8512001E0DC
:1081300083F85100216A20461C3106F06DDA0021D7
:108140002046D4F820900BF05DDD00227F2309F15A
:10815000500100930190134609F11C005AF020DDF4
:10816000204664F02FDF40F2CC63C4F82836204666
:10817000FFF780FA0C90002840F05981D4F8800471
:1081800002219DF92C2059F0F9DD20464146FEF7E9
:1081900097FF10B94FF47A7323E1204602F0F4FF01
:1081A000C4F8580110B940F2E9331AE12046FFF74C
:1081B000F3F92046314614F07FDD10B940F2EB337D
:1081C0000FE1C4F8BC05C4F8C0053146204614F0E0
:1081D00073DD10B94FF47B7303E10123C4F8C405C8
:1081E00085F8A830204602F045FC10B140F2ED338E
:1081F000F7E00623A5F86030A5F8623095F89C30CA
:10820000012B04D14022A5F86020A5F86220D5F802
:1082100088300A221A804FF454725A80D5F88C3074
:108220000126C4221E805A80D4F830011FF0C8DD18
:1082300008B184F80E62B4F8E13243F4C05343F05D
:108240001E03A4F8E132236A1869EEF707FEC1069F
:1082500007D5D4F8843401229A74D4F88434FF22E8
:10826000DA74B4F8E1224FF2FF731340D4F8842497
:10827000A4F8E132D278012A07D123F4006323F075
:108280000C031B041B0CA4F8E132FF26022101227F
:1082900084F8E06284F8DF6284F8DE62204603F04E
:1082A000BDDB01213246204603F0B8DB236A4FF0E4
:1082B000FF38C4F814821869EEF7D0FD10F00406F8
:1082C000204605D00321FEF3C3F684F81C8204E0A7
:1082D0003146FEF3BDF684F81C62236A1869EEF796
:1082E000BDFD3A0702D5002384F81C32FB0603D5F6
:1082F00020460021FEF3ACF6BE070ED5A26A00238D
:1083000082F84D30E26A82F84D30B4F8E13223F061
:1083100080031B041B0CA4F8E132780703D5204628
:10832000002164F0D5DF390607D5B4F8E13223F037
:1083300010031B041B0CA4F8E13295F84130A3B1E3
:1083400095F842308BB117F0600F0ED007F0200186
:10835000D1F1010107F0400238BF0021D2F1010242
:10836000204638BF002200F00FFFB4F8AA010CF03D
:1083700039DF003018BF012000F10A0654F82670DA
:10838000D4F868122046384A3B4660F06FDCB8618A
:1083900054F82610886910B940F24C4321E050315E
:1083A00028223C30E7F3AEF01420ECF34BF1C4F894
:1083B000300710B940F24D4313E0AB6D204643F057
:1083C0000403AB650EF078DD2046FFF771F810B1BD
:1083D0004FF4FA6305E0204603F0DEF818B140F2EE
:1083E000D1730C9323E023682049D3F8D800E7F336
:1083F000A9F770B10346184613F8012B1AB11C49AE
:108400008A5C5207F7D500210A22E7F337F5C4F852
:108410008406A0680021F8F3A7F4012384F8A837A4
:10842000BAF1000F17D00023CAF8003013E00D98FE
:1084300020B1ECF313F100230D930E9314B12046F9
:10844000FFF786FBBAF1000F04D00C9B0024CAF89A
:10845000003000E05446204611B0BDE8F08F3046B1
:10846000394601F008FEE2E710570100489A020081
:108470000AA0880038B5044670B10568214628680E
:10848000FFF75CF8286805492246FEF738FF2046CA
:10849000BDE83840ECF3E2B038BD00BF165701002C
:1084A00070B5066A8EB005463820ECF3CBF0044672
:1084B00000282FD01B4B05600093002301930293EB
:1084C00003930493059328681749184A2346FEF737
:1084D00071FFF8B9164B214600932868154A02230C
:1084E000FEF7BBFF0546A8B929461C2204F10B0084
:1084F000E7F38CF03069316807AA4CF025DA23469F
:1085000007AAD97AAA5C01350A43DA7201331C2D15
:10851000F6D103E02046FFF7ADFF002420460EB061
:1085200070BD00BFC54F830084E18800165701006D
:1085300074E188007D4F830038B5044670B105684A
:1085400021462868FEF7FAFF286805492246FEF70B
:10855000D6FE2046BDE83840ECF380B038BD00BF01
:108560001A57010030B5054687B00C20ECF36AF0CD
:10857000044600283FD000230560012100930190AC
:10858000204A2846204B02F037FA0028606032DB90
:108590001E4BD5F894068DE81800052121221C4BAE
:1085A00003F0F2FB38BB1B4BD5F894068DE818009E
:1085B00005212422184B03F0E7FBE0B9174B01908B
:1085C0000093029003900490059015492868154A7D
:1085D0002346FEF7EFFE70B9134B2868009321463F
:1085E000124A0323FEF739FF28B92A680123A36042
:1085F00082F8A93003E02046FFF79EFF00242046C2
:1086000007B030BD7954830075548300C155830091
:108610007D548300915683009D5483004D55830003
:10862000C0E188001A570100A8E18800D1548300F6
:1086300030B5054687B000286DD00820ECF302F075
:108640000446002868D0002305601421009301909F
:10865000354A2846354B02F0CFF9002860605EDBD2
:10866000334B4FF498718DE818006B22D5F89406BF
:10867000304B03F089FB002851D12F4B05218DE8A9
:1086800018006B22D5F894062C4B03F07DFB0028D4
:1086900045D12B4B4FF490718DE818006C22D5F822
:1086A0009406284B03F070FB002838D1264B4FF47A
:1086B00090718DE818006F22D5F89406234B03F0D3
:1086C00063FB00282BD1224B0A218DE818006E2273
:1086D000D5F894061F4B03F057FB00281FD10095D7
:1086E000D5F894060A216E221B4B03F003FEB0B9A5
:1086F0001A4B019000930290039004900590286813
:108700001749184A2346FEF755FE40B92B68012247
:1087100083F8AC2000E00446204607B030BD204678
:10872000EBF39CF70024F7E7215C8300015C8300F6
:10873000395E8300555C8300195E8300355C8300DD
:10874000595E8300815C8300C55E8300C15C830049
:10875000F15E8300ED5C8300E15B8300195D8300C3
:10876000D8E188001E57010010B5044650B10368D7
:10877000054918682246FEF7C2FD2046BDE81040B4
:10878000EBF36CB710BD00BF1E57010010B50446D7
:1087900050B10368054918682246FEF7B0FD20462F
:1087A000BDE81040EBF35AB710BD00BF999B020023
:1087B00070B5054686B00820EBF33EF70446002866
:1087C00000F0B9805F4B05604FF490710093019009
:1087D0003022D5F894065C4B03F0D6FA002840F01E
:1087E000AA805A4BD5F894068DE818004FF4907182
:1087F000F422574B03F0C8FA002840F09C80554BF8
:10880000D5F894068DE818000A21F422504B03F0A5
:10881000BBFA002840F08F804F4BD5F894068DE8C6
:1088200018004FF49071A0224C4B03F039FB002844
:1088300040F081804A4BD5F894068DE81800052158
:108840003022484B03F0A0FA002874D1464BD5F8EB
:1088500094068DE818000521F422444B03F094FAA5
:10886000002868D1424BD5F894068DE81800052100
:10887000A022404B03F014FB00285CD1D5F89406ED
:10888000052130223C4B009403F034FD002852D1E6
:10889000D5F894060521F422384B009403F02AFD04
:1088A000002848D1D5F894060521A022344B009425
:1088B00003F0A6FD00283ED1D5F89406C021302251
:1088C000304B009403F016FD002834D1D5F89406FF
:1088D000C021A0222C4B009403F092FD58BBD5F888
:1088E0009406C021F422294B009403F003FD10BB31
:1088F000D5F894060A21F422254B009403F0FAFCE3
:108900000646C0B98DE8110001212846214A224BB4
:1089100002F072F8002860600DDB204B28688DE8BB
:1089200048001F491F4A234602960396049605965F
:10893000FEF740FD18B12046FFF728FF002420462F
:1089400006B070BD59638300216383003BA1000022
:10895000D59C0000E5A000006D6383003D638300AB
:10896000996283002161830077A0000031A000009C
:10897000E962830071618300A96183000D9D00009D
:108980001D6283003D668300556683005D9C000088
:108990008F9C00008563830081638300B96483003A
:1089A00038E28800999B02002023402180E80A00D9
:1089B000C0F8B010C16218214FF4F0628163016405
:1089C00001651D212DE9F04182600B251022C16552
:1089D00005210A24C2604561856142620425C0F810
:1089E000B820016680224FF4F0714FF48066046174
:1089F000C4618562012409254FF0140C42631127DC
:108A0000082281664FF027080321C0F8B4300462C1
:108A10004466C46443658567C0F830C0C263876537
:108A2000C66606674167C0F87C80C0F8A440B024E1
:108A3000C0F8C0404824C0F8C4406024C0F8845046
:108A4000C0F88850C0F8C84002253024C0F8E03093
:108A5000C0F8F030D3234FF01208C0F88C50C0F8A3
:108A60009050C0F89C50C0F8A050C0F8CC404FF4D3
:108A7000FA650624C0F8F4300023C0F88080C0F8FE
:108A800094C0C0F89810C0F8A810C0F8AC20C0F886
:108A90000021C0F80421C0F8D040C0F8D470C0F85C
:108AA000D850C0F8DC20C0F8E840C0F8E460C0F856
:108AB000FC30C0F8F810BDE8F08101207047704725
:108AC00038B50446D0F82C0320B1EBF3C7F50023EA
:108AD000C4F82C33D4F8340320B1EBF3BFF50023F2
:108AE000C4F83433D4F8180730B1236823B1EBF35A
:108AF000B5F50023C4F81837D4F8C40218B12368B8
:108B00000BB1EBF3ABF5D4F8C8020025C4F8C4529E
:108B100028B123681BB1EBF3A1F5C4F8C852D4F80F
:108B2000640208B1EBF39AF5D4F854030025C4F8B5
:108B3000645218B1EBF392F5C4F85453D4F814030B
:108B400020B1EBF38BF50023C4F81433D4F8D4022E
:108B500008B1EBF383F500256319D3F8A032D3F8FD
:108B6000E00008B1EBF37AF50435102DF4D1D4F818
:108B7000A00208B1EBF372F5D4F8840420B1EBF352
:108B80006DF50023C4F88434D4F8DC0420B1EBF391
:108B900065F50023C4F8DC34D4F8280520B1EBF3E4
:108BA0005DF50023C4F8283538BD10B50C46D1B1A9
:108BB000C86918B1EBF352F50023E361D4F88800DB
:108BC00020B1EBF34BF50023C4F88830D4F88C00C7
:108BD00020B1EBF343F50023C4F88C302046BDE808
:108BE0001040EBF33BB510BD70B504464FF4B870C0
:108BF0001646EBF327F50546A8B14FF48470EBF366
:108C000021F5E86178B13146FFF7CEFE4FF454709C
:108C1000EBF318F5C5F8880028B1C420EBF312F582
:108C2000C5F88C0020B929462046FFF7BEFF002575
:108C3000284670BD2DE9F0411D4600260368C0F8A6
:108C4000C46293F8B430044638205843EBF3FAF486
:108C5000C4F8C402002855D0236893F8B4008000FB
:108C6000EBF3F0F4C4F8C80210B940F2F53394E025
:108C70004FF40070EBF3E6F4C4F81807002800F096
:108C80009580C4F864622020EBF3DCF4C4F864023D
:108C900010B94FF47E7380E0C820EBF3D3F4C4F82E
:108CA000540310B940F2F23377E04FF4B870EBF3AD
:108CB000C9F4C4F8840410B940F2F9336DE080209F
:108CC000666AEBF3BFF4B06210B940F2034364E0AC
:108CD0004FF48470EBF3B6F4C4F82C0310B940F2EF
:108CE000EF335AE04FF48470EBF3ACF4C4F8340380
:108CF00010B94FF47C7350E01220EBF3A3F4C4F8E6
:108D0000140310B94FF47D7347E0B420EBF39AF4E9
:108D1000C4F8D40210B940F2F6333EE04FF4647068
:108D2000EBF390F4C4F8A002F0B100F1E403C4F84E
:108D3000A43200F5E47300F52B70C4F8A832C4F82F
:108D4000AC02264604F110072368D6F8A082DB693E
:108D5000D3F8D4004001EBF375F4C8F8E000D6F87E
:108D6000A032D3F8E00010B940F2F73315E0043632
:108D7000BE42E9D14FF48470EBF364F4C4F8DC0430
:108D800010B940F2FB3308E04FF48670EBF35AF46D
:108D9000C4F8280520B940F2FF332B60BDE8F0810C
:108DA0003820EBF34FF4C4F8780610B94FF4816320
:108DB000F3E70120BDE8F08138B50D4604460028F0
:108DC0002BD0FFF77CFE20462946FFF779FEA06AEC
:108DD00008B1EBF343F4636A5BB1986A20B1EBF33B
:108DE0003DF4636A00229A62606AEBF337F4002371
:108DF0006362D4F8780620B1EBF330F40023C4F8B2
:108E00007836216821B12846FFF7CFFE0023236082
:108E10002046BDE83840EBF321B438BD2DE9F341DD
:108E2000064640F67400884615461F46EBF30AF4E2
:108E3000044610B940F2EA3310E02623C0F8E035CA
:108E4000C0F8E435089B4146C0F81C373A46304626
:108E5000FFF7CAFE206018B940F2EB332B602DE01B
:108E600040231A4A80F8B430236812680460C3F8BB
:108E700098204FF40870EBF3E5F3A06240B100F5E1
:108E80008870E0622C20EBF3DDF3606230B902E021
:108E900040F2F233E2E740F2F333DFE720463146B7
:108EA00042462B460097FFF7C5FE38B120463146B3
:108EB00042462B460097FFF700FE20B92046314678
:108EC000FFF77AFF00242046BDE8FC81440400003F
:108ED00003680B22DB69C3F8BC205A619A617047B2
:108EE00010B50446F8B1D0F8500208B1EBF3B6F370
:108EF000D4F8E80220B1EBF3B1F30023C4F8E83270
:108F0000D4F8FC0320B1EBF3A9F30023C4F8FC333D
:108F10002368054918682246FEF7F1F92046BDE8A6
:108F20001040EBF39BB310BD6E7D890080F8C01339
:108F300070470000F0B587B00546FFF7C9FF4FF452
:108F40008160EBF379F30446002800F0D48000211F
:108F50004FF481624026E6F359F3256084F8E1631B
:108F6000BC20EBF369F3C4F85002002800F0BA808B
:108F70000021BC22E6F34AF30123A3726373A373B7
:108F8000E373A37494F8E13300223F2BE67498BF97
:108F9000E374FF2384F828300B2322746274227355
:108FA000E2720521022284F8DE33002384F82710C0
:108FB00084F82D2041F2285084F82C3060852868F0
:108FC00090F89C00217501280CBF0120104684F800
:108FD0002E00012084F8C0034FF40060A275606386
:108FE000224621460520D0750220D07723B94FF4C0
:108FF0008070A4F8E40302E02020A1F8E403013328
:1090000001320231082BEDD100260127204641F222
:10901000285184F82F6084F8307018F0D1DA0221DA
:10902000204685F8DA721AF011DE84F8D86304213C
:109030002846324A324B0096019401F0DDFCB042E2
:10904000C4F800044EDB042128462E4A2E4B00961D
:10905000019405F017FFB042606043DB4FF43E70AF
:10906000EBF3EAF2C4F8E80200283BD031464FF4B3
:109070003E72E6F3CBF21020EBF3E4F2C4F8FC030B
:1090800000282FD0214B28680093214B21490193C0
:10909000214B224A03932346029604960596FEF737
:1090A00089F9F8B91E4B84F854721A1D07CA8DE865
:1090B000070022461B6828460721FEF7C7FAFF2350
:1090C00084F8DD332B68204693F841101BF03CDD1B
:1090D000C823C4F8EC3220461BF04AD8202384F879
:1090E000E23308E0D4F8500208B1EBF3B7F22046BF
:1090F000EBF3B4F20024204607B0F0BD01918300E9
:10910000E5908300A19183008191830061998300A0
:1091100099B783005CE2880015AA83006E7D890000
:10912000A09B0200024618B100680249FEF7E7B8AA
:10913000704700BF5D89890010B5044686B00E49AE
:109140000E4A234600680AF0F1D90D4B20680093BF
:109150000023019302930393049305930949064A5C
:109160002346FEF727F920B12046FFF7DBFF4FF03B
:10917000FF3006B010BD00BF5D89890021CF83009C
:1091800015CE83004CE3880038B50446D0F834018E
:109190001546FFF7CBFED4F838012946BDE8384024
:1091A00000F02CB810B50446002824D0416969B1FC
:1091B00090F829301BB103689868F7F355F52368D8
:1091C00061699868F7F3BCF500236361A06908B191
:1091D000EBF344F2E06918B1EBF340F20023E361F2
:1091E0002368054918682246FEF789F82046BDE83D
:1091F0001040EBF333B210BD7686890080F828105A
:109200007047000070B5054686B03420EBF314F2C9
:109210000446002800F0928000213422E6F3F6F1A3
:109220004023256084F82A305020EBF305F2A0613A
:1092300000287BD000215022E6F3E8F1012384F8D6
:10924000203084F8213084F8223084F8233084F8E8
:10925000243084F8253084F8263084F827302372AF
:109260001023637294F82A300F2B98BF63722B6A15
:1092700000261869EDF7F2FD4FF47A73E381C823F5
:10928000238200F01000012300280CBF05200720D6
:1092900084F8283003232073E3722046A6721DF061
:1092A000FDDC04212846274A274B0096019401F053
:1092B000A3FBB042206339DB04212846234A244B18
:1092C0000096019405F0DEFDB04260602EDBA868D8
:1092D000204922463346F7F34BF5606130B34FF433
:1092E000BA70EBF3A9F1E06100B331464FF4BA7202
:1092F000E6F38CF1184B28680093184B184901933A
:10930000184B194A0393194B02960493184B059373
:109310002346FEF74FF8064640B92B68204693F8DF
:1093200042101DF06DDC84F8296007E0A06908B1E7
:10933000EBF394F12046EBF391F10024204606B0C4
:1093400070BD00BF05DF8300EDDE830061DF8300B9
:1093500041DF830071E28300DDDF830045E58300A8
:1093600088E3880029E1830076868900445701005C
:1093700025A300000023037440F6FB63C3817047FC
:1093800010B5044690B11EF025D960680849224600
:10939000FDF7B5FFE06E08B1EBF360F1206EEBF383
:1093A0005DF12046BDE81040EBF358B110BD00BFA1
:1093B0006E88890030B5054687B07020EBF33CF12C
:1093C0000446002834D000217022E6F31FF12B68F8
:1093D000256063601820EBF32FF1206620B3002195
:1093E0001822E6F313F16420EBF326F1E066D8B11E
:1093F00000216422E6F30AF10F4A104B0292104A50
:1094000000930023019303920493059360680D4930
:109410000D4A2346FDF7CEFF30B901236382A382B4
:109420002046FFF7A7FF03E02046FFF7A9FF00242F
:10943000204607B030BD00BFDDF1830095EE83000C
:1094400075F08300DCE388006E88890070B50446FF
:10945000E8B18569C669284600F016F9616C41B12A
:10946000A868F7F301F4A868616CF7F369F40023C6
:109470006364224630460649FDF741FF28682146CD
:10948000FEF75CF82046BDE87040EBF3E7B070BD36
:10949000826A89002DE9F0433C234FF005090A2731
:1094A000D0F80080C0F80435C0F80895C0F81075F1
:1094B00087B00446A020EBF3BFF00546002800F07B
:1094C000B1800021A0220026E6F3A0F02E70AC614E
:1094D000C5F81C80284620F0AFDF0421A862554A59
:1094E000204633460096019501F086FAB042A86600
:1094F000C0F29880204600F0E1F80646002840F0CF
:109500009180A0684C492A463346F7F331F46864E9
:10951000002800F08780494B40460093484B49495A
:109520000193494B494A02932B46039604960596AC
:10953000FDF740FF0346002874D1009029462068BB
:10954000434AFDF78AFF014600286BD1D4F888040E
:109550000122404B03F03CFF002863D13E4BD4F87E
:1095600094068DE81800394601223C4B02F00CFCB1
:10957000002857D13A4B32228DE81800D4F89406CF
:109580003946384B02F000FC024600284AD1D4F894
:1095900094064946344B009402F0ACFE002841D1B9
:1095A000D4F8940649460122304B009402F0A2FE02
:1095B000002837D1D4F89406494632222C4B009427
:1095C00002F098FE70BBD4F894064946A422294BB9
:1095D000009402F015FF28BBD4F8940649463022C7
:1095E000254B009402F086FEE0B9D4F89406C02121
:1095F0002D22224B009402F07DFE98B9D4F89406F7
:1096000090212D221E4B009402F0D6FC50B9D8F8C0
:10961000D8001C49E6F372F64FF47A7390FBF3F32B
:109620006B8103E02846FFF711FF0025284607B0AD
:10963000BDE8F08301FD8300DD16840009FD830091
:10964000AD0F8400A8E4880089118400826A890033
:1096500065068400F9078400F5138400A5118400D1
:10966000D91384009511840091128400C9128400DA
:1096700055128400791384000D138400A91484000A
:10968000A51484006885890038B5D0F814550446BF
:1096900075B10849024660F0B5D9074922462068ED
:1096A000FDF72DFE2846EAF3D9F70023C4F8143558
:1096B00038BD00BF1139840066570100F0B504467B
:1096C00087B04FF40A60EAF3B7F7054620B9C4F84B
:1096D00014054FF0FF3005E100214FF40A62E5F375
:1096E00095F7226805F120032B60002608236B61A3
:1096F0002E61F821D36520467B4A7C4B009601946D
:1097000005F0C0FBB042A86105DA2046FFF7BCFFB8
:109710006FF00100E6E0764B002243F8042BF207DD
:109720001FD5744901270A780D2A07FA02FE03DCC7
:10973000D21917FA02F001E04FF40040CA78012173
:1097400011FA02F70D2A47EA0E0747EA000003DC88
:10975000521811FA02F201E04FF40042024343F8BA
:10976000042CB00723D5634901274A7853F804EC49
:109770000D2A07FA02FC03DCD21917FA02F001E005
:109780004FF400408A78012111FA02F70D2A47EAC6
:109790000C0747EA000003DC521811FA02F201E05C
:1097A0004FF40042024342EA0E0243F8042C7107D0
:1097B00023D5504901270A7953F804EC0D2A07FAFA
:1097C00002FC03DCD21917FA02F001E04FF400406A
:1097D0004A79012111FA02F70D2A47EA0C0747EAF4
:1097E000000003DC521811FA02F201E04FF40042CB
:1097F000024342EA0E0243F8042C320723D53D49C6
:1098000001278A7953F804EC0D2A07FA02FC03DCDD
:10981000D21917FA02F001E04FF40040CA79012191
:1098200011FA02F70D2A47EA0C0747EA000003DCA9
:10983000521811FA02F201E04FF40042024342EAE8
:109840000E0243F8042C0136102E7FF465AF2A4B2C
:10985000002103932068294A234600910191029137
:1098600004910591FDF7A6FD70BB0121D4F8880491
:109870000A46234B03F0ACFD48BBD4F88804012111
:109880000222204B03F0A4FD20BB1F4BD4F894060A
:109890008DE81800802105221C4B02F0F3F9E0B995
:1098A0001B4B1A1D07CA8DE80700204603212246DC
:1098B0001B68FDF7CBFE20461649224660F09CD877
:1098C00070B9C4F814550DE06FF003000AE06FF0B2
:1098D000040007E06FF0050004E06FF0060001E00F
:1098E0006FF0080007B0F0BDC5388400453884002B
:1098F0007465010060E188000D3284006657010044
:10990000CD2F840009368400F9398400FD318400AC
:10991000B09B02001139840070B51E468B89154634
:1099200042F2560293420C4608D842F25502934244
:109930002DD242F25002934229D108E042F2600255
:1099400093421AD04EF2F542934220D11AE0CB89CD
:10995000012B04D16FF03B032B600F2303E06FF06A
:1099600045032B60142333600368D3F88030D90497
:1099700012D52B68023B2B600EE06FF04A032B6080
:109980000F2308E06FF095032B60962303E06FF040
:109990004A032B6014233360D4F8080130B300214C
:1099A0004022E5F333F6D4F8082180231370D4F86D
:1099B000082129685170D4F808219370D4F808312F
:1099C0003268DA70D4F80831BF221A71D4F808313D
:1099D00000225A71D4F808310322DA8046221A8113
:1099E0000A225A8101229A810A22DA81D4F80C01D2
:1099F00028B100211022BDE87040E5F307B670BD24
:109A000010B50446E0B103680E4918682246FDF718
:109A100076FCE36833B1214651F80C3BD3F83C06A1
:109A2000F7F712F9A36833B1214651F8083BD3F890
:109A30003C06F7F709F92046BDE81040EAF30EB6F8
:109A400010BD00BF969F890070B5054686B01020F6
:109A5000EAF3F2F50446002837D000211022E5F39E
:109A6000D5F5D5F83C06E421194A04F10803F7F7C7
:109A7000DFF830BBD5F83C06E821164A04F10C03A8
:109A8000F7F7D6F80646E0B98DE81100042128461C
:109A9000114A124B05F0F6F90028606011DB104BFB
:109AA000286800930F4B10490193104B104A039301
:109AB0002346029604960596FDF77CFC08B92560BE
:109AC00003E02046FFF79CFF0024204606B070BD4F
:109AD0006B57010071570100DDBD84009DBD8400FE
:109AE00075B6840051BE840050E6880079B68400C3
:109AF000969F890001207047012970B50E461446D3
:109B000007D1174B03211046D3F8B8300A469847BF
:109B100070BD19BB124BD3F8C050FFF7EBFF3146B5
:109B200002462046A847204601213246A847204643
:109B300002213246A847204603210122A847204699
:109B40004FF481710122A84720464FF480713246BC
:109B5000A847204640F201113246A84770BD00BF19
:109B600010A78800806C20381F2805D8802333FA7E
:109B700000F000F00100704700207047C16FB0F89E
:109B80004E3010B58A6AB3B1FF2B16D9180B0138C5
:109B9000012814D803F47060000A09280FD878B19E
:109BA00003F0F00090280AD803F00F0009288CBFBA
:109BB0000020012004E0184602E0012000E000201F
:109BC0000C6B41F2E4418C4215D1A2F58261073958
:109BD000012903D83F2B98BF002010BD40F20C4153
:109BE0008A4207D040F221418A4204D1502B98BFCB
:109BF000002010BD002010BD90F8763010B504464E
:109C00003BB9044B04491A682CF03CDA012384F870
:109C1000763010BD78B802007CB8020070B50C46F2
:109C20000546164608460A220021E5F3EFF463884C
:109C30001E432B6D6680980603D5238843F480630A
:109C40002380D5F8943042F25002198C914205D10C
:109C50005B8C052B9CBF46F00406668070BD00003F
:109C6000D0F880000149E6F36DB300BF119C0200FB
:109C700010B504460C20EAF3DFF4C4F80C0138B147
:109C80000C220021E5F3C2F4D4F80C3110229A72B0
:109C900010BD10B50446D0F80C0120B1EAF3DEF493
:109CA0000023C4F80C3110BD70B5064605460024EB
:109CB000686938B1064B1B68984730462146002238
:109CC0003BF03ADE01340435062CF1D170BD00BF03
:109CD00010A788002DE9F043046985B00546EC2003
:109CE000A66FEAF3A9F43062002875D01020A66FA1
:109CF000EAF3A2F4706200286ED0002637460F21E6
:109D00006846384A3346E5F3E7F4D4F880006946FC
:109D1000E6F318F308B10137BFB2013640F2F13370
:109D20009E42ECD137B9D4F880002F49E6F30AF30C
:109D3000002843D0B8000630EAF37EF4C5F85C068C
:109D4000002849D00023838000260F216846254A39
:109D50003346E5F3C1F4D4F880006946E6F3F2F245
:109D600098B1D5F85C866946D4F88000B8F80490BC
:109D7000E6F3C4F208EB89031881D5F85C369A88BB
:109D800003EB82010132CE809A80013640F2F1333A
:109D90009E42DAD1D4F880001349E6F3D3F2D5F825
:109DA0005C6650B1D4F880000F49E6F3A7F2D5F80D
:109DB0005C36012270801A7000E03070A36F586A20
:109DC00060B1012303808380C38003810223438128
:109DD00004238381002001E06FF01A0005B0BDE884
:109DE000F08300BF629C02006F9C02002DE9F04FDF
:109DF0000568C6682B688FB0DF69002304460093AE
:109E000088460BA80921944A3346E5F365F4D4F853
:109E10001490B9F1000F40F01081D4F888103A681E
:109E200001F50071E06FD4F808A00992D7F804B0EA
:109E3000FAF798FE0146A868FCF776FD002800F0C6
:109E400005810921844A0BA83346CDF80090E5F33B
:109E500043F4E26FD4F88810B8F1000F02D001F596
:109E6000007300E04346099801F50871B8F1000F4E
:109E700008BF002001900091CDF808B0B9684FF0FC
:109E8000FF390391CDF81090F968DFF8DC81059176
:109E9000D5F8E015504606910BA9CDF81C80FAF7CD
:109EA000D1FC0546002800F0D1802A466B4B2046A5
:109EB0000021FFF721FE2A46204600213BF03CDD31
:109EC00000250921644A33464FF0010B0BA8CDF859
:109ED00000B0E5F301F400953A68D4F888300192B7
:109EE00050460BA9E26F03F5107302950395CDF868
:109EF000109005950695CDF81C80FAF7A3FC07464F
:109F0000002800F0A4803A46544B20462946FFF72B
:109F1000F3FD59463A4620463BF00EDD4FF0020B6A
:109F200009214D4A33460BA8CDF800B0E5F3D4F330
:109F3000099AD4F88830019250460BA9E26F03F5D4
:109F40002073009502950395CDF810900595069520
:109F5000CDF81C80FAF776FC0746002877D03A4601
:109F60003E4B20462946FFF7C7FD59463A46204654
:109F70003BF0E2DC4FF0030B0921374A33460BA8D4
:109F8000CDF800B0E5F3A8F3099AD4F8883001922F
:109F900050460BA9E26F03F53073009502950395C7
:109FA000CDF8109005950695CDF81C80FAF74AFC7F
:109FB000074600284BD03A46284B20462946FFF753
:109FC0009BFD3A46204659463BF0B6DC0427334613
:109FD0000921214A0BA80097E5F37EF3099AD4F8EA
:109FE0008830019250460BA9E26F03F5407300954B
:109FF00002950395CDF8109005950695CDF81C8037
:10A00000FAF720FC064608B3324620462946134B91
:10A01000FFF772FD3246204639463BF08DDC26467E
:10A02000706930B10E4B0F49D3F88C309847C6F8A1
:10A03000C00001350436062DF2D1D4F89410204624
:10A0400008310022FFF7EAFD012700E00746384605
:10A050000FB0BDE8F08F00BFE29B0200F05D010091
:10A0600010A78800D4318900C403000010B5BDE8F2
:10A070001040FCF77DBA11B10846FCF721B87047D3
:10A08000F8B504690546002C42D0E06F08B1FCF732
:10A090004DF82046FFF708FED4F89460B4F8460067
:10A0A0000BF0A0D8706A28B103F04BFC00230746E0
:10A0B000736200E00746D4F8900003F021FC00260C
:10A0C0003F18D4F88C0004F0D9F92046C4F8806019
:10A0D000E667FFF7DEFDD5F85C0618B1EAF3BEF2DD
:10A0E000C5F85C66A36F186A20B1EAF3B7F2A36FF4
:10A0F00000221A62A36F586A20B1EAF3AFF2A36F8D
:10A1000000225A62204601F03BFD00232B6100E053
:10A1100027463846F8BD0000F0B587B04FF48035CB
:10A120000021042303AA0446D0F8887000952CF07F
:10A130005BDC234B06AE46F8083D00210423204695
:10A14000324600952CF09CDC0423002105AA204611
:10A1500000952CF049DC049B059A9A422AD1194BB0
:10A160000021049320460423324600952CF088DC1D
:10A170000423002105AA204600952CF035DC049B21
:10A18000059A9A4216D104230021204603AA00957D
:10A190002CF076DC0023C7F88C31D7F82031B3F1EE
:10A1A000042F09D00848C0EB030CDCF1000040EBA1
:10A1B0000C0002E0002000E0012007B0F0BD00BF6D
:10A1C000AA5555AA55AAAA5500040084224B70B579
:10A1D0004FF00061002603660A464666044605689D
:10A1E0002DF0C6DD4FF08073C4F820310323A4F8AE
:10A1F000A8300223A4F8AA300723A4F8A43004232B
:10A20000A4F8A63041F2010384F8A260A4F8BC309F
:10A210004FF41673A5F810362B6893F89C20012A8A
:10A220000CBF0C220622A5F80E2693F864211AB161
:10A23000226E42F08072226693F89C20074812F149
:10A24000FF3218BF01220649E5F306F2FF2384F826
:10A2500034310123637470BD60A8E7B878570100FA
:10A26000787502002DE9F04F97B09B464FF000093A
:10A2700016AB8A46174643F8049D21995A4605466F
:10A2800001F097FC0446002800F01D839DF8803003
:10A29000286103742B6840F61201D3F8D400D3F878
:10A2A000D860D3F8DC304A46C4F88430E067C4F89C
:10A2B0008060F0F321F0C4F888008046E860E06F29
:10A2C000EFF380F2A0642046FFF780FF3046974905
:10A2D000E6F338F028B149464A46E5F3CFF51FFAD0
:10A2E00080FA30469249E6F32DF048B100210A4643
:10A2F000E5F3C4F54FF6FF7380B2984218BF0746E6
:10A3000050463946FDF734F908B90C23DAE2894999
:10A31000A4F844A0A4F846703046E5F3EFF7864968
:10A32000C4F860013046E5F3E9F7C4F86401B4F815
:10A3300046000AF057DF003018BF0120263054F8DD
:10A340002030B4F84600C4F894300AF04BDF0030F7
:10A3500018BF01200A3055F8203020462B62FFF745
:10A3600001FC08B90D23ADE2E06FEFF3E5F1E06F1A
:10A37000EFF39CF6204600212BF0B0DB20464FF097
:10A38000FF312CF021DC2046FFF7C6FE08B90E2372
:10A3900098E230466949E5F3B1F7FF2808BF01208C
:10A3A000A4F84E002046FFF7E9FB08B90F2389E225
:10A3B00063493046E5F3A2F7624984F84C00304621
:10A3C000E5F39CF7604920653046E5F397F794F88C
:10A3D0004C3060650B2B05D930465C49E5F38EF7B0
:10A3E000C4F850015A493046E5F388F7594984F8D2
:10A3F00035013046E5F382F784F836012B6893F88F
:10A400006A312BB130465449E5F378F7C4F854016A
:10A4100052493046E5F372F7514984F85801304605
:10A42000E5F36CF7E36F41F26B02196BA4F8680176
:10A43000914220D19B6A4E2B08D1B4F84E30402B6C
:10A4400019D9236D43F00203236514E0E42B04D1F2
:10A45000B4F84E30B3F5A85F06E0EF2B0BD1B4F89B
:10A460004E2041F201239A4205D8236D43F4800324
:10A470002365002363653B493046D4F85C71E5F3FE
:10A480003DF7394938603046D4F85C71E5F336F76A
:10A49000364978603046D4F85C71E5F32FF73449DB
:10A4A000B8603046A76FE5F329F73876A36F1A7EB8
:10A4B000012A01D003221A76236D990604D50121C1
:10A4C00020460A462DF0F6D8D4F880002949E5F355
:10A4D00039F720B1D4F880002649E5F30FF781461B
:10A4E0002549D4F88000E5F32DF720B1D4F8800099
:10A4F0002149E5F303F707462049D4F88000E5F346
:10A5000021F720B1D4F880001C49E5F3F7F62B6859
:10A5100093F82821BAB3226D920504D5B9F1000F42
:10A5200001D007B160BB00222BE000BF259C0200D8
:10A53000B49C02004C9C0200579C0200AB9C0200A1
:10A54000BA9C0200069C0200869C02009F9C0200AE
:10A55000CC9B0200D79B0200799C0200369C020033
:10A56000C29C0200419C02002C9C0200C09B020085
:10A57000ED9B0200199C0200F29B0200929C0200DB
:10A58000012283F828212B6893F8692132B1226DCA
:10A5900012F0010218BF012283F86921B4F84620A5
:10A5A0000123C4F8B830B4F844002B68A5F8AA21F8
:10A5B000E26FA5F8A801C3F8D420A26C1A6194F840
:10A5C0004C2083F87C202B68226DB4F84E00C3F831
:10A5D0008020626DA3F87A00C3F8842094F84C20A0
:10A5E00020460B2A84BFD4F85021C3F84821D4F860
:10A5F000B820012783F83D705A62A9682A4603F003
:10A600002BFFC4F88C0008B919235BE1219AE36F92
:10A610000292A26C04900692B4F84620B4F844006A
:10A62000ADF82A20DA6B03930B921A6CADF8280070
:10A630000C925A6C02A80D9294F84C20CDF814B0EC
:10A640000E929A6A09960F92B4F84E2010921A6BE5
:10A650001192226D1292626D13925A68DB68079212
:10A66000089303F0AFFAC4F8900008B9102329E169
:10A670002623C5F8E035C5F8E4354FF4FF73C4F878
:10A680003831B4F846000AF0ADDD10F1000918BF0A
:10A690004FF00109494620462EF0FCD8B9F1000FD1
:10A6A000D4F894300CBF02220122C3F804901A603F
:10A6B0002B6A14BF01220222C3F804901A60E06FD3
:10A6C000D5F81C90EFF376F0D8F85C31C9F80000AB
:10A6D00023F000437E4AE3662367A36C0C2101FB51
:10A6E0000323303BC4F8D830204639462BF0ACDD8C
:10A6F000D4F89490D4F890004146D9F8002033461D
:10A7000003F066F9C9F8240008B91123DAE04FF024
:10A71000FF3120462DF04EDAD4F89430E16E586ABD
:10A7200003F00CF9D4F8943003F12202009203F103
:10A730001C0103F11E02586A203303F0ECF8D4F830
:10A740009480D8F8240003F0F4F888F82800D4F8AE
:10A750009430D5F82080586A03F0EBF888F814009C
:10A76000D4F89480D8F8240003F0E6F8D4F89430B4
:10A77000C8F81800DA8B37FA02F1C90701D412239E
:10A78000A0E0296A586A0861988B4A8108811A8C6E
:10A79000588C8A81C8810F2240F2FF30D8829A8279
:10A7A00020463946FFF722FB08B913238AE02B68BD
:10A7B00093F86931002B32D0002120462BF0F6DFD0
:10A7C00030464449A76FE5F399F5236DC0B2DA0727
:10A7D000386020D5636D1B061DD4E36F9A69900025
:10A7E00002D5DA69D10704D5DB69DA0701D4580745
:10A7F00011D5E36E99000ED530463649E5F3A2F542
:10A8000030B134493046E5F379F5C1B2204604E071
:10A810002046082101E0204600212BF073DDE06F87
:10A82000EBF358F420462DF017DF0094E06F2A492F
:10A830002A4A0023FBF76CFC204600212DF0EEDEB7
:10A840002046FFF70DFA08B915233BE004F1FC069A
:10A850003146E5F3A9F13046E5F338F518B930464D
:10A86000E5F340F508B116232CE02046FFF700FA87
:10A870002846A16C01F0E2F92B68DA69526AC5F842
:10A880004425013A85F84225D3F89800A8B1037809
:10A890009BB113492246E5F3C7F62B681149D3F85B
:10A8A00098002246F9F78AFE606930B12B68D3F828
:10A8B00098100D4BD3F8B03098472846FFF70AFAA6
:10A8C00010B11B231593159817B0BDE8F08F00BF8A
:10A8D000005E0100FD9B020001DC840015DC8400A9
:10A8E0005DD98400BDD9840010A7880010B5044646
:10A8F000002828D00368144918682246FCF7FFFC9A
:10A90000236A1BB104F12000E4F396F0E3691BB164
:10A9100004F11C00E4F390F0A3691BB104F11800EA
:10A92000E4F38AF063691BB104F11400E4F384F0EA
:10A9300023691BB104F11000E4F37EF02046BDE86A
:10A940001040E9F38BB610BD8A570100036830B59B
:10A95000DB690546586D87B000012430E9F372F6D3
:10A960000446002838D0034643F8245BC36004F152
:10A970001001D5F83806E4F349F068BBD5F838067D
:10A9800004F11401E4F342F030BBD5F8380604F1C9
:10A990001801E4F33BF0F8B9D5F8380604F11C01CE
:10A9A000E4F334F0C0B9D5F8380604F12001E4F33B
:10A9B0002DF088B94FF4856363600B4B01900093D1
:10A9C0000A4B039002930490059009492868094AAC
:10A9D0002346FCF7EFFC18B12046FFF787FF002461
:10A9E000204607B030BD00BFC10B85007513850040
:10A9F00080E688008A570100F0B5D0F82841006849
:10AA0000A568C069406D854211D2E7682E01B8196A
:10AA10004360059B01358360069BBA51C360606843
:10AA2000A560C31C591821F003016160F0BD6FF0EF
:10AA30001500F0BDD0F828311869E3F3C3B7D0F89A
:10AA4000280110B10069E4F31FB07047D0F8283135
:10AA5000D869E3F3B7B7D0F82831D869E4F314B074
:10AA6000D0F82831186AE3F3ADB7D0F82831186A66
:10AA7000E4F30AB073B505462EF058DC0446B8B1CD
:10AA80002B684FF00052C5F86802009293F82F200F
:10AA9000284601922146002204332EF0D3D90646DF
:10AAA00050B9284621462FF0B1DB064620B901E017
:10AAB0006FF01A0630467CBD284621462FF01EDB7B
:10AAC000F8E7F8B51F4603680D461E691146D6F82B
:10AAD00080001446E5F32AF440B3B84224D121465D
:10AAE0000022D6F88000E5F315F4287021460122F3
:10AAF000D6F88000E5F30EF4687021460222D6F8FD
:10AB00008000E5F307F4A87021460322D6F8800000
:10AB1000E5F300F4E870D6F8800021460422E5F35E
:10AB2000F9F328710120F8BD4FF0FF30F8BD0000A7
:10AB300038B50446B8B103680B4918682246FCF7DB
:10AB4000DEFB606B08B1E9F389F5D4F880000025DD
:10AB5000656318B1E9F382F5C4F880502046BDE87A
:10AB60003840E9F37BB538BD915701002DE9F0413C
:10AB700005698CB007468420E9F364F50446002893
:10AB800000F0D28107603C20E9F35CF580460028A4
:10AB900000F0CA813B69012680F8386080F839608E
:10ABA00043603B6A046031461869ECF77EFAD8F8D6
:10ABB0000430B649D3F88000E5F3A0F3D8F80430A8
:10ABC000C8F81400B249D3F88000E5F397F3D8F839
:10ABD0000430C8F81800AF49D3F88000E5F38EF3CD
:10ABE000D8F80430C8F81C00AB49D3F88000E5F36E
:10ABF00085F3D8F80430C8F80800A849D3F88000D5
:10AC0000E5F37CF3D8F80430C8F81000A449D3F871
:10AC10008000E5F373F3A34BC8F80C00C4F8808000
:10AC20000093A14BA1490193A14BA24A0293A24BCD
:10AC30000393A24B0493A24B059338682346FCF779
:10AC4000B9FB8046002840F06F8184F82C003B69F6
:10AC50009C49D3F88000E5F351F384F86F0032206B
:10AC6000E9F3F0F407466063002800F05D81414697
:10AC70000A2206A8E4F3CAF40C238DF819309923AC
:10AC80008DF81A30A6238DF81B3008238DF81E305E
:10AC9000B7238DF81F30E2238DF820308A4AC42371
:10ACA0008DF821308DF818608DF81D60106851689E
:10ACB00009AB03C3128985491A80854B3E70A36393
:10ACC000844B84F85A80E363636B9E71D5F88000EF
:10ACD000E5F338F3002800F093807C49D5F8800034
:10ACE000666BE5F30BF370707B49D5F88000666BFB
:10ACF000E5F304F3B0707949D5F88000666BE5F3AD
:10AD0000FDF2F0707649D5F88000666BE5F3F6F257
:10AD100030717449D5F88000666BE5F3EFF270711D
:10AD20007149D5F88000666BE5F3E8F2F0716F4980
:10AD3000D5F88000666BE5F3E1F2B0716C49D5F8A7
:10AD40008000E5F3DBF284F844006A49D5F880001E
:10AD5000666BE5F3D3F230726749D5F88000666B15
:10AD6000E5F3CCF27072616B05230A31634A204629
:10AD7000FFF7A7FE616B05230F3186B2604A2046BC
:10AD8000FFF79FFE616B0523143136185D4A20469C
:10AD9000FFF797FE616BB6B21931052336185A4A90
:10ADA0002046FFF78EFE616BB6B236180B7AB6B24C
:10ADB000B34225D11E310523544A2046FFF781FEB8
:10ADC000616B0523233186B2514A2046FFF779FE95
:10ADD000616B0523283136184E4A2046FFF771FE75
:10ADE000616BB6B2052336182D3120464A4AFFF76B
:10ADF00068FE636BB6B236185B7AB6B2B34225D042
:10AE0000626B00235370626B0C219370626BD37082
:10AE1000626B1171616B02224A71A86F616B0068ED
:10AE2000C871616B0A72616B4A72606B812284F82F
:10AE3000402006A90A2284F841300A30E4F362F384
:10AE4000606B09A91E300A22E4F35CF3626BAB6FFE
:10AE5000D27900211A6004F14D000822E4F3D6F300
:10AE6000002384F8583084F85930A4F85630D5F8C7
:10AE700080002A49E5F366F2002851D0D5F8800019
:10AE80002649E5F33BF284F85F0051E0E49D0200BF
:10AE9000D19C0200FA9C02000A9E0200629D020000
:10AEA000D09D02005128850085DA0000A4E68800C4
:10AEB000E12B850091570100D52B8500A457010097
:10AEC0006DD30000989E02003B380100479E0200AF
:10AED0001127850089278500919D0200319E02007F
:10AEE0001B9E0200F39D0200E29C0200A89D02004E
:10AEF0004E9D0200819D02003D9D02000D9D0200BD
:10AF00001D9D02002D9D0200719D0200549E0200B5
:10AF1000659E0200769E0200879E0200BD9D020093
:10AF2000BA2384F85F3003E02046FFF701FE0024D7
:10AF300020460CB0BDE8F08130B5044685B000284D
:10AF400040D0D0F8201131B103689868F5F3F8F6D5
:10AF50000023C4F8203123681A6892F82F2022B306
:10AF6000D3F8240101A900225EF0A2DA0FE04368C1
:10AF70005A060CD5D4F83051451904E00368C5F8D9
:10AF80001031E9F36BF3D5F810010028F6D12368EE
:10AF900001A9D3F824015EF0A1DA0028E7D104E08A
:10AFA0000368C4F84431E9F359F3D4F844010028A4
:10AFB000F6D12368044918682246FCF7A0F9204618
:10AFC000E9F34CF305B030BD5DB3890030B50546FB
:10AFD00087B04FF4A670E9F32FF30446002875D02C
:10AFE00000214FF4A672E4F311F33C4B256000936B
:10AFF0003B4B3C4A01930023029303920493059335
:10B0000028683949394A2346FCF7D4F900285DD12C
:10B010002B6A1A68022A05D15B7D002B0CBF162310
:10B02000302300E0302322184430B0F5887F1374B9
:10B03000EED1A8682E492A460023F5F399F6C4F804
:10B040002001002842D04FF47A7345F27352C4F8BD
:10B050001C31A4F83C2100234622C4F84431A4F852
:10B060003E2128468DE828004FF48A71214A224B60
:10B0700003F008FF0028C4F8300127DB1F4BD5F888
:10B0800094068DE818000521B0221D4B00F008FF42
:10B09000E0B91C4BD5F894068DE818000521B222C2
:10B0A000194B00F0FDFE88B9D5F894060A21B022AC
:10B0B000164B009401F0A4F940B9D5F8C006B021B0
:10B0C000134A144B009401F005FC18B12046FFF719
:10B0D00033FF0024204607B030BD00BF91508500EB
:10B0E00011658500654E850018E888005DB389000C
:10B0F0005549850011568500ED558500955D850003
:10B10000E94A8500D15C8500514A85009553850048
:10B11000854E8500994E850010B5044630B133F058
:10B1200091DE2046BDE81040E9F398B210BD10B59D
:10B1300004462420E9F386F200B1046010BD00004B
:10B1400010B50446E0B143680E4918682246FCF782
:10B15000D6F8D4F83C01FFF7DFFFD4F83401FFF74D
:10B16000DBFFD4F89C0008B1E9F378F2D4F894003E
:10B1700008B1E9F373F22046BDE81040E9F36EB27E
:10B1800010BD00BFBC5701002DE9F041754B0027F1
:10B190001F60754B056888B006461F604FF4A070AD
:10B1A000E9F34AF20446002800F0D78039464FF40C
:10B1B000A072E4F32BF284E860003046C6F85841F0
:10B1C000FFF7B5FF8046C4F8340130B13046FFF7D1
:10B1D000AEFF8046C4F83C0120B92046E9F33EF2B8
:10B1E0004446BAE07F21042204F14400E4F30EF265
:10B1F0007F21042204F17000E4F308F2042207A87E
:10B200003946E4F303F2336893F87C20D3F8D8008E
:10B21000012A13D95549E5F395F0014658B107A81D
:10B220000322E4F3CBF207A8042137F0B7D990B199
:10B2300007A84F490CE007A84E4909E04E49E5F33D
:10B240005DF00928034606D84C4907A801EB8301A5
:10B250000322E4F3B3F2032207A904F10800E4F3A4
:10B26000ADF233684649D3F8D800E5F347F0D5F896
:10B27000D43041F26B02196BE06091420ED19B6AAF
:10B280008B2B01D0902B09D1022807D107A83D496B
:10B290000422E4F36FF208B90323E360D5F8D43055
:10B2A00041F26B02196B91420DD19B6A932B0AD12B
:10B2B00007A835490422E4F35DF220B9E368042BC2
:10B2C00001D10623E360D5F8D43041F26B02196B4B
:10B2D000914218D19A6A40F235139A4213D107A8C5
:10B2E0002A490422E4F346F258B107A82849042267
:10B2F000E4F340F228B107A826490422E4F33AF225
:10B3000008B91323E3600025EAF786FF35F058DF1C
:10B3100007A90422C4F89450C4F89850C4F89C506B
:10B32000C4F8A050C4F8A45084F8F450204633F078
:10B33000C3DE194B30688DE828001849184A2346A7
:10B340000295039504950595FCF734F828B120463D
:10B35000C6F85851FFF7F4FE2C46204608B0BDE869
:10B36000F08100BFB4650100B8650100A89E02002D
:10B37000BF57010041B58900AE9E020094E98800E4
:10B38000B19E0200C257010068EB880078E988008E
:10B3900080E9880084E98800F16D85003CE9880037
:10B3A000BC57010030B5054687B00C20E9F34AF1DF
:10B3B0000446D0B1114B05604FF490710093019099
:10B3C0000722D5F894060E4B00F0DEFC80B90D4B39
:10B3D0000190009302900390049005900A49286818
:10B3E0000A4A2346FBF7E6FF10B9204607B030BDF6
:10B3F0002046E9F333F10024F7E700BFC19D850043
:10B40000299B8500659B8500ECED8800345901007F
:10B41000036810B50446054918682246FBF76FFF1C
:10B420002046BDE81040E9F319B100BF34590100CE
:10B4300070B5054686B00C20E9F304F104460028F7
:10B4400063D005600026019004212846334A344B1E
:10B450000096FFF7D1FAB042606059DB042128461C
:10B46000304A314B0096019403F00CFDB042A060CD
:10B470004EDB28462D492246FFF7DCFA002847D14B
:10B480002B4BD5F894068DE818004FF490712522C7
:10B49000284B00F079FC00283AD1274BD5F89406C8
:10B4A0008DE818004FF490713C22244B00F06CFCA6
:10B4B00000282DD1D5F8940605219C22204B00951B
:10B4C00000F036FF002823D1D5F8940680212522EC
:10B4D0001C4B009400F070FDD0B9D5F89406802183
:10B4E0003C22194B009400F067FD88B9174B01907E
:10B4F0000093174B03900293049005901549286818
:10B50000154A2346FBF756FF10B9204606B070BD1A
:10B510002046E9F3A3F00024F7E700BF51A385001C
:10B5200011A3850059A7850045A78500CDA38500F7
:10B53000E5A98500F1A3850015AA850019A4850059
:10B5400031A28500D1A28500F1A2850009A5850060
:10B55000E1A9850028EE880050B9890038B5056852
:10B560000446224628680649FBF7C9FE28460549D5
:10B570002246FFF764FA2046BDE83840E9F36EB092
:10B5800050B98900CDA38500024602490068FBF747
:10B59000B6BE00BF3A59010030B50D4B87B00093DD
:10B5A00000230446019302930393049305930949EE
:10B5B000094A23460068FBF7FDFE002814BF4FF040
:10B5C000FF350025204638F071D8284607B030BD39
:10B5D000A1B08500445901003A5901002DE9F0431A
:10B5E000064687B038200F4691469846E9F324F086
:10B5F0000446002838D000213822E4F307F0D7F8B9
:10B600003C0640211A4A04F12003F5F711FB0546D8
:10B6100020B12046E9F322F0002425E0154BC4F8C0
:10B620001C80A760C4F80C90266113490093019018
:10B630000290039004900590234630460F4AFBF792
:10B64000B9FE034660B9E0680D492246F5F390F370
:10B650000546A06140B920690A492246FBF74FFE22
:10B660002046E8F3FBF72C46204607B0BDE8F08300
:10B6700014C68900EDB4850058EE8800B89E02001B
:10B680004DB585005C59010010B5044638F042DA2A
:10B690000F4920692246FBF732FEA16961B1237D83
:10B6A00023B1E068F5F3E0F200232375E068A169B7
:10B6B000F5F346F30023A361A36804F12001D3F856
:10B6C0003C06F5F7C1FA2046E8F3C8F7002010BDA4
:10B6D000B89E020010B50446C0B122460C4940682D
:10B6E000FFF7C3F9224660680A4903F00EFE2246BE
:10B6F00060680949FFF7A3F9A06808492246FBF7EB
:10B70000FEFD2046BDE81040E8F3A8B710BD00BF1D
:10B7100021BF850081C5850029BB850063590100D3
:10B7200070B5054686B01820E8F386F70446002871
:10B7300000F0E98000211822E3F368F72B6800226B
:10B74000A360AB686560E3606B6804212361042338
:10B75000A38228466D4B8DE81400FFF74DF90028B1
:10B760002060C0F2CC80284669492246FFF778F96C
:10B77000002840F0C480284666492246FFF75AF95F
:10B78000002840F0BC8028466349224603F0B8FDFB
:10B79000002840F0B480614B019000930290039028
:10B7A000049005905E4928685E4A2346FBF702FE36
:10B7B000002840F0A4805C490322D5F8BC063CF088
:10B7C00039DA5A4E5A490222D5F8C0063CF032DA2C
:10B7D000D5F89406B0213022564B0096019400F023
:10B7E00051FA002840F08B80534BD5F894068DE831
:10B7F000180040F605013622504B00F0C5FA00282B
:10B800007DD14F4BD5F894068DE8180040F6040121
:10B8100037224C4B00F0B8FA002870D1D5F8BC069E
:10B820003021444A3346009401F009F8002866D1DB
:10B83000D5F8BC063621414A3F4B009400F0FFFF8B
:10B8400000285CD1D5F8BC0637213E4A3C4B009419
:10B8500000F0F5FF002852D1D5F8C00639213A4A48
:10B860003A4B009400F0EBFF002848D1D5F894063D
:10B87000C0213622364B009400F03CFD00283ED11A
:10B880003021D5F894060A46324B009400F094FB20
:10B89000002834D1D5F8940640F60A0136222E4B02
:10B8A000009400F027FD50BBD5F8940640F60A013D
:10B8B00037222A4B009400F01DFD00BBD5F89406FA
:10B8C00030213922264B009400F014FDB8B9D5F888
:10B8D000BC0630211F4A234601F044F878B9D5F858
:10B8E000BC0636211C4A234601F03CF838B9D5F88D
:10B8F000BC063721194A234601F034F818B1204616
:10B90000FFF7E8FE0024204606B070BDA1BA85000E
:10B9100021BF850029BB850081C5850035BC850018
:10B9200080EE8800635901007CEE880019BA85001A
:10B93000A4EE880071B8850085C68500A5BB85008A
:10B94000C1C5850035BB850021BC8500DDC68500ED
:10B95000C9C4850005C28500C9C0850011C0850025
:10B9600035C1850008B1E8F379B6704737B50546AB
:10B970003820E8F367F6044650B14FF0FF33056016
:10B9800005490193054A064B009539F0ABDD01E00E
:10B99000FFF7E8FF20463EBDE9CD8500F1CD8500EB
:10B9A000E1CD850070B5054686B01020E8F344F679
:10B9B0000446002838D000211022E3F327F60026A1
:10B9C00025600121C5F8CC462846194A194B009636
:10B9D0000194FFF711F8B042E06021DB164B2868B4
:10B9E0008DE848001549164A2346029603960496A8
:10B9F0000596FBF7DFFC98B9124BD5F894068DE855
:10BA000028000521BE22104B00F04AFA40B9D5F8B3
:10BA10009406C021BE220D4B009500F0F1FC18B138
:10BA20002046E8F31BF60024204606B070BD00BF98
:10BA30008DD0850089D08500E1CF8500A8EE8800F3
:10BA4000BF9E02005DD085003DD0850091D085006D
:10BA500010B5044688B1037923B18068E8F3FEF598
:10BA6000002323712368054918682246FBF747FC29
:10BA70002046BDE81040E8F3F1B510BDBF9E0200BE
:10BA800008B1E8F3EBB5704737B505460420E8F395
:10BA9000D3F50446002855D02D4B056040F23F11E8
:10BAA000009301902D22D5F894062A4B00F06CF9F2
:10BAB000002847D1284BD5F894068DE818004FF49C
:10BAC00095713D22254B00F05FF900283AD1244BB7
:10BAD000D5F894068DE818004FF495714A22214B51
:10BAE00000F052F970BB204BD5F894068DE8180091
:10BAF000152150221D4B00F0D3F918BBD5F8940640
:10BB000005212D221A4B009400F0F4FBD0B9D5F892
:10BB10009406C0212D22174B009400F0EBFB88B94E
:10BB2000D5F89406C0213D22134B009400F0E2FBAF
:10BB300040B9D5F89406C0215022104B009400F073
:10BB40005FFC18B12046FFF79BFF002420463EBD56
:10BB5000C5D28500CDD0850011D38500E1D0850008
:10BB60000DD38500DDD0850071D28500B5D085006C
:10BB700041D1850001D2850021D285007DD185008B
:10BB800010B50446A0B10368806F00225A6108B165
:10BB9000E8F364F5D4F8980008B1E8F35FF560685D
:10BBA00008B1E8F35BF52046BDE81040E8F356B570
:10BBB00010BD2DE9F04104464FF4B6700D4616460F
:10BBC0009846E8F33FF5074610B940F2F2331EE01D
:10BBD00004608560C6602820E8F334F5B86710B9C2
:10BBE00040F2F33313E05820E8F32CF5C7F898003F
:10BBF00040B12C30C7F89C003020E8F323F5786082
:10BC000060B902E04FF47D7301E040F2F53338464D
:10BC1000C8F80030FFF7B4FF002703E00023C8F89E
:10BC2000003060613846BDE8F0810023C218D2F8C8
:10BC3000C020CA500433182BF8D170474FF4C863A2
:10BC4000C0F864366823C0F868364FF48073C0F8D3
:10BC50006C360223C0F87036C0F8743670470000A6
:10BC600010B5044650B10368054918682246FBF731
:10BC700046FB2046BDE81040E8F3F0B410BD00BF1D
:10BC80000D5A010001F0F0012DE9F04F0E1101688D
:10BC9000B0F81080096889B0C9699446D1F8C0101D
:10BCA000079388450446B0F812A0838AC78AB2B2C7
:10BCB0005CDA817900295CD1324D05EBC2008088C5
:10BCC00006E055F8329019F80190E14502D00131B3
:10BCD0008142F6D381424FD0E71937F812B00132D2
:10BCE00037F81250A244454523441AD2C5EB080840
:10BCF00005F101090AEB050142460AEB0900CDF8FE
:10BD000014C00693E3F35EF4069B0C2202FB093099
:10BD100002FB053102FB08F2E3F354F4DDF814C032
:10BD2000069B3146002207E007EB460030F802E0B0
:10BD30000EF1010E20F802E0013102320D29F3D993
:10BD40001299CBEB0502009113990AEB0B000191BC
:10BD50000C2101FB0B3192B2079BCDF808C000F01B
:10BD6000A1FB238A00200133238207E06FF0150036
:10BD700004E06FF0160001E06FF01D0009B0BDE8AF
:10BD8000F08F00BF685901002DE9F347DDF82890D6
:10BD9000DDF82CA007460E4615469846002456FAB4
:10BDA00004F3DB070AD52101384601F0F0012A46E9
:10BDB00043468DE80006FFF765FF18B901340D2CE6
:10BDC000EDD10020BDE8FC872DE9F04F89B0079246
:10BDD0000268B0F8188012689C46D2690446D2F80E
:10BDE000C420B0F81AA09045838BC78B50DA8279B3
:10BDF000002A50D101F0F0063611C719B2B237F857
:10BE000012B0013237F812508244454503441AD229
:10BE1000C5EB080805F101090AEB050142460AEBEA
:10BE20000900CDF814C00693E3F3CCF3069B0C2273
:10BE300002FB093002FB053102FB08F2E3F3C2F317
:10BE4000DDF814C0069B3146002207E007EB4600F0
:10BE500030F802E00EF1010E20F802E0013102326A
:10BE60000D29F3D91299CBEB0502009113990AEB36
:10BE70000B000191079992B202910C2101FB0B3149
:10BE8000634600F00FFB238B00200133238304E083
:10BE90006FF0150001E06FF0160009B0BDE8F08FFB
:10BEA0002DE9F347DDF82890DDF82CA007460E4673
:10BEB00015469846002456FA04F3DA070AD52101FC
:10BEC000384601F0F0012A4643468DE80006FFF7A8
:10BED0007BFF18B901340D2CEDD10020BDE8FC87A3
:10BEE0002DE9F04F89B007920268B0F830801268EF
:10BEF0009C46D2690446D2F80021B0F832A09045A1
:10BF0000838EC78E50DA8279002A50D101F0F00674
:10BF10003611C719B2B237F812B0013237F81250E1
:10BF20008244454503441AD2C5EB080805F10109CE
:10BF30000AEB050142460AEB0900CDF814C006934E
:10BF4000E3F340F3069B0C2202FB093002FB0531B0
:10BF500002FB08F2E3F336F3DDF814C0069B31462A
:10BF6000002207E007EB460030F802E00EF1010E78
:10BF700020F802E0013102320D29F3D91299CBEBFE
:10BF80000502009113990AEB0B000191079992B2F7
:10BF900002910C2101FB0B31634600F083FA238EE2
:10BFA00000200133238604E06FF0150001E06FF0FC
:10BFB000160009B0BDE8F08F2DE9F04F87B005926B
:10BFC0000268B0F8208012689C46D2690446D2F814
:10BFD000C820B0F822A09045838CC78C4CDA8279B7
:10BFE000002A4CD101F0F0063611C719B2B237F869
:10BFF00012B0013237F8125082444545034419D239
:10C00000C5EB080805F101090AEB050142460AEBF8
:10C010000900CDF80CC00493E3F3D4F2049B4FEA7B
:10C02000C80203EBC90003EBC501E3F3CBF2DDF873
:10C030000CC0049B3146002207E007EB460030F8B5
:10C0400002E00EF1010E20F802E0013102320D296A
:10C05000F3D91099CBEB0502009105990AEB0B007F
:10C06000019192B203EBCB01634600F02BFA238CD3
:10C0700000200133238404E06FF0150001E06FF02D
:10C08000160007B0BDE8F08F0368F0B5DB690C253A
:10C09000B3F8C020064605FB02F4433222F0030247
:10C0A0000134A418B3F8C4204FF6FE7102F11F004A
:10C0B0006A4321404118501C4FF6FC720A40821816
:10C0C000B3F800014FF6FE7100F11F046843114000
:10C0D00061184FF6FC7201300A408218B3F8C800AC
:10C0E0004FF6FE7100F11F0411406118C0004FF6B9
:10C0F000FC7201300A408218B3F8CC004FF6FE7192
:10C1000000F11F0411406118C0004FF6FC720A4094
:10C11000B3F80431013080184FF6FE7203F11F01AD
:10C120000240DB008A18591C4FF6FC731340CB18F1
:10C130004FF6FE771F401C37BFB287B03846E8F392
:10C140007BF20446002800F0BC8000213A46E3F36D
:10C150005DF24023638233684FF6FC72DB69266030
:10C16000B3F8C010A78001F14300024005FB012194
:10C17000A28201314FF6FE720A40B3F8C410E28287
:10C180001C3292B2C81C101862834FF6FC72024037
:10C1900005FB0121A28301314FF6FE720A40B3F87C
:10C1A0000011E2831C3292B2C81C101862864FF64E
:10C1B000FC72024005FB0121A28601314FF6FE729E
:10C1C0000A40B3F8C810E2861C3292B2C81C10189C
:10C1D00062844FF6FC72024002EBC1010131A2847D
:10C1E0004FF6FE720A40B3F8CC10E2841C3292B2D1
:10C1F000C81C101862854FF6FC72024002EBC101A8
:10C200000131A2854FF6FE720A40B3F80411E285AF
:10C210001C3292B2CB1C6287D2184FF6FC731340CB
:10C22000A38703EBC10301334FF6FE721A40E28786
:10C230000025274F57F8353063B1264B29018DE88B
:10C240001800DD22204601F0F001234BFFF71AFD14
:10C25000002836DB01350D2DEBD1002557F83530A0
:10C2600053B12901DD22204601F0F0011B4B00945F
:10C27000FFF7A2FE002824DB01350D2DEED1184B6F
:10C28000B0218DE81800FF222046164BFFF7FAFC7C
:10C29000002816DBB021FF222046134B0094FFF745
:10C2A0008BFE00280DDB114B002102933068104AF1
:10C2B000234600910191039104910591FBF77AF8CF
:10C2C00018B12046FFF7CCFC0024204607B0F0BD93
:10C2D000685901000DD5850061D58500ADD5850073
:10C2E000F1E0000043E1000091E0000099D48500F6
:10C2F0000D5A01002DE9F743DDF8289007460E4658
:10C3000015469846002456FA04F3D8070AD52101A9
:10C31000384601F0F0012A464346CDF80090FFF779
:10C320004BFE18B901340D2CEDD10020BDE8FE8381
:10C330002DE9F04F87B005920268B0F828801268A6
:10C340009C46D2690446D2F8CC20B0F82AA0904589
:10C35000838DC78D4CDA8279002A4CD101F0F0062A
:10C360003611C719B2B237F812B0013237F812508D
:10C3700082444545034419D2C5EB080805F101097B
:10C380000AEB050142460AEB0900CDF80CC0049304
:10C39000E3F318F1049B4FEAC80203EBC90003EB77
:10C3A000C501E3F30FF1DDF80CC0049B3146002218
:10C3B00007E007EB460030F802E00EF1010E20F82E
:10C3C00002E0013102320D29F3D91099CBEB0502BD
:10C3D000009105990AEB0B00019192B203EBCB019E
:10C3E000634600F06FF8238D00200133238504E0BD
:10C3F0006FF0150001E06FF0160007B0BDE8F08F98
:10C400002DE9F743DDF8289007460E461546984675
:10C41000002456FA04F3DB070AD52101384601F05F
:10C42000F0012A464346CDF80090FFF781FF18B986
:10C4300001340D2CEDD10020BDE8FE832DE9F0473D
:10C44000089F9A4604469DF82460034600250CE0A8
:10C4500013F8010B86420AD01DB113F802ECB64561
:10C4600001D2864203D90135ADB29542F0D1AA423C
:10C4700007FB05180ED9C5EB0209414607FB09F277
:10C4800008EB0700E3F39EF0681C201861194A4688
:10C49000E3F398F0404651463A46E3F333F06655ED
:10C4A000BDE8F0877FB50393089B0493099B059330
:10C4B0000C2300939DF82830019303ABFFF7BEFFD8
:10C4C00007B000BD1FB50293069B0393082300939A
:10C4D0009DF81C30019302ABFFF7B0FF05B000BD23
:10C4E00037B5254BD0F8945604460093019040F29E
:10C4F0003F1128467F22214BFFF746FC00283AD106
:10C500001F4B28468DE8180041F63F5140221D4B35
:10C51000FFF7C6FC78BB1C4B28468DE8180040F698
:10C520003F119822194BFFF7BBFC20BB184B284644
:10C530008DE8180040F22F11A822164BFFF7B0FC2F
:10C54000C8B9284640F20F117F22134B0094FFF721
:10C55000D1FE80B9284640F20F1198220F4B00946B
:10C56000FFF74EFF38B9284640F20F11A8220C4BB6
:10C570000094FFF745FF3EBD55F0850081EC850036
:10C58000A1F08500A1EC850009F0850007E200001C
:10C5900019F1850015ED8500C5ED850085ED850057
:10C5A00001EE850037B5104BD0F894560446009341
:10C5B00001900521284600220C4BFFF7E5FB90B9BE
:10C5C0000B4B28468DE8180005210122094BFFF787
:10C5D000DBFB40B9084B28468DE8180005213222C4
:10C5E000064BFFF7D1FB3EBD49E7850011E785000B
:10C5F00065E785001DE785002DE7850001E78500DB
:10C6000037B5254BD0F894560446009301904FF46B
:10C61000907128460022214BFFF7B6FB00283AD143
:10C620001F4B28468DE818004FF4907101221D4BD6
:10C63000FFF7AAFB78BB1C4B28468DE818004FF487
:10C6400090713222194BFFF79FFB20BB184B2846F5
:10C650008DE818004FF490710322164BFFF794FBFE
:10C66000C8B9154B28468DE818004FF49071062282
:10C67000124BFFF789FB70B9284680210522104B29
:10C680000094FFF799FC30B92846802105220D4B14
:10C690000094FFF791FC3EBD01EC850089E985001F
:10C6A0003DEC850091E98500A5EB850045E9850015
:10C6B00079EB850031E98500CDEB850061E98500E6
:10C6C0009DE9850019EB850037B5154BD0F89456D8
:10C6D000044600930190402128460022114BFFF7A9
:10C6E000D1FAE0B9104B28468DE81800402101220C
:10C6F0000E4BFFF7C7FA90B90D4B28468DE818008E
:10C70000402132220B4BFFF7BDFA40B90A4B2846B5
:10C710008DE8180040210322084BFFF7B3FA3EBD15
:10C720008DF2850031F28500A5F285003DF285008D
:10C7300071F2850021F2850049F2850011F2850031
:10C7400037B50A4BD0F89456044600930190B021B7
:10C7500028461022064BFFF795FA30B92846B0213B
:10C760001022044B0094FFF727FC3EBD65E88500CE
:10C7700081E78500ADE7850037B5D0F894560446CB
:10C780000090C02128460022114BFFF7B3FDF0B9FD
:10C790002846C02101220F4B0094FFF7ABFDB0B932
:10C7A0002846C02106220C4B0094FFF7A3FD70B968
:10C7B0002846C021A822094B0094FFF721FE30B97A
:10C7C0002846C0219822064B0094FFF719FE3EBD73
:10C7D000F9F2850021F38500D9F285003DF385004B
:10C7E000C1F2850010B5044650B1036805491868C8
:10C7F0002246FAF784FD2046BDE81040E7F32EB745
:10C8000010BD00BFAA5A010038B505460C20E7F359
:10C8100013F7044638B100210C22E2F3F7F60C239B
:10C820002560A38001E0FFF7DDFF204638BD28B179
:10C830008368DA88013ADA80E7F310B770472DE9A8
:10C84000F04F9B46038B87B0C518C65AB5F80480D5
:10C85000438AC6EB0808984505919446878AB0F844
:10C8600016A032DA6C88C7194445824416DAC4EB44
:10C87000080804F101093919424607EB0900CDF80F
:10C8800010C0E2F39FF60C2202FB09A002FB04A1F8
:10C8900002FB08F2E2F396F6DDF810C06B88A21BEB
:10C8A00001336B80AB880C210133AB80109BB8192E
:10C8B0000193059B01FB06A1029392B26346CDF85A
:10C8C00000B0FFF7EFFD002001E06FF0150007B0AA
:10C8D000BDE8F08F2DE9F04F9B46038B9446C518B9
:10C8E000AC8830F80380428AC8EB040387B09342D7
:10C8F0000591878AB0F816A02FDA9C42074482443B
:10C900006E8816DAC8F1000804F1010939194246A7
:10C9100007EB0900CDF810C0E2F354F60C2202FB3D
:10C9200009A002FB04A102FB08F2E2F34BF6DDF8DA
:10C9300010C0AB88A21B0133AB80109B0C2101936C
:10C94000059BB819029301FB06A192B26346CDF88C
:10C9500000B0FFF7A7FD002001E06FF0150007B061
:10C96000BDE8F08F2DE9F04F9B46038C85B0C518CC
:10C97000C65AB5F80480438BC6EB08089845039166
:10C980009446878BB0F81EA02EDA6C88C7194445F0
:10C99000824415DAC4EB080804F10109391942464A
:10C9A00007EB0900CDF808C0E2F30CF60AEBC9006A
:10C9B0000AEBC4014FEAC802E2F304F6DDF808C04E
:10C9C0006B88A21B01336B80AB88B8190133AB8035
:10C9D000039B0AEBC601019392B26346CDF800B007
:10C9E000FFF770FD002001E06FF0150005B0BDE815
:10C9F000F08F00002DE9F04F036885B003931B68AA
:10CA00001546DB69C288D3F8D03007469A420E46F5
:10CA10005BDA09B14E1CB6B20DB10135ADB206F10B
:10CA200027034FF6FC7A03EA0A0A0C2303FB06A34A
:10CA30004FF6FE78013303EA080808F10903EB1802
:10CA40004FF6FC7B03EA0B0B0BEBC50201324FF6F2
:10CA5000FE73134003F106091FFA89F94846029351
:10CA6000E7F3EAF50446002830D000214A46E2F315
:10CA7000CDF5029B03992384FB88A4F81880242217
:10CA800008F1060801332160A760A4F81090A28283
:10CA9000A4F816A0A4F81C80A4F81EB066826583D2
:10CAA000FB8046B1DD2120460C4A0D4B0094FFF778
:10CAB000C6FE00280ADB6DB1DD212046094A234667
:10CAC000FFF750FF002805DA00E000242046FFF7BA
:10CAD000AEFE0024204605B0BDE8F08F85F5850048
:10CAE00041F58500BDF585007FB50A4A03460092F1
:10CAF0000022019202920392049205920649074A8B
:10CB00000068FAF757FC002814BF4FF0FF300020F0
:10CB100007B000BD991E860078F08800AE5A01006B
:10CB2000024602490068FAF7EABB00BFAE5A0100AC
:10CB300010B5044648B1036821461868FAF7FEFCB0
:10CB40002046BDE81040E7F389B510BD37B505466E
:10CB50000820E7F377F50446A0B1056000220190B4
:10CB60000C2128460A4B0092FDF746FF0028606022
:10CB700008DB084B286800932146074A0423FAF78C
:10CB80006CFC18B12046FFF7D3FF002420463EBDC1
:10CB90001D2686002CF188003126860010B504463B
:10CBA000C06818B1E7F35AF50023E36010BD10B573
:10CBB0000446A020E7F340F570B1E060A06000F10A
:10CBC000900203461033934243F8103CFAD10023FD
:10CBD000C0F89030184610BD6FF01A0010BD00006C
:10CBE00038B50446002852D0002105683FF04EDADF
:10CBF00020463FF02BD8636933B12046002141F035
:10CC000015DA606938F044DCA36933B120460121AC
:10CC100041F00CDAA06938F03BDC236933B12046DF
:10CC2000022141F003DA206938F032DCE36F33B1DE
:10CC30002046032141F0FAD9E06F38F029DC204684
:10CC400041F09AD9D4F89800E7F308F501E03EF0F6
:10CC500027DEE16920460029F9D1FFF79FFFD5F8CB
:10CC6000440118B10A492A4600F08FF92868094999
:10CC70002246FAF744FBD4F8A8301BB104F1A8000F
:10CC8000E1F3DAF62046BDE83840E7F3E7B438BD13
:10CC900011428600F4C8890030B5054687B0B0203F
:10CCA000E7F3CAF40446002800F099800021B0227E
:10CCB000E2F3ACF40A2384F84330012384F84830CB
:10CCC000FF2384F8203084F8213084F8223084F85F
:10CCD00023302560C420E7F3AFF4C4F8980000289F
:10CCE0007DD020463FF0C4D920463FF047DD2B6879
:10CCF00041F26B02D3F8D43020F07F00196BA0878B
:10CD00009142204608D19B6A932B05D13FF036DD36
:10CD1000C0F58440683001E03FF034DDE087E38F08
:10CD2000204623F07F03E3873FF02CDD41F2883279
:10CD300022652E4A002320F07F00A4F84000E3641F
:10CD400000922B4A049301922A4A059302922A4A9E
:10CD50002868039229492A4A2346FAF72BFB002820
:10CD60003DD1D5F8E80538F069DB6061002836D0A0
:10CD7000D5F8E80538F062DBA06180B3D5F8E805A6
:10CD800038F05CDB206150B32046FFF710FF30BB6A
:10CD9000D5F8E80538F052DBE06700B3012384F8EA
:10CDA0007830D5F8440141F27073A4F87A3020B19C
:10CDB00014492A4600F0E6F888B9204601213FF0E0
:10CDC00065D94FF44843A3650023E3653223236606
:10CDD000D5F8380604F1A801E1F318F618B1204699
:10CDE000FFF7FEFE0024204607B030BD5934860010
:10CDF000B152860039528600ED3686004CF188002B
:10CE0000F4C889001142860038B50446002827D0AE
:10CE10000568144928682246FAF771FA236A1BB19B
:10CE200004F12000E1F308F6E3691BB104F11C00F2
:10CE3000E1F302F6A3691BB104F11800E1F3FCF57C
:10CE400063691BB104F11400E1F3F6F528460649C5
:10CE50002246FDF7F4FD2046BDE83840E7F3FEB377
:10CE600038BD00BFB0CB89002D62860070B5054685
:10CE700086B03020E7F3E6F30446002859D04FF09F
:10CE8000FF3303610422FF2105600A30E2F3BEF3A1
:10CE90000B2104F10E00E3F391F700238DE8180055
:10CEA00004212846264A274BFDF7A6FD002860608E
:10CEB0003FDB284624492246FDF7BCFD002838D137
:10CEC000D5F8386604F114013046E1F39FF50028E7
:10CED0002FD1304604F11801E1F398F548BB3046F4
:10CEE00004F11C01E1F392F518BB304604F1200176
:10CEF000E1F38CF5E8B9154B01900093144B0490C5
:10CF00000293144B0590039328681349134A234650
:10CF1000FAF750FA68B9204641F09ADF20B120466E
:10CF2000012141F0C9DF20B93223A36226236362C5
:10CF300003E02046FFF768FF0024204606B070BDDE
:10CF400045638600FD6286002D628600A962860028
:10CF500051658600F96286003CF28800B0CB8900FA
:10CF60004069E1F32FB54069E1F38EB58069E1F3E3
:10CF700029B58069E1F388B5C069E1F323B5C069DB
:10CF8000E1F382B5006AE1F31DB5006AE1F37CB517
:10CF900038B5044660B10568224606492868FAF7A4
:10CFA000AEF92046E7F35AF32B68002283F84E20AF
:10CFB00038BD00BF54CC890070B50368002686B028
:10CFC000054683F84E600C20E7F33CF30446002846
:10CFD00043D0234B056023498DE848002868224A46
:10CFE00023460296039604960596FAF7E3F9064659
:10CFF00000282ED18DE811001C2128461B4A1C4B0D
:10D00000FDF7FAFC0028606023DB0C212846194A52
:10D01000194B0096019401F035FF0028A06018DB41
:10D02000164BD5F894068DE818000A213822144BC7
:10D03000FEF7AAFE68B9D5F894060A213822114BEA
:10D040000095FFF757F920B92B68012283F84E208D
:10D0500003E02046FFF79CFF0024204606B070BD89
:10D06000D971860054F2880054CC8900A9718600D9
:10D070007D718600917686005D7686007D778600DC
:10D08000197786004977860070B5064686B0082075
:10D09000E7F3D2F20446A0B10B4B002506604560D1
:10D0A0000A498DE828003068094A2346029503950D
:10D0B00004950595FAF77EF918B12046E7F3CEF20C
:10D0C0002C46204606B070BD4D7E860098F2880042
:10D0D000B0C6890010B5044650B103680549186808
:10D0E0002246FAF70CF92046BDE81040E7F3B6B245
:10D0F00010BD00BFB0C6890070B5044600282AD014
:10D100000668224630681449D6F84451FAF7F7F811
:10D11000224630461149FDF792FC2246304610491E
:10D12000FDF799FC224628460E49FFF71CFF2246D0
:10D1300028460D49FFF71DFF224628460B49FFF7F9
:10D140001EFF28460A492246FFF71FFF2046BDE87A
:10D150007040E7F383B270BD35D289005D878600E9
:10D160006D978600FD848600E9868600CDAA86003C
:10D17000A5928600F0B5D0F8446187B005465820E6
:10D18000E7F35AF20446002800F093800021582269
:10D19000E2F33CF220462021494A40F8205BE2F3CA
:10D1A0009BF201274FF0FF33E06184F84070A4F850
:10D1B0004C30304643492246FFF7D2FE002878D152
:10D1C000304641492246FFF7D1FE002871D1304652
:10D1D0003E492246FFF7D0FE00286AD130463C493E
:10D1E0002246FFF7CFFE002863D128463949224660
:10D1F000FDF72CFC064600285BD18DE811000421C8
:10D200002846354A354BFDF7F7FB0028206150DBF7
:10D21000284639463246334600960194FDF7ECFB2A
:10D220000028606145DB042128462D4A2D4B0096DD
:10D23000019401F027FE0028A0613ADB28462A4924
:10D240002246FDF7F7FB002833D1284B03EBC6023B
:10D2500053F8363063B1526852B131018DE8140091
:10D26000D5F8940601F0F001C022FEF7ADFD00BB39
:10D2700001360D2EE9D11E4B1E4A00930023019367
:10D28000029203930493059328681B491B4A234683
:10D29000FAF790F868B9204646F0F6D820B1204653
:10D2A000012144F0C3D820B9636C43F004036364E4
:10D2B00003E02046FFF720FF0024204607B0F0BD22
:10D2C000B15A0100FD848600E9868600CDAA860059
:10D2D000A59286006D97860001928600899186004E
:10D2E000059E8600F19D86005D878600C49E020033
:10D2F000198A860055AB8600ECF2880035D2890089
:10D3000038B50446D0B1806808B1E7F3A7F12369C6
:10D3100043B90EE0236953F8350008B1E7F39EF1F5
:10D32000013500E00025E3689D42F3DB2069E7F367
:10D3300095F12046BDE83840E7F390B138BD0000D4
:10D340002DE9F04105461820E7F37CF1044600285A
:10D3500033D02B680560DB690C20DB69013358434F
:10D36000E7F370F1A06040B32B681820DB69DA693D
:10D370005B6F6260E360E7F35FF12061E8B112493F
:10D3800018220026E2F3BEF037460EE00E4BD4F82A
:10D3900010809B1918798000E7F354F1236948F84D
:10D3A00006009B59083643B10137E3689F42EDDB25
:10D3B0006B68064ADC609A6003E02046FFF7A0FF36
:10D3C00000242046BDE8F0812C9F0200B9BC8600F5
:10D3D00010B5C468A1420BDA006900EBC1042479DE
:10D3E000A24208DA50F83110002041F8223010BD76
:10D3F0006FF0150010BD6FF0150010BD47F06C9B6D
:10D4000010B50446FFF7FAFFE084000C84F828000A
:10D41000002010BDD0F8F03310B5044683B1D3F826
:10D42000280830B1E7F31AF1D4F8F0330022C3F83A
:10D430002828D4F8F003E7F311F10023C4F8F033FF
:10D4400010BDC36B10B5044683B1836B5B6B0B2BB4
:10D4500007D1D0F8E00320B1E7F300F10023C4F8CE
:10D46000E033E06BE7F3FAF00023E36310BD10B59F
:10D4700004460120E7F3E0F00346E063A8B1002191
:10D480000122E2F3C3F0A36B5B6B0B2B0CD14FF4C7
:10D490009470E7F3D1F00346C4F8E00328B100210B
:10D4A0004FF49472E2F3B2F00123184610BD70B548
:10D4B000044640F678100D46E7F3BEF0C4F8F003DA
:10D4C000002831D0002140F67812E2F39FF0B4F842
:10D4D0005220D4F8F03300261A70D4F8F0332046E6
:10D4E00083F8B660C3F8B060D4F8F03383F8B46062
:10D4F000A36B83F88460A36B1E679E673C23C4F80C
:10D50000BC301023C4F8C030C4F8C46000F09AFFE7
:10D51000A36B022D0CBF1A6F9A6F0020DA6684F895
:10D52000C36284F8C26270BD6FF01A0070BD000063
:10D53000B0F8C632F7B504460E46FBB10846E2F332
:10D5400011F107461348E2F30DF13F181037BFB24F
:10D550003846E7F371F00546B8B1B4F8C63239463B
:10D5600000930D4A3346E2F3B7F0E06C2946E2F34C
:10D57000E9F607462846E7F371F03FB9E06C31461B
:10D5800003B0BDE8F040E2F3DDB60746384603B02D
:10D59000F0BD00BF8F9F02007A9F0200044B1B78F2
:10D5A000012B02D1002000707047FFF7C1BF00BF00
:10D5B000FC0300002DE9F3471C46B0F8C6320746CD
:10D5C00088469146C66C002B32D00846E2F3CAF07A
:10D5D00082462248E2F3C6F082440AF1100A1FFA9A
:10D5E0008AFA5046E7F328F0054600282FD0B7F80E
:10D5F000C632514600931A4A4346E2F36DF038466C
:10D600002946FFF7CBFF074668B130462946E2F3CB
:10D610008DF640B1484506DD304629464A46E2F3DC
:10D6200079F6824600E0A2462846E7F317F08FB964
:10D6300030464146E2F37AF658B1484509DD3046B6
:10D6400041464A4602B0BDE8F047E2F363B682467F
:10D6500000E0A246504602B0BDE8F0878F9F02006E
:10D660007A9F020010B51446FFF798FF28B10021F9
:10D670000A46BDE81040E2F301B4204610BD0000A8
:10D6800038B500220D4608490446FFF7EBFFC0B24B
:10D690002823A84284F8660384F8D531CCBF84F8E7
:10D6A000663384F8D50138BDD69F0200012238B513
:10D6B00080F860200A23826B002580F89E310323C6
:10D6C00080F89F3180F86F5380F8715380F873535E
:10D6D00080F8755380F8775380F8BA5182F88A3011
:10D6E0004FF6CE73A0F8783214491422C0F8745261
:10D6F0000446FFF7B7FF124984F866032A4620461E
:10D70000FFF7B0FF7F2384F87B304FF0FF33A4F89E
:10D71000983004F5F673C4F88C31642384F85830DB
:10D720000423C4F8280384F86C50C4F8E453C4F804
:10D73000745284F8D43184F8D63138BDD69F0200B3
:10D740005E9F02000022FFF78DBF000010B5174951
:10D750000446FFF7F7FFC0B284F8E8030138C0B20F
:10D76000FD2802D9732384F8E83394F8E83320467F
:10D7700084F8E9330E49FFF7E5FFC0B284F8EA0305
:10D7800008B10F2802D1052384F8EA3394F8E8237E
:10D7900094F8EA33D31A84F8EB33002384F8EC339B
:10D7A00084F8EE33112384F8ED3310BD849F02001A
:10D7B000E79F02002DE9F04105460C4617461E463C
:10D7C000FFF7ECFE38B1284621463A463346BDE81D
:10D7D000F041FFF7EFBE3046BDE8F0810023FFF7D0
:10D7E000E9BF000070B501220D463C490446FFF731
:10D7F00039FF3B4984F8680300222046FFF732FFD7
:10D80000384984F82C0307222046FFF72BFF3649BE
:10D8100084F82D032046FFF7C1FE88B13249204627
:10D82000A66BFFF78FFF304930672046A66BFFF7E6
:10D8300089FFA36BB067022D0CBF1A6F9A6FDA666F
:10D840002A4900226FF095032046FFF7B3FF2749CE
:10D8500084F83403012220466FF09503FFF7AAFFF6
:10D86000022584F8350300232A4620461F49FFF786
:10D87000A1FF63190135052D83F83403F3D1002589
:10D880002A4620461A49FFF7A9FF631901350E2DD4
:10D8900083F85703F4D1012384F867330622204626
:10D8A0001449FFF7DFFE002284F865031249204681
:10D8B000A56BFFF7D7FE114985F82C010022204601
:10D8C000FFF7D0FE002384F83E034021204684F871
:10D8D0002433BDE87040FFF7D3BE00BF6E9F020047
:10D8E000449F0200C89F0200A09F0200F89F020010
:10D8F000C19F0200959F0200AD9F0200699F020038
:10D9000010B5044628B10468003418BF0124E6F3BA
:10D91000A5F6204610BD10B5848B0C80018C1180BB
:10D9200040F2DA321A8090F83520029B01201A80EA
:10D9300010BD90F834007047C06A7047836B9961DE
:10D94000704738B5044600283ED0C56D013DC56519
:10D95000002D39D1FFF75EFD2046FFF772FDD4F8A8
:10D96000801229B1A36B186900F08CFDC4F88052B5
:10D97000002584F89551204646F0E4DEA26B13683A
:10D98000A34202D1A36C136003E09A6CA2421DD1A2
:10D990009D64D4F8943A0BB120469847A36B18695C
:10D9A00051F094D8D4F8E41320B141B1204647F0A7
:10D9B0008FD804E019B1A36B986852F0CDDC2046F3
:10D9C000E6F34CF6002038BD012038BD012038BDFB
:10D9D0002DE9F0478A46002104461546C0680A46EC
:10D9E00076469946EBF3DCF6804600070CD52768AF
:10D9F00057B1BB6BC7F84C901869F96A51F02CD835
:10DA0000FB6D0133FB65CEE04FF42F60E6F314F6B7
:10DA1000074628B96FF01A00314648F0A3DDC5E08B
:10DA200000214FF42F62E1F3F1F5FB6DC7F844A03C
:10DA30000133FB652368BC63BB640123C7F84C90CA
:10DA4000276087F85930E26C41F26B039A4205D1A6
:10DA5000636C932B0CBF0123182300E01823022DC5
:10DA6000A7F88A3005D118F0010F1CBF4FF40053FE
:10DA7000FB62BB6BF96A186950F0EEDF7B6CB3F8A0
:10DA8000E0831FFA88F808F470631B0AFB615FFAF1
:10DA900088F33B62BB6BD868F8F739FCFB69A7F8E1
:10DAA000C602092B04D10423FB613B6A10333B629D
:10DAB000012387F824304FEA18333B633846FFF7D9
:10DAC0009FFC002875D14FF48053A7F856304DF2D3
:10DAD000240241F20103022D18BF1346A7F8523069
:10DAE00038463749FFF75AFD38B138463449D7F838
:10DAF0003880FFF727FEC8F868003846FFF7B7FC04
:10DB0000002856D038462946FFF76CFE3846FFF706
:10DB1000CDFD384600F0D2FB00284AD029463846D1
:10DB2000FFF7C5FC0546002843D13846FFF70EFE37
:10DB3000384647F001DD3846012146F0AFDD384672
:10DB4000294648F083DB4FF0FF33C7F8D432C7F8DB
:10DB5000D832C7F8DC32C7F8E032C7F8E432C7F889
:10DB6000E832C7F8EC32C7F8F032384607F11C014A
:10DB70001C22E1F3C7F4206950F0A8DF60B1BB6B51
:10DB8000986852F035DEC7F8F80328B96FF01A002C
:10DB9000314648F0E7DC0CE03846002148F04CDA2A
:10DBA000002387F8FC3907F14C03FB643846BDE8D5
:10DBB000F0873846FFF7C5FE0020BDE8F08700BFBC
:10DBC000519F020070B505464FF498707646E6F313
:10DBD00033F5044628B96FF01A00314648F0C2DC2C
:10DBE00039E000214FF49872E1F310F52B68A3603F
:10DBF0006B68E360AB682361EB6863602B6963610A
:10DC00002B8CA3846B8CE3846B6AA362AB6AE362A4
:10DC1000EB6A23632B6B63636B6B6364AB6BA36413
:10DC2000EB6BE3642B6C23656B6C6365AB6CC4F8C6
:10DC30001C316B69A365AB69E3650F2323663D2344
:10DC400063667923A3660123C4F818310323E366CE
:10DC5000002384F88B30204670BD00007FB50A4B4E
:10DC60000A490093002301930293039304930593BD
:10DC7000074A0368F9F79EFB002814BF4FF0FF30F6
:10DC8000002007B000BD00BF05E3860068F48800EF
:10DC9000B95A010001490268F9F731BBB95A0100CC
:10DCA0000023F0B51C4607E0CE183568C718C550EC
:10DCB000756801347D6008339442F5D1F0BD0000F1
:10DCC00038B5046C0023C4F8243690F86D53094B22
:10DCD000094A4FF48060002D0CBF15461D46E6F33F
:10DCE000ABF4C4F8240620B129468022FFF7D8FF00
:10DCF000012038BD66AD020066B1020070B517495B
:10DD00004FF0FF32046C0546FFF7ACFC1449C4F831
:10DD1000500517222846FFF7A5FC0026C4F8540535
:10DD200010496FF0250284F858652846FFF79AFCE1
:10DD30000D49A4F8480532462846FFF793FC0B49E5
:10DD4000A4F8040C6FF003022846FFF78BFCB4F82C
:10DD50004835C318A4F8063C70BD00BF1DA00200E2
:10DD600046A802002FA802009CAC020007AD0200EA
:10DD700038B527490446FFF7E5FCC0B228288CBF18
:10DD80000023012384F8690384F8CA0384F86D33FF
:10DD900020462049FFF7D6FC082820461CD81E49FB
:10DDA0000022FFF71BFD80B20022C4F8FC001B49D3
:10DDB0002046FFF713FD1A49C4F800012046FFF77B
:10DDC000C1FC184905462046FFF7BCFC80B240EA7A
:10DDD0000545C4F8045113E013490022FFF7FEFC87
:10DDE00080B2C4F8FC00114900222046FFF7F6FC7F
:10DDF0000F49C4F800012046FFF7A4FCC4F8040151
:10DE000020460C49FFF79EFC84F8080138BD00BF8E
:10DE10001EA40200EFAC020014A802003DA80200FC
:10DE20004CA0020038A0020090AC020035AD020008
:10DE3000A1A80200C4A70200F8B5A4490022056CFD
:10DE40000446FFF7CBFCA14985F8BC04012220461B
:10DE5000FFF7C4FC9E4985F8BD0400220723204635
:10DE6000FFF7A8FC922385F8BE04994901222046B9
:10DE7000FFF7A0FC974985F8BF0400222046FFF772
:10DE8000F1FB9549C5F8C40400222046FFF7EAFBE0
:10DE90000026A5F85804914985F833642046324697
:10DEA000FFF7E0FB8E49A5F80A042046FFF74AFC7D
:10DEB000B8B1012385F833342F4642233246204639
:10DEC0008749FFF777FCAB19C0B283F82604B5F891
:10DED0000A340136C018A7F80C0402370D2EECD115
:10DEE0000DE0804942222046FFF7BCFBC2B285F814
:10DEF000082420467C49FFF7B5FBA5F806047B49BA
:10DF000000222046FFF7AEFB794985F838044FF030
:10DF1000FF322046FFF7A6FB7649A5F868054FF0CB
:10DF2000FF322046FFF79EFB7349A5F86A054FF0C4
:10DF3000FF322046FFF796FB7049A5F86E054FF0BB
:10DF4000FF322046FFF78EFB6D4985F870050022F1
:10DF50002046FFF787FB002684F8740032462046EF
:10DF60006849FFF73BFCAB1901360E2E83F8060615
:10DF7000F4D1A12264492046FFF774FB6349C5F838
:10DF8000C00546F20F622046FFF76CFB0822C5F879
:10DF9000C4055F492046FFF765FB5E49C5F8C80523
:10DFA0006FF008022046FFF75DFB5B49C5F8CC0522
:10DFB00040F6BB722046FFF755FB0A22C5F8D00594
:10DFC00056492046FFF74EFB5549C5F8D4056FF07A
:10DFD00044022046FFF746FB5249A5F802066FF0BF
:10DFE0004A022046FFF73EFB0122A5F804064E49EF
:10DFF0002046FFF737FB80B2031C18BF012300F057
:10E00000020085F84A353F2285F84B0547492046EE
:10E01000FFF728FB642285F84C0545492046FFF7A9
:10E0200021FB4449C5F85C054FF0FF322046FFF75D
:10E0300019FBC5F86005013018BF012085F864059B
:10E040003D4900222046FFF70DFBC0B200F00F0350
:10E05000000900F0010085F8143685F817063749E5
:10E06000002226232046FFF7A5FB3449A5F8180611
:10E07000012242232046FFF79DFB5023A5F81A06F4
:10E080002E4902222046FFF795FB0622A5F81C0622
:10E090002B492046FFF7E6FA85F81E062046FFF7D3
:10E0A00067FE94F86D232046002A4DD12549FFF7DD
:10E0B00095FB2449A4F8820301222046FFF78EFB3A
:10E0C0002049A4F87E0320464DE000BFC8AC020002
:10E0D00073A8020087AC020054AC02007FA80200C3
:10E0E00074AC0200B1AC0200E3AC020008A0020074
:10E0F00055A00200F7AC020061A802001CA80200B3
:10E10000BAAC02004CAD020025A802008DA80200A6
:10E11000D2AC0200D9AC020014A002005FAD020034
:10E120002AAD020067AC0200DFA70200ADA8020022
:10E13000FAA70200E8A7020041A0020080AC02009A
:10E14000D1A7020045AD020025490022FFF746FB9A
:10E150002349A4F8820301222046FFF73FFB204910
:10E16000A4F87E0320460222FFF738FB0023A4F820
:10E1700080031C4985F8333620460222FFF71AFB3C
:10E1800010B1012385F8333695F833362BB3154992
:10E1900000222046FFF722FB1249A4F82C0A012294
:10E1A0002046FFF71BFB0F49A4F8280A022220464D
:10E1B000FFF714FB0C49A4F82A0A00222046FFF7B7
:10E1C00051FA0A4985F8310628222046FFF74AFA13
:10E1D000002385F8320684F867330120F8BD00BFBC
:10E1E0000AA80200A5AC0200DAA702005AAD02009C
:10E1F00038B50E49046C0546FFF7A4FA0C4984F8BB
:10E2000029062846FFF79EFAFF2284F82A060949C4
:10E210002846FFF727FA084984F830062846FFF712
:10E2200091FAC4F82C06012038BD00BF5EAC020094
:10E2300096A802002BA0020051A8020038B504469F
:10E24000056C4FF46770E6F3F7F1C5F82006236C10
:10E25000D3F82006B0B1D4F8DC300B4A934207D093
:10E260000A4A934206D00A4A93420AD1094902E077
:10E27000094900E009494FF46772E1F343F10120D5
:10E2800038BD002038BD00BFC0AD3A0280BA8C0155
:10E2900000F82401B8A8020082A0020028A402000D
:10E2A00010B504464EF00AD8236CD3F82006E6F3E6
:10E2B000D5F1206CBDE81040E6F3D0B170B504464E
:10E2C00040F60840E6F3B8F105462064002800F067
:10E2D0008380002140F60842E1F398F10125A36B09
:10E2E00084F8825084F8F050D868EBF3BDF13B4BD2
:10E2F000C4F8DC00C4F8483A394B2046C4F84C3A1C
:10E30000384BC4F8503A384BC4F8543A374BC4F839
:10E31000A03A374BC4F85C3A364BC4F8643A364BF3
:10E32000C4F86C3A354BC4F8703A354BC4F87C3AB3
:10E33000344BC4F8B43A344BC4F8B03A334BC4F855
:10E34000C03A334BC4F8BC3A324BC4F8C43A324BEF
:10E35000C4F8C83A314BC4F8CC3A314BC4F8943ABB
:10E36000304BC4F8D03A304BC4F8D43A2F4BC4F8F1
:10E37000D83A2F4BC4F8DC3A2E4BC4F8E03AFFF7FA
:10E380005BFD40B32046FFF759FF20B32046FFF75F
:10E3900097FC00B32046FFF7B1FC236C204683F8BE
:10E3A000C054FFF725FF244900222046266CFFF7C2
:10E3B00059F9224986F8340600222046FFF752F91F
:10E3C0001F4984F890022A462046266CFFF74AF936
:10E3D00086F8350600E00546284670BD554B870097
:10E3E000114A8700154A8700B95E87008D3587007E
:10E3F000214B8700915E8700CDEC86002964870061
:10E400001D4B8700895F870015F98600D5F88600C7
:10E410004938870061498700CD218700C5F9000090
:10E42000415D0200F50A8700F90A8700F10A8700BA
:10E43000FD0A87000D0B870072A0020064A0020095
:10E4400014AD0200836B93F82C210AB1042200E082
:10E4500003221A67DA667047F8B507460C200D46A6
:10E460001646E6F3E9F0044630B100210C22E1F350
:10E47000CDF027606660A5602046F8BD08B1E6F3E0
:10E48000EDB070478068F2F35BB4000070B50646EB
:10E4900086B06C20E6F3D0F00446D0B100216C22A7
:10E4A000E1F3B4F00823A3610E4B2660002500932E
:10E4B00030680D490D4A2346019502950395049550
:10E4C0000595F8F777FF38B93268012382F8923062
:10E4D0002371204606B070BD2046E6F3BFF02C46FF
:10E4E000F7E700BF0D698700B00A8900665B01008D
:10E4F00010B5044668B10368064918682246F8F763
:10E50000FEFE204651F048D82046BDE81040E6F314
:10E51000A5B010BD665B010010B5044648B10549C1
:10E5200022464068F8F7EBFE2046BDE81040E6F3CF
:10E5300095B010BD5CF4890070B5064686B0102019
:10E54000E6F37AF0044630B300211022E1F35EF0E6
:10E5500033682660636073680025A3600421304639
:10E560000E4A0F4B00950194FCF746FAA842E06072
:10E570000DDB0C4B30688DE828000B490B4A234615
:10E580000295039504950595F8F714FF18B12046F8
:10E59000FFF7C2FF0024204606B070BD2974870033
:10E5A000117487007D7487007C0B89005CF48900FE
:10E5B00030B5054687B01420E6F33EF0044638B384
:10E5C00000211422E1F322F06B682868A360124B4B
:10E5D00025606060002500931049114A234601958B
:10E5E0000295039504950595F8F7E4FE60B90A23B2
:10E5F00023730F2363736423A3730223E37306233C
:10E6000023740123637403E02046E6F327F02C46CD
:10E61000204607B030BD00BF217B8700940B8900E6
:10E620000CE3890010B5044648B10549224640680C
:10E63000F8F765FE2046BDE81040E6F30FB010BDC8
:10E640000CE3890010B5044658B1064B21461B88DF
:10E65000C3581868F8F772FF2046BDE81040E5F38C
:10E66000FDB710BDD403000073B505460C20E5F3DB
:10E67000E9F70446C8B1104B04221A800221456014
:10E68000002301900D4A28460093FCF7B5F90028B5
:10E6900020600ADB01232381094B2868009321466F
:10E6A000084A0223F8F7D9FE18B12046FFF7CAFF3F
:10E6B000002420467CBD00BFD40300007D85870078
:10E6C000FC0B8900A985870038B5044680B1094B49
:10E6D00021461B88C5582868F8F730FF2868064986
:10E6E0002246F8F70CFE2046BDE83840E5F3B6B701
:10E6F00038BD00BFD6030000845B0100F0B50546BD
:10E7000087B01420E5F39EF70446002856D02F4B1F
:10E7100004221A80456000260190042128462C4AD4
:10E720002C4B0096FCF768F9B042206046DB0123D1
:10E73000A3810C232382284B0722E2810093274BDD
:10E74000286801932649274A234602960396049691
:10E750000596F8F72FFE002830D1234B2868009348
:10E760002146224A0523F8F778FE38BB204BD5F81E
:10E7700094068DE818004FF490712A221D4BFDF786
:10E7800003FBD8B9D5F8940680212A221A4B0094AD
:10E79000FDF712FC90B9B5F8AA0106F023DD801B45
:10E7A00018BF01200A3055F820301B68022B09D110
:10E7B000012120460A4652F0ABDD03E02046FFF778
:10E7C00083FF0024204607B0F0BD00BFD603000041
:10E7D0005D89870049898700DD8B8700F58B87007D
:10E7E000340C8900845B01000C0C8900098B8700C4
:10E7F000F98C8700E9898700F9888700084B10B5F4
:10E800001B88044650B1C358064918682246F8F7D9
:10E8100076FD2046BDE81040E5F320B710BD00BFEF
:10E82000D80300008B5B010070B5054686B014204C
:10E83000E5F308F70446002844D0264B08221A8046
:10E8400000238560042100930190234A2846234B2E
:10E85000FCF7D2F80028206034DB0223A3810522D4
:10E860000C23E2812382D5F8940680213D221C4BA3
:10E870000094FDF7A1FB28BB1A4B029000931A4BA2
:10E88000039001930490059018492868184A23467C
:10E89000F8F790FDB0B9B5F8AA0106F0A3DC2B6833
:10E8A00093F84F201AB1032A14BF032201222046F5
:10E8B000012153F063DA204602214FF0FF3253F07A
:10E8C0005DDA03E02046FFF799FF0024204606B0FA
:10E8D00070BD00BFD8030000319287001D928700F1
:10E8E000E99187009993870001958700400C890082
:10E8F0008B5B010038B5044698B10568224628466E
:10E900000849FCF79CF821462868F8F717FE2868A4
:10E9100005492246F8F7F3FC2046BDE83840E5F308
:10E920009DB638BD1D9E8700C9E3890030B50546F8
:10E9300087B00820E5F386F6044600283ED0002381
:10E940000560042100930190204A2846204BFCF7E3
:10E9500053F80028606031DB28461E492246FCF748
:10E9600069F858BB1C4B01900093029003900490EF
:10E9700005901A4928681A4A2346F8F71BFDE8B99A
:10E98000184B286800932146174A0123F8F765FDC4
:10E99000A0B9164BD5F894068DE818004FF4907185
:10E9A0002822134BFDF7F0F940B9D5F894068021E1
:10E9B0002822104B0094FDF7FFFA18B12046FFF70C
:10E9C00099FF0024204607B030BD00BFA19D8700FD
:10E9D000619D87001D9E8700A59E87009C0C890075
:10E9E000C9E38900940C8900799E87009D9F870068
:10E9F000459E8700459D870070B5064686B09C20E1
:10EA0000E5F320F60446002834D006601B4B30683E
:10EA1000002560601A4900931A4A23460195029521
:10EA2000039504950595F8F7C5FCF8B9D6F8843434
:10EA30001E229B7822610422E27202222377227333
:10EA400001230A22E376237263616273A3764FF691
:10EA5000AF72A37784F899301023A0736072A0720C
:10EA6000228384F89A3084F8983003E02046E5F356
:10EA7000F5F52C46204606B070BD00BF19AE8700E4
:10EA8000001C890066B50200C0F88410C0F8882018
:10EA9000C0F88C307047000010B5044648B10549F5
:10EAA00022464068F8F72BFC2046BDE81040E5F30D
:10EAB000D5B510BD66B5020038B5044600B3436B4A
:10EAC00005680BB1E9F7C6FC04F11400DBF38AF426
:10EAD00004F11800DBF386F404F11000DFF382F593
:10EAE00004F12400DBF372F4224606492868F8F7A3
:10EAF00006FC2046E5F3B2F52B68002283F862217C
:10EB000038BD00BF7AE689002DE9F041054686B0A0
:10EB10003820E5F397F5044600287FD005600026ED
:10EB2000019004212846414A414B0096FBF764FFBF
:10EB3000B042606072DB042128463E4A3E4B00969C
:10EB4000019400F09FF9B042A06067DB0127E76005
:10EB500038463A493A4A6B68DFF32EF120610028C3
:10EB60005CD006213246D5F80480DFF36BF53449DA
:10EB7000034642463148DBF317F4606200284DD06B
:10EB8000072132462069DFF35DF539460346E0612F
:10EB90003246606ADBF3E8F239460246A06120693A
:10EBA000DFF350F5E36939463246606ADBF3DCF2A5
:10EBB0000221024660612069DFF344F5214B4FF0EA
:10EBC0000308C4F82C808DE848001F4B2868049384
:10EBD0001E4B1F4905931F4A234602960396F8F7DA
:10EBE000E9FBD8B91C4BD5F894068DE81800B02184
:10EBF00042461A4BFDF746F880B9194BD5F89406F2
:10EC00008DE81800B0215D22164BFDF769F928B98F
:10EC10001423A3622B6883F8627103E02046FFF798
:10EC20004BFF0024204606B0BDE8F08115D28700D6
:10EC3000B9060100890501004DE08700FDD087007D
:10EC400005D1870099D38700945B01001905010065
:10EC5000181C89007AE68900171501008F1601003B
:10EC600055140100C11401002DE9F043074687B097
:10EC70004FF441700E4615469846E5F3DDF4044620
:10EC8000002878D000214FF44172E0F3BFF428202F
:10EC9000E5F3D2F48146206020B92046E5F3DEF4A6
:10ECA000484668E000212822E0F3B0F423684FF4DE
:10ECB00041721C606261E5604FF0FF320025A26185
:10ECC000A760C4F804809D711423A4F80832282397
:10ECD000A4F806322D23A4F804326E23A4F80A32D5
:10ECE000022384F80C326423A4F8383284F80D52DD
:10ECF0003046224922462B46F2F33AF0C4F8F80196
:10ED000030B304F51473C4F81832C4F814321C4B31
:10ED10000526C4F81C6200931A4B029501931A4B06
:10ED2000049503930595234638681849184AF8F75F
:10ED300041FB034660B9009038682168154AF8F72E
:10ED40008CFB28B984F8406284F84162206812E0A4
:10ED5000D4F8F81119B1A3689868F1F3F1F72069B4
:10ED600008B100F03FF8206808B1E5F377F42046D9
:10ED7000E5F374F4002007B0BDE8F08365F6870082
:10ED8000C5EF870049F6870039FF87006C1C8900B2
:10ED900000E889006500880038B50546F0B10468D0
:10EDA000E4B1D4F8F81131B1A3689868F1F3C8F769
:10EDB0000023C4F8F831A368224618680849F8F718
:10EDC0009EFAA36821681868F8F7B8FB2846E5F3AF
:10EDD00045F42046BDE83840E5F340B438BD00BFF7
:10EDE00000E8890010B5044630B159F0B9DE20467C
:10EDF000BDE81040E5F332B410BD0000F7B5066879
:10EE00000546F3691F6D02373F013846E5F314F4F8
:10EE1000044610B300213A46E0F3F8F384E86000BA
:10EE20001021002628460E4A0E4B00960194FBF74F
:10EE3000E3FDB042A0610CDB04F1200363614FF4F9
:10EE40004773E360D5F8380604F11C01DFF3DEF503
:10EE500018B12046E5F302F434462046FEBD00BF5B
:10EE6000B90888009D08880010B5044648B1C369F8
:10EE700013B11C30DFF3E0F52046BDE81040E5F3A8
:10EE8000EDB310BDF0B5D0F8244100682569C06924
:10EE9000006D854211D267692E01B81901352561CF
:10EEA0004360059BBA518360069BC360E068C31C46
:10EEB000591821F00301E160F0BD4FF0FF30F0BDC3
:10EEC00037B505461820E5F3B7F3044638B30021FB
:10EED0001822E0F39BF32B68256063606B6828467B
:10EEE000A360FFF765FBE06088B15BF0AFD800235B
:10EEF00001468DE8180028460A4A0B4BFFF7C2FF6F
:10EF00000028206103DB51F04DD8606107E0E06824
:10EF100008B1FFF787FB2046E5F3A0F30024204665
:10EF20003EBD00BF1D1B8800F91A880010B50446BD
:10EF300038B1C068FFF776FB2046BDE81040E5F326
:10EF40008DB310BD73B505461820E5F375F304467F
:10EF5000002838D000211822E0F358F30C20E5F304
:10EF60006BF3064600282DD000210C22E0F34EF36F
:10EF70002B686661256063602846FFF73DFDA06051
:10EF8000B8B15BF09DD8002301468DE828002846E3
:10EF90000E4A0F4BFFF776FF0028E06009DB56F0C2
:10EFA00013DA0C4920610C4AA0680C4BFFF76CFD8A
:10EFB00009E0A06808B1FFF76FFD2046E5F34EF3C6
:10EFC000002400E0044620467CBD00BFCD1B880025
:10EFD000A91B8800C1218800B5218800A91E8800CE
:10EFE00010B5044650B18068FFF756FD6069E5F33F
:10EFF00035F32046BDE81040E5F330B310BD000006
:10F0000070B5444B86B000930023019302930393A1
:10F01000414B04460493414B414905930068414AE2
:10F020002346F8F7C7F9054600286FD1D4F8843491
:10F030001421A3F86410A36A012683F84C00E36A44
:10F04000204683F84C60A16A5EF0E8D8E16A204669
:10F050005EF0E4D8204629465DF0EADBA36A83F837
:10F060004D50E36A83F84D50236A1869E7F7F6FEBE
:10F07000830707D5D4F884344FF0FF325E73D4F899
:10F080008434DA812368D4F884545E6951F0BCD9A1
:10F090000146304651F052D9E862002836D0D4F803
:10F0A00084341F2283F87820D4F884040522573052
:10F0B0004FF0FF31E0F3AAF22368D4F88424B3F8C8
:10F0C000C810D3F8D80051850A2151631649E1F3DD
:10F0D00015F1431E0D2BD4F88454236898BF686340
:10F0E0001249D3F8D800E1F309F185F88A00D4F881
:10F0F0008434012283F85120D4F8843400201A7813
:10F1000083F84E20D4F88434586701E04FF0FF3084
:10F1100006B070BDE9398800105C0100AD1E010029
:10F12000341D89006EB5020081B5020072B502007F
:10F13000D0F8843410B5D96A044611B1406851F052
:10F140000BD9206802492246BDE81040F8F7D7B82D
:10F150006EB5020038B503680446D0F884542749D8
:10F16000D3F8D800E1F3CAF0287023682449D3F813
:10F17000D800D4F88454E1F3C1F0E870D4F88434B2
:10F180001A78013AD2B2FD2A01D901221A70D4F8B4
:10F1900084341A785A700023D4F88424D118127851
:10F1A0000133052B81F85220F6D1D4F88454012183
:10F1B0002846E0F38BF4A870D4F88434DA78013A66
:10F1C000D2B2FD2A01D90122DA70D4F884340121A7
:10F1D000DA785A71D4F88454E81CE0F377F4287193
:10F1E000D4F8843420461A799A715DF053DAB4F871
:10F1F00058142046BDE838405DF0A49A8EB5020050
:10F2000096B5020010B50446D8B140680D492246B3
:10F21000FBF72BFC236A1BB104F12000DFF30CF495
:10F22000237F23B1606808492246FBF708FCA068E9
:10F2300006492246F8F763F82046BDE81040E5F39A
:10F240000DB210BDD1568800515488007E5C01007B
:10F2500030B5054687B02420E5F3EEF104460028DA
:10F260003ED000212422E0F3D1F12B680022A360DC
:10F27000AB686560E3606B68042123610823A382A7
:10F280002846194B8DE81400FBF7B6FB00282060D8
:10F2900022DB284615492246FBF7CCFBE0B90123C7
:10F2A0002377284612492246FBF7DAFBA0B9D5F8A6
:10F2B000380604F12001DFF3A9F368B90D4B019082
:10F2C000009302900390049005900B4928680B4A24
:10F2D0002346F8F76FF818B12046FFF793FF002494
:10F2E000204607B030BD00BFC95488005154880083
:10F2F000D1568800555588001C1F89007E5C01008E
:10F30000D0F8D036186ADFF35DB3D0F8D036186A7B
:10F31000DFF3BAB3F8B5D0F8846404460D46D1F8EB
:10F32000D800C149E0F3EAF786F81C01D5F8D80007
:10F33000BE49E1F307F0D4F8846438B1D5F8D800B9
:10F34000BA49E0F3DBF786F8E80002E0022386F82A
:10F35000E830D5F8D800B649E0F3F4F7D4F884647F
:10F3600038B1D5F8D800B249E0F3C8F786F85801AB
:10F3700002E0FF2386F85831AE49D5F8D800D4F81A
:10F380008464E0F3BBF7AC49C6F82001D5F8D80097
:10F39000D4F88464E0F3B2F7A849A6F82A01D5F8B6
:10F3A000D800D4F88464E0F3A9F7A549A6F82C01A5
:10F3B000D5F8D800D4F88464E0F3A0F7A149A6F802
:10F3C0002E01D5F8D800D4F88464E0F397F786F8D6
:10F3D000E900D4F8843493F8E92012B9022283F8C2
:10F3E000E920D5F8D8009849D4F88464E0F386F78A
:10F3F000A6F8C600D4F88464B6F9C63013B9012360
:10F40000A6F8C630D5F8D8009049E0F377F7C6F8EB
:10F41000D800D4F88464D6F8D8301BB94CF25033F5
:10F42000C6F8D83096F8E93001229A40D6F8D810BC
:10F43000D5F8D8008A4288BFC6F8D820022212FA2E
:10F4400003F38349C6F8DC30E0F358F7C6F8E4006C
:10F45000D4F88464D6F8E4301BB94FF49673C6F838
:10F46000E430D5F8D8007B49E0F348F7A6F8C400AB
:10F47000D4F88464B6F9C43013B91923A6F8C4309B
:10F48000D5F8D8007449E0F339F786F86C01D4F860
:10F49000843493F86C2112B9052283F86C216F49EA
:10F4A000D5F8D800D4F88464E0F328F7D4F884348D
:10F4B000A6F8F00093F81C21694983F81D21D4F8BF
:10F4C000843493F81D2183F84821D4F88434DA7900
:10F4D00083F8AC20D4F884341A7A83F84521D4F820
:10F4E00084644FF6A273A6F8EA30A6F8EC30A6F8CA
:10F4F000EE30D5F8D800E0F301F7A6F8F200D4F822
:10F500008464B6F9F2301BB94FF6A273A6F8F23054
:10F5100096F8E930012212FA03F3D6F8D8205149BF
:10F52000934288BFC6F8D8300023A6F8B230A6F8B8
:10F53000B430A6F8B630C6F8B830C6F8BC30C6F855
:10F54000C030D5F8D8001F46E0F3D8F686F844015D
:10F550004549D5F8D800D4F88464E0F3CFF686F8AE
:10F560004B01D5F8D8004149D4F88464E0F3C6F6DD
:10F57000D4F88434C6F8240183F82971D4F884348B
:10F58000D3F824211AB94FF49B72C3F8242193F8BD
:10F590001D2102B10322C3F84C21C3F850210022DF
:10F5A000C3F85421D5F8D8003149E0F3CBF640B187
:10F5B000D5F8D8002E49D4F88464E0F39FF6C6F855
:10F5C0005401D5F8D8002B49E0F3BCF640B1D5F88A
:10F5D000D8002849D4F88464E0F390F6C6F84C01CA
:10F5E000D5F8D8002449E0F3ADF640B1D5F8D800FD
:10F5F0002149D4F88464E0F381F6C6F850011F492C
:10F6000022460023A068D4F88454F1F3B1F31C49D6
:10F61000C5F830012246A0680023D4F88454F1F3E1
:10F62000A7F3C5F83401F8BD2CB60200A4B6020059
:10F6300074B6020057B60200CBB50200EEB5020068
:10F6400000B6020096B602009EB5020067B6020040
:10F650001FB60200BEB50200CDB60200DDB5020045
:10F6600081B6020012B60200AEB50200BFB60200BB
:10F6700045B6020035B60200AFB602003F330100C6
:10F68000AD33010038B5044680B105682246D5F88F
:10F6900044010749FDF779FC284606492246FBF755
:10F6A000CEF92046BDE83840E4F3D8B738BD00BFF6
:10F6B0001D708800B16E880037B505460820E4F358
:10F6C000C1F70446C0B1056000220190042128461C
:10F6D0000C4B0092FBF790F9002860600CDB284689
:10F6E00009492246FBF7A6F930B9D5F84401074984
:10F6F0002246FDF747FC18B12046FFF7C3FF002460
:10F7000020463EBD596F8800B16E88001D7088008C
:10F7100038B5044670B1056821462868F7F70EFF32
:10F72000286805492246F7F7EAFD2046BDE838403B
:10F73000E4F394B738BD00BF845C010030B50546E2
:10F7400087B00C20E4F37EF70446002846D0274B10
:10F7500005604FF49071009301902022D5F8940633
:10F76000234BFCF711FB002838D1224BD5F8940627
:10F770008DE818004FF4907123221F4BFCF704FB17
:10F7800000282BD11D4BD5F894068DE81800402198
:10F7900088221B4BFCF718FB00BBD5F89406802190
:10F7A0002022184B0094FCF707FCB8B9164B0290C6
:10F7B0000093164B03900193049005901449286818
:10F7C000144A2346F7F7F6FD40B9134B2868009317
:10F7D0002146124A0123F7F740FE18B12046FFF7F1
:10F7E00097FF0024204607B030BD00BF2176880077
:10F7F000E9738800557688000D748800C17588000B
:10F80000D5738800BD7388005D748800BD7588005D
:10F81000781F8900845C0100701F890031748800A2
:10F8200010B5044660B1074B07491B882246C358F0
:10F830001868F7F764FD2046BDE81040E4F30EB702
:10F8400010BD00BFDA030000885C0100F0B5074678
:10F8500087B01420E4F3F6F6054620B3154B0646B0
:10F860000024042206F8044B1A80012347603372F7
:10F87000F4607472042101900F4A38460F4B0094D3
:10F88000FFF700FBA04270600DDB0D4B009401936D
:10F89000029403940494059438682146094A2B463F
:10F8A000F7F788FD18B12846FFF7BAFF002528466C
:10F8B00007B0F0BDDA030000D9778800B977880077
:10F8C00029788800885C010070B5054686B018204C
:10F8D000E4F3B8F6044600285AD02B68002601222B
:10F8E00043600560082183F8AD2001903246284628
:10F8F00033460096FFF7C6FAB04220614BDB102179
:10F900002846274A274B00960194FBF775F8B0422A
:10F91000C5F898013FDB0423E360234BA060052179
:10F920008DE81800D5F894064422204BFCF72CFAF9
:10F93000002830D11E4BD5F894068DE818004FF4FE
:10F94000907144221B4BFCF71FFA002823D1D5F8F5
:10F95000940605214422184B0094FCF7CBFCD0B947
:10F96000D5F89406C0214422144B0094FCF7C2FC45
:10F9700088B9134B01900093124B039002930490AB
:10F98000059011492868114A2346F7F713FD10B96D
:10F99000204606B070BD2046E4F360F60024F7E789
:10F9A000798188005D818800DD808800358088004D
:10F9B0003581880005818800558088003D85880054
:10F9C000C5828800CD858800E01F89008C5C01001D
:10F9D00010B5044648B1054922464068F7F78FFC48
:10F9E0002046BDE81040E4F339B610BD8C5C010040
:10F9F00070B5054686B03020E4F31EF604460028B4
:10FA000031D000213022DFF301F61A4B256000933C
:10FA100000230193029303930493059328681649E6
:10FA2000164A2346F7F7C6FC0646E0B9FF23A3753E
:10FA30000123E3752B681249D3F8D800E0F382F470
:10FA400020B131463246E0F319F2A0752B680D491A
:10FA5000D3F8D800E0F376F448B100210A46E0F389
:10FA60000DF2E07503E0284661F094DD00242046A5
:10FA700006B070BDA98C88001C20890056FB890047
:10FA8000E3B60200EDB6020038B50446002820D0E7
:10FA900061F0D4DDA36A73B1204661F099DA0AE01F
:10FAA0002B6868686360E4F3D9F52846E4F3D6F57B
:10FAB000237D013B23756568002DF1D1236805493D
:10FAC00018682246F7F71BFC2068BDE8384061F053
:10FAD000619D38BD56FB8900776C635F626D616321
:10FAE0005F696E666F5F696E6974000000000000F8
:10FAF0000000000000000000000000000000000006
:10FB000000000000000000000000000000000000F5
:10FB100000000000000000000000000000000000E5
:10FB200000000000000000000000000000000000D5
:10FB300000000000000000000000000000000000C5
:10FB400000000000000000000000000000000000B5
:10FB500000000000000000000000000000000000A5
:10FB60000000000000000000000000000000000095
:10FB70000000000000000000000000000000000085
:10FB80000000000000000000000000000000000075
:10FB90000000000000000000000000000000000065
:10FBA0000000000000000000000000000000000055
:10FBB0000000000000000000000000000000000045
:10FBC0000000000000000000000000000000000035
:10FBD0000000000000000000000000000000000025
:10FBE0000000000000000000000000000000000015
:10FBF0000000000000000000000000000000000005
:10FC000000000000000000000000000000000000F4
:10FC100000000000000000000000000000000000E4
:10FC200000000000000000000000000000000000D4
:10FC300000000000000000000000000000000000C4
:10FC400000000000000000000000000000000000B4
:10FC500000000000000000000000000000000000A4
:10FC60000000000000000000000000000000000094
:10FC70000000000000000000000000000000000084
:10FC80000000000000000000000000000000000074
:10FC90000000000000000000000000000000000064
:10FCA0000000000000000000000000000000000054
:10FCB0000000000000000000000000000000000044
:10FCC0000000000000000000000000000000000034
:10FCD0000000000000000000000000000000000024
:10FCE0000000000000000000000000000000000014
:10FCF0000000000000000000000000000000000004
:10FD000000000000000000000000000000000000F3
:10FD100000000000000000000000000000000000E3
:10FD200000000000000000000000000000000000D3
:10FD300000000000000000000000000000000000C3
:10FD400000000000000000000000000000000000B3
:10FD500000000000000000000000000000000000A3
:10FD60000000000000000000000000000000000093
:10FD70000000000000000000000000000000000083
:10FD80000000000000000000000000000000000073
:10FD90000000000000000000000000000000000063
:10FDA0000000000000000000000000000000000053
:10FDB0000000000000000000000000000000000043
:10FDC0000000000000000000000000000000000033
:10FDD0000000000000000000000000000000000023
:10FDE0000000000000000000000000000000000013
:10FDF0000000000000000000000000000000000003
:10FE000000000000000000000000000000000000F2
:10FE100000000000000000000000000000000000E2
:10FE200000000000000000000000000000000000D2
:10FE300000000000000000000000000000000000C2
:10FE400000000000000000000000000000000000B2
:10FE500000000000000000000000000000000000A2
:10FE60000000000000000000000000000000000092
:10FE70000000000000000000000000000000000082
:10FE80000000000000000000000000000000000072
:10FE90000000000000000000000000000000000062
:10FEA0000000000000000000000000000000000052
:10FEB0000000000000000000000000000000000042
:10FEC0000000000000000000000000000000000032
:10FED0000000000000000000000000000000000022
:10FEE0000000000000000000000000000000000012
:10FEF0000000000000000000000000000000000002
:10FF000000000000000000000000000000000000F1
:10FF100000000000000000000000000000000000E1
:10FF200000000000000000000000000000000000D1
:10FF300000000000000000000000000000000000C1
:10FF400000000000000000000000000000000000B1
:10FF500000000000000000000000000000000000A1
:10FF60000000000000000000000000000000000091
:10FF70000000000000000000000000000000000081
:10FF80000000000000000000000000000000000071
:10FF90000000000000000000000000000000000061
:10FFA0000000000000000000000000000000000051
:10FFB0000000000000000000000000000000000041
:10FFC0000000000000000000000000000000000031
:10FFD0000000000000000000000000000000000021
:10FFE0000000000000000000000000000000000011
:10FFF0000000000000000000000000000000000001
:020000041003E7
:1000000000000000000000000000000000000000F0
:1000100000000000000000000000000000000000E0
:1000200000000000000000000000000000000000D0
:1000300000000000000000000000000000000000C0
:1000400000000000000000000000000000000000B0
:1000500000000000000000000000000000000000A0
:100060000000000000000000000000000000000090
:100070000000000000000000000000000000000080
:100080000000000000000000000000000000000070
:100090000000000000000000000000000000000060
:1000A0000000000000000000000000000000000050
:1000B0000000000000000000000000000000000040
:1000C0000000000000000000000000000000000030
:1000D0000000000000000000000000000000000020
:1000E0000000000000000000000000000000000010
:1000F0000000000000000000000000000000000000
:1001000000000000000000000000000000000000EF
:1001100000000000000000000000000000000000DF
:1001200000000000000000000000000000000000CF
:1001300000000000000000000000000000000000BF
:1001400000000000000000000000000000000000AF
:10015000000000000000000000000000000000009F
:10016000000000000000000000000000000000008F
:10017000000000000000000000000000000000007F
:10018000000000000000000000000000000000006F
:10019000000000000000000000000000000000005F
:1001A000000000000000000000000000000000004F
:1001B000000000000000000000000000000000003F
:1001C000000000000000000000000000000000002F
:1001D000000000000000000000000000000000001F
:1001E000000000000000000000000000000000000F
:1001F00000000000000000000000000000000000FF
:1002000000000000000000000000000000000000EE
:1002100000000000000000000000000000000000DE
:1002200000000000000000000000000000000000CE
:1002300000000000000000000000000000000000BE
:1002400000000000000000000000000000000000AE
:10025000000000000000000000000000000000009E
:10026000000000000000000000000000000000008E
:10027000000000000000000000000000000000007E
:10028000000000000000000000000000000000006E
:10029000000000000000000000000000000000005E
:1002A000000000000000000000000000000000004E
:1002B000000000000000000000000000000000003E
:1002C000000000000000000000000000000000002E
:1002D000000000000000000000000000000000001E
:1002E000000000000000000000000000000000000E
:1002F00000000000000000000000000000000000FE
:1003000000000000000000000000000000000000ED
:1003100000000000000000000000000000000000DD
:1003200000000000000000000000000000000000CD
:1003300000000000000000000000000000000000BD
:1003400000000000000000000000000000000000AD
:10035000000000000000000000000000000000009D
:10036000000000000000000000000000000000008D
:10037000000000000000000000000000000000007D
:10038000000000000000000000000000000000006D
:10039000000000000000000000000000000000005D
:1003A000000000000000000000000000000000004D
:1003B000000000000000000000000000000000003D
:1003C000000000000000000000000000000000002D
:1003D000000000000000000000000000000000001D
:1003E000000000000000000000000000000000000D
:1003F00000000000000000000000000000000000FD
:1004000000000000000000000000000000000000EC
:1004100000000000000000000000000000000000DC
:1004200000000000000000000000000000000000CC
:1004300000000000000000000000000000000000BC
:1004400000000000000000000000000000000000AC
:10045000000000000000000000000000000000009C
:10046000000000000000000000000000000000008C
:10047000000000000000000000000000000000007C
:10048000000000000000000000000000000000006C
:10049000000000000000000000000000000000005C
:1004A000000000000000000000000000000000004C
:1004B000000000000000000000000000000000003C
:1004C000000000000000000000000000000000002C
:1004D000000000000000000000000000000000001C
:1004E000000000000000000000000000000000000C
:1004F00000000000000000000000000000000000FC
:1005000000000000000000000000000000000000EB
:1005100000000000000000000000000000000000DB
:1005200000000000000000000000000000000000CB
:1005300000000000000000000000000000000000BB
:1005400000000000000000000000000000000000AB
:10055000000000000000000000000000000000009B
:10056000000000000000000000000000000000008B
:10057000000000000000000000000000000000007B
:10058000000000000000000000000000000000006B
:10059000000000000000000000000000000000005B
:1005A000000000000000000000000000000000004B
:1005B000000000000000000000000000000000003B
:1005C000000000000000000000000000000000002B
:1005D000000000000000000000000000000000001B
:1005E000000000000000000000000000000000000B
:1005F00000000000000000000000000000000000FB
:1006000000000000000000000000000000000000EA
:1006100000000000000000000000000000000000DA
:1006200000000000000000000000000000000000CA
:1006300000000000000000000000000000000000BA
:1006400000000000000000000000000000000000AA
:10065000000000000000000000000000000000009A
:10066000000000000000000000000000000000008A
:10067000000000000000000000000000000000007A
:10068000000000000000000000000000000000006A
:10069000000000000000000000000000000000005A
:1006A000000000000000000000000000000000004A
:1006B000000000000000000000000000000000003A
:1006C000000000000000000000000000000000002A
:1006D000000000000000000000000000000000001A
:1006E000000000000000000000000000000000000A
:1006F00000000000000000000000000000000000FA
:1007000000000000000000000000000000000000E9
:1007100000000000000000000000000000000000D9
:1007200000000000000000000000000000000000C9
:1007300000000000000000000000000000000000B9
:1007400000000000000000000000000000000000A9
:100750000000000000000000000000000000000099
:100760000000000000000000000000000000000089
:100770000000000000000000000000000000000079
:100780000000000000000000000000000000000069
:100790000000000000000000000000000000000059
:1007A0000000000000000000000000000000000049
:1007B0000000000000000000000000000000000039
:1007C0000000000000000000000000000000000029
:1007D0000000000000000000000000000000000019
:1007E0000000000000000000000000000000000009
:1007F00000000000000000000000000000000000F9
:1008000000000000000000000000000000000000E8
:1008100000000000000000000000000000000000D8
:1008200000000000000000000000000000000000C8
:1008300000000000000000000000000000000000B8
:1008400000000000000000000000000000000000A8
:100850000000000000000000000000000000000098
:100860000000000000000000000000000000000088
:100870000000000000000000000000000000000078
:100880000000000000000000000000000000000068
:100890000000000000000000000000000000000058
:1008A0000000000000000000000000000000000048
:1008B0000000000000000000000000000000000038
:1008C0000000000000000000000000000000000028
:1008D0000000000000000000000000000000000018
:1008E0000000000000000000000000000000000008
:1008F00000000000000000000000000000000000F8
:1009000000000000000000000000000000000000E7
:1009100000000000000000000000000000000000D7
:1009200000000000000000000000000000000000C7
:1009300000000000000000000000000000000000B7
:1009400000000000000000000000000000000000A7
:100950000000000000000000000000000000000097
:100960000000000000000000000000000000000087
:100970000000000000000000000000000000000077
:100980000000000000000000000000000000000067
:100990000000000000000000000000000000000057
:1009A0000000000000000000000000000000000047
:1009B0000000000000000000000000000000000037
:1009C0000000000000000000000000000000000027
:1009D0000000000000000000000000000000000017
:1009E0000000000000000000000000000000000007
:1009F00000000000000000000000000000000000F7
:100A000000000000000000000000000000000000E6
:100A100000000000000000000000000000000000D6
:100A200000000000000000000000000000000000C6
:100A300000000000000000000000000000000000B6
:100A400000000000000000000000000000000000A6
:100A50000000000000000000000000000000000096
:100A60000000000000000000000000000000000086
:100A70000000000000000000000000000000000076
:100A80000000000000000000000000000000000066
:100A90000000000000000000000000000000000056
:100AA0000000000000000000000000000000000046
:100AB0000000000000000000000000000000000036
:100AC0000000000000000000000000000000000026
:100AD0000000000000000000000000000000000016
:100AE0000000000000000000000000006465616478
:100AF0006D616E5F746F0072616D737462796469A9
:100B00007300646561646D616E5F746F007370691A
:100B10005F70755F656E6162005344494F4445568E
:100B2000006773706964776F72640050434D434986
:100B3000414445560073645F6F6F626F6E6C79005D
:100B400073645F67706F7574004753504920447732
:100B50006F7264204D6F646520656E61626C6564C0
:100B60000A0073645F677064630073645F67707624
:100B7000616C0025733A2042726F6164636F6D206F
:100B8000534450434D442043444320647269766586
:100B9000720A00736470636D646364632564005358
:100BA00044494F000A525445202825732D257325AA
:100BB00073257329202573206F6E2042434D2573C2
:100BC0002072256420402025642E25642F25642E64
:100BD00025642F25642E25644D487A0A000043447D
:100BE00043006E6F637263006E6F7469665F6300CB
:100BF0006E6F7469665F73006F66646D3267706FE5
:100C00003D3078257800706125646777256461251B
:100C1000643D3078257800706131686962303D2527
:100C20006400706131686962313D25640070613132
:100C3000686962323D2564006761696E6374726C35
:100C40007370683D2564007061316D6178707772F2
:100C50003D2564006D656173706F77657225643D35
:100C6000307825780072786761696E73256467252E
:100C7000637472656C6E616279706125643D256490
:100C800000706132676125643D307825782C3078BA
:100C900025782C307825780072737369736D63350D
:100CA000673D256400757362666C6167733D3078DB
:100CB0002578007061326763636B6125643D30782D
:100CC00025782C307825782C30782578007064656C
:100CD0007472616E676532673D3078257800757390
:100CE000623330753175323D307825780073756226
:100CF00076656E6469643D307825780061672564A7
:100D00003D30782578006F656D3D2530327825308F
:100D100032782530327825303278253032782530D7
:100D200032782530327825303278006F66646D7005
:100D30006F3D307825780074656D706F66667365F9
:100D4000743D2564006D656173706F7765723D3029
:100D50007825780072737369736D6632673D256418
:100D6000007061706172616D62777665723D2564B5
:100D700000646F74313161676F66646D68726277A9
:100D800032303267706F3D30782578006974743284
:100D90006761303D307825780062786132673D25A3
:100DA000640072737369736D6332673D256400700C
:100DB000613567627734306125643D307825782C61
:100DC000307825782C307825782C307825782C30A0
:100DD0007825782C307825782C307825782C307848
:100DE00025782C307825782C307825782C3078258B
:100DF000782C30782578006D6373627732303567F0
:100E00006C706F3D307825780000006D63736277F9
:100E10003230756C35676C706F3D30782578006DB9
:100E200063736277343035676C706F3D3078257846
:100E300000000075736275746D695F63746C3D309A
:100E40007825780065787470616761696E32673DF6
:100E50003078257800616E74737763746C32673D07
:100E6000307825780070726F647563746E616D659B
:100E70003D25730074785F647574795F6379636C82
:100E8000655F7468726573685F25645F35673D25CB
:100E9000640072786761696E657272326761256499
:100EA0003D3078257800616730006D617870326779
:100EB0006125643D30782578006277647570706FC5
:100EC0003D30782578006E6F6973656C766C356798
:100ED0006125643D25642C25642C25642C25640043
:100EE00062773430706F3D307825780070613567F7
:100EF000627738306125643D307825782C3078254C
:100F0000782C307825782C307825782C3078257816
:100F10002C307825782C307825782C307825782C52
:100F2000307825782C307825782C307825782C303E
:100F3000782578007573623330753175323D3078BD
:100F40002578007064657472616E676535673D3041
:100F5000782578006D6163616464723D2573007467
:100F6000656D70735F687973746572657369733DDD
:100F70002564006D6373256467706F25643D307868
:100F8000257800626F617264666C616773323D3010
:100F900078257800626F617264666C616773333DB7
:100FA00030782578006C6564626825643D3078256A
:100FB000780072786761696E73256467256374725F
:100FC00069736F6125643D256400616132673D305E
:100FD0007825780070726F6469643D3078257800F8
:100FE00074656D707468726573683D25640063682C
:100FF00069707265763D2564006C65676F66646D27
:101000006277323035676C706F3D3078257800003C
:10101000006C65676F66646D62773230756C35673A
:101020006C706F3D30782578006C65676F66646D15
:101030006277323035676D706F3D3078257800000B
:10104000006C65676F66646D62773230756C35670A
:101050006D706F3D30782578006C65676F66646DE4
:1010600062773230356768706F3D307825780000E0
:10107000006C65676F66646D62773230756C3567DA
:1010800068706F3D307825780075736266733D2512
:10109000640074656D70735F706572696F643D257F
:1010A000640073623430616E643830256372356772
:1010B0002563706F3D307825780063633D256400BB
:1010C0002004D002A6A9FFFF646F74313161676408
:1010D0007570256372706F3D3078257800616761A7
:1010E00025643D3078257800747269736F35673DEB
:1010F000307825780074656D7073656E73655F7305
:101100006C6F70653D2564006D6178703567612591
:10111000643D307825782C307825782C3078257807
:101120002C30782578007061316974737369743D6F
:1011300025640070613062303D256400706130626A
:10114000313D25640070613062323D25640070617C
:1011500035676125643D307825782C307825782CEA
:10116000307825782C307825782C307825782C30FC
:101170007825782C307825782C307825782C3078A4
:1011800025782C307825782C307825782C307825E7
:1011900078006D63736277383035672563706F3D13
:1011A000307825780073756262616E6435677665A4
:1011B000723D2564007273736973617635673D25EE
:1011C00064006D6373627732303267706F3D3078E0
:1011D00025780000006D637362773230756C32677A
:1011E000706F3D30782578006D63736277343032EC
:1011F00067706F3D30782578000000726567726512
:10120000763D30782578006363746C3D30782578BE
:10121000006E6F6973656C766C32676125643D257D
:101220006400757362333072656773303D307825C2
:10123000782C307825782C307825782C30782578E3
:101240002C307825782C307825782C307825782C1F
:10125000307825782C307825782C307825780075F2
:101260007362333072656773313D307825782C3086
:101270007825782C307825782C307825782C3078A3
:1012800025782C307825782C307825782C307825E6
:10129000782C307825782C307825780063636B7053
:1012A0006F3D307825780074726935673D2564009C
:1012B00063636B64696766696C74747970653D25F6
:1012C000640076656E6469643D30782578006665F3
:1012D0006D6374726C3D25640075736233307265A2
:1012E000677325643D307825782C307825782C304C
:1012F0007825782C307825780070646F6666736581
:1013000074326725646D6125643D307825780075F9
:10131000736265706E756D3D30782578007061314F
:1013200068696D61787077723D25640072786368D2
:1013300061696E3D3078257800626F617264666C19
:101340006167733D307825780070613162303D25EA
:10135000640070613162313D256400706131623238
:101360003D2564007478636861696E3D3078257846
:101370000072786761696E732564672563656C6EBA
:10138000616761696E6125643D2564006770646E04
:101390003D30782578007061306D61787077723DEE
:1013A00025640062786135673D2564006167626786
:1013B00025643D30782578007573627373706879A1
:1013C0005F736C656570303D3078257800757362A9
:1013D00073737068795F736C656570313D30782523
:1013E000780075736273737068795F736C6565708C
:1013F000323D307825780075736273737068795F59
:10140000736C656570333D30782578006C65646475
:10141000633D307825303478006D63733332706FFC
:101420003D30782578007273736973617632673D59
:101430002564006F706F3D256400697474326761C4
:10144000313D30782578007278706F35673D2564BE
:101450000065787470616761696E35673D30782525
:1014600078006F66646D356768706F3D30782578F9
:101470000074776F72616E67657473736925646752
:101480003D25640073623230696E343025637270BA
:101490006F3D30782578006D616E6669643D307807
:1014A000257800656C6E6132673D30782578007272
:1014B0007063616C32673D30782578000000000071
:1014C000000000727063616C356762303D307825D2
:1014D00078000000000000727063616C3567623153
:1014E0003D30782578000000000000727063616C68
:1014F000356762323D3078257800000000000072C8
:101500007063616C356762333D3078257800000088
:1015100000000070613062305F6C6F3D25640070C8
:10152000613062315F6C6F3D256400706130623202
:101530005F6C6F3D25640073623230696E383061D4
:101540006E6431363025637235672563706F3D30C8
:1015500078257800636464706F3D30782578006288
:101560006F617264747970653D3078257800616EC2
:10157000747377697463683D3078257800626F61B1
:1015800072646E756D3D25640072646C69643D30F3
:10159000782578007874616C667265713D25640009
:1015A0006D61787035676861303D307825780072FC
:1015B000786761696E73256467656C6E61676169E0
:1015C0006E6125643D25640075736273736D646993
:1015D0006F25643D307825782C307825782C30784C
:1015E00025782C3078257800737562646576696497
:1015F0003D30782578007061316C6F62303D256434
:10160000007061316C6F62313D2564007061316C36
:101610006F62323D25640073746263706F3D307891
:1016200025780072786761696E6572723567612529
:10163000643D307825782C307825782C30782578E2
:101640002C30782578007061316C6F6D617870771F
:10165000723D25640070646F666673657425646D01
:101660006125643D307825780074656D70636F7214
:1016700072783D2564006F66646D3567706F3D302C
:10168000782578007573626E6F73733D30782578B6
:1016900000616135673D3078257800637573746F3C
:1016A0006D76617225643D307825780074785F64CA
:1016B0007574795F6379636C655F6F66646D5F25D0
:1016C000645F35673D256400757569643D25730069
:1016D000757362646573635F636F6D706F73697454
:1016E000653D307825780074656D7073656E73653F
:1016F0005F6F7074696F6E3D256400706170646324
:1017000061702564673D2564006C65676F66646D74
:10171000627732303267706F3D3078257800000094
:101720006C65676F66646D62773230756C326770B6
:101730006F3D307825780070646761696E25646755
:101740003D2564006D617870356761303D307825E6
:1017500078006D617870356761313D3078257800AB
:101760006D63732564672563706F25643D3078254C
:10177000780070687963616C5F74656D7064656C26
:1017800074613D2564007061256467256377256475
:101790006125643D307825780063636F64653D3072
:1017A00078300072656777696E646F77737A3D256C
:1017B00064006F66646D6C72627732303267706F8E
:1017C0003D3078257800776F776C5F6770696F7050
:1017D0006F6C3D256400616E74737763746C35675C
:1017E0003D307825780063636B3267706F3D3078E9
:1017F00025780074726932673D25640063636B620B
:101800007732303267706F3D3078257800000063A2
:10181000636B62773230756C3267706F3D3078255C
:101820007800697474356761303D307825780069D7
:101830007474356761313D30782578006D63736C61
:101840007235672563706F3D307825780070646F5E
:101850006666736574326725646D76616C69643D94
:10186000307825780072786761696E7325646774D3
:1018700072656C6E616279706125643D25640062F9
:101880006F6172647265763D307825780072617799
:1018900074656D7073656E73653D3078257800757D
:1018A000736273737068795F75746D695F63746C6C
:1018B000303D307825780075736273737068795F96
:1018C00075746D695F63746C313D3078257800758F
:1018D000736273737068795F75746D695F63746C3C
:1018E000323D307825780000000000006F66646D9E
:1018F00035676C706F3D30782578007061306974A1
:10190000737369743D25640074737369706F733504
:10191000673D30782578007278706F32673D2564B6
:101920000074737369706F73736C6F70652564678F
:101930003D2564007472693567683D2564006D61FA
:101940006E663D25730074726935676C3D256400D1
:101950006D637362773230356768706F3D3078251C
:10196000780000006D637362773230756C3567689C
:10197000706F3D30782578006D6373627734303551
:101980006768706F3D3078257800000073726F6D66
:101990007265763D2564006C65676F66646D3430F2
:1019A000647570706F3D30782578006D61787035A2
:1019B000676861313D307825780064657669643DFB
:1019C000307825780072786761696E732564677472
:1019D0007269736F6125643D2564006D61787035AF
:1019E000676C61303D30782578006D6178703567BF
:1019F0006C61313D30782578006570616761696E92
:101A00002564673D2564007770736770696F3D25B5
:101A10006400776F776C5F6770696F3D2564007253
:101A2000737369736D6635673D25640074726973FD
:101A30006F32673D307825780074737369706F7307
:101A400032673D30782578007770736C65643D258A
:101A50006400656C6E6135673D3078257800706193
:101A600035676277343038306125643D30782578C9
:101A70002C307825782C307825782C307825782CE7
:101A8000307825782C307825782C307825782C30D3
:101A90007825782C307825782C307825782C30787B
:101AA00025782C30782578006D6373627732303575
:101AB000676D706F3D307825780000006D6373624C
:101AC000773230756C35676D706F3D3078257800F2
:101AD0006D63736277343035676D706F3D30782594
:101AE0007800000063636F64653D25632563006DC6
:101AF0006373627731363035672563706F3D3078B8
:101B0000257800496E76616C69642F556E73757027
:101B1000706F72746564207874616C2076616C7586
:101B20006520256400726D696E00636C646F5F628E
:101B30007572737400706C6C2564006C6E6C646FED
:101B40003100722564640072256474007874616CDD
:101B500066726571000000000C00000002001600B3
:101B60000200000004000D000700000001000A0050
:101B70000800000004000D000A00000004000D0031
:101B80000D00000001000700170000000400040021
:101B90001B000000040001001C0000000100070001
:101BA000000000000200020001000000010001002E
:101BB0000300000002000200040000000100010018
:101BC0000500000001000100060000000100010006
:101BD00009000000010005000B00000001000100E9
:101BE0000C000000020030000E00000001000100A7
:101BF0000F000000010001001000000001000100C2
:101C000011000000010001001200000003000300A9
:101C10001300000001000100140000000100010099
:101C20001500000001000100160000000100010085
:101C30001800000002001300190000000200130049
:101C40001A000000020013001D0000000100010046
:101C50001E000000010001000C0000000200300026
:101C6000726D61780000004B00079065000C1892BF
:101C7000000F6C706C646F31000000000100000008
:101C80000000000000000000000000000200000052
:101C9000000000000100000000000000040000003F
:101CA0000000000003000000000000000800000029
:101CB0000000000000000000000000001000000014
:101CC00000000000070000000000000020000000ED
:101CD000000000005711000000000000400000005C
:101CE000000000001701000000000000800000005C
:101CF000000000005701000000000000000100008B
:101D000000000000030000000000000000020000CE
:101D100000000000000000000000000000040000BF
:101D200000000000030000000000000000080000A8
:101D30000000000007040000000000000010000088
:101D4000000000005701000000000000002000001B
:101D500000000000D7150000000000000040000057
:101D600000000000F7BDC20E00000000008000006F
:101D700000000000F73DC20E00000000000001005E
:101D80000000000000000000000000000000020051
:101D900000000000F73DC00E00000000000004003D
:101DA00000000000F73DC20E000000000000080027
:101DB00000000000F73DC20E00000000000010000F
:101DC00000000000F73DC0060000000000002000F9
:101DD00000000000F73DDA0E0000000000004000A7
:101DE00000000000F73D0006000000000000800039
:101DF00000000000F73D4006000000000000000168
:101E000000000000000000000000000000000002D0
:101E100000000000D70100000000000000000004E6
:101E200000000000D70D00000000000000000008C6
:101E300000000000F73DC006000000000000001098
:101E400000000000F73DCA0E000000000000002066
:101E500000000000F73DCA1E000000000000004026
:101E600000000000F73DFA3E0000000072656725A3
:101E70006400636C646F5F70776D006368697063A2
:101E8000256400626F617264747970650070726FAE
:101E900064696400737764656E61626C6500677085
:101EA000646E00626F617264666C61677300627475
:101EB0006378776172666C616773007874616C66D1
:101EC00072657100626F6172647265760064657636
:101ED0006964006D7578656E616200776C30696465
:101EE00000776C25643A2042726F6164636F6D20E5
:101EF00042434D2573203830322E313120576972DC
:101F0000656C65737320436F6E74726F6C6C657271
:101F10002025730A0074656D705F74686F72745F5A
:101F20006D6F6E69746F725F74696D650074785F50
:101F30006D696E696D756D5F647574795F637963E2
:101F40006C650074785F647574795F6379636C6540
:101F50005F63636B0061676267300061676267316E
:101F60000061676267320074656D706261736564F9
:101F70005F647574795F6379636C655F656E00613A
:101F800061300074785F647574795F6379636C6540
:101F90005F6F66646D00000011338200253482009B
:101FA00000000000000000004E5652414D52657680
:101FB000007361723267006161326700204325431C
:101FC000034321432443184319431A431143134342
:101FD00012431443154316431B431C431D4328431C
:101FE00029432A432B432C432D4341434043504331
:101FF00051435243534357439DA9760554435F438E
:102000003F434F432F4334433543364337433843ED
:1020100039431647484727474343604346434743AE
:102020004843314332433343AA43584359435A4305
:10203000A9435543564363438043814382436443EA
:102040006543664374436743A043A143A243AE4341
:10205000AF43B043AB43AC43AD43E343E443E54359
:10206000E243D043D143D243BA43BB43BC43B14321
:10207000B243B343A343A443A543B743B843B943CF
:10208000C043C143C243D343D443D543D643D743CC
:10209000D843D943DA43DB43DF43E043E143EC4336
:1020A000ED43EE43E943EA43EB432243D6A867A856
:1020B00068A89CA9D8A89DA91343144386A83143B6
:1020C000A7A9DBA8D1A8DCA8A4A952AAC6A902AADC
:1020D00031AA32AA74785F74656D705F7468726536
:1020E00073680064657669640031316E5F6469739A
:1020F00061626C650061673000616B6D000000001B
:10210000299483005DB783000592830000000000DE
:1021100045338400DD398400000000000000000029
:102120007A6263786763696770696F00616E747360
:102130007763746C326700616E74737763746C35A7
:102140006700776C25643A646D61256400616132D3
:1021500067006C74656378666E73656C00627463A7
:102160005F6D6F646500626F617264666C61677356
:10217000006D616361646472006C746563787061A2
:10218000646E756D0076656E646964007A6263786A
:10219000666E73656C00627463786C657363616E00
:1021A000007A6263787061646E756D006375737434
:1021B0006F6D7661723100637573746F6D766172E5
:1021C00032006274635F706172616D7325640062D6
:1021D00074635F666C6167730062746378776172C1
:1021E000666C61677300626F617264666C616773CD
:1021F00032006C746563786763696770696F006249
:102200006F617264666C6167733400626F617264DF
:102210007265760064657669640073726F6D7265CD
:10222000760062745F64656661756C745F616E747C
:10223000006D6F6E69746F725F74696D655F6F7545
:10224000740062746364796E5F64656661756C7452
:102250005F6274635F6D6F64650070726F74656355
:102260007465645F74696D655F6F75740062746333
:1022700064796E5F6D73775F726F7730006274633D
:1022800064796E5F6D73775F726F7731006274632C
:1022900064796E5F6D73775F726F7732006274631B
:1022A00064796E5F64736E735F726F7773006274CC
:1022B0006364796E5F636F65785F74776F5F616E7B
:1022C00074007478635F6475725F746872657368B4
:1022D0000062746364796E5F6D73775F726F7733DA
:1022E0000062746364796E5F6D73775F726F77738A
:1022F0000062746364796E5F64666C745F64736EAD
:10230000735F6C6576656C0062746364796E5F629E
:1023100074727373695F6879737465720070726F39
:10232000745F6274727373695F7468726573680056
:102330006374733273656C665F6475725F74687220
:1023400065736800616C6572745F74696D655F6F59
:1023500075740062746364796E5F686967685F644E
:10236000736E735F6C6576656C007266615F636F38
:10237000756E745F74687265736800627463647903
:102380006E5F6D69645F64736E735F6C6576656CB8
:102390000062746364796E5F6C6F775F64736E73F1
:1023A0005F6C6576656C0062746364796E5F666C01
:1023B0006167730062746364796E5F64736E735FE8
:1023C000726F77300062746364796E5F64736E73EA
:1023D0005F726F77310062746364796E5F64736EED
:1023E000735F726F77320062746364796E5F6473D7
:1023F0006E735F726F77330073636F5F72737369AD
:102400005F7468726573680063636F64650063631B
:1024100000726567726576006576656E7471006836
:1024200073323000B1968600F19686006184860092
:10243000B1848600B1968600F1968600618486009C
:10244000B1848600B1968600F19686002D858600BF
:1024500099868600000000000000000000000000D7
:10246000000000002D85860099868600000000008F
:1024700000000000B1968600F1968600B1968600B5
:10248000F1968600B1968600F19686000000000065
:102490000D060F00000000000406300400000000DC
:1024A0000206400672737369636F72726E6F726DAB
:1024B00000676C616369616C74696D65720063616A
:1024C0006C5F706572696F64006C64706300747334
:1024D00073696C696D75636F640025732E66616244
:1024E0002E25640074656D70746872657368002EC3
:1024F0006661622E00747870777262636B6F66003B
:10250000696E746572666572656E636500676C6995
:102510007463685F62617365645F6372736D696E33
:102520000032675F6367610072737369636F727211
:10253000617474656E0070687963616C5F74656D59
:102540007064656C74610074656D70735F68797335
:10255000746572657369730072737369636F727205
:10256000706572726732670074737369666C6F6F3F
:1025700072326700766261745F61646400706170DA
:102580006476616C696474657374007377646976EA
:102590005F6770696F5F31006D63733267706F30B2
:1025A0000073707572636F6E666967006D63733276
:1025B00067706F310063636B64696766696C74741C
:1025C0007970650065755F656474687265736832FB
:1025D00067007265645F7278626C6F636B696E67C7
:1025E000000001006C094B00760113003230160028
:1025F0000300417E0006000AD903270025000000E1
:10260000910900006C090000000005035BE7080069
:102610003F5812122F141F1F1F1F20512761000047
:1026200009603F70020071094B00760113003230DF
:1026300016000300417E0006000AD903270025008A
:1026400000009109000071090000000007030D82DD
:1026500008003F5812122F141F1F1F1F20512761FF
:10266000000009603F70030076094B0076011300FB
:10267000323016000300417E0006000AD90327000D
:102680002500000091090000760900000000090300
:10269000BF1C08003F5812122F141F1F1F1F20516C
:1026A0002761000009603F7004007B094B00760140
:1026B0001300323016000300417E0006000AD903E1
:1026C000270025000000910900007B0900000000A0
:1026D0000A0371B708003F5812122F141F1F1F1F43
:1026E00020512761000009603F70050080094B0000
:1026F00076011300323016000300417E0006000A06
:10270000D90327002500000091090000800900007E
:1027100000000C03235208003F5812122F141F1FF1
:102720001F1F21512761000009603F7006008509C5
:102730004B0076011300323016000300417E000684
:10274000000AD9032700250000009109000085092F
:10275000000000000D03D5EC08003F5812122F14A2
:102760001F1F1F1F21512761000009603F700700D4
:102770008A094B0076011300323016000300417EB7
:102780000006000AD9032700250000009109000077
:102790008A09000000000F03878708003F581212C3
:1027A0002F141F1F1F1F21512761000008603F7059
:1027B00008008F094B007601130032301600030029
:1027C000417E0006000AD903270025000000910978
:1027D00000008F09000000001103392208003F5853
:1027E00012122F141F1F1F1F2151276100000860A4
:1027F0003F70090094094B00760113003230160037
:102800000300417E0006000AD903270025000000CE
:10281000910900009409000000001203EBBC0800BD
:102820003F5812122F141F1F1F1F21512761000034
:1028300008603F600A0099094B00760113003230AE
:1028400016000300417E0006000AD9032700250078
:1028500000009109000099090000000014039D5731
:1028600008003F5812122F141F1F1F1F21512761EC
:10287000000008603F600B009E094B0076011300CA
:10288000323016000300417E0006000AD9032700FB
:1028900025000000910900009E09000000001503BA
:1028A0004FF208003F5812122F141F1F1F1F2151F3
:1028B0002761000007603F600C00A3094B00760110
:1028C0001300323016000300417E0006000AD903CF
:1028D00027002500000091090000A3090000000066
:1028E0001703018D08003F5812122F141F1F1F1FBE
:1028F00021512761000007603F600D00A8094B00CF
:1029000076011300323016000300417E0006000AF3
:10291000D90327002500000091090000A809000044
:1029200000001903B32708003F5812122F141F1F6D
:102930001F1F21512861000007603F600E00B4098D
:102940004B0076011300323016000300417E000672
:10295000000AD90327002500000091090000B409EE
:10296000000000001D035E0108003F5812122F14E2
:102970001F1F1F1F21512861000007603F606D610C
:10298000787032676130000001006C093400040186
:102990000D0023304F000300417E0006000AD903DA
:1029A00027001A000000A20900006C0900000000C6
:1029B000B208277608003F5817173C191F1F1F1F22
:1029C0003B511961000009603F7002007109340039
:1029D00004010D0023304F000300417E0006000A71
:1029E000D90327001A000000A209000071090000A5
:1029F0000000B708B11308003F5817173C191F1FF4
:102A00001F1F3B511961000009603F7003007609E8
:102A1000340004010D0023304F000300417E000606
:102A2000000AD90327001A000000A2090000760955
:102A300000000000BB083BB108003F5817173C19C5
:102A40001F1F1F1F3C511961000009603F700400E7
:102A50007B09340004010D0023304F000300417E48
:102A60000006000AD90327001A000000A20900008E
:102A70007B0900000000C008C44E08003F5817172B
:102A80003C191F1F1F1F3C511961000009603F7056
:102A900005008009340004010D0023304F000300BD
:102AA000417E0006000AD90327001A000000A2098F
:102AB0000000800900000000C4084EEC08003F58E8
:102AC00017173C191F1F1F1F3C5119610000096097
:102AD0003F7006008509340004010D0023304F00CB
:102AE0000300417E0006000AD90327001A000000F7
:102AF000A2090000850900000000C908D889080063
:102B00003F5817173C191F1F1F1F3C511961000028
:102B100009603F7007008A09340004010D0023306A
:102B20004F000300417E0006000AD90327001A0067
:102B30000000A20900008A0900000000CE086227F8
:102B400008003F5817173C191F1F1F1F3C511961E0
:102B5000000008603F7008008F09340004010D0078
:102B600023304F000300417E0006000AD9032700EE
:102B70001A000000A20900008F0900000000D2081E
:102B8000ECC408003F5817173C191F1F1F1F3C516A
:102B90001961000008603F700900940934000401C5
:102BA0000D0023304F000300417E0006000AD903C8
:102BB00027001A000000A20900009409000000008C
:102BC000D708766208003F5817173C191F1F1F1FB0
:102BD0003C511961000008603F600A009909340007
:102BE00004010D0023304F000300417E0006000A5F
:102BF000D90327001A000000A2090000990900006B
:102C00000000DC08000008003F5817173C191F1F80
:102C10001F1F3C511961000008603F600B009E09B6
:102C2000340004010D0023304F000300417E0006F4
:102C3000000AD90327001A000000A20900009E091B
:102C400000000000E008899D08003F5817173C1954
:102C50001F1F1F1F3D511961000007603F600C00DE
:102C6000A309340004010D0023304F000300417E0E
:102C70000006000AD90327001A000000A20900007C
:102C8000A30900000000E508133B08003F58171790
:102C90003C191F1F1F1F3D511961000007603F6055
:102CA0000D00A809340004010D0023304F0003007B
:102CB000417E0006000AD90327001A000000A2097D
:102CC0000000A80900000000E9089DD808003F584E
:102CD00017173C191F1F1F1F3D5119610000076086
:102CE0003F600E00B409340004010D0023304F0092
:102CF0000300417E0006000AD90327001A000000E5
:102D0000A2090000B40900000000F4084EEC08001D
:102D10003F5817173C191F1F1F1F3D511961000015
:102D200007603F6070726F70627732303267706F29
:102D30000072636F725F61636900706D696E00702D
:102D40006170646D6F64650063616C69647865735C
:102D50007474617267657432670063616C6964786A
:102D600065737462617365326700706132676130E8
:102D70005F6C6F0063636B3267706F0063636B73CC
:102D800063616C650074656D705F6D756C74007067
:102D90006170646570736F6666736574006F6664F6
:102DA0006D3267706F00706163616C69647832675F
:102DB0000073776469765F73776374726C5F656EB6
:102DC000006F66646D64696766696C7474797065B8
:102DD0006265004176566D6964495163616C0063B8
:102DE000636B6964787063686F6666730074656DA1
:102DF000705F6164640073776469765F6770696FA0
:102E0000006D6373627732303267706F007061708B
:102E100064656E646964780001006C092600C00076
:102E20000A001A3080000300417E0006000AD90320
:102E3000270013000000B00900006C09000000002A
:102E4000C70B000008003F5817173C191F1F1F1F12
:102E500050511961000009603F700200710926009D
:102E6000C0000A001A3080000300417E0006000AFC
:102E7000D903270013000000B00900007109000009
:102E80000000CD0B004008003F5817173C191F1FCA
:102E90001F1F51511961000009603F70030076093E
:102EA0002600C0000A001A3080000300417E0006A0
:102EB000000AD903270013000000B00900007609BA
:102EC00000000000D30B008008003F5817173C1982
:102ED0001F1F1F1F51511961000009603F7004003E
:102EE0007B092600C0000A001A3080000300417EE2
:102EF0000006000AD903270013000000B0090000F3
:102F00007B0900000000D90B00C008003F581717CC
:102F10003C191F1F1F1F51511961000009603F70AC
:102F2000050080092600C0000A001A308000030056
:102F3000417E0006000AD903270013000000B009F3
:102F40000000800900000000E00B000008003F586E
:102F500017173C191F1F1F1F5151196100000960ED
:102F60003F70060085092600C0000A001A30800064
:102F70000300417E0006000AD90327001300000069
:102F8000B0090000850900000000E60B00400800C1
:102F90003F5817173C191F1F1F1F5151196100007F
:102FA00009603F7007008A092600C0000A001A3035
:102FB00080000300417E0006000AD90327001300A9
:102FC0000000B00900008A0900000000EC0B00803E
:102FD00008003F5817173C191F1F1F1F5151196137
:102FE000000008603F7008008F092600C0000A003A
:102FF0001A3080000300417E0006000AD903270032
:1030000013000000B00900008F0900000000F20B5F
:1030100000C008003F5817173C191F1F1F1F5251AF
:103020001961000008603F70090094092600C00083
:103030000A001A3080000300417E0006000AD9030E
:10304000270013000000B0090000940900000000F0
:10305000F90B000008003F5817173C191F1F1F1FCE
:1030600052511961000008603F600A00990926006A
:10307000C0000A001A3080000300417E0006000AEA
:10308000D903270013000000B009000099090000CF
:103090000000FF0B004008003F5817173C191F1F86
:1030A0001F1F52511961000008603F600B009E090C
:1030B0002600C0000A001A3080000300417E00068E
:1030C000000AD903270013000000B00900009E0980
:1030D00000000000050C008008003F5817173C193D
:1030E0001F1F1F1F52511961000007603F600C0035
:1030F000A3092600C0000A001A3080000300417EA8
:103100000006000AD903270013000000B0090000E0
:10311000A309000000000B0C00C008003F5817175F
:103120003C191F1F1F1F52511961000007603F60AB
:103130000D00A8092600C0000A001A308000030014
:10314000417E0006000AD903270013000000B009E1
:103150000000A80900000000120C000008003F5801
:1031600017173C191F1F1F1F5251196100000760DC
:103170003F600E00B4092600C0000A001A3080002B
:103180000300417E0006000AD90327001300000057
:10319000B0090000B40900000000210C0000080084
:1031A0003F5817173C191F1F1F1F5351196100006B
:1031B00007603F606974737369636F72720073773D
:1031C0006469765F656E0065646F66667468643214
:1031D00030756C00696E6974786964787063680032
:1031E000647373667468007473736974696D6500E1
:1031F00063636B627732303267706F007061706446
:1032000074656D70007061326761305F3270777223
:1032100000696E6974786964780063636B707772B3
:103220006F666673657430004176566D69645F63DE
:10323000300074656D705F7100766261745F6D75EA
:103240006C740063636B696E697478696478007389
:10325000726F6D726576006F66646D64696766692A
:103260006C7474797065007061706474656D7062FF
:10327000696173006C636E32305F6E6F6973656392
:10328000616C5F74626C5F656E0065646F6E74681C
:103290006432306C006C65676F66646D62773230E3
:1032A0003267706F007061326761300074787077D8
:1032B000726F6666736574326700706D6178007650
:1032C0006261745F710006073F038A000000060711
:1032D0003F038400000006073F038000000006074C
:1032E0003F037B00000006073F037700000006074E
:1032F0003F037200000006073F036E000000060750
:103300003F036A00000006073F036700000006074E
:103310003F036300000006073F036100000006074B
:103320003F035C00000006073F035A000000060749
:103330003F035700000006073F0354000000060744
:103340003F035100000006073F034F00000006073F
:103350003F034D00000006073F034B000000060737
:103360003F034800000006073F0346000000060731
:103370003F034400000006073F0342000000060729
:103380003F034000000006073F033F000000060720
:103390003F033D00000006073F033B000000060717
:1033A0003F033A00000006073F033800000006070D
:1033B0003F033600000006073F0335000000060704
:1033C0003F033400000006073F03320000000607F9
:1033D0003F033100000006073F03300000000607EE
:1033E0003E032F00000006073C032F0000000607E5
:1033F0003B032F00000006073B032D0000000607DB
:103400003A032D00000006073A032C0000000607CF
:103410003A032B00000006073A03290000000607C4
:1034200039032900000006073803280000000607BA
:1034300038032700000006073803260000000607AF
:1034400038032500000006073803240000000607A3
:103450003703240000000607370323000000060797
:10346000370322000000060737032100000006078B
:103470003503210000000607350320000000060781
:10348000340320000000060734031F000000060775
:1034900032031F000000060733031E00000006076A
:1034A00033031D000000060731031D00000006075E
:1034B00032031C000000060730031C000000060752
:1034C0002F031C00000006072D031C000000060748
:1034D0002B031C00000006072A031C00000006073F
:1034E00029031C000000060728031C000000060733
:1034F00028031B000000060727031B000000060727
:1035000027031A000000060726031A00000006071A
:1035100024031A000000060723031A000000060710
:1035200022031A000000060721031A000000060704
:1035300021031900000006072003190000000607F8
:103540001F031900000006071E03190000000607EC
:103550001E031900000006071E03190000000607DD
:103560001E031900000006071E03190000000607CD
:103570001E031900000006071E03190000000607BD
:103580001E031900000006071E03190000000607AD
:103590001E031900000006071E031900000006079D
:1035A0001E031900000006071E031900000006078D
:1035B0001E031900000006071E031900000006077D
:1035C0001E031900000006071E031900000006076D
:1035D0001E031900000006071E031900000006075D
:1035E0001E031900000006071E031900000006074D
:1035F0001E031900000006071E031900000006073D
:103600001E031900000006071E031900000006072C
:103610001E031900000006071E031900000006071C
:103620001E031900000006071E031900000006070C
:103630001E031900000006071E03190000000607FC
:103640001E031900000006071E03190000000607EC
:103650001E031900000006071E03190000000607DC
:103660001E031900000006071E03190000000607CC
:103670001E031900000006071E03190000000607BC
:103680001E031900000006071E03190000000607AC
:103690001E031900000006071E031900000006079C
:1036A0001E031900000006071E031900000006078C
:1036B0001E031900000006071E031900000006077C
:1036C0001E0319000000060F3FFF62000000060FF6
:1036D0003FFF5E000000060F3FFF59000000060F8D
:1036E0003FFF55000000060F3FFF51000000060F8E
:1036F0003FFF4D000000060F3FFF4A000000060F8D
:103700003FFF47000000060F3FFF44000000060F88
:103710003FFF41000000060F3FFF3E000000060F84
:103720003FFF3C000000060F3FFF3A000000060F7D
:103730003FFF37000000060F3FFF35000000060F77
:103740003FFF33000000060F3FFF32000000060F6E
:103750003FFF30000000060F3FFF2E000000060F65
:103760003DFF2E000000060F39FF2F000000060F5E
:103770003AFF2D000000060F39FF2C000000060F55
:1037800037FF2C000000060F36FF2B000000060F4D
:1037900036FF2A000000060F35FF29000000060F43
:1037A00035FF28000000060F33FF28000000060F39
:1037B00031FF28000000060F30FF27000000060F31
:1037C0002FFF27000000060F2DFF27000000060F27
:1037D0002EFF25000000060F2CFF25000000060F1D
:1037E0002BFF25000000060F29FF25000000060F13
:1037F00028FF24000000060F26FF25000000060F0A
:1038000024FF26000000060F22FF26000000060FFE
:1038100021FF26000000060F21FF25000000060FF3
:1038200022FF23000000060F20FF23000000060FE8
:103830001FFF23000000060F1FFF22000000060FDD
:103840001FFF21000000060F1CFF22000000060FD2
:103850001CFF21000000060F1CFF20000000060FC7
:103860001CFF1F000000060F1CFF1E000000060FBB
:103870001AFF1F000000060F1AFF1E000000060FAF
:1038800019FF1E000000060F19FF1D000000060FA3
:1038900018FF1D000000060F18FF1C000000060F97
:1038A00016FF1D000000060F16FF1C000000060F8B
:1038B00017FF1B000000060F17FF1A000000060F7D
:1038C00017FF19000000060F16FF19000000060F71
:1038D00015FF19000000060F14FF19000000060F65
:1038E00016FF17000000060F15FF17000000060F57
:1038F00017FF15000000060F16FF15000000060F49
:1039000015FF15000000060F14FF15000000060F3C
:1039100015FF14000000060F14FF14000000060F2E
:1039200014FF13000000060F15FF12000000060F21
:1039300012FF13000000060F13FF12000000060F15
:1039400012FF12000000060F11FF12000000060F08
:1039500010FF12000000060F0DFF14000000060FFC
:103960000FFF12000000060F0EFF12000000060FEE
:103970000CFF13000000060F0DFF12000000060FE1
:103980000CFF12000000060F0BFF13000000060FD3
:103990000CFF11000000060F08FF14000000060FC6
:1039A00009FF13000000060F08FF13000000060FB8
:1039B0000AFF11000000060F08FF12000000060FAA
:1039C00007FF13000000060F08FF11000000060F9C
:1039D00007FF12000000060F07FF11000000060F8E
:1039E00005FF13000000060F08FF0F000000060F80
:1039F00009FF0E000000060F08FF0E000000060F72
:103A000007FF0F000000060F04FF11000000060F63
:103A100005FF10000000060F03FF12000000060F54
:103A200004FF10000000060F01FF14000000060F45
:103A300002FF12000000060F01FF13000000060F36
:103A400002FF11000000060F01FF12000000060F28
:103A500002FF10000000060F01FF11000000060F1A
:103A600001FF10000000060F01FF10000000060F0C
:103A700001FF10000000060F01FF10000000060FFC
:103A800001FF10000000060F01FF10000000060FEC
:103A900001FF10000000060F01FF10000000060FDC
:103AA00001FF10000000060F01FF10000000060FCC
:103AB00001FF10000000060F01FF10000000060FBC
:103AC00001FF100000007261746573656C0073740F
:103AD000660063636B5F6F6E65636F72655F7478BA
:103AE0000074656D70735F706572696F64007478DF
:103AF000636861696E007278636861696E007377EC
:103B00006469765F736E7274687265736800737748
:103B10006469765F74785F77656967687400737746
:103B20006469765F736E726C696D00737764697631
:103B30005F73776374726C5F6D61736B007377642E
:103B400069765F63636B736E72636F727200737713
:103B50006469765F73776374726C5F616E74300052
:103B600073776469765F73776374726C5F616E7488
:103B7000310073776469765F77656967687400738D
:103B8000776469765F736574746C650073776469D4
:103B9000765F656E0073776469765F72785F706FC9
:103BA0006C6963790073776469765F63656C6C5FD9
:103BB000706F6C6963790073776469765F7377639C
:103BC00074726C5F656E0073776469765F74687297
:103BD0006573680073776469765F6770696F5F31DA
:103BE0000073776469765F63636B6E6F6973656595
:103BF00073746C696D0073776469765F6C6F67329C
:103C00006176670073776469765F6770696F0073C8
:103C1000776469765F74785F706F6C69637900733D
:103C2000776469765F74696D656F757400616E7431
:103C30006469765F727373696469666674687265D5
:103C4000736800776F776C5F6770696F00776F7765
:103C50006C5F6770696F706F6C00000073B54369CB
:103C6000164600222F2B04460D46019208DD332B09
:103C700006D013460121E2F3D9F183059B0D07E03D
:103C8000002120460A46E2F331F2064B03401B0CAA
:103C90001B022046336001A92A4600F005F801986E
:103CA0007CBD00BF0000FF03F8B504460E46154674
:103CB000E5F380F540F61201002207462046E6F3C0
:103CC0001BF32046E5F37EF520463946E6F322F362
:103CD000024B33604FF4C8632B60F8BD4C640300A3
:103CE0000B46C06F11461A46FFF7B8BF10B5012149
:103CF0000446C06FE2F35CF2E06FE6F337F30020B6
:103D000010BD37B50024694601AA05460094019408
:103D1000FFF7E6FF9DE806000346284624F052DC44
:103D200020463EBD38B50446C06FE2F3D3F148B13A
:103D30002046FFF7E6FF054638B92046FFF7D6FFD5
:103D4000284638BD4FF0FF3038BD002038BD2DE982
:103D5000FF4107464FF4B6700E4615469846E0F30D
:103D60006BF40446002832D000214FF4B672DBF326
:103D70004DF40A9B3846009304F18003019304F14B
:103D80008403029331462A464346F2F7F1FBE0678B
:103D9000C0B10123637440F612010022E6F3ACF2D5
:103DA0000C210022C4F88800E06FE5F3F7F4204608
:103DB000F5F722FF2046FFF7B5FFE06FF2F780F935
:103DC000002500E00B252046E0F348F400E01E2526
:103DD000284604B0BDE8F081CDAB000001BC600313
:103DE00000104E03BFDE02F00E5C0280C12700000F
:103DF0000403BFDE02F0105903A85E02F0001203B4
:103E0000A65E02F0001202825E5300001202855E7E
:103E1000AF000012020200BF00000F03A85E02F014
:103E200000120282DEBB0000120282DEB30000122A
:103E300002845EB700001202845EB30000120286A4
:103E400000C7000012028480C300001201BC63FF9F
:103E50001FF04000008000000000035B5E02F000E5
:103E60001401BC601300104300015E02F00000006A
:103E7000025E02F0182C020200BF0000B402045ED1
:103E8000FF00001B006B446556801B01846002F735
:103E9000F7BF01BC6003000AA600025E02F0123701
:103EA0000202DEFF000020006B44655520200182E5
:103EB000E002F7F7BF03BFDE02F006C30201AC7BEE
:103EC00000002500E844656177A101BC607F081708
:103ED000A2006D5E86F4402500A82C7B010B1E001D
:103EE000682B4F00002A0280DEFF0000B4006B4404
:103EF000655A60B40184E006F577AB00025E02F01B
:103F0000159B020480C700002C028180C700002E90
:103F100001806002F7F7BF01BC6003000ADA00907D
:103F20002BE300D7A200E02BDEF457A3006D446A18
:103F3000F4603200B02BD7000AF001876002F7F777
:103F4000BF00682BBF00003A00E944655DF7A3009D
:103F5000E8C4695E77A20068DE8B00003A006DDE7F
:103F60008D5E003A0286ABD300003A01876006F707
:103F7000F7BF0207DEFF00003F00E844655A37A2A2
:103F8000006D5E895A003F0187E002F7F7BF01BC70
:103F90006003000AD100682C6F00004501BC61F786
:103FA0000017A100E844656377A2006D5E8AF420E3
:103FB0004501BC6003000B1B00A82C7B002B1E00DE
:103FC000682AE700005100E844655737A1006DDE1C
:103FD0008556404C00682B2300005100E844655989
:103FE00017A1006DDE8556404E03BFDE02F0005182
:103FF00001BC6003000ABA01BC6003000AB901BC3D
:104000006003000AC801BC6003000AC000A82C7B42
:10401000004B1E0202DEB300005402004203000007
:104020005400025E02F00D2F0203C5730000570218
:10403000845EB30000B40068AAEF0000B40284DE1E
:10404000B7000059020180C700007900B02AAB0018
:1040500017A202802BD300006000B02B030017A131
:10406000006DDE855BE0AB00685E87000060006885
:104070002BE700006000B02BE70017A200682AEBD6
:1040800000006600E844655757A101856006F5D732
:10409000AE006DDE86F440AB00E05E8554F7A10013
:1040A0006DDE86F440AB01856002F5D7AE0202DE1C
:1040B000BB00007900682A9B00007900E844655540
:1040C000D7A100E02A9B0157A2006EDE86F4407261
:1040D0000182E002F5D7AE0181600163CB1E01BC15
:1040E0006003000AEA01BC6003000AA601BC600389
:1040F000000AE503BFDE02F00079006EAA9AF42000
:104100007800E82A9AF437A100902A9B0037A20091
:104110006E2A9EF4407700B02A9F0017A20069DE45
:1041200086F4407903BFDE02F000AB0284DEB70004
:10413000009E028881AB00009C02045EB70000B4C0
:10414000020480C700008500682AF7002085006807
:104150002AF700808500682ADF00008400682AF7BB
:1041600002E0820068AAF708608400E844655637D8
:10417000A1006D5E8556E0B402005EFF00009C0267
:104180008080BF00009C00682B2300008B02802BE6
:10419000D300008B00B02B2B0017BB006E2B02F757
:1041A00060B403BFDE02F0009C0205DEB700008EA3
:1041B00000682AF70860B403BFDE02F0009C0284A6
:1041C00000C7000090028600C700009200682AEB3A
:1041D00000009C02812C2700009C00E844655637B3
:1041E000A10206ABD300009600E845C95AF7A20326
:1041F000BFDE02F0009700E845895AF7A20286ABBD
:10420000D300009A00E85E86F457A10069DE855766
:10421000009C006CC4655660B402855EB70000B4B3
:1042200000025E02F015BE03BFDE02F000B402859C
:10423000ABD30000A50206ABD30000A301BC63FF13
:104240001FF7A1006845C6F4209C03BFDE02F00002
:10425000A501BC63FF1FF7A100684586F4209C02FE
:1042600003C5730000AB02855EB70000AB0201001E
:10427000C70000B4006B44655680B40020E3FE1410
:1042800060B40282DEBB0000B402022C270000AE44
:104290000282DEBB0000AE03BFDE02F0009C02889B
:1042A00081AB0000B40282DEB30000B4028080BFA4
:1042B0000000B40284DEAF0000B402825EBB0000E6
:1042C000B400025E02F015EE018060020D906C03F6
:1042D000595E02F000B603D85E02F000B703D8DEE4
:1042E00002F000B801BC618300112900B0007B001E
:1042F000112B01BC630300112303125E02F00CB00A
:1043000003975E02F00D4303D05E02F0039403D0E6
:10431000DE02F0063D03D5DE02F00C6203915E0280
:10432000F006980396DE02F00C5D0288C17300016E
:104330002303C45E02F0081003C75E02F0083403D2
:10434000DCDE02F0163503AA5E02F008A40386DE66
:1043500002F00CA10287C037000CA103835E02F0BB
:104360000A50020680C70000D00202B0E70000D069
:10437000006C30EE2320D00182E001872C3901BC93
:10438000607F1FF7A201E05E8A1070830391DE0256
:10439000F00720020680C7000107020601AB0000FB
:1043A000E3020030E70000E30068DE4B0620E30292
:1043B0000042030000E3028445230000E30280B0D2
:1043C000E70000E3006E45170020E301BC60030036
:1043D000108000A8412300F04803D0DE02F000DC8A
:1043E00003D05E02F000DD03D5DE02F000DE00E067
:1043F00001DF0020770180E005872C3901BC6003D4
:10440000000C3A00025E02F0180700025E02F0188B
:104410001B020E01AB0000F0028445230000F002F5
:104420000130E70000F000E001E300207801816046
:1044300001872C390180E001872C39010C81430070
:1044400017A60068DE9B0060ED01BC6003004C3ADB
:1044500003BFDE02F000EF0068DE9B0040EF01BC0E
:104460006003002C3A00025E02F01807020681ABDE
:10447000000107020230E70000FB02804203000057
:10448000FB028445230000FB03915E02F0069800C6
:10449000E001EB00207A0180E005872C3901826081
:1044A00001872C3901BC6003000C3A00025E02F067
:1044B000180700025E02F0181B0201B0E70000FEC0
:1044C000006C30F22320FE0181E001872C390203C9
:1044D00030E7000107006C30F623210701836001FB
:1044E000872C390200420300010700685E4B04413B
:1044F0000500685E4B00410503BFDE02F0010701C5
:1045000082600609104801BC600300114503C2DE49
:1045100002F00D0A00025E02F0123603D4DE02F051
:1045200007B903A3DE02F0000203C85E02F005FB38
:104530000204DEB3000110020145230001100184D2
:10454000E002F597AC00025E02F006370201C523D7
:104550000001120187E002F577AB00025E02F00E67
:10456000AF00025E02F0117702182E27000116003C
:10457000025E02F0118A03A25E02F0012003565E81
:1045800002F0011D01866006091048031F5E02F05B
:10459000011D006A5E2300011C00B000270017887F
:1045A00000E85E2300378803A65E02F0018E000259
:1045B0005E02F011F80028600E08E1B403C4DE02C8
:1045C000F00D7A0020C2030021BC03BFDE02F0021E
:1045D0000D03815E02F001250300DE02F000C3013D
:1045E00088E0020B905C03BFDE02F003910287407B
:1045F00063000127018EE00EF4301802874063004B
:1046000001290002DE02F000000287406300012B56
:1046100000B05E8B001019018EE00AF43018000221
:10462000DE02F0000001BC606300107B01BC601B77
:1046300000107A01AC607EF47075028741D70001EA
:10464000320002DE02F0000001BC606300107B015A
:10465000BC601B00107A01AC60BEF470750287412B
:10466000D70001370002DE02F0000001BC606300E9
:10467000107B00B05E8B00107A01AC607EF4307568
:10468000028741D700013C0002DE02F0000001BCBD
:10469000606300107B00B05E8B00107A01AC60BEDE
:1046A000F43075028741D70001410002DE02F000BC
:1046B0000001BC60030280060280DE0700014D019C
:1046C000DA6002F0178002085E0700016101BC6039
:1046D000031E17A100E05E02F4306501BC60031CFC
:1046E00017A100E05E02F4306401BC6003002811F1
:1046F00003BFDE02F0016701105E030017A1010392
:104700005E030017A200E05E86F457A100885E8772
:104710000037A200E05E86F457A100E0015AF430B1
:1047200063028600C300015800B0560B00106200FF
:10473000B0540300106201BC600300281103BFDE07
:1047400002F0016900B0418F0010620109DE030030
:1047500017A10068DE8700415C00E05E870037A19A
:1047600000885E870057A100E05E8504B7A100E0E5
:104770005E8703C00601BC600300481103BFDE0270
:10478000F0016901BC60070217A100E05E02F4308D
:104790006501BC60070017A100E05E02F43064010F
:1047A000BC600318000601BC600300081100B05A89
:1047B0000300106200B058030010630002DE02F034
:1047C000000001BC600306379201BC63FF1FF0C309
:1047D00001BC60031890E301BC60FB1C10E501BC48
:1047E000600300501000B0404300180000B0404784
:1047F0000010E70002DE02F0000000E840330097FE
:10480000A100B0400B0017A3006D5E86F461770035
:10481000905E8F0037A303BFDE02F0017800905E48
:10482000870037A301BC601B0437A100E05E8EF453
:1048300037A301F041970017A1006DDE86F4618C6B
:104840000287C19700018001385A030017A1013C7B
:104850005A030017A203BFDE02F00182013C5A0393
:104860000017A101385A070017A200685E86F4817C
:104870008700D85E8B0037A200E14196F4506500B6
:10488000E1C19700306503BFDE02F0017A00D85E17
:104890008B0037A200E14196F457A100E1DE8700CA
:1048A00037A101F05E870017A1006EDE86F4618DEE
:1048B00001BC63FF1FF7A40002DE02F00000020645
:1048C00081AB00019001826001872C390020E38ECA
:1048D000090002031EDE02F00196039F5E02F00152
:1048E0009601BC60430117A100A84122F43048039F
:1048F000BFDE02F000020208411F00019301816047
:1049000005610B0800025E02F00D2F00B000AB0045
:10491000108600B0016300108A00025E02F010737E
:1049200001BC600304179200B0003B00111D019010
:10493000600609104803A1DE02F001AE0181E00625
:1049400009104801BC600300904201BC60030011E3
:104950002D039EDE02F001B101846002F297940003
:10496000B0451700178F00B05E1700179002004483
:104970001F0001AA0185600209104801816007003B
:10498000104701F0DE0F0037A1020400BF0001ADA7
:1049900001F084C70037A100A044B6F43145039E5E
:1049A000DE02F001B101BC613712B08003BFDE024C
:1049B000F0000200A044B42A314501BC6127127006
:1049C0008003BFDE02F000020020E0820900020145
:1049D0000CDE530017A101885E8700104701BC6000
:1049E000030050420108411F0017A1018CDE86F22E
:1049F000979403BFDE02F000020002DE02F0000026
:104A00000020E07E09000200025E02F01202028332
:104A1000C21F000002020280F30001C600B044671A
:104A20000017A1017C5E862357A302835EFF00016D
:104A3000C500E000FAF4682901836006F7F7BF00BB
:104A40006BDE8D0521CA0206D0030001CE00E950BD
:104A5000862337A100E8D08A2357A20069DE8B00A5
:104A600001CE00025E02F00D2F0191601684F42742
:104A700000E020A700882903BFDE02F0036E0002D9
:104A80005E02F00371020400BF0001D603945E02CF
:104A9000F000020020C28F06000200A0428F01F742
:104AA0008000685E002DC00200025E02F00D2F0340
:104AB000BFDE02F000120201C28F000002011400EA
:104AC000630017A100685E8700600200025E02F0CA
:104AD0000D2F0194600F00001800025E02F001DD4E
:104AE00003BFDE02F00012011400630017A100B042
:104AF0005E870010A501BC60131B906000685E8794
:104B00000001E400E0418306D06000E85E870037E2
:104B1000A103BFDE02F001E0028050C30001F201F8
:104B20008760040310A000B000630010B400B0421E
:104B3000D3001800008841830030B601BC60030B2D
:104B400010B500B0006300B0B40317DE02F001EB53
:104B50000397DE02F001EC018060068614300068E5
:104B6000D0D30001F20068D0D70001F200B0446752
:104B700000143400B0446B0014350002DE02F00073
:104B8000000020E01280420C018760040310A000A6
:104B9000B000630010B401BC60030E10B500B0009B
:104BA0006300F0B401BC60570310B600B0006300AE
:104BB00010B401BC600302D0B50207500B0002091B
:104BC00001BC600303D0B5018E6002F29794020429
:104BD000500B0002020204D00B00020201866006A4
:104BE000F2979400E042D700D0B500A0500B111707
:104BF000A10068DE871102080186E006F2979400A2
:104C0000E042D70050B50207D00B00020800E04296
:104C1000D70090B500B042D70011E100B0006300AA
:104C2000B0B40317DE02F0020A0397DE02F0020BB3
:104C30000002DE02F00000006820C3000210006CD9
:104C4000C46506001201BC6003000830006820BB88
:104C500000021600B044670017A2006C446988A2E5
:104C600015006B446988A012006EDE8905E0120110
:104C7000BC600300082E0020E0BE0900020206818D
:104C8000AB00021A0281B0E70000020280B0E70028
:104C9000000203905E02F0001203A25E02F0022CFA
:104CA00000025E02F01163020200BF00022B0284C8
:104CB000DEAF00022302045EB700022B00025E0298
:104CC000F0156902045EB700022B03BFDE02F0009C
:104CD0000202045EB7000226020480C700022B0213
:104CE000805EFF00022B00025E02F0150D0206AB93
:104CF000D300022A02052C2300022A03BFDE02F0A1
:104D0000022B03BFDE02F0000200025E02F012027C
:104D10000200421F000243006842F300022F006DB0
:104D200042F3006243011400630017A100B05E87E4
:104D30000017A203A25E02F0023703145E02F00223
:104D400045006EC45680624502814523000245003D
:104D50006E5E8700624301BC60030077A20088603A
:104D600006F457A300885E8B01001800E85E8B00F4
:104D700037A20020C28EF4623D006ADE86F442371C
:104D800003BFDE02F00243020400BF00026F009086
:104D90000063010165008085970217A100E064822D
:104DA0000DA16600025E02F011DF03BFDE02F00219
:104DB0006F0182600209104803BFDE02F0000201A9
:104DC000BC600300111500B0017F0017A6031F5E31
:104DD00002F00254020300C300024A0020C28F0204
:104DE000024E03255E02F002540020C28F02024EE2
:104DF00000688153FFE01203BFDE02F0025001940D
:104E0000601300001803BFDE02F0026F039EDE0293
:104E1000F002530068DE980BC2530201411F000FDD
:104E2000250185600209104800685E980BC2580091
:104E3000695E9F0062720298428F00025803BFDED3
:104E400002F002720201411F000F25020400BF00A0
:104E5000025F0218428F000F2500025E02F011C1AE
:104E600000025E02F011DF0194058700001803BF05
:104E7000DE02F0026F0200150B000268020016BB92
:104E800000026B00B014970017A10068DE84B22204
:104E90006800B0149B0017A10068DE84B24268006D
:104EA000B0149F0017A10068DE84B26268029E14ED
:104EB000E700026B0201C28F00026D0194600F00D7
:104EC000001803BFDE02F0026F0201C28F00026D04
:104ED000018060060D906C0200C28F000F250194C6
:104EE000600700001800025E02F001DD020400BF4E
:104EF0000002A103BFDE02F002A101BC6003181092
:104F0000600129500B00179200B0017B0010650072
:104F10006800EB00027A00885A130117A100E844E8
:104F200066F437A1006EDE8407427A03BFDE02F02A
:104F300007B2019060120910480194601F00001828
:104F400001085A0F00178101885E0681540A013456
:104F50005A0F00178000025E02F0014300B0017B8F
:104F600000106500B056230017A100E05E86A097F0
:104F7000A100E85E8400F40300E85E8400F41600FB
:104F8000B05A0300141300B05A0700141400B05AAA
:104F90000B0014150068DE0700429200E80097003D
:104FA00057A101BC5E86F0141B017C5E8700F41CD7
:104FB00000B0204700178100025E02F0108400B0AC
:104FC000017B00106501085A0F00178100B05E8751
:104FD00000141E03BFDE02F0029500B05617001445
:104FE0001B00B0561B00141C00B0541300141E000C
:104FF000B05013001086006D00A700829B01900145
:105000006300108A00B0418F00106200025E02F05F
:10501000160200B0422B00140601BC60031817A151
:10502000006DC18C20029E01BC60030297A100E0CC
:105030005E840377A100E05E86B0111D03BFDE022F
:10504000F00337020300C70002B1020CD0030002D4
:10505000B1011400630017A1028500630002B100D2
:1050600080DE8701F7A201BC601B1857A200E05E3A
:105070008A0DB06500B041970014320080DE8700D1
:10508000B7A201BC601B15D7A200E05E8A0DB06418
:1050900000B041930014330068D8130002BF02002F
:1050A0005A1B0002B30180600684F42703BFDE02AE
:1050B000F006C30201D0030002B300B0509B0014FD
:1050C0002F0281D0C700036B00025E02F003710162
:1050D0000BD0030017A1013C502B0017A2018C5EDE
:1050E00086F457A1014801430017A2010C81430037
:1050F00017A300685E8F0022BC018CE0000A17A293
:1051000000685E86F442BF0191601284F42703BFF9
:10511000DE02F0036E00025E02F001F300B05013F5
:1051200000108600B0501700108A03A25E02F00340
:105130000B020CD0030002DE020300C70002DD00F8
:10514000B050CB00106500025E02F01698020350CA
:10515000C70002CB01BC60230097A100A85002F455
:10516000340003BFDE02F002E2020481AB0002CD94
:10517000006D4246C0801200B05A13001780000232
:105180005E02F0014D00B0540F00141E00B05A072B
:105190000017A100B05A1300178001875A16F017A4
:1051A0008000B0418F00106500025E02F0160B0017
:1051B000E05E86A0740302875E030002DC0109DE64
:1051C000030017A300E05E8B0077A200E05E8AF484
:1051D00077A200885E8B0037A100E05E86F45089DC
:1051E00003BFDE02F002E2006D424A848012010633
:1051F00050070017A1028CD0030002E100685E870F
:105200000002E20182DE8686343101826002863449
:10521000310020D0030402E800B0504F0011F2002A
:10522000B050530011F300B050570011F401BC60AE
:10523000030091F0020601AB0003040201500300D9
:105240000304020601AB00030403A25E02F00304A0
:10525000028030E700030401806005872C3900E0FC
:1052600001E700207901BC60430890E600025E027D
:10527000F0016A01BC60031910E401BC6003000086
:105280000601BC600301D78201D2DE0877F0E0009E
:10529000B00F030010E100B0004700108600B00F0F
:1052A0001F00108A01BC600300378100025E02F01B
:1052B000107000B0059B00106400E8581A28F145F2
:1052C00000B0058B001064006A4516C082FF000222
:1052D0005E02F01095006E451700430101BC6003AB
:1052E00000514501BC60030010BB01BC610303B069
:1052F0008003BFDE02F0001203945E02F0030B0293
:105300000650030003070287DEAF00030B02815043
:10531000030005DC0202D0C700030A0208502B007C
:10532000030B0285D0030005F3019060128634312F
:10533000011050070017A60068DE9B004317013AD2
:10534000500700178000885E0300778000E000AE01
:10535000F0106400B05E0700081301BC602306D79C
:105360008100E0418301706300E0418F00B065007F
:10537000025E02F010AB00B0204F00178103A25E66
:1053800002F0032300B0500F0011160202D0C70034
:10539000031B00B0505B0011160282D003000323F0
:1053A000028147C300031C0280504F0003210020EC
:1053B00047C73F83230020C7DB00C36D03BFDE0266
:1053C000F0032303A55E02F003230280C7DF00037E
:1053D0006D028850C700033F0129500B001792024D
:1053E0000300C7000330020CD003000330028350D7
:1053F000C700033000B050CB00106501385A1300CD
:10540000178001825A17005781010E5A130017A105
:10541000018E5E86F037810202D0C700033F00B0E4
:10542000501B00108A03BFDE02F0033F0282D0C788
:105430000003370138502700178001085013001768
:1054400081010250130017A101825E86F0378100AE
:10545000B0507F00108903BFDE02F0033F013850D7
:105460006F0017800108502B0017810106D007003C
:1054700017A101825E86F0378100B0501B00108AB0
:1054800000B05083001089010E50730017A1018EE7
:105490005E86F0378100025E02F0014300025E0288
:1054A000F010700102421B00178101825E05023775
:1054B0008100025E02F01084020680C700034B01E7
:1054C0000C81430017A60068DE9B00634900885EDC
:1054D000870057A103BFDE02F0034B0068DE9B008C
:1054E000434B00885E870037A100E05E840117A16E
:1054F00001D9DE8700108301BC613703B7910068D2
:105500005E4B02837F020400BF00035202875003F8
:1055100000035203945E02F0035303225E02F00381
:1055200060020681AB00035E00685E4B04435700D7
:10553000685E4B00435703BFDE02F0035E00E001EC
:10554000EF00207B01BC6003029145018360058769
:105550002C3900E044670A0C3D018C600E1770BBCB
:1055600001BC610302308003BFDE02F0000201BC17
:10557000610300308003BFDE02F0000201BC613332
:1055800003B79102850063000366009000630097F3
:10559000A100E06482F43065006E5A1300236601B6
:1055A00088E006F23791020601AB00036A0068DE6C
:1055B0004B05A36A01BC610300308003BFDE02F02B
:1055C000000203BFDE02F0037F0191600E84F42726
:1055D00003BFDE02F0036E0191600684F42701BC74
:1055E00060030010B40181E00686343103BFDE029F
:1055F000F006C3011C508F0017A10080DE870197C1
:10560000A200E0015E0DB06502805A7F00037E02B9
:10561000815A7F00037A0203DA7F00037E00685A12
:105620008700037E00886006F437A100201CBAF4CE
:10563000237E00025E02F00D2F0191601E84F4278C
:1056400000015E02F0000003BFDE02F0036E000204
:10565000DE02F0000003C4DE02F00D7A0206500301
:105660000003870207DEAF00038701BC6103003738
:10567000910207500300038501BC620300F791000B
:10568000E0010B00204203BFDE02F0038801BC6092
:105690000300204200B05E47001080020400BF00FB
:1056A000039000B0058B001064006E4517000002E7
:1056B0000068DE4B02838F00A044B42A314503BF4B
:1056C000DE02F0000200025E02F010950068C517CD
:1056D00000000203D05E02F0039400025E02F010AC
:1056E0009503BFDE02F00002020601AB0003970043
:1056F00068DE4B05A39701806001872C39020E01FB
:10570000AB00039A0200B0E700039A0181600587AD
:105710002C3900E10DB228E36C00E08DB700036D79
:1057200001836002F7F7BF01BC600300900400A88A
:10573000412330104801BC620F0011E0018160027A
:10574000F5D7AE020200BF0003B80068DE4B0203CB
:10575000A400025E02F017BA0068DE4B0623B8020E
:10576000045EB30003B80206ABD30003A90204C56C
:10577000AF0003B803BFDE02F003AA0200456F00CA
:1057800003B800E844655637A100E82A96F437A12B
:1057900000695E870823B80206ABD30003B2006B32
:1057A000AC422323B100E04467014B100183E002C7
:1057B0002B915C03BFDE02F003B80183E0022B9162
:1057C0005C01BC600318517800B045E3001800018B
:1057D0008360022F317900A84138F9D7A100B05E6B
:1057E00084FE704E0187E002F577AB0068810B0004
:1057F00023BB00B044670000430182E00609104863
:1058000000A841B310906C01826006289144018881
:10581000E0020B905C00025E02F012360185E002AD
:10582000F7F7BF0288421B0003C30185E006F7F7C4
:10583000BF035B5E02F003C501BC601300104301AF
:10584000BC600300108501BC60030010B8008850E4
:10585000770090B90208502B0003CC013850730038
:1058600017A1017C506EF437A100885E870090B9C3
:10587000020047A30003D001BC60030011EA0090BE
:1058800042E70091EB00B047A300D1E8020047B324
:105890000003D201B0E08E3D91EC01D2E002109005
:1058A0008403A95E02F004FD01BC600300108400C3
:1058B000E001C300207000B04467000C0D00B0444C
:1058C0006B000C0E0320DE02F0044B00685E4B18E8
:1058D000A3E30068DE4B0783EC01BC63FF1F708409
:1058E00001BC600300F085013813630010B500E0CF
:1058F00042D700D0B501BC60030010A601BC6023F4
:1059000014D0B400E013570024D503BFDE02F00426
:10591000930184E006F597AC01BC60FF1FF08400A2
:10592000025E02F0042801BC60030010B401BC60F8
:10593000030010A601BC600302D0B501BC602304C3
:10594000D0B400E0135B0024D603BFDE02F0049362
:1059500001816006F5B7AD0068DE4B04A3FF0203CA
:10596000DEBB0003F100E02E0B00106503BFDE027A
:10597000F003F201BC602301106500A05E7FFE1001
:10598000EC00B05A030010ED00B05A070010EE0012
:10599000B05A0B0010EF00B05A0F0010F001BC63BA
:1059A000FF1EF08401BC600300308501BC60030071
:1059B00010B401BC600301D0A601BC60030450B563
:1059C00001BC602304D0B400E002AF0020AB03BFF1
:1059D000DE02F0049301BC61FF1FF08401BC600390
:1059E0000010850068DE4B05240701BC6003001031
:1059F000B401BC600B0B50A601BC600302D0B50122
:105A0000BC602304D0B403BFDE02F004130068DEE0
:105A10004B02441E00B030670010840285C38F0023
:105A2000040B00E05E2700378901DA5E270010EEE4
:105A300001BC63FF1FF0CE01BC60030010B4008006
:105A4000E02183180000E069820DB0A601BC60036C
:105A500003D0B501BC602304D0B400E001D3002022
:105A600074018460070011E00282DEB30005BC020D
:105A7000045EB30005BC0181E006F5D7AE0183E00A
:105A80000609104800B0412300180001BC6003065D
:105A9000B78E0188204610D78100025E02F0108484
:105AA00000885E8700708303BFDE02F005BC01BC86
:105AB00060031FF0840103DE530017A200680ECFBD
:105AC00000042300B00ECF0017A200901CBAF457B8
:105AD000A202005EFF00042501BC60030037A200A3
:105AE000682B4F00042701BC60030037A201865ECB
:105AF0008A1C70E3006AC39300043100E8439000FD
:105B0000D0E40202421B00042F0090001B0037A1CA
:105B10000020421B00442E00B020970017A100E097
:105B20004392F430E40069C39300043101BC600384
:105B30000010E400682B4F00043300E043915B3019
:105B4000E401BC60030010B401BC60030010A601B6
:105B5000BC60030210B501BC602304D0B400685ED1
:105B60004B06A44900E001CB002072020681AB0085
:105B700004930280B0E70004930203B0E7000493AB
:105B800001BC600704F7A60288421B00044101BC67
:105B9000600F0017A60282421B00044101BC60177F
:105BA0000017A6010C81430017A50068DE9700646A
:105BB0004400885E9B0037A600E04466F4CC3C01BC
:105BC00081E005872C3901826005872C390183E04B
:105BD00001872C3903BFDE02F0049300E001CF00FF
:105BE000207303BFDE02F0049303205E02F0049AE8
:105BF0000181E00209104800E001D7002075031E72
:105C0000DE02F0047A01BC60030017A2006A5E2382
:105C10000004530102428F0017A201855E8A091019
:105C2000480180E0061030810284DE5300045A00EF
:105C3000B000770017A100E05E840437A100885E01
:105C4000870057A100E05E870D57A103BFDE02F079
:105C5000045B01BC60030D57A10068002700047AB3
:105C600000E05E8401F7A101BC602300906500881C
:105C700041970030B601BC60030010B400905E870D
:105C80000050A601BC60030110B501BC602300B048
:105C9000B40317DE02F004630397DE02F00464002D
:105CA00020DE8700446D0020DE8700246A01B85E94
:105CB00022D0168001805E8AD0368103BFDE02F0DA
:105CC000047301BC5E22D0168001845E8AD03681C6
:105CD00003BFDE02F004730020DE8700247101B8E8
:105CE0005E22D0368101805E8AD0568203BFDE02FA
:105CF000F0047301BC5E22D0368101845E8AD056E6
:105D00008201886002F430A800B05A030010B0008D
:105D1000B05A070010B1028042A300047600E042AE
:105D2000A30090A800B05A0B0010B000B05A0F00AA
:105D300010B10187600610908400E05E270037896B
:105D400001DA5E270010EE01BC60030010B401BC54
:105D500060030350A600B000330010B50284DE5388
:105D600000048400E0606803B0A600E042980430BC
:105D7000A600B000370010B501BC602304D0B40108
:105D8000846006F2979401866002091048039EDE43
:105D900002F0048E0280441F00049100B05E3F00B8
:105DA000114501BC600300178F00B05E43001785EA
:105DB00000B05E0F00179003BFDE02F0049100B048
:105DC0005E0F0017850280441F00049100A044B6B6
:105DD000F0B14501BC600301104201836006F297F7
:105DE00094018460070011E003A05E02F005BA028E
:105DF000065EAF0005BC0186E006F577AB01BC602E
:105E00000300108000025E02F00D3703BFDE02F0D7
:105E1000072003A15E02F00527011400630017A10B
:105E20000068DE8700E49F0181600609104803BF17
:105E3000DE02F00527028500630004A10183E0066D
:105E40000D906C01816006F5D7AE011C508F0003E8
:105E5000BD0206508F0004A900B044670010F30093
:105E6000B0446B0010F401BC63FF1FF0D301BC63AE
:105E7000FF1FF0D400B042170310850020600E868B
:105E800024D0018760040310A000B000630010B4A8
:105E900001BC60030B10B500B0006300F0B4020356
:105EA00000C70004BB020CD0030004BB028050C733
:105EB0000004B300B054130017A100E05E868074A4
:105EC0001A00B0506B0010E400B0421302108402BC
:105ED00009502B0004BB00B0421300308401D2E013
:105EE0003AA030E0028050C70004C101D2E052A0C5
:105EF00030E003BFDE02F004C10202D0C70004C1DB
:105F000000B0505F0010E000B050630010E100B03E
:105F100050670010E200B0506B0010E400B0421374
:105F200002F084020050C70004CB018AE00E1090FA
:105F30008401BC60FB1C10E501BC60030890E60016
:105F4000B000630010B401BC60030210B500B000E3
:105F50006304D0B4018460070011E001BC60030059
:105F6000178E03BFDE02F005C700E001C7002071F5
:105F700000B000630010B401BC600302D0B500B0F3
:105F8000006304D0B403BFDE02F0055403225E02B6
:105F9000F004D200E002A70020A90103500300177B
:105FA000A100B85E870037A101875E8610108002CD
:105FB0000400BF0004E0032BDE02F004E002000056
:105FC000F30004DA00E8002300514201BC600A2813
:105FD000514203945E02F004E000B0058B001064AF
:105FE00000E05823003608006858030004E000B0C1
:105FF000446700111200B05803001115020CD003C1
:10600000000526020300C70004F300B050CB0010C7
:106010006501BC600300168500E05A3300368C022F
:106020000350C70004E800E05A2700368903BFDEAA
:1060300002F0052701BC60030017B200B05A0B0044
:106040000B8301385A130017A101BC5A06F430E043
:10605000013C5A130017A1017C5A06F430E101817A
:10606000E0061090840185E0070010E30185E00759
:106070000010C30282D0C70004F803BFDE02F004A0
:10608000FB0202D0C70004FD00B02A330017A101B3
:10609000B8506EF430E000B050730017A101B82A78
:1060A00036F430E1028242130004FB00B0507B0062
:1060B00010E400B042130210840185E0061C30E1B8
:1060C00000B04213007084018760040310A0020333
:1060D00000C700051300B050CB001065006D5ECA0C
:1060E000D1C5030185E0021870C300E05ECB003625
:1060F0008E01BC601B1FD06500E04196F650650024
:10610000B050970016800068DECB00050B01BC6024
:10611000230150B800E001F300207C00682E0F003E
:10612000251103BFDE02F0051E00B05ECB0010B5E6
:1061300000B000630870B4028342D300050D01BCB7
:1061400060030170B80068AE0F00251E01BC60033B
:106150000170B802BC506700051D03BFDE02F005E8
:106160001C010CD0030017A103A95E02F005190160
:10617000BC60230150B800E001F300207C00685EA1
:106180008700651C03BFDE02F0051E01BC60030131
:1061900070B800685E8700451E01BC60030170B8DE
:1061A0000181E0021710B801BC600300F0A501BC3A
:1061B00060030E10B500E001F700207D00B0006321
:1061C0000010B400B0006300F0B400B042D3001877
:1061D00000018860080310B4018160060D906C0313
:1061E000BFDE02F005540202D0C700052D00B050FA
:1061F0006F0010E000B050730010E100B050770065
:1062000010E20282421300052C00B0507B0010E423
:1062100000B0421302F08400E05E9F0037A703A1A4
:106220005E02F0053601BC60030017A70187600419
:106230000310A000B000630010B401BC60030E1096
:10624000B500B0006300F0B4018860080310B40327
:10625000BFDE02F0054900B0017B00106500B05AB6
:10626000030010E500B05A070010E600B05A0B001A
:1062700010E70068A04B00053C00E05E270037896E
:106280000068204B0005400185E0070010E3018510
:10629000E0070010C300B0421301108401DA5E274A
:1062A0000010EE0187600610908400B042131C10AD
:1062B0008401BC60030010B400E0606803B0A60075
:1062C000B000970010B501BC602304D0B401846015
:1062D000070011E003BFDE02F005A901085E4B00D4
:1062E00017A100685E870025540202500300055381
:1062F000029E509F0005500201D00300055000E0AF
:106300005E2700378901585E2700142D01DA50B747
:106310000010EE0187600610908403BFDE02F005D6
:106320005401BC600300142D0104C1070017A10033
:10633000680EF700055900B00EF70017A100901C79
:10634000BAF437A103BFDE02F0055B03225E02F060
:10635000055B0103DE530017A100B05E870017A2A2
:1063600002005EFF00055E01BC60030037A200680A
:106370002B4F00056001BC60030037A202885E4B12
:1063800000056300685E4B06856301BC600300176F
:10639000A200688EF70005650183DE86F2979401FE
:1063A00083DE8684F4270281C21300056B01865EBA
:1063B0008B0010E3018660070010C30181E0061026
:1063C000908403BFDE02F0056D01865E8A1C70E3D7
:1063D000018660061870C302B847A70005A502A091
:1063E00047B70005A703A95E02F0057501085E4BDB
:1063F0000017A100685E870025A6021E509F0005B9
:10640000750185E0061C70E30185E0061870C30184
:106410001400630017A10068DE8700857E00B001CC
:10642000530017A20068DE8BFFE57A006842470040
:10643000257B0068DE8A84C57E01856002091048DC
:106440000186E0021C70E30186E0061870C30110AB
:1064500050070017A600685E9B0005A601BC6003FC
:106460000011E4013A500700178000885E030077AE
:106470008000E000AEF010640068DE9B00458B02F7
:1064800007D00300058901BC602B11F7A200E05E74
:10649000000B37A300025E02F010D601BC60230699
:1064A000906401BC60470017A200025E02F010FE7B
:1064B00000685E9B0045A701A46046F471E0006897
:1064C000DE9B00C59901BC611300B7A1020600F371
:1064D00000059201BC601300B7A10192C21AF43703
:1064E000A203295E02F0059701BC60030011EE00D3
:1064F0009042E70091EF0192E00EF437A200B05E07
:106500008B0011EC03BFDE02F005A700685E9B0064
:10651000659E00685E9B00A59E00B0502F0011E2B2
:1065200000B050330011E203BFDE02F005A701877F
:1065300060023D11E80068DE9B00A5A101876006AE
:106540003D11E801BC60030011EA009042E70091B0
:10655000EB0192C21B00B7A201B85E8A3D11E803AD
:10656000BFDE02F005A7018460070011E001BC60F6
:106570000300112D00B0448300142C03A3DE02F0AD
:1065800005BD01BC600300178E00685E4B05A5AD1C
:10659000020050030005B70183E00609104800B06F
:1065A000412300180001BC600306378E00685E4B73
:1065B00005A5BC00E002A30020A801BC600304B74D
:1065C0008E03A95E02F005BC00685E4B0425BC0189
:1065D000BC600306B78E03BFDE02F005BC0181601C
:1065E00006F577AB00B05E0F00178500025E02F083
:1065F000109501BC600300178C01BC600300178D6F
:106600000323DE02F005C7020680C70005C6010CA1
:1066100081430017A10068DE870065C60108421BA0
:106620000017A10068DE870005C601BC607F1FF768
:10663000A101E05E861070830182E005872C39009D
:10664000E04467258C3B0187E006107083006D00F5
:10665000A70085D903295E02F005D9020300C7000F
:1066600005D600B050CB0010650282D0C70005CE21
:1066700000E05A2300368803BFDE02F005CF00E0B9
:106680005A2700368900682E0F0025D600E05ECB21
:106690000037B2010A5ECB0017A100E050CAF43007
:1066A0006500D06006F657A200205A1AF445D603BA
:1066B000BFDE02F005D000025E02F012360350DEAB
:1066C00002F005D603BFDE02F0063D02055EAF0014
:1066D00005DB0187E00626713303BFDE02F000020E
:1066E0000190600A8634310282D0C70005E5013C82
:1066F00050270017800109502B0017810107500710
:106700000017A101825E86F0378100B0501F001093
:106710008A00B0500F00111603BFDE02F005EB0136
:1067200038505F001780010A502B0017810107D0F5
:10673000070017A101825E86F0378100B050230068
:10674000108A00B0505B001116020300C70005F06C
:10675000020CD0030005F002085E070005F00138C6
:1067600054070017800190422AA1308A028050C746
:106770000005F901BC600305B79203BFDE02F00318
:106780001B01906006863431020300C70005DD025C
:106790000CD0030005DD00B0001F0017A100E05E73
:1067A0008680741A03BFDE02F005DD01BC600306BB
:1067B000379203BFDE02F0031B00E0135F0024D713
:1067C0000204DEB300000200B0130B0010650119D3
:1067D00098870017A101095A130017A201895E8644
:1067E000D0968400B013070017A3006DDE849826AE
:1067F0000400B05E870017A301885E8ED0968400E7
:1068000068DE8AF4210E01BC63FF1FF0D000B05A8D
:10681000130010F001BC60030017A501825E961EF4
:1068200010F001BC63FF1FF0CF01BC601B00F0EF54
:1068300001BC63FF1FF0D100B044670010F101BC40
:1068400063FF1FF0D200B0446B0010F201BC600384
:106850000404D801BC63FF1FF0C301BC60031C101B
:10686000E301BC63FF1FF0C400B052130010E40149
:10687000BC63FF1FF0C500B0522F0010E501BC63E0
:10688000FF1FF0C600B052330010E601BC63FF1FCB
:10689000F0C700B052370010E701BC63FF1FF0C81B
:1068A00000B052170010E801BC63FF1FF0C900B030
:1068B000521B0010E901BC63FF1FF0CA00B0521F59
:1068C0000010EA01BC63FF1FF0CB00B013470010BB
:1068D000EB01BC63FF1FF0CC00B0134B0010EC01C8
:1068E000BC63FF1FF0CD00B0134F0010ED00B013DC
:1068F0006700106201BC600300281100025E02F014
:10690000107400025E02F00D2F01BC602B1877A1FD
:1069100000025E02F00127016040670011C000E044
:1069200040649B17A100E05E870097A101BC63FF54
:106930001FF0C001BC600301550101D2DE86A0300A
:10694000E000905E870177A101BC60030797920188
:1069500090600A09104803BFDE02F0035301BC60D7
:10696000070011C101BC602B1817A101BC60030016
:1069700017A200025E02F0012B01BC60030011C1EE
:106980000002DE02F000000201C2E300066502031D
:1069900000C700064200682E0F002652006E4246D5
:1069A000F6465203BFDE02F00644006E4247002660
:1069B00052020300C700064F0355DE02F0064401F1
:1069C000806002861430013850830017A100B05057
:1069D000CB001065006DDA32F42C6200A84123145C
:1069E00010480114006300106500E041970ED06567
:1069F00000E05A0300368001BC621F0011E003BFB3
:106A0000DE02F000120181E0068634310191600E51
:106A100084F42703BFDE02F00665013C50670017CF
:106A2000A101AC5E861750BA01BC60030190B802A8
:106A30000300C700065F0068AE0F00265A0181E020
:106A4000021710B80350DE02F0065803BFDE02F052
:106A5000066500E82E0F002B8300B05ECB0010B55A
:106A600000B000630870B4028342D300065D03BF28
:106A7000DE02F006600186E0040310A000025E0260
:106A8000F001E603D5DE02F00C6203D6DE02F00C64
:106A90007A0350DE02F0066103BFDE02F003C30199
:106AA000BC600300F0A50182E00209104801BC624D
:106AB0001F0011E001BC60030011EC01BC600F007D
:106AC00011E80285500B00066C0182600209104833
:106AD00003A0DE02F0067003D5DE02F00C6203D6DE
:106AE000DE02F00C7A03205E02F006760188600276
:106AF00009104801BC600300083100685E4B18A013
:106B0000020068DE4B07867500025E02F00637035E
:106B1000BFDE02F0001201BC60030037A100025E7C
:106B200002F00E9603A3DE02F00012020050C7002E
:106B3000068201BC600300108001826006091048D3
:106B40000180600286343100688EF70006800104FF
:106B5000C1070017A10183DE86F2979400E001CB04
:106B600000207203BFDE02F0020D00B0010B00171F
:106B7000A1006DDE840806C300E844640877A10024
:106B80006E5E840826C30187E006F577AB0202003B
:106B9000BF000697028881AB000697028400C700F9
:106BA00006970129500B0017A10068DE870206979F
:106BB0000282DEBB0006970203C5730006960283BD
:106BC000DEB30006960286ABD30006920282DEBBDD
:106BD00000069200682AE7000697006DDE2F01E6A6
:106BE000970182E006F7F7BF01BC613B0417A100E3
:106BF000E04466F42AA903BFDE02F0001203BFDE00
:106C000002F006C301BC600300114902825EAF00BE
:106C100006B201826006F577AB00B0446700081C3D
:106C2000020400BF0006A30068451F0006A30185FB
:106C3000E002F577AB032BDE02F006A10185E0064A
:106C4000F577AB00B0058B00106400025E02F01116
:106C50009700B0014B0017A20208421B0006A600D5
:106C6000B0016B0017A200685E8B0006AE00904575
:106C70002B0097A10080DE86F457A1006E20BA0D8C
:106C8000A6AE00B041B700082E00E120BA23282F9D
:106C900000E0DE86234C4500B041B6F4282E020504
:106CA0005EAF0006B001BC610300113300E10D824C
:106CB00029436000E08D8700036100E84465039785
:106CC000A5006D5E970100C1020200BF0006C00072
:106CD00068DE4B06A6B70184E002F7F7BF0068DE66
:106CE0004B0406BA0282DEB30006BA01BC600300A0
:106CF0000B0A02045EB30006BD0068DE4B0626BD2B
:106D000000025E02F0158F00025E02F0123703A34C
:106D1000DE02F006C00183E002F597AC00025E02DD
:106D2000F017C001826002F577AB03D15E02F0007C
:106D300002020050C30007190325DE02F006C70156
:106D400083600684F42703BFDE02F006F9020CD04C
:106D5000030006F7020300C70006E6011400630003
:106D600017A1006DDE870086F701BC600300178065
:106D700000B050CB00106500B050CF00106401810E
:106D800060060D906C0182600686343100B05A2393
:106D90000017A101BC600300168801BC5A2AF43711
:106DA000A101BC600300168A00B05E8700148F004A
:106DB000B05A270017A101BC600300168901BC5A14
:106DC0002EF437A101BC600300168B00B05E870073
:106DD000149000B05A1B00148D00B05A1F00148E7E
:106DE00001BC60030016040068DE030006E3020332
:106DF00050C70006E20100509F00178001805E022C
:106E000091B48D01BC5E0292149001BC6003003706
:106E10008000025E02F016E400B05E0300148C03F2
:106E2000BFDE02F006F20068C2470006EB0181E017
:106E3000068634310191600E84F42701BC600300A2
:106E4000143003BFDE02F0000200B0509F0017A113
:106E500000025E02F001E500B05E870014270186A3
:106E6000E0040310A000B04283001800010CD0031E
:106E70000017A10068DE870066E6010250C7001710
:106E8000A101805E8684F427018AE00E84F4270045
:106E9000B050BF00142603BFDE02F006F90186E001
:106EA000040310A00200509F0006F90286C10700EB
:106EB000071403295E02F006FE00B0523300142DC1
:106EC00000B052370017A1019E5E8684F42700B0FF
:106ED000509F0017A10180DE86F437A1020580C310
:106EE00000070500B0303B00108F00B030370010B5
:106EF0008E00B050D700108D00B050D300308C0001
:106F0000B050BB00108F00B050B700108E00B050D2
:106F10009B00108D01806006F4308C020250C70087
:106F2000071100B0524300108F00B0523F00108E86
:106F300000B0523B00108D011A52370017A1019882
:106F4000DE870437A101B85E8691B08C01826002B1
:106F5000863431018160020D906C01BC6003001425
:106F60003401BC60030014350325DE02F00717016D
:106F70009C600284F42703BFDE02F0071B028550E9
:106F80000B00071900A850C70D143101BC600300A5
:106F9000143001816002F5D7AE0183600284F427CA
:106FA0000185E00209104801BC600300142E03A211
:106FB0005E02F0020D03BFDE02F000120323DE02C8
:106FC000F0079103A35E02F0079103A2DE02F0072F
:106FD0009101816006F577AB03AA5E02F00791018B
:106FE00083E0020910480351DE02F0072C020680FC
:106FF000C70007290182E001872C3900E0026B00FD
:10700000209A0180E006F577AB03BFDE02F007317E
:107010000301DE02F0072F00685E4F06272F01BC38
:1070200060030017A803A45E02F0073103C1DE026B
:10703000F0079402045EB300073A01846002F597FA
:10704000AC0183E00209104800B02B3F0017A100FB
:107050006D2AEEF4200200E0027B00209E01BC605D
:1070600003000ABB00025E02F0159203BFDE02F0CD
:1070700000020203DEB300074A0183E002F597AC89
:1070800000E020CF00283302015EBB00074A00B0B9
:107090002A830017A1006D20CEF4274501BC6003B0
:1070A00000083300E0027F00209F03A95E02F00782
:1070B000480191601A84F42703BFDE02F0036E01D9
:1070C000BC63FF1FF7A100025E02F00E9603295E6B
:1070D00002F0074A0191601A84F42703BFDE02F030
:1070E000074A0184600209104800E10DC22943707B
:1070F00000E08DC7000371020400BF00075101BC0E
:107100006003001115011400630017A100E066027E
:10711000F4306500025E02F0109A018260020910EC
:107120004800685E3B18A7550068DE3B070756031A
:10713000BFDE02F0000203295E02F007590201508F
:107140000300075900685E3B04A76001F0DE1700EA
:10715000378500A05E16F0978500685E3B062760C5
:107160000201500300075F028780BF00075F0185AF
:10717000E0060910480280D00300077000B05E1BD3
:107180000017A300B0008B0017A4020400BF000783
:1071900066006E419730676601185A030017A30115
:1071A0001A5A030017A40068C18318076900E00297
:1071B000930020A403BFDE02F0076B006D5E2EF487
:1071C000876B0182E00686343100E05E3300378C45
:1071D0000068DE32F4676E00B05E0F001785006D48
:1071E000DE2EF4677C03BFDE02F0078C00B05E1F6A
:1071F0000017A300B0008F0017A4020400BF00070F
:1072000076006E4197306776011C5A030017A30180
:107210001E5A030017A4006D5E2EF487780182E0E9
:107220000686343100E05E3700378D0068DE36F4C4
:10723000677B00B05E0F001785006D5E2EF4678CD3
:107240000185E00209104803D1DE02F0077E032920
:107250005E02F00780020300C700078100B05E0FE6
:1072600000178500025E02F0109500684183180740
:10727000B2020300C7000788020CD003000788028F
:107280008350C70007880068DE4B05A78803BFDE70
:1072900002F016640181E0068634310068DE3B06A8
:1072A000278B00E0029F0020A703BFDE02F006C389
:1072B00000025E02F0109501816002091048032966
:1072C0005E02F00791028300C700166403BFDE026E
:1072D000F006C303D1DE02F0079203A5DE02F0063A
:1072E000C303BFDE02F0001200E10DBA29436E00B5
:1072F000E08DBF00036F0206500300079C00B00141
:10730000030017A1006D810AF4279C00E84464087B
:1073100077A1006E5E8408279C0187E006F577ABB5
:1073200001085E4B0017A100685E4B05279F0068AF
:107330005E870027A000B05E0F00178500025E0286
:10734000F0109500685E3B0627A601BC600300179D
:107350008C0200D0030007AB01BC600300178D0353
:10736000BFDE02F007AB01BC600300178C02030014
:10737000C700020D020CD00300020D019C600284C4
:10738000F42703BFDE02F0020D006841831807B145
:107390000180600684F42703295E02F006C301829F
:1073A0006006863431028300C700166403BFDE0224
:1073B000F006C300E002970020A5018160020910D9
:1073C0004801BC600300081200E0017B00A05E01E0
:1073D000BC60131417A1006D017AF4201201BC6087
:1073E000130C805E03BFDE02F0001200025E02F0AA
:1073F0000D2F0338DE02F00012039EDE02F00012B1
:1074000000E8444C00F7A100E85E840117A1006A7F
:10741000DE840107C200E85E8401118701BC6003BD
:1074200000118801A5E02230118001BC6003001129
:107430001301BC600300111400B044670017A100E1
:10744000B0446B0017A200B05E8700110400B05E6C
:107450008B00110503B8DE02F007C403BFDE02F0A3
:10746000001201BC600304B79201BC60030417A1C1
:1074700001BC63FF1FF0CE00B052170010E800B04F
:10748000521B0010E900B0521F0010EA01BC60035B
:107490000010E4028600C30007E200B0540F00179A
:1074A000A20069DE8A9087D500E85212F450E40009
:1074B00068A0470007E201BC60030010E400B0547C
:1074C000270010E000B0542F0010E103BFDE02F0EF
:1074D00007EB01BC60030297A101BC60031890E8B0
:1074E00001BC60030010E901BC60030010EA03BFA7
:1074F000DE02F007E203A4DE02F00A5003A9DE0276
:10750000F00A5001BC600301D7A1020600C30007C6
:10751000E40280DE5F0007E900B054070010E000DD
:107520006820470007E701D2DE86A030E000B054B3
:107530000B0010E103BFDE02F007EB01BC5E86909A
:1075400010E001BC601F0010E101BC60030010E20C
:1075500000B052230010E500B052270010E600B042
:10756000522B0010E700025E02F0107403A9DE0245
:10757000F00AB100685E4F04280701BC63FF1FF0EA
:10758000C300685E4F16A7F900685E4F05A7FC01AF
:10759000BC60031A90E301BC600306B79200685E0A
:1075A0004F05280703BFDE02F0080101BC60031885
:1075B000B79201BC60030E90E303BFDE02F007FE4A
:1075C00001BC600306379201BC60031890E3028E91
:1075D00001AB00080102984407000BB50280460782
:1075E000000BB500B0204700178100025E02F010CA
:1075F0008400E85E8400D7A1006A5E869088070058
:10760000E85212F430E403BFDE02F0080A01BC6065
:10761000030010E40338DE02F0080A0187E0061CCC
:1076200090E40190600A09104801BC61030437919D
:1076300000685E4F16AC4000685E4F05ABB5038333
:107640005E02F00A5003BFDE02F000020204416352
:1076500000081D01876002F577AB01BC60030011D3
:107660004901BC6003010B8900E10DB228E36C0005
:10767000E08DB700036D018460020B105802055EB7
:10768000AF0008190187E006267133020400BF002D
:10769000081C0185E002F577AB00025E02F011974D
:1076A00003BFDE02F0000203A35E02F0081F000227
:1076B0005E02F017C00285C5230000020184600647
:1076C0000B10580200DEFF0008250180E002F7F7EA
:1076D000BF00682B4F00082500E044655A4AD302DA
:1076E000055EAF00082701BC61030011330205806D
:1076F000BF00082D01BC60131157A100025E02F00B
:1077000001270196600E03301900B040670017A2F0
:1077100000025E02F0012B0203C03700082F03BFF6
:10772000DE02F0001202875EAF00083100E0021FA7
:107730000020870182600628914401BC6003010B90
:107740008903BFDE02F00012020601AB0008360119
:10775000806001872C39020681AB0008380183E084
:1077600001872C390183E0020F1078028140130059
:1077700000020200420300083D01846002F597AC5C
:1077800001BC6003000ABB01BC600300108003A3BE
:10779000DE02F008400190600209104800B0446722
:1077A00000179E00B0446B00179D00B0446F001797
:1077B0009C00B0447300179B0068DE7A23284000C9
:1077C000E002230020880115403B001797006D80E0
:1077D000A700884B00A05E5F003797006880A70075
:1077E000084B01BC600300379700B001430017A1AC
:1077F000010C81430017A300685E8F00284F018CA5
:10780000E0000A17A101C9DE840527FF01BC60035F
:107810001077950191E0020D906C028640370008C8
:107820005500E002BB0020AE03BFDE02F00CA40155
:10783000BC600300148001BC600300148101B860C7
:107840000A04902401BC600304082401BC60030006
:10785000482301BC600300D02A01B3600700100474
:1078600001BC600300080801BC600300080901BCFA
:10787000600300080A01BC600300080B0183E002FA
:10788000F5D7AE00E044671F4C1F0287C037000CDD
:107890009E00025E02F0123602864037000867033F
:1078A000C35E02F0087903BFDE02F00C9F0068C0DF
:1078B00033004877006B446583E87700B0412700C8
:1078C00017A100B0412701D04900B05E870017A181
:1078D00000B05E870017A100B05E870017A100B05E
:1078E0005E870017A100B05E870017A100B05E8719
:1078F0000017A100B05E870017A100B05E870017D7
:10790000A100B05E870017A100B05E870017A1003C
:10791000B05E8700104903BFDE02F00D1303435E23
:1079200002F008620286403700088500685E5F004A
:107930000C9F00685E5F004C9F0152D2030017A1AC
:107940000185D206F437A203BFDE02F00880013CB5
:1079500052030017A101BC5206F437A20323DE0232
:10796000F008830068DE8B01CC9F03BFDE02F008C5
:107970008500685E8B0288850068DE8B038C9F0023
:107980006D403300CCA400685E5F00489800685EDC
:107990005F002895006800A700C88A006880A700DB
:1079A000A88B00E0446690283001BC62C30017A198
:1079B0000280520300088E019652030017A1008036
:1079C000DE8690379A0203520300089300E05E6A55
:1079D00090379A0207D20300089300E85E6B0037E5
:1079E0009A029E5E6B000CA403BFDE02F0089C01AD
:1079F00052D2030017A10185D206F4379A03BFDEE5
:107A000002F0089C013C52030017A101BC5206F48D
:107A1000379A006E5E680BACA400685E6B000D13B5
:107A20000204C03B0008AE0181E0060D906C020725
:107A3000C0AF0008A4020740370008A200E00273AC
:107A400000209C03BFDE02F00CA400025E02F012D4
:107A50003603BFDE02F0089E00B02023000C1100A8
:107A6000B02027000C1200B0202B000C1300B02017
:107A70002F000C1400B05E7F000C150287C0AF0011
:107A80000C9E0282403B000C9E015840AF00179AAA
:107A900001BC603F1E17A1006DDE6AF42C9E035BE3
:107AA0005E02F008B001BC601300104301BC60FF2F
:107AB0001E17A1006E5E6AF42C9E00B041232810B0
:107AC0004801806002F297940184E00209104801A5
:107AD0005840AF00102A006840AB002C9E01BB5EEE
:107AE0005600900402035E570008C1020047A3003D
:107AF00008BE01BC621E3C11E001BC60030011EA3B
:107B000000B05E6B0011EB0198601E3D11E80200B1
:107B100047B30008C100B05E6B0011EF01B0E0CECA
:107B20003D91EC03835E02F008C400025E02F01295
:107B300036006D403304C8C103AADE02F008E0013C
:107B4000BC63FF1FE3B301BC601F10D06401BC60C5
:107B50000300B7A101BC63FF1FE79300E04186F477
:107B6000306501BC63FF1FF60000E05E870077A16F
:107B700000025E02F00F1F0200C0770008D6012944
:107B800040770017A2006D5E8B04C8D400E85E8BBE
:107B900004D60001BC601F05F06300E0418EC010F8
:107BA00063010C56030003B30068DE870168D6004A
:107BB000B05E8B000793006DDE8701C8D900E041FD
:107BC0009300306403BFDE02F008C903B05E02F028
:107BD00008DF018360020D906C00681E1BFFE8E067
:107BE00001BC601F05F06500E04194F0D065020023
:107BF0005A030008E0018360060D906C0020402FBE
:107C000008A8E201BC60030003B301BC60030007E5
:107C1000FC0188E00F0007FD006D4033020A4A01B5
:107C200029520F0017930109520F0017AA0068DEAE
:107C30004F03A8EA0129522300179301A95E4F00C0
:107C4000379301966002F2979400E0418701F06556
:107C500001BC600F0017A10028DE869068F1018644
:107C60006006F2979400E0419700706500E0209371
:107C700000C82401065E530017A200A05E4F0477DF
:107C8000A10068DE870448FF0186E006F2979400B1
:107C9000B85E8B0037A200B05A030017A0020ADAC0
:107CA000030008F901876006F297940284C03B0044
:107CB00008FF0203DA030008FF03AB5E02F008FDD1
:107CC000020441070008FF01806004FFA7FD0106D0
:107CD0005E530017A20182DE8A00900403AADE022E
:107CE000F0094503AB5E02F00917018460020D90B4
:107CF0006C01BC63FF1FF79900B01E230017A200A0
:107D000068DEAB00290900A05E4FFF77A10068DEA6
:107D10008707291503BFDE02F0090B0284520F000A
:107D200009150204D20F00090E03B15E02F0091416
:107D300000B01E1F0017A203BFDE02F0090F03B33D
:107D40005E02F009140200521700091500685E8BEC
:107D5000FFE91500E0015EF4506502015A47000991
:107D60001500B01E4F001799018460060D906C023B
:107D700000521700094303315E02F009430202007A
:107D8000BF0009430180E001610B080200521700A7
:107D9000091E0068DE4F04091D00B02AD70017A293
:107DA000006DDE895509310202AB2F00093E0283C6
:107DB0002B2F00092000685E5F00092B01BC6003C7
:107DC0000017A3013852030017A30283AB2F000949
:107DD000270068DE5F00292701085E8F0017A300D7
:107DE000695E8F00693E03BFDE02F0092B006DDE85
:107DF0005F00492903BFDE02F0093E02842B2F00F9
:107E0000093E0068DE8F00093E00682A9B00093E9B
:107E100000B02B930017A2006DAA9AF4493E0068A7
:107E20005EAB00493100685E4F06893103BFDE0258
:107E3000F0093A00B02B9B0017A200B02A9B001754
:107E4000A10283AC2700093600682C87000937009F
:107E50006D5E8564293700B02C7F0017A2006D5E2F
:107E6000895CA93900B02C4B000B110184E006F7A6
:107E7000F7BF0068DE4F02893E00025E02F017BACB
:107E80000206DEFF00093E00E02BC7002AF1006871
:107E9000DE5F0009410068DEAB0049410180E0057A
:107EA000610B0800682B4F0009430180E006F7F7DB
:107EB000BF01BC63FF1FF7A5032B5E02F00946005C
:107EC000B01E4F0017A50207520F0009C2028047DB
:107ED000A30009BF028047B30009BF00E020930060
:107EE000882400E8208F00882301BC60030011E48F
:107EF00001BC600303D1E102065E5300094F01BCDF
:107F000060030491E10206DE5300095300E0478755
:107F10000051E10207D20F00095300E047870091AA
:107F2000E1006D403302CA4A00685E4F0589560081
:107F300068DEAB0049C203AB5E02F0095902005291
:107F4000170009C2020580F300095E00685E97FF12
:107F5000E95B00E05E970097A50068DE97FFE95EA9
:107F6000028052170009C2020700BF0009C201BC0B
:107F7000601B0437A20090478700306500E04196FF
:107F8000F4506500E0478701081A03835E02F00998
:107F90006500025E02F01236006D40310349620056
:107FA0006D4031034A4A01BC600B1D57A10068DED9
:107FB00097FFE975010F5A070017A5031EDE02F0AF
:107FC000097502005217000975032C5E02F009C200
:107FD00000685E67FFE97500E05E6700979900E062
:107FE0005E66F43064012A58030017990100DE9799
:107FF0000017A500E05E66F4B79900E05E67003701
:1080000099011558030017A603BFDE02F009850089
:10801000E05E96F43064012A580300179902058047
:10802000F30009840182E002F3379902005217003D
:1080300009840116D8030017A6010F5A070017A4D8
:10804000010CD8030017A10068DE92F4298000E03B
:108050005E6702179903BFDE02F00989010DD8039C
:108060000017A10068DE92F429C200E05E670417E1
:108070009903BFDE02F00989011058030017A6001A
:1080800068DE9B00C9890181DA030017A100B85E90
:1080900086C017A10281DE870009C200885E6700E2
:1080A000778000E000AEF0106401AADE64FF87FC78
:1080B0000068DE9B0049A302078187000996006DD6
:1080C000DE030C09960285520F0009960298523B76
:1080D0000009960181E004FFA7FD00E05E000B3778
:1080E000A300E05E8F0097A300E041870077A20025
:1080F000025E02F010D600E8208F01082301BC6068
:108100002306D78100885E970077A100E85E86F499
:10811000B06301BC60070E17A100E0418EF430632C
:1081200000B056170017A100B0561B0017A2006838
:10813000DE86D049C20068DE8AD069C200025E02D3
:10814000F010AB01BC602306906401BC624F0017C5
:10815000A200025E02F010FE00E047870217A103B2
:10816000835E02F009A7006EC032F429A5006EC03C
:1081700032F42C9E00685E9B0049BF01BC621EF475
:1081800071E00068DE9B00C9B201BC611300B7A1B9
:10819000020600F30009AE01BC601300B7A101BCE8
:1081A00060030011EE00B05E6B0011EF0192E00E73
:1081B000F431EC03BFDE02F009BF00685E9B00698A
:1081C000B40068DE9B00A9BF019860063D11E8007D
:1081D000E0209300882400E8208F00882301BC6001
:1081E000030011EA0068DE5F0049BA00B05E6B0070
:1081F00011EB0192DE5E3D11E8018760023D11E85E
:108200000068DE9B00A9BE018760063D11E8019869
:1082100060163D11E80181E004FF87FC01AADE64DD
:10822000FF87FC03BFDE02F009C701BC620F00112B
:10823000E001BC60030011E40181E000FFA7FD0143
:10824000BC600F0011E801BC60030011EC02001FCC
:10825000F70009CE00E0208EF3482300B020930001
:10826000102500E8208E04A823006AA08F01C9CE43
:1082700001B860060490240182E006F29794018818
:10828000600A00900401BC600318779503A0DE0229
:10829000F009DB00685E4F06A9E0013852030017C1
:1082A0008000B05E5F0017810204DEB70009DA00CB
:1082B000685E070009D901BC600301778001BC60DA
:1082C0000300378103BFDE02F009DA01BC6003015D
:1082D000578000025E02F001430068DEAB0049E017
:1082E00000A05E4F0477A100685E87004C2D0068F7
:1082F0005E87044C2D03BFDE02F00E350180600165
:1083000086EC37006EB083002A1C0068DE4F040A3A
:108310001C03335E02F00A1C0180600184AC25005E
:10832000E030B3002C2C0392DE02F00A1C00E03097
:1083300093002C2400B030830017A1006D3092F41C
:1083400029EB03BFDE02F00A1A0180600584AC2528
:1083500001BC60270897A100025E02F00127018797
:10836000E006032C2A00B00143000C2B03835E02BD
:10837000F00A18006DC03305C9FB00E860BA019728
:10838000A60080DE9B0117A500685E5F0009F6006D
:1083900080DE9B0057A500B041B7000C360080B0CE
:1083A000DB0C8C3600B041B7000C3600B030DB007F
:1083B00010400000800000000001BC601B06D0657A
:1083C00001BC600300B7A400025E02F00172006805
:1083D0005E9300AA0303835E02F00A18006DC031A9
:1083E000842A1801BC6003064C3603BFDE02F00984
:1083F000F70207C197000A0601385A070017BB03A6
:10840000BFDE02F00A07013C5A030017BB01BC6043
:108410001B0437A600E84196F4D7A300885E8F00BE
:1084200037A300E05E8EF777A500E05E970057A5C2
:1084300003835E02F00A18006DC031842A18006DB3
:10844000C032F4AA1800E85E960197A60080DE9B71
:108450000117A400685E5F000A130080DE9B0057CE
:10846000A400B041B70017A40080DE930C97A400CD
:10847000B041B70010400000800000000003BFDEE4
:1084800002F00A0C0386DE02F00CA103BFDE02F04C
:108490000D8B0180600184AC2501BC6003000C24BD
:1084A0000386DE02F00CA10287C037000C9E00029A
:1084B0005E02F0123603035E02F00A1C03A9DE021C
:1084C000F00A2600025E02F0123602074037000A68
:1084D000210386DE02F00CA10287C037000C9E004B
:1084E000025E02F00EA3006E4030020A500301DE6D
:1084F00002F00A500068DEAB000A37032B5E02F080
:108500000A2C00E0022B00208A03BFDE02F00A30B2
:1085100002805217000A2F00E0024300209003BFA0
:10852000DE02F00A3000E0025700209500685E4F3E
:10853000040D8500685E4F028D8500685E4F020B5A
:10854000C100685E4F050E2500685E4F060E2500CF
:10855000685E4F068E2F03BFDE02F00E350068DE28
:10856000AB002A49032B5E02F00A3B00E0022F0019
:10857000208B03BFDE02F00A3F02805217000A3E42
:1085800000E0024700209103BFDE02F00A3F00E056
:10859000025B00209600685E4F06AB8E00685E4F5F
:1085A000042E4D00685E4F04AE4D00685E4F05AC72
:1085B0003200685E4F062B8E00685E4F052E23004A
:1085C000A05E4FFF77A100685E87072E4000685EBF
:1085D0004F16AC3D03BFDE02F00BB503BFDE02F069
:1085E0000BB900E0020F00208301BC60030011EC16
:1085F00001BC600F0011E80284C03B0009C2018485
:10860000E00609104803BFDE02F009C20200C09371
:1086100000000203A35E02F00A5403C35E02F00AE4
:108620005303BFDE02F00D1100025E02F0123602AB
:1086300007C0AF000A5702074037000A540107C0BD
:10864000AF0017A100B85E870037A101825E860DDA
:10865000906C00B0447F0007FE018360020910485F
:108660000287C037000C9E0386DE02F00CA10002D8
:108670005E02F0123603435E02F00A5C0287C037E6
:10868000000C9E0301DE02F00A7B03305E02F00A5A
:108690007B01BC601F15506500E04194F530650119
:1086A00038402B001680012D406B0017A200885E19
:1086B0008B0137A202884027000A6A01846006D035
:1086C000168000B05A02F456800205C027000A6DD9
:1086D0000187E006D0168001BC601B0DD7A1000207
:1086E0005E02F0012700B0406700168101BC601BEC
:1086F0000DF7A100025E02F0012700B040670016EE
:108700008200B05A0B0017A100E85A06F437A20005
:10871000E15E8AF457A100E0DE86F457A100985E7E
:108720008700B7A100E01EA70067A900691EA70186
:108730008A7B01BC60030007A902801FF7000A7D45
:10874000006E4030020B890381DE02F00A8A00E0ED
:1087500002170020850329DE02F00A8102902E27ED
:10876000000A8201BC6003002B8903A9DE02F00A23
:10877000860184E0060910480180E00209104801E2
:1087800084E002F7F7BF0386DE02F00CA1018060EF
:1087900004FF87FC01806006F2979403BFDE02F0BD
:1087A0000B370068DE4F040A8D03335E02F00A8D3A
:1087B00001BC6003000C2401836002F7F7BF0329AA
:1087C000DE02F00A910288AE27000AA301BC600312
:1087D000000B8903AB5E02F00A9E00685EAB002AC4
:1087E000A200685EAB000A9C010C520F0017A100AA
:1087F000685E87002A9800685E87004A9A03BFDE99
:1088000002F00AA203B0DE02F00A9E03BFDE02F00D
:108810000AA003B15E02F00A9E03BFDE02F00AA0C6
:1088200003B35E02F00A9E03BFDE02F00AA001BCA1
:108830006003004B8903BFDE02F00AA301BC6003A2
:10884000008B8903BFDE02F00AA301BC6003002B8A
:10885000890386DE02F00CA103AB5E02F00AA801D8
:10886000F0521300118601A5E00A30118003BFDE2B
:1088700002F00ACA03A9DE02F00AAE0068DEAB000D
:108880004ACA00B0523B00179F00B0523B0017BECF
:1088900001BC600300280803BFDE02F00ACA028799
:1088A0005E53000AD703A0DE02F00AB903BFDE025E
:1088B000F007CA0190600A09104800B0523B001747
:1088C0009F00B0523B0017BE019E5E8300B0EB01DB
:1088D00006520F0017A100B85E870037A10182DEA3
:1088E00086F577AB01BC610300308000E8523AF3B3
:1088F000F7A2006BD23AF3EABC00E85E7E91D7A201
:1089000000905E8B0097A101BC6023011064006B96
:10891000523AF3EAC701185E870017A2010A5E8780
:108920000017A300886006F457A200E04192F4709B
:108930006400B05802F45600006BDEFA91CACA0017
:10894000B0523B0017BE03BFDE02F00ACA00025E4F
:1089500002F0164F00B0202300280800B0523B0060
:10896000179F0320DE02F00AD702075E53000ACEEB
:108970000180E00209104803BFDE02F00AD7006858
:10898000DE5F000AD4021A5407000AD20103C0278E
:108990000017A101825E8610D0860102C027001751
:1089A000A100E0422AF4308A0180E004FF87FC0342
:1089B000A9DE02F00AD700B05E4700108001085E11
:1089C0004F0017A100685E87002B0503AB5E02F025
:1089D0000B0902005217000AEF0068DEAB004ADD07
:1089E00000E0025300209402865E53000B3702849D
:1089F000520F000D130284D20F000AE203AC5E0294
:108A0000F00AED03BFDE02F00AF8032C5E02F00A62
:108A1000F800685E4F040AED0106D20F0017A100AE
:108A2000808ECF0197A200E0015E0DB0640181DE6F
:108A300086C3F61F0187DE8624912400683077FF05
:108A4000EAED00B04467000C1E02005E87000AEDEC
:108A500000E0446583AC1E00685E4F020B3703BF25
:108A6000DE02F00B24031EDE02F00AF503315E0283
:108A7000F00AF50068DEAB004AF500808ECF019762
:108A8000A200E0015E0DB0640181E002C3F61F00A8
:108A900068DEAB004AFA00E0023F00208F03BFDE31
:108AA00002F00AFD00685EAB004AFD0280522F0012
:108AB0000B3702024107000AFD00685E4F040B37C6
:108AC00000685E4F028B370206DE53000B0200285F
:108AD000E01EF40B0200A044B703E14500B005130B
:108AE0000017A100E05E8428A14602844107000B24
:108AF0003701806006F2979403BFDE02F00B370364
:108B00002B5E02F00B3700685E4F05AB2400685EF9
:108B10004F052B2403BFDE02F00B370068DEAB00ED
:108B20004B12006D8ECF002B1201BC6003000AB502
:108B300001826002F5D7AE02805EFF000B10006874
:108B40002B4F000B1200E044655A4AD300682B6B90
:108B5000FFCB1200E02B6B002ADA02065E53000BFB
:108B60001500E0026300209803BFDE02F00B37031C
:108B700023DE02F00B1F0129500B0017A30068DE53
:108B80008F052B1F020680C7000B1A0182E00187A8
:108B90002C390187E00210708301846002091048BB
:108BA00000B05E870017A1006EE003002B1E03D10A
:108BB000DE02F00B1F0068DEAB004B2100E0022755
:108BC00000208900685E4F000B3700685E4F010B84
:108BD0003700685E4F058B3700808ECF0197A2006B
:108BE000E0015E0DB0650020DA7F140B370280478C
:108BF000C7000B870329DE02F00B2D0102DEAF0058
:108C000017A10106520F0017A200385E86F44B37F9
:108C10000182DE8AF577AB00B052230011F200B07A
:108C200052270011F300B0522B0011F40106520F2D
:108C30000017A100E05E870031F500B0005B001175
:108C4000F000B047C30018000134C7C70017A100E7
:108C50006EDE8402AB3701BC60030810420283C1A0
:108C600007000B3B0301DE02F00B3A03B55E02F096
:108C70000B3B02805E53000D1300B040330017A180
:108C800001089FF70017A200685E8B006B4300E8A5
:108C900040310497A102811FF7000B4300B02093DD
:108CA0000017A102809FF7000B4300B05E6300171E
:108CB000A1006E5E84020B8900B05E870007F4019C
:108CC000816000FF87FC0202C013000B4900E05ED8
:108CD000840347F401816004FF87FC02011FF70051
:108CE0000B8201035E530017A10187DE84FF87FC1E
:108CF0000386DE02F00CA100025E02F0123603854C
:108D00005E02F00B4C018E60023D11E80107C78343
:108D10000017A101825E84FF87FC02019FF7000B10
:108D2000550103C7970017A101825E84FFA7FD00CC
:108D3000B020330017A1018E5E84FFA7FD032A5ED9
:108D400002F00B5D00025E02F00E870329DE02F0E6
:108D50000B5C0301DE02F00B5C0182E0060D906CFF
:108D600003BFDE02F008A401BC60030011EC01BCEB
:108D7000600F0011E801846004FFA7FD01075EAFEA
:108D80000017A10185DE84FF87FC00B040270007A3
:108D9000F600B0406B0007F800B0406F0007F90024
:108DA000B0402B0007F701BC601B0DD7A100025E8D
:108DB00002F0012700B040670017A201BC601B0D44
:108DC000F7A100025E02F0012700B040670017A182
:108DD00000E85E8AF437A200E15E8AF457A100E061
:108DE000DE86F457A100985E8700B7A101BC5E86BD
:108DF0000147F700681F33000B7C018F60060127D5
:108E0000F600681F33002B7900B01FC70017A100C0
:108E1000025E02F0012700A04064F9D7A200B85E0C
:108E200088FE17A103BFDE02F00B7A00A04138FED6
:108E300017A10068DE87000B7C018F60020127F616
:108E400001846004FFA7FD01075EAF0017A1018543
:108E5000DE84FF87FC00025E02F00EA301BC63FF0C
:108E60001FD7A800025E02F0109A00025E02F00E08
:108E70008701A8600A00900402011FF700163B005A
:108E8000A8401300500403BFDE02F0072000E002F8
:108E9000870020A103BFDE02F00B8A00E0020B0076
:108EA000208203A9DE02F00D130184600609104838
:108EB0000184E00609104803BFDE02F00D13032B06
:108EC0005E02F00BB10068DE4F06AB9200E0023BA1
:108ED00000208E03BFDE02F00B9300E0023700207B
:108EE0008D0323DE02F00BB50068DE4EF1CBB50238
:108EF0000680C7000B970182E001872C390187E0CB
:108F0000021070830184600209104800B05E87007F
:108F100017A1006EE003002B9B03D1DE02F00B9C37
:108F200000685E4F062BAF01BC60030008330329C5
:108F30005E02F00BA10203DEB3000BA20191601AE6
:108F400084F4270183E002F597AC020200BF000B16
:108F5000AE0206ABD3000BA7020345AF000BA9017D
:108F600085E0062D716B03BFDE02F00BA9020345FD
:108F70006F000BA90185E0062B715B02045EB30054
:108F80000BAE0187E0021070830183E002091048F4
:108F900000025E02F0159303BFDE02F00BB502057E
:108FA000500B000BB50182600609104803BFDE02BA
:108FB000F00BB500025E02F00BBC0068DE4F062B22
:108FC000B500E0024F00209303BFDE02F00BB503B3
:108FD000AB5E02F00BB702044107000BBA028341FB
:108FE00007000A5003BFDE02F00BBA0284410700FB
:108FF0000A5001806006F2979403BFDE02F00A5027
:10900000028700C3000BC00068D213000BC001BC74
:10901000600300118301BC60030011820002DE02C4
:10902000F00000039F5E02F00BC4039EDE02F00E10
:109030003502035E53000E35010C81430017A10079
:1090400068DE87002BC9010001630017A10102C07F
:10905000270017A20038DE86F44BB903AB5E02F09E
:109060000BCB02005217000BB90280522F000BCD20
:1090700003335E02F00E3502181DF3000BF101BC44
:10908000601B06106501BC60031BB7A400025E02F2
:10909000F0017200B05E8F0017A60068DE931BAB74
:1090A000ED0207C197000BDA01385A070017A1013A
:1090B0003C5A070017A201BC5A0AF457A2013C5AB5
:1090C0000B0017A301BC5A0EF477A303BFDE02F016
:1090D0000BDD013C5A030017A100B05A070017A28C
:1090E00000B05A0B0017A3006D5E87008BE701BC30
:1090F00061BF0A17A50068DE8AF4ABE201BC6027F5
:109100001357A500685E8EF4ABE601BC605F0017E4
:10911000A50068DE8AF4ABE701BC60171E57A50006
:1091200068DE8EF4ABE703BFDE02F00C2900D85EE8
:10913000870037A100E14196F4306500E1C1970056
:10914000306501F041970017A200E05E8B0077A226
:10915000006D5E8AF4CBD000E840330097A5006E26
:109160005E96004C2900B01DEF0017A10068DE8458
:109170000A0E35023C523F000C02013C523F0017E0
:10918000A10068DE84048C2701BC60031610640112
:10919000BC601B06306500685E87002BFE00B05A7D
:1091A000030017A20068DE8AC00C2700E041970088
:1091B000306500E0419300306400E85E870057A10D
:1091C000006A5E87002BF700685E87000C03013899
:1091D0005A030017A1013858030017A20068DE8661
:1091E000F44C2703BFDE02F00C030285C107000E1A
:1091F0003501BC601B06106501BC600305B7A40007
:10920000025E02F00172028000C3000C2701BC6004
:10921000131417A600E0017F00B7A5006D5E96F459
:10922000CC0B01BC60130C97A500685E940BCC2B93
:1092300000B0017B00106500B052270017A200B0FB
:10924000522B0017A3006841940BEC160068DE8EC9
:10925000D04C1200685E8AD02C2700E0419700B005
:1092600065006D4196F4CC0F01BC60130C90650352
:10927000BFDE02F00C0F00E0028B0020A200B00164
:109280007F00106500B0522300168000B052270006
:10929000168100B0522B00168200808ECF0197A25B
:1092A00000E0015E0DB0640203587F000C2001BC99
:1092B000602F0037A103BFDE02F00C2101BC520277
:1092C000F2F7A101A95E02F436830090446701160B
:1092D00084020281AB000C250068DE9305AC2601F8
:1092E000846006D0968400B05E9700005F0207811C
:1092F000AB000C2901806006F2979403AB5E02F08C
:1093000007DF03BFDE02F00A5000E0028F0020A357
:1093100003BFDE02F00BB903835E02F00C2F006D79
:109320004033038C2D006D4033038BB9032B5E0259
:10933000F00E3903BFDE02F007DF032B5E02F00CF4
:109340003700E0023300208C020681AB000C3601AE
:1093500083E005872C3903BFDE02F007E100E0025D
:109360004B002092008800230037A200E05E8800B6
:10937000F7A200E0001AF451890186E0063011805E
:1093800003BFDE02F00BB5032B5E02F00C3800E0E9
:1093900013530024D403BFDE02F007DA020452475D
:1093A000000BB501BC601F10F06401BC60030177C5
:1093B000A101BC63FF1FE79300E04186F430650123
:1093C000BC63FF1FF60000E05E870077A100025E2D
:1093D00002F00F1F0200C077000BB5012940770093
:1093E00017A2006D5E8B04CBB500E85E8B04D6003F
:1093F00001BC601F05F06300E0418EC010630200F5
:10940000D603000BB502065603000BB50184E00637
:10941000F597AC0116D6030017A200885E8B007783
:10942000A200E0019EF4506500B041970004C20123
:10943000BC602B1817A100B05A0F0017A200025EE3
:1094400002F0012B01BC602B1837A100B05A1300A9
:1094500017A200025E02F0012B00B0418B0004D97C
:1094600003BFDE02F00BB503A2DE02F000C203A3CD
:10947000DE02F00C7A00E001FF00207F01BC6003F7
:109480000017A303BFDE02F00C7C01876004031009
:10949000A001BC60030051E400B047930018000134
:1094A000BC600302900401BC620F0011E001BC60CB
:1094B0000F0131E800B047A300180001BC600F00A5
:1094C00011E801BC60030131EC00B047B3001800A3
:1094D00001BC60030011EC01846006091048002003
:1094E000601E090C7100E001FB00207E03BFDE025C
:1094F000F00C8501BC60030ED7A1011400630017B6
:10950000A200E05E86F4506500E05A030036800257
:109510000300C7000C7703A95E02F00C7C02915097
:109520009F000C7B0191601A84F42703BFDE02F0D8
:109530000C7B00E001FF00207F01BC60030037A32B
:109540000323DE02F00C850183E002091048018448
:109550006002F597AC01BC6003000ABB01BC60036C
:1095600000178E020680C7000C830182E001872C61
:10957000390187E0021070830182600209104803FC
:10958000D0DE02F00C8603D05E02F00C870182E090
:109590000209104803D5DE02F00C8901BC6003000B
:1095A00010B401BC600300F7A1006800A7000C8D97
:1095B0000185421AF437A100025E02F0012700B0D3
:1095C00040670017A501BC63FF1FF7A200025E02FF
:1095D000F0012B008860070157A400B85E86F4975D
:1095E000A100025E02F0012B0283C21F000C940056
:1095F000025E02F0114C02844523000C9603D0DE7B
:1096000002F00C9800685E8F0000020020E01E0946
:109610000C9C00B05E9700142E03BFDE02F0036EB8
:1096200000A8412300F04803BFDE02F000020183DE
:10963000600209104800E0021300208403BFDE022C
:10964000F00CA401BC6007001042006E4030020C18
:10965000A400E0027700209D00025E02F0170A03DA
:10966000A35E02F00A5003C6DE02F00CA7032ADE56
:1096700002F00CAE00B0304700080800B0304B00DC
:10968000080900B0304F00080A00B0305300080B42
:1096900000B0305700179F03BFDE02F00D130184A6
:1096A000E00609104803BFDE02F00D13020681AB8D
:1096B000000CB30281B0E70000BD028330E7000078
:1096C000BD028445230000BD0320DE02F00CBB0078
:1096D00068A0C7000CB801BC609F0217A100E0445D
:1096E00066F42831006B4465062CBC0020E10209B9
:1096F00000BD00025E02F00D2F01BC6003000831C6
:109700000020E38A0900BD028445230000BD00B0AB
:109710005E870017A103915E02F000BD0396DE0292
:10972000F000BD03965E02F000BD00025E02F00D87
:109730002F00E10DB228E36C00E08DB700036D014E
:10974000BC600300114701BC600300602000680199
:1097500073000CD701BC60130890E600025E02F0B3
:10976000016A00B001730010E401BC600300000650
:1097700001BC600300005C01BC600301D78201D220
:10978000DE0877F0E000B00F030010E100B0004702
:1097900000108600B00F1F00108A01BC6003003764
:1097A0008100025E02F010700190600A0910480109
:1097B000BC610300308003BFDE02F0000201BC6028
:1097C000030030420187E00224712300025E02F0B0
:1097D00014DB03975E02F00D4303125E02F00CDA15
:1097E00001BC600300402001BC6003000B8901BC88
:1097F000600300114901BC618300112500B0007BAA
:1098000000112701BC60130C805E01BC60130C804A
:109810005F0180E006F5D7AE0107C1070017A1017F
:10982000805E86F577AB01BC600F0011E801BC6279
:109830000F0011E000025E02F00CF701BC61CF0CDA
:10984000105C01BC600300105D01BC61CF01F05EE3
:1098500001BC603B0AF05F01866005610B080002F5
:109860005E02F0145C01866001610B0801BC6003BC
:1098700000082E020300C700001201BC60030006AE
:10988000B201BC60030006B701BC60030006BC0166
:10989000BC60030006C103BFDE02F0001201BC6021
:1098A000430017BB00A04122F7704801BC63FF1FB3
:1098B000F05401BC63FF1FF05501BC63BF1FF0569D
:1098C00001BC63FF0FF05700025E02F0170A018728
:1098D000E00624712301BC600300105401BC600346
:1098E00000105501BC600300105601BC600300105D
:1098F0005701BC600F0020170106C1070017A10126
:10990000825E8402E017010741070017A100B85EDC
:10991000870037A10180DE870000160002DE02F01A
:1099200000000285C03700000200025E02F012361D
:1099300002864037000D0A00E0021B00208601BCB1
:109940006003010B890386DE02F00CA10287C03799
:10995000000CA100025E02F017D003BFDE02F0008F
:109960001201B8600A04902403AA5E02F00D1601E9
:1099700058600300102A01BC600302900400B0404C
:10998000130018000183600209104801806000FF85
:10999000A7FD00025E02F0123603855E02F00D1A8A
:1099A00001BC620F0011E001BC600F0131E800B0A2
:1099B00047A300180001BC600F0011E801BC600360
:1099C0000157A100E85E870037A10068DE87000D1F
:1099D0002101BC600302900400B040130018000194
:1099E000BC60030131EC00B047B300180001BC605B
:1099F000030011EC0324DE02F0072001866006F567
:109A000077AB00025E02F00D2F01806006103081FE
:109A100000B05E870017A10180600210308103BF93
:109A2000DE02F00720020601AB000D31018060016B
:109A3000872C3901BC610300108000B0420300187C
:109A400000006EE003002D3403505E02F00D37007D
:109A5000015E02F0000003BFDE02F00394018460A7
:109A600002F597AC01BC6003000ABB00A8412304C7
:109A7000F048018260020910480206DEAF000D3E88
:109A800003D5DE02F00D3E0350DE02F00D3C01BCBA
:109A900060030010B40284C783000D4101BC600B59
:109AA0000011E0018E6002F577AB0002DE02F000EB
:109AB0000003A2DE02F000BD02BC4287000D4A0195
:109AC000BC60030037A401BC60031FF7A3011400AE
:109AD000630017A200886006F457A203BFDE02F0FD
:109AE0000D4F008860070117A401BC63FF0017A396
:109AF000011400630017A200E05E8B0117A200882A
:109B00006006F457A201BC60131B906501BC601B8A
:109B100018506401BC60030017A50020C286F48DB4
:109B20005900E0419706D06500E0419301F06400E0
:109B3000E05E970037A500885E930037A400205EA2
:109B400092F46D7803BFDE02F00D520068DE92F4ED
:109B50004D5E00680083006D5E03A0DE02F00D5EC6
:109B60000020C123160D5300025E02F00D2F006D80
:109B7000DE93200D74020300C7000D68006DDE97B0
:109B8000008D6801BC600300160801BC600300166C
:109B90000901BC600300160A01BC600300160B013A
:109BA000BC600300160C01BC600300160D01BC6014
:109BB0000300160E02005AC3000D73023C5A9F00A8
:109BC0000D7300680083006D730385DE02F000BD35
:109BD00003855E02F000BD03A2DE02F000BD03A318
:109BE000DE02F000BD0397DE02F000BD00B0419739
:109BF0000010600191600A84F42703BFDE02F003C5
:109C00006E01806002D616B000B05E930010A10114
:109C1000836002F7F7BF01BC600300304303BFDE7F
:109C200002F00D53006880830060BD03BFDE02F0C8
:109C30000CDB0283C21F00000200B05E870017A188
:109C400003D0DE02F0063D01BC6003041042039E17
:109C5000DE02F0001200B05E3F00114501BC60035F
:109C600000178F00B05E4300178500B05E0F00172D
:109C70009000025E02F00D2F03BFDE02F000120022
:109C80006D4033058BBA03AC5E02F00D8A00685E4E
:109C90004F028DEB00E0026700209903BFDE02F067
:109CA0000DEB00685E4F028DEB028030DF000D8E01
:109CB00000E0025F0020970180600586EC3700021B
:109CC0005E02F00EAF01866002F5B7AD0182600260
:109CD000F5D7AE01BC6003000AB5039EDE02F00DAD
:109CE000A00321DE02F00DA000E0026F00209B0027
:109CF000025E02F00D2F0186600209104800A841A3
:109D00002301304801BC60030210420280441F005E
:109D10000D9F00B05E3F00114501BC600300178F2E
:109D200000B05E4300178500B05E0F00179003BFC0
:109D3000DE02F00DA000A044B6F07145028200C31F
:109D4000000DEB00B000730017A100E05E86B017B5
:109D5000A100E15E7AF4379E00E1DE7700179D00F6
:109D6000E1DE7300179C00E0DE6F00179B039EDEB0
:109D700002F00DAF006E5E6E924E21006D5E6E922F
:109D80004DAF006E5E72922E21006D5E72922DAF0D
:109D9000006E5E76920E21006D5E76920DAF006DC4
:109DA000DE7A91EE2102003097000DB400B05E7BA8
:109DB000000C3200B05E77000C3300B05E73000C14
:109DC0003400B05E6F000C35028201AB000DC5009F
:109DD000B0446700082D00B0446B00082C00B0446C
:109DE0006F00082B00B0447300082A0068A0B62357
:109DF0002DAF00E920B6F3D79E00E9A0B2F3B79DDE
:109E000000E9A0AEF3979C00E8A0AAF3779B00E1DD
:109E10005E7A91F7A100B05E8700111900E1DE764D
:109E200092111A00E1DE7292311B00E0DE6E925157
:109E30001C0068DE86232DBE03BFDE02F00DEB00A2
:109E4000E9523EF3D7A100E9D242F3B7A200E9D22A
:109E500046F397A300E8D24AF377A400880ECF0018
:109E600057A500E0015EF4B06400E95E86C9A781F1
:109E700000E9DE8AC9C78200E9DE8EC9E78300E80F
:109E8000DE92CA078400808ECF0197A501BC601FB7
:109E900007778000E05E020DB06500885A0F00F77A
:109EA000A500B05E970817A50134DA0F0017A600C9
:109EB000E95E94F037A500E8DE98F057A6017BDE56
:109EC00096F4D7A500685E96D06DEB00E85E96D05C
:109ED00077A600B05E9700168300685A13000DDD68
:109EE00000E05A16F4D68500685A1B000DDF00E02A
:109EF0005A1EF4D68700885E9B00F7A10134DE9BD2
:109F00000017A201BC60030017A301BC6003001787
:109F1000A40069DE9B000DE701BC63FF1FF7A301EE
:109F2000BC63FF1FF7A401C3DE8EF457A200E959FA
:109F300036F4364D00E9D93AF4564E00E9D93EF4EC
:109F4000764F00E8D942F49650031EDE02F00E214F
:109F5000039F5E02F00E2100685E4F028E21032CEB
:109F60005E02F00E2101BC601B06D06501BC6003DF
:109F700000B7A400025E02F0017202003097000DEB
:109F8000F600685E9300ADF600E030C7002C3103A8
:109F9000BFDE02F018840068DE9300AE210207C124
:109FA00097000DFC013C5A070017BB013C5A0B00FF
:109FB00017A101385A07000C2603BFDE02F00DFF7F
:109FC00001385A070017BB01385A0B0017A1013C92
:109FD0005A03000C2600B05E87000C2700808ECF4D
:109FE0000197A200E0015E0DB06400B05EEF0016C4
:109FF000280181DE86C3F61F00683073FFEE080279
:10A00000005E87000E0800883073007126009030D3
:10A010007301B12800683077FFEE0C00B044670090
:10A020000C1E02005E87000E0C00E0446583AC1E2F
:10A030000187DE86249124020680F3000E10018140
:10A04000E002C3F61F0187E002249124020030974A
:10A05000000E2100E030B7002C2D028680F3000EA8
:10A06000140281D87F000E1F00B0309F0017A1009E
:10A07000025E02F00F0802805E8B000E1F00E85E99
:10A080006984D7A100685E85846E1B00E030BF0044
:10A090002C2F03BFDE02F00E1F00E030BB002C2E81
:10A0A00001BC6003000C2501BC600700104303BF26
:10A0B000DE02F00D1300E85E6984CC2303BFDE02EC
:10A0C000F0188403AB5E02F007DF03BFDE02F00A84
:10A0D00050032B5E02F00BB903BFDE02F007DF0373
:10A0E000AB5E02F00E28032C5E02F00BB903BFDE5C
:10A0F00002F00E3900B052230011F200B0522700D6
:10A1000011F300B0522B0011F401BC60030091F573
:10A1100001BC600308104200B0005B0011F003BFF7
:10A12000DE02F007DF0138523F0017A102065E533E
:10A13000000E320138524B0017A10068DE87008EF6
:10A140003503AB5E02F007DF03BFDE02F00A50000A
:10A1500068DE4F020E38020781AB000E38018060C6
:10A1600006F2979403AB5E02F007DF020000F300F3
:10A170000E3E0206DE53000E3E01185E830017A15C
:10A180000068DE8700AE3E01BC600B025142020057
:10A190005217000BB903BFDE02F00A5001BC600386
:10A1A00000118301BC6003001182032C5E02F00EDB
:10A1B000450199E00620110003BFDE02F00E4901BF
:10A1C00019402F0017A100685E87000BB50199DECA
:10A1D0008620110003315E02F00BB500A05E3B004B
:10A1E00097A200205E4EF44BB5018460020910482E
:10A1F00003BFDE02F00BB503AB5E02F00E500002AF
:10A200005E02F00BBC03BFDE02F00BB50068DE4F50
:10A21000042E5400B0523300179F00B0522F00108C
:10A22000EB0281522F0007CA00E002AB0020AA0215
:10A2300081522F000B9303295E02F00E5A0203DEB7
:10A24000B3000E5A0191601A84F4270183E002F5ED
:10A2500097AC0208522F0007DF03BFDE02F00A505E
:10A2600001BC600300106701BC6003001046018060
:10A27000E0060930490282C11F000E6401BC603F44
:10A280001FF06501BC600300168000E841970030B4
:10A29000650069C197000E6101BC600B0017940155
:10A2A000BC60030017AB01BC60030017AC01BC60CD
:10A2B000030017AD01BC60030017AE01BC600300D2
:10A2C00017BF01BC63FF1FF7B501BC60030020206E
:10A2D00001BC60030017A100025E02F001270138F3
:10A2E0004067000028011C406700002901BC600392
:10A2F00000504901BC60030017A701BC60030017B0
:10A30000A801BC60030017A901BC60030017AC01E1
:10A31000BC60030017AD0182E0060F10780206C191
:10A32000E3000E77006880A7000E7A03BFDE02F01C
:10A330000E7B006880A7008E7B01BC60130260006A
:10A3400001BC60230E400101BC63F318600201BC34
:10A35000614B15600301BC600300000401BC604355
:10A3600005200501BC601B04306101BC6017025070
:10A370006001BC600300082200B05E0F001785007A
:10A38000A044B6F0714503BFDE02F00CC30183E0C8
:10A39000060F107801885E5CFEC7F601BC601F1EC8
:10A3A000900701BC600301900801886006009004DA
:10A3B0000386DE02F00CA10305DE02F00E8C03869C
:10A3C000DE02F00CA10385DE02F00E8E00B05E8787
:10A3D0000017A1006EE003002E920386DE02F00C4F
:10A3E000A1006EC0146FEE9501BC60070010420022
:10A3F00002DE02F0000003215E02F00E9A00E0206F
:10A400004AF4281200B0204B00178B03BFDE02F085
:10A410000EA2028150C7000E9F011C509F00178B97
:10A4200000E05E2EF4378B019C5E2E84F42703BF80
:10A43000DE02F00EA2011E509F00178B00E05E2E80
:10A44000F4378B019E5E2E84F4270002DE02F000BA
:10A4500000006800A7008EA80102C02700082100A4
:10A460006880A700AEAE00E020870028210002DE51
:10A4700002F0000001BC600300282101BC402B0059
:10A4800017A100985E870117A10098402B0117A221
:10A49000006ADE8AF42EAE01BC600300882100024F
:10A4A000DE02F00000028280BF000F0700B0418F83
:10A4B00000081300B0418B00081400B04467001777
:10A4C000A2017BDE8A2357A101BC601F07706501D2
:10A4D000BC60030017A201BC601F03D06401BC6014
:10A4E0001F11506300685A03000EFE01BC601F0F6D
:10A4F000B06200E0418AF450620090540300F7A675
:10A50000006B5E86D06ED400B05A030017A300E043
:10A510005A0EF4D58000E05A0EF4768300E85A2FE4
:10A5200000368B0069DA2F000EC300E85A070036A8
:10A530008B006CDA0EF42EBE00E85A0EF437A4003D
:10A54000905A030077A5006EDE92F4AECA01BC609B
:10A550000300360001BC600B00104301BC60030027
:10A56000278900205A0B080ECD01BC6003002792FA
:10A5700003BFDE02F00ED400205A0B140ED40020CC
:10A580002C27080ED000205A0B040ED4018660063A
:10A59000F5B7AD0088009B00D1260090009B0151CB
:10A5A0002801BC6303001124006B5E86B00EDC0042
:10A5B000685A13000ED901886006D0568200B05642
:10A5C000030017A400E05E92D0968500E05A0EF4D6
:10A5D000D58000205A0B080EDC01BC6003000792F6
:10A5E00000685A13000EE4006B5E86D0AEE401886A
:10A5F000600AD0568200B056030017A400E05E92B5
:10A60000D0968501BC600300360101BC600B0010D0
:10A610004301BC600300278900685A1B000EFE003E
:10A620006B5E86D0EEFE02015A0B000EF300E85A74
:10A630001B00368600B05A270017A300E05A1EF40C
:10A64000768701BC601F11D06200E0418AF450623D
:10A6500000B05A2B0017A300E05402F47500020367
:10A66000D403000EF100E05A1F0036870130540376
:10A6700000150001816002D0568203BFDE02F00E99
:10A68000F600B05A230017A300E05A1EF4768701A3
:10A69000816006D0568200685A1B000EF8006CDA02
:10A6A0001EF42EE602015A0B000EFB01BC600300F3
:10A6B000360203BFDE02F00EFC01BC60030036036D
:10A6C00001BC600B00104301BC600300278900E05F
:10A6D000419701906500E05E8B0037A200E0419356
:10A6E00000906400E0418F003063006D5E8B008E4F
:10A6F000B802981DF3000F0501BC6003000792002B
:10A70000B0204F00106300B020530010620002DE42
:10A7100002F0000001BC60030017A20068018B007A
:10A720000F1E0090018B0077A201806002F437A118
:10A73000006E5E86F44F1E0207C197000F100138AD
:10A740005A070017A303BFDE02F00F11013C5A03A2
:10A750000017A300E85E8F0097A300E85E8AF43735
:10A76000A2006A5E8AF46F1E00D041970030640038
:10A77000E05E8B00B7A300E04192F4706400D84122
:10A78000930030640207C193000F1B013C58030083
:10A7900017A103BFDE02F00F1C013858030017A1F8
:10A7A00000A0018B00F7A200905E86F457A2000281
:10A7B000DE02F0000000B05A0300101F00B05A077C
:10A7C00000102000B05A0B0010210180600700101B
:10A7D0001D02804077000F230002DE02F00000011E
:10A7E00087E002F577AB03915E02F000020020E300
:10A7F000FE0900020200421F0000020068C2F300CE
:10A800000002028445230000020068C01700000215
:10A810000068AB9700000200025E02F00EAF006815
:10A820003073FFEF310207C493000F3C00683077AC
:10A83000FFE00200683077FFEF350068307B000FE3
:10A840003B006BC46583CF3C03BFDE02F000020116
:10A85000BC601F07706400E041930617A20068D82F
:10A860002F000F390281D80B00000200E041930154
:10A870009064006D4192F44F370287C49300000248
:10A8800000689E4B00000202815E53000F4A028363
:10A89000411F000F400281DE53000F5B01BC6003CB
:10A8A00000115101BC600300115201BC6203001190
:10A8B0005301BC600300515001896006F297940176
:10A8C000BC60E700107701BC600300107601BC603B
:10A8D000031117A300025E02F0013403BFDE02F091
:10A8E00000020280C54300000201F0C54700115676
:10A8F0000107C5470017A101F0C54AF4315500B062
:10A90000455700107700B0455B00107601BC60032E
:10A910000E97A300025E02F0013400B04557000C10
:10A920001000B0455B000C0F01BC60030011550125
:10A93000BC60030011560090303F00CC0F00B030D7
:10A94000430017A101AD5E8581EC0F0189600AF219
:10A95000979401BC60030810470392DE02F00FAF2A
:10A96000020480BF000F6001BC63FF1FE7F301BC5E
:10A9700061FF1FE80E03BFDE02F00FB10186600227
:10A98000F597AC01BC601F07706501BC601F0FB07C
:10A990006401BC60030037A101BC60030017A30081
:10A9A000685A03000F9D01BC60030017A502035AFB
:10A9B0000B000F6E02805A0B000FAF00E9440AC073
:10A9C00017BB00E8C40F0017A4017BDEEEF497A4C8
:10A9D00000685A13000F7C03BFDE02F00F79006895
:10A9E000DE87002F700203DE53000FAF0203DA0B85
:10A9F000000F8400B05A0F0017A400685A07002FF8
:10AA00007500685A2F002F7501BC60030037A50040
:10AA1000685A13000F79006CDE92D0AF7900B05AFB
:10AA2000170017A401BC60030037A500201CBAF46E
:10AA30002F7C00685A1B000F9703BFDE02F00F7FC8
:10AA400000885E870097BB00201CBAF76FAF020139
:10AA50005A0B000FAF006CDE92D0EF9700B05A1F78
:10AA60000017A400201CBAF42F8301BC6003003738
:10AA7000A503BFDE02F00F970202DA0B000F9D0262
:10AA800004C107000FAF00B05A0F0017A400E85A26
:10AA90002F0037BB0069DEEF000F8A00E85A07007D
:10AAA00037BB013C016F0017800068DE03000F9088
:10AAB0000138016F00178000685E03000F9300E803
:10AAC0005E030037BB03BFDE02F00F9300E85E03B6
:10AAD0000037800080DE02D0378000E05EEE0DB7E8
:10AAE000BB00685EEF000F9700E05E92D017A400F5
:10AAF000E85EEF0037BB03BFDE02F00F9300685E35
:10AB00008F000F9A006B5E92F44F9B03BFDE02F042
:10AB10000F9D01BC60030037A300B05E930017A235
:10AB200000B05E970017A600885E870037A100E09E
:10AB3000419701906500E04193003064006D5E87AD
:10AB4000020F6500685E8F000FAF00B0446700170A
:10AB5000A5017BDE962357A500E85E8AF4B7A40022
:10AB6000885E9300E4DB00905E9301271D00B00136
:10AB70002B0017A300689C77000FAA006E936EF459
:10AB80006FAF03A65E02F00FAF00B05E9B000785BB
:10AB900000E9136EF467F300E89C7700080E03BF2A
:10ABA000DE02F00FB100681E1700000203BFDE02D4
:10ABB000F0105901BC61030011230069203B000F14
:10ABC000B50180E006F2979403BFDE02F00FB701F3
:10ABD00080E002F2979403BFDE02F00002006841B9
:10ABE00027000FC602844523000FB8006800A700A5
:10ABF000AFBC006800A700CFBC006880A7010FBFF2
:10AC000000B044670017A100E84466F437A2006D65
:10AC10005E8B004FBD0280C127000FC10392DE0290
:10AC2000F010590392DE02F00CE700025E02F0140D
:10AC3000E700025E02F0113D00025E02F0113800F2
:10AC4000025E02F0114801BC600F0011E8031EDE35
:10AC500002F00FCD01BC600300105C01BC6003007A
:10AC6000905D01BC605304105E01BC600300105F86
:10AC700003BFDE02F00FD101BC600B00105C01BC11
:10AC8000600300905D01BC604304105E01BC600382
:10AC900000105F01BC6003000C1E01BC600300805B
:10ACA00020028500BF00106000B01FCF00115100CE
:10ACB000B0203B001152006E1FCE2A8FDA0068A030
:10ACC0003B000FDA00E01FCE23280F03BFDE02F0A7
:10ACD0000FFB00B0446700080F00E91FCE2A915116
:10ACE00000E8A03B00115201BC61FF1F707701BC5E
:10ACF00063FF1FF07601BC60031197A300025E02A0
:10AD0000F0013400B0454B00107700B0454700100B
:10AD10007601BC60030F17A300025E02F00134014C
:10AD2000BC602F1AB06500B0455700169100B045C1
:10AD30005B00169200B0440B00169300B0440F0065
:10AD4000169401BC63FF1FF15201BC63FF1FF15158
:10AD500001BC600300115501BC600300115601AC39
:10AD6000607F029075028741D7000FEF00B041DB92
:10AD70000003B100B041DF0003B200B04467000837
:10AD80002D00B0446B00082C00B0446F00082B006D
:10AD9000B0447300082A00E14464FE6C1A00E0C469
:10ADA0006901CC1B01BC600302315000B045430077
:10ADB000180000686003000FFB01BC600300104036
:10ADC00000008000000000020480BF000FFF03129B
:10ADD000DE02F00FFB0068C55700100701BC602FB2
:10ADE0001AB06500B05A4700115500B05A4B001117
:10ADF0005600B05A4F00110200B05A53001103011F
:10AE0000BC60030017A701BC60030017A801BC6069
:10AE10000300006601AC607F0F1075028741D70008
:10AE2000100900B041DB00115100B041DF001152A8
:10AE30000068454700101000E91FCE2A87F300E89C
:10AE4000A03B00080E01866006F597AC01BC6003CC
:10AE500000107701BC600300107601BC60030F177F
:10AE6000A300025E02F0013401BC60030011500235
:10AE70008445430010150207C1E300101600B044DA
:10AE8000670017A100685E862330180182E0060F74
:10AE900010780206C1E300101A01BC6003004020D4
:10AEA00001BC60030000660186600620110001BC41
:10AEB000606300107B01BC601B00107A01AC607FF6
:10AEC000029075028741D700102100E941D87637FA
:10AED0009C00E8C1DC76579B00B0303F0017A10012
:10AEE00080DE72F4379D00B041B700179E0080DE0F
:10AEF0006EF4379C00E15E760DB79D00E0DE7300D6
:10AF0000179C017D5E7AF3B7A1017D5E76F397A26F
:10AF100000905E730157A300E120B6F4311900E1FF
:10AF2000A0B2F4511A00E1A0AEF4711B00E0A0AB96
:10AF300000111C00E10DAAF4236A00E08DAEF44379
:10AF40006B00B0441F001800008844230157A30081
:10AF500090442300D7A400B0440B0017A100B044D4
:10AF60000F0017A200E95E862337A100E8DE8A23DE
:10AF700057A20069DE8B00104100E1440AF471021F
:10AF800000E0C40EF4910300E85E230037880069F6
:10AF9000DE2300103600E8002700378803BFDE02FA
:10AFA000F010360186600220110001BC60030040F1
:10AFB0002000E9306A2337A100E8B06E2357A200D1
:10AFC00068DE8B00105001BC604F1117A3006DDECE
:10AFD00086F4705001BC600300104001BC600300A7
:10AFE000105D018260060BF05F00D05E8700713457
:10AFF00001E1DE8A26913501BC63030011330000B4
:10B000008000000000018260020BF05F02865EB3E8
:10B0100000105900681E1700105901BC604300174A
:10B02000A100E04466F4378001BC6003000789009A
:10B03000025E02F00EAF006C4466F0105900681E0C
:10B040002700105503BFDE02F00F5B0200DE530045
:10B0500010630180E002F2979400025E02F0113B5F
:10B0600001BC600300104003BFDE02F0105E00E090
:10B0700044640957A103BFDE02F0106301BC600302
:10B0800000104000B0012F0017A100E0012AF431A8
:10B090000900B0012F00110901BC61CF0C105C0147
:10B0A000BC600300105D01BC61CF01F05E01BC60BB
:10B0B0003B0AF05F00025E02F0114400025E02F003
:10B0C000114B00025E02F0114101BC6003000785D4
:10B0D000006D80A7008CE700E044670477A100685A
:10B0E000DE8623306E03BFDE02F00CE701885E06C9
:10B0F00010D08601025E070017A101825E8610D083
:10B10000860002DE02F0000000B000470010860159
:10B11000082047001781013852030017800102C040
:10B12000270017A600025E02F015F800682047000D
:10B13000507B00B0540700178000025E02F01070D0
:10B14000006820470030830068A04700107F021A83
:10B1500054070010830103C0270017A103BFDE02BC
:10B16000F010820106C03B0017A101825E8610D05C
:10B17000860002DE02F0000000B054130017A100A8
:10B1800068DE4F16B08700B054130017A10200DE2E
:10B190000700108F00B0418B00106501BC600301F7
:10B1A000D7A10068DE4F16B08C01BC60030297A1E6
:10B1B00000025E02F0160B00E05E8400F7A103BF00
:10B1C000DE02F01094020480F300109402025E0785
:10B1D00000109402805E070010940090001B00375E
:10B1E000A200E85412F457A10002DE02F0000002AF
:10B1F0000400BF00109800025E02F011E903BFDEF8
:10B2000002F0109900A044B6F0B1450002DE02F051
:10B210000000020000BF0010AA0068ABEF0010AAF7
:10B2200000E05EA30037A8006D5EA005D0AA00B0C4
:10B230002E2F0017A100025E02F0012700B0406728
:10B240000017A20068DEA3FFF0A700B05E89719727
:10B25000A2006D00A70090A6006DA0870050A80373
:10B26000BFDE02F010A70068A0870010A800B85E3B
:10B27000897197A200025E02F0012B01BC600300FD
:10B2800017A80002DE02F0000000D85A030117A23E
:10B2900001B85A06F457A200B0560300083600B0B1
:10B2A000560700083700B0560B00083800B0560F9C
:10B2B00000083900B0561300083A00E05612F4486E
:10B2C0003B00B05A0300083401385E8B000835009B
:10B2D000B020EF0017A401BC60030017A200B0412A
:10B2E0009300106500B85E92D017A400E05E06F4EB
:10B2F000506300F05E930017A300F05E930077A404
:10B3000000E05E8B0037A200B85E92F477A400E004
:10B310004192F4506500E05602F4958000B0560367
:10B320000017A4006EDE8B00B0B800B85E92C0D7E4
:10B33000A200D85E8B0037A200E020DAF448360085
:10B34000B020DB0017A400B85E92C0F7A200D85E60
:10B350008B0037A200E020DEF4483700D820DF0061
:10B3600037A200E020E2F4483800D820E30037A2FA
:10B3700000E020E6F4483900D820E70037A200E0DA
:10B3800020EAF4483A00D820EB0037A200E020EE93
:10B39000F4483B00B020EF0017A200B85E8AC01747
:10B3A000A200905E8B0037A201BC5E8906A8350022
:10B3B00002DE02F00000018060063C91E40187603B
:10B3C000063CD1E601A860023CD1E6018B60023C5C
:10B3D000D1E600B05E8F00106300B056030011E7A5
:10B3E00000B056070011E700B0560B0011E700B09F
:10B3F000560F0011E701A960423C91E401A86002E8
:10B400003CD1E6018B60063CD1E600B05E8B0010BB
:10B410006301BC60030057A1020456030010E6015B
:10B42000BC60030117A100E0418EF4306300B05608
:10B43000030011E700B056070011E700B0560B00FB
:10B4400011E700B05E8B00106301BC600300B7A180
:10B450000204D6030010F001BC60030117A102062C
:10B460005E530010F001BC60030197A100E0418E23
:10B47000F4306300B056030011E700B05607001126
:10B48000E700B0560B0011E701BC60030017A102F2
:10B4900006DE530010FB00B05E8B00106302065EF8
:10B4A000530010FA00A0563F01F7A103BFDE02F0DF
:10B4B00010FB00A0563301F7A100B05E870011E732
:10B4C00001BC60030011E70002DE02F0000000682A
:10B4D0005E9B00D11801BC60070211E30068DE9B8F
:10B4E00000510B00E847870111E101BC6003001126
:10B4F000E201BC60030011E201BC60030011E20143
:10B50000BC60030011E201BC60030011E201BC60F9
:10B51000030011E201BC60030011E201BC60030002
:10B5200011E200B06142F451E000B058030011E2B2
:10B5300000B058070011E200B0580B0011E200B053
:10B54000580F0011E200B058130011E200B0581774
:10B550000011E200B0581B0011E200B0581F0011AA
:10B56000E200B05E9B0017A40068DE9B00B11601EC
:10B57000BC60030077A40192DE930217A30002DEF1
:10B5800002F0000001BC60070011E300B0580300A6
:10B5900011E200B058070011E200B0580B0011E2B0
:10B5A00000B0580F0011E200B058130011E200B0D3
:10B5B00058170011E200B0581B0011E200B0581FEC
:10B5C0000011E200E00146F0106401BC60070031A8
:10B5D000E300B058030011E200B058070011E20088
:10B5E000B0580B0011E200B0580F0011E200B05843
:10B5F000130011E200B058170011E200B0581B0010
:10B6000011E200B0581F0011E20192E01B0017A3E5
:10B610000002DE02F00000028740C300112D018607
:10B620006006F01030028640C300112F00B040C702
:10B630000017810002DE02F00000028740C3001103
:10B640003200B05E070010310186E006F0103000D5
:10B6500002DE02F00000006800A701978C03BFDE45
:10B6600002F0114A00025E02F0113B00025E02F09D
:10B67000114B0002DE02F00000006800A701970FE6
:10B680000002DE02F0000001816006093049006816
:10B6900000A700914000025E02F0114C0002DE02A1
:10B6A000F0000000025E02F0114C018160020930DE
:10B6B000490002DE02F000000188E00E0930490076
:10B6C000B0412700180000B0002B0010020002DE7D
:10B6D00002F0000001BC60030010020182E0020FD2
:10B6E00010780002DE02F00000006800A701978BCE
:10B6F00000B041270017A100B0412701D04900B098
:10B700005E870017A100B05E870017A100B05E87BA
:10B710000017A100B05E870017A100B05E87001778
:10B72000A100B05E870017A100B05E870017A100DE
:10B73000B05E870017A100B05E870017A100B05E61
:10B74000870017A100B05E870010490002DE02F0FA
:10B7500000000100DE530017A601BC60030037A102
:10B7600003BFDE02F0115D00025E02F001270187D7
:10B7700060060337A20068DE9B001161018760024A
:10B780000337A200025E02F0012B0002DE02F0008D
:10B79000000202411F00117602825E53001168010F
:10B7A000826006F2979400B0446700180000B0442D
:10B7B0006B00081B00B0446700180000E8446903F0
:10B7C00077A4006800A700916B006DDE93005170B4
:10B7D00000E044670317A303905E02F01173028533
:10B7E000C5230011730068DE8E23316D01BC600338
:10B7F00002104701BC600300904301826002F2978F
:10B800009401826002F5B7AD006800A70091760050
:10B810006800A700B1760002DE02F000000201C15C
:10B820001F00118902855EAF00117C01856006F55D
:10B8300077AB00B0446700081E00B0446B00081FDF
:10B8400000E9446503D7A100E8C46903F7A200D06A
:10B850005E870077A101E1DE8AF437A200E95E8607
:10B860002697A100E8DE8A26B7A200695E8B001148
:10B870008901BC610300113300E144DAF431360080
:10B88000E144DEF4513701856002F577AB01BC601D
:10B890000301104701BC60030050430002DE02F0C8
:10B8A00000000201AE2700118C0284C5230011960E
:10B8B00001BC600F0C106500E0419571306502001D
:10B8C0002E2700119000E0419700B06501BC600F89
:10B8D0000D17A1006E4196F4319400E15A02293609
:10B8E0008000E0DA0700168101BC6003000B8901CB
:10B8F000BC60030011490002DE02F0000000B04508
:10B900001F00178100B005B70017A601BC6007042F
:10B91000106401BC60131B906501BC60030017A19B
:10B920000205DEAF0011B100B0580F0017800068AB
:10B93000DE842C31A100E0582300360803BFDE026C
:10B94000F011B902005E9B0011B10280DA03001110
:10B95000A70118581F00178200E05E0B0037820114
:10B96000985E0AC0F60703BFDE02F011AA011A585A
:10B970001F00178200E05E0B003782019A5E0AC04A
:10B98000F60701F0DE0300378000A05E02C057809A
:10B9900000B05E0300160300A044B6F0178200B0AA
:10B9A0005E0B00160500E05E0AC0960603BFDE02CD
:10B9B000F011B900B0581300178200E85E06F05786
:10B9C000A5006ADE970011B700E85816F4B6050026
:10B9D00069D8170011B701BC600300160500B05804
:10B9E000170017A500E05812F4B60600E0419302D4
:10B9F000106400E0419706D06500E05E870037A143
:10BA000000905E9B0037A60068DE8700919C01BC19
:10BA1000600300114701BC600300016D0002DE02FB
:10BA2000F0000001BC600300016C01BC6003000178
:10BA30006D01BC60070A106401BC60030077A100BF
:10BA4000B0428F00178000A05E0301F78000B05E57
:10BA50000300016E01BC63FF1FF7A20068DE030054
:10BA600011CB01BC60030017A200886006F4378187
:10BA7000002005BAF031D00068DE8AC0D1D000E0E5
:10BA800005B300216C00B005B6F0216D00685E03BF
:10BA90000011D400205E06F011DA006EDE8AC0D1FB
:10BAA000DA03BFDE02F011D5006DDE8AC0D1DA0004
:10BAB000B05E870017A300B0419300016600B05844
:10BAC0001B0017A201BC600300016C01BC600300F5
:10BAD000016D00E8419302106400E85E870037A121
:10BAE0000069DE870011CB00B05E8F0001650002A7
:10BAF000DE02F0000000B0059B00106400B0581B8F
:10BB000000114500B0059B00016200B005970001DF
:10BB10006100B0580F00178500B058070017830068
:10BB2000B0580B0017840118581F00178C011A58C1
:10BB30001F00178D0002DE02F0000000B0058B0030
:10BB40001064006E41932A11F600A044B6F0B7A12C
:10BB500000B05E8700160500E05812F4360600B00B
:10BB6000581B001145020000F30011F3006D4193D2
:10BB70002811F30200DEAF0011F301BC600B02518B
:10BB80004200B05E8700016F02015EAF0011F60057
:10BB9000B05E1700160301816002F577AB0002DE8C
:10BBA00002F00000020145230012010287C4930045
:10BBB000120101826002F5D7AE02012C230011FEB2
:10BBC00000E02C2B002B0A01816001610B080206AA
:10BBD0005EB700120100E02AD7002AB50186600294
:10BBE000F5B7AD0002DE02F00000020200BF001255
:10BBF0000F00025E02F012370202DEB300120700ED
:10BC000068428F000F2503BFDE02F0000202888128
:10BC1000AB00120F02845EFF00120502845EB300C7
:10BC200012050282DEFF00120502822B2F00120D88
:10BC300000682A9B00120F0284DEAF001205028406
:10BC40005EB700120500B05E870017A10002DE0299
:10BC5000F000000182E002F597AC0203DEFF001263
:10BC6000190284452300121902012B2F0012190119
:10BC700080E006F2979400025E02F0114C0180E031
:10BC800002F2979400025E02F0114C0180E002F291
:10BC900097940201AC230011360181E001610B0889
:10BCA00003BFDE02F01138020400C70012270206AB
:10BCB000ABD30012210284C5AF00123503BFDE02F0
:10BCC000F012220284C56F0012350284452300124F
:10BCD000240200420300123500685E4B04B23500B6
:10BCE000685E4B06B23500685E4B0632350182E075
:10BCF00006F597AC0284452300122A0323DE02F0E6
:10BD0000122B0183E006F597AC0180E006F29794D0
:10BD1000028400C700113600B02AD70017A2006DB8
:10BD2000DE8955113602872B2F00123202005EFF8A
:10BD30000011360207AB2F0011360181E005610BBF
:10BD40000803BFDE02F0113803BFDE02F011360037
:10BD500002DE02F00000020200BF00144D0206AB3A
:10BD6000D30012440104C1070017A101855E85615B
:10BD70000B0802042C2300124401846001610B08AB
:10BD800001BC60370017A201BC60031417A100B00A
:10BD900045E300180000B045E300180000B045E39B
:10BDA00000180001BC620300107701BC60031B5047
:10BDB0007600025E02F0013E00682AEB00124900A4
:10BDC000E844655757A101BC63F71D17A2006D5EDB
:10BDD00086F4524900E84466F44ABA006CC46556D9
:10BDE000724B00E84467002AB30206ABD30012503E
:10BDF000006DC46701524E01BC6003000B10028449
:10BE0000C5AF0012BD03BFDE02F012510280456FC4
:10BE10000012BD020701AB0012530180600209D07D
:10BE20004E01BC63FF1FF7A10068C586F4325601BE
:10BE3000BC6003000ABD0204DEB700144D0184E0BB
:10BE400002F5B7AD0184E001610B080202DEB30028
:10BE500012740206ABD30012650068AAF700925D67
:10BE600000682B0300125E03BFDE02F01263018B39
:10BE7000600E2B915C0287ABD300126201826002DC
:10BE800009D04E03BFDE02F012630182600609D0C2
:10BE90004E00025E02F0121103BFDE02F0126701D3
:10BEA0008360062B915C00025E02F012110204DE38
:10BEB000AF0012740282DEBB0012740068AAF700A1
:10BEC000926C0106AB170017BB0068DEEF00127022
:10BED000028480C70012740068AAF700326F006CF9
:10BEE000C4655672730068AAF700927400682B0349
:10BEF00000127400E845895AF7A1006D5E85605212
:10BF0000740186E005610B0802835EBB00127A02B1
:10BF100006ABD300127800E845C95AF7A103BFDE8B
:10BF200002F0127900E845895AF7A1006E5E855447
:10BF3000B2970205DEB700129300E02B97002AE5C6
:10BF400001BC6003000AE700682C4700127F00E88C
:10BF50002C47002B1101866002F5B7AD0204DEFF0D
:10BF600000128900B02B9B0017A200B02A9B00177B
:10BF7000A10283AC2700128600682C87001287007C
:10BF80006D5E8564328700B02C7F0017A2006D2B98
:10BF900096F452890184E002F7F7BF0206DEFF0043
:10BFA000129300E02BC7020AF100B04467000AFCBC
:10BFB00001182BC70017A1011A2BC70017A2006E8A
:10BFC0005E87001291006DDE895E529103BFDE0232
:10BFD000F0129301BC6003000AF10186E002F7F75A
:10BFE000BF02025EFF00144D0068AAEB00144D0072
:10BFF000B02AC7000ABA03BFDE02F0144D0182E086
:10C0000002F7F7BF02862C2300129F0068B05B0086
:10C01000129B0068305F00129F00E9446582D7A63A
:10C0200000E8C46982F7BB00E10EE2F4C3B800E0A7
:10C030008EE6F763B902025EFF0012A7020600C790
:10C040000012A402802BD30012A400B02B2B0017E7
:10C05000BB006E2B02F7744D02025EFF0012A700B8
:10C06000B04467000ABA03BFDE02F0144D0205DED9
:10C07000B70012B500682AF70872AA00E8446555AF
:10C08000CAB600682C470012AC00E82C47002B1100
:10C0900000E02B9F002AE700B02BA30017A100B0FF
:10C0A0002A9B0017A20283AC270012B200682C87DB
:10C0B0000012B3006D5E896432B300B02C830017A8
:10C0C000A1006D2B9EF432B501BC6003000AE500AF
:10C0D00068AAF700B2B800B04467000AEF00B044A5
:10C0E0006B000AF30068AAF70132BC00B044670095
:10C0F0000B0B02062BD30012BC00B02C7B010B1ED5
:10C1000003BFDE02F0144D020701AB0012BF018035
:10C11000600609D04E0204DEB70012C80283C57360
:10C120000012C201876006F577AB0282DEB300140D
:10C130004D0203C57300141C00E844655637A10086
:10C140006D5E8555B44D01836006F5D7AE03BFDE45
:10C1500002F0144D00E10ED30023B400E08ED700AE
:10C1600003B502862C230012CD00B04467000C16E4
:10C1700000B0446B000C170206AC230012D00184FF
:10C180006002F5B7AD0186E001610B080206ABD392
:10C190000012D701BC6003000AD7006D45C71F52CB
:10C1A000D400B045C7000AD700E044655AF7BB0089
:10C1B000E85EEE2E2AB103BFDE02F012DC01BC60A5
:10C1C00003000AD7006D45871F52DA00B04587008B
:10C1D0000AD700E044655AF7BB00E85EEE2C2AB1AE
:10C1E00001836002F5D7AE0184E006F5B7AD0185A5
:10C1F000E002F5B7AD01826002F7F7BF018560028A
:10C20000F5B7AD01BC6003000B0500E84465563787
:10C21000A1006D5E855DD2E2006D5E8555B2E600DF
:10C22000E02B63002AD800B02A930017B30206ABB4
:10C23000D30012F501BC600301917800B045E30022
:10C24000180000B045E7000AC401BC600301B178E2
:10C2500000B045E300180000B045E7000AC501BC86
:10C26000600301D17800B045E300180000B045E755
:10C27000000AC601BC600301F17800B045E3001874
:10C280000000B045E7000AC703BFDE02F01301015A
:10C29000BC600300117800B045E300180000B04511
:10C2A000E7000AC401BC600300317800B045E30038
:10C2B000180000B045E7000AC501BC6003005178D2
:10C2C00000B045E300180000B045E7000AC601BC15
:10C2D000600300717800B045E300180000B045E746
:10C2E000000AC70182E001610B080207AB1B0013C3
:10C2F000040182E005610B0800B02B170017BB0199
:10C30000285EEF000ABD01BC60131C57BB02182B4E
:10C310001B00130B01182B1B0017A60080DE9AF7D9
:10C3200077BB00B041B70017B301342B1B0017A235
:10C3300001182B1B0017A300682AF70033180068A8
:10C34000AAF700931100685E8F00731A03BFDE0224
:10C35000F0131800682AF70133170068AAF7005392
:10C36000150068DE8B00731903BFDE02F01317009F
:10C3700068AAF700731A0068DE8B00D31900685EA4
:10C380008F00331A00685E8F00131A018760055E04
:10C390008AF402032BD300132200682AF702D31D6C
:10C3A0000068AAF702B32201BC60131C57BB023419
:10C3B000AB170013220134AB170017A60080DE9ADA
:10C3C000F777BB00B041B70017B302022C27001368
:10C3D000240186600560AB05006E2AF701F3280092
:10C3E00088600557B7BB0020DEED5C532B03BFDE32
:10C3F00002F0132E00E82AF70217BB00886006F748
:10C4000077BB00205EED5C732E01856006F5B7AD4D
:10C41000020480C300132E0184E00560AB05006EAA
:10C420002AF701F3350088600557B7BB00205EEF9F
:10C430000193330186600160AB050068AC470013CF
:10C44000390020DEED5A933803BFDE02F0133900C5
:10C45000E82AF70217BB00886006F777BB00205E6A
:10C46000ED5AB3390184600560AB050068AAF70294
:10C47000F342010DAB170017A1010EAB170017A275
:10C4800000685E8700134200E05E86F457A100E07A
:10C490005E87080ABD0186600160AB0500682C4715
:10C4A0000013420184600160AB0502032BD300132B
:10C4B0004E018360015AAAD500682AF702D34900C9
:10C4C00068AAF702B35E0068AAE700134C0068ABE5
:10C4D0002300134C0282DEBB00134C02072B1B000F
:10C4E000134C0184600560AB0503BFDE02F0135EF0
:10C4F0000283C57300135E00025E02F015BE006881
:10C50000AAF702B35E018360055AAAD500E02C8F1A
:10C51000002B2301856002F5B7AD0068AAE7001380
:10C520005E0068AB2300135E0282DEBB00135E0078
:10C53000B02AC30017A201342B1B0017A1006EDE26
:10C540008706135900B02ABF0017A2006E5E8964E7
:10C55000735E01BC6003000B2301BC6003000ADAB8
:10C5600001856006F5B7AD0184E005610B08006840
:10C57000AAF700B36802075EFF00136801342B1BA3
:10C580000017A3006DDE8D60336800685E8F0013B6
:10C59000680283AB170013660183600560AB050377
:10C5A000BFDE02F0136800B02BDB000AF000B044DD
:10C5B0006B000AF70068AAF70133770202AC270084
:10C5C000136B0186E00560AB050281ABD3001377E6
:10C5D00001BC6003000ADA00682C2F00137700E822
:10C5E00044656177A1006D5E8561937400B02C3362
:10C5F0000017A200E05E8961B7A2006DDE86F453E9
:10C60000760200AC230013770185600560AB05035B
:10C61000BFDE02F013770180E001610B080068AA19
:10C62000F701137A00B02AC7000AD10187E006F7A4
:10C63000F7BF0207DEFF00137C0181E00560AB0558
:10C6400000682AF700338100682AF701F381028528
:10C650002BD300138000682AF70313810068AAF720
:10C6600000939201826006F7F7BF00B02AC7000A64
:10C67000B90068AAF703138800682B230013880009
:10C68000B00013000ABD00B02B7F000AC003BFDE5C
:10C6900002F013910068AAF7009392011C2B170077
:10C6A0000AC00106AB170017BB00685EEF00138FCE
:10C6B00001BC6003006AC300B02C7B004B1E03BFAB
:10C6C000DE02F0139100A82C7B004B1E01BC60031E
:10C6D000008AC300B02AC7000AC80202DEBB0013EA
:10C6E0009F0284DEFF0013950206DEFF00139F0009
:10C6F000B02AD70017A2006DDE8955139E00B02B1B
:10C700009B0017A200B02A9B0017A10283AC270050
:10C71000139C00682C8700139D006D5E8564339D1B
:10C7200000B02C7F0017A2006DAB96F4539F0182DE
:10C73000E00560AB050286ABD30013AD0088600551
:10C7400057B7A10020DE856393A500E82AF70217FA
:10C75000A100886006F437A100205E8563B3AB00BA
:10C76000682C6F0013AB01342B1B0017A2006E5E08
:10C770008B0293AA00B02C7B002B1E03BFDE02F0BD
:10C7800013AB00A82C7B002B1E0068AAF702F3ADA8
:10C7900000B04467000B1B00E05ECD54B7B30182CC
:10C7A0006002F5D7AE00B02C2B0017A100B02AD73D
:10C7B0000017A2006D5E895513B402865EB70013A0
:10C7C000C503BFDE02F013B6006D5E855FF3CA02DB
:10C7D000812C230013C501BC601F07706501BC607C
:10C7E0001F11506401BC601F11D7A400685A0300D8
:10C7F00013C10088580300F7A30134D8030017A21F
:10C8000000E95E8E2337A301C3E0022357A500E8A9
:10C81000DE8AF4B7A20068DE8B0013C1006EDE8EE4
:10C82000F673C500E0419300306400E04197019049
:10C8300065006D4192F493B903BFDE02F013CA00A4
:10C84000682AF70093CA00682AF70053CA00682ACA
:10C85000F70073CA01826006F5D7AE00025E02F0EF
:10C8600015BE01BC60131C57BB01342B1B0017A263
:10C870000080DE8AF777BB00B041B70017A20068DE
:10C880002AF70053D700682AF70253D700682AF71F
:10C890000273D700682AF70073D700682AF7085395
:10C8A000D700682AF70873D700682AF70893D700DB
:10C8B000682AF703D3D703BFDE02F013E60185E051
:10C8C00006F5B7AD00685E8B0013E100B05E8B002B
:10C8D0000AA60182E006F5D7AE00682C8B0013DEB5
:10C8E000006E5E896453DE0181600563CB1E00E04B
:10C8F0002BAB002AEA006E5E896013E101826005BD
:10C9000060AB0500E844655637A100B044670017E6
:10C91000A300682AF70893E500E85E8EF42AAE01CA
:10C92000846002F7F7BF0282DEB300144D0203C534
:10C930007300141C00B02AAB0017A200B02AB30089
:10C9400017A30068AAF70093F602802BD30013F612
:10C9500000B02B030017A1006D5E855873F20180B3
:10C96000E00560AB0500682B4F0013F201BC6003CB
:10C97000000ABC00025E02F0159B00685E8700138F
:10C98000F600682BE70013F600B02BE70017A200B3
:10C99000B02BEB0017A300685E8F0013FF00682A1E
:10C9A000EB0013FF00E844655757A100E05E8EF4EA
:10C9B00057A2006D5E86F453FF0181600560AB05F0
:10C9C00000682B4F0013FF01BC6003000ABC00028B
:10C9D0005E02F0159B0281AB2F00140402005EFF83
:10C9E0000014040204452300140403A0DE02F01422
:10C9F000040183E00560AB050281AC2700141C0232
:10CA0000862C1700144D0286AC1700144D0280804E
:10CA1000BF00144D02825EBB00144D02822BD30076
:10CA2000141C0281AC1700141C0280AC1700141CEB
:10CA300002812C1700141C02822C1700141C02887F
:10CA400081AB00141C0282AC1700141502832B1753
:10CA500000141C02832C1700141502852C170014D7
:10CA60001502842C1700141C0284AC1700141C023D
:10CA700083AC1700141C02845EB700141B0204DE92
:10CA8000AF00141B0281DEBB00141B0184E002F521
:10CA900077AB00025E02F0159F03BFDE02F0144D7B
:10CAA00000E844655637A1006DDE8554B4280206BF
:10CAB000ABD30014210183E0022B915C03BFDE02A3
:10CAC000F0144D0183E0022B915C01BC600318510E
:10CAD0007800B045E3001800018360022F3179002F
:10CAE000A84138F9D7A100B05E84FE704E03BFDEC6
:10CAF00002F0144D028101AB00142C020081AB0046
:10CB0000143702842C170014370280AC1700143736
:10CB10000206ABD3001435006BAC4223343000E086
:10CB20004467014B10018B60022B915C0287ABD3F1
:10CB30000014330182600609D04E03BFDE02F014F8
:10CB4000340182600209D04E03BFDE02F0143601C8
:10CB50008360022B915C03BFDE02F0144D0206AB32
:10CB6000D3001440006BAC4223343B00E044670127
:10CB70004B10018B60022B915C0287ABD300143EFB
:10CB80000182600609D04E03BFDE02F0143F01822D
:10CB9000600209D04E03BFDE02F01446018B600232
:10CBA0002B915C01BC600318517800B045E300187C
:10CBB00000018360022F317900A84138F9D7A10024
:10CBC000B05E84FE704E00025E02F0121D02845EB2
:10CBD000B700144D02832BD300144A00682AF702D1
:10CBE000B44D0184E006F577AB00E02B27002AC99D
:10CBF00003BFDE02F015870002DE02F000000185AF
:10CC0000E002F5B7AD01836002F5D7AE0182E00224
:10CC1000F5D7AE0182E002F7F7BF0184E002F7F733
:10CC2000BF01BC6003000AD301BC6003000AC80155
:10CC3000BC6003000AC001BC6003000AEA0187600F
:10CC4000015F6AFB01BC6003000C1601BC600300BD
:10CC50000C170181600163CB1E0002DE02F00000B0
:10CC6000020200BF0014B20283DEFF0014DA018367
:10CC7000E006F7F7BF018560060B705B0185600673
:10CC80000BF05F0206ABD300146601BC6003021117
:10CC90006D00B02A9700116E028045AB00147A0334
:10CCA000BFDE02F0146901BC600302115D00B02A0E
:10CCB0009700115E0280456B00147A0206ABD30028
:10CCC0001473006BAC4223346D00E04467014B10D9
:10CCD000018B60022B915C0287ABD3001470018240
:10CCE000600609D04E03BFDE02F0147101826002BB
:10CCF00009D04E0188600E2D516A03BFDE02F01488
:10CD00007A018B60022B915C01BC600318517800A2
:10CD1000B045E3001800018360022F317900A8417B
:10CD200038F9D7A100B05E84FE704E0188600E2BEA
:10CD3000515A00B0413F1FF04F00682ABB001480D9
:10CD400001846006F7F7BF01BC602F1717A300E04E
:10CD50004466F46AB401BC6003000AAE00025E02DD
:10CD6000F0144E00E844695FD7A1006EDE870034FE
:10CD70008A00B02BD7000AF001BC6003000AEF0064
:10CD8000682AEB00148A00B04467000AB900E8443E
:10CD900065554ABA00B02AB30017A100E82AEAF4A0
:10CDA0002ABA028080BF0014970281DEBB0014A85B
:10CDB0000206ABD300148F0204C5AF00149703BF63
:10CDC000DE02F014900200456F0014970283C573D1
:10CDD0000014970206ABD300149501BC63FF1FF744
:10CDE000A10068C5C6F434A803BFDE02F0149701A1
:10CDF000BC63FF1FF7A10068C586F434A80206AB28
:10CE0000D300149E018B600E2B915C0287ABD30084
:10CE1000149C0182600209D04E03BFDE02F0149D13
:10CE20000182600609D04E03BFDE02F014A4018B1C
:10CE3000600E2B915C01BC600318517800B045E393
:10CE4000001800018B2B2E2F317900A84138F9D71B
:10CE5000A100B05E84F9B04E0184E002F5B7AD01E7
:10CE600084E002F577AB0185E001610B0803BFDECA
:10CE700002F015920206ABD30014AB00025E02F082
:10CE8000121D03BFDE02F014AD018360022B915C22
:10CE900000025E02F0121D0184E006F5B7AD0184C8
:10CEA000E006F577AB0206ABD30014B10184600550
:10CEB000610B0803BFDE02F01592018D60020BF0DA
:10CEC0005F0206ABD30014B60188600E2D516A03D1
:10CED000BFDE02F014B70188600E2B515A02818127
:10CEE000AB0014C80206ABD30014C1006BAC4223E4
:10CEF00034BC00E04467014B10018B60062B915C51
:10CF00000287ABD30014BF0182600209D04E03BF79
:10CF1000DE02F014C00182600609D04E03BFDE02BB
:10CF2000F014D7018B60062B915C01BC6003185193
:10CF30007800B045E3001800018360022F317900CA
:10CF4000A84138F9D7A100B05E84FE704E03BFDE61
:10CF500002F014D70206ABD30014D1006BAC42230D
:10CF600034CC00E04467014B10018B60022B915CD4
:10CF70000287ABD30014CF0182600609D04E03BFF5
:10CF8000DE02F014D00182600209D04E03BFDE023F
:10CF9000F014D7018B60022B915C01BC6003185127
:10CFA0007800B045E3001800018360022F3179005A
:10CFB000A84138F9D7A100B05E84FE704E0184E02C
:10CFC00002F5B7AD0184E002F577AB00025E02F036
:10CFD000144E0002DE02F0000000B0446B000AFEB6
:10CFE0000202DEB30014E70206ABD30014E50183AE
:10CFF00060062B915C0287ABD30014E201826002D1
:10D0000009D04E03BFDE02F014E30182600609D0AE
:10D010004E00025E02F0121103BFDE02F014E701BF
:10D020008360062B915C00025E02F01211018660A3
:10D0300005610B08020200BF00150C0183E002F736
:10D04000F7BF0203C5730014FC020080BF0014FC8C
:10D050000206ABD30014F5006BAC422334F000E0C1
:10D060004467014B10018B600E2B915C0287ABD3A0
:10D070000014F30182600209D04E03BFDE02F014F7
:10D08000F40182600609D04E03BFDE02F0150B01E9
:10D090008B600E2B915C01BC600318517800B04589
:10D0A000E3001800018B2B2E2F317900A84138F9AD
:10D0B000D7A100B05E84F9B04E03BFDE02F0150BBD
:10D0C0000206ABD300150500E0446700B7BB006C57
:10D0D000C466F774FE018B60022B915C0287ABD3B0
:10D0E0000015030182600609D04E03BFDE02F01571
:10D0F000040182600209D04E03BFDE02F0150B016D
:10D100008B60022B915C01BC600318517800B04524
:10D11000E3001800018360022F317900A84138F93B
:10D12000D7A100B05E84FE704E0182E002F597AC9C
:10D130000002DE02F0000001BC60030037A2002004
:10D14000E3FE0915680020E0420D956802845EB395
:10D15000001568028042030015680284452300150B
:10D160006803915E02F015680068AB4F0015680215
:10D1700082DEFF00156800682ABB00151900E8442C
:10D180006555D7B900E82A9AF737B902805EFF00E3
:10D19000159B020180C700159200B02AD70017A185
:10D1A000006DDE855515920282DEB300156802031C
:10D1B000C573001549020480C700154900685E8BDD
:10D1C00000152E0284AC2300152E0203C573001532
:10D1D000490202ABD300152502855EBB001526026D
:10D1E00082DEBB00154900B02B830017A1006EAB97
:10D1F0006AF4352E0203C57300154900682A9B00A6
:10D20000152D00682ABB00152E006ADEE554F5498D
:10D21000006ADEE55A554900682AE700154902947C
:10D220001DF30015310203DE5300153603BFDE0285
:10D23000F0153401141DF30017A600901CBAF4D7A2
:10D24000A602005E9B00153600B02B87000AA703DC
:10D25000BFDE02F0159201BC600302579201BC636D
:10D26000FF1FF0C301BC60030910E301865E8A1C46
:10D2700070E3018460061C70E300682AEF00153D2E
:10D280000185E0061C70E301BC6003039782000285
:10D290005E02F0157200B054130010E400E04391F8
:10D2A0005B30E401BC60030010EE01BC63FF1FF0C3
:10D2B000CE00E02AEF002ABB01BC61030077A60183
:10D2C000141DF30017A200B05E8B000C1801BC61A6
:10D2D0000303EC1903BFDE02F0156202845EB7009F
:10D2E000156801BC60230890E600025E02F0016A46
:10D2F00000B05ECF0010E40068AAF70035520205C6
:10D30000AC2300155200E82ACE2337A3006DDE8E31
:10D310001C955200B05E8F0010E400682A9B001537
:10D320005A00B02ADB0010E40206ABD30015570206
:10D3300084C5AF00155A03BFDE02F01558028045C0
:10D340006F00155A00695EE700155A00E05EE55669
:10D35000D0E40282DEBB00155E00682AF700155E8D
:10D3600000E10EDA1C83B600E08EDF0003B701BCDB
:10D37000600301D78200025E02F0157201BC6103F6
:10D380000077A603BFDE02F0156200B00047001070
:10D390008600025E02F015F800025E02F0107001D5
:10D3A00090600A09104801846006F597AC00B05EF1
:10D3B0009B0010800002DE02F0000002805EFF0091
:10D3C000156D0281DEBB00156D020180C70015924C
:10D3D000020480C700159201806002F7F7BF028047
:10D3E000C28F0015930201DEBB00159301BC6003E0
:10D3F0000017A203BFDE02F0150E00685E4B063573
:10D40000790285DEFF00158000B02B370017A100E0
:10D410006DAAEEF4358001BC600301378000B02BAB
:10D420003B0017A1006D2AEEF4357B02812BD3005F
:10D43000157B01BC600301778001BC60030037816C
:10D4400000025E02F0014301D2DE0AA030E000B02B
:10D45000540B0010E103BFDE02F015860280ABD34F
:10D4600000157901BC600301578001BC60030017FF
:10D470008100025E02F0014300B054070010E0009A
:10D48000885E0B0070E10002DE02F0000000682AF6
:10D49000F30015920204DEAF00159200E8446557D0
:10D4A00097A4006E5E9154F59200885E930037A4B5
:10D4B000006D5E9154F59200025E02F015E303BF29
:10D4C000DE02F0159F00E844655797A400885E933C
:10D4D0000037A400025E02F015E303BFDE02F01580
:10D4E0009F0284DEAF0015960181E002F5D7AE03FE
:10D4F000BFDE02F0159F00682B6700159B00E0441B
:10D50000655B2AD300682B6B00159A00E044655ACE
:10D510004AD30002DE02F0000001806006F7F7BF88
:10D5200000682AF300159F00E844655797A400029D
:10D530005E02F015E301846002F597AC01BC600364
:10D54000000ABC01BC6003000AD301BC6003000AEE
:10D55000BB0104DEAF0017A101845E86F5B7AD0202
:10D5600084DEAF0015A8018060060D906C0002DE1D
:10D5700002F000000285AC230015BD0203C5730054
:10D5800015BD00B02A8F0017A30202AC230015AD11
:10D5900000B02AAF0017A30202DEBB0015AF00B037
:10D5A0002A8B0017A300E04466F46AB30185E00506
:10D5B000610B0800B04467000B030206ABD30015F3
:10D5C000B7006BAC422335B600E04467014B100155
:10D5D00083E0022B915C03BFDE02F015BD0183E006
:10D5E000022B915C01BC600318517800B045E30048
:10D5F0001800018360022F317900A84138F9D7A1C2
:10D6000000B05E84FE704E0002DE02F000000202F6
:10D61000DEB30015C90206ABD30015C7018B600E3F
:10D620002B915C0287ABD30015C40182600209D044
:10D630004E03BFDE02F015C50182600609D04E0020
:10D64000025E02F0121103BFDE02F015DB018360FF
:10D65000062B915C00025E02F012110203C57300FA
:10D6600015CE0284DEAF0015CE0281DEBB0015CEE2
:10D6700002805EFF0015CE02045EB70015E20206CE
:10D68000ABD30015D5018B600E2B915C0287ABD319
:10D690000015D30182600209D04E03BFDE02F015EF
:10D6A000D40182600609D04E03BFDE02F015DB0113
:10D6B0008B600E2B915C01BC600318517800B04563
:10D6C000E3001800018B2B2E2F317900A84138F987
:10D6D000D7A100B05E84F9B04E0183E001610B0870
:10D6E00001846006F5B7AD0184E002F577AB01BCBB
:10D6F0006003000ABB01846002F597AC0185E0017C
:10D70000610B080186E001610B080002DE02F000F7
:10D710000000682B5B0015E500B02B5B0017A40030
:10D720006D5E915555E700B02AAB0017A400882B19
:10D73000070037A500E82B0AF4AAC200885E930010
:10D7400037A400E02B0AF48AC200902B0B00AAC178
:10D7500000B02B07000AA70002DE02F0000003A0C1
:10D76000DE02F015F1020042030015F100025E0234
:10D77000F00D2F0183E005610B0801846002F5B70D
:10D78000AD0184E006F577AB01BC6003000ABB0184
:10D79000846002F597AC00B04467000ABC0002DE6A
:10D7A00002F00000010C81430017A101BC600300DE
:10D7B000508A00685E070016020068DE87003602A5
:10D7C00001BC600300B08A00685E07003602028276
:10D7D000DE0300160201BC600300908A0283DE03B0
:10D7E00000160200E0600AF4D08A00685E070016A6
:10D7F0000A0190422AA1308A00685E0700360A01B9
:10D8000090422AA0108A0109DE030017A2018F5E50
:10D810008A11508A00685E8B00160A0191E00E1191
:10D82000508A0002DE02F000000109DE030017A4A6
:10D8300000E05A06F497A500905E96F497A50203BF
:10D84000DE030016120282DE0300161201BC61EF35
:10D850000857A60080DE96F4D7A50116DE870017CC
:10D86000A300885E870077A100E15E8702D7A10050
:10D87000E0DE8F0017A301BC60030017A2020E5E5A
:10D880000300161901BC60030037A200905E96F4F5
:10D8900057A50080DE96F437A100E141B7FFF7A657
:10D8A00000E1DE8701F7A10080DE96F477A300E1B6
:10D8B000DE860DB7A100E0DE8F0017A3017A5E8639
:10D8C000F477A100885E86F457A100B05E87001748
:10D8D000A20287DE0300162600885E870057A10398
:10D8E000BFDE02F0163302875E0300162D01BC6313
:10D8F0009B0CD7A50080DE86F4B7A100E141B7FFFD
:10D90000F7A500E0DE870017A100885E870057A119
:10D9100003BFDE02F0163300885E870057A101BC0A
:10D92000639B0CF7A50080DE86F4B7A101BC6203FF
:10D930000017A500E141B6F4B7A500E0DE870017A7
:10D94000A100E05E8400D7A10002DE02F000000228
:10D95000001FF70000120282DE5300163B018860B0
:10D960000204902400E02092F3082400E8208EF3C3
:10D97000082303BFDE02F00B3701B86016049024C1
:10D9800001BC600301D02503055E02F0164C02873E
:10D99000C037000C9E0386DE02F00CA100025E027E
:10D9A000F01236035CDE02F0163D00D8409B0117F2
:10D9B000A100E05E8702379800A85E6300779801B7
:10D9C00002DE530017A10182E002F297940188DE83
:10D9D00084FFA7FD006EA08EF3164C00E85E630185
:10D9E000D02501B8600604902403BFDE02F00002D7
:10D9F00001816004FFA7FD01B8600A04902403BF01
:10DA0000DE02F0000202285E8700166200B0419339
:10DA10000017A400E04193007064010A5E870017BC
:10DA2000A200E84192F4506301185E870017A1003C
:10DA3000E86042F437A200885602F43600006841DC
:10DA40008EF4965E00E8418F00306300E841930059
:10DA5000306400685E8B02165600905602F457A39D
:10DA600000B05806F4760103BFDE02F016560068D7
:10DA70004192F4966200E8419300306401BC600377
:10DA800000160003BFDE02F0165E00B05E870017CE
:10DA9000A10002DE02F00000018060028614300066
:10DAA000B050CB001065013850830017A10068DE2C
:10DAB0003B06366A00E05A3300368C006EDA32F4E8
:10DAC000201200B05A0B0017A201BC63FF1FF7A37E
:10DAD00000B050CF001064006EDA32F4366F00B040
:10DAE0005A370017A300B0581300178201BC600317
:10DAF00000160401BC601B1FD7B60102D0C7001777
:10DB0000A100E04196F4306500E050CB00D0640104
:10DB1000BC60030017B401BC600300178001BC6047
:10DB200003003781018760040310A0009052330086
:10DB300097A400E0418701B7B500685ED2F0569621
:10DB400000E05EDAF690630020D802F0368A020226
:10DB500050C7001690009056030097A100E85E861B
:10DB6000F497A1019E6002F437A1006DDE870816CC
:10DB700090010A5E870017A201DA6002F437A10063
:10DB8000E05ED6F4506300886006F437A1002056AA
:10DB900002F4369000B05802F0360000E05A2B0034
:10DBA000368A006ADED2F4768C0068DED2F01691F6
:10DBB00000E05E0300378000685E03003691018656
:10DBC000E0040310A003BFDE02F01691006ADED26B
:10DBD000F4768C00E05ED30037B400D05E070037E7
:10DBE0008102985ED300167B00E04193003064030D
:10DBF000BFDE02F0167B00685E0300001203BFDE8A
:10DC000002F006CC0282D0C70016A000B02A37006E
:10DC100017A101B82A32F436840102501300168588
:10DC2000013C50830017A100B050A70017A4006D5D
:10DC30005A32F436A90182E0068634310288502B2C
:10DC40000016A500B05A330017A1019E5E8684F429
:10DC500027018360068634310002DE02F0000000F6
:10DC6000B050730017A101B8506EF436840106D08D
:10DC70000700168500B050AB0017A400D06006C0A6
:10DC8000978000E0419700D7B5010A58130017A10B
:10DC900000E05ED6F437B500B0580F0010630116EF
:10DCA00056030017810068D8130016BE01140063E4
:10DCB0000017A10068DE870016B40088013B01163A
:10DCC0008003BFDE02F016B90068DE870076B70079
:10DCD000A0013BE0168003BFDE02F016B900E05E53
:10DCE000870970620088540301168000E85A0330E7
:10DCF000168001BC600300168101BC60030016821F
:10DD000001BC600300168303BFDE02F016C300E00F
:10DD1000418EC09063006EC18EC036C300E8418E54
:10DD2000C0306300E858030037A100E0418EF430B2
:10DD300063013850A30017A50068581303F6DE00EE
:10DD400068418EC056DE006DDA0AF4B6DE01165662
:10DD5000030017A10068DE86F036DE015856030086
:10DD600017A100E05E870DD7A200B05ED700106259
:10DD70000020DE02A016D500E05E86D037A300E0CA
:10DD80005E8ED077A3006D5A02F456DE006E5E8E72
:10DD9000F496DE00E86002F4368300B05E8F001671
:10DDA0008100A05A0F00768300E05A0B00368200F3
:10DDB000E85A02F4568000D05E0300378000E05835
:10DDC0001300360400E0418F0030630298581300BE
:10DDD00016DB00E05ED70037B5006EC18EC036C4DA
:10DDE00000B0580300106303BFDE02F016C400B099
:10DDF00058130017A10068DA370016E100B05E87FB
:10DE000000168D006DDE86D1B6E300B05E87001689
:10DE10008D0002DE02F0000001BC60030017A101CA
:10DE20008760040310A001BC60030990B500B00036
:10DE30006300F0B401BC60570310B601BC6003007E
:10DE400090B500B0006300B0B400B042D300180039
:10DE50000317DE02F016EC0397DE02F016ED00B0B9
:10DE60002A3300142F018EE00C0310A0006DDE0297
:10DE7000D1B6F300E85A36F0168D03BFDE02F01675
:10DE8000F501BC600300168C01BC600300168D0018
:10DE90006E5A3AF016F801BC600300168E03BFDE1E
:10DEA00002F016F900E85A3AF0168E00B058070052
:10DEB00017A100E0580EF01603006ED80EF436FFDE
:10DEC00000E85E86C017A100E8580EF4360300E8AB
:10DED000580F00360301185E030017A1006DDE0322
:10DEE00002170700E86042F437A200905A1AF4368D
:10DEF0008600885A1EF457A200905A1EF4368700F6
:10DF0000B05A1AF4568603BFDE02F0170900905A81
:10DF10001EF4368601BC60030016870002DE02F0A4
:10DF200000000158600300102A01B8600A04902420
:10DF300001BC60030290040189E0020D906C0002B4
:10DF4000DE02F000000200DE5300171901BC60176A
:10DF50000777A100025E02F0012700B040670017BA
:10DF6000A200B05E8B0057A200025E02F0012B01FE
:10DF7000BC600303378001BC600300178100025EB0
:10DF800002F011320002DE02F0000001BC60030367
:10DF9000378000025E02F0112D0183E006F0378128
:10DFA0000181E006F0378100025E02F0113200B01C
:10DFB0005E070017A200E044670B57A1006B4466A0
:10DFC000F4372001BC600311378000025E02F011BB
:10DFD0002D01806006F0378100025E02F0113201EF
:10DFE000BC600300978000025E02F0112D0180608A
:10DFF00006F0378100025E02F0113200E044670152
:10E0000057A1006B4466F4372A01BC6003033780D4
:10E0100001A0607EF4578100025E02F0113200E040
:10E0200044670797A1006B4466F4372F01BC600377
:10E0300011578000025E02F0112D01846006F03756
:10E040008100025E02F0113200B05E070017A201EB
:10E05000BC60030A378000025E02F0112D0180606F
:10E0600002F0378100025E02F0113200E0446700E6
:10E0700037A1006B4466F4373A01806006F03781BF
:10E0800000025E02F0113201BC60030857800002FA
:10E090005E02F0112D018A6002F0378100025E02FB
:10E0A000F0113200E044670037A1006B4466F4379A
:10E0B00042018A600EF0378100025E02F0113200E8
:10E0C000E044670657A1006B4466F4374601BC6024
:10E0D000030CB78000025E02F0112D0280DE070003
:10E0E000173001BC600311578001846002F457812E
:10E0F00000025E02F0113201BC60030037A3020689
:10E10000ABD30017510284C5AF00175903BFDE021D
:10E11000F017520280456F00175901BC60030017C9
:10E12000A3018B600E2B915C01BC60031851780039
:10E13000B045E3001800018B2B2E2F317900A84148
:10E1400038F9D7A100B05E84F9B04E01BC60170762
:10E1500077A100025E02F0012700B040670017A21D
:10E1600000A85E8B0057A200025E02F0012B00E0C7
:10E1700044670157A1006B4466F4375F01BC60033C
:10E1800001B7A101BC60030477A200025E02F001A6
:10E190002B01BC60130AF7A101BC60030017A200A9
:10E1A000025E02F0012B01BC60030117A400E85ECF
:10E1B000930037A401BC600301D7A100B05E9300B7
:10E1C00017A200025E02F0012B01BC60130AD7A166
:10E1D00001BC60030017A200025E02F0012B006880
:10E1E000DE9300176700685E8F0017710002DE0281
:10E1F000F0000001BC60270CB7A101BC60030197CF
:10E20000A200025E02F0012B01BC60270EB7A10143
:10E21000BC60030137A200025E02F0012B01BC606A
:10E22000030657A401BC60030077A301BC60130977
:10E2300057A100025E02F00127018060060337A2A9
:10E2400000025E02F0012B01806002F457A200027E
:10E250005E02F0012B00E04466F497A1006B446677
:10E26000F4378000E85E8F0037A300685E8F0017E8
:10E270008701BC60030317A401BC60270F17A1002E
:10E28000025E02F001270068C0671FF77901BC60D9
:10E29000270EB7A101BC600301F7A200025E02F0E5
:10E2A000012B0002DE02F000000002DE02F000009E
:10E2B0000200DE5300179D01BC60130E77A100021F
:10E2C0005E02F0012700A040673FEC4401BC6013F0
:10E2D0001497A100025E02F001270196E0020337C5
:10E2E000A200025E02F0012B01BC601309B7A1007D
:10E2F000025E02F00127018760020337A200025E7E
:10E3000002F0012B01BC60130997A100025E02F02C
:10E310000127018760060337A200025E02F0012B8D
:10E320000002DE02F0000001BC60730017A301BC14
:10E3300060131497A100025E02F0012700A040665E
:10E34000F477A40196E01EF497A300B05E8D889741
:10E35000A200025E02F0012B01BC601309B7A1000C
:10E36000025E02F00127018760060337A200025E09
:10E3700002F0012B01BC60130997A100025E02F0BC
:10E380000127018760060337A200025E02F0012B1D
:10E390000002DE02F000000068DE930017B100E02A
:10E3A0005E030057A201095E8B0017A103BFDE02C6
:10E3B000F017B90068DE930037B501105E0300174F
:10E3C000A200E05E8B0097A103BFDE02F017B90147
:10E3D000305E030017A200E05E8B0197A1006D5E26
:10E3E000870597B901BC60030597A10002DE02F022
:10E3F000000000682BCB0017BF00B02BF30017A163
:10E4000000E05E855FB7A1006BDE862337BF018623
:10E41000E006F7F7BF0002DE02F0000000681F33DD
:10E420000017CD020200BF0017C302034573001797
:10E43000CD0285C5230017CD00681F330037CB0000
:10E44000B01FC70017A100025E02F0012700A8401C
:10E4500064F9D7A200B05E88F9B7A200025E02F0AC
:10E46000012B03BFDE02F017CD00A84138F9D7A178
:10E4700000B05E84F9B04E0002DE02F0000002023D
:10E4800000BF0017C3020345730017CD0158600396
:10E4900000102A0189E0020D906C01BC600300901D
:10E4A0000400B040130017A10002DE02F0000001DA
:10E4B0008260060F10780207C1E30017D601BC6026
:10E4C000030C17A301BC600300907601BC6003003D
:10E4D000107700025E02F0013401BC60030C97A3C8
:10E4E00000025E02F0012F008860118757A101BC75
:10E4F0005E860EF07700025E02F0013401BC60031C
:10E500000C17A301BC600300B07601BC60030010CF
:10E510007700025E02F0013401BC60030C97A30097
:10E52000025E02F0012F008860058757A101BC5EE2
:10E53000860ED07600025E02F0013401BC6003005A
:10E5400017A300025E02F0012F018560060ED0764F
:10E5500000025E02F0013401BC60030C17A301BC91
:10E56000600300307601BC600300107700025E0299
:10E57000F0013401BC60030C97A300025E02F001BD
:10E580002F01AC60A20EF07700025E02F0013401B0
:10E59000BC60030017A300025E02F0012F0185603A
:10E5A000060ED07600025E02F0013401BC60030C5E
:10E5B00017A301BC600300307601BC600300107734
:10E5C00000025E02F0013401BC60030C97A300025C
:10E5D0005E02F0012F01AC60020EF07700025E02D5
:10E5E000F0013401BC60030017A300025E02F001D9
:10E5F0002F018560060ED07600025E02F001340124
:10E600008260020F10780002DE02F0000001BC60A0
:10E61000130817A100025E02F001270180600203C7
:10E6200037A200025E02F0012B01BC60030037A19B
:10E6300000025E02F001270188600E0337A2006825
:10E64000B0EB0018100188600A0337A200025E02D6
:10E65000F0012B01BC601B0657A100025E02F00115
:10E6600027018830EA0337A200025E02F0012B0086
:10E67000025E02F017D501BC60130817A100025E0C
:10E6800002F00127018060060337A200025E02F05B
:10E69000012B0002DE02F0000001BC60430890E69E
:10E6A00000025E02F0016A01BC604F1110E40190AB
:10E6B000600A09104801BC600300000601BC600349
:10E6C00001D78201D2DE0877F0E000B00F0300101E
:10E6D000E100B0004700108600B00F1F00108A0153
:10E6E000BC600300378100025E02F0107001BC6064
:10E6F000030010BB01BC61030010800182600610A2
:10E70000308103D05E02F003940002DE02F00000CC
:10E7100000681F830018820280420300188202856D
:10E72000C52300188200681F8F00388200681F8B85
:10E7300000385F01BC60130817A100025E02F001FF
:10E7400027018060020337A200025E02F0012B0164
:10E75000BC601B1B57A100025E02F0012700B04005
:10E7600067000C3E0182E0060337A200025E02F061
:10E77000012B01846006F457A200025E02F0012B17
:10E7800001BC60270F37A100025E02F0012700B034
:10E790004067000C3F018860060337A200025E025A
:10E7A000F0012B01BC60271597A100025E02F00169
:10E7B0002700B04067000C40019B60160337A201A0
:10E7C000806006F457A200025E02F0012B01BC60DB
:10E7D000131077A101BC600B0017A200025E02F0CB
:10E7E000012B01BC60131057A100025E02F001274B
:10E7F00001B860820337A200025E02F0012B01BC67
:10E8000060131037A100025E02F001270180E002D0
:10E810000337A200025E02F0012B01BC6003000777
:10E82000E201BC60030007E30068310F00185700E5
:10E83000E044658867E103BFDE02F0185800E04459
:10E84000670807E101BC60131037A100025E02F007
:10E850000127018060060337A200025E02F0012B4F
:10E8600001BC60030027E200025E02F00127020003
:10E870004067001873028042030018730285C523A5
:10E8800000187301BC60131037A100025E02F00192
:10E890002702004067001866006CC464FC385F0003
:10E8A000E03107002C4100E0310B002C4201BC603C
:10E8B0001310F7A100025E02F0012700B0406700CC
:10E8C000018401BC601310D7A100025E02F0012791
:10E8D00000B0406700018501BC602B1357A1000206
:10E8E0005E02F0012700B0406700018601BC6013A2
:10E8F0001117A100025E02F0012700B0406700017D
:10E900008701BC60271597A100B031030017A20052
:10E91000025E02F0012B01BC60270F37A100B0306E
:10E92000FF0017A200025E02F0012B01BC601B1B5E
:10E9300057A100B030FB0017A200025E02F0012BCD
:10E9400001BC60130817A100025E02F001270180DC
:10E9500060060337A200025E02F0012B01BC6003D7
:10E960000007E201BC60030007E000B05E8700170B
:10E97000A10002DE02F0000001BC6003000C2500D3
:10E98000B030CB00179E00B030CF00179D00B030E4
:10E99000D300179C00B030D700179B03BFDE02F0F6
:10E9A0000A1A000000000000000000000000000043
:10E9B0000000000000000000000000000000000057
:10E9C000000000000000000000207EC000000000E9
:10E9D0000000000000000000000000000000000037
:10E9E0000000000000000000000000000000000027
:10E9F0000000000000000000000000000000000017
:10EA0000000000000000000000207EC000000000A8
:10EA100000000000000000000000000000000000F6
:10EA200000000000000000000000000000002000C6
:10EA3000000040110100000000008016010080006D
:10EA400000008016010080030000801600000040D6
:10EA50000000801A2100E003000080160002004040
:10EA60000000801A100200400000801A10020240CC
:10EA70000000801A6100E0030000801610020040D0
:10EA80000000801A6101E01300008016300200408F
:10EA90000000801A100200400000801A1C02004092
:10EAA0000000801A000200000000801A1C0A0040CA
:10EAB0000000801A1C0A20400000801A1FCA204053
:10EAC0000000801A1FCA20400000801A01000000C8
:10EAD0000000801E090000000000801E00000000F1
:10EAE0000000800200000000000080020000000022
:10EAF00000008002080000000000801E00000000EE
:10EB00000000801E010000000000801E11000000B7
:10EB10000000801E1FCA20C00000801A1FCA20C02B
:10EB20000000801A5FCA20C00000801AB064000094
:10EB30000000800E0000280000008012110000007C
:10EB40000000801E00000000C82542850000000073
:10EB50000000400100000000000040010000000033
:10EB6000000040015FCA2040000040191FCA204039
:10EB700000004019010000000000401D01000000DD
:10EB80000000401D010000000000401D09000000C1
:10EB90000000401D1FC22040000040190F0000006F
:10EBA0000000401D1FC220C0000040191BC220C031
:10EBB00000004019207D00000000400D00002000F2
:10EBC00000004011000000003304428900000000F2
:10EBD00000004001000000000000400100000000B3
:10EBE000000040011BC22040000040190900000045
:10EBF0000000401D1BC22040000040190100000021
:10EC00000000401D000000000000401D1FC2204009
:10EC100000004019010000000000401D0900000034
:10EC20000000401D1FC22040000040190B010000E1
:10EC30000000401D1FC220C0000040191BC220C0A0
:10EC400000004019C07700000000400D00002800BF
:10EC50000000401100000000331C42890000000049
:10EC60000000400100000000000040010000000022
:10EC7000000040011FC220C0000040191FC220C078
:10EC8000000040196100E013000040150000000082
:10EC900000004001000000000000400100000000F2
:10ECA000000040016101E0130000401513C220C0C4
:10ECB0000000401961018013000040150A010000A6
:10ECC0000000401D13C220C00000401908040000CD
:10ECD000000000F8000000000000400100000000FB
:10ECE00000004001000000000000400100000000A2
:10ECF00000004001000000000000400113C220405D
:10ED0000000040190B0100000000401D13C220C08C
:10ED10000000401900000000000040010000000059
:10ED200000004001030100000000401D13C220400C
:10ED3000000040190000080000004011610180132C
:10ED4000000040156101801300004015610180132F
:10ED5000000040151FC22040000040191FC2204083
:10ED6000000040191FC22040000040190B010000A4
:10ED70000000401D0B0100000000401D1FC220C00C
:10ED8000000040191BC220C000004019C3770000DA
:10ED90000000400D000008000000401100000000CD
:10EDA000131C428800000000000040010000000029
:10EDB0000000400100000000000040011BC2204094
:10EDC00000004019090000000000401D1BCA20403F
:10EDD000000040191FCA204000004019090000002F
:10EDE0000000401D1FC22040000040190F0000001D
:10EDF0000000401D1FC220C0000040191BC220C0DF
:10EE000000004019237D00000000400D00000000BC
:10EE100000004011000000001304428800000000C0
:10EE20000000400100000000000040010000000060
:10EE3000000040011BC220400000401909000000F2
:10EE40000000401D1BCA20400000401901000000C6
:10EE50000000401D1FCA20400000401911000000A2
:10EE60000000401D1FCA2040000040191FCA20C0DA
:10EE7000000040191FCA20C0000040191FCA20C04E
:10EE8000000040195FCA20C000004019B0640000B3
:10EE90000000400D000008000000401111000000BB
:10EEA0000000401D00000000B82542840000000062
:10EEB00000004001000000000000400100000000D0
:10EEC000000040015FCA204000004019010000001E
:10EED0000000401D1FCA2040000040191FCA2040EA
:10EEE00000004019000000000000401D1C0A2040E6
:10EEF000000000181C0A204000000018000000005C
:10EF000000000010000000000000001C61018013E0
:10EF1000000000141C0A204000000018610180035A
:10EF200000000014100A204000000018000A2040D1
:10EF300000000018000A0040000000184101800392
:10EF4000000000140008004000000018000010003D
:10EF500000000010000802400000001800080340F4
:10EF600000000018000802400000001800080040DF
:10EF70000000001800000000000000100008004021
:10EF80000000001800080040000000184101800047
:10EF900000000014410100000000001440010000C6
:10EFA00000000014000802400000001800010000EA
:10EFB000000000140008004000000018000800C015
:10EFC00000000018080C0000000000040808000001
:10EFD000000000FC00000000000000000000000035
:10EFE0000000000000000000000000000C715D48FF
:10EFF000075F3100B3C9A561005B234B452524475A
:10F000002808000000000000941DC51301BD32084F
:10F010000100343334333961302D726F6D6C2F73CE
:10F0200064696F2D672D706F6F6C2D7032702D6954
:10F03000647375702D6964617574682D706B746686
:10F04000696C7465722D6B656570616C6976652D90
:10F05000616F652D6C70632D73776469762D7372A3
:10F06000666173742D66756172742D627463782D98
:10F070006E6F636C6D696E632D636C6D5F6D696E31
:10F080002D6662742D6D66702D7361652D776F77B7
:10F090006C70662D746B6F2056657273696F6E3A73
:10F0A00020372E39352E34392028323237316262FA
:10F0B0003620435929204352433A2062376132387F
:10F0C00065663320446174653A204D6F6E2032309E
:10F0D00032312D31312D32392032323A35303A3217
:10F0E00037205053542055636F6465205665723A3B
:10F0F00020313034332E32313632204657494420C5
:10F1000030312D633531643934303000FA004456E3
:10F1100049442030312D623062343532306600008F
:10F1200000000000000000000000000000000000DF
:10F1300000000000000000000000000000000000CF
:10F1400000000000000000000000000000000000BF
:10F1500000000000000000000000000000000000AF
:10F16000424C4F423C000000FA69E0BB0100000045
:10F1700002000000000000003C00000098030000B6
:10F180000A6F2B520000000000000000D4030000B2
:10F1900004000000A0B0E5E200000000434C4D2058
:10F1A0004441544100000C000200526173706265DA
:10F1B00072727950692E5069636F57000000312ECA
:10F1C00032392E3400000000000000007000000002
:10F1D000436C6D496D706F72743A20312E34372E46
:10F1E0003100000000000000000000000000763543
:10F1F0002032322F30362F32340000000000000061
:10F2000000000000010B010D0C0D00006803000060
:10F210007401000068000000300100007C01000063
:10F22000000000004C0100004601000058030000EF
:10F230000000000028010000900300008803000087
:10F240007FB200000000000000000000000000008D
:10F2500000000000000000000000000000000000AE
:10F2600000000000700300000000000032010000F8
:10F27000000000000000000000000000000000008E
:10F28000000000000000000000000000000000007E
:10F29000000000000000000000000000000000006E
:10F2A000000000000000000000000000000000005E
:10F2B000000000000000000000000000000000004E
:10F2C0000000000034000000810100000102323023
:10F2D00032322D30362D32342030363A35353A3010
:10F2E00038000000FF0000000100FF011E000001C7
:10F2F0004800010100FF0114000001480001000066
:10F30000FF000000020000011E0100014801010091
:10F3100000000000000000000001000101236E0059
:10F320000200FFFFF000415400010001FFC0004156
:10F330005500010001FFC000424500010001FFC06F
:10F3400000425200010001FFC00043410000FF00E5
:10F35000FFCC00434800010001FFC000434C000106
:10F360000001FFC000434E00010001FFC000434FF9
:10F3700000010001FFC000435A00010001FFC0006E
:10F3800044450001FF01FFCC00444B00010001FF98
:10F39000C000454500010001FFC0004553000100C9
:10F3A00001FFC000465200010001FFC000474200BB
:10F3B000010001FFC000475200010001FFC00048EA
:10F3C0004B00010001FFC000485500010001FFC0D3
:10F3D00000494C00010001FFC000494E000100013E
:10F3E000FFC000495300010001FFC0004954000163
:10F3F0000001FFC0004A5000010001FFC0004B4562
:10F4000000010001FFC0004B5200010001FFC000DD
:10F410004C4900010001FFC0004C5400010001FFF5
:10F42000C0004C5500010001FFC0004C5600010017
:10F4300001FFC0004D5400010001FFC0004D580005
:10F44000010001FFC0004D5900010001FFC0004E46
:10F450004700010001FFC0004E4C00010001FFC049
:10F46000004E4F00010001FFC0004E5A0001000194
:10F47000FFC000504500010001FFC00050480001DE
:10F480000001FFC000504C00010001FFC0005054BB
:10F4900000010001FFC000534500010001FFC00052
:10F4A000534700010001FFC000534900010001FF64
:10F4B000C000534B00010001FFC000544800010090
:10F4C00001FFC000545200010001FFC0005457006A
:10F4D000010001FFC000555300000000FFC00058AC
:10F4E000580003FF02FFCC005A4100010001FFC099
:10F4F00000010D010001480000000148000000016A
:10F500004801000001000000550300000A0C0D0E28
:10F510000F1011121314150C000102030405060745
:10F5200008090A0B000000000000000000000000B5
:10F5300000000000AFA900004E5652414D526576C2
:10F540003D2452657624006D616E6669643D3078B5
:10F550003264300070726F6469643D3078303732E5
:10F56000370076656E6469643D3078313465340007
:10F5700064657669643D30783433653200626F616A
:10F580007264747970653D30783038383700626F56
:10F590006172647265763D30783131303000626F6F
:10F5A0006172646E756D3D3232006D6163616464D9
:10F5B000723D30303A41303A35303A62353A353979
:10F5C0003A35650073726F6D7265763D3131006258
:10F5D0006F617264666C6167733D307830303430CF
:10F5E0003430303100626F617264666C616773330E
:10F5F0003D30783034303030303030007874616CE9
:10F60000667265713D3337343030006E6F637263FC
:10F610003D31006167303D32353500616132673D13
:10F62000310063636F64653D414C4C00706130692B
:10F6300074737369743D307832300065787470612A
:10F640006761696E32673D30007061326761303DDD
:10F650002D3136382C373136312C2D3832300041AF
:10F6600076566D69645F63303D3078302C30786356
:10F67000380063636B7077726F6666736574303DD4
:10F6800035006D617870326761303D3834007478D0
:10F6900070777262636B6F663D360063636B62778F
:10F6A00032303267706F3D30006C65676F66646D35
:10F6B000627732303267706F3D30783636313131B3
:10F6C000313131006D6373627732303267706F3D74
:10F6D000307837373731313131310070726F7062C5
:10F6E0007732303267706F3D30786464006F6664E3
:10F6F0006D64696766696C74747970653D31380052
:10F700006F66646D64696766696C7474797065624C
:10F71000653D313800706170646D6F64653D310026
:10F720007061706476616C6964746573743D3100F6
:10F73000706163616C69647832673D343500706173
:10F7400070646570736F66667365743D2D33300049
:10F7500070617064656E646964783D3538006C74FE
:10F760006563786D75783D30006C746563787061A1
:10F77000646E756D3D307830313032006C74656385
:10F7800078666E73656C3D30783434006C746563F4
:10F79000786763696770696F3D3078303100696CF4
:10F7A000306D6163616464723D30303A39303A34AF
:10F7B000633A63353A31323A333800776C306964F2
:10F7C0003D30783433316200646561646D616E5F31
:10F7D000746F3D30786666666666666666006D754F
:10F7E00078656E61623D30783130300073707572CB
:10F7F000636F6E6669673D30783300676C69746368
:10F80000685F62617365645F6372736D696E3D31D9
:10F81000006274635F6D6F64653D3100000000003D
:10F820000050F20100000000636F756E7472790081
:10F83000000000006375725F6574686572616464DE
:10F84000720000000000000000000000636C6D6C9E
:10F850006F61640000000000636C6D6C6F61645F39
:10F8600073746174757300000000000000A050B54F
:10F87000595E000062737300000000006D617861E2
:10F8800073736F630000000063636770696F696E74
:10F8900000000000626E0010246D0010246D001046
:10F8A0003C6E0010246D0010246D00101A6E0010C4
:10F8B000246D0010246D0010246D0010246D0010C4
:10F8C0000A6E0010246D0010246D0010246D0010CD
:10F8D000246D0010E86D0010246D0010246D0010E0
:10F8E000246D0010246D0010246D0010246D001094
:10F8F000D46D0010246D0010246D0010246D0010D4
:10F90000246D0010246D0010246D0010246D001073
:10F91000246D0010246D0010246D0010246D001063
:10F92000246D0010246D0010246D0010246D001053
:10F93000246D0010246D0010246D0010246D001043
:10F94000246D0010246D0010246D0010B86D00109F
:10F95000246D0010246D0010AA6D0010DC810010D1
:10F96000E881001000000000F0810010000000009D
:10F9700000000000F8810010048200100000000068
:10F9800000000000000000000C820010188200102F
:10F9900000000000000000000000000028820010AD
:10F9A0000000000000000000000000000000000057
:10F9B0000000000000000000000000000000000047
:10F9C0000000000000000000000000000000000037
:10F9D0000000000000000000000000000000000027
:10F9E0000000000000000000000000000000000017
:10F9F0000000000000000000000000000000000007
:10FA000000000000000000000000000000000000F6
:10FA10000000000030820010000000000000000024
:10FA200000000000000000000000000000000000D6
:10FA300000000000000000000000000000000000C6
:10FA400000000000000000000000000000000000B6
:10FA500000000000000000000000000000000000A6
:10FA60000000000000000000000000000000000096
:10FA700038820010000000000000000000000000BC
:10FA80000000000000000000000000000000000076
:10FA9000000000000000000000000000488200108C
:10FAA0000000000000000000000000000000000056
:10FAB00000000000000000005C8200106C8200105A
:10FAC0000200000085760010A978001081780010EF
:10FAD00099770010617900102D790010F9780010E5
:10FAE000C5780010B17600100000000065780010A5
:08FAF00059780010C9770010DD
:10FAF8000883001014830010208300102C8300104A
:0CFB08003883001044830010508300106C
:10FB1400F8B54746CE4680B51F0000230400904642
:10FB240099460BE0BFF35F8F4A461A608CF3108846
:10FB34004046390000F010FA00281AD12668EFF385
:10FB4400108C72B63568002DFCD0BFF35F8F042390
:10FB5400E55E2368002DE5DD013DA580BFF35F8FE1
:10FB640000221A608CF310880120C0BCB946B0464C
:10FB7400F8BD0020F9E7C04630B50268EFF3108104
:10FB840072B61368002BFCD0BFF35F8F0422835E30
:10FB94000625445F02689C420ADD01338380BFF37B
:10FBA4005F8F0023136081F3108840BF012030BDB4
:10FBB400BFF35F8F0023136081F310880020F6E702
:10FBC400D02330B500241B0600251C5707E0002B6A
:10FBD40013DBBFF35F8F156081F3108820BF0268C9
:10FBE400EFF3108172B61368002BFCD0BFF35F8F64
:10FBF4000423C3560268A342E9D143790471013353
:10FC04004371BFF35F8F0023136081F3108830BD0D
:10FC1400F0B5C646150000B504001E000268EFF3F7
:10FC2400108172B61368002BFCD0BFF35F8F0423DE
:10FC3400E3562268002B2BDBBFF35F8F002010609C
:10FC440081F31088D02212061278002752B290460F
:10FC54009A420ED1002080BCB846F0BDBFF35F8F3E
:10FC6400176081F310882800310000F075F900282E
:10FC7400F0D12268EFF3108172B61368002BFCD028
:10FC8400BFF35F8F237922687F2BE7D9434602E0D5
:10FC9400D0231B061B682371BFF35F8F00231360FF
:10FCA40081F310880120D6E7D02203000020120639
:10FCB40010B510561C68EFF3108C72B62268002A37
:10FCC400FCD0BFF35F8F04229A56002A06DB8242DF
:10FCD40004D0002900D00A60002004E0187101203B
:10FCE4005A7901325A711B68BFF35F8F00221A6080
:10FCF4008CF3108810BDC0460268EFF3108172B611
:10FD04001368002BFCD0BFF35F8FFF2303710368DC
:10FD1400BFF35F8F00221A6081F3108840BF7047E1
:10FD240010B50268EFF3108172B61368002BFCD093
:10FD3400BFF35F8F43790268013BDBB24371002B51
:10FD440008D1FF240471BFF35F8F136081F310881F
:10FD540040BF10BDBFF35F8F0023136081F3108891
:10FD6400F7E7C04610B5084C2378002B0AD180234E
:10FD7400064807495B051A68C25004338B42FAD11E
:10FD84000123237010BDC04634140020BC080010A9
:10FD94000001001010B5014B984710BDBD080020AC
:10FDA400064B5A6802609A684260DA6882601A698F
:10FDB400C2605A6902619B69436170470000024056
:10FDC4000268064B5A6042689A608268DA60C268C8
:10FDD4001A6102695A6142699A61704700000240DF
:10FDE400034B1A68C0239B009343024A1360704775
:10FDF4000C8001400C900140054B1A6880239B0045
:10FE04005340C02292001340024A13607047C04618
:10FE14000C8001400C9001400023F0B5DE465746AB
:10FE24004E4645469A46E0B589B001900E00988A40
:10FE340045491B8B14009847534681464349988A89
:10FE44001B8B9847534642490500988A1B8B984759
:10FE54008046FFF787FF02A8FFF7A2FFC847A8471D
:10FE6400FFF7CAFF251E22D00823C0219C4602208A
:10FE7400490562468B6A1A4018423FD0631B002D25
:10FE84002FD1002A11D1002C11D0C0235B059B4631
:10FE940002239A46063399465B464A4657469B6A6E
:10FEA4001A401F4242D0002AF6D0002C30D1FFF76E
:10FEB40097FFC047FFF76EFF02A8FFF781FF09B065
:10FEC400F0BCBB46B246A946A046F0BD002C2FD1DB
:10FED400C0225205926A914608224F463A40BF0713
:10FEE4002DD50D2B1BD9002AF0D1C0225205926AC0
:10FEF400914608224F463A40BF07F2D4002A04D163
:10FF04002B002343002BB4D1D1E72B00002CF9D0D4
:10FF14000B6E013C3370230001362B43F2E7019F43
:10FF2400013D3B7801370B660197E7E70025E5E7DC
:10FF3400C0235B051B6E013C3370013699E72B002F
:10FF4400002ADFD1DCE7C0464946000045580000DE
:10FF5400464300007047C04601B40248844601BCD1
:10FF6400604700BF111400101000000000000000E2
:10FF7400000001000000000000000000000002007A
:10FF8400000000000000000000000300000000006A
:10FF9400000000000000FF000000000001B54868F8
:10FFA40001318E460047704609380149884701BD32
:10FFB400B50A00100000000000000000000000006E
:10FFC40000000000000000001806002000000000EF
:10FFD400503300004C33000054330000523300000F
:10FFE4004D5300004D4300005334000043340000DF
:0CFFF40000000000557400100000000028
:020000041004E6
:100000000000000000000000B973001000000000B4
:1000100000000000000000000000000000000000E0
:0400200000000000DC
:04000005100001E9FD
:00000001FF
