
C:/Users/franc/Desktop/isaac/old/my_dev/LL_API/build/LL_API.elf:     file format elf32-littlearm

Sections:
Idx Name          Size      VMA       LMA       File off  Algn
  0 .boot2        00000100  10000000  10000000  00001000  2**0
                  CONTENTS, ALLOC, LOAD, READONLY, CODE
  1 .text         00007d74  10000100  10000100  00001100  2**3
                  CONTENTS, ALLOC, LOAD, READONLY, CODE
  2 .rodata       00037c80  10007e78  10007e78  00008e78  2**3
                  CONTENTS, ALLOC, LOAD, READONLY, DATA
  3 .binary_info  0000001c  1003faf8  1003faf8  00040af8  2**2
                  CONTENTS, ALLOC, LOAD, READONLY, DATA
  4 .ram_vector_table 000000c0  20000000  20000000  00042000  2**2
                  ALLOC
  5 .uninitialized_data 00000000  200000c0  200000c0  000415d0  2**0
                  CONTENTS
  6 .data         00000510  200000c0  1003fb14  000410c0  2**4
                  CONTENTS, ALLOC, LOAD, READONLY, CODE
  7 .tdata        00000000  200005d0  200005d0  000415d0  2**0
                  CONTENTS, ALLOC, LOAD, DATA, THREAD_LOCAL
  8 .tbss         00000000  200005d0  200005d0  00000000  2**0
                  ALLOC, THREAD_LOCAL
  9 .bss          00000e68  200005d0  10040024  000415d0  2**3
                  ALLOC
 10 .heap         00000800  20001438  10040024  00042438  2**2
                  ALLOC, READONLY
 11 .scratch_x    00000000  20040000  20040000  000415d0  2**0
                  CONTENTS
 12 .scratch_y    00000000  20041000  20041000  000415d0  2**0
                  CONTENTS
 13 .stack_dummy  00000800  20041000  20041000  00042000  2**5
                  ALLOC, READONLY
 14 .ARM.attributes 00000028  00000000  00000000  000415d0  2**0
                  CONTENTS, READONLY
 15 .comment      00000046  00000000  00000000  000415f8  2**0
                  CONTENTS, READONLY
 16 .debug_info   0003fa7d  00000000  00000000  0004163e  2**0
                  CONTENTS, READONLY, DEBUGGING, OCTETS
 17 .debug_abbrev 00008157  00000000  00000000  000810bb  2**0
                  CONTENTS, READONLY, DEBUGGING, OCTETS
 18 .debug_loclists 00023519  00000000  00000000  00089212  2**0
                  CONTENTS, READONLY, DEBUGGING, OCTETS
 19 .debug_aranges 00001528  00000000  00000000  000ac730  2**3
                  CONTENTS, READONLY, DEBUGGING, OCTETS
 20 .debug_rnglists 000056ff  00000000  00000000  000adc58  2**0
                  CONTENTS, READONLY, DEBUGGING, OCTETS
 21 .debug_line   0002727e  00000000  00000000  000b3357  2**0
                  CONTENTS, READONLY, DEBUGGING, OCTETS
 22 .debug_str    00007cad  00000000  00000000  000da5d5  2**0
                  CONTENTS, READONLY, DEBUGGING, OCTETS
 23 .debug_frame  0000338c  00000000  00000000  000e2284  2**2
                  CONTENTS, READONLY, DEBUGGING, OCTETS
 24 .debug_line_str 0000030c  00000000  00000000  000e5610  2**0
                  CONTENTS, READONLY, DEBUGGING, OCTETS

C:/Users/franc/Desktop/isaac/old/my_dev/LL_API/build/LL_API.elf:     file format elf32-littlearm


Disassembly of section .boot2:

10000000 <__boot2_start__>:
10000000:	4b32b500 	.word	0x4b32b500
10000004:	60582021 	.word	0x60582021
10000008:	21026898 	.word	0x21026898
1000000c:	60984388 	.word	0x60984388
10000010:	611860d8 	.word	0x611860d8
10000014:	4b2e6158 	.word	0x4b2e6158
10000018:	60992100 	.word	0x60992100
1000001c:	61592102 	.word	0x61592102
10000020:	22f02101 	.word	0x22f02101
10000024:	492b5099 	.word	0x492b5099
10000028:	21016019 	.word	0x21016019
1000002c:	20356099 	.word	0x20356099
10000030:	f844f000 	.word	0xf844f000
10000034:	42902202 	.word	0x42902202
10000038:	2106d014 	.word	0x2106d014
1000003c:	f0006619 	.word	0xf0006619
10000040:	6e19f834 	.word	0x6e19f834
10000044:	66192101 	.word	0x66192101
10000048:	66182000 	.word	0x66182000
1000004c:	f000661a 	.word	0xf000661a
10000050:	6e19f82c 	.word	0x6e19f82c
10000054:	6e196e19 	.word	0x6e196e19
10000058:	f0002005 	.word	0xf0002005
1000005c:	2101f82f 	.word	0x2101f82f
10000060:	d1f94208 	.word	0xd1f94208
10000064:	60992100 	.word	0x60992100
10000068:	6019491b 	.word	0x6019491b
1000006c:	60592100 	.word	0x60592100
10000070:	481b491a 	.word	0x481b491a
10000074:	21016001 	.word	0x21016001
10000078:	21eb6099 	.word	0x21eb6099
1000007c:	21a06619 	.word	0x21a06619
10000080:	f0006619 	.word	0xf0006619
10000084:	2100f812 	.word	0x2100f812
10000088:	49166099 	.word	0x49166099
1000008c:	60014814 	.word	0x60014814
10000090:	60992101 	.word	0x60992101
10000094:	2800bc01 	.word	0x2800bc01
10000098:	4700d000 	.word	0x4700d000
1000009c:	49134812 	.word	0x49134812
100000a0:	c8036008 	.word	0xc8036008
100000a4:	8808f380 	.word	0x8808f380
100000a8:	b5034708 	.word	0xb5034708
100000ac:	20046a99 	.word	0x20046a99
100000b0:	d0fb4201 	.word	0xd0fb4201
100000b4:	42012001 	.word	0x42012001
100000b8:	bd03d1f8 	.word	0xbd03d1f8
100000bc:	6618b502 	.word	0x6618b502
100000c0:	f7ff6618 	.word	0xf7ff6618
100000c4:	6e18fff2 	.word	0x6e18fff2
100000c8:	bd026e18 	.word	0xbd026e18
100000cc:	40020000 	.word	0x40020000
100000d0:	18000000 	.word	0x18000000
100000d4:	00070000 	.word	0x00070000
100000d8:	005f0300 	.word	0x005f0300
100000dc:	00002221 	.word	0x00002221
100000e0:	180000f4 	.word	0x180000f4
100000e4:	a0002022 	.word	0xa0002022
100000e8:	10000100 	.word	0x10000100
100000ec:	e000ed08 	.word	0xe000ed08
	...
100000fc:	7a4eb274 	.word	0x7a4eb274

Disassembly of section .text:

10000100 <__VECTOR_TABLE>:
10000100:	20042000 	.word	0x20042000
10000104:	100001f7 	.word	0x100001f7
10000108:	100001cb 	.word	0x100001cb
1000010c:	100001cd 	.word	0x100001cd
10000110:	100001c9 	.word	0x100001c9
10000114:	100001c9 	.word	0x100001c9
10000118:	100001c9 	.word	0x100001c9
1000011c:	100001c9 	.word	0x100001c9
10000120:	100001c9 	.word	0x100001c9
10000124:	100001c9 	.word	0x100001c9
10000128:	100001c9 	.word	0x100001c9
1000012c:	100001cf 	.word	0x100001cf
10000130:	100001c9 	.word	0x100001c9
10000134:	100001c9 	.word	0x100001c9
10000138:	100001d1 	.word	0x100001d1
1000013c:	100001d3 	.word	0x100001d3
10000140:	100001c1 	.word	0x100001c1
10000144:	100001c1 	.word	0x100001c1
10000148:	100001c1 	.word	0x100001c1
1000014c:	100001c1 	.word	0x100001c1
10000150:	100001c1 	.word	0x100001c1
10000154:	100001c1 	.word	0x100001c1
10000158:	100001c1 	.word	0x100001c1
1000015c:	100001c1 	.word	0x100001c1
10000160:	100001c1 	.word	0x100001c1
10000164:	100001c1 	.word	0x100001c1
10000168:	100001c1 	.word	0x100001c1
1000016c:	100001c1 	.word	0x100001c1
10000170:	100001c1 	.word	0x100001c1
10000174:	100001c1 	.word	0x100001c1
10000178:	100001c1 	.word	0x100001c1
1000017c:	100001c1 	.word	0x100001c1
10000180:	100001c1 	.word	0x100001c1
10000184:	100001c1 	.word	0x100001c1
10000188:	100001c1 	.word	0x100001c1
1000018c:	100001c1 	.word	0x100001c1
10000190:	100001c1 	.word	0x100001c1
10000194:	100001c1 	.word	0x100001c1
10000198:	100001c1 	.word	0x100001c1
1000019c:	100001c1 	.word	0x100001c1
100001a0:	100001c1 	.word	0x100001c1
100001a4:	100001c1 	.word	0x100001c1
100001a8:	100001c1 	.word	0x100001c1
100001ac:	100001c1 	.word	0x100001c1
100001b0:	100001c1 	.word	0x100001c1
100001b4:	100001c1 	.word	0x100001c1
100001b8:	100001c1 	.word	0x100001c1
100001bc:	100001c1 	.word	0x100001c1

100001c0 <__unhandled_user_irq>:
100001c0:	f3ef 8005 	mrs	r0, IPSR
100001c4:	3810      	subs	r0, #16

100001c6 <unhandled_user_irq_num_in_r0>:
100001c6:	be00      	bkpt	0x0000

100001c8 <isr_invalid>:
100001c8:	be00      	bkpt	0x0000

100001ca <isr_nmi>:
100001ca:	be00      	bkpt	0x0000

100001cc <isr_hardfault>:
100001cc:	be00      	bkpt	0x0000

100001ce <isr_svcall>:
100001ce:	be00      	bkpt	0x0000

100001d0 <isr_pendsv>:
100001d0:	be00      	bkpt	0x0000

100001d2 <isr_systick>:
100001d2:	be00      	bkpt	0x0000

100001d4 <__default_isrs_end>:
100001d4:	7188ebf2 	.word	0x7188ebf2
100001d8:	1003faf8 	.word	0x1003faf8
100001dc:	1003fb14 	.word	0x1003fb14
100001e0:	10000238 	.word	0x10000238
100001e4:	e71aa390 	.word	0xe71aa390

100001e8 <_entry_point>:
100001e8:	481e      	ldr	r0, [pc, #120]	@ (10000264 <data_cpy_table+0x2c>)

100001ea <_enter_vtable_in_r0>:
100001ea:	491f      	ldr	r1, [pc, #124]	@ (10000268 <data_cpy_table+0x30>)
100001ec:	6008      	str	r0, [r1, #0]
100001ee:	c806      	ldmia	r0!, {r1, r2}
100001f0:	f381 8808 	msr	MSP, r1
100001f4:	4710      	bx	r2

100001f6 <_reset_handler>:
100001f6:	481d      	ldr	r0, [pc, #116]	@ (1000026c <data_cpy_table+0x34>)
100001f8:	6800      	ldr	r0, [r0, #0]
100001fa:	2800      	cmp	r0, #0
100001fc:	d001      	beq.n	10000202 <hold_non_core0_in_bootrom+0x4>

100001fe <hold_non_core0_in_bootrom>:
100001fe:	4819      	ldr	r0, [pc, #100]	@ (10000264 <data_cpy_table+0x2c>)
10000200:	e7f3      	b.n	100001ea <_enter_vtable_in_r0>
10000202:	a40d      	add	r4, pc, #52	@ (adr r4, 10000238 <data_cpy_table>)
10000204:	cc0e      	ldmia	r4!, {r1, r2, r3}
10000206:	2900      	cmp	r1, #0
10000208:	d002      	beq.n	10000210 <hold_non_core0_in_bootrom+0x12>
1000020a:	f000 f812 	bl	10000232 <data_cpy>
1000020e:	e7f9      	b.n	10000204 <hold_non_core0_in_bootrom+0x6>
10000210:	4917      	ldr	r1, [pc, #92]	@ (10000270 <data_cpy_table+0x38>)
10000212:	4a18      	ldr	r2, [pc, #96]	@ (10000274 <data_cpy_table+0x3c>)
10000214:	2000      	movs	r0, #0
10000216:	e000      	b.n	1000021a <bss_fill_test>

10000218 <bss_fill_loop>:
10000218:	c101      	stmia	r1!, {r0}

1000021a <bss_fill_test>:
1000021a:	4291      	cmp	r1, r2
1000021c:	d1fc      	bne.n	10000218 <bss_fill_loop>

1000021e <platform_entry>:
1000021e:	4916      	ldr	r1, [pc, #88]	@ (10000278 <data_cpy_table+0x40>)
10000220:	4788      	blx	r1
10000222:	4916      	ldr	r1, [pc, #88]	@ (1000027c <data_cpy_table+0x44>)
10000224:	4788      	blx	r1
10000226:	4916      	ldr	r1, [pc, #88]	@ (10000280 <data_cpy_table+0x48>)
10000228:	4788      	blx	r1
1000022a:	be00      	bkpt	0x0000
1000022c:	e7fd      	b.n	1000022a <platform_entry+0xc>

1000022e <data_cpy_loop>:
1000022e:	c901      	ldmia	r1!, {r0}
10000230:	c201      	stmia	r2!, {r0}

10000232 <data_cpy>:
10000232:	429a      	cmp	r2, r3
10000234:	d3fb      	bcc.n	1000022e <data_cpy_loop>
10000236:	4770      	bx	lr

10000238 <data_cpy_table>:
10000238:	1003fb14 	.word	0x1003fb14
1000023c:	200000c0 	.word	0x200000c0
10000240:	200005d0 	.word	0x200005d0
10000244:	10040024 	.word	0x10040024
10000248:	20040000 	.word	0x20040000
1000024c:	20040000 	.word	0x20040000
10000250:	10040024 	.word	0x10040024
10000254:	20041000 	.word	0x20041000
10000258:	20041000 	.word	0x20041000
1000025c:	00000000 	.word	0x00000000
10000260:	4770      	bx	lr
10000262:	0000      	.short	0x0000
10000264:	00000000 	.word	0x00000000
10000268:	e000ed08 	.word	0xe000ed08
1000026c:	d0000000 	.word	0xd0000000
10000270:	200005d0 	.word	0x200005d0
10000274:	20001438 	.word	0x20001438
10000278:	10003c09 	.word	0x10003c09
1000027c:	100002d5 	.word	0x100002d5
10000280:	10003c01 	.word	0x10003c01

10000284 <_init>:
10000284:	b5f8      	push	{r3, r4, r5, r6, r7, lr}
10000286:	46c0      	nop			@ (mov r8, r8)

10000288 <register_tm_clones>:
10000288:	4806      	ldr	r0, [pc, #24]	@ (100002a4 <register_tm_clones+0x1c>)
1000028a:	4907      	ldr	r1, [pc, #28]	@ (100002a8 <register_tm_clones+0x20>)
1000028c:	1a09      	subs	r1, r1, r0
1000028e:	108b      	asrs	r3, r1, #2
10000290:	0fc9      	lsrs	r1, r1, #31
10000292:	18c9      	adds	r1, r1, r3
10000294:	b510      	push	{r4, lr}
10000296:	1049      	asrs	r1, r1, #1
10000298:	d003      	beq.n	100002a2 <register_tm_clones+0x1a>
1000029a:	4b04      	ldr	r3, [pc, #16]	@ (100002ac <register_tm_clones+0x24>)
1000029c:	2b00      	cmp	r3, #0
1000029e:	d000      	beq.n	100002a2 <register_tm_clones+0x1a>
100002a0:	4798      	blx	r3
100002a2:	bd10      	pop	{r4, pc}
100002a4:	200005d0 	.word	0x200005d0
100002a8:	200005d0 	.word	0x200005d0
100002ac:	00000000 	.word	0x00000000

100002b0 <frame_dummy>:
100002b0:	4b05      	ldr	r3, [pc, #20]	@ (100002c8 <frame_dummy+0x18>)
100002b2:	b510      	push	{r4, lr}
100002b4:	2b00      	cmp	r3, #0
100002b6:	d003      	beq.n	100002c0 <frame_dummy+0x10>
100002b8:	4904      	ldr	r1, [pc, #16]	@ (100002cc <frame_dummy+0x1c>)
100002ba:	4805      	ldr	r0, [pc, #20]	@ (100002d0 <frame_dummy+0x20>)
100002bc:	e000      	b.n	100002c0 <frame_dummy+0x10>
100002be:	bf00      	nop
100002c0:	f7ff ffe2 	bl	10000288 <register_tm_clones>
100002c4:	bd10      	pop	{r4, pc}
100002c6:	46c0      	nop			@ (mov r8, r8)
100002c8:	00000000 	.word	0x00000000
100002cc:	200012f0 	.word	0x200012f0
100002d0:	10007e74 	.word	0x10007e74

100002d4 <main>:
100002d4:	b510      	push	{r4, lr}
100002d6:	f003 fedb 	bl	10004090 <cyw43_arch_init>
100002da:	2800      	cmp	r0, #0
100002dc:	d10e      	bne.n	100002fc <main+0x28>
100002de:	2101      	movs	r1, #1
100002e0:	2000      	movs	r0, #0
100002e2:	f003 fec5 	bl	10004070 <cyw43_arch_gpio_put>
100002e6:	2064      	movs	r0, #100	@ 0x64
100002e8:	f001 f814 	bl	10001314 <sleep_ms>
100002ec:	2100      	movs	r1, #0
100002ee:	2000      	movs	r0, #0
100002f0:	f003 febe 	bl	10004070 <cyw43_arch_gpio_put>
100002f4:	2064      	movs	r0, #100	@ 0x64
100002f6:	f001 f80d 	bl	10001314 <sleep_ms>
100002fa:	e7f0      	b.n	100002de <main+0xa>
100002fc:	f001 fad0 	bl	100018a0 <hard_assertion_failure>
10000300:	e7ed      	b.n	100002de <main+0xa>
10000302:	46c0      	nop			@ (mov r8, r8)

10000304 <gpio_set_function>:
10000304:	4a09      	ldr	r2, [pc, #36]	@ (1000032c <gpio_set_function+0x28>)
10000306:	0083      	lsls	r3, r0, #2
10000308:	189a      	adds	r2, r3, r2
1000030a:	b510      	push	{r4, lr}
1000030c:	6814      	ldr	r4, [r2, #0]
1000030e:	2240      	movs	r2, #64	@ 0x40
10000310:	4054      	eors	r4, r2
10000312:	3280      	adds	r2, #128	@ 0x80
10000314:	4022      	ands	r2, r4
10000316:	4c06      	ldr	r4, [pc, #24]	@ (10000330 <gpio_set_function+0x2c>)
10000318:	00c0      	lsls	r0, r0, #3
1000031a:	46a4      	mov	ip, r4
1000031c:	4463      	add	r3, ip
1000031e:	601a      	str	r2, [r3, #0]
10000320:	4b04      	ldr	r3, [pc, #16]	@ (10000334 <gpio_set_function+0x30>)
10000322:	469c      	mov	ip, r3
10000324:	4460      	add	r0, ip
10000326:	6041      	str	r1, [r0, #4]
10000328:	bd10      	pop	{r4, pc}
1000032a:	46c0      	nop			@ (mov r8, r8)
1000032c:	4001c004 	.word	0x4001c004
10000330:	4001d004 	.word	0x4001d004
10000334:	40014000 	.word	0x40014000

10000338 <gpio_set_pulls>:
10000338:	4b07      	ldr	r3, [pc, #28]	@ (10000358 <gpio_set_pulls+0x20>)
1000033a:	0080      	lsls	r0, r0, #2
1000033c:	18c3      	adds	r3, r0, r3
1000033e:	681b      	ldr	r3, [r3, #0]
10000340:	00c9      	lsls	r1, r1, #3
10000342:	0092      	lsls	r2, r2, #2
10000344:	430a      	orrs	r2, r1
10000346:	405a      	eors	r2, r3
10000348:	230c      	movs	r3, #12
1000034a:	4013      	ands	r3, r2
1000034c:	4a03      	ldr	r2, [pc, #12]	@ (1000035c <gpio_set_pulls+0x24>)
1000034e:	4694      	mov	ip, r2
10000350:	4460      	add	r0, ip
10000352:	6003      	str	r3, [r0, #0]
10000354:	4770      	bx	lr
10000356:	46c0      	nop			@ (mov r8, r8)
10000358:	4001c004 	.word	0x4001c004
1000035c:	4001d004 	.word	0x4001d004

10000360 <gpio_set_input_hysteresis_enabled>:
10000360:	0080      	lsls	r0, r0, #2
10000362:	2900      	cmp	r1, #0
10000364:	d005      	beq.n	10000372 <gpio_set_input_hysteresis_enabled+0x12>
10000366:	4b06      	ldr	r3, [pc, #24]	@ (10000380 <gpio_set_input_hysteresis_enabled+0x20>)
10000368:	469c      	mov	ip, r3
1000036a:	2302      	movs	r3, #2
1000036c:	4460      	add	r0, ip
1000036e:	6003      	str	r3, [r0, #0]
10000370:	4770      	bx	lr
10000372:	4b04      	ldr	r3, [pc, #16]	@ (10000384 <gpio_set_input_hysteresis_enabled+0x24>)
10000374:	469c      	mov	ip, r3
10000376:	2302      	movs	r3, #2
10000378:	4460      	add	r0, ip
1000037a:	6003      	str	r3, [r0, #0]
1000037c:	e7f8      	b.n	10000370 <gpio_set_input_hysteresis_enabled+0x10>
1000037e:	46c0      	nop			@ (mov r8, r8)
10000380:	4001e004 	.word	0x4001e004
10000384:	4001f004 	.word	0x4001f004

10000388 <gpio_set_irq_enabled>:
10000388:	23d0      	movs	r3, #208	@ 0xd0
1000038a:	061b      	lsls	r3, r3, #24
1000038c:	681b      	ldr	r3, [r3, #0]
1000038e:	b530      	push	{r4, r5, lr}
10000390:	0005      	movs	r5, r0
10000392:	4258      	negs	r0, r3
10000394:	4143      	adcs	r3, r0
10000396:	202f      	movs	r0, #47	@ 0x2f
10000398:	425b      	negs	r3, r3
1000039a:	4383      	bics	r3, r0
1000039c:	480e      	ldr	r0, [pc, #56]	@ (100003d8 <gpio_set_irq_enabled+0x50>)
1000039e:	08ec      	lsrs	r4, r5, #3
100003a0:	4684      	mov	ip, r0
100003a2:	2007      	movs	r0, #7
100003a4:	4028      	ands	r0, r5
100003a6:	0080      	lsls	r0, r0, #2
100003a8:	4081      	lsls	r1, r0
100003aa:	0020      	movs	r0, r4
100003ac:	4d0b      	ldr	r5, [pc, #44]	@ (100003dc <gpio_set_irq_enabled+0x54>)
100003ae:	303c      	adds	r0, #60	@ 0x3c
100003b0:	4463      	add	r3, ip
100003b2:	0080      	lsls	r0, r0, #2
100003b4:	00a4      	lsls	r4, r4, #2
100003b6:	5141      	str	r1, [r0, r5]
100003b8:	191b      	adds	r3, r3, r4
100003ba:	2a00      	cmp	r2, #0
100003bc:	d005      	beq.n	100003ca <gpio_set_irq_enabled+0x42>
100003be:	2280      	movs	r2, #128	@ 0x80
100003c0:	0192      	lsls	r2, r2, #6
100003c2:	4694      	mov	ip, r2
100003c4:	4463      	add	r3, ip
100003c6:	6019      	str	r1, [r3, #0]
100003c8:	bd30      	pop	{r4, r5, pc}
100003ca:	22c0      	movs	r2, #192	@ 0xc0
100003cc:	0192      	lsls	r2, r2, #6
100003ce:	4694      	mov	ip, r2
100003d0:	4463      	add	r3, ip
100003d2:	6019      	str	r1, [r3, #0]
100003d4:	e7f8      	b.n	100003c8 <gpio_set_irq_enabled+0x40>
100003d6:	46c0      	nop			@ (mov r8, r8)
100003d8:	40014130 	.word	0x40014130
100003dc:	40014000 	.word	0x40014000

100003e0 <gpio_add_raw_irq_handler_with_order_priority_masked>:
100003e0:	23d0      	movs	r3, #208	@ 0xd0
100003e2:	b5f0      	push	{r4, r5, r6, r7, lr}
100003e4:	46c6      	mov	lr, r8
100003e6:	061b      	lsls	r3, r3, #24
100003e8:	4698      	mov	r8, r3
100003ea:	681b      	ldr	r3, [r3, #0]
100003ec:	4f0c      	ldr	r7, [pc, #48]	@ (10000420 <gpio_add_raw_irq_handler_with_order_priority_masked+0x40>)
100003ee:	009b      	lsls	r3, r3, #2
100003f0:	0016      	movs	r6, r2
100003f2:	58fa      	ldr	r2, [r7, r3]
100003f4:	0004      	movs	r4, r0
100003f6:	000d      	movs	r5, r1
100003f8:	b500      	push	{lr}
100003fa:	4210      	tst	r0, r2
100003fc:	d109      	bne.n	10000412 <gpio_add_raw_irq_handler_with_order_priority_masked+0x32>
100003fe:	0029      	movs	r1, r5
10000400:	4314      	orrs	r4, r2
10000402:	200d      	movs	r0, #13
10000404:	0032      	movs	r2, r6
10000406:	50fc      	str	r4, [r7, r3]
10000408:	f000 f95c 	bl	100006c4 <irq_add_shared_handler>
1000040c:	bc80      	pop	{r7}
1000040e:	46b8      	mov	r8, r7
10000410:	bdf0      	pop	{r4, r5, r6, r7, pc}
10000412:	f001 fa45 	bl	100018a0 <hard_assertion_failure>
10000416:	4643      	mov	r3, r8
10000418:	681b      	ldr	r3, [r3, #0]
1000041a:	009b      	lsls	r3, r3, #2
1000041c:	58fa      	ldr	r2, [r7, r3]
1000041e:	e7ee      	b.n	100003fe <gpio_add_raw_irq_handler_with_order_priority_masked+0x1e>
10000420:	20001318 	.word	0x20001318

10000424 <gpio_remove_raw_irq_handler_masked>:
10000424:	b510      	push	{r4, lr}
10000426:	0004      	movs	r4, r0
10000428:	200d      	movs	r0, #13
1000042a:	f000 fa45 	bl	100008b8 <irq_remove_handler>
1000042e:	23d0      	movs	r3, #208	@ 0xd0
10000430:	061b      	lsls	r3, r3, #24
10000432:	681b      	ldr	r3, [r3, #0]
10000434:	4902      	ldr	r1, [pc, #8]	@ (10000440 <gpio_remove_raw_irq_handler_masked+0x1c>)
10000436:	009b      	lsls	r3, r3, #2
10000438:	585a      	ldr	r2, [r3, r1]
1000043a:	43a2      	bics	r2, r4
1000043c:	505a      	str	r2, [r3, r1]
1000043e:	bd10      	pop	{r4, pc}
10000440:	20001318 	.word	0x20001318

10000444 <gpio_init>:
10000444:	2301      	movs	r3, #1
10000446:	22d0      	movs	r2, #208	@ 0xd0
10000448:	4083      	lsls	r3, r0
1000044a:	0612      	lsls	r2, r2, #24
1000044c:	6293      	str	r3, [r2, #40]	@ 0x28
1000044e:	6193      	str	r3, [r2, #24]
10000450:	4a09      	ldr	r2, [pc, #36]	@ (10000478 <gpio_init+0x34>)
10000452:	0083      	lsls	r3, r0, #2
10000454:	189a      	adds	r2, r3, r2
10000456:	6811      	ldr	r1, [r2, #0]
10000458:	2240      	movs	r2, #64	@ 0x40
1000045a:	4051      	eors	r1, r2
1000045c:	3280      	adds	r2, #128	@ 0x80
1000045e:	400a      	ands	r2, r1
10000460:	4906      	ldr	r1, [pc, #24]	@ (1000047c <gpio_init+0x38>)
10000462:	00c0      	lsls	r0, r0, #3
10000464:	468c      	mov	ip, r1
10000466:	4463      	add	r3, ip
10000468:	601a      	str	r2, [r3, #0]
1000046a:	4b05      	ldr	r3, [pc, #20]	@ (10000480 <gpio_init+0x3c>)
1000046c:	469c      	mov	ip, r3
1000046e:	2305      	movs	r3, #5
10000470:	4460      	add	r0, ip
10000472:	6043      	str	r3, [r0, #4]
10000474:	4770      	bx	lr
10000476:	46c0      	nop			@ (mov r8, r8)
10000478:	4001c004 	.word	0x4001c004
1000047c:	4001d004 	.word	0x4001d004
10000480:	40014000 	.word	0x40014000

10000484 <panic>:
10000484:	b40f      	push	{r0, r1, r2, r3}
10000486:	b500      	push	{lr}
10000488:	4808      	ldr	r0, [pc, #32]	@ (100004ac <panic+0x28>)
1000048a:	b083      	sub	sp, #12
1000048c:	f003 fd2c 	bl	10003ee8 <__wrap_puts>
10000490:	9b04      	ldr	r3, [sp, #16]
10000492:	2b00      	cmp	r3, #0
10000494:	d007      	beq.n	100004a6 <panic+0x22>
10000496:	a905      	add	r1, sp, #20
10000498:	0018      	movs	r0, r3
1000049a:	9101      	str	r1, [sp, #4]
1000049c:	f003 fb96 	bl	10003bcc <weak_raw_vprintf>
100004a0:	4803      	ldr	r0, [pc, #12]	@ (100004b0 <panic+0x2c>)
100004a2:	f003 fd21 	bl	10003ee8 <__wrap_puts>
100004a6:	2001      	movs	r0, #1
100004a8:	f003 fba8 	bl	10003bfc <_exit>
100004ac:	10007e78 	.word	0x10007e78
100004b0:	10007ff8 	.word	0x10007ff8

100004b4 <hw_claim_lock>:
100004b4:	f3ef 8010 	mrs	r0, PRIMASK
100004b8:	b672      	cpsid	i
100004ba:	4a03      	ldr	r2, [pc, #12]	@ (100004c8 <hw_claim_lock+0x14>)
100004bc:	6813      	ldr	r3, [r2, #0]
100004be:	2b00      	cmp	r3, #0
100004c0:	d0fc      	beq.n	100004bc <hw_claim_lock+0x8>
100004c2:	f3bf 8f5f 	dmb	sy
100004c6:	4770      	bx	lr
100004c8:	d000012c 	.word	0xd000012c

100004cc <hw_claim_unlock>:
100004cc:	f3bf 8f5f 	dmb	sy
100004d0:	2200      	movs	r2, #0
100004d2:	4b02      	ldr	r3, [pc, #8]	@ (100004dc <hw_claim_unlock+0x10>)
100004d4:	601a      	str	r2, [r3, #0]
100004d6:	f380 8810 	msr	PRIMASK, r0
100004da:	4770      	bx	lr
100004dc:	d000012c 	.word	0xd000012c

100004e0 <hw_claim_or_assert>:
100004e0:	b570      	push	{r4, r5, r6, lr}
100004e2:	f3ef 8c10 	mrs	ip, PRIMASK
100004e6:	b672      	cpsid	i
100004e8:	4d0d      	ldr	r5, [pc, #52]	@ (10000520 <hw_claim_or_assert+0x40>)
100004ea:	682b      	ldr	r3, [r5, #0]
100004ec:	2b00      	cmp	r3, #0
100004ee:	d0fc      	beq.n	100004ea <hw_claim_or_assert+0xa>
100004f0:	f3bf 8f5f 	dmb	sy
100004f4:	2407      	movs	r4, #7
100004f6:	08cb      	lsrs	r3, r1, #3
100004f8:	18c6      	adds	r6, r0, r3
100004fa:	5cc0      	ldrb	r0, [r0, r3]
100004fc:	2301      	movs	r3, #1
100004fe:	400c      	ands	r4, r1
10000500:	40a3      	lsls	r3, r4
10000502:	001c      	movs	r4, r3
10000504:	4004      	ands	r4, r0
10000506:	4203      	tst	r3, r0
10000508:	d107      	bne.n	1000051a <hw_claim_or_assert+0x3a>
1000050a:	4318      	orrs	r0, r3
1000050c:	7030      	strb	r0, [r6, #0]
1000050e:	f3bf 8f5f 	dmb	sy
10000512:	602c      	str	r4, [r5, #0]
10000514:	f38c 8810 	msr	PRIMASK, ip
10000518:	bd70      	pop	{r4, r5, r6, pc}
1000051a:	0010      	movs	r0, r2
1000051c:	f7ff ffb2 	bl	10000484 <panic>
10000520:	d000012c 	.word	0xd000012c

10000524 <hw_claim_unused_from_range>:
10000524:	b5f8      	push	{r3, r4, r5, r6, r7, lr}
10000526:	4647      	mov	r7, r8
10000528:	46ce      	mov	lr, r9
1000052a:	4688      	mov	r8, r1
1000052c:	b580      	push	{r7, lr}
1000052e:	f3ef 8c10 	mrs	ip, PRIMASK
10000532:	b672      	cpsid	i
10000534:	4d1c      	ldr	r5, [pc, #112]	@ (100005a8 <hw_claim_unused_from_range+0x84>)
10000536:	682c      	ldr	r4, [r5, #0]
10000538:	2c00      	cmp	r4, #0
1000053a:	d0fc      	beq.n	10000536 <hw_claim_unused_from_range+0x12>
1000053c:	f3bf 8f5f 	dmb	sy
10000540:	429a      	cmp	r2, r3
10000542:	d822      	bhi.n	1000058a <hw_claim_unused_from_range+0x66>
10000544:	2107      	movs	r1, #7
10000546:	2601      	movs	r6, #1
10000548:	4689      	mov	r9, r1
1000054a:	e002      	b.n	10000552 <hw_claim_unused_from_range+0x2e>
1000054c:	3201      	adds	r2, #1
1000054e:	4293      	cmp	r3, r2
10000550:	d318      	bcc.n	10000584 <hw_claim_unused_from_range+0x60>
10000552:	464d      	mov	r5, r9
10000554:	0037      	movs	r7, r6
10000556:	4015      	ands	r5, r2
10000558:	40af      	lsls	r7, r5
1000055a:	08d4      	lsrs	r4, r2, #3
1000055c:	1901      	adds	r1, r0, r4
1000055e:	5d04      	ldrb	r4, [r0, r4]
10000560:	4227      	tst	r7, r4
10000562:	d1f3      	bne.n	1000054c <hw_claim_unused_from_range+0x28>
10000564:	0010      	movs	r0, r2
10000566:	433c      	orrs	r4, r7
10000568:	700c      	strb	r4, [r1, #0]
1000056a:	f3bf 8f5f 	dmb	sy
1000056e:	2200      	movs	r2, #0
10000570:	4b0d      	ldr	r3, [pc, #52]	@ (100005a8 <hw_claim_unused_from_range+0x84>)
10000572:	601a      	str	r2, [r3, #0]
10000574:	f38c 8810 	msr	PRIMASK, ip
10000578:	2800      	cmp	r0, #0
1000057a:	db0e      	blt.n	1000059a <hw_claim_unused_from_range+0x76>
1000057c:	bcc0      	pop	{r6, r7}
1000057e:	46b9      	mov	r9, r7
10000580:	46b0      	mov	r8, r6
10000582:	bdf8      	pop	{r3, r4, r5, r6, r7, pc}
10000584:	2001      	movs	r0, #1
10000586:	4240      	negs	r0, r0
10000588:	e7ef      	b.n	1000056a <hw_claim_unused_from_range+0x46>
1000058a:	f3bf 8f5f 	dmb	sy
1000058e:	2300      	movs	r3, #0
10000590:	602b      	str	r3, [r5, #0]
10000592:	f38c 8810 	msr	PRIMASK, ip
10000596:	2001      	movs	r0, #1
10000598:	4240      	negs	r0, r0
1000059a:	4643      	mov	r3, r8
1000059c:	2b00      	cmp	r3, #0
1000059e:	d0ed      	beq.n	1000057c <hw_claim_unused_from_range+0x58>
100005a0:	9808      	ldr	r0, [sp, #32]
100005a2:	f7ff ff6f 	bl	10000484 <panic>
100005a6:	46c0      	nop			@ (mov r8, r8)
100005a8:	d000012c 	.word	0xd000012c

100005ac <hw_claim_clear>:
100005ac:	b530      	push	{r4, r5, lr}
100005ae:	f3ef 8c10 	mrs	ip, PRIMASK
100005b2:	b672      	cpsid	i
100005b4:	4c0a      	ldr	r4, [pc, #40]	@ (100005e0 <hw_claim_clear+0x34>)
100005b6:	6823      	ldr	r3, [r4, #0]
100005b8:	2b00      	cmp	r3, #0
100005ba:	d0fc      	beq.n	100005b6 <hw_claim_clear+0xa>
100005bc:	f3bf 8f5f 	dmb	sy
100005c0:	2307      	movs	r3, #7
100005c2:	2201      	movs	r2, #1
100005c4:	400b      	ands	r3, r1
100005c6:	409a      	lsls	r2, r3
100005c8:	08cd      	lsrs	r5, r1, #3
100005ca:	5d43      	ldrb	r3, [r0, r5]
100005cc:	4393      	bics	r3, r2
100005ce:	5543      	strb	r3, [r0, r5]
100005d0:	f3bf 8f5f 	dmb	sy
100005d4:	2300      	movs	r3, #0
100005d6:	6023      	str	r3, [r4, #0]
100005d8:	f38c 8810 	msr	PRIMASK, ip
100005dc:	bd30      	pop	{r4, r5, pc}
100005de:	46c0      	nop			@ (mov r8, r8)
100005e0:	d000012c 	.word	0xd000012c

100005e4 <next_striped_spin_lock_num>:
100005e4:	4a04      	ldr	r2, [pc, #16]	@ (100005f8 <next_striped_spin_lock_num+0x14>)
100005e6:	7810      	ldrb	r0, [r2, #0]
100005e8:	1c43      	adds	r3, r0, #1
100005ea:	b2db      	uxtb	r3, r3
100005ec:	2b17      	cmp	r3, #23
100005ee:	d900      	bls.n	100005f2 <next_striped_spin_lock_num+0xe>
100005f0:	2310      	movs	r3, #16
100005f2:	7013      	strb	r3, [r2, #0]
100005f4:	4770      	bx	lr
100005f6:	46c0      	nop			@ (mov r8, r8)
100005f8:	20000518 	.word	0x20000518

100005fc <spin_locks_reset>:
100005fc:	2100      	movs	r1, #0
100005fe:	4b04      	ldr	r3, [pc, #16]	@ (10000610 <spin_locks_reset+0x14>)
10000600:	4a04      	ldr	r2, [pc, #16]	@ (10000614 <spin_locks_reset+0x18>)
10000602:	f3bf 8f5f 	dmb	sy
10000606:	c302      	stmia	r3!, {r1}
10000608:	4293      	cmp	r3, r2
1000060a:	d1fa      	bne.n	10000602 <spin_locks_reset+0x6>
1000060c:	4770      	bx	lr
1000060e:	46c0      	nop			@ (mov r8, r8)
10000610:	d0000100 	.word	0xd0000100
10000614:	d0000180 	.word	0xd0000180

10000618 <runtime_init_per_core_irq_priorities>:
10000618:	4b05      	ldr	r3, [pc, #20]	@ (10000630 <runtime_init_per_core_irq_priorities+0x18>)
1000061a:	4a06      	ldr	r2, [pc, #24]	@ (10000634 <runtime_init_per_core_irq_priorities+0x1c>)
1000061c:	6013      	str	r3, [r2, #0]
1000061e:	4a06      	ldr	r2, [pc, #24]	@ (10000638 <runtime_init_per_core_irq_priorities+0x20>)
10000620:	6013      	str	r3, [r2, #0]
10000622:	6053      	str	r3, [r2, #4]
10000624:	6093      	str	r3, [r2, #8]
10000626:	60d3      	str	r3, [r2, #12]
10000628:	6113      	str	r3, [r2, #16]
1000062a:	6153      	str	r3, [r2, #20]
1000062c:	6193      	str	r3, [r2, #24]
1000062e:	4770      	bx	lr
10000630:	80808080 	.word	0x80808080
10000634:	e000e400 	.word	0xe000e400
10000638:	e000e404 	.word	0xe000e404

1000063c <irq_set_enabled>:
1000063c:	231f      	movs	r3, #31
1000063e:	4018      	ands	r0, r3
10000640:	3b1e      	subs	r3, #30
10000642:	4083      	lsls	r3, r0
10000644:	2900      	cmp	r1, #0
10000646:	d005      	beq.n	10000654 <irq_set_enabled+0x18>
10000648:	21c0      	movs	r1, #192	@ 0xc0
1000064a:	4a04      	ldr	r2, [pc, #16]	@ (1000065c <irq_set_enabled+0x20>)
1000064c:	0049      	lsls	r1, r1, #1
1000064e:	5053      	str	r3, [r2, r1]
10000650:	6013      	str	r3, [r2, #0]
10000652:	4770      	bx	lr
10000654:	2280      	movs	r2, #128	@ 0x80
10000656:	4901      	ldr	r1, [pc, #4]	@ (1000065c <irq_set_enabled+0x20>)
10000658:	508b      	str	r3, [r1, r2]
1000065a:	e7fa      	b.n	10000652 <irq_set_enabled+0x16>
1000065c:	e000e100 	.word	0xe000e100

10000660 <irq_set_pending>:
10000660:	2301      	movs	r3, #1
10000662:	4083      	lsls	r3, r0
10000664:	4a01      	ldr	r2, [pc, #4]	@ (1000066c <irq_set_pending+0xc>)
10000666:	6013      	str	r3, [r2, #0]
10000668:	4770      	bx	lr
1000066a:	46c0      	nop			@ (mov r8, r8)
1000066c:	e000e200 	.word	0xe000e200

10000670 <irq_set_exclusive_handler>:
10000670:	b570      	push	{r4, r5, r6, lr}
10000672:	000d      	movs	r5, r1
10000674:	f3ef 8610 	mrs	r6, PRIMASK
10000678:	b672      	cpsid	i
1000067a:	4a0f      	ldr	r2, [pc, #60]	@ (100006b8 <irq_set_exclusive_handler+0x48>)
1000067c:	6813      	ldr	r3, [r2, #0]
1000067e:	2b00      	cmp	r3, #0
10000680:	d0fc      	beq.n	1000067c <irq_set_exclusive_handler+0xc>
10000682:	f3bf 8f5f 	dmb	sy
10000686:	4b0d      	ldr	r3, [pc, #52]	@ (100006bc <irq_set_exclusive_handler+0x4c>)
10000688:	3010      	adds	r0, #16
1000068a:	689b      	ldr	r3, [r3, #8]
1000068c:	0084      	lsls	r4, r0, #2
1000068e:	591b      	ldr	r3, [r3, r4]
10000690:	4a0b      	ldr	r2, [pc, #44]	@ (100006c0 <irq_set_exclusive_handler+0x50>)
10000692:	4293      	cmp	r3, r2
10000694:	d003      	beq.n	1000069e <irq_set_exclusive_handler+0x2e>
10000696:	429d      	cmp	r5, r3
10000698:	d001      	beq.n	1000069e <irq_set_exclusive_handler+0x2e>
1000069a:	f001 f901 	bl	100018a0 <hard_assertion_failure>
1000069e:	4b07      	ldr	r3, [pc, #28]	@ (100006bc <irq_set_exclusive_handler+0x4c>)
100006a0:	689b      	ldr	r3, [r3, #8]
100006a2:	511d      	str	r5, [r3, r4]
100006a4:	f3bf 8f5f 	dmb	sy
100006a8:	f3bf 8f5f 	dmb	sy
100006ac:	2200      	movs	r2, #0
100006ae:	4b02      	ldr	r3, [pc, #8]	@ (100006b8 <irq_set_exclusive_handler+0x48>)
100006b0:	601a      	str	r2, [r3, #0]
100006b2:	f386 8810 	msr	PRIMASK, r6
100006b6:	bd70      	pop	{r4, r5, r6, pc}
100006b8:	d0000124 	.word	0xd0000124
100006bc:	e000ed00 	.word	0xe000ed00
100006c0:	100001c1 	.word	0x100001c1

100006c4 <irq_add_shared_handler>:
100006c4:	b5f0      	push	{r4, r5, r6, r7, lr}
100006c6:	4657      	mov	r7, sl
100006c8:	464e      	mov	r6, r9
100006ca:	46de      	mov	lr, fp
100006cc:	4645      	mov	r5, r8
100006ce:	b5e0      	push	{r5, r6, r7, lr}
100006d0:	b085      	sub	sp, #20
100006d2:	0006      	movs	r6, r0
100006d4:	9100      	str	r1, [sp, #0]
100006d6:	0017      	movs	r7, r2
100006d8:	f3ef 8b10 	mrs	fp, PRIMASK
100006dc:	b672      	cpsid	i
100006de:	4a6a      	ldr	r2, [pc, #424]	@ (10000888 <irq_add_shared_handler+0x1c4>)
100006e0:	6813      	ldr	r3, [r2, #0]
100006e2:	2b00      	cmp	r3, #0
100006e4:	d0fc      	beq.n	100006e0 <irq_add_shared_handler+0x1c>
100006e6:	f3bf 8f5f 	dmb	sy
100006ea:	2500      	movs	r5, #0
100006ec:	4b67      	ldr	r3, [pc, #412]	@ (1000088c <irq_add_shared_handler+0x1c8>)
100006ee:	575d      	ldrsb	r5, [r3, r5]
100006f0:	469a      	mov	sl, r3
100006f2:	2d00      	cmp	r5, #0
100006f4:	da00      	bge.n	100006f8 <irq_add_shared_handler+0x34>
100006f6:	e0a9      	b.n	1000084c <irq_add_shared_handler+0x188>
100006f8:	006b      	lsls	r3, r5, #1
100006fa:	4c65      	ldr	r4, [pc, #404]	@ (10000890 <irq_add_shared_handler+0x1cc>)
100006fc:	9301      	str	r3, [sp, #4]
100006fe:	195b      	adds	r3, r3, r5
10000700:	009b      	lsls	r3, r3, #2
10000702:	4698      	mov	r8, r3
10000704:	46a1      	mov	r9, r4
10000706:	44c1      	add	r9, r8
10000708:	464b      	mov	r3, r9
1000070a:	4652      	mov	r2, sl
1000070c:	799b      	ldrb	r3, [r3, #6]
1000070e:	3610      	adds	r6, #16
10000710:	7013      	strb	r3, [r2, #0]
10000712:	4b60      	ldr	r3, [pc, #384]	@ (10000894 <irq_add_shared_handler+0x1d0>)
10000714:	00b6      	lsls	r6, r6, #2
10000716:	689b      	ldr	r3, [r3, #8]
10000718:	5999      	ldr	r1, [r3, r6]
1000071a:	1b0b      	subs	r3, r1, r4
1000071c:	2b2f      	cmp	r3, #47	@ 0x2f
1000071e:	d933      	bls.n	10000788 <irq_add_shared_handler+0xc4>
10000720:	4b5d      	ldr	r3, [pc, #372]	@ (10000898 <irq_add_shared_handler+0x1d4>)
10000722:	4299      	cmp	r1, r3
10000724:	d000      	beq.n	10000728 <irq_add_shared_handler+0x64>
10000726:	e0ac      	b.n	10000882 <irq_add_shared_handler+0x1be>
10000728:	9b01      	ldr	r3, [sp, #4]
1000072a:	4642      	mov	r2, r8
1000072c:	469c      	mov	ip, r3
1000072e:	4b5b      	ldr	r3, [pc, #364]	@ (1000089c <irq_add_shared_handler+0x1d8>)
10000730:	4465      	add	r5, ip
10000732:	00ad      	lsls	r5, r5, #2
10000734:	5363      	strh	r3, [r4, r5]
10000736:	4b5a      	ldr	r3, [pc, #360]	@ (100008a0 <irq_add_shared_handler+0x1dc>)
10000738:	3202      	adds	r2, #2
1000073a:	18a2      	adds	r2, r4, r2
1000073c:	3b04      	subs	r3, #4
1000073e:	1a9b      	subs	r3, r3, r2
10000740:	051b      	lsls	r3, r3, #20
10000742:	4a58      	ldr	r2, [pc, #352]	@ (100008a4 <irq_add_shared_handler+0x1e0>)
10000744:	0d5b      	lsrs	r3, r3, #21
10000746:	1965      	adds	r5, r4, r5
10000748:	4313      	orrs	r3, r2
1000074a:	806b      	strh	r3, [r5, #2]
1000074c:	4b56      	ldr	r3, [pc, #344]	@ (100008a8 <irq_add_shared_handler+0x1e4>)
1000074e:	2101      	movs	r1, #1
10000750:	80ab      	strh	r3, [r5, #4]
10000752:	23ff      	movs	r3, #255	@ 0xff
10000754:	71ab      	strb	r3, [r5, #6]
10000756:	9b00      	ldr	r3, [sp, #0]
10000758:	71ef      	strb	r7, [r5, #7]
1000075a:	60ab      	str	r3, [r5, #8]
1000075c:	464b      	mov	r3, r9
1000075e:	430b      	orrs	r3, r1
10000760:	0019      	movs	r1, r3
10000762:	4b4c      	ldr	r3, [pc, #304]	@ (10000894 <irq_add_shared_handler+0x1d0>)
10000764:	689b      	ldr	r3, [r3, #8]
10000766:	5199      	str	r1, [r3, r6]
10000768:	f3bf 8f5f 	dmb	sy
1000076c:	f3bf 8f5f 	dmb	sy
10000770:	2200      	movs	r2, #0
10000772:	4b45      	ldr	r3, [pc, #276]	@ (10000888 <irq_add_shared_handler+0x1c4>)
10000774:	601a      	str	r2, [r3, #0]
10000776:	f38b 8810 	msr	PRIMASK, fp
1000077a:	b005      	add	sp, #20
1000077c:	bcf0      	pop	{r4, r5, r6, r7}
1000077e:	46bb      	mov	fp, r7
10000780:	46b2      	mov	sl, r6
10000782:	46a9      	mov	r9, r5
10000784:	46a0      	mov	r8, r4
10000786:	bdf0      	pop	{r4, r5, r6, r7, pc}
10000788:	2001      	movs	r0, #1
1000078a:	000a      	movs	r2, r1
1000078c:	4382      	bics	r2, r0
1000078e:	79d3      	ldrb	r3, [r2, #7]
10000790:	468c      	mov	ip, r1
10000792:	42bb      	cmp	r3, r7
10000794:	d831      	bhi.n	100007fa <irq_add_shared_handler+0x136>
10000796:	4645      	mov	r5, r8
10000798:	0013      	movs	r3, r2
1000079a:	4944      	ldr	r1, [pc, #272]	@ (100008ac <irq_add_shared_handler+0x1e8>)
1000079c:	1b1b      	subs	r3, r3, r4
1000079e:	415b      	adcs	r3, r3
100007a0:	4359      	muls	r1, r3
100007a2:	0d09      	lsrs	r1, r1, #20
100007a4:	4b3d      	ldr	r3, [pc, #244]	@ (1000089c <irq_add_shared_handler+0x1d8>)
100007a6:	5363      	strh	r3, [r4, r5]
100007a8:	4b3d      	ldr	r3, [pc, #244]	@ (100008a0 <irq_add_shared_handler+0x1dc>)
100007aa:	3502      	adds	r5, #2
100007ac:	1965      	adds	r5, r4, r5
100007ae:	3b04      	subs	r3, #4
100007b0:	1b5b      	subs	r3, r3, r5
100007b2:	051b      	lsls	r3, r3, #20
100007b4:	4d3b      	ldr	r5, [pc, #236]	@ (100008a4 <irq_add_shared_handler+0x1e0>)
100007b6:	0d5b      	lsrs	r3, r3, #21
100007b8:	432b      	orrs	r3, r5
100007ba:	46aa      	mov	sl, r5
100007bc:	464d      	mov	r5, r9
100007be:	806b      	strh	r3, [r5, #2]
100007c0:	2504      	movs	r5, #4
100007c2:	46ac      	mov	ip, r5
100007c4:	4655      	mov	r5, sl
100007c6:	44e0      	add	r8, ip
100007c8:	1f13      	subs	r3, r2, #4
100007ca:	4444      	add	r4, r8
100007cc:	1b1b      	subs	r3, r3, r4
100007ce:	051b      	lsls	r3, r3, #20
100007d0:	0d5b      	lsrs	r3, r3, #21
100007d2:	431d      	orrs	r5, r3
100007d4:	464b      	mov	r3, r9
100007d6:	7199      	strb	r1, [r3, #6]
100007d8:	9900      	ldr	r1, [sp, #0]
100007da:	809d      	strh	r5, [r3, #4]
100007dc:	6099      	str	r1, [r3, #8]
100007de:	4649      	mov	r1, r9
100007e0:	71df      	strb	r7, [r3, #7]
100007e2:	4b33      	ldr	r3, [pc, #204]	@ (100008b0 <irq_add_shared_handler+0x1ec>)
100007e4:	4301      	orrs	r1, r0
100007e6:	6013      	str	r3, [r2, #0]
100007e8:	e7bb      	b.n	10000762 <irq_add_shared_handler+0x9e>
100007ea:	0058      	lsls	r0, r3, #1
100007ec:	18c0      	adds	r0, r0, r3
100007ee:	0080      	lsls	r0, r0, #2
100007f0:	1820      	adds	r0, r4, r0
100007f2:	79c1      	ldrb	r1, [r0, #7]
100007f4:	42b9      	cmp	r1, r7
100007f6:	d92f      	bls.n	10000858 <irq_add_shared_handler+0x194>
100007f8:	0002      	movs	r2, r0
100007fa:	2306      	movs	r3, #6
100007fc:	56d3      	ldrsb	r3, [r2, r3]
100007fe:	2b00      	cmp	r3, #0
10000800:	daf3      	bge.n	100007ea <irq_add_shared_handler+0x126>
10000802:	9302      	str	r3, [sp, #8]
10000804:	4b2b      	ldr	r3, [pc, #172]	@ (100008b4 <irq_add_shared_handler+0x1f0>)
10000806:	4661      	mov	r1, ip
10000808:	9303      	str	r3, [sp, #12]
1000080a:	1d13      	adds	r3, r2, #4
1000080c:	469a      	mov	sl, r3
1000080e:	2304      	movs	r3, #4
10000810:	425b      	negs	r3, r3
10000812:	469c      	mov	ip, r3
10000814:	44e1      	add	r9, ip
10000816:	4650      	mov	r0, sl
10000818:	464b      	mov	r3, r9
1000081a:	1a1b      	subs	r3, r3, r0
1000081c:	051b      	lsls	r3, r3, #20
1000081e:	0d5b      	lsrs	r3, r3, #21
10000820:	469c      	mov	ip, r3
10000822:	4b20      	ldr	r3, [pc, #128]	@ (100008a4 <irq_add_shared_handler+0x1e0>)
10000824:	7195      	strb	r5, [r2, #6]
10000826:	4698      	mov	r8, r3
10000828:	4663      	mov	r3, ip
1000082a:	4640      	mov	r0, r8
1000082c:	4303      	orrs	r3, r0
1000082e:	8093      	strh	r3, [r2, #4]
10000830:	9b01      	ldr	r3, [sp, #4]
10000832:	195a      	adds	r2, r3, r5
10000834:	0092      	lsls	r2, r2, #2
10000836:	9b03      	ldr	r3, [sp, #12]
10000838:	18a4      	adds	r4, r4, r2
1000083a:	80a3      	strh	r3, [r4, #4]
1000083c:	9b02      	ldr	r3, [sp, #8]
1000083e:	4a1c      	ldr	r2, [pc, #112]	@ (100008b0 <irq_add_shared_handler+0x1ec>)
10000840:	71a3      	strb	r3, [r4, #6]
10000842:	9b00      	ldr	r3, [sp, #0]
10000844:	6022      	str	r2, [r4, #0]
10000846:	71e7      	strb	r7, [r4, #7]
10000848:	60a3      	str	r3, [r4, #8]
1000084a:	e78a      	b.n	10000762 <irq_add_shared_handler+0x9e>
1000084c:	f001 f828 	bl	100018a0 <hard_assertion_failure>
10000850:	2500      	movs	r5, #0
10000852:	4653      	mov	r3, sl
10000854:	575d      	ldrsb	r5, [r3, r5]
10000856:	e74f      	b.n	100006f8 <irq_add_shared_handler+0x34>
10000858:	8890      	ldrh	r0, [r2, #4]
1000085a:	9302      	str	r3, [sp, #8]
1000085c:	0540      	lsls	r0, r0, #21
1000085e:	1d13      	adds	r3, r2, #4
10000860:	469a      	mov	sl, r3
10000862:	1503      	asrs	r3, r0, #20
10000864:	4661      	mov	r1, ip
10000866:	469c      	mov	ip, r3
10000868:	4640      	mov	r0, r8
1000086a:	44d4      	add	ip, sl
1000086c:	4663      	mov	r3, ip
1000086e:	3004      	adds	r0, #4
10000870:	1820      	adds	r0, r4, r0
10000872:	1a18      	subs	r0, r3, r0
10000874:	23e0      	movs	r3, #224	@ 0xe0
10000876:	0500      	lsls	r0, r0, #20
10000878:	0d40      	lsrs	r0, r0, #21
1000087a:	021b      	lsls	r3, r3, #8
1000087c:	4318      	orrs	r0, r3
1000087e:	9003      	str	r0, [sp, #12]
10000880:	e7c5      	b.n	1000080e <irq_add_shared_handler+0x14a>
10000882:	f001 f80d 	bl	100018a0 <hard_assertion_failure>
10000886:	e74f      	b.n	10000728 <irq_add_shared_handler+0x64>
10000888:	d0000124 	.word	0xd0000124
1000088c:	20001435 	.word	0x20001435
10000890:	2000051c 	.word	0x2000051c
10000894:	e000ed00 	.word	0xe000ed00
10000898:	100001c1 	.word	0x100001c1
1000089c:	ffffa100 	.word	0xffffa100
100008a0:	2000054c 	.word	0x2000054c
100008a4:	ffffe000 	.word	0xffffe000
100008a8:	ffffbd01 	.word	0xffffbd01
100008ac:	0000aaaa 	.word	0x0000aaaa
100008b0:	47804801 	.word	0x47804801
100008b4:	0000bd01 	.word	0x0000bd01

100008b8 <irq_remove_handler>:
100008b8:	b5f0      	push	{r4, r5, r6, r7, lr}
100008ba:	46de      	mov	lr, fp
100008bc:	4657      	mov	r7, sl
100008be:	464e      	mov	r6, r9
100008c0:	4645      	mov	r5, r8
100008c2:	b5e0      	push	{r5, r6, r7, lr}
100008c4:	000c      	movs	r4, r1
100008c6:	b083      	sub	sp, #12
100008c8:	f3ef 8810 	mrs	r8, PRIMASK
100008cc:	b672      	cpsid	i
100008ce:	4a63      	ldr	r2, [pc, #396]	@ (10000a5c <irq_remove_handler+0x1a4>)
100008d0:	6813      	ldr	r3, [r2, #0]
100008d2:	2b00      	cmp	r3, #0
100008d4:	d0fc      	beq.n	100008d0 <irq_remove_handler+0x18>
100008d6:	f3bf 8f5f 	dmb	sy
100008da:	4b61      	ldr	r3, [pc, #388]	@ (10000a60 <irq_remove_handler+0x1a8>)
100008dc:	4961      	ldr	r1, [pc, #388]	@ (10000a64 <irq_remove_handler+0x1ac>)
100008de:	689a      	ldr	r2, [r3, #8]
100008e0:	0003      	movs	r3, r0
100008e2:	3310      	adds	r3, #16
100008e4:	009f      	lsls	r7, r3, #2
100008e6:	59d5      	ldr	r5, [r2, r7]
100008e8:	9301      	str	r3, [sp, #4]
100008ea:	428d      	cmp	r5, r1
100008ec:	d043      	beq.n	10000976 <irq_remove_handler+0xbe>
100008ee:	42a5      	cmp	r5, r4
100008f0:	d054      	beq.n	1000099c <irq_remove_handler+0xe4>
100008f2:	4e5d      	ldr	r6, [pc, #372]	@ (10000a68 <irq_remove_handler+0x1b0>)
100008f4:	1baa      	subs	r2, r5, r6
100008f6:	2a2f      	cmp	r2, #47	@ 0x2f
100008f8:	d83d      	bhi.n	10000976 <irq_remove_handler+0xbe>
100008fa:	4b5c      	ldr	r3, [pc, #368]	@ (10000a6c <irq_remove_handler+0x1b4>)
100008fc:	469b      	mov	fp, r3
100008fe:	681b      	ldr	r3, [r3, #0]
10000900:	4699      	mov	r9, r3
10000902:	2301      	movs	r3, #1
10000904:	001a      	movs	r2, r3
10000906:	469c      	mov	ip, r3
10000908:	4082      	lsls	r2, r0
1000090a:	464b      	mov	r3, r9
1000090c:	4013      	ands	r3, r2
1000090e:	221f      	movs	r2, #31
10000910:	4699      	mov	r9, r3
10000912:	4663      	mov	r3, ip
10000914:	4002      	ands	r2, r0
10000916:	4093      	lsls	r3, r2
10000918:	469a      	mov	sl, r3
1000091a:	2280      	movs	r2, #128	@ 0x80
1000091c:	465b      	mov	r3, fp
1000091e:	4650      	mov	r0, sl
10000920:	5098      	str	r0, [r3, r2]
10000922:	f3bf 8f5f 	dmb	sy
10000926:	f3ef 8305 	mrs	r3, IPSR
1000092a:	469b      	mov	fp, r3
1000092c:	2b00      	cmp	r3, #0
1000092e:	d037      	beq.n	100009a0 <irq_remove_handler+0xe8>
10000930:	9b01      	ldr	r3, [sp, #4]
10000932:	455b      	cmp	r3, fp
10000934:	d001      	beq.n	1000093a <irq_remove_handler+0x82>
10000936:	f000 ffb3 	bl	100018a0 <hard_assertion_failure>
1000093a:	2301      	movs	r3, #1
1000093c:	002a      	movs	r2, r5
1000093e:	439a      	bics	r2, r3
10000940:	6890      	ldr	r0, [r2, #8]
10000942:	4284      	cmp	r4, r0
10000944:	d108      	bne.n	10000958 <irq_remove_handler+0xa0>
10000946:	e076      	b.n	10000a36 <irq_remove_handler+0x17e>
10000948:	004b      	lsls	r3, r1, #1
1000094a:	185b      	adds	r3, r3, r1
1000094c:	009b      	lsls	r3, r3, #2
1000094e:	18f3      	adds	r3, r6, r3
10000950:	6898      	ldr	r0, [r3, #8]
10000952:	4284      	cmp	r4, r0
10000954:	d036      	beq.n	100009c4 <irq_remove_handler+0x10c>
10000956:	001a      	movs	r2, r3
10000958:	2106      	movs	r1, #6
1000095a:	5651      	ldrsb	r1, [r2, r1]
1000095c:	2900      	cmp	r1, #0
1000095e:	daf3      	bge.n	10000948 <irq_remove_handler+0x90>
10000960:	4284      	cmp	r4, r0
10000962:	d054      	beq.n	10000a0e <irq_remove_handler+0x156>
10000964:	464b      	mov	r3, r9
10000966:	2b00      	cmp	r3, #0
10000968:	d027      	beq.n	100009ba <irq_remove_handler+0x102>
1000096a:	22c0      	movs	r2, #192	@ 0xc0
1000096c:	4651      	mov	r1, sl
1000096e:	4b3f      	ldr	r3, [pc, #252]	@ (10000a6c <irq_remove_handler+0x1b4>)
10000970:	0052      	lsls	r2, r2, #1
10000972:	5099      	str	r1, [r3, r2]
10000974:	6019      	str	r1, [r3, #0]
10000976:	4b3a      	ldr	r3, [pc, #232]	@ (10000a60 <irq_remove_handler+0x1a8>)
10000978:	689b      	ldr	r3, [r3, #8]
1000097a:	51dd      	str	r5, [r3, r7]
1000097c:	f3bf 8f5f 	dmb	sy
10000980:	f3bf 8f5f 	dmb	sy
10000984:	2200      	movs	r2, #0
10000986:	4b35      	ldr	r3, [pc, #212]	@ (10000a5c <irq_remove_handler+0x1a4>)
10000988:	601a      	str	r2, [r3, #0]
1000098a:	f388 8810 	msr	PRIMASK, r8
1000098e:	b003      	add	sp, #12
10000990:	bcf0      	pop	{r4, r5, r6, r7}
10000992:	46bb      	mov	fp, r7
10000994:	46b2      	mov	sl, r6
10000996:	46a9      	mov	r9, r5
10000998:	46a0      	mov	r8, r4
1000099a:	bdf0      	pop	{r4, r5, r6, r7, pc}
1000099c:	000d      	movs	r5, r1
1000099e:	e7ea      	b.n	10000976 <irq_remove_handler+0xbe>
100009a0:	002a      	movs	r2, r5
100009a2:	4663      	mov	r3, ip
100009a4:	439a      	bics	r2, r3
100009a6:	6890      	ldr	r0, [r2, #8]
100009a8:	4284      	cmp	r4, r0
100009aa:	d1d5      	bne.n	10000958 <irq_remove_handler+0xa0>
100009ac:	2006      	movs	r0, #6
100009ae:	5610      	ldrsb	r0, [r2, r0]
100009b0:	0013      	movs	r3, r2
100009b2:	2800      	cmp	r0, #0
100009b4:	da0a      	bge.n	100009cc <irq_remove_handler+0x114>
100009b6:	000d      	movs	r5, r1
100009b8:	e031      	b.n	10000a1e <irq_remove_handler+0x166>
100009ba:	2380      	movs	r3, #128	@ 0x80
100009bc:	4651      	mov	r1, sl
100009be:	4a2b      	ldr	r2, [pc, #172]	@ (10000a6c <irq_remove_handler+0x1b4>)
100009c0:	50d1      	str	r1, [r2, r3]
100009c2:	e7d8      	b.n	10000976 <irq_remove_handler+0xbe>
100009c4:	2006      	movs	r0, #6
100009c6:	5618      	ldrsb	r0, [r3, r0]
100009c8:	2800      	cmp	r0, #0
100009ca:	db21      	blt.n	10000a10 <irq_remove_handler+0x158>
100009cc:	0042      	lsls	r2, r0, #1
100009ce:	1811      	adds	r1, r2, r0
100009d0:	0089      	lsls	r1, r1, #2
100009d2:	1874      	adds	r4, r6, r1
100009d4:	468b      	mov	fp, r1
100009d6:	68a1      	ldr	r1, [r4, #8]
100009d8:	6099      	str	r1, [r3, #8]
100009da:	79e1      	ldrb	r1, [r4, #7]
100009dc:	71d9      	strb	r1, [r3, #7]
100009de:	2106      	movs	r1, #6
100009e0:	5661      	ldrsb	r1, [r4, r1]
100009e2:	7199      	strb	r1, [r3, #6]
100009e4:	2900      	cmp	r1, #0
100009e6:	db24      	blt.n	10000a32 <irq_remove_handler+0x17a>
100009e8:	88a4      	ldrh	r4, [r4, #4]
100009ea:	1af1      	subs	r1, r6, r3
100009ec:	0564      	lsls	r4, r4, #21
100009ee:	1524      	asrs	r4, r4, #20
100009f0:	445c      	add	r4, fp
100009f2:	1909      	adds	r1, r1, r4
100009f4:	0509      	lsls	r1, r1, #20
100009f6:	4c1e      	ldr	r4, [pc, #120]	@ (10000a70 <irq_remove_handler+0x1b8>)
100009f8:	0d49      	lsrs	r1, r1, #21
100009fa:	4321      	orrs	r1, r4
100009fc:	8099      	strh	r1, [r3, #4]
100009fe:	1813      	adds	r3, r2, r0
10000a00:	4a1c      	ldr	r2, [pc, #112]	@ (10000a74 <irq_remove_handler+0x1bc>)
10000a02:	009b      	lsls	r3, r3, #2
10000a04:	7811      	ldrb	r1, [r2, #0]
10000a06:	18f3      	adds	r3, r6, r3
10000a08:	7199      	strb	r1, [r3, #6]
10000a0a:	7010      	strb	r0, [r2, #0]
10000a0c:	e7aa      	b.n	10000964 <irq_remove_handler+0xac>
10000a0e:	0013      	movs	r3, r2
10000a10:	4659      	mov	r1, fp
10000a12:	2900      	cmp	r1, #0
10000a14:	d114      	bne.n	10000a40 <irq_remove_handler+0x188>
10000a16:	31ff      	adds	r1, #255	@ 0xff
10000a18:	7191      	strb	r1, [r2, #6]
10000a1a:	4917      	ldr	r1, [pc, #92]	@ (10000a78 <irq_remove_handler+0x1c0>)
10000a1c:	8091      	strh	r1, [r2, #4]
10000a1e:	4915      	ldr	r1, [pc, #84]	@ (10000a74 <irq_remove_handler+0x1bc>)
10000a20:	780a      	ldrb	r2, [r1, #0]
10000a22:	719a      	strb	r2, [r3, #6]
10000a24:	4a15      	ldr	r2, [pc, #84]	@ (10000a7c <irq_remove_handler+0x1c4>)
10000a26:	1b9b      	subs	r3, r3, r6
10000a28:	415b      	adcs	r3, r3
10000a2a:	435a      	muls	r2, r3
10000a2c:	0d12      	lsrs	r2, r2, #20
10000a2e:	700a      	strb	r2, [r1, #0]
10000a30:	e798      	b.n	10000964 <irq_remove_handler+0xac>
10000a32:	4911      	ldr	r1, [pc, #68]	@ (10000a78 <irq_remove_handler+0x1c0>)
10000a34:	e7e2      	b.n	100009fc <irq_remove_handler+0x144>
10000a36:	2006      	movs	r0, #6
10000a38:	5610      	ldrsb	r0, [r2, r0]
10000a3a:	0013      	movs	r3, r2
10000a3c:	2800      	cmp	r0, #0
10000a3e:	dac5      	bge.n	100009cc <irq_remove_handler+0x114>
10000a40:	4a0f      	ldr	r2, [pc, #60]	@ (10000a80 <irq_remove_handler+0x1c8>)
10000a42:	4910      	ldr	r1, [pc, #64]	@ (10000a84 <irq_remove_handler+0x1cc>)
10000a44:	1ad2      	subs	r2, r2, r3
10000a46:	3a08      	subs	r2, #8
10000a48:	0250      	lsls	r0, r2, #9
10000a4a:	0d40      	lsrs	r0, r0, #21
10000a4c:	4301      	orrs	r1, r0
10000a4e:	8099      	strh	r1, [r3, #4]
10000a50:	490d      	ldr	r1, [pc, #52]	@ (10000a88 <irq_remove_handler+0x1d0>)
10000a52:	0852      	lsrs	r2, r2, #1
10000a54:	430a      	orrs	r2, r1
10000a56:	80da      	strh	r2, [r3, #6]
10000a58:	e784      	b.n	10000964 <irq_remove_handler+0xac>
10000a5a:	46c0      	nop			@ (mov r8, r8)
10000a5c:	d0000124 	.word	0xd0000124
10000a60:	e000ed00 	.word	0xe000ed00
10000a64:	100001c1 	.word	0x100001c1
10000a68:	2000051c 	.word	0x2000051c
10000a6c:	e000e100 	.word	0xe000e100
10000a70:	ffffe000 	.word	0xffffe000
10000a74:	20001435 	.word	0x20001435
10000a78:	ffffbd01 	.word	0xffffbd01
10000a7c:	0000aaaa 	.word	0x0000aaaa
10000a80:	20000556 	.word	0x20000556
10000a84:	fffff000 	.word	0xfffff000
10000a88:	fffff800 	.word	0xfffff800

10000a8c <irq_set_priority>:
10000a8c:	b510      	push	{r4, lr}
10000a8e:	0883      	lsrs	r3, r0, #2
10000a90:	0004      	movs	r4, r0
10000a92:	2003      	movs	r0, #3
10000a94:	4020      	ands	r0, r4
10000a96:	24ff      	movs	r4, #255	@ 0xff
10000a98:	4a05      	ldr	r2, [pc, #20]	@ (10000ab0 <irq_set_priority+0x24>)
10000a9a:	00c0      	lsls	r0, r0, #3
10000a9c:	4694      	mov	ip, r2
10000a9e:	4084      	lsls	r4, r0
10000aa0:	4081      	lsls	r1, r0
10000aa2:	009b      	lsls	r3, r3, #2
10000aa4:	4463      	add	r3, ip
10000aa6:	681a      	ldr	r2, [r3, #0]
10000aa8:	43a2      	bics	r2, r4
10000aaa:	430a      	orrs	r2, r1
10000aac:	601a      	str	r2, [r3, #0]
10000aae:	bd10      	pop	{r4, pc}
10000ab0:	e000e400 	.word	0xe000e400

10000ab4 <irq_add_tail_to_free_list>:
10000ab4:	b570      	push	{r4, r5, r6, lr}
10000ab6:	2401      	movs	r4, #1
10000ab8:	4304      	orrs	r4, r0
10000aba:	f3ef 8105 	mrs	r1, IPSR
10000abe:	f3ef 8c10 	mrs	ip, PRIMASK
10000ac2:	b672      	cpsid	i
10000ac4:	4a21      	ldr	r2, [pc, #132]	@ (10000b4c <irq_add_tail_to_free_list+0x98>)
10000ac6:	6813      	ldr	r3, [r2, #0]
10000ac8:	2b00      	cmp	r3, #0
10000aca:	d0fc      	beq.n	10000ac6 <irq_add_tail_to_free_list+0x12>
10000acc:	f3bf 8f5f 	dmb	sy
10000ad0:	4b1f      	ldr	r3, [pc, #124]	@ (10000b50 <irq_add_tail_to_free_list+0x9c>)
10000ad2:	0005      	movs	r5, r0
10000ad4:	4a1f      	ldr	r2, [pc, #124]	@ (10000b54 <irq_add_tail_to_free_list+0xa0>)
10000ad6:	1aed      	subs	r5, r5, r3
10000ad8:	416d      	adcs	r5, r5
10000ada:	436a      	muls	r2, r5
10000adc:	0d12      	lsrs	r2, r2, #20
10000ade:	4d1e      	ldr	r5, [pc, #120]	@ (10000b58 <irq_add_tail_to_free_list+0xa4>)
10000ae0:	0089      	lsls	r1, r1, #2
10000ae2:	68ae      	ldr	r6, [r5, #8]
10000ae4:	b252      	sxtb	r2, r2
10000ae6:	5876      	ldr	r6, [r6, r1]
10000ae8:	42a6      	cmp	r6, r4
10000aea:	d01c      	beq.n	10000b26 <irq_add_tail_to_free_list+0x72>
10000aec:	2106      	movs	r1, #6
10000aee:	5659      	ldrsb	r1, [r3, r1]
10000af0:	4291      	cmp	r1, r2
10000af2:	d01c      	beq.n	10000b2e <irq_add_tail_to_free_list+0x7a>
10000af4:	2112      	movs	r1, #18
10000af6:	5659      	ldrsb	r1, [r3, r1]
10000af8:	4291      	cmp	r1, r2
10000afa:	d022      	beq.n	10000b42 <irq_add_tail_to_free_list+0x8e>
10000afc:	211e      	movs	r1, #30
10000afe:	5659      	ldrsb	r1, [r3, r1]
10000b00:	4291      	cmp	r1, r2
10000b02:	d020      	beq.n	10000b46 <irq_add_tail_to_free_list+0x92>
10000b04:	212a      	movs	r1, #42	@ 0x2a
10000b06:	5659      	ldrsb	r1, [r3, r1]
10000b08:	2403      	movs	r4, #3
10000b0a:	4291      	cmp	r1, r2
10000b0c:	d010      	beq.n	10000b30 <irq_add_tail_to_free_list+0x7c>
10000b0e:	4b13      	ldr	r3, [pc, #76]	@ (10000b5c <irq_add_tail_to_free_list+0xa8>)
10000b10:	7819      	ldrb	r1, [r3, #0]
10000b12:	701a      	strb	r2, [r3, #0]
10000b14:	7181      	strb	r1, [r0, #6]
10000b16:	f3bf 8f5f 	dmb	sy
10000b1a:	2200      	movs	r2, #0
10000b1c:	4b0b      	ldr	r3, [pc, #44]	@ (10000b4c <irq_add_tail_to_free_list+0x98>)
10000b1e:	601a      	str	r2, [r3, #0]
10000b20:	f38c 8810 	msr	PRIMASK, ip
10000b24:	bd70      	pop	{r4, r5, r6, pc}
10000b26:	68ab      	ldr	r3, [r5, #8]
10000b28:	4c0d      	ldr	r4, [pc, #52]	@ (10000b60 <irq_add_tail_to_free_list+0xac>)
10000b2a:	505c      	str	r4, [r3, r1]
10000b2c:	e7ef      	b.n	10000b0e <irq_add_tail_to_free_list+0x5a>
10000b2e:	2400      	movs	r4, #0
10000b30:	0061      	lsls	r1, r4, #1
10000b32:	1909      	adds	r1, r1, r4
10000b34:	0089      	lsls	r1, r1, #2
10000b36:	185b      	adds	r3, r3, r1
10000b38:	21ff      	movs	r1, #255	@ 0xff
10000b3a:	7199      	strb	r1, [r3, #6]
10000b3c:	4909      	ldr	r1, [pc, #36]	@ (10000b64 <irq_add_tail_to_free_list+0xb0>)
10000b3e:	8099      	strh	r1, [r3, #4]
10000b40:	e7e5      	b.n	10000b0e <irq_add_tail_to_free_list+0x5a>
10000b42:	2401      	movs	r4, #1
10000b44:	e7f4      	b.n	10000b30 <irq_add_tail_to_free_list+0x7c>
10000b46:	2402      	movs	r4, #2
10000b48:	e7f2      	b.n	10000b30 <irq_add_tail_to_free_list+0x7c>
10000b4a:	46c0      	nop			@ (mov r8, r8)
10000b4c:	d0000124 	.word	0xd0000124
10000b50:	2000051c 	.word	0x2000051c
10000b54:	0000aaaa 	.word	0x0000aaaa
10000b58:	e000ed00 	.word	0xe000ed00
10000b5c:	20001435 	.word	0x20001435
10000b60:	100001c1 	.word	0x100001c1
10000b64:	ffffbd01 	.word	0xffffbd01

10000b68 <user_irq_unclaim>:
10000b68:	211f      	movs	r1, #31
10000b6a:	b510      	push	{r4, lr}
10000b6c:	1a09      	subs	r1, r1, r0
10000b6e:	4802      	ldr	r0, [pc, #8]	@ (10000b78 <user_irq_unclaim+0x10>)
10000b70:	f7ff fd1c 	bl	100005ac <hw_claim_clear>
10000b74:	bd10      	pop	{r4, pc}
10000b76:	46c0      	nop			@ (mov r8, r8)
10000b78:	20001436 	.word	0x20001436

10000b7c <user_irq_claim_unused>:
10000b7c:	b510      	push	{r4, lr}
10000b7e:	4b08      	ldr	r3, [pc, #32]	@ (10000ba0 <user_irq_claim_unused+0x24>)
10000b80:	4c08      	ldr	r4, [pc, #32]	@ (10000ba4 <user_irq_claim_unused+0x28>)
10000b82:	b082      	sub	sp, #8
10000b84:	0001      	movs	r1, r0
10000b86:	9300      	str	r3, [sp, #0]
10000b88:	2200      	movs	r2, #0
10000b8a:	2305      	movs	r3, #5
10000b8c:	0020      	movs	r0, r4
10000b8e:	f7ff fcc9 	bl	10000524 <hw_claim_unused_from_range>
10000b92:	2800      	cmp	r0, #0
10000b94:	db01      	blt.n	10000b9a <user_irq_claim_unused+0x1e>
10000b96:	231f      	movs	r3, #31
10000b98:	1a18      	subs	r0, r3, r0
10000b9a:	b002      	add	sp, #8
10000b9c:	bd10      	pop	{r4, pc}
10000b9e:	46c0      	nop			@ (mov r8, r8)
10000ba0:	10007e88 	.word	0x10007e88
10000ba4:	20001436 	.word	0x20001436

10000ba8 <sem_init>:
10000ba8:	b570      	push	{r4, r5, r6, lr}
10000baa:	0004      	movs	r4, r0
10000bac:	000e      	movs	r6, r1
10000bae:	0015      	movs	r5, r2
10000bb0:	f7ff fd18 	bl	100005e4 <next_striped_spin_lock_num>
10000bb4:	0001      	movs	r1, r0
10000bb6:	0020      	movs	r0, r4
10000bb8:	f000 f806 	bl	10000bc8 <lock_init>
10000bbc:	80a6      	strh	r6, [r4, #4]
10000bbe:	80e5      	strh	r5, [r4, #6]
10000bc0:	f3bf 8f5f 	dmb	sy
10000bc4:	bd70      	pop	{r4, r5, r6, pc}
10000bc6:	46c0      	nop			@ (mov r8, r8)

10000bc8 <lock_init>:
10000bc8:	4b02      	ldr	r3, [pc, #8]	@ (10000bd4 <lock_init+0xc>)
10000bca:	469c      	mov	ip, r3
10000bcc:	4461      	add	r1, ip
10000bce:	0089      	lsls	r1, r1, #2
10000bd0:	6001      	str	r1, [r0, #0]
10000bd2:	4770      	bx	lr
10000bd4:	34000040 	.word	0x34000040

10000bd8 <runtime_init_mutex>:
10000bd8:	b570      	push	{r4, r5, r6, lr}
10000bda:	4c11      	ldr	r4, [pc, #68]	@ (10000c20 <runtime_init_mutex+0x48>)
10000bdc:	4d11      	ldr	r5, [pc, #68]	@ (10000c24 <runtime_init_mutex+0x4c>)
10000bde:	42ac      	cmp	r4, r5
10000be0:	d20f      	bcs.n	10000c02 <runtime_init_mutex+0x2a>
10000be2:	26ff      	movs	r6, #255	@ 0xff
10000be4:	6823      	ldr	r3, [r4, #0]
10000be6:	2b00      	cmp	r3, #0
10000be8:	d00c      	beq.n	10000c04 <runtime_init_mutex+0x2c>
10000bea:	f7ff fcfb 	bl	100005e4 <next_striped_spin_lock_num>
10000bee:	0001      	movs	r1, r0
10000bf0:	0020      	movs	r0, r4
10000bf2:	f7ff ffe9 	bl	10000bc8 <lock_init>
10000bf6:	80a6      	strh	r6, [r4, #4]
10000bf8:	f3bf 8f5f 	dmb	sy
10000bfc:	3408      	adds	r4, #8
10000bfe:	42ac      	cmp	r4, r5
10000c00:	d3f0      	bcc.n	10000be4 <runtime_init_mutex+0xc>
10000c02:	bd70      	pop	{r4, r5, r6, pc}
10000c04:	f7ff fcee 	bl	100005e4 <next_striped_spin_lock_num>
10000c08:	0001      	movs	r1, r0
10000c0a:	0020      	movs	r0, r4
10000c0c:	f7ff ffdc 	bl	10000bc8 <lock_init>
10000c10:	7126      	strb	r6, [r4, #4]
10000c12:	f3bf 8f5f 	dmb	sy
10000c16:	3408      	adds	r4, #8
10000c18:	42ac      	cmp	r4, r5
10000c1a:	d3e3      	bcc.n	10000be4 <runtime_init_mutex+0xc>
10000c1c:	e7f1      	b.n	10000c02 <runtime_init_mutex+0x2a>
10000c1e:	46c0      	nop			@ (mov r8, r8)
10000c20:	200005c8 	.word	0x200005c8
10000c24:	200005d0 	.word	0x200005d0

10000c28 <recursive_mutex_init>:
10000c28:	b510      	push	{r4, lr}
10000c2a:	0004      	movs	r4, r0
10000c2c:	f7ff fcda 	bl	100005e4 <next_striped_spin_lock_num>
10000c30:	0001      	movs	r1, r0
10000c32:	0020      	movs	r0, r4
10000c34:	f7ff ffc8 	bl	10000bc8 <lock_init>
10000c38:	23ff      	movs	r3, #255	@ 0xff
10000c3a:	80a3      	strh	r3, [r4, #4]
10000c3c:	f3bf 8f5f 	dmb	sy
10000c40:	bd10      	pop	{r4, pc}
10000c42:	46c0      	nop			@ (mov r8, r8)

10000c44 <sleep_until_callback>:
10000c44:	4b0a      	ldr	r3, [pc, #40]	@ (10000c70 <sleep_until_callback+0x2c>)
10000c46:	6819      	ldr	r1, [r3, #0]
10000c48:	f3ef 8010 	mrs	r0, PRIMASK
10000c4c:	b672      	cpsid	i
10000c4e:	680a      	ldr	r2, [r1, #0]
10000c50:	2a00      	cmp	r2, #0
10000c52:	d0fc      	beq.n	10000c4e <sleep_until_callback+0xa>
10000c54:	f3bf 8f5f 	dmb	sy
10000c58:	681b      	ldr	r3, [r3, #0]
10000c5a:	f3bf 8f5f 	dmb	sy
10000c5e:	2200      	movs	r2, #0
10000c60:	601a      	str	r2, [r3, #0]
10000c62:	f380 8810 	msr	PRIMASK, r0
10000c66:	bf40      	sev
10000c68:	2000      	movs	r0, #0
10000c6a:	2100      	movs	r1, #0
10000c6c:	4770      	bx	lr
10000c6e:	46c0      	nop			@ (mov r8, r8)
10000c70:	2000142c 	.word	0x2000142c

10000c74 <alarm_pool_irq_handler>:
10000c74:	b5f0      	push	{r4, r5, r6, r7, lr}
10000c76:	46de      	mov	lr, fp
10000c78:	4657      	mov	r7, sl
10000c7a:	464e      	mov	r6, r9
10000c7c:	4645      	mov	r5, r8
10000c7e:	b5e0      	push	{r5, r6, r7, lr}
10000c80:	b087      	sub	sp, #28
10000c82:	f3ef 8305 	mrs	r3, IPSR
10000c86:	2203      	movs	r2, #3
10000c88:	2501      	movs	r5, #1
10000c8a:	401a      	ands	r2, r3
10000c8c:	4095      	lsls	r5, r2
10000c8e:	0091      	lsls	r1, r2, #2
10000c90:	4688      	mov	r8, r1
10000c92:	46a9      	mov	r9, r5
10000c94:	4bb1      	ldr	r3, [pc, #708]	@ (10000f5c <alarm_pool_irq_handler+0x2e8>)
10000c96:	9203      	str	r2, [sp, #12]
10000c98:	585c      	ldr	r4, [r3, r1]
10000c9a:	4bb1      	ldr	r3, [pc, #708]	@ (10000f60 <alarm_pool_irq_handler+0x2ec>)
10000c9c:	601d      	str	r5, [r3, #0]
10000c9e:	4bb1      	ldr	r3, [pc, #708]	@ (10000f64 <alarm_pool_irq_handler+0x2f0>)
10000ca0:	9304      	str	r3, [sp, #16]
10000ca2:	464b      	mov	r3, r9
10000ca4:	48b0      	ldr	r0, [pc, #704]	@ (10000f68 <alarm_pool_irq_handler+0x2f4>)
10000ca6:	6343      	str	r3, [r0, #52]	@ 0x34
10000ca8:	2308      	movs	r3, #8
10000caa:	5ee5      	ldrsh	r5, [r4, r3]
10000cac:	2d00      	cmp	r5, #0
10000cae:	da37      	bge.n	10000d20 <alarm_pool_irq_handler+0xac>
10000cb0:	88a3      	ldrh	r3, [r4, #4]
10000cb2:	b21b      	sxth	r3, r3
10000cb4:	2b00      	cmp	r3, #0
10000cb6:	db00      	blt.n	10000cba <alarm_pool_irq_handler+0x46>
10000cb8:	e0ad      	b.n	10000e16 <alarm_pool_irq_handler+0x1a2>
10000cba:	79a3      	ldrb	r3, [r4, #6]
10000cbc:	2b00      	cmp	r3, #0
10000cbe:	d000      	beq.n	10000cc2 <alarm_pool_irq_handler+0x4e>
10000cc0:	e0ee      	b.n	10000ea0 <alarm_pool_irq_handler+0x22c>
10000cc2:	2308      	movs	r3, #8
10000cc4:	5ee1      	ldrsh	r1, [r4, r3]
10000cc6:	2900      	cmp	r1, #0
10000cc8:	db20      	blt.n	10000d0c <alarm_pool_irq_handler+0x98>
10000cca:	004b      	lsls	r3, r1, #1
10000ccc:	6962      	ldr	r2, [r4, #20]
10000cce:	185b      	adds	r3, r3, r1
10000cd0:	00db      	lsls	r3, r3, #3
10000cd2:	18d3      	adds	r3, r2, r3
10000cd4:	689e      	ldr	r6, [r3, #8]
10000cd6:	68dd      	ldr	r5, [r3, #12]
10000cd8:	1c73      	adds	r3, r6, #1
10000cda:	d100      	bne.n	10000cde <alarm_pool_irq_handler+0x6a>
10000cdc:	e10d      	b.n	10000efa <alarm_pool_irq_handler+0x286>
10000cde:	48a2      	ldr	r0, [pc, #648]	@ (10000f68 <alarm_pool_irq_handler+0x2f4>)
10000ce0:	0001      	movs	r1, r0
10000ce2:	4441      	add	r1, r8
10000ce4:	6a82      	ldr	r2, [r0, #40]	@ 0x28
10000ce6:	690b      	ldr	r3, [r1, #16]
10000ce8:	1ab7      	subs	r7, r6, r2
10000cea:	1a9b      	subs	r3, r3, r2
10000cec:	429f      	cmp	r7, r3
10000cee:	d315      	bcc.n	10000d1c <alarm_pool_irq_handler+0xa8>
10000cf0:	2301      	movs	r3, #1
10000cf2:	6a02      	ldr	r2, [r0, #32]
10000cf4:	9803      	ldr	r0, [sp, #12]
10000cf6:	4083      	lsls	r3, r0
10000cf8:	421a      	tst	r2, r3
10000cfa:	d00f      	beq.n	10000d1c <alarm_pool_irq_handler+0xa8>
10000cfc:	489a      	ldr	r0, [pc, #616]	@ (10000f68 <alarm_pool_irq_handler+0x2f4>)
10000cfe:	f000 fc17 	bl	10001530 <timer_time_us_64>
10000d02:	428d      	cmp	r5, r1
10000d04:	dc02      	bgt.n	10000d0c <alarm_pool_irq_handler+0x98>
10000d06:	d1cc      	bne.n	10000ca2 <alarm_pool_irq_handler+0x2e>
10000d08:	4286      	cmp	r6, r0
10000d0a:	d9ca      	bls.n	10000ca2 <alarm_pool_irq_handler+0x2e>
10000d0c:	bf40      	sev
10000d0e:	b007      	add	sp, #28
10000d10:	bcf0      	pop	{r4, r5, r6, r7}
10000d12:	46bb      	mov	fp, r7
10000d14:	46b2      	mov	sl, r6
10000d16:	46a9      	mov	r9, r5
10000d18:	46a0      	mov	r8, r4
10000d1a:	bdf0      	pop	{r4, r5, r6, r7, pc}
10000d1c:	610e      	str	r6, [r1, #16]
10000d1e:	e7ed      	b.n	10000cfc <alarm_pool_irq_handler+0x88>
10000d20:	6962      	ldr	r2, [r4, #20]
10000d22:	006b      	lsls	r3, r5, #1
10000d24:	4692      	mov	sl, r2
10000d26:	195b      	adds	r3, r3, r5
10000d28:	00db      	lsls	r3, r3, #3
10000d2a:	449a      	add	sl, r3
10000d2c:	4653      	mov	r3, sl
10000d2e:	689e      	ldr	r6, [r3, #8]
10000d30:	68df      	ldr	r7, [r3, #12]
10000d32:	f000 fbfd 	bl	10001530 <timer_time_us_64>
10000d36:	428f      	cmp	r7, r1
10000d38:	dcba      	bgt.n	10000cb0 <alarm_pool_irq_handler+0x3c>
10000d3a:	d100      	bne.n	10000d3e <alarm_pool_irq_handler+0xca>
10000d3c:	e0ff      	b.n	10000f3e <alarm_pool_irq_handler+0x2ca>
10000d3e:	2f00      	cmp	r7, #0
10000d40:	da00      	bge.n	10000d44 <alarm_pool_irq_handler+0xd0>
10000d42:	e0e4      	b.n	10000f0e <alarm_pool_irq_handler+0x29a>
10000d44:	4652      	mov	r2, sl
10000d46:	4653      	mov	r3, sl
10000d48:	6952      	ldr	r2, [r2, #20]
10000d4a:	691b      	ldr	r3, [r3, #16]
10000d4c:	4693      	mov	fp, r2
10000d4e:	9a04      	ldr	r2, [sp, #16]
10000d50:	4293      	cmp	r3, r2
10000d52:	d100      	bne.n	10000d56 <alarm_pool_irq_handler+0xe2>
10000d54:	e0d5      	b.n	10000f02 <alarm_pool_irq_handler+0x28e>
10000d56:	4652      	mov	r2, sl
10000d58:	2108      	movs	r1, #8
10000d5a:	5e60      	ldrsh	r0, [r4, r1]
10000d5c:	8852      	ldrh	r2, [r2, #2]
10000d5e:	0400      	lsls	r0, r0, #16
10000d60:	4659      	mov	r1, fp
10000d62:	4310      	orrs	r0, r2
10000d64:	4798      	blx	r3
10000d66:	9000      	str	r0, [sp, #0]
10000d68:	9101      	str	r1, [sp, #4]
10000d6a:	9900      	ldr	r1, [sp, #0]
10000d6c:	9a01      	ldr	r2, [sp, #4]
10000d6e:	000b      	movs	r3, r1
10000d70:	0010      	movs	r0, r2
10000d72:	4313      	orrs	r3, r2
10000d74:	d100      	bne.n	10000d78 <alarm_pool_irq_handler+0x104>
10000d76:	e0ca      	b.n	10000f0e <alarm_pool_irq_handler+0x29a>
10000d78:	0013      	movs	r3, r2
10000d7a:	000a      	movs	r2, r1
10000d7c:	1ab6      	subs	r6, r6, r2
10000d7e:	419f      	sbcs	r7, r3
10000d80:	2800      	cmp	r0, #0
10000d82:	db06      	blt.n	10000d92 <alarm_pool_irq_handler+0x11e>
10000d84:	4878      	ldr	r0, [pc, #480]	@ (10000f68 <alarm_pool_irq_handler+0x2f4>)
10000d86:	f000 fbd3 	bl	10001530 <timer_time_us_64>
10000d8a:	9e00      	ldr	r6, [sp, #0]
10000d8c:	9f01      	ldr	r7, [sp, #4]
10000d8e:	1836      	adds	r6, r6, r0
10000d90:	414f      	adcs	r7, r1
10000d92:	4653      	mov	r3, sl
10000d94:	609e      	str	r6, [r3, #8]
10000d96:	60df      	str	r7, [r3, #12]
10000d98:	2200      	movs	r2, #0
10000d9a:	5e9a      	ldrsh	r2, [r3, r2]
10000d9c:	2a00      	cmp	r2, #0
10000d9e:	da00      	bge.n	10000da2 <alarm_pool_irq_handler+0x12e>
10000da0:	e786      	b.n	10000cb0 <alarm_pool_irq_handler+0x3c>
10000da2:	0053      	lsls	r3, r2, #1
10000da4:	1899      	adds	r1, r3, r2
10000da6:	6960      	ldr	r0, [r4, #20]
10000da8:	00c9      	lsls	r1, r1, #3
10000daa:	1841      	adds	r1, r0, r1
10000dac:	9302      	str	r3, [sp, #8]
10000dae:	688b      	ldr	r3, [r1, #8]
10000db0:	68c9      	ldr	r1, [r1, #12]
10000db2:	469b      	mov	fp, r3
10000db4:	42b9      	cmp	r1, r7
10000db6:	dd00      	ble.n	10000dba <alarm_pool_irq_handler+0x146>
10000db8:	e77a      	b.n	10000cb0 <alarm_pool_irq_handler+0x3c>
10000dba:	d102      	bne.n	10000dc2 <alarm_pool_irq_handler+0x14e>
10000dbc:	42b3      	cmp	r3, r6
10000dbe:	d900      	bls.n	10000dc2 <alarm_pool_irq_handler+0x14e>
10000dc0:	e776      	b.n	10000cb0 <alarm_pool_irq_handler+0x3c>
10000dc2:	2308      	movs	r3, #8
10000dc4:	469c      	mov	ip, r3
10000dc6:	44a4      	add	ip, r4
10000dc8:	9505      	str	r5, [sp, #20]
10000dca:	4665      	mov	r5, ip
10000dcc:	8122      	strh	r2, [r4, #8]
10000dce:	46a4      	mov	ip, r4
10000dd0:	9b02      	ldr	r3, [sp, #8]
10000dd2:	002c      	movs	r4, r5
10000dd4:	e006      	b.n	10000de4 <alarm_pool_irq_handler+0x170>
10000dd6:	0053      	lsls	r3, r2, #1
10000dd8:	1899      	adds	r1, r3, r2
10000dda:	00c9      	lsls	r1, r1, #3
10000ddc:	1841      	adds	r1, r0, r1
10000dde:	688d      	ldr	r5, [r1, #8]
10000de0:	68c9      	ldr	r1, [r1, #12]
10000de2:	46ab      	mov	fp, r5
10000de4:	189b      	adds	r3, r3, r2
10000de6:	00db      	lsls	r3, r3, #3
10000de8:	18c3      	adds	r3, r0, r3
10000dea:	42b9      	cmp	r1, r7
10000dec:	dc06      	bgt.n	10000dfc <alarm_pool_irq_handler+0x188>
10000dee:	d100      	bne.n	10000df2 <alarm_pool_irq_handler+0x17e>
10000df0:	e0af      	b.n	10000f52 <alarm_pool_irq_handler+0x2de>
10000df2:	001c      	movs	r4, r3
10000df4:	2300      	movs	r3, #0
10000df6:	5ee2      	ldrsh	r2, [r4, r3]
10000df8:	2a00      	cmp	r2, #0
10000dfa:	daec      	bge.n	10000dd6 <alarm_pool_irq_handler+0x162>
10000dfc:	0023      	movs	r3, r4
10000dfe:	4664      	mov	r4, ip
10000e00:	469c      	mov	ip, r3
10000e02:	4653      	mov	r3, sl
10000e04:	801a      	strh	r2, [r3, #0]
10000e06:	4663      	mov	r3, ip
10000e08:	9d05      	ldr	r5, [sp, #20]
10000e0a:	801d      	strh	r5, [r3, #0]
10000e0c:	88a3      	ldrh	r3, [r4, #4]
10000e0e:	b21b      	sxth	r3, r3
10000e10:	2b00      	cmp	r3, #0
10000e12:	da00      	bge.n	10000e16 <alarm_pool_irq_handler+0x1a2>
10000e14:	e751      	b.n	10000cba <alarm_pool_irq_handler+0x46>
10000e16:	6922      	ldr	r2, [r4, #16]
10000e18:	f3ef 8110 	mrs	r1, PRIMASK
10000e1c:	b672      	cpsid	i
10000e1e:	6813      	ldr	r3, [r2, #0]
10000e20:	2b00      	cmp	r3, #0
10000e22:	d0fc      	beq.n	10000e1e <alarm_pool_irq_handler+0x1aa>
10000e24:	f3bf 8f5f 	dmb	sy
10000e28:	2301      	movs	r3, #1
10000e2a:	88a7      	ldrh	r7, [r4, #4]
10000e2c:	425b      	negs	r3, r3
10000e2e:	80a3      	strh	r3, [r4, #4]
10000e30:	b23f      	sxth	r7, r7
10000e32:	6923      	ldr	r3, [r4, #16]
10000e34:	f3bf 8f5f 	dmb	sy
10000e38:	2200      	movs	r2, #0
10000e3a:	601a      	str	r2, [r3, #0]
10000e3c:	f381 8810 	msr	PRIMASK, r1
10000e40:	2f00      	cmp	r7, #0
10000e42:	da00      	bge.n	10000e46 <alarm_pool_irq_handler+0x1d2>
10000e44:	e739      	b.n	10000cba <alarm_pool_irq_handler+0x46>
10000e46:	0023      	movs	r3, r4
10000e48:	3308      	adds	r3, #8
10000e4a:	0022      	movs	r2, r4
10000e4c:	469a      	mov	sl, r3
10000e4e:	6966      	ldr	r6, [r4, #20]
10000e50:	007b      	lsls	r3, r7, #1
10000e52:	19db      	adds	r3, r3, r7
10000e54:	00db      	lsls	r3, r3, #3
10000e56:	18f3      	adds	r3, r6, r3
10000e58:	6899      	ldr	r1, [r3, #8]
10000e5a:	4650      	mov	r0, sl
10000e5c:	468c      	mov	ip, r1
10000e5e:	2408      	movs	r4, #8
10000e60:	5f11      	ldrsh	r1, [r2, r4]
10000e62:	68dd      	ldr	r5, [r3, #12]
10000e64:	2900      	cmp	r1, #0
10000e66:	db10      	blt.n	10000e8a <alarm_pool_irq_handler+0x216>
10000e68:	9302      	str	r3, [sp, #8]
10000e6a:	e006      	b.n	10000e7a <alarm_pool_irq_handler+0x206>
10000e6c:	42ab      	cmp	r3, r5
10000e6e:	d040      	beq.n	10000ef2 <alarm_pool_irq_handler+0x27e>
10000e70:	2300      	movs	r3, #0
10000e72:	5ee1      	ldrsh	r1, [r4, r3]
10000e74:	0020      	movs	r0, r4
10000e76:	2900      	cmp	r1, #0
10000e78:	db06      	blt.n	10000e88 <alarm_pool_irq_handler+0x214>
10000e7a:	004c      	lsls	r4, r1, #1
10000e7c:	1864      	adds	r4, r4, r1
10000e7e:	00e4      	lsls	r4, r4, #3
10000e80:	1934      	adds	r4, r6, r4
10000e82:	68e3      	ldr	r3, [r4, #12]
10000e84:	42ab      	cmp	r3, r5
10000e86:	ddf1      	ble.n	10000e6c <alarm_pool_irq_handler+0x1f8>
10000e88:	9b02      	ldr	r3, [sp, #8]
10000e8a:	8007      	strh	r7, [r0, #0]
10000e8c:	2000      	movs	r0, #0
10000e8e:	5e1f      	ldrsh	r7, [r3, r0]
10000e90:	8019      	strh	r1, [r3, #0]
10000e92:	2f00      	cmp	r7, #0
10000e94:	dadc      	bge.n	10000e50 <alarm_pool_irq_handler+0x1dc>
10000e96:	0014      	movs	r4, r2
10000e98:	79a3      	ldrb	r3, [r4, #6]
10000e9a:	2b00      	cmp	r3, #0
10000e9c:	d100      	bne.n	10000ea0 <alarm_pool_irq_handler+0x22c>
10000e9e:	e710      	b.n	10000cc2 <alarm_pool_irq_handler+0x4e>
10000ea0:	2300      	movs	r3, #0
10000ea2:	71a3      	strb	r3, [r4, #6]
10000ea4:	0026      	movs	r6, r4
10000ea6:	2308      	movs	r3, #8
10000ea8:	5ee1      	ldrsh	r1, [r4, r3]
10000eaa:	3608      	adds	r6, #8
10000eac:	1c4b      	adds	r3, r1, #1
10000eae:	d100      	bne.n	10000eb2 <alarm_pool_irq_handler+0x23e>
10000eb0:	e72c      	b.n	10000d0c <alarm_pool_irq_handler+0x98>
10000eb2:	46b4      	mov	ip, r6
10000eb4:	6965      	ldr	r5, [r4, #20]
10000eb6:	e003      	b.n	10000ec0 <alarm_pool_irq_handler+0x24c>
10000eb8:	4684      	mov	ip, r0
10000eba:	1c4b      	adds	r3, r1, #1
10000ebc:	d100      	bne.n	10000ec0 <alarm_pool_irq_handler+0x24c>
10000ebe:	e700      	b.n	10000cc2 <alarm_pool_irq_handler+0x4e>
10000ec0:	004b      	lsls	r3, r1, #1
10000ec2:	185b      	adds	r3, r3, r1
10000ec4:	00db      	lsls	r3, r3, #3
10000ec6:	18e8      	adds	r0, r5, r3
10000ec8:	000a      	movs	r2, r1
10000eca:	5ee9      	ldrsh	r1, [r5, r3]
10000ecc:	8843      	ldrh	r3, [r0, #2]
10000ece:	b21b      	sxth	r3, r3
10000ed0:	2b00      	cmp	r3, #0
10000ed2:	daf1      	bge.n	10000eb8 <alarm_pool_irq_handler+0x244>
10000ed4:	2601      	movs	r6, #1
10000ed6:	4276      	negs	r6, r6
10000ed8:	17f7      	asrs	r7, r6, #31
10000eda:	6086      	str	r6, [r0, #8]
10000edc:	60c7      	str	r7, [r0, #12]
10000ede:	2608      	movs	r6, #8
10000ee0:	5fa3      	ldrsh	r3, [r4, r6]
10000ee2:	4293      	cmp	r3, r2
10000ee4:	d0e9      	beq.n	10000eba <alarm_pool_irq_handler+0x246>
10000ee6:	4663      	mov	r3, ip
10000ee8:	8019      	strh	r1, [r3, #0]
10000eea:	8923      	ldrh	r3, [r4, #8]
10000eec:	8003      	strh	r3, [r0, #0]
10000eee:	8122      	strh	r2, [r4, #8]
10000ef0:	e7e3      	b.n	10000eba <alarm_pool_irq_handler+0x246>
10000ef2:	68a3      	ldr	r3, [r4, #8]
10000ef4:	4563      	cmp	r3, ip
10000ef6:	d9bb      	bls.n	10000e70 <alarm_pool_irq_handler+0x1fc>
10000ef8:	e7c6      	b.n	10000e88 <alarm_pool_irq_handler+0x214>
10000efa:	1c6b      	adds	r3, r5, #1
10000efc:	d000      	beq.n	10000f00 <alarm_pool_irq_handler+0x28c>
10000efe:	e6ee      	b.n	10000cde <alarm_pool_irq_handler+0x6a>
10000f00:	e6fc      	b.n	10000cfc <alarm_pool_irq_handler+0x88>
10000f02:	465b      	mov	r3, fp
10000f04:	4658      	mov	r0, fp
10000f06:	691b      	ldr	r3, [r3, #16]
10000f08:	4798      	blx	r3
10000f0a:	2800      	cmp	r0, #0
10000f0c:	d11b      	bne.n	10000f46 <alarm_pool_irq_handler+0x2d2>
10000f0e:	4653      	mov	r3, sl
10000f10:	881b      	ldrh	r3, [r3, #0]
10000f12:	6922      	ldr	r2, [r4, #16]
10000f14:	8123      	strh	r3, [r4, #8]
10000f16:	f3ef 8310 	mrs	r3, PRIMASK
10000f1a:	b672      	cpsid	i
10000f1c:	6811      	ldr	r1, [r2, #0]
10000f1e:	2900      	cmp	r1, #0
10000f20:	d0fc      	beq.n	10000f1c <alarm_pool_irq_handler+0x2a8>
10000f22:	f3bf 8f5f 	dmb	sy
10000f26:	4651      	mov	r1, sl
10000f28:	8862      	ldrh	r2, [r4, #2]
10000f2a:	800a      	strh	r2, [r1, #0]
10000f2c:	6922      	ldr	r2, [r4, #16]
10000f2e:	8065      	strh	r5, [r4, #2]
10000f30:	f3bf 8f5f 	dmb	sy
10000f34:	2100      	movs	r1, #0
10000f36:	6011      	str	r1, [r2, #0]
10000f38:	f383 8810 	msr	PRIMASK, r3
10000f3c:	e6b8      	b.n	10000cb0 <alarm_pool_irq_handler+0x3c>
10000f3e:	4286      	cmp	r6, r0
10000f40:	d800      	bhi.n	10000f44 <alarm_pool_irq_handler+0x2d0>
10000f42:	e6fc      	b.n	10000d3e <alarm_pool_irq_handler+0xca>
10000f44:	e6b4      	b.n	10000cb0 <alarm_pool_irq_handler+0x3c>
10000f46:	465b      	mov	r3, fp
10000f48:	681a      	ldr	r2, [r3, #0]
10000f4a:	685b      	ldr	r3, [r3, #4]
10000f4c:	9200      	str	r2, [sp, #0]
10000f4e:	9301      	str	r3, [sp, #4]
10000f50:	e70b      	b.n	10000d6a <alarm_pool_irq_handler+0xf6>
10000f52:	45b3      	cmp	fp, r6
10000f54:	d800      	bhi.n	10000f58 <alarm_pool_irq_handler+0x2e4>
10000f56:	e74c      	b.n	10000df2 <alarm_pool_irq_handler+0x17e>
10000f58:	e750      	b.n	10000dfc <alarm_pool_irq_handler+0x188>
10000f5a:	46c0      	nop			@ (mov r8, r8)
10000f5c:	20001308 	.word	0x20001308
10000f60:	4005703c 	.word	0x4005703c
10000f64:	10000c75 	.word	0x10000c75
10000f68:	40054000 	.word	0x40054000

10000f6c <runtime_init_default_alarm_pool>:
10000f6c:	b570      	push	{r4, r5, r6, lr}
10000f6e:	4c2e      	ldr	r4, [pc, #184]	@ (10001028 <runtime_init_default_alarm_pool+0xbc>)
10000f70:	6925      	ldr	r5, [r4, #16]
10000f72:	2d00      	cmp	r5, #0
10000f74:	d004      	beq.n	10000f80 <runtime_init_default_alarm_pool+0x14>
10000f76:	210a      	movs	r1, #10
10000f78:	482c      	ldr	r0, [pc, #176]	@ (1000102c <runtime_init_default_alarm_pool+0xc0>)
10000f7a:	f7ff fe25 	bl	10000bc8 <lock_init>
10000f7e:	bd70      	pop	{r4, r5, r6, pc}
10000f80:	4e2b      	ldr	r6, [pc, #172]	@ (10001030 <runtime_init_default_alarm_pool+0xc4>)
10000f82:	2103      	movs	r1, #3
10000f84:	0030      	movs	r0, r6
10000f86:	f000 fac9 	bl	1000151c <timer_hardware_alarm_claim>
10000f8a:	60e6      	str	r6, [r4, #12]
10000f8c:	f7ff fb2a 	bl	100005e4 <next_striped_spin_lock_num>
10000f90:	4b28      	ldr	r3, [pc, #160]	@ (10001034 <runtime_init_default_alarm_pool+0xc8>)
10000f92:	2203      	movs	r2, #3
10000f94:	469c      	mov	ip, r3
10000f96:	23d0      	movs	r3, #208	@ 0xd0
10000f98:	7022      	strb	r2, [r4, #0]
10000f9a:	061b      	lsls	r3, r3, #24
10000f9c:	681b      	ldr	r3, [r3, #0]
10000f9e:	2101      	movs	r1, #1
10000fa0:	7063      	strb	r3, [r4, #1]
10000fa2:	4b25      	ldr	r3, [pc, #148]	@ (10001038 <runtime_init_default_alarm_pool+0xcc>)
10000fa4:	4460      	add	r0, ip
10000fa6:	60a3      	str	r3, [r4, #8]
10000fa8:	230f      	movs	r3, #15
10000faa:	0080      	lsls	r0, r0, #2
10000fac:	6120      	str	r0, [r4, #16]
10000fae:	2002      	movs	r0, #2
10000fb0:	8063      	strh	r3, [r4, #2]
10000fb2:	6963      	ldr	r3, [r4, #20]
10000fb4:	4249      	negs	r1, r1
10000fb6:	80a1      	strh	r1, [r4, #4]
10000fb8:	8019      	strh	r1, [r3, #0]
10000fba:	3102      	adds	r1, #2
10000fbc:	8619      	strh	r1, [r3, #48]	@ 0x30
10000fbe:	3147      	adds	r1, #71	@ 0x47
10000fc0:	831d      	strh	r5, [r3, #24]
10000fc2:	5258      	strh	r0, [r3, r1]
10000fc4:	3118      	adds	r1, #24
10000fc6:	525a      	strh	r2, [r3, r1]
10000fc8:	3275      	adds	r2, #117	@ 0x75
10000fca:	395c      	subs	r1, #92	@ 0x5c
10000fcc:	5299      	strh	r1, [r3, r2]
10000fce:	3218      	adds	r2, #24
10000fd0:	3101      	adds	r1, #1
10000fd2:	5299      	strh	r1, [r3, r2]
10000fd4:	3218      	adds	r2, #24
10000fd6:	3101      	adds	r1, #1
10000fd8:	5299      	strh	r1, [r3, r2]
10000fda:	3218      	adds	r2, #24
10000fdc:	3101      	adds	r1, #1
10000fde:	5299      	strh	r1, [r3, r2]
10000fe0:	3508      	adds	r5, #8
10000fe2:	3218      	adds	r2, #24
10000fe4:	529d      	strh	r5, [r3, r2]
10000fe6:	3102      	adds	r1, #2
10000fe8:	3218      	adds	r2, #24
10000fea:	5299      	strh	r1, [r3, r2]
10000fec:	3218      	adds	r2, #24
10000fee:	3101      	adds	r1, #1
10000ff0:	5299      	strh	r1, [r3, r2]
10000ff2:	3218      	adds	r2, #24
10000ff4:	3101      	adds	r1, #1
10000ff6:	5299      	strh	r1, [r3, r2]
10000ff8:	3218      	adds	r2, #24
10000ffa:	3101      	adds	r1, #1
10000ffc:	5299      	strh	r1, [r3, r2]
10000ffe:	3218      	adds	r2, #24
10001000:	3101      	adds	r1, #1
10001002:	5299      	strh	r1, [r3, r2]
10001004:	3218      	adds	r2, #24
10001006:	3101      	adds	r1, #1
10001008:	5299      	strh	r1, [r3, r2]
1000100a:	4b0c      	ldr	r3, [pc, #48]	@ (1000103c <runtime_init_default_alarm_pool+0xd0>)
1000100c:	490c      	ldr	r1, [pc, #48]	@ (10001040 <runtime_init_default_alarm_pool+0xd4>)
1000100e:	60dc      	str	r4, [r3, #12]
10001010:	3001      	adds	r0, #1
10001012:	6235      	str	r5, [r6, #32]
10001014:	f7ff fb2c 	bl	10000670 <irq_set_exclusive_handler>
10001018:	2101      	movs	r1, #1
1000101a:	2003      	movs	r0, #3
1000101c:	f7ff fb0e 	bl	1000063c <irq_set_enabled>
10001020:	4b08      	ldr	r3, [pc, #32]	@ (10001044 <runtime_init_default_alarm_pool+0xd8>)
10001022:	601d      	str	r5, [r3, #0]
10001024:	e7a7      	b.n	10000f76 <runtime_init_default_alarm_pool+0xa>
10001026:	46c0      	nop			@ (mov r8, r8)
10001028:	20000564 	.word	0x20000564
1000102c:	2000142c 	.word	0x2000142c
10001030:	40054000 	.word	0x40054000
10001034:	34000040 	.word	0x34000040
10001038:	0010ffff 	.word	0x0010ffff
1000103c:	20001308 	.word	0x20001308
10001040:	10000c75 	.word	0x10000c75
10001044:	40056038 	.word	0x40056038

10001048 <alarm_pool_get_default>:
10001048:	4800      	ldr	r0, [pc, #0]	@ (1000104c <alarm_pool_get_default+0x4>)
1000104a:	4770      	bx	lr
1000104c:	20000564 	.word	0x20000564

10001050 <alarm_pool_add_alarm_at>:
10001050:	b5f8      	push	{r3, r4, r5, r6, r7, lr}
10001052:	001f      	movs	r7, r3
10001054:	ab08      	add	r3, sp, #32
10001056:	781b      	ldrb	r3, [r3, #0]
10001058:	0004      	movs	r4, r0
1000105a:	0016      	movs	r6, r2
1000105c:	2b00      	cmp	r3, #0
1000105e:	d108      	bne.n	10001072 <alarm_pool_add_alarm_at+0x22>
10001060:	f000 fa6e 	bl	10001540 <time_us_64>
10001064:	0032      	movs	r2, r6
10001066:	003b      	movs	r3, r7
10001068:	1a12      	subs	r2, r2, r0
1000106a:	418b      	sbcs	r3, r1
1000106c:	2b00      	cmp	r3, #0
1000106e:	da00      	bge.n	10001072 <alarm_pool_add_alarm_at+0x22>
10001070:	e052      	b.n	10001118 <alarm_pool_add_alarm_at+0xc8>
10001072:	6922      	ldr	r2, [r4, #16]
10001074:	f3ef 8010 	mrs	r0, PRIMASK
10001078:	b672      	cpsid	i
1000107a:	6813      	ldr	r3, [r2, #0]
1000107c:	2b00      	cmp	r3, #0
1000107e:	d0fc      	beq.n	1000107a <alarm_pool_add_alarm_at+0x2a>
10001080:	f3bf 8f5f 	dmb	sy
10001084:	2302      	movs	r3, #2
10001086:	5ee1      	ldrsh	r1, [r4, r3]
10001088:	6963      	ldr	r3, [r4, #20]
1000108a:	004a      	lsls	r2, r1, #1
1000108c:	1852      	adds	r2, r2, r1
1000108e:	00d2      	lsls	r2, r2, #3
10001090:	189b      	adds	r3, r3, r2
10001092:	6922      	ldr	r2, [r4, #16]
10001094:	2900      	cmp	r1, #0
10001096:	db36      	blt.n	10001106 <alarm_pool_add_alarm_at+0xb6>
10001098:	881d      	ldrh	r5, [r3, #0]
1000109a:	8065      	strh	r5, [r4, #2]
1000109c:	f3bf 8f5f 	dmb	sy
100010a0:	2500      	movs	r5, #0
100010a2:	6015      	str	r5, [r2, #0]
100010a4:	f380 8810 	msr	PRIMASK, r0
100010a8:	9a06      	ldr	r2, [sp, #24]
100010aa:	609e      	str	r6, [r3, #8]
100010ac:	60df      	str	r7, [r3, #12]
100010ae:	611a      	str	r2, [r3, #16]
100010b0:	9a07      	ldr	r2, [sp, #28]
100010b2:	615a      	str	r2, [r3, #20]
100010b4:	885a      	ldrh	r2, [r3, #2]
100010b6:	3201      	adds	r2, #1
100010b8:	0452      	lsls	r2, r2, #17
100010ba:	0c52      	lsrs	r2, r2, #17
100010bc:	1c10      	adds	r0, r2, #0
100010be:	2a00      	cmp	r2, #0
100010c0:	d01f      	beq.n	10001102 <alarm_pool_add_alarm_at+0xb2>
100010c2:	b282      	uxth	r2, r0
100010c4:	8058      	strh	r0, [r3, #2]
100010c6:	0408      	lsls	r0, r1, #16
100010c8:	4310      	orrs	r0, r2
100010ca:	6926      	ldr	r6, [r4, #16]
100010cc:	f3ef 8710 	mrs	r7, PRIMASK
100010d0:	b672      	cpsid	i
100010d2:	6832      	ldr	r2, [r6, #0]
100010d4:	2a00      	cmp	r2, #0
100010d6:	d0fc      	beq.n	100010d2 <alarm_pool_add_alarm_at+0x82>
100010d8:	f3bf 8f5f 	dmb	sy
100010dc:	88a2      	ldrh	r2, [r4, #4]
100010de:	801a      	strh	r2, [r3, #0]
100010e0:	80a1      	strh	r1, [r4, #4]
100010e2:	6923      	ldr	r3, [r4, #16]
100010e4:	f3bf 8f5f 	dmb	sy
100010e8:	2200      	movs	r2, #0
100010ea:	601a      	str	r2, [r3, #0]
100010ec:	f387 8810 	msr	PRIMASK, r7
100010f0:	490a      	ldr	r1, [pc, #40]	@ (1000111c <alarm_pool_add_alarm_at+0xcc>)
100010f2:	7823      	ldrb	r3, [r4, #0]
100010f4:	468c      	mov	ip, r1
100010f6:	3201      	adds	r2, #1
100010f8:	409a      	lsls	r2, r3
100010fa:	68e3      	ldr	r3, [r4, #12]
100010fc:	4463      	add	r3, ip
100010fe:	601a      	str	r2, [r3, #0]
10001100:	bdf8      	pop	{r3, r4, r5, r6, r7, pc}
10001102:	2001      	movs	r0, #1
10001104:	e7dd      	b.n	100010c2 <alarm_pool_add_alarm_at+0x72>
10001106:	f3bf 8f5f 	dmb	sy
1000110a:	2300      	movs	r3, #0
1000110c:	6013      	str	r3, [r2, #0]
1000110e:	f380 8810 	msr	PRIMASK, r0
10001112:	2001      	movs	r0, #1
10001114:	4240      	negs	r0, r0
10001116:	e7f3      	b.n	10001100 <alarm_pool_add_alarm_at+0xb0>
10001118:	2000      	movs	r0, #0
1000111a:	e7f1      	b.n	10001100 <alarm_pool_add_alarm_at+0xb0>
1000111c:	0000203c 	.word	0x0000203c

10001120 <alarm_pool_add_alarm_at_force_in_context>:
10001120:	b570      	push	{r4, r5, r6, lr}
10001122:	0001      	movs	r1, r0
10001124:	6904      	ldr	r4, [r0, #16]
10001126:	f3ef 8c10 	mrs	ip, PRIMASK
1000112a:	b672      	cpsid	i
1000112c:	6820      	ldr	r0, [r4, #0]
1000112e:	2800      	cmp	r0, #0
10001130:	d0fc      	beq.n	1000112c <alarm_pool_add_alarm_at_force_in_context+0xc>
10001132:	f3bf 8f5f 	dmb	sy
10001136:	2002      	movs	r0, #2
10001138:	5e0d      	ldrsh	r5, [r1, r0]
1000113a:	694c      	ldr	r4, [r1, #20]
1000113c:	0068      	lsls	r0, r5, #1
1000113e:	1940      	adds	r0, r0, r5
10001140:	00c0      	lsls	r0, r0, #3
10001142:	1824      	adds	r4, r4, r0
10001144:	6908      	ldr	r0, [r1, #16]
10001146:	2d00      	cmp	r5, #0
10001148:	db36      	blt.n	100011b8 <alarm_pool_add_alarm_at_force_in_context+0x98>
1000114a:	8826      	ldrh	r6, [r4, #0]
1000114c:	804e      	strh	r6, [r1, #2]
1000114e:	f3bf 8f5f 	dmb	sy
10001152:	2600      	movs	r6, #0
10001154:	6006      	str	r6, [r0, #0]
10001156:	f38c 8810 	msr	PRIMASK, ip
1000115a:	60e3      	str	r3, [r4, #12]
1000115c:	8863      	ldrh	r3, [r4, #2]
1000115e:	9804      	ldr	r0, [sp, #16]
10001160:	3301      	adds	r3, #1
10001162:	6120      	str	r0, [r4, #16]
10001164:	045b      	lsls	r3, r3, #17
10001166:	9805      	ldr	r0, [sp, #20]
10001168:	0c5b      	lsrs	r3, r3, #17
1000116a:	60a2      	str	r2, [r4, #8]
1000116c:	6160      	str	r0, [r4, #20]
1000116e:	1c1a      	adds	r2, r3, #0
10001170:	2b00      	cmp	r3, #0
10001172:	d01f      	beq.n	100011b4 <alarm_pool_add_alarm_at_force_in_context+0x94>
10001174:	b293      	uxth	r3, r2
10001176:	0428      	lsls	r0, r5, #16
10001178:	8062      	strh	r2, [r4, #2]
1000117a:	4318      	orrs	r0, r3
1000117c:	690a      	ldr	r2, [r1, #16]
1000117e:	f3ef 8c10 	mrs	ip, PRIMASK
10001182:	b672      	cpsid	i
10001184:	6813      	ldr	r3, [r2, #0]
10001186:	2b00      	cmp	r3, #0
10001188:	d0fc      	beq.n	10001184 <alarm_pool_add_alarm_at_force_in_context+0x64>
1000118a:	f3bf 8f5f 	dmb	sy
1000118e:	888b      	ldrh	r3, [r1, #4]
10001190:	8023      	strh	r3, [r4, #0]
10001192:	808d      	strh	r5, [r1, #4]
10001194:	690b      	ldr	r3, [r1, #16]
10001196:	f3bf 8f5f 	dmb	sy
1000119a:	2200      	movs	r2, #0
1000119c:	601a      	str	r2, [r3, #0]
1000119e:	f38c 8810 	msr	PRIMASK, ip
100011a2:	780b      	ldrb	r3, [r1, #0]
100011a4:	3201      	adds	r2, #1
100011a6:	409a      	lsls	r2, r3
100011a8:	68cb      	ldr	r3, [r1, #12]
100011aa:	4908      	ldr	r1, [pc, #32]	@ (100011cc <alarm_pool_add_alarm_at_force_in_context+0xac>)
100011ac:	468c      	mov	ip, r1
100011ae:	4463      	add	r3, ip
100011b0:	601a      	str	r2, [r3, #0]
100011b2:	bd70      	pop	{r4, r5, r6, pc}
100011b4:	2201      	movs	r2, #1
100011b6:	e7dd      	b.n	10001174 <alarm_pool_add_alarm_at_force_in_context+0x54>
100011b8:	f3bf 8f5f 	dmb	sy
100011bc:	2300      	movs	r3, #0
100011be:	6003      	str	r3, [r0, #0]
100011c0:	f38c 8810 	msr	PRIMASK, ip
100011c4:	2001      	movs	r0, #1
100011c6:	4240      	negs	r0, r0
100011c8:	e7f3      	b.n	100011b2 <alarm_pool_add_alarm_at_force_in_context+0x92>
100011ca:	46c0      	nop			@ (mov r8, r8)
100011cc:	0000203c 	.word	0x0000203c

100011d0 <alarm_pool_cancel_alarm>:
100011d0:	b510      	push	{r4, lr}
100011d2:	8943      	ldrh	r3, [r0, #10]
100011d4:	140a      	asrs	r2, r1, #16
100011d6:	4293      	cmp	r3, r2
100011d8:	dd1a      	ble.n	10001210 <alarm_pool_cancel_alarm+0x40>
100011da:	0053      	lsls	r3, r2, #1
100011dc:	189b      	adds	r3, r3, r2
100011de:	6942      	ldr	r2, [r0, #20]
100011e0:	00db      	lsls	r3, r3, #3
100011e2:	18d3      	adds	r3, r2, r3
100011e4:	6904      	ldr	r4, [r0, #16]
100011e6:	f3ef 8c10 	mrs	ip, PRIMASK
100011ea:	b672      	cpsid	i
100011ec:	6822      	ldr	r2, [r4, #0]
100011ee:	2a00      	cmp	r2, #0
100011f0:	d0fc      	beq.n	100011ec <alarm_pool_cancel_alarm+0x1c>
100011f2:	f3bf 8f5f 	dmb	sy
100011f6:	885a      	ldrh	r2, [r3, #2]
100011f8:	0409      	lsls	r1, r1, #16
100011fa:	b294      	uxth	r4, r2
100011fc:	0c09      	lsrs	r1, r1, #16
100011fe:	428a      	cmp	r2, r1
10001200:	d008      	beq.n	10001214 <alarm_pool_cancel_alarm+0x44>
10001202:	6903      	ldr	r3, [r0, #16]
10001204:	f3bf 8f5f 	dmb	sy
10001208:	2200      	movs	r2, #0
1000120a:	601a      	str	r2, [r3, #0]
1000120c:	f38c 8810 	msr	PRIMASK, ip
10001210:	2000      	movs	r0, #0
10001212:	bd10      	pop	{r4, pc}
10001214:	2280      	movs	r2, #128	@ 0x80
10001216:	0212      	lsls	r2, r2, #8
10001218:	4314      	orrs	r4, r2
1000121a:	805c      	strh	r4, [r3, #2]
1000121c:	2301      	movs	r3, #1
1000121e:	6902      	ldr	r2, [r0, #16]
10001220:	7183      	strb	r3, [r0, #6]
10001222:	f3bf 8f5f 	dmb	sy
10001226:	2100      	movs	r1, #0
10001228:	6011      	str	r1, [r2, #0]
1000122a:	f38c 8810 	msr	PRIMASK, ip
1000122e:	4904      	ldr	r1, [pc, #16]	@ (10001240 <alarm_pool_cancel_alarm+0x70>)
10001230:	7802      	ldrb	r2, [r0, #0]
10001232:	468c      	mov	ip, r1
10001234:	4093      	lsls	r3, r2
10001236:	68c2      	ldr	r2, [r0, #12]
10001238:	2001      	movs	r0, #1
1000123a:	4462      	add	r2, ip
1000123c:	6013      	str	r3, [r2, #0]
1000123e:	e7e8      	b.n	10001212 <alarm_pool_cancel_alarm+0x42>
10001240:	0000203c 	.word	0x0000203c

10001244 <sleep_until>:
10001244:	b5f0      	push	{r4, r5, r6, r7, lr}
10001246:	0006      	movs	r6, r0
10001248:	000f      	movs	r7, r1
1000124a:	2406      	movs	r4, #6
1000124c:	4264      	negs	r4, r4
1000124e:	17e5      	asrs	r5, r4, #31
10001250:	46c6      	mov	lr, r8
10001252:	19a4      	adds	r4, r4, r6
10001254:	417d      	adcs	r5, r7
10001256:	b500      	push	{lr}
10001258:	b082      	sub	sp, #8
1000125a:	428d      	cmp	r5, r1
1000125c:	d814      	bhi.n	10001288 <sleep_until+0x44>
1000125e:	d011      	beq.n	10001284 <sleep_until+0x40>
10001260:	f000 f96e 	bl	10001540 <time_us_64>
10001264:	0022      	movs	r2, r4
10001266:	002b      	movs	r3, r5
10001268:	1a12      	subs	r2, r2, r0
1000126a:	418b      	sbcs	r3, r1
1000126c:	2b00      	cmp	r3, #0
1000126e:	dc15      	bgt.n	1000129c <sleep_until+0x58>
10001270:	2b00      	cmp	r3, #0
10001272:	d044      	beq.n	100012fe <sleep_until+0xba>
10001274:	0030      	movs	r0, r6
10001276:	0039      	movs	r1, r7
10001278:	f000 f96c 	bl	10001554 <busy_wait_until>
1000127c:	b002      	add	sp, #8
1000127e:	bc80      	pop	{r7}
10001280:	46b8      	mov	r8, r7
10001282:	bdf0      	pop	{r4, r5, r6, r7, pc}
10001284:	4284      	cmp	r4, r0
10001286:	d9eb      	bls.n	10001260 <sleep_until+0x1c>
10001288:	2400      	movs	r4, #0
1000128a:	2500      	movs	r5, #0
1000128c:	f000 f958 	bl	10001540 <time_us_64>
10001290:	0022      	movs	r2, r4
10001292:	002b      	movs	r3, r5
10001294:	1a12      	subs	r2, r2, r0
10001296:	418b      	sbcs	r3, r1
10001298:	2b00      	cmp	r3, #0
1000129a:	dde9      	ble.n	10001270 <sleep_until+0x2c>
1000129c:	f000 f950 	bl	10001540 <time_us_64>
100012a0:	0022      	movs	r2, r4
100012a2:	002b      	movs	r3, r5
100012a4:	1a12      	subs	r2, r2, r0
100012a6:	418b      	sbcs	r3, r1
100012a8:	2b00      	cmp	r3, #0
100012aa:	db0a      	blt.n	100012c2 <sleep_until+0x7e>
100012ac:	2300      	movs	r3, #0
100012ae:	9301      	str	r3, [sp, #4]
100012b0:	4b14      	ldr	r3, [pc, #80]	@ (10001304 <sleep_until+0xc0>)
100012b2:	0022      	movs	r2, r4
100012b4:	9300      	str	r3, [sp, #0]
100012b6:	4814      	ldr	r0, [pc, #80]	@ (10001308 <sleep_until+0xc4>)
100012b8:	002b      	movs	r3, r5
100012ba:	f7ff ff31 	bl	10001120 <alarm_pool_add_alarm_at_force_in_context>
100012be:	3001      	adds	r0, #1
100012c0:	d0d8      	beq.n	10001274 <sleep_until+0x30>
100012c2:	46a0      	mov	r8, r4
100012c4:	0029      	movs	r1, r5
100012c6:	2400      	movs	r4, #0
100012c8:	4a10      	ldr	r2, [pc, #64]	@ (1000130c <sleep_until+0xc8>)
100012ca:	4811      	ldr	r0, [pc, #68]	@ (10001310 <sleep_until+0xcc>)
100012cc:	6a53      	ldr	r3, [r2, #36]	@ 0x24
100012ce:	4299      	cmp	r1, r3
100012d0:	d804      	bhi.n	100012dc <sleep_until+0x98>
100012d2:	6a95      	ldr	r5, [r2, #40]	@ 0x28
100012d4:	4545      	cmp	r5, r8
100012d6:	d2cd      	bcs.n	10001274 <sleep_until+0x30>
100012d8:	4299      	cmp	r1, r3
100012da:	d1cb      	bne.n	10001274 <sleep_until+0x30>
100012dc:	6805      	ldr	r5, [r0, #0]
100012de:	f3ef 8c10 	mrs	ip, PRIMASK
100012e2:	b672      	cpsid	i
100012e4:	682b      	ldr	r3, [r5, #0]
100012e6:	2b00      	cmp	r3, #0
100012e8:	d0fc      	beq.n	100012e4 <sleep_until+0xa0>
100012ea:	f3bf 8f5f 	dmb	sy
100012ee:	6803      	ldr	r3, [r0, #0]
100012f0:	f3bf 8f5f 	dmb	sy
100012f4:	601c      	str	r4, [r3, #0]
100012f6:	f38c 8810 	msr	PRIMASK, ip
100012fa:	bf20      	wfe
100012fc:	e7e6      	b.n	100012cc <sleep_until+0x88>
100012fe:	2a00      	cmp	r2, #0
10001300:	d0b8      	beq.n	10001274 <sleep_until+0x30>
10001302:	e7cb      	b.n	1000129c <sleep_until+0x58>
10001304:	10000c45 	.word	0x10000c45
10001308:	20000564 	.word	0x20000564
1000130c:	40054000 	.word	0x40054000
10001310:	2000142c 	.word	0x2000142c

10001314 <sleep_ms>:
10001314:	b5f0      	push	{r4, r5, r6, r7, lr}
10001316:	46c6      	mov	lr, r8
10001318:	b500      	push	{lr}
1000131a:	b082      	sub	sp, #8
1000131c:	0004      	movs	r4, r0
1000131e:	f000 f90f 	bl	10001540 <time_us_64>
10001322:	22fa      	movs	r2, #250	@ 0xfa
10001324:	0006      	movs	r6, r0
10001326:	000f      	movs	r7, r1
10001328:	0020      	movs	r0, r4
1000132a:	2300      	movs	r3, #0
1000132c:	2100      	movs	r1, #0
1000132e:	0092      	lsls	r2, r2, #2
10001330:	f000 ff88 	bl	10002244 <__wrap___aeabi_lmul>
10001334:	1980      	adds	r0, r0, r6
10001336:	4179      	adcs	r1, r7
10001338:	0004      	movs	r4, r0
1000133a:	1e0d      	subs	r5, r1, #0
1000133c:	da02      	bge.n	10001344 <sleep_ms+0x30>
1000133e:	2401      	movs	r4, #1
10001340:	4d2e      	ldr	r5, [pc, #184]	@ (100013fc <sleep_ms+0xe8>)
10001342:	4264      	negs	r4, r4
10001344:	2606      	movs	r6, #6
10001346:	4276      	negs	r6, r6
10001348:	17f7      	asrs	r7, r6, #31
1000134a:	1936      	adds	r6, r6, r4
1000134c:	416f      	adcs	r7, r5
1000134e:	42af      	cmp	r7, r5
10001350:	d814      	bhi.n	1000137c <sleep_ms+0x68>
10001352:	d011      	beq.n	10001378 <sleep_ms+0x64>
10001354:	f000 f8f4 	bl	10001540 <time_us_64>
10001358:	0032      	movs	r2, r6
1000135a:	003b      	movs	r3, r7
1000135c:	1a12      	subs	r2, r2, r0
1000135e:	418b      	sbcs	r3, r1
10001360:	2b00      	cmp	r3, #0
10001362:	dc15      	bgt.n	10001390 <sleep_ms+0x7c>
10001364:	2b00      	cmp	r3, #0
10001366:	d046      	beq.n	100013f6 <sleep_ms+0xe2>
10001368:	0020      	movs	r0, r4
1000136a:	0029      	movs	r1, r5
1000136c:	f000 f8f2 	bl	10001554 <busy_wait_until>
10001370:	b002      	add	sp, #8
10001372:	bc80      	pop	{r7}
10001374:	46b8      	mov	r8, r7
10001376:	bdf0      	pop	{r4, r5, r6, r7, pc}
10001378:	42a6      	cmp	r6, r4
1000137a:	d9eb      	bls.n	10001354 <sleep_ms+0x40>
1000137c:	2600      	movs	r6, #0
1000137e:	2700      	movs	r7, #0
10001380:	f000 f8de 	bl	10001540 <time_us_64>
10001384:	0032      	movs	r2, r6
10001386:	003b      	movs	r3, r7
10001388:	1a12      	subs	r2, r2, r0
1000138a:	418b      	sbcs	r3, r1
1000138c:	2b00      	cmp	r3, #0
1000138e:	dde9      	ble.n	10001364 <sleep_ms+0x50>
10001390:	f000 f8d6 	bl	10001540 <time_us_64>
10001394:	0032      	movs	r2, r6
10001396:	003b      	movs	r3, r7
10001398:	1a12      	subs	r2, r2, r0
1000139a:	418b      	sbcs	r3, r1
1000139c:	2b00      	cmp	r3, #0
1000139e:	db0a      	blt.n	100013b6 <sleep_ms+0xa2>
100013a0:	2300      	movs	r3, #0
100013a2:	9301      	str	r3, [sp, #4]
100013a4:	4b16      	ldr	r3, [pc, #88]	@ (10001400 <sleep_ms+0xec>)
100013a6:	0032      	movs	r2, r6
100013a8:	9300      	str	r3, [sp, #0]
100013aa:	4816      	ldr	r0, [pc, #88]	@ (10001404 <sleep_ms+0xf0>)
100013ac:	003b      	movs	r3, r7
100013ae:	f7ff feb7 	bl	10001120 <alarm_pool_add_alarm_at_force_in_context>
100013b2:	3001      	adds	r0, #1
100013b4:	d0d8      	beq.n	10001368 <sleep_ms+0x54>
100013b6:	2300      	movs	r3, #0
100013b8:	0039      	movs	r1, r7
100013ba:	46b0      	mov	r8, r6
100013bc:	469c      	mov	ip, r3
100013be:	4a12      	ldr	r2, [pc, #72]	@ (10001408 <sleep_ms+0xf4>)
100013c0:	4812      	ldr	r0, [pc, #72]	@ (1000140c <sleep_ms+0xf8>)
100013c2:	6a53      	ldr	r3, [r2, #36]	@ 0x24
100013c4:	4299      	cmp	r1, r3
100013c6:	d804      	bhi.n	100013d2 <sleep_ms+0xbe>
100013c8:	6a96      	ldr	r6, [r2, #40]	@ 0x28
100013ca:	4546      	cmp	r6, r8
100013cc:	d2cc      	bcs.n	10001368 <sleep_ms+0x54>
100013ce:	4299      	cmp	r1, r3
100013d0:	d1ca      	bne.n	10001368 <sleep_ms+0x54>
100013d2:	6806      	ldr	r6, [r0, #0]
100013d4:	f3ef 8710 	mrs	r7, PRIMASK
100013d8:	b672      	cpsid	i
100013da:	6833      	ldr	r3, [r6, #0]
100013dc:	2b00      	cmp	r3, #0
100013de:	d0fc      	beq.n	100013da <sleep_ms+0xc6>
100013e0:	f3bf 8f5f 	dmb	sy
100013e4:	6803      	ldr	r3, [r0, #0]
100013e6:	f3bf 8f5f 	dmb	sy
100013ea:	4666      	mov	r6, ip
100013ec:	601e      	str	r6, [r3, #0]
100013ee:	f387 8810 	msr	PRIMASK, r7
100013f2:	bf20      	wfe
100013f4:	e7e5      	b.n	100013c2 <sleep_ms+0xae>
100013f6:	2a00      	cmp	r2, #0
100013f8:	d0b6      	beq.n	10001368 <sleep_ms+0x54>
100013fa:	e7c9      	b.n	10001390 <sleep_ms+0x7c>
100013fc:	7fffffff 	.word	0x7fffffff
10001400:	10000c45 	.word	0x10000c45
10001404:	20000564 	.word	0x20000564
10001408:	40054000 	.word	0x40054000
1000140c:	2000142c 	.word	0x2000142c

10001410 <best_effort_wfe_or_timeout>:
10001410:	b5f0      	push	{r4, r5, r6, r7, lr}
10001412:	4657      	mov	r7, sl
10001414:	464e      	mov	r6, r9
10001416:	46de      	mov	lr, fp
10001418:	4645      	mov	r5, r8
1000141a:	b5e0      	push	{r5, r6, r7, lr}
1000141c:	0006      	movs	r6, r0
1000141e:	000f      	movs	r7, r1
10001420:	b085      	sub	sp, #20
10001422:	f3ef 8305 	mrs	r3, IPSR
10001426:	4699      	mov	r9, r3
10001428:	468b      	mov	fp, r1
1000142a:	2b00      	cmp	r3, #0
1000142c:	d012      	beq.n	10001454 <best_effort_wfe_or_timeout+0x44>
1000142e:	4938      	ldr	r1, [pc, #224]	@ (10001510 <best_effort_wfe_or_timeout+0x100>)
10001430:	2000      	movs	r0, #0
10001432:	6a4b      	ldr	r3, [r1, #36]	@ 0x24
10001434:	42bb      	cmp	r3, r7
10001436:	d306      	bcc.n	10001446 <best_effort_wfe_or_timeout+0x36>
10001438:	6a8a      	ldr	r2, [r1, #40]	@ 0x28
1000143a:	1bdb      	subs	r3, r3, r7
1000143c:	1e59      	subs	r1, r3, #1
1000143e:	418b      	sbcs	r3, r1
10001440:	42b2      	cmp	r2, r6
10001442:	4140      	adcs	r0, r0
10001444:	4318      	orrs	r0, r3
10001446:	b005      	add	sp, #20
10001448:	bcf0      	pop	{r4, r5, r6, r7}
1000144a:	46bb      	mov	fp, r7
1000144c:	46b2      	mov	sl, r6
1000144e:	46a9      	mov	r9, r5
10001450:	46a0      	mov	r8, r4
10001452:	bdf0      	pop	{r4, r5, r6, r7, pc}
10001454:	4b2f      	ldr	r3, [pc, #188]	@ (10001514 <best_effort_wfe_or_timeout+0x104>)
10001456:	469a      	mov	sl, r3
10001458:	68db      	ldr	r3, [r3, #12]
1000145a:	4698      	mov	r8, r3
1000145c:	4653      	mov	r3, sl
1000145e:	781b      	ldrb	r3, [r3, #0]
10001460:	4640      	mov	r0, r8
10001462:	9303      	str	r3, [sp, #12]
10001464:	f000 f864 	bl	10001530 <timer_time_us_64>
10001468:	4642      	mov	r2, r8
1000146a:	9b03      	ldr	r3, [sp, #12]
1000146c:	0004      	movs	r4, r0
1000146e:	3304      	adds	r3, #4
10001470:	009b      	lsls	r3, r3, #2
10001472:	589b      	ldr	r3, [r3, r2]
10001474:	000d      	movs	r5, r1
10001476:	1a1b      	subs	r3, r3, r0
10001478:	0039      	movs	r1, r7
1000147a:	0030      	movs	r0, r6
1000147c:	1b00      	subs	r0, r0, r4
1000147e:	41a9      	sbcs	r1, r5
10001480:	4589      	cmp	r9, r1
10001482:	dc10      	bgt.n	100014a6 <best_effort_wfe_or_timeout+0x96>
10001484:	d00d      	beq.n	100014a2 <best_effort_wfe_or_timeout+0x92>
10001486:	bf20      	wfe
10001488:	4a21      	ldr	r2, [pc, #132]	@ (10001510 <best_effort_wfe_or_timeout+0x100>)
1000148a:	2000      	movs	r0, #0
1000148c:	6a53      	ldr	r3, [r2, #36]	@ 0x24
1000148e:	455b      	cmp	r3, fp
10001490:	d3d9      	bcc.n	10001446 <best_effort_wfe_or_timeout+0x36>
10001492:	6a92      	ldr	r2, [r2, #40]	@ 0x28
10001494:	1bdb      	subs	r3, r3, r7
10001496:	1e59      	subs	r1, r3, #1
10001498:	418b      	sbcs	r3, r1
1000149a:	42b2      	cmp	r2, r6
1000149c:	4140      	adcs	r0, r0
1000149e:	4318      	orrs	r0, r3
100014a0:	e7d1      	b.n	10001446 <best_effort_wfe_or_timeout+0x36>
100014a2:	4283      	cmp	r3, r0
100014a4:	d9ef      	bls.n	10001486 <best_effort_wfe_or_timeout+0x76>
100014a6:	f000 f84b 	bl	10001540 <time_us_64>
100014aa:	0032      	movs	r2, r6
100014ac:	003b      	movs	r3, r7
100014ae:	1a12      	subs	r2, r2, r0
100014b0:	418b      	sbcs	r3, r1
100014b2:	2b00      	cmp	r3, #0
100014b4:	db1a      	blt.n	100014ec <best_effort_wfe_or_timeout+0xdc>
100014b6:	2300      	movs	r3, #0
100014b8:	9301      	str	r3, [sp, #4]
100014ba:	4b17      	ldr	r3, [pc, #92]	@ (10001518 <best_effort_wfe_or_timeout+0x108>)
100014bc:	0032      	movs	r2, r6
100014be:	9300      	str	r3, [sp, #0]
100014c0:	4650      	mov	r0, sl
100014c2:	003b      	movs	r3, r7
100014c4:	f7ff fe2c 	bl	10001120 <alarm_pool_add_alarm_at_force_in_context>
100014c8:	1e01      	subs	r1, r0, #0
100014ca:	dd0f      	ble.n	100014ec <best_effort_wfe_or_timeout+0xdc>
100014cc:	4b10      	ldr	r3, [pc, #64]	@ (10001510 <best_effort_wfe_or_timeout+0x100>)
100014ce:	6a5a      	ldr	r2, [r3, #36]	@ 0x24
100014d0:	455a      	cmp	r2, fp
100014d2:	d31b      	bcc.n	1000150c <best_effort_wfe_or_timeout+0xfc>
100014d4:	6a9b      	ldr	r3, [r3, #40]	@ 0x28
100014d6:	42b3      	cmp	r3, r6
100014d8:	d316      	bcc.n	10001508 <best_effort_wfe_or_timeout+0xf8>
100014da:	4650      	mov	r0, sl
100014dc:	f7ff fe78 	bl	100011d0 <alarm_pool_cancel_alarm>
100014e0:	4a0b      	ldr	r2, [pc, #44]	@ (10001510 <best_effort_wfe_or_timeout+0x100>)
100014e2:	2000      	movs	r0, #0
100014e4:	6a53      	ldr	r3, [r2, #36]	@ 0x24
100014e6:	455b      	cmp	r3, fp
100014e8:	d3ad      	bcc.n	10001446 <best_effort_wfe_or_timeout+0x36>
100014ea:	e7d2      	b.n	10001492 <best_effort_wfe_or_timeout+0x82>
100014ec:	4a08      	ldr	r2, [pc, #32]	@ (10001510 <best_effort_wfe_or_timeout+0x100>)
100014ee:	2000      	movs	r0, #0
100014f0:	6a53      	ldr	r3, [r2, #36]	@ 0x24
100014f2:	455b      	cmp	r3, fp
100014f4:	d3a7      	bcc.n	10001446 <best_effort_wfe_or_timeout+0x36>
100014f6:	2000      	movs	r0, #0
100014f8:	6a92      	ldr	r2, [r2, #40]	@ 0x28
100014fa:	1bdb      	subs	r3, r3, r7
100014fc:	42b2      	cmp	r2, r6
100014fe:	4140      	adcs	r0, r0
10001500:	1e5a      	subs	r2, r3, #1
10001502:	4193      	sbcs	r3, r2
10001504:	4318      	orrs	r0, r3
10001506:	e79e      	b.n	10001446 <best_effort_wfe_or_timeout+0x36>
10001508:	455a      	cmp	r2, fp
1000150a:	d1e6      	bne.n	100014da <best_effort_wfe_or_timeout+0xca>
1000150c:	bf20      	wfe
1000150e:	e7e4      	b.n	100014da <best_effort_wfe_or_timeout+0xca>
10001510:	40054000 	.word	0x40054000
10001514:	20000564 	.word	0x20000564
10001518:	10000c45 	.word	0x10000c45

1000151c <timer_hardware_alarm_claim>:
1000151c:	b510      	push	{r4, lr}
1000151e:	4a02      	ldr	r2, [pc, #8]	@ (10001528 <timer_hardware_alarm_claim+0xc>)
10001520:	4802      	ldr	r0, [pc, #8]	@ (1000152c <timer_hardware_alarm_claim+0x10>)
10001522:	f7fe ffdd 	bl	100004e0 <hw_claim_or_assert>
10001526:	bd10      	pop	{r4, pc}
10001528:	10007ea4 	.word	0x10007ea4
1000152c:	200009cc 	.word	0x200009cc

10001530 <timer_time_us_64>:
10001530:	0003      	movs	r3, r0
10001532:	6a41      	ldr	r1, [r0, #36]	@ 0x24
10001534:	000a      	movs	r2, r1
10001536:	6a98      	ldr	r0, [r3, #40]	@ 0x28
10001538:	6a59      	ldr	r1, [r3, #36]	@ 0x24
1000153a:	428a      	cmp	r2, r1
1000153c:	d1fa      	bne.n	10001534 <timer_time_us_64+0x4>
1000153e:	4770      	bx	lr

10001540 <time_us_64>:
10001540:	4b03      	ldr	r3, [pc, #12]	@ (10001550 <time_us_64+0x10>)
10001542:	6a59      	ldr	r1, [r3, #36]	@ 0x24
10001544:	000a      	movs	r2, r1
10001546:	6a98      	ldr	r0, [r3, #40]	@ 0x28
10001548:	6a59      	ldr	r1, [r3, #36]	@ 0x24
1000154a:	4291      	cmp	r1, r2
1000154c:	d1fa      	bne.n	10001544 <time_us_64+0x4>
1000154e:	4770      	bx	lr
10001550:	40054000 	.word	0x40054000

10001554 <busy_wait_until>:
10001554:	4a06      	ldr	r2, [pc, #24]	@ (10001570 <busy_wait_until+0x1c>)
10001556:	6a53      	ldr	r3, [r2, #36]	@ 0x24
10001558:	4299      	cmp	r1, r3
1000155a:	d8fc      	bhi.n	10001556 <busy_wait_until+0x2>
1000155c:	d107      	bne.n	1000156e <busy_wait_until+0x1a>
1000155e:	4b04      	ldr	r3, [pc, #16]	@ (10001570 <busy_wait_until+0x1c>)
10001560:	e002      	b.n	10001568 <busy_wait_until+0x14>
10001562:	6a5a      	ldr	r2, [r3, #36]	@ 0x24
10001564:	4291      	cmp	r1, r2
10001566:	d102      	bne.n	1000156e <busy_wait_until+0x1a>
10001568:	6a9a      	ldr	r2, [r3, #40]	@ 0x28
1000156a:	4290      	cmp	r0, r2
1000156c:	d8f9      	bhi.n	10001562 <busy_wait_until+0xe>
1000156e:	4770      	bx	lr
10001570:	40054000 	.word	0x40054000

10001574 <clock_configure_int_divider>:
10001574:	b5f8      	push	{r3, r4, r5, r6, r7, lr}
10001576:	46de      	mov	lr, fp
10001578:	464e      	mov	r6, r9
1000157a:	4657      	mov	r7, sl
1000157c:	4645      	mov	r5, r8
1000157e:	b5e0      	push	{r5, r6, r7, lr}
10001580:	468b      	mov	fp, r1
10001582:	0005      	movs	r5, r0
10001584:	990a      	ldr	r1, [sp, #40]	@ 0x28
10001586:	0018      	movs	r0, r3
10001588:	0016      	movs	r6, r2
1000158a:	f000 fae1 	bl	10001b50 <__wrap___aeabi_uidiv>
1000158e:	9b0a      	ldr	r3, [sp, #40]	@ 0x28
10001590:	006c      	lsls	r4, r5, #1
10001592:	021f      	lsls	r7, r3, #8
10001594:	4b32      	ldr	r3, [pc, #200]	@ (10001660 <clock_configure_int_divider+0xec>)
10001596:	1964      	adds	r4, r4, r5
10001598:	469c      	mov	ip, r3
1000159a:	00a4      	lsls	r4, r4, #2
1000159c:	4464      	add	r4, ip
1000159e:	6863      	ldr	r3, [r4, #4]
100015a0:	4681      	mov	r9, r0
100015a2:	429f      	cmp	r7, r3
100015a4:	d900      	bls.n	100015a8 <clock_configure_int_divider+0x34>
100015a6:	6067      	str	r7, [r4, #4]
100015a8:	1f2b      	subs	r3, r5, #4
100015aa:	b2db      	uxtb	r3, r3
100015ac:	4698      	mov	r8, r3
100015ae:	2b01      	cmp	r3, #1
100015b0:	d930      	bls.n	10001614 <clock_configure_int_divider+0xa0>
100015b2:	23c0      	movs	r3, #192	@ 0xc0
100015b4:	2280      	movs	r2, #128	@ 0x80
100015b6:	019b      	lsls	r3, r3, #6
100015b8:	18e3      	adds	r3, r4, r3
100015ba:	0112      	lsls	r2, r2, #4
100015bc:	601a      	str	r2, [r3, #0]
100015be:	4b29      	ldr	r3, [pc, #164]	@ (10001664 <clock_configure_int_divider+0xf0>)
100015c0:	00ad      	lsls	r5, r5, #2
100015c2:	5959      	ldr	r1, [r3, r5]
100015c4:	469a      	mov	sl, r3
100015c6:	2900      	cmp	r1, #0
100015c8:	d11b      	bne.n	10001602 <clock_configure_int_divider+0x8e>
100015ca:	0173      	lsls	r3, r6, #5
100015cc:	26e0      	movs	r6, #224	@ 0xe0
100015ce:	6822      	ldr	r2, [r4, #0]
100015d0:	4053      	eors	r3, r2
100015d2:	401e      	ands	r6, r3
100015d4:	2380      	movs	r3, #128	@ 0x80
100015d6:	4642      	mov	r2, r8
100015d8:	015b      	lsls	r3, r3, #5
100015da:	18e3      	adds	r3, r4, r3
100015dc:	601e      	str	r6, [r3, #0]
100015de:	2a01      	cmp	r2, #1
100015e0:	d930      	bls.n	10001644 <clock_configure_int_divider+0xd0>
100015e2:	2380      	movs	r3, #128	@ 0x80
100015e4:	2280      	movs	r2, #128	@ 0x80
100015e6:	019b      	lsls	r3, r3, #6
100015e8:	18e3      	adds	r3, r4, r3
100015ea:	0112      	lsls	r2, r2, #4
100015ec:	601a      	str	r2, [r3, #0]
100015ee:	4653      	mov	r3, sl
100015f0:	464a      	mov	r2, r9
100015f2:	6067      	str	r7, [r4, #4]
100015f4:	515a      	str	r2, [r3, r5]
100015f6:	bcf0      	pop	{r4, r5, r6, r7}
100015f8:	46bb      	mov	fp, r7
100015fa:	46b2      	mov	sl, r6
100015fc:	46a9      	mov	r9, r5
100015fe:	46a0      	mov	r8, r4
10001600:	bdf8      	pop	{r3, r4, r5, r6, r7, pc}
10001602:	6958      	ldr	r0, [r3, #20]
10001604:	f000 faa4 	bl	10001b50 <__wrap___aeabi_uidiv>
10001608:	3001      	adds	r0, #1
1000160a:	0043      	lsls	r3, r0, #1
1000160c:	181b      	adds	r3, r3, r0
1000160e:	3b03      	subs	r3, #3
10001610:	d2fd      	bcs.n	1000160e <clock_configure_int_divider+0x9a>
10001612:	e7da      	b.n	100015ca <clock_configure_int_divider+0x56>
10001614:	465b      	mov	r3, fp
10001616:	2b01      	cmp	r3, #1
10001618:	d1cb      	bne.n	100015b2 <clock_configure_int_divider+0x3e>
1000161a:	23c0      	movs	r3, #192	@ 0xc0
1000161c:	2203      	movs	r2, #3
1000161e:	019b      	lsls	r3, r3, #6
10001620:	18e3      	adds	r3, r4, r3
10001622:	601a      	str	r2, [r3, #0]
10001624:	3a02      	subs	r2, #2
10001626:	68a3      	ldr	r3, [r4, #8]
10001628:	421a      	tst	r2, r3
1000162a:	d0fc      	beq.n	10001626 <clock_configure_int_divider+0xb2>
1000162c:	0173      	lsls	r3, r6, #5
1000162e:	26e0      	movs	r6, #224	@ 0xe0
10001630:	6822      	ldr	r2, [r4, #0]
10001632:	00ad      	lsls	r5, r5, #2
10001634:	4053      	eors	r3, r2
10001636:	401e      	ands	r6, r3
10001638:	2380      	movs	r3, #128	@ 0x80
1000163a:	4a0a      	ldr	r2, [pc, #40]	@ (10001664 <clock_configure_int_divider+0xf0>)
1000163c:	015b      	lsls	r3, r3, #5
1000163e:	4692      	mov	sl, r2
10001640:	18e3      	adds	r3, r4, r3
10001642:	601e      	str	r6, [r3, #0]
10001644:	465a      	mov	r2, fp
10001646:	6821      	ldr	r1, [r4, #0]
10001648:	4051      	eors	r1, r2
1000164a:	2203      	movs	r2, #3
1000164c:	400a      	ands	r2, r1
1000164e:	601a      	str	r2, [r3, #0]
10001650:	2201      	movs	r2, #1
10001652:	465b      	mov	r3, fp
10001654:	409a      	lsls	r2, r3
10001656:	68a3      	ldr	r3, [r4, #8]
10001658:	421a      	tst	r2, r3
1000165a:	d0fc      	beq.n	10001656 <clock_configure_int_divider+0xe2>
1000165c:	e7c1      	b.n	100015e2 <clock_configure_int_divider+0x6e>
1000165e:	46c0      	nop			@ (mov r8, r8)
10001660:	40008000 	.word	0x40008000
10001664:	200009d4 	.word	0x200009d4

10001668 <clock_configure_undivided>:
10001668:	b5f0      	push	{r4, r5, r6, r7, lr}
1000166a:	4646      	mov	r6, r8
1000166c:	464f      	mov	r7, r9
1000166e:	46d6      	mov	lr, sl
10001670:	b5c0      	push	{r6, r7, lr}
10001672:	001f      	movs	r7, r3
10001674:	4b34      	ldr	r3, [pc, #208]	@ (10001748 <clock_configure_undivided+0xe0>)
10001676:	0044      	lsls	r4, r0, #1
10001678:	469c      	mov	ip, r3
1000167a:	1824      	adds	r4, r4, r0
1000167c:	00a4      	lsls	r4, r4, #2
1000167e:	4464      	add	r4, ip
10001680:	6863      	ldr	r3, [r4, #4]
10001682:	4688      	mov	r8, r1
10001684:	0016      	movs	r6, r2
10001686:	2bff      	cmp	r3, #255	@ 0xff
10001688:	d802      	bhi.n	10001690 <clock_configure_undivided+0x28>
1000168a:	2380      	movs	r3, #128	@ 0x80
1000168c:	005b      	lsls	r3, r3, #1
1000168e:	6063      	str	r3, [r4, #4]
10001690:	1f03      	subs	r3, r0, #4
10001692:	b2db      	uxtb	r3, r3
10001694:	469a      	mov	sl, r3
10001696:	2b01      	cmp	r3, #1
10001698:	d930      	bls.n	100016fc <clock_configure_undivided+0x94>
1000169a:	23c0      	movs	r3, #192	@ 0xc0
1000169c:	2280      	movs	r2, #128	@ 0x80
1000169e:	019b      	lsls	r3, r3, #6
100016a0:	18e3      	adds	r3, r4, r3
100016a2:	0112      	lsls	r2, r2, #4
100016a4:	601a      	str	r2, [r3, #0]
100016a6:	4b29      	ldr	r3, [pc, #164]	@ (1000174c <clock_configure_undivided+0xe4>)
100016a8:	0085      	lsls	r5, r0, #2
100016aa:	5959      	ldr	r1, [r3, r5]
100016ac:	4699      	mov	r9, r3
100016ae:	2900      	cmp	r1, #0
100016b0:	d11b      	bne.n	100016ea <clock_configure_undivided+0x82>
100016b2:	0173      	lsls	r3, r6, #5
100016b4:	26e0      	movs	r6, #224	@ 0xe0
100016b6:	6822      	ldr	r2, [r4, #0]
100016b8:	4053      	eors	r3, r2
100016ba:	401e      	ands	r6, r3
100016bc:	2380      	movs	r3, #128	@ 0x80
100016be:	4652      	mov	r2, sl
100016c0:	015b      	lsls	r3, r3, #5
100016c2:	18e3      	adds	r3, r4, r3
100016c4:	601e      	str	r6, [r3, #0]
100016c6:	2a01      	cmp	r2, #1
100016c8:	d930      	bls.n	1000172c <clock_configure_undivided+0xc4>
100016ca:	2380      	movs	r3, #128	@ 0x80
100016cc:	2280      	movs	r2, #128	@ 0x80
100016ce:	019b      	lsls	r3, r3, #6
100016d0:	18e3      	adds	r3, r4, r3
100016d2:	0112      	lsls	r2, r2, #4
100016d4:	601a      	str	r2, [r3, #0]
100016d6:	2380      	movs	r3, #128	@ 0x80
100016d8:	005b      	lsls	r3, r3, #1
100016da:	6063      	str	r3, [r4, #4]
100016dc:	464b      	mov	r3, r9
100016de:	515f      	str	r7, [r3, r5]
100016e0:	bce0      	pop	{r5, r6, r7}
100016e2:	46ba      	mov	sl, r7
100016e4:	46b1      	mov	r9, r6
100016e6:	46a8      	mov	r8, r5
100016e8:	bdf0      	pop	{r4, r5, r6, r7, pc}
100016ea:	6958      	ldr	r0, [r3, #20]
100016ec:	f000 fa30 	bl	10001b50 <__wrap___aeabi_uidiv>
100016f0:	3001      	adds	r0, #1
100016f2:	0043      	lsls	r3, r0, #1
100016f4:	181b      	adds	r3, r3, r0
100016f6:	3b03      	subs	r3, #3
100016f8:	d2fd      	bcs.n	100016f6 <clock_configure_undivided+0x8e>
100016fa:	e7da      	b.n	100016b2 <clock_configure_undivided+0x4a>
100016fc:	4643      	mov	r3, r8
100016fe:	2b01      	cmp	r3, #1
10001700:	d1cb      	bne.n	1000169a <clock_configure_undivided+0x32>
10001702:	23c0      	movs	r3, #192	@ 0xc0
10001704:	2203      	movs	r2, #3
10001706:	019b      	lsls	r3, r3, #6
10001708:	18e3      	adds	r3, r4, r3
1000170a:	601a      	str	r2, [r3, #0]
1000170c:	3a02      	subs	r2, #2
1000170e:	68a3      	ldr	r3, [r4, #8]
10001710:	421a      	tst	r2, r3
10001712:	d0fc      	beq.n	1000170e <clock_configure_undivided+0xa6>
10001714:	0173      	lsls	r3, r6, #5
10001716:	26e0      	movs	r6, #224	@ 0xe0
10001718:	6822      	ldr	r2, [r4, #0]
1000171a:	0085      	lsls	r5, r0, #2
1000171c:	4053      	eors	r3, r2
1000171e:	401e      	ands	r6, r3
10001720:	2380      	movs	r3, #128	@ 0x80
10001722:	4a0a      	ldr	r2, [pc, #40]	@ (1000174c <clock_configure_undivided+0xe4>)
10001724:	015b      	lsls	r3, r3, #5
10001726:	4691      	mov	r9, r2
10001728:	18e3      	adds	r3, r4, r3
1000172a:	601e      	str	r6, [r3, #0]
1000172c:	4642      	mov	r2, r8
1000172e:	6821      	ldr	r1, [r4, #0]
10001730:	4051      	eors	r1, r2
10001732:	2203      	movs	r2, #3
10001734:	400a      	ands	r2, r1
10001736:	601a      	str	r2, [r3, #0]
10001738:	2301      	movs	r3, #1
1000173a:	4642      	mov	r2, r8
1000173c:	4093      	lsls	r3, r2
1000173e:	68a2      	ldr	r2, [r4, #8]
10001740:	4213      	tst	r3, r2
10001742:	d0fc      	beq.n	1000173e <clock_configure_undivided+0xd6>
10001744:	e7c1      	b.n	100016ca <clock_configure_undivided+0x62>
10001746:	46c0      	nop			@ (mov r8, r8)
10001748:	40008000 	.word	0x40008000
1000174c:	200009d4 	.word	0x200009d4

10001750 <clock_get_hz>:
10001750:	4b01      	ldr	r3, [pc, #4]	@ (10001758 <clock_get_hz+0x8>)
10001752:	0080      	lsls	r0, r0, #2
10001754:	58c0      	ldr	r0, [r0, r3]
10001756:	4770      	bx	lr
10001758:	200009d4 	.word	0x200009d4

1000175c <pll_init>:
1000175c:	b5f8      	push	{r3, r4, r5, r6, r7, lr}
1000175e:	0004      	movs	r4, r0
10001760:	4821      	ldr	r0, [pc, #132]	@ (100017e8 <pll_init+0x8c>)
10001762:	001e      	movs	r6, r3
10001764:	0017      	movs	r7, r2
10001766:	000d      	movs	r5, r1
10001768:	f000 f9f2 	bl	10001b50 <__wrap___aeabi_uidiv>
1000176c:	0001      	movs	r1, r0
1000176e:	0038      	movs	r0, r7
10001770:	f000 f9ee 	bl	10001b50 <__wrap___aeabi_uidiv>
10001774:	9b06      	ldr	r3, [sp, #24]
10001776:	0436      	lsls	r6, r6, #16
10001778:	031b      	lsls	r3, r3, #12
1000177a:	431e      	orrs	r6, r3
1000177c:	6823      	ldr	r3, [r4, #0]
1000177e:	2b00      	cmp	r3, #0
10001780:	db20      	blt.n	100017c4 <pll_init+0x68>
10001782:	4b1a      	ldr	r3, [pc, #104]	@ (100017ec <pll_init+0x90>)
10001784:	491a      	ldr	r1, [pc, #104]	@ (100017f0 <pll_init+0x94>)
10001786:	18e3      	adds	r3, r4, r3
10001788:	1e5a      	subs	r2, r3, #1
1000178a:	4193      	sbcs	r3, r2
1000178c:	2280      	movs	r2, #128	@ 0x80
1000178e:	0192      	lsls	r2, r2, #6
10001790:	4694      	mov	ip, r2
10001792:	425b      	negs	r3, r3
10001794:	0b1b      	lsrs	r3, r3, #12
10001796:	4a17      	ldr	r2, [pc, #92]	@ (100017f4 <pll_init+0x98>)
10001798:	031b      	lsls	r3, r3, #12
1000179a:	4463      	add	r3, ip
1000179c:	6013      	str	r3, [r2, #0]
1000179e:	4a16      	ldr	r2, [pc, #88]	@ (100017f8 <pll_init+0x9c>)
100017a0:	6013      	str	r3, [r2, #0]
100017a2:	001f      	movs	r7, r3
100017a4:	680a      	ldr	r2, [r1, #0]
100017a6:	4397      	bics	r7, r2
100017a8:	d1fb      	bne.n	100017a2 <pll_init+0x46>
100017aa:	4b14      	ldr	r3, [pc, #80]	@ (100017fc <pll_init+0xa0>)
100017ac:	6025      	str	r5, [r4, #0]
100017ae:	18e2      	adds	r2, r4, r3
100017b0:	2321      	movs	r3, #33	@ 0x21
100017b2:	60a0      	str	r0, [r4, #8]
100017b4:	6013      	str	r3, [r2, #0]
100017b6:	6823      	ldr	r3, [r4, #0]
100017b8:	2b00      	cmp	r3, #0
100017ba:	dafc      	bge.n	100017b6 <pll_init+0x5a>
100017bc:	2308      	movs	r3, #8
100017be:	60e6      	str	r6, [r4, #12]
100017c0:	6013      	str	r3, [r2, #0]
100017c2:	bdf8      	pop	{r3, r4, r5, r6, r7, pc}
100017c4:	233f      	movs	r3, #63	@ 0x3f
100017c6:	6822      	ldr	r2, [r4, #0]
100017c8:	4013      	ands	r3, r2
100017ca:	42ab      	cmp	r3, r5
100017cc:	d1d9      	bne.n	10001782 <pll_init+0x26>
100017ce:	68a3      	ldr	r3, [r4, #8]
100017d0:	051b      	lsls	r3, r3, #20
100017d2:	0d1b      	lsrs	r3, r3, #20
100017d4:	4283      	cmp	r3, r0
100017d6:	d1d4      	bne.n	10001782 <pll_init+0x26>
100017d8:	22ee      	movs	r2, #238	@ 0xee
100017da:	68e3      	ldr	r3, [r4, #12]
100017dc:	02d2      	lsls	r2, r2, #11
100017de:	4013      	ands	r3, r2
100017e0:	42b3      	cmp	r3, r6
100017e2:	d1ce      	bne.n	10001782 <pll_init+0x26>
100017e4:	e7ed      	b.n	100017c2 <pll_init+0x66>
100017e6:	46c0      	nop			@ (mov r8, r8)
100017e8:	00b71b00 	.word	0x00b71b00
100017ec:	bffd4000 	.word	0xbffd4000
100017f0:	4000c008 	.word	0x4000c008
100017f4:	4000e000 	.word	0x4000e000
100017f8:	4000f000 	.word	0x4000f000
100017fc:	00003004 	.word	0x00003004

10001800 <tick_start>:
10001800:	2380      	movs	r3, #128	@ 0x80
10001802:	4a02      	ldr	r2, [pc, #8]	@ (1000180c <tick_start+0xc>)
10001804:	009b      	lsls	r3, r3, #2
10001806:	430b      	orrs	r3, r1
10001808:	62d3      	str	r3, [r2, #44]	@ 0x2c
1000180a:	4770      	bx	lr
1000180c:	40058000 	.word	0x40058000

10001810 <rom_func_lookup>:
10001810:	2300      	movs	r3, #0
10001812:	b510      	push	{r4, lr}
10001814:	0001      	movs	r1, r0
10001816:	8a98      	ldrh	r0, [r3, #20]
10001818:	8b1b      	ldrh	r3, [r3, #24]
1000181a:	4798      	blx	r3
1000181c:	bd10      	pop	{r4, pc}
1000181e:	46c0      	nop			@ (mov r8, r8)

10001820 <rom_data_lookup>:
10001820:	2316      	movs	r3, #22
10001822:	b510      	push	{r4, lr}
10001824:	0001      	movs	r1, r0
10001826:	8818      	ldrh	r0, [r3, #0]
10001828:	3302      	adds	r3, #2
1000182a:	881b      	ldrh	r3, [r3, #0]
1000182c:	4798      	blx	r3
1000182e:	bd10      	pop	{r4, pc}

10001830 <rom_funcs_lookup>:
10001830:	b5f8      	push	{r3, r4, r5, r6, r7, lr}
10001832:	4647      	mov	r7, r8
10001834:	46ce      	mov	lr, r9
10001836:	b580      	push	{r7, lr}
10001838:	1e0f      	subs	r7, r1, #0
1000183a:	d018      	beq.n	1000186e <rom_funcs_lookup+0x3e>
1000183c:	2314      	movs	r3, #20
1000183e:	4699      	mov	r9, r3
10001840:	3304      	adds	r3, #4
10001842:	0004      	movs	r4, r0
10001844:	2500      	movs	r5, #0
10001846:	2601      	movs	r6, #1
10001848:	4698      	mov	r8, r3
1000184a:	464b      	mov	r3, r9
1000184c:	8818      	ldrh	r0, [r3, #0]
1000184e:	4643      	mov	r3, r8
10001850:	6821      	ldr	r1, [r4, #0]
10001852:	881b      	ldrh	r3, [r3, #0]
10001854:	4798      	blx	r3
10001856:	c401      	stmia	r4!, {r0}
10001858:	1e43      	subs	r3, r0, #1
1000185a:	4198      	sbcs	r0, r3
1000185c:	3501      	adds	r5, #1
1000185e:	4006      	ands	r6, r0
10001860:	42af      	cmp	r7, r5
10001862:	d1f2      	bne.n	1000184a <rom_funcs_lookup+0x1a>
10001864:	0030      	movs	r0, r6
10001866:	bcc0      	pop	{r6, r7}
10001868:	46b9      	mov	r9, r7
1000186a:	46b0      	mov	r8, r6
1000186c:	bdf8      	pop	{r3, r4, r5, r6, r7, pc}
1000186e:	2601      	movs	r6, #1
10001870:	e7f8      	b.n	10001864 <rom_funcs_lookup+0x34>
10001872:	46c0      	nop			@ (mov r8, r8)

10001874 <xosc_init>:
10001874:	23aa      	movs	r3, #170	@ 0xaa
10001876:	4a06      	ldr	r2, [pc, #24]	@ (10001890 <xosc_init+0x1c>)
10001878:	011b      	lsls	r3, r3, #4
1000187a:	6013      	str	r3, [r2, #0]
1000187c:	238d      	movs	r3, #141	@ 0x8d
1000187e:	005b      	lsls	r3, r3, #1
10001880:	60d3      	str	r3, [r2, #12]
10001882:	4904      	ldr	r1, [pc, #16]	@ (10001894 <xosc_init+0x20>)
10001884:	4b04      	ldr	r3, [pc, #16]	@ (10001898 <xosc_init+0x24>)
10001886:	6019      	str	r1, [r3, #0]
10001888:	6853      	ldr	r3, [r2, #4]
1000188a:	2b00      	cmp	r3, #0
1000188c:	dafc      	bge.n	10001888 <xosc_init+0x14>
1000188e:	4770      	bx	lr
10001890:	40024000 	.word	0x40024000
10001894:	00fab000 	.word	0x00fab000
10001898:	40026000 	.word	0x40026000

1000189c <first_per_core_initializer>:
1000189c:	4770      	bx	lr
1000189e:	46c0      	nop			@ (mov r8, r8)

100018a0 <hard_assertion_failure>:
100018a0:	b510      	push	{r4, lr}
100018a2:	4801      	ldr	r0, [pc, #4]	@ (100018a8 <hard_assertion_failure+0x8>)
100018a4:	f7fe fdee 	bl	10000484 <panic>
100018a8:	10007ec8 	.word	0x10007ec8

100018ac <runtime_run_initializers>:
100018ac:	b570      	push	{r4, r5, r6, lr}
100018ae:	4d07      	ldr	r5, [pc, #28]	@ (100018cc <runtime_run_initializers+0x20>)
100018b0:	4e07      	ldr	r6, [pc, #28]	@ (100018d0 <runtime_run_initializers+0x24>)
100018b2:	42b5      	cmp	r5, r6
100018b4:	d209      	bcs.n	100018ca <runtime_run_initializers+0x1e>
100018b6:	2400      	movs	r4, #0
100018b8:	3e01      	subs	r6, #1
100018ba:	1b76      	subs	r6, r6, r5
100018bc:	08b6      	lsrs	r6, r6, #2
100018be:	cd08      	ldmia	r5!, {r3}
100018c0:	4798      	blx	r3
100018c2:	0023      	movs	r3, r4
100018c4:	3401      	adds	r4, #1
100018c6:	42b3      	cmp	r3, r6
100018c8:	d1f9      	bne.n	100018be <runtime_run_initializers+0x12>
100018ca:	bd70      	pop	{r4, r5, r6, pc}
100018cc:	10007e30 	.word	0x10007e30
100018d0:	10007e6c 	.word	0x10007e6c

100018d4 <runtime_init_early_resets>:
100018d4:	4b05      	ldr	r3, [pc, #20]	@ (100018ec <runtime_init_early_resets+0x18>)
100018d6:	4a06      	ldr	r2, [pc, #24]	@ (100018f0 <runtime_init_early_resets+0x1c>)
100018d8:	4906      	ldr	r1, [pc, #24]	@ (100018f4 <runtime_init_early_resets+0x20>)
100018da:	601a      	str	r2, [r3, #0]
100018dc:	4a06      	ldr	r2, [pc, #24]	@ (100018f8 <runtime_init_early_resets+0x24>)
100018de:	4b07      	ldr	r3, [pc, #28]	@ (100018fc <runtime_init_early_resets+0x28>)
100018e0:	601a      	str	r2, [r3, #0]
100018e2:	0010      	movs	r0, r2
100018e4:	680b      	ldr	r3, [r1, #0]
100018e6:	4398      	bics	r0, r3
100018e8:	d1fb      	bne.n	100018e2 <runtime_init_early_resets+0xe>
100018ea:	4770      	bx	lr
100018ec:	4000e000 	.word	0x4000e000
100018f0:	fefbcdbf 	.word	0xfefbcdbf
100018f4:	4000c008 	.word	0x4000c008
100018f8:	003c7ffe 	.word	0x003c7ffe
100018fc:	4000f000 	.word	0x4000f000

10001900 <runtime_init_usb_power_down>:
10001900:	4b04      	ldr	r3, [pc, #16]	@ (10001914 <runtime_init_usb_power_down+0x14>)
10001902:	6cdb      	ldr	r3, [r3, #76]	@ 0x4c
10001904:	2b00      	cmp	r3, #0
10001906:	d103      	bne.n	10001910 <runtime_init_usb_power_down+0x10>
10001908:	2280      	movs	r2, #128	@ 0x80
1000190a:	4b03      	ldr	r3, [pc, #12]	@ (10001918 <runtime_init_usb_power_down+0x18>)
1000190c:	02d2      	lsls	r2, r2, #11
1000190e:	601a      	str	r2, [r3, #0]
10001910:	4770      	bx	lr
10001912:	46c0      	nop			@ (mov r8, r8)
10001914:	50110000 	.word	0x50110000
10001918:	5011204c 	.word	0x5011204c

1000191c <runtime_init_post_clock_resets>:
1000191c:	4a04      	ldr	r2, [pc, #16]	@ (10001930 <runtime_init_post_clock_resets+0x14>)
1000191e:	4b05      	ldr	r3, [pc, #20]	@ (10001934 <runtime_init_post_clock_resets+0x18>)
10001920:	601a      	str	r2, [r3, #0]
10001922:	4a05      	ldr	r2, [pc, #20]	@ (10001938 <runtime_init_post_clock_resets+0x1c>)
10001924:	6813      	ldr	r3, [r2, #0]
10001926:	01db      	lsls	r3, r3, #7
10001928:	3380      	adds	r3, #128	@ 0x80
1000192a:	d1fb      	bne.n	10001924 <runtime_init_post_clock_resets+0x8>
1000192c:	4770      	bx	lr
1000192e:	46c0      	nop			@ (mov r8, r8)
10001930:	01ffffff 	.word	0x01ffffff
10001934:	4000f000 	.word	0x4000f000
10001938:	4000c008 	.word	0x4000c008

1000193c <runtime_init_rp2040_gpio_ie_disable>:
1000193c:	2240      	movs	r2, #64	@ 0x40
1000193e:	4b03      	ldr	r3, [pc, #12]	@ (1000194c <runtime_init_rp2040_gpio_ie_disable+0x10>)
10001940:	679a      	str	r2, [r3, #120]	@ 0x78
10001942:	675a      	str	r2, [r3, #116]	@ 0x74
10001944:	671a      	str	r2, [r3, #112]	@ 0x70
10001946:	66da      	str	r2, [r3, #108]	@ 0x6c
10001948:	4770      	bx	lr
1000194a:	46c0      	nop			@ (mov r8, r8)
1000194c:	4001f000 	.word	0x4001f000

10001950 <runtime_init_spin_locks_reset>:
10001950:	b510      	push	{r4, lr}
10001952:	f7fe fe53 	bl	100005fc <spin_locks_reset>
10001956:	bd10      	pop	{r4, pc}

10001958 <runtime_init_install_ram_vector_table>:
10001958:	b5f8      	push	{r3, r4, r5, r6, r7, lr}
1000195a:	4927      	ldr	r1, [pc, #156]	@ (100019f8 <runtime_init_install_ram_vector_table+0xa0>)
1000195c:	4c27      	ldr	r4, [pc, #156]	@ (100019fc <runtime_init_install_ram_vector_table+0xa4>)
1000195e:	4d28      	ldr	r5, [pc, #160]	@ (10001a00 <runtime_init_install_ram_vector_table+0xa8>)
10001960:	1a64      	subs	r4, r4, r1
10001962:	10a6      	asrs	r6, r4, #2
10001964:	0032      	movs	r2, r6
10001966:	2e30      	cmp	r6, #48	@ 0x30
10001968:	d900      	bls.n	1000196c <runtime_init_install_ram_vector_table+0x14>
1000196a:	2230      	movs	r2, #48	@ 0x30
1000196c:	0028      	movs	r0, r5
1000196e:	0092      	lsls	r2, r2, #2
10001970:	f000 fcc4 	bl	100022fc <__wrap___aeabi_memcpy>
10001974:	2cbc      	cmp	r4, #188	@ 0xbc
10001976:	d83b      	bhi.n	100019f0 <runtime_init_install_ram_vector_table+0x98>
10001978:	2030      	movs	r0, #48	@ 0x30
1000197a:	232f      	movs	r3, #47	@ 0x2f
1000197c:	192c      	adds	r4, r5, r4
1000197e:	0764      	lsls	r4, r4, #29
10001980:	4a20      	ldr	r2, [pc, #128]	@ (10001a04 <runtime_init_install_ram_vector_table+0xac>)
10001982:	1b80      	subs	r0, r0, r6
10001984:	0fe4      	lsrs	r4, r4, #31
10001986:	1b9b      	subs	r3, r3, r6
10001988:	2b05      	cmp	r3, #5
1000198a:	d916      	bls.n	100019ba <runtime_init_install_ram_vector_table+0x62>
1000198c:	0037      	movs	r7, r6
1000198e:	2c00      	cmp	r4, #0
10001990:	d002      	beq.n	10001998 <runtime_init_install_ram_vector_table+0x40>
10001992:	00b3      	lsls	r3, r6, #2
10001994:	1c77      	adds	r7, r6, #1
10001996:	50ea      	str	r2, [r5, r3]
10001998:	1b00      	subs	r0, r0, r4
1000199a:	1933      	adds	r3, r6, r4
1000199c:	009b      	lsls	r3, r3, #2
1000199e:	0841      	lsrs	r1, r0, #1
100019a0:	18eb      	adds	r3, r5, r3
100019a2:	00c9      	lsls	r1, r1, #3
100019a4:	18c9      	adds	r1, r1, r3
100019a6:	601a      	str	r2, [r3, #0]
100019a8:	605a      	str	r2, [r3, #4]
100019aa:	3308      	adds	r3, #8
100019ac:	4299      	cmp	r1, r3
100019ae:	d1fa      	bne.n	100019a6 <runtime_init_install_ram_vector_table+0x4e>
100019b0:	2301      	movs	r3, #1
100019b2:	4203      	tst	r3, r0
100019b4:	d01c      	beq.n	100019f0 <runtime_init_install_ram_vector_table+0x98>
100019b6:	4398      	bics	r0, r3
100019b8:	19c6      	adds	r6, r0, r7
100019ba:	00b3      	lsls	r3, r6, #2
100019bc:	50ea      	str	r2, [r5, r3]
100019be:	1c73      	adds	r3, r6, #1
100019c0:	2e2f      	cmp	r6, #47	@ 0x2f
100019c2:	d015      	beq.n	100019f0 <runtime_init_install_ram_vector_table+0x98>
100019c4:	009b      	lsls	r3, r3, #2
100019c6:	50ea      	str	r2, [r5, r3]
100019c8:	1cb3      	adds	r3, r6, #2
100019ca:	2e2e      	cmp	r6, #46	@ 0x2e
100019cc:	d010      	beq.n	100019f0 <runtime_init_install_ram_vector_table+0x98>
100019ce:	009b      	lsls	r3, r3, #2
100019d0:	50ea      	str	r2, [r5, r3]
100019d2:	1cf3      	adds	r3, r6, #3
100019d4:	2e2d      	cmp	r6, #45	@ 0x2d
100019d6:	d00b      	beq.n	100019f0 <runtime_init_install_ram_vector_table+0x98>
100019d8:	009b      	lsls	r3, r3, #2
100019da:	50ea      	str	r2, [r5, r3]
100019dc:	1d33      	adds	r3, r6, #4
100019de:	2e2c      	cmp	r6, #44	@ 0x2c
100019e0:	d006      	beq.n	100019f0 <runtime_init_install_ram_vector_table+0x98>
100019e2:	009b      	lsls	r3, r3, #2
100019e4:	50ea      	str	r2, [r5, r3]
100019e6:	1d73      	adds	r3, r6, #5
100019e8:	2e2b      	cmp	r6, #43	@ 0x2b
100019ea:	d001      	beq.n	100019f0 <runtime_init_install_ram_vector_table+0x98>
100019ec:	009b      	lsls	r3, r3, #2
100019ee:	50ea      	str	r2, [r5, r3]
100019f0:	4b05      	ldr	r3, [pc, #20]	@ (10001a08 <runtime_init_install_ram_vector_table+0xb0>)
100019f2:	609d      	str	r5, [r3, #8]
100019f4:	bdf8      	pop	{r3, r4, r5, r6, r7, pc}
100019f6:	46c0      	nop			@ (mov r8, r8)
100019f8:	10000100 	.word	0x10000100
100019fc:	100001c0 	.word	0x100001c0
10001a00:	20000000 	.word	0x20000000
10001a04:	100001c1 	.word	0x100001c1
10001a08:	e000ed00 	.word	0xe000ed00

10001a0c <runtime_init_clocks>:
10001a0c:	2300      	movs	r3, #0
10001a0e:	b510      	push	{r4, lr}
10001a10:	4c29      	ldr	r4, [pc, #164]	@ (10001ab8 <runtime_init_clocks+0xac>)
10001a12:	b082      	sub	sp, #8
10001a14:	67a3      	str	r3, [r4, #120]	@ 0x78
10001a16:	f7ff ff2d 	bl	10001874 <xosc_init>
10001a1a:	2201      	movs	r2, #1
10001a1c:	4b27      	ldr	r3, [pc, #156]	@ (10001abc <runtime_init_clocks+0xb0>)
10001a1e:	601a      	str	r2, [r3, #0]
10001a20:	6c63      	ldr	r3, [r4, #68]	@ 0x44
10001a22:	2b01      	cmp	r3, #1
10001a24:	d1fc      	bne.n	10001a20 <runtime_init_clocks+0x14>
10001a26:	2203      	movs	r2, #3
10001a28:	4b25      	ldr	r3, [pc, #148]	@ (10001ac0 <runtime_init_clocks+0xb4>)
10001a2a:	601a      	str	r2, [r3, #0]
10001a2c:	4a22      	ldr	r2, [pc, #136]	@ (10001ab8 <runtime_init_clocks+0xac>)
10001a2e:	6b93      	ldr	r3, [r2, #56]	@ 0x38
10001a30:	2b01      	cmp	r3, #1
10001a32:	d1fc      	bne.n	10001a2e <runtime_init_clocks+0x22>
10001a34:	3301      	adds	r3, #1
10001a36:	9300      	str	r3, [sp, #0]
10001a38:	2101      	movs	r1, #1
10001a3a:	4a22      	ldr	r2, [pc, #136]	@ (10001ac4 <runtime_init_clocks+0xb8>)
10001a3c:	4822      	ldr	r0, [pc, #136]	@ (10001ac8 <runtime_init_clocks+0xbc>)
10001a3e:	3304      	adds	r3, #4
10001a40:	f7ff fe8c 	bl	1000175c <pll_init>
10001a44:	2305      	movs	r3, #5
10001a46:	2101      	movs	r1, #1
10001a48:	9300      	str	r3, [sp, #0]
10001a4a:	4a20      	ldr	r2, [pc, #128]	@ (10001acc <runtime_init_clocks+0xc0>)
10001a4c:	4820      	ldr	r0, [pc, #128]	@ (10001ad0 <runtime_init_clocks+0xc4>)
10001a4e:	f7ff fe85 	bl	1000175c <pll_init>
10001a52:	2200      	movs	r2, #0
10001a54:	2102      	movs	r1, #2
10001a56:	2004      	movs	r0, #4
10001a58:	4b1e      	ldr	r3, [pc, #120]	@ (10001ad4 <runtime_init_clocks+0xc8>)
10001a5a:	f7ff fe05 	bl	10001668 <clock_configure_undivided>
10001a5e:	2200      	movs	r2, #0
10001a60:	2101      	movs	r1, #1
10001a62:	2005      	movs	r0, #5
10001a64:	4b1c      	ldr	r3, [pc, #112]	@ (10001ad8 <runtime_init_clocks+0xcc>)
10001a66:	f7ff fdff 	bl	10001668 <clock_configure_undivided>
10001a6a:	2200      	movs	r2, #0
10001a6c:	2100      	movs	r1, #0
10001a6e:	2007      	movs	r0, #7
10001a70:	4b1a      	ldr	r3, [pc, #104]	@ (10001adc <runtime_init_clocks+0xd0>)
10001a72:	f7ff fdf9 	bl	10001668 <clock_configure_undivided>
10001a76:	2200      	movs	r2, #0
10001a78:	2100      	movs	r1, #0
10001a7a:	2008      	movs	r0, #8
10001a7c:	4b17      	ldr	r3, [pc, #92]	@ (10001adc <runtime_init_clocks+0xd0>)
10001a7e:	f7ff fdf3 	bl	10001668 <clock_configure_undivided>
10001a82:	2380      	movs	r3, #128	@ 0x80
10001a84:	00db      	lsls	r3, r3, #3
10001a86:	9300      	str	r3, [sp, #0]
10001a88:	2200      	movs	r2, #0
10001a8a:	2100      	movs	r1, #0
10001a8c:	2009      	movs	r0, #9
10001a8e:	4b13      	ldr	r3, [pc, #76]	@ (10001adc <runtime_init_clocks+0xd0>)
10001a90:	f7ff fd70 	bl	10001574 <clock_configure_int_divider>
10001a94:	2200      	movs	r2, #0
10001a96:	4b10      	ldr	r3, [pc, #64]	@ (10001ad8 <runtime_init_clocks+0xcc>)
10001a98:	2100      	movs	r1, #0
10001a9a:	2006      	movs	r0, #6
10001a9c:	f7ff fde4 	bl	10001668 <clock_configure_undivided>
10001aa0:	2004      	movs	r0, #4
10001aa2:	f7ff fe55 	bl	10001750 <clock_get_hz>
10001aa6:	490e      	ldr	r1, [pc, #56]	@ (10001ae0 <runtime_init_clocks+0xd4>)
10001aa8:	f000 f852 	bl	10001b50 <__wrap___aeabi_uidiv>
10001aac:	0001      	movs	r1, r0
10001aae:	2000      	movs	r0, #0
10001ab0:	f7ff fea6 	bl	10001800 <tick_start>
10001ab4:	b002      	add	sp, #8
10001ab6:	bd10      	pop	{r4, pc}
10001ab8:	40008000 	.word	0x40008000
10001abc:	4000b03c 	.word	0x4000b03c
10001ac0:	4000b030 	.word	0x4000b030
10001ac4:	59682f00 	.word	0x59682f00
10001ac8:	40028000 	.word	0x40028000
10001acc:	47868c00 	.word	0x47868c00
10001ad0:	4002c000 	.word	0x4002c000
10001ad4:	00b71b00 	.word	0x00b71b00
10001ad8:	07735940 	.word	0x07735940
10001adc:	02dc6c00 	.word	0x02dc6c00
10001ae0:	000f4240 	.word	0x000f4240

10001ae4 <__aeabi_bits_init>:
10001ae4:	4801      	ldr	r0, [pc, #4]	@ (10001aec <__aeabi_bits_init+0x8>)
10001ae6:	2104      	movs	r1, #4
10001ae8:	4b01      	ldr	r3, [pc, #4]	@ (10001af0 <__aeabi_bits_init+0xc>)
10001aea:	4718      	bx	r3
10001aec:	20000580 	.word	0x20000580
10001af0:	10001831 	.word	0x10001831

10001af4 <__wrap___ctzsi2>:
10001af4:	4b01      	ldr	r3, [pc, #4]	@ (10001afc <__wrap___ctzsi2+0x8>)
10001af6:	689b      	ldr	r3, [r3, #8]
10001af8:	4718      	bx	r3
10001afa:	0000      	.short	0x0000
10001afc:	20000580 	.word	0x20000580

10001b00 <__wrap___aeabi_idiv>:
10001b00:	4a12      	ldr	r2, [pc, #72]	@ (10001b4c <divmod_s32s32_savestate+0x18>)
10001b02:	6f93      	ldr	r3, [r2, #120]	@ 0x78
10001b04:	089b      	lsrs	r3, r3, #2
10001b06:	d215      	bcs.n	10001b34 <divmod_s32s32_savestate>

10001b08 <divmod_s32s32_unsafe>:
10001b08:	6690      	str	r0, [r2, #104]	@ 0x68
10001b0a:	66d1      	str	r1, [r2, #108]	@ 0x6c
10001b0c:	2900      	cmp	r1, #0
10001b0e:	d005      	beq.n	10001b1c <divmod_s32s32_unsafe+0x14>
10001b10:	e7ff      	b.n	10001b12 <divmod_s32s32_unsafe+0xa>
10001b12:	e7ff      	b.n	10001b14 <divmod_s32s32_unsafe+0xc>
10001b14:	e7ff      	b.n	10001b16 <divmod_s32s32_unsafe+0xe>
10001b16:	6f51      	ldr	r1, [r2, #116]	@ 0x74
10001b18:	6f10      	ldr	r0, [r2, #112]	@ 0x70
10001b1a:	4770      	bx	lr
10001b1c:	b504      	push	{r2, lr}
10001b1e:	2180      	movs	r1, #128	@ 0x80
10001b20:	0609      	lsls	r1, r1, #24
10001b22:	17c2      	asrs	r2, r0, #31
10001b24:	4051      	eors	r1, r2
10001b26:	2800      	cmp	r0, #0
10001b28:	d000      	beq.n	10001b2c <divmod_s32s32_unsafe+0x24>
10001b2a:	43c8      	mvns	r0, r1
10001b2c:	f006 f958 	bl	10007de0 <____aeabi_idiv0_veneer>
10001b30:	2100      	movs	r1, #0
10001b32:	bd04      	pop	{r2, pc}

10001b34 <divmod_s32s32_savestate>:
10001b34:	b5f0      	push	{r4, r5, r6, r7, lr}
10001b36:	6e14      	ldr	r4, [r2, #96]	@ 0x60
10001b38:	6e55      	ldr	r5, [r2, #100]	@ 0x64
10001b3a:	6f57      	ldr	r7, [r2, #116]	@ 0x74
10001b3c:	6f16      	ldr	r6, [r2, #112]	@ 0x70
10001b3e:	f7ff ffe3 	bl	10001b08 <divmod_s32s32_unsafe>
10001b42:	6614      	str	r4, [r2, #96]	@ 0x60
10001b44:	6655      	str	r5, [r2, #100]	@ 0x64
10001b46:	6757      	str	r7, [r2, #116]	@ 0x74
10001b48:	6716      	str	r6, [r2, #112]	@ 0x70
10001b4a:	bdf0      	pop	{r4, r5, r6, r7, pc}
10001b4c:	d0000000 	.word	0xd0000000

10001b50 <__wrap___aeabi_uidiv>:
10001b50:	4a11      	ldr	r2, [pc, #68]	@ (10001b98 <divmod_u32u32_savestate+0x18>)
10001b52:	6f93      	ldr	r3, [r2, #120]	@ 0x78
10001b54:	089b      	lsrs	r3, r3, #2
10001b56:	d213      	bcs.n	10001b80 <divmod_u32u32_savestate>

10001b58 <divmod_u32u32_unsafe>:
10001b58:	6610      	str	r0, [r2, #96]	@ 0x60
10001b5a:	6651      	str	r1, [r2, #100]	@ 0x64
10001b5c:	2900      	cmp	r1, #0
10001b5e:	d005      	beq.n	10001b6c <divmod_u32u32_unsafe+0x14>
10001b60:	e7ff      	b.n	10001b62 <divmod_u32u32_unsafe+0xa>
10001b62:	e7ff      	b.n	10001b64 <divmod_u32u32_unsafe+0xc>
10001b64:	e7ff      	b.n	10001b66 <divmod_u32u32_unsafe+0xe>
10001b66:	6f51      	ldr	r1, [r2, #116]	@ 0x74
10001b68:	6f10      	ldr	r0, [r2, #112]	@ 0x70
10001b6a:	4770      	bx	lr
10001b6c:	b504      	push	{r2, lr}
10001b6e:	2800      	cmp	r0, #0
10001b70:	d001      	beq.n	10001b76 <divmod_u32u32_unsafe+0x1e>
10001b72:	2000      	movs	r0, #0
10001b74:	43c0      	mvns	r0, r0
10001b76:	f006 f933 	bl	10007de0 <____aeabi_idiv0_veneer>
10001b7a:	2100      	movs	r1, #0
10001b7c:	bd04      	pop	{r2, pc}
10001b7e:	46c0      	nop			@ (mov r8, r8)

10001b80 <divmod_u32u32_savestate>:
10001b80:	b5f0      	push	{r4, r5, r6, r7, lr}
10001b82:	6e14      	ldr	r4, [r2, #96]	@ 0x60
10001b84:	6e55      	ldr	r5, [r2, #100]	@ 0x64
10001b86:	6f57      	ldr	r7, [r2, #116]	@ 0x74
10001b88:	6f16      	ldr	r6, [r2, #112]	@ 0x70
10001b8a:	f7ff ffe5 	bl	10001b58 <divmod_u32u32_unsafe>
10001b8e:	6614      	str	r4, [r2, #96]	@ 0x60
10001b90:	6655      	str	r5, [r2, #100]	@ 0x64
10001b92:	6757      	str	r7, [r2, #116]	@ 0x74
10001b94:	6716      	str	r6, [r2, #112]	@ 0x70
10001b96:	bdf0      	pop	{r4, r5, r6, r7, pc}
10001b98:	d0000000 	.word	0xd0000000

10001b9c <__wrap___aeabi_ldivmod>:
10001b9c:	4694      	mov	ip, r2
10001b9e:	4a4a      	ldr	r2, [pc, #296]	@ (10001cc8 <udiv0+0x1a>)
10001ba0:	6f92      	ldr	r2, [r2, #120]	@ 0x78
10001ba2:	0892      	lsrs	r2, r2, #2
10001ba4:	4662      	mov	r2, ip
10001ba6:	d201      	bcs.n	10001bac <divmod_s64s64_savestate>
10001ba8:	e028      	b.n	10001bfc <divmod_s64s64_unsafe>
10001baa:	46c0      	nop			@ (mov r8, r8)

10001bac <divmod_s64s64_savestate>:
10001bac:	b5f0      	push	{r4, r5, r6, r7, lr}
10001bae:	4e46      	ldr	r6, [pc, #280]	@ (10001cc8 <udiv0+0x1a>)
10001bb0:	6e34      	ldr	r4, [r6, #96]	@ 0x60
10001bb2:	6e75      	ldr	r5, [r6, #100]	@ 0x64
10001bb4:	6f77      	ldr	r7, [r6, #116]	@ 0x74
10001bb6:	6f36      	ldr	r6, [r6, #112]	@ 0x70
10001bb8:	f000 f820 	bl	10001bfc <divmod_s64s64_unsafe>
10001bbc:	4694      	mov	ip, r2
10001bbe:	4a42      	ldr	r2, [pc, #264]	@ (10001cc8 <udiv0+0x1a>)
10001bc0:	6614      	str	r4, [r2, #96]	@ 0x60
10001bc2:	6655      	str	r5, [r2, #100]	@ 0x64
10001bc4:	6757      	str	r7, [r2, #116]	@ 0x74
10001bc6:	6716      	str	r6, [r2, #112]	@ 0x70
10001bc8:	4662      	mov	r2, ip
10001bca:	bdf0      	pop	{r4, r5, r6, r7, pc}

10001bcc <__wrap___aeabi_uldivmod>:
10001bcc:	4694      	mov	ip, r2
10001bce:	4a3e      	ldr	r2, [pc, #248]	@ (10001cc8 <udiv0+0x1a>)
10001bd0:	6f92      	ldr	r2, [r2, #120]	@ 0x78
10001bd2:	0892      	lsrs	r2, r2, #2
10001bd4:	4662      	mov	r2, ip
10001bd6:	d201      	bcs.n	10001bdc <divmod_u64u64_savestate>
10001bd8:	e054      	b.n	10001c84 <divmod_u64u64_unsafe>
10001bda:	46c0      	nop			@ (mov r8, r8)

10001bdc <divmod_u64u64_savestate>:
10001bdc:	b5f0      	push	{r4, r5, r6, r7, lr}
10001bde:	4e3a      	ldr	r6, [pc, #232]	@ (10001cc8 <udiv0+0x1a>)
10001be0:	6e34      	ldr	r4, [r6, #96]	@ 0x60
10001be2:	6e75      	ldr	r5, [r6, #100]	@ 0x64
10001be4:	6f77      	ldr	r7, [r6, #116]	@ 0x74
10001be6:	6f36      	ldr	r6, [r6, #112]	@ 0x70
10001be8:	f000 f84c 	bl	10001c84 <divmod_u64u64_unsafe>
10001bec:	4694      	mov	ip, r2
10001bee:	4a36      	ldr	r2, [pc, #216]	@ (10001cc8 <udiv0+0x1a>)
10001bf0:	6614      	str	r4, [r2, #96]	@ 0x60
10001bf2:	6655      	str	r5, [r2, #100]	@ 0x64
10001bf4:	6757      	str	r7, [r2, #116]	@ 0x74
10001bf6:	6716      	str	r6, [r2, #112]	@ 0x70
10001bf8:	4662      	mov	r2, ip
10001bfa:	bdf0      	pop	{r4, r5, r6, r7, pc}

10001bfc <divmod_s64s64_unsafe>:
10001bfc:	2b00      	cmp	r3, #0
10001bfe:	db24      	blt.n	10001c4a <l42_1+0x26>
10001c00:	d011      	beq.n	10001c26 <l42_1+0x2>
10001c02:	2900      	cmp	r1, #0
10001c04:	da3e      	bge.n	10001c84 <divmod_u64u64_unsafe>
10001c06:	b500      	push	{lr}
10001c08:	43c9      	mvns	r1, r1
10001c0a:	4240      	negs	r0, r0
10001c0c:	d100      	bne.n	10001c10 <l40_1>
10001c0e:	3101      	adds	r1, #1

10001c10 <l40_1>:
10001c10:	f000 f838 	bl	10001c84 <divmod_u64u64_unsafe>
10001c14:	43c9      	mvns	r1, r1
10001c16:	4240      	negs	r0, r0
10001c18:	d100      	bne.n	10001c1c <l41_1>
10001c1a:	3101      	adds	r1, #1

10001c1c <l41_1>:
10001c1c:	43db      	mvns	r3, r3
10001c1e:	4252      	negs	r2, r2
10001c20:	d100      	bne.n	10001c24 <l42_1>
10001c22:	3301      	adds	r3, #1

10001c24 <l42_1>:
10001c24:	bd00      	pop	{pc}
10001c26:	2a00      	cmp	r2, #0
10001c28:	d1eb      	bne.n	10001c02 <divmod_s64s64_unsafe+0x6>
10001c2a:	2800      	cmp	r0, #0
10001c2c:	d101      	bne.n	10001c32 <l42_1+0xe>
10001c2e:	2900      	cmp	r1, #0
10001c30:	d005      	beq.n	10001c3e <l42_1+0x1a>
10001c32:	2000      	movs	r0, #0
10001c34:	0fc9      	lsrs	r1, r1, #31
10001c36:	07c9      	lsls	r1, r1, #31
10001c38:	d101      	bne.n	10001c3e <l42_1+0x1a>
10001c3a:	43c0      	mvns	r0, r0
10001c3c:	0841      	lsrs	r1, r0, #1
10001c3e:	b500      	push	{lr}
10001c40:	f006 f8be 	bl	10007dc0 <____aeabi_ldiv0_veneer>
10001c44:	2200      	movs	r2, #0
10001c46:	2300      	movs	r3, #0
10001c48:	bd00      	pop	{pc}
10001c4a:	b500      	push	{lr}
10001c4c:	2900      	cmp	r1, #0
10001c4e:	db0a      	blt.n	10001c66 <l44_1+0x2>
10001c50:	43db      	mvns	r3, r3
10001c52:	4252      	negs	r2, r2
10001c54:	d100      	bne.n	10001c58 <l43_1>
10001c56:	3301      	adds	r3, #1

10001c58 <l43_1>:
10001c58:	f000 f814 	bl	10001c84 <divmod_u64u64_unsafe>
10001c5c:	43c9      	mvns	r1, r1
10001c5e:	4240      	negs	r0, r0
10001c60:	d100      	bne.n	10001c64 <l44_1>
10001c62:	3101      	adds	r1, #1

10001c64 <l44_1>:
10001c64:	bd00      	pop	{pc}
10001c66:	43c9      	mvns	r1, r1
10001c68:	4240      	negs	r0, r0
10001c6a:	d100      	bne.n	10001c6e <l45_1>
10001c6c:	3101      	adds	r1, #1

10001c6e <l45_1>:
10001c6e:	43db      	mvns	r3, r3
10001c70:	4252      	negs	r2, r2
10001c72:	d100      	bne.n	10001c76 <l46_1>
10001c74:	3301      	adds	r3, #1

10001c76 <l46_1>:
10001c76:	f000 f805 	bl	10001c84 <divmod_u64u64_unsafe>
10001c7a:	43db      	mvns	r3, r3
10001c7c:	4252      	negs	r2, r2
10001c7e:	d100      	bne.n	10001c82 <l47_1>
10001c80:	3301      	adds	r3, #1

10001c82 <l47_1>:
10001c82:	bd00      	pop	{pc}

10001c84 <divmod_u64u64_unsafe>:
10001c84:	2900      	cmp	r1, #0
10001c86:	d123      	bne.n	10001cd0 <y64>
10001c88:	2b00      	cmp	r3, #0
10001c8a:	d118      	bne.n	10001cbe <udiv0+0x10>
10001c8c:	2a00      	cmp	r2, #0
10001c8e:	d00c      	beq.n	10001caa <divmod_u64u64_unsafe+0x26>
10001c90:	46bc      	mov	ip, r7
10001c92:	4f0d      	ldr	r7, [pc, #52]	@ (10001cc8 <udiv0+0x1a>)
10001c94:	6638      	str	r0, [r7, #96]	@ 0x60
10001c96:	667a      	str	r2, [r7, #100]	@ 0x64
10001c98:	2100      	movs	r1, #0
10001c9a:	2300      	movs	r3, #0
10001c9c:	e7ff      	b.n	10001c9e <divmod_u64u64_unsafe+0x1a>
10001c9e:	e7ff      	b.n	10001ca0 <divmod_u64u64_unsafe+0x1c>
10001ca0:	e7ff      	b.n	10001ca2 <divmod_u64u64_unsafe+0x1e>
10001ca2:	6f7a      	ldr	r2, [r7, #116]	@ 0x74
10001ca4:	6f38      	ldr	r0, [r7, #112]	@ 0x70
10001ca6:	4667      	mov	r7, ip
10001ca8:	4770      	bx	lr
10001caa:	2800      	cmp	r0, #0
10001cac:	d001      	beq.n	10001cb2 <udiv0+0x4>

10001cae <udiv0>:
10001cae:	4807      	ldr	r0, [pc, #28]	@ (10001ccc <udiv0+0x1e>)
10001cb0:	0001      	movs	r1, r0
10001cb2:	b500      	push	{lr}
10001cb4:	f006 f884 	bl	10007dc0 <____aeabi_ldiv0_veneer>
10001cb8:	2200      	movs	r2, #0
10001cba:	2300      	movs	r3, #0
10001cbc:	bd00      	pop	{pc}
10001cbe:	0002      	movs	r2, r0
10001cc0:	000b      	movs	r3, r1
10001cc2:	2000      	movs	r0, #0
10001cc4:	2100      	movs	r1, #0
10001cc6:	4770      	bx	lr
10001cc8:	d0000000 	.word	0xd0000000
10001ccc:	ffffffff 	.word	0xffffffff

10001cd0 <y64>:
10001cd0:	2b00      	cmp	r3, #0
10001cd2:	d000      	beq.n	10001cd6 <y64+0x6>
10001cd4:	e0bf      	b.n	10001e56 <y64_x48>
10001cd6:	0c13      	lsrs	r3, r2, #16
10001cd8:	d128      	bne.n	10001d2c <y64_x32>
10001cda:	2a00      	cmp	r2, #0
10001cdc:	d0e7      	beq.n	10001cae <udiv0>
10001cde:	b480      	push	{r7}
10001ce0:	4f11      	ldr	r7, [pc, #68]	@ (10001d28 <y64+0x58>)
10001ce2:	6639      	str	r1, [r7, #96]	@ 0x60
10001ce4:	667a      	str	r2, [r7, #100]	@ 0x64
10001ce6:	e7ff      	b.n	10001ce8 <y64+0x18>
10001ce8:	e7ff      	b.n	10001cea <y64+0x1a>
10001cea:	b430      	push	{r4, r5}
10001cec:	0c04      	lsrs	r4, r0, #16
10001cee:	6f7b      	ldr	r3, [r7, #116]	@ 0x74
10001cf0:	6f39      	ldr	r1, [r7, #112]	@ 0x70
10001cf2:	041b      	lsls	r3, r3, #16
10001cf4:	4323      	orrs	r3, r4
10001cf6:	663b      	str	r3, [r7, #96]	@ 0x60
10001cf8:	667a      	str	r2, [r7, #100]	@ 0x64
10001cfa:	e7ff      	b.n	10001cfc <y64+0x2c>
10001cfc:	e7ff      	b.n	10001cfe <y64+0x2e>
10001cfe:	e7ff      	b.n	10001d00 <y64+0x30>
10001d00:	46c0      	nop			@ (mov r8, r8)
10001d02:	b284      	uxth	r4, r0
10001d04:	6f7b      	ldr	r3, [r7, #116]	@ 0x74
10001d06:	6f3d      	ldr	r5, [r7, #112]	@ 0x70
10001d08:	041b      	lsls	r3, r3, #16
10001d0a:	4323      	orrs	r3, r4
10001d0c:	663b      	str	r3, [r7, #96]	@ 0x60
10001d0e:	667a      	str	r2, [r7, #100]	@ 0x64
10001d10:	e7ff      	b.n	10001d12 <y64+0x42>
10001d12:	e7ff      	b.n	10001d14 <y64+0x44>
10001d14:	46c0      	nop			@ (mov r8, r8)
10001d16:	2300      	movs	r3, #0
10001d18:	042c      	lsls	r4, r5, #16
10001d1a:	0c2d      	lsrs	r5, r5, #16
10001d1c:	6f7a      	ldr	r2, [r7, #116]	@ 0x74
10001d1e:	6f38      	ldr	r0, [r7, #112]	@ 0x70
10001d20:	1900      	adds	r0, r0, r4
10001d22:	4169      	adcs	r1, r5
10001d24:	bcb0      	pop	{r4, r5, r7}
10001d26:	4770      	bx	lr
10001d28:	d0000000 	.word	0xd0000000

10001d2c <y64_x32>:
10001d2c:	b5f0      	push	{r4, r5, r6, r7, lr}
10001d2e:	4694      	mov	ip, r2
10001d30:	2500      	movs	r5, #0
10001d32:	0e14      	lsrs	r4, r2, #24
10001d34:	d101      	bne.n	10001d3a <y64_x32+0xe>
10001d36:	0212      	lsls	r2, r2, #8
10001d38:	3508      	adds	r5, #8
10001d3a:	0f14      	lsrs	r4, r2, #28
10001d3c:	d101      	bne.n	10001d42 <y64_x32+0x16>
10001d3e:	0112      	lsls	r2, r2, #4
10001d40:	3504      	adds	r5, #4
10001d42:	0f94      	lsrs	r4, r2, #30
10001d44:	d101      	bne.n	10001d4a <y64_x32+0x1e>
10001d46:	0092      	lsls	r2, r2, #2
10001d48:	3502      	adds	r5, #2
10001d4a:	0fd4      	lsrs	r4, r2, #31
10001d4c:	d101      	bne.n	10001d52 <y64_x32+0x26>
10001d4e:	0052      	lsls	r2, r2, #1
10001d50:	3501      	adds	r5, #1
10001d52:	0bd4      	lsrs	r4, r2, #15
10001d54:	3401      	adds	r4, #1
10001d56:	4f25      	ldr	r7, [pc, #148]	@ (10001dec <y64_x32+0xc0>)
10001d58:	667c      	str	r4, [r7, #100]	@ 0x64
10001d5a:	4c25      	ldr	r4, [pc, #148]	@ (10001df0 <y64_x32+0xc4>)
10001d5c:	663c      	str	r4, [r7, #96]	@ 0x60
10001d5e:	0c0e      	lsrs	r6, r1, #16
10001d60:	b293      	uxth	r3, r2
10001d62:	e7ff      	b.n	10001d64 <y64_x32+0x38>
10001d64:	e7ff      	b.n	10001d66 <y64_x32+0x3a>
10001d66:	e7ff      	b.n	10001d68 <y64_x32+0x3c>
10001d68:	6f3c      	ldr	r4, [r7, #112]	@ 0x70
10001d6a:	4366      	muls	r6, r4
10001d6c:	0c36      	lsrs	r6, r6, #16
10001d6e:	0377      	lsls	r7, r6, #13
10001d70:	46be      	mov	lr, r7
10001d72:	4373      	muls	r3, r6
10001d74:	0bdf      	lsrs	r7, r3, #15
10001d76:	045b      	lsls	r3, r3, #17
10001d78:	1ac0      	subs	r0, r0, r3
10001d7a:	41b9      	sbcs	r1, r7
10001d7c:	0c13      	lsrs	r3, r2, #16
10001d7e:	4373      	muls	r3, r6
10001d80:	18db      	adds	r3, r3, r3
10001d82:	1ac9      	subs	r1, r1, r3
10001d84:	08ce      	lsrs	r6, r1, #3
10001d86:	4366      	muls	r6, r4
10001d88:	0c36      	lsrs	r6, r6, #16
10001d8a:	44b6      	add	lr, r6
10001d8c:	b293      	uxth	r3, r2
10001d8e:	4373      	muls	r3, r6
10001d90:	0f1f      	lsrs	r7, r3, #28
10001d92:	011b      	lsls	r3, r3, #4
10001d94:	1ac0      	subs	r0, r0, r3
10001d96:	41b9      	sbcs	r1, r7
10001d98:	0c13      	lsrs	r3, r2, #16
10001d9a:	4373      	muls	r3, r6
10001d9c:	0b1f      	lsrs	r7, r3, #12
10001d9e:	051b      	lsls	r3, r3, #20
10001da0:	1ac0      	subs	r0, r0, r3
10001da2:	41b9      	sbcs	r1, r7
10001da4:	0d86      	lsrs	r6, r0, #22
10001da6:	028f      	lsls	r7, r1, #10
10001da8:	433e      	orrs	r6, r7
10001daa:	4366      	muls	r6, r4
10001dac:	0c36      	lsrs	r6, r6, #16
10001dae:	2d09      	cmp	r5, #9
10001db0:	db24      	blt.n	10001dfc <last0>
10001db2:	0a52      	lsrs	r2, r2, #9
10001db4:	4372      	muls	r2, r6
10001db6:	1a80      	subs	r0, r0, r2
10001db8:	0377      	lsls	r7, r6, #13
10001dba:	0a46      	lsrs	r6, r0, #9
10001dbc:	4366      	muls	r6, r4
10001dbe:	0c36      	lsrs	r6, r6, #16
10001dc0:	2316      	movs	r3, #22
10001dc2:	1b5b      	subs	r3, r3, r5
10001dc4:	40de      	lsrs	r6, r3
10001dc6:	40df      	lsrs	r7, r3
10001dc8:	19bf      	adds	r7, r7, r6
10001dca:	4664      	mov	r4, ip
10001dcc:	4366      	muls	r6, r4
10001dce:	1b82      	subs	r2, r0, r6
10001dd0:	4670      	mov	r0, lr
10001dd2:	3504      	adds	r5, #4
10001dd4:	3306      	adds	r3, #6
10001dd6:	0001      	movs	r1, r0
10001dd8:	40d9      	lsrs	r1, r3
10001dda:	40a8      	lsls	r0, r5
10001ddc:	19c0      	adds	r0, r0, r7
10001dde:	d300      	bcc.n	10001de2 <y64_x32+0xb6>
10001de0:	3101      	adds	r1, #1
10001de2:	42a2      	cmp	r2, r4
10001de4:	d206      	bcs.n	10001df4 <y64_x32+0xc8>
10001de6:	2300      	movs	r3, #0
10001de8:	bdf0      	pop	{r4, r5, r6, r7, pc}
10001dea:	0000      	.short	0x0000
10001dec:	d0000000 	.word	0xd0000000
10001df0:	ffffffff 	.word	0xffffffff
10001df4:	1b12      	subs	r2, r2, r4
10001df6:	3001      	adds	r0, #1
10001df8:	d3f3      	bcc.n	10001de2 <y64_x32+0xb6>
10001dfa:	e7f1      	b.n	10001de0 <y64_x32+0xb4>

10001dfc <last0>:
10001dfc:	2709      	movs	r7, #9
10001dfe:	1b7f      	subs	r7, r7, r5
10001e00:	40fe      	lsrs	r6, r7
10001e02:	4664      	mov	r4, ip
10001e04:	b2a2      	uxth	r2, r4
10001e06:	4372      	muls	r2, r6
10001e08:	1a80      	subs	r0, r0, r2
10001e0a:	d200      	bcs.n	10001e0e <last0+0x12>
10001e0c:	3901      	subs	r1, #1
10001e0e:	0c22      	lsrs	r2, r4, #16
10001e10:	4372      	muls	r2, r6
10001e12:	0c13      	lsrs	r3, r2, #16
10001e14:	0412      	lsls	r2, r2, #16
10001e16:	1a82      	subs	r2, r0, r2
10001e18:	4199      	sbcs	r1, r3
10001e1a:	000b      	movs	r3, r1
10001e1c:	4670      	mov	r0, lr
10001e1e:	3504      	adds	r5, #4
10001e20:	3713      	adds	r7, #19
10001e22:	0001      	movs	r1, r0
10001e24:	40f9      	lsrs	r1, r7
10001e26:	40a8      	lsls	r0, r5
10001e28:	1980      	adds	r0, r0, r6
10001e2a:	d300      	bcc.n	10001e2e <last0+0x32>
10001e2c:	3101      	adds	r1, #1
10001e2e:	2b00      	cmp	r3, #0
10001e30:	d102      	bne.n	10001e38 <last0+0x3c>
10001e32:	42a2      	cmp	r2, r4
10001e34:	d20a      	bcs.n	10001e4c <last0+0x50>
10001e36:	bdf0      	pop	{r4, r5, r6, r7, pc}
10001e38:	3001      	adds	r0, #1
10001e3a:	d300      	bcc.n	10001e3e <last0+0x42>
10001e3c:	3101      	adds	r1, #1
10001e3e:	1b12      	subs	r2, r2, r4
10001e40:	d2fa      	bcs.n	10001e38 <last0+0x3c>
10001e42:	3b01      	subs	r3, #1
10001e44:	d1f8      	bne.n	10001e38 <last0+0x3c>
10001e46:	42a2      	cmp	r2, r4
10001e48:	d200      	bcs.n	10001e4c <last0+0x50>
10001e4a:	bdf0      	pop	{r4, r5, r6, r7, pc}
10001e4c:	3001      	adds	r0, #1
10001e4e:	d300      	bcc.n	10001e52 <last0+0x56>
10001e50:	3101      	adds	r1, #1
10001e52:	1b12      	subs	r2, r2, r4
10001e54:	e7f7      	b.n	10001e46 <last0+0x4a>

10001e56 <y64_x48>:
10001e56:	b5f0      	push	{r4, r5, r6, r7, lr}
10001e58:	0c1c      	lsrs	r4, r3, #16
10001e5a:	d000      	beq.n	10001e5e <y64_x48+0x8>
10001e5c:	e080      	b.n	10001f60 <y64_x64>
10001e5e:	b40c      	push	{r2, r3}
10001e60:	2500      	movs	r5, #0
10001e62:	0a1c      	lsrs	r4, r3, #8
10001e64:	d104      	bne.n	10001e70 <y64_x48+0x1a>
10001e66:	021b      	lsls	r3, r3, #8
10001e68:	0e16      	lsrs	r6, r2, #24
10001e6a:	4333      	orrs	r3, r6
10001e6c:	0212      	lsls	r2, r2, #8
10001e6e:	3508      	adds	r5, #8
10001e70:	0b1c      	lsrs	r4, r3, #12
10001e72:	d104      	bne.n	10001e7e <y64_x48+0x28>
10001e74:	011b      	lsls	r3, r3, #4
10001e76:	0f16      	lsrs	r6, r2, #28
10001e78:	4333      	orrs	r3, r6
10001e7a:	0112      	lsls	r2, r2, #4
10001e7c:	3504      	adds	r5, #4
10001e7e:	0b9c      	lsrs	r4, r3, #14
10001e80:	d104      	bne.n	10001e8c <y64_x48+0x36>
10001e82:	009b      	lsls	r3, r3, #2
10001e84:	0f96      	lsrs	r6, r2, #30
10001e86:	4333      	orrs	r3, r6
10001e88:	0092      	lsls	r2, r2, #2
10001e8a:	3502      	adds	r5, #2
10001e8c:	0bdc      	lsrs	r4, r3, #15
10001e8e:	d102      	bne.n	10001e96 <y64_x48+0x40>
10001e90:	1892      	adds	r2, r2, r2
10001e92:	415b      	adcs	r3, r3
10001e94:	3501      	adds	r5, #1
10001e96:	001c      	movs	r4, r3
10001e98:	1897      	adds	r7, r2, r2
10001e9a:	4164      	adcs	r4, r4
10001e9c:	3401      	adds	r4, #1
10001e9e:	4f46      	ldr	r7, [pc, #280]	@ (10001fb8 <y64_x64+0x58>)
10001ea0:	667c      	str	r4, [r7, #100]	@ 0x64
10001ea2:	4c46      	ldr	r4, [pc, #280]	@ (10001fbc <y64_x64+0x5c>)
10001ea4:	663c      	str	r4, [r7, #96]	@ 0x60
10001ea6:	0c0e      	lsrs	r6, r1, #16
10001ea8:	e7ff      	b.n	10001eaa <y64_x48+0x54>
10001eaa:	e7ff      	b.n	10001eac <y64_x48+0x56>
10001eac:	e7ff      	b.n	10001eae <y64_x48+0x58>
10001eae:	46c0      	nop			@ (mov r8, r8)
10001eb0:	6f3c      	ldr	r4, [r7, #112]	@ 0x70
10001eb2:	4366      	muls	r6, r4
10001eb4:	0c36      	lsrs	r6, r6, #16
10001eb6:	0377      	lsls	r7, r6, #13
10001eb8:	46be      	mov	lr, r7
10001eba:	b297      	uxth	r7, r2
10001ebc:	4377      	muls	r7, r6
10001ebe:	1bc0      	subs	r0, r0, r7
10001ec0:	d200      	bcs.n	10001ec4 <y64_x48+0x6e>
10001ec2:	3901      	subs	r1, #1
10001ec4:	1bc0      	subs	r0, r0, r7
10001ec6:	d200      	bcs.n	10001eca <y64_x48+0x74>
10001ec8:	3901      	subs	r1, #1
10001eca:	b29f      	uxth	r7, r3
10001ecc:	4377      	muls	r7, r6
10001ece:	1bc9      	subs	r1, r1, r7
10001ed0:	1bc9      	subs	r1, r1, r7
10001ed2:	0c17      	lsrs	r7, r2, #16
10001ed4:	4377      	muls	r7, r6
10001ed6:	047e      	lsls	r6, r7, #17
10001ed8:	0bff      	lsrs	r7, r7, #15
10001eda:	1b80      	subs	r0, r0, r6
10001edc:	41b9      	sbcs	r1, r7
10001ede:	08ce      	lsrs	r6, r1, #3
10001ee0:	4366      	muls	r6, r4
10001ee2:	0c36      	lsrs	r6, r6, #16
10001ee4:	2d0c      	cmp	r5, #12
10001ee6:	db33      	blt.n	10001f50 <last1>
10001ee8:	44b6      	add	lr, r6
10001eea:	0b12      	lsrs	r2, r2, #12
10001eec:	051f      	lsls	r7, r3, #20
10001eee:	433a      	orrs	r2, r7
10001ef0:	0b1b      	lsrs	r3, r3, #12
10001ef2:	b297      	uxth	r7, r2
10001ef4:	4377      	muls	r7, r6
10001ef6:	1bc0      	subs	r0, r0, r7
10001ef8:	d200      	bcs.n	10001efc <y64_x48+0xa6>
10001efa:	3901      	subs	r1, #1
10001efc:	b29f      	uxth	r7, r3
10001efe:	4377      	muls	r7, r6
10001f00:	1bc9      	subs	r1, r1, r7
10001f02:	0c17      	lsrs	r7, r2, #16
10001f04:	4377      	muls	r7, r6
10001f06:	043e      	lsls	r6, r7, #16
10001f08:	0c3f      	lsrs	r7, r7, #16
10001f0a:	1b80      	subs	r0, r0, r6
10001f0c:	41b9      	sbcs	r1, r7
10001f0e:	0d86      	lsrs	r6, r0, #22
10001f10:	028f      	lsls	r7, r1, #10
10001f12:	433e      	orrs	r6, r7
10001f14:	4366      	muls	r6, r4
10001f16:	2729      	movs	r7, #41	@ 0x29
10001f18:	1b7f      	subs	r7, r7, r5
10001f1a:	40fe      	lsrs	r6, r7
10001f1c:	3d0c      	subs	r5, #12
10001f1e:	4677      	mov	r7, lr
10001f20:	40af      	lsls	r7, r5
10001f22:	19bf      	adds	r7, r7, r6
10001f24:	bc30      	pop	{r4, r5}
10001f26:	b2a2      	uxth	r2, r4
10001f28:	b2ab      	uxth	r3, r5
10001f2a:	4372      	muls	r2, r6
10001f2c:	4373      	muls	r3, r6
10001f2e:	1a80      	subs	r0, r0, r2
10001f30:	4199      	sbcs	r1, r3
10001f32:	0c22      	lsrs	r2, r4, #16
10001f34:	4372      	muls	r2, r6
10001f36:	0c13      	lsrs	r3, r2, #16
10001f38:	0412      	lsls	r2, r2, #16
10001f3a:	1a80      	subs	r0, r0, r2
10001f3c:	4199      	sbcs	r1, r3
10001f3e:	0002      	movs	r2, r0
10001f40:	000b      	movs	r3, r1
10001f42:	3701      	adds	r7, #1
10001f44:	1b00      	subs	r0, r0, r4
10001f46:	41a9      	sbcs	r1, r5
10001f48:	d2f9      	bcs.n	10001f3e <y64_x48+0xe8>
10001f4a:	1e78      	subs	r0, r7, #1
10001f4c:	2100      	movs	r1, #0
10001f4e:	bdf0      	pop	{r4, r5, r6, r7, pc}

10001f50 <last1>:
10001f50:	270c      	movs	r7, #12
10001f52:	1b7f      	subs	r7, r7, r5
10001f54:	40fe      	lsrs	r6, r7
10001f56:	4677      	mov	r7, lr
10001f58:	0b7f      	lsrs	r7, r7, #13
10001f5a:	40af      	lsls	r7, r5
10001f5c:	19ff      	adds	r7, r7, r7
10001f5e:	e7e0      	b.n	10001f22 <y64_x48+0xcc>

10001f60 <y64_x64>:
10001f60:	2400      	movs	r4, #0
10001f62:	1c5d      	adds	r5, r3, #1
10001f64:	d007      	beq.n	10001f76 <y64_x64+0x16>
10001f66:	4f14      	ldr	r7, [pc, #80]	@ (10001fb8 <y64_x64+0x58>)
10001f68:	667d      	str	r5, [r7, #100]	@ 0x64
10001f6a:	6639      	str	r1, [r7, #96]	@ 0x60
10001f6c:	e7ff      	b.n	10001f6e <y64_x64+0xe>
10001f6e:	e7ff      	b.n	10001f70 <y64_x64+0x10>
10001f70:	e7ff      	b.n	10001f72 <y64_x64+0x12>
10001f72:	e7ff      	b.n	10001f74 <y64_x64+0x14>
10001f74:	6f3c      	ldr	r4, [r7, #112]	@ 0x70
10001f76:	b295      	uxth	r5, r2
10001f78:	b29e      	uxth	r6, r3
10001f7a:	4365      	muls	r5, r4
10001f7c:	4366      	muls	r6, r4
10001f7e:	1b40      	subs	r0, r0, r5
10001f80:	41b1      	sbcs	r1, r6
10001f82:	0c15      	lsrs	r5, r2, #16
10001f84:	0c1e      	lsrs	r6, r3, #16
10001f86:	4365      	muls	r5, r4
10001f88:	4366      	muls	r6, r4
10001f8a:	0436      	lsls	r6, r6, #16
10001f8c:	0c2f      	lsrs	r7, r5, #16
10001f8e:	433e      	orrs	r6, r7
10001f90:	042d      	lsls	r5, r5, #16
10001f92:	1b40      	subs	r0, r0, r5
10001f94:	41b1      	sbcs	r1, r6
10001f96:	4299      	cmp	r1, r3
10001f98:	d204      	bcs.n	10001fa4 <y64_x64+0x44>
10001f9a:	0002      	movs	r2, r0
10001f9c:	000b      	movs	r3, r1
10001f9e:	0020      	movs	r0, r4
10001fa0:	2100      	movs	r1, #0
10001fa2:	bdf0      	pop	{r4, r5, r6, r7, pc}
10001fa4:	d101      	bne.n	10001faa <y64_x64+0x4a>
10001fa6:	4290      	cmp	r0, r2
10001fa8:	d3f7      	bcc.n	10001f9a <y64_x64+0x3a>
10001faa:	1a80      	subs	r0, r0, r2
10001fac:	4199      	sbcs	r1, r3
10001fae:	3401      	adds	r4, #1
10001fb0:	4299      	cmp	r1, r3
10001fb2:	d3f2      	bcc.n	10001f9a <y64_x64+0x3a>
10001fb4:	e7f6      	b.n	10001fa4 <y64_x64+0x44>
10001fb6:	0000      	.short	0x0000
10001fb8:	d0000000 	.word	0xd0000000
10001fbc:	ffffffff 	.word	0xffffffff

10001fc0 <__wrap___aeabi_drsub>:
10001fc0:	4048      	eors	r0, r1
10001fc2:	4041      	eors	r1, r0
10001fc4:	4048      	eors	r0, r1

10001fc6 <__wrap___aeabi_dsub>:
10001fc6:	b418      	push	{r3, r4}
10001fc8:	4b13      	ldr	r3, [pc, #76]	@ (10002018 <__wrap___aeabi_dmul+0xa>)
10001fca:	685b      	ldr	r3, [r3, #4]
10001fcc:	9301      	str	r3, [sp, #4]
10001fce:	bd08      	pop	{r3, pc}

10001fd0 <__wrap___aeabi_dadd>:
10001fd0:	b418      	push	{r3, r4}
10001fd2:	4b11      	ldr	r3, [pc, #68]	@ (10002018 <__wrap___aeabi_dmul+0xa>)
10001fd4:	681b      	ldr	r3, [r3, #0]
10001fd6:	9301      	str	r3, [sp, #4]
10001fd8:	bd08      	pop	{r3, pc}

10001fda <__wrap___aeabi_ddiv>:
10001fda:	4694      	mov	ip, r2
10001fdc:	4a0f      	ldr	r2, [pc, #60]	@ (1000201c <__wrap___aeabi_dmul+0xe>)
10001fde:	6f92      	ldr	r2, [r2, #120]	@ 0x78
10001fe0:	0892      	lsrs	r2, r2, #2
10001fe2:	d205      	bcs.n	10001ff0 <ddiv_save_state>
10001fe4:	4662      	mov	r2, ip

10001fe6 <ddiv_shim_call>:
10001fe6:	b418      	push	{r3, r4}
10001fe8:	4b0b      	ldr	r3, [pc, #44]	@ (10002018 <__wrap___aeabi_dmul+0xa>)
10001fea:	68db      	ldr	r3, [r3, #12]
10001fec:	9301      	str	r3, [sp, #4]
10001fee:	bd08      	pop	{r3, pc}

10001ff0 <ddiv_save_state>:
10001ff0:	4a0a      	ldr	r2, [pc, #40]	@ (1000201c <__wrap___aeabi_dmul+0xe>)
10001ff2:	b5f0      	push	{r4, r5, r6, r7, lr}
10001ff4:	6e14      	ldr	r4, [r2, #96]	@ 0x60
10001ff6:	6e55      	ldr	r5, [r2, #100]	@ 0x64
10001ff8:	6f57      	ldr	r7, [r2, #116]	@ 0x74
10001ffa:	6f16      	ldr	r6, [r2, #112]	@ 0x70
10001ffc:	4662      	mov	r2, ip
10001ffe:	f7ff fff2 	bl	10001fe6 <ddiv_shim_call>
10002002:	4a06      	ldr	r2, [pc, #24]	@ (1000201c <__wrap___aeabi_dmul+0xe>)
10002004:	6614      	str	r4, [r2, #96]	@ 0x60
10002006:	6655      	str	r5, [r2, #100]	@ 0x64
10002008:	6757      	str	r7, [r2, #116]	@ 0x74
1000200a:	6716      	str	r6, [r2, #112]	@ 0x70
1000200c:	bdf0      	pop	{r4, r5, r6, r7, pc}

1000200e <__wrap___aeabi_dmul>:
1000200e:	b418      	push	{r3, r4}
10002010:	4b01      	ldr	r3, [pc, #4]	@ (10002018 <__wrap___aeabi_dmul+0xa>)
10002012:	689b      	ldr	r3, [r3, #8]
10002014:	9301      	str	r3, [sp, #4]
10002016:	bd08      	pop	{r3, pc}
10002018:	20000798 	.word	0x20000798
1000201c:	d0000000 	.word	0xd0000000

10002020 <__wrap___aeabi_cdrcmple>:
10002020:	b5ff      	push	{r0, r1, r2, r3, r4, r5, r6, r7, lr}
10002022:	4050      	eors	r0, r2
10002024:	4042      	eors	r2, r0
10002026:	4050      	eors	r0, r2
10002028:	4059      	eors	r1, r3
1000202a:	404b      	eors	r3, r1
1000202c:	4059      	eors	r1, r3
1000202e:	e000      	b.n	10002032 <__aeabi_dfcmple_guts>

10002030 <__wrap___aeabi_cdcmpeq>:
10002030:	b5ff      	push	{r0, r1, r2, r3, r4, r5, r6, r7, lr}

10002032 <__aeabi_dfcmple_guts>:
10002032:	4f15      	ldr	r7, [pc, #84]	@ (10002088 <__aeabi_dfcmple_guts+0x56>)
10002034:	004c      	lsls	r4, r1, #1
10002036:	0d64      	lsrs	r4, r4, #21
10002038:	d003      	beq.n	10002042 <__aeabi_dfcmple_guts+0x10>
1000203a:	42bc      	cmp	r4, r7
1000203c:	d104      	bne.n	10002048 <__aeabi_dfcmple_guts+0x16>
1000203e:	030c      	lsls	r4, r1, #12
10002040:	d814      	bhi.n	1000206c <__aeabi_dfcmple_guts+0x3a>
10002042:	2000      	movs	r0, #0
10002044:	0d09      	lsrs	r1, r1, #20
10002046:	0509      	lsls	r1, r1, #20
10002048:	005c      	lsls	r4, r3, #1
1000204a:	0d64      	lsrs	r4, r4, #21
1000204c:	d003      	beq.n	10002056 <__aeabi_dfcmple_guts+0x24>
1000204e:	42bc      	cmp	r4, r7
10002050:	d104      	bne.n	1000205c <__aeabi_dfcmple_guts+0x2a>
10002052:	031c      	lsls	r4, r3, #12
10002054:	d80a      	bhi.n	1000206c <__aeabi_dfcmple_guts+0x3a>
10002056:	2200      	movs	r2, #0
10002058:	0d1b      	lsrs	r3, r3, #20
1000205a:	051b      	lsls	r3, r3, #20
1000205c:	2601      	movs	r6, #1
1000205e:	404b      	eors	r3, r1
10002060:	d409      	bmi.n	10002076 <__aeabi_dfcmple_guts+0x44>
10002062:	404b      	eors	r3, r1
10002064:	d503      	bpl.n	1000206e <__aeabi_dfcmple_guts+0x3c>
10002066:	428b      	cmp	r3, r1
10002068:	d100      	bne.n	1000206c <__aeabi_dfcmple_guts+0x3a>
1000206a:	4282      	cmp	r2, r0
1000206c:	bdff      	pop	{r0, r1, r2, r3, r4, r5, r6, r7, pc}
1000206e:	4299      	cmp	r1, r3
10002070:	d1fc      	bne.n	1000206c <__aeabi_dfcmple_guts+0x3a>
10002072:	4290      	cmp	r0, r2
10002074:	bdff      	pop	{r0, r1, r2, r3, r4, r5, r6, r7, pc}
10002076:	430b      	orrs	r3, r1
10002078:	18db      	adds	r3, r3, r3
1000207a:	4303      	orrs	r3, r0
1000207c:	4313      	orrs	r3, r2
1000207e:	d0f5      	beq.n	1000206c <__aeabi_dfcmple_guts+0x3a>
10002080:	43c9      	mvns	r1, r1
10002082:	1849      	adds	r1, r1, r1
10002084:	bdff      	pop	{r0, r1, r2, r3, r4, r5, r6, r7, pc}
10002086:	0000      	.short	0x0000
10002088:	000007ff 	.word	0x000007ff

1000208c <__wrap___aeabi_dcmplt>:
1000208c:	b500      	push	{lr}
1000208e:	f7ff ffcf 	bl	10002030 <__wrap___aeabi_cdcmpeq>
10002092:	4180      	sbcs	r0, r0
10002094:	bd00      	pop	{pc}
10002096:	46c0      	nop			@ (mov r8, r8)

10002098 <__wrap___aeabi_dcmple>:
10002098:	b500      	push	{lr}
1000209a:	f7ff ffc9 	bl	10002030 <__wrap___aeabi_cdcmpeq>
1000209e:	d901      	bls.n	100020a4 <__wrap___aeabi_dcmple+0xc>
100020a0:	2000      	movs	r0, #0
100020a2:	bd00      	pop	{pc}
100020a4:	2001      	movs	r0, #1
100020a6:	bd00      	pop	{pc}

100020a8 <__wrap___aeabi_dcmpge>:
100020a8:	b500      	push	{lr}
100020aa:	f7ff ffb9 	bl	10002020 <__wrap___aeabi_cdrcmple>
100020ae:	d901      	bls.n	100020b4 <__wrap___aeabi_dcmpge+0xc>
100020b0:	2000      	movs	r0, #0
100020b2:	bd00      	pop	{pc}
100020b4:	2001      	movs	r0, #1
100020b6:	bd00      	pop	{pc}

100020b8 <__wrap___aeabi_dcmpgt>:
100020b8:	b500      	push	{lr}
100020ba:	f7ff ffb1 	bl	10002020 <__wrap___aeabi_cdrcmple>
100020be:	4180      	sbcs	r0, r0
100020c0:	bd00      	pop	{pc}

100020c2 <__wrap___aeabi_dcmpun>:
100020c2:	2001      	movs	r0, #1
100020c4:	0540      	lsls	r0, r0, #21
100020c6:	004a      	lsls	r2, r1, #1
100020c8:	1812      	adds	r2, r2, r0
100020ca:	d804      	bhi.n	100020d6 <__wrap___aeabi_dcmpun+0x14>
100020cc:	005a      	lsls	r2, r3, #1
100020ce:	1812      	adds	r2, r2, r0
100020d0:	d801      	bhi.n	100020d6 <__wrap___aeabi_dcmpun+0x14>
100020d2:	2000      	movs	r0, #0
100020d4:	4770      	bx	lr
100020d6:	2001      	movs	r0, #1
100020d8:	4770      	bx	lr
	...

100020dc <__wrap___aeabi_ui2d>:
100020dc:	2100      	movs	r1, #0
100020de:	2800      	cmp	r0, #0
100020e0:	d105      	bne.n	100020ee <__wrap___aeabi_i2d+0xa>
100020e2:	4770      	bx	lr

100020e4 <__wrap___aeabi_i2d>:
100020e4:	17c1      	asrs	r1, r0, #31
100020e6:	4048      	eors	r0, r1
100020e8:	1a40      	subs	r0, r0, r1
100020ea:	d0fa      	beq.n	100020e2 <__wrap___aeabi_ui2d+0x6>
100020ec:	07c9      	lsls	r1, r1, #31
100020ee:	b513      	push	{r0, r1, r4, lr}
100020f0:	4b06      	ldr	r3, [pc, #24]	@ (1000210c <__wrap___aeabi_i2d+0x28>)
100020f2:	681b      	ldr	r3, [r3, #0]
100020f4:	4798      	blx	r3
100020f6:	bc0c      	pop	{r2, r3}
100020f8:	1c44      	adds	r4, r0, #1
100020fa:	40a2      	lsls	r2, r4
100020fc:	0510      	lsls	r0, r2, #20
100020fe:	0b12      	lsrs	r2, r2, #12
10002100:	4903      	ldr	r1, [pc, #12]	@ (10002110 <__wrap___aeabi_i2d+0x2c>)
10002102:	1b09      	subs	r1, r1, r4
10002104:	0509      	lsls	r1, r1, #20
10002106:	4319      	orrs	r1, r3
10002108:	4311      	orrs	r1, r2
1000210a:	bd10      	pop	{r4, pc}
1000210c:	20001328 	.word	0x20001328
10002110:	0000041f 	.word	0x0000041f

10002114 <__wrap___aeabi_d2iz>:
10002114:	b510      	push	{r4, lr}
10002116:	004c      	lsls	r4, r1, #1
10002118:	0d62      	lsrs	r2, r4, #21
1000211a:	2380      	movs	r3, #128	@ 0x80
1000211c:	18d2      	adds	r2, r2, r3
1000211e:	00db      	lsls	r3, r3, #3
10002120:	1ad2      	subs	r2, r2, r3
10002122:	055b      	lsls	r3, r3, #21
10002124:	2a7e      	cmp	r2, #126	@ 0x7e
10002126:	dd10      	ble.n	1000214a <__wrap___aeabi_d2iz+0x36>
10002128:	3a9e      	subs	r2, #158	@ 0x9e
1000212a:	da13      	bge.n	10002154 <__wrap___aeabi_d2iz+0x40>
1000212c:	17cc      	asrs	r4, r1, #31
1000212e:	0309      	lsls	r1, r1, #12
10002130:	0849      	lsrs	r1, r1, #1
10002132:	4319      	orrs	r1, r3
10002134:	4252      	negs	r2, r2
10002136:	40d1      	lsrs	r1, r2
10002138:	0064      	lsls	r4, r4, #1
1000213a:	3401      	adds	r4, #1
1000213c:	3215      	adds	r2, #21
1000213e:	2a20      	cmp	r2, #32
10002140:	da05      	bge.n	1000214e <__wrap___aeabi_d2iz+0x3a>
10002142:	40d0      	lsrs	r0, r2
10002144:	4308      	orrs	r0, r1
10002146:	4360      	muls	r0, r4
10002148:	bd10      	pop	{r4, pc}
1000214a:	2000      	movs	r0, #0
1000214c:	bd10      	pop	{r4, pc}
1000214e:	4608      	mov	r0, r1
10002150:	4360      	muls	r0, r4
10002152:	bd10      	pop	{r4, pc}
10002154:	0fc8      	lsrs	r0, r1, #31
10002156:	18c0      	adds	r0, r0, r3
10002158:	3801      	subs	r0, #1
1000215a:	bd10      	pop	{r4, pc}

1000215c <__wrap___aeabi_d2uiz>:
1000215c:	b418      	push	{r3, r4}
1000215e:	4b02      	ldr	r3, [pc, #8]	@ (10002168 <__wrap___aeabi_d2uiz+0xc>)
10002160:	6a5b      	ldr	r3, [r3, #36]	@ 0x24
10002162:	9301      	str	r3, [sp, #4]
10002164:	bd08      	pop	{r3, pc}
10002166:	0000      	.short	0x0000
10002168:	20000798 	.word	0x20000798

1000216c <missing_double_func_shim>:
1000216c:	b510      	push	{r4, lr}
1000216e:	4801      	ldr	r0, [pc, #4]	@ (10002174 <missing_double_func_shim+0x8>)
10002170:	f7fe f988 	bl	10000484 <panic>
10002174:	10007ed4 	.word	0x10007ed4

10002178 <__aeabi_double_init>:
10002178:	2313      	movs	r3, #19
1000217a:	b570      	push	{r4, r5, r6, lr}
1000217c:	781d      	ldrb	r5, [r3, #0]
1000217e:	2d01      	cmp	r5, #1
10002180:	d019      	beq.n	100021b6 <__aeabi_double_init+0x3e>
10002182:	dd14      	ble.n	100021ae <__aeabi_double_init+0x36>
10002184:	481d      	ldr	r0, [pc, #116]	@ (100021fc <__aeabi_double_init+0x84>)
10002186:	f7ff fb4b 	bl	10001820 <rom_data_lookup>
1000218a:	0006      	movs	r6, r0
1000218c:	481c      	ldr	r0, [pc, #112]	@ (10002200 <__aeabi_double_init+0x88>)
1000218e:	f7ff fb47 	bl	10001820 <rom_data_lookup>
10002192:	4c1c      	ldr	r4, [pc, #112]	@ (10002204 <__aeabi_double_init+0x8c>)
10002194:	2280      	movs	r2, #128	@ 0x80
10002196:	0031      	movs	r1, r6
10002198:	0020      	movs	r0, r4
1000219a:	f000 f8af 	bl	100022fc <__wrap___aeabi_memcpy>
1000219e:	2d02      	cmp	r5, #2
100021a0:	d006      	beq.n	100021b0 <__aeabi_double_init+0x38>
100021a2:	4819      	ldr	r0, [pc, #100]	@ (10002208 <__aeabi_double_init+0x90>)
100021a4:	f7ff fb34 	bl	10001810 <rom_func_lookup>
100021a8:	4b18      	ldr	r3, [pc, #96]	@ (1000220c <__aeabi_double_init+0x94>)
100021aa:	6018      	str	r0, [r3, #0]
100021ac:	bd70      	pop	{r4, r5, r6, pc}
100021ae:	4c15      	ldr	r4, [pc, #84]	@ (10002204 <__aeabi_double_init+0x8c>)
100021b0:	4b17      	ldr	r3, [pc, #92]	@ (10002210 <__aeabi_double_init+0x98>)
100021b2:	64a3      	str	r3, [r4, #72]	@ 0x48
100021b4:	e7f5      	b.n	100021a2 <__aeabi_double_init+0x2a>
100021b6:	4b17      	ldr	r3, [pc, #92]	@ (10002214 <__aeabi_double_init+0x9c>)
100021b8:	4c12      	ldr	r4, [pc, #72]	@ (10002204 <__aeabi_double_init+0x8c>)
100021ba:	6023      	str	r3, [r4, #0]
100021bc:	6063      	str	r3, [r4, #4]
100021be:	60a3      	str	r3, [r4, #8]
100021c0:	60e3      	str	r3, [r4, #12]
100021c2:	6123      	str	r3, [r4, #16]
100021c4:	6163      	str	r3, [r4, #20]
100021c6:	61a3      	str	r3, [r4, #24]
100021c8:	61e3      	str	r3, [r4, #28]
100021ca:	6223      	str	r3, [r4, #32]
100021cc:	6263      	str	r3, [r4, #36]	@ 0x24
100021ce:	62a3      	str	r3, [r4, #40]	@ 0x28
100021d0:	62e3      	str	r3, [r4, #44]	@ 0x2c
100021d2:	6323      	str	r3, [r4, #48]	@ 0x30
100021d4:	6363      	str	r3, [r4, #52]	@ 0x34
100021d6:	63a3      	str	r3, [r4, #56]	@ 0x38
100021d8:	63e3      	str	r3, [r4, #60]	@ 0x3c
100021da:	6423      	str	r3, [r4, #64]	@ 0x40
100021dc:	6463      	str	r3, [r4, #68]	@ 0x44
100021de:	64a3      	str	r3, [r4, #72]	@ 0x48
100021e0:	64e3      	str	r3, [r4, #76]	@ 0x4c
100021e2:	6523      	str	r3, [r4, #80]	@ 0x50
100021e4:	6563      	str	r3, [r4, #84]	@ 0x54
100021e6:	65a3      	str	r3, [r4, #88]	@ 0x58
100021e8:	65e3      	str	r3, [r4, #92]	@ 0x5c
100021ea:	6623      	str	r3, [r4, #96]	@ 0x60
100021ec:	6663      	str	r3, [r4, #100]	@ 0x64
100021ee:	66a3      	str	r3, [r4, #104]	@ 0x68
100021f0:	66e3      	str	r3, [r4, #108]	@ 0x6c
100021f2:	6723      	str	r3, [r4, #112]	@ 0x70
100021f4:	6763      	str	r3, [r4, #116]	@ 0x74
100021f6:	67a3      	str	r3, [r4, #120]	@ 0x78
100021f8:	67e3      	str	r3, [r4, #124]	@ 0x7c
100021fa:	e7d9      	b.n	100021b0 <__aeabi_double_init+0x38>
100021fc:	00004453 	.word	0x00004453
10002200:	00004653 	.word	0x00004653
10002204:	20000798 	.word	0x20000798
10002208:	0000334c 	.word	0x0000334c
1000220c:	20001328 	.word	0x20001328
10002210:	10002219 	.word	0x10002219
10002214:	1000216d 	.word	0x1000216d

10002218 <double_table_shim_on_use_helper>:
10002218:	b507      	push	{r0, r1, r2, lr}
1000221a:	4660      	mov	r0, ip
1000221c:	8801      	ldrh	r1, [r0, #0]
1000221e:	0a0a      	lsrs	r2, r1, #8
10002220:	3002      	adds	r0, #2
10002222:	2adf      	cmp	r2, #223	@ 0xdf
10002224:	d1fa      	bne.n	1000221c <double_table_shim_on_use_helper+0x4>
10002226:	b2c9      	uxtb	r1, r1
10002228:	0882      	lsrs	r2, r0, #2
1000222a:	d304      	bcc.n	10002236 <double_table_shim_on_use_helper+0x1e>
1000222c:	8802      	ldrh	r2, [r0, #0]
1000222e:	8840      	ldrh	r0, [r0, #2]
10002230:	0400      	lsls	r0, r0, #16
10002232:	4310      	orrs	r0, r2
10002234:	e000      	b.n	10002238 <double_table_shim_on_use_helper+0x20>
10002236:	6800      	ldr	r0, [r0, #0]
10002238:	4a01      	ldr	r2, [pc, #4]	@ (10002240 <double_table_shim_on_use_helper+0x28>)
1000223a:	5050      	str	r0, [r2, r1]
1000223c:	9003      	str	r0, [sp, #12]
1000223e:	bd07      	pop	{r0, r1, r2, pc}
10002240:	20000798 	.word	0x20000798

10002244 <__wrap___aeabi_lmul>:
10002244:	4351      	muls	r1, r2
10002246:	4343      	muls	r3, r0
10002248:	18c9      	adds	r1, r1, r3
1000224a:	468c      	mov	ip, r1
1000224c:	0c11      	lsrs	r1, r2, #16
1000224e:	b283      	uxth	r3, r0
10002250:	434b      	muls	r3, r1
10002252:	b410      	push	{r4}
10002254:	0c04      	lsrs	r4, r0, #16
10002256:	4361      	muls	r1, r4
10002258:	b292      	uxth	r2, r2
1000225a:	b280      	uxth	r0, r0
1000225c:	4350      	muls	r0, r2
1000225e:	4362      	muls	r2, r4
10002260:	041c      	lsls	r4, r3, #16
10002262:	0c1b      	lsrs	r3, r3, #16
10002264:	1900      	adds	r0, r0, r4
10002266:	bc10      	pop	{r4}
10002268:	4159      	adcs	r1, r3
1000226a:	0413      	lsls	r3, r2, #16
1000226c:	0c12      	lsrs	r2, r2, #16
1000226e:	18c0      	adds	r0, r0, r3
10002270:	4151      	adcs	r1, r2
10002272:	4461      	add	r1, ip
10002274:	4770      	bx	lr
	...

10002278 <missing_float_func_shim>:
10002278:	b510      	push	{r4, lr}
1000227a:	4801      	ldr	r0, [pc, #4]	@ (10002280 <missing_float_func_shim+0x8>)
1000227c:	f7fe f902 	bl	10000484 <panic>
10002280:	10007fd4 	.word	0x10007fd4

10002284 <__aeabi_float_init>:
10002284:	2313      	movs	r3, #19
10002286:	b510      	push	{r4, lr}
10002288:	4810      	ldr	r0, [pc, #64]	@ (100022cc <__aeabi_float_init+0x48>)
1000228a:	781c      	ldrb	r4, [r3, #0]
1000228c:	f7ff fac8 	bl	10001820 <rom_data_lookup>
10002290:	0001      	movs	r1, r0
10002292:	2c01      	cmp	r4, #1
10002294:	d00a      	beq.n	100022ac <__aeabi_float_init+0x28>
10002296:	dd03      	ble.n	100022a0 <__aeabi_float_init+0x1c>
10002298:	2280      	movs	r2, #128	@ 0x80
1000229a:	480d      	ldr	r0, [pc, #52]	@ (100022d0 <__aeabi_float_init+0x4c>)
1000229c:	f000 f82e 	bl	100022fc <__wrap___aeabi_memcpy>
100022a0:	480c      	ldr	r0, [pc, #48]	@ (100022d4 <__aeabi_float_init+0x50>)
100022a2:	f7ff fab5 	bl	10001810 <rom_func_lookup>
100022a6:	4b0c      	ldr	r3, [pc, #48]	@ (100022d8 <__aeabi_float_init+0x54>)
100022a8:	6018      	str	r0, [r3, #0]
100022aa:	bd10      	pop	{r4, pc}
100022ac:	4c08      	ldr	r4, [pc, #32]	@ (100022d0 <__aeabi_float_init+0x4c>)
100022ae:	2254      	movs	r2, #84	@ 0x54
100022b0:	0020      	movs	r0, r4
100022b2:	f000 f823 	bl	100022fc <__wrap___aeabi_memcpy>
100022b6:	0022      	movs	r2, r4
100022b8:	4908      	ldr	r1, [pc, #32]	@ (100022dc <__aeabi_float_init+0x58>)
100022ba:	3280      	adds	r2, #128	@ 0x80
100022bc:	6823      	ldr	r3, [r4, #0]
100022be:	2b00      	cmp	r3, #0
100022c0:	d100      	bne.n	100022c4 <__aeabi_float_init+0x40>
100022c2:	6021      	str	r1, [r4, #0]
100022c4:	3404      	adds	r4, #4
100022c6:	4294      	cmp	r4, r2
100022c8:	d1f8      	bne.n	100022bc <__aeabi_float_init+0x38>
100022ca:	e7e9      	b.n	100022a0 <__aeabi_float_init+0x1c>
100022cc:	00004653 	.word	0x00004653
100022d0:	2000132c 	.word	0x2000132c
100022d4:	0000334c 	.word	0x0000334c
100022d8:	20001328 	.word	0x20001328
100022dc:	10002279 	.word	0x10002279

100022e0 <__aeabi_mem_init>:
100022e0:	4801      	ldr	r0, [pc, #4]	@ (100022e8 <__aeabi_mem_init+0x8>)
100022e2:	2104      	movs	r1, #4
100022e4:	4b01      	ldr	r3, [pc, #4]	@ (100022ec <__aeabi_mem_init+0xc>)
100022e6:	4718      	bx	r3
100022e8:	20000590 	.word	0x20000590
100022ec:	10001831 	.word	0x10001831

100022f0 <__wrap_memset>:
100022f0:	4b01      	ldr	r3, [pc, #4]	@ (100022f8 <__wrap_memset+0x8>)
100022f2:	681b      	ldr	r3, [r3, #0]
100022f4:	4718      	bx	r3
100022f6:	0000      	.short	0x0000
100022f8:	20000590 	.word	0x20000590

100022fc <__wrap___aeabi_memcpy>:
100022fc:	4b01      	ldr	r3, [pc, #4]	@ (10002304 <__wrap___aeabi_memcpy+0x8>)
100022fe:	685b      	ldr	r3, [r3, #4]
10002300:	4718      	bx	r3
10002302:	0000      	.short	0x0000
10002304:	20000590 	.word	0x20000590

10002308 <_out_null>:
10002308:	4770      	bx	lr
1000230a:	46c0      	nop			@ (mov r8, r8)

1000230c <_out_rev>:
1000230c:	b5f8      	push	{r3, r4, r5, r6, r7, lr}
1000230e:	4657      	mov	r7, sl
10002310:	46de      	mov	lr, fp
10002312:	464e      	mov	r6, r9
10002314:	4645      	mov	r5, r8
10002316:	b5e0      	push	{r5, r6, r7, lr}
10002318:	4699      	mov	r9, r3
1000231a:	9b0a      	ldr	r3, [sp, #40]	@ 0x28
1000231c:	0007      	movs	r7, r0
1000231e:	469a      	mov	sl, r3
10002320:	9b0d      	ldr	r3, [sp, #52]	@ 0x34
10002322:	4688      	mov	r8, r1
10002324:	4693      	mov	fp, r2
10002326:	9c0b      	ldr	r4, [sp, #44]	@ 0x2c
10002328:	079b      	lsls	r3, r3, #30
1000232a:	d13b      	bne.n	100023a4 <_out_rev+0x98>
1000232c:	9b0c      	ldr	r3, [sp, #48]	@ 0x30
1000232e:	429c      	cmp	r4, r3
10002330:	d23d      	bcs.n	100023ae <_out_rev+0xa2>
10002332:	1b1e      	subs	r6, r3, r4
10002334:	940b      	str	r4, [sp, #44]	@ 0x2c
10002336:	0015      	movs	r5, r2
10002338:	000c      	movs	r4, r1
1000233a:	445e      	add	r6, fp
1000233c:	002a      	movs	r2, r5
1000233e:	464b      	mov	r3, r9
10002340:	3501      	adds	r5, #1
10002342:	0021      	movs	r1, r4
10002344:	2020      	movs	r0, #32
10002346:	47b8      	blx	r7
10002348:	42b5      	cmp	r5, r6
1000234a:	d1f7      	bne.n	1000233c <_out_rev+0x30>
1000234c:	46a0      	mov	r8, r4
1000234e:	9c0b      	ldr	r4, [sp, #44]	@ 0x2c
10002350:	2c00      	cmp	r4, #0
10002352:	d020      	beq.n	10002396 <_out_rev+0x8a>
10002354:	4645      	mov	r5, r8
10002356:	1936      	adds	r6, r6, r4
10002358:	4653      	mov	r3, sl
1000235a:	1b32      	subs	r2, r6, r4
1000235c:	3c01      	subs	r4, #1
1000235e:	5d18      	ldrb	r0, [r3, r4]
10002360:	0029      	movs	r1, r5
10002362:	464b      	mov	r3, r9
10002364:	47b8      	blx	r7
10002366:	2c00      	cmp	r4, #0
10002368:	d1f6      	bne.n	10002358 <_out_rev+0x4c>
1000236a:	002b      	movs	r3, r5
1000236c:	0035      	movs	r5, r6
1000236e:	4698      	mov	r8, r3
10002370:	9b0d      	ldr	r3, [sp, #52]	@ 0x34
10002372:	079b      	lsls	r3, r3, #30
10002374:	d50f      	bpl.n	10002396 <_out_rev+0x8a>
10002376:	465b      	mov	r3, fp
10002378:	1aec      	subs	r4, r5, r3
1000237a:	9b0c      	ldr	r3, [sp, #48]	@ 0x30
1000237c:	42a3      	cmp	r3, r4
1000237e:	d90a      	bls.n	10002396 <_out_rev+0x8a>
10002380:	4646      	mov	r6, r8
10002382:	4698      	mov	r8, r3
10002384:	002a      	movs	r2, r5
10002386:	464b      	mov	r3, r9
10002388:	0031      	movs	r1, r6
1000238a:	2020      	movs	r0, #32
1000238c:	3401      	adds	r4, #1
1000238e:	47b8      	blx	r7
10002390:	3501      	adds	r5, #1
10002392:	4544      	cmp	r4, r8
10002394:	d3f6      	bcc.n	10002384 <_out_rev+0x78>
10002396:	0028      	movs	r0, r5
10002398:	bcf0      	pop	{r4, r5, r6, r7}
1000239a:	46bb      	mov	fp, r7
1000239c:	46b2      	mov	sl, r6
1000239e:	46a9      	mov	r9, r5
100023a0:	46a0      	mov	r8, r4
100023a2:	bdf8      	pop	{r3, r4, r5, r6, r7, pc}
100023a4:	0016      	movs	r6, r2
100023a6:	0015      	movs	r5, r2
100023a8:	2c00      	cmp	r4, #0
100023aa:	d1d3      	bne.n	10002354 <_out_rev+0x48>
100023ac:	e7e0      	b.n	10002370 <_out_rev+0x64>
100023ae:	0016      	movs	r6, r2
100023b0:	0015      	movs	r5, r2
100023b2:	2c00      	cmp	r4, #0
100023b4:	d1ce      	bne.n	10002354 <_out_rev+0x48>
100023b6:	e7ee      	b.n	10002396 <_out_rev+0x8a>

100023b8 <_ntoa_format>:
100023b8:	b5f0      	push	{r4, r5, r6, r7, lr}
100023ba:	4645      	mov	r5, r8
100023bc:	46de      	mov	lr, fp
100023be:	4657      	mov	r7, sl
100023c0:	464e      	mov	r6, r9
100023c2:	b5e0      	push	{r5, r6, r7, lr}
100023c4:	b085      	sub	sp, #20
100023c6:	469c      	mov	ip, r3
100023c8:	ab10      	add	r3, sp, #64	@ 0x40
100023ca:	781b      	ldrb	r3, [r3, #0]
100023cc:	9f14      	ldr	r7, [sp, #80]	@ 0x50
100023ce:	4693      	mov	fp, r2
100023d0:	4698      	mov	r8, r3
100023d2:	9c0f      	ldr	r4, [sp, #60]	@ 0x3c
100023d4:	9e12      	ldr	r6, [sp, #72]	@ 0x48
100023d6:	9d13      	ldr	r5, [sp, #76]	@ 0x4c
100023d8:	07bb      	lsls	r3, r7, #30
100023da:	d44c      	bmi.n	10002476 <_ntoa_format+0xbe>
100023dc:	2d00      	cmp	r5, #0
100023de:	d142      	bne.n	10002466 <_ntoa_format+0xae>
100023e0:	42b4      	cmp	r4, r6
100023e2:	d248      	bcs.n	10002476 <_ntoa_format+0xbe>
100023e4:	2301      	movs	r3, #1
100023e6:	403b      	ands	r3, r7
100023e8:	4699      	mov	r9, r3
100023ea:	9b0e      	ldr	r3, [sp, #56]	@ 0x38
100023ec:	3b01      	subs	r3, #1
100023ee:	469a      	mov	sl, r3
100023f0:	2330      	movs	r3, #48	@ 0x30
100023f2:	e004      	b.n	100023fe <_ntoa_format+0x46>
100023f4:	4652      	mov	r2, sl
100023f6:	3401      	adds	r4, #1
100023f8:	5513      	strb	r3, [r2, r4]
100023fa:	42a6      	cmp	r6, r4
100023fc:	d901      	bls.n	10002402 <_ntoa_format+0x4a>
100023fe:	2c20      	cmp	r4, #32
10002400:	d1f8      	bne.n	100023f4 <_ntoa_format+0x3c>
10002402:	464b      	mov	r3, r9
10002404:	2b00      	cmp	r3, #0
10002406:	d100      	bne.n	1000240a <_ntoa_format+0x52>
10002408:	e083      	b.n	10002512 <_ntoa_format+0x15a>
1000240a:	9b0e      	ldr	r3, [sp, #56]	@ 0x38
1000240c:	3b01      	subs	r3, #1
1000240e:	4699      	mov	r9, r3
10002410:	2330      	movs	r3, #48	@ 0x30
10002412:	42a5      	cmp	r5, r4
10002414:	d805      	bhi.n	10002422 <_ntoa_format+0x6a>
10002416:	e02e      	b.n	10002476 <_ntoa_format+0xbe>
10002418:	464a      	mov	r2, r9
1000241a:	3401      	adds	r4, #1
1000241c:	5513      	strb	r3, [r2, r4]
1000241e:	42ac      	cmp	r4, r5
10002420:	d029      	beq.n	10002476 <_ntoa_format+0xbe>
10002422:	2c20      	cmp	r4, #32
10002424:	d1f8      	bne.n	10002418 <_ntoa_format+0x60>
10002426:	06fb      	lsls	r3, r7, #27
10002428:	d50c      	bpl.n	10002444 <_ntoa_format+0x8c>
1000242a:	057b      	lsls	r3, r7, #21
1000242c:	d454      	bmi.n	100024d8 <_ntoa_format+0x120>
1000242e:	42a6      	cmp	r6, r4
10002430:	d063      	beq.n	100024fa <_ntoa_format+0x142>
10002432:	42a5      	cmp	r5, r4
10002434:	d061      	beq.n	100024fa <_ntoa_format+0x142>
10002436:	9b11      	ldr	r3, [sp, #68]	@ 0x44
10002438:	2b10      	cmp	r3, #16
1000243a:	d050      	beq.n	100024de <_ntoa_format+0x126>
1000243c:	2b02      	cmp	r3, #2
1000243e:	d057      	beq.n	100024f0 <_ntoa_format+0x138>
10002440:	2c20      	cmp	r4, #32
10002442:	d132      	bne.n	100024aa <_ntoa_format+0xf2>
10002444:	2320      	movs	r3, #32
10002446:	9301      	str	r3, [sp, #4]
10002448:	9b0e      	ldr	r3, [sp, #56]	@ 0x38
1000244a:	465a      	mov	r2, fp
1000244c:	9300      	str	r3, [sp, #0]
1000244e:	9703      	str	r7, [sp, #12]
10002450:	4663      	mov	r3, ip
10002452:	9502      	str	r5, [sp, #8]
10002454:	f7ff ff5a 	bl	1000230c <_out_rev>
10002458:	b005      	add	sp, #20
1000245a:	bcf0      	pop	{r4, r5, r6, r7}
1000245c:	46bb      	mov	fp, r7
1000245e:	46b2      	mov	sl, r6
10002460:	46a9      	mov	r9, r5
10002462:	46a0      	mov	r8, r4
10002464:	bdf0      	pop	{r4, r5, r6, r7, pc}
10002466:	2301      	movs	r3, #1
10002468:	403b      	ands	r3, r7
1000246a:	4699      	mov	r9, r3
1000246c:	2301      	movs	r3, #1
1000246e:	423b      	tst	r3, r7
10002470:	d12a      	bne.n	100024c8 <_ntoa_format+0x110>
10002472:	42b4      	cmp	r4, r6
10002474:	d3b9      	bcc.n	100023ea <_ntoa_format+0x32>
10002476:	06fb      	lsls	r3, r7, #27
10002478:	d51c      	bpl.n	100024b4 <_ntoa_format+0xfc>
1000247a:	057b      	lsls	r3, r7, #21
1000247c:	d4db      	bmi.n	10002436 <_ntoa_format+0x7e>
1000247e:	2c00      	cmp	r4, #0
10002480:	d1d5      	bne.n	1000242e <_ntoa_format+0x76>
10002482:	9b11      	ldr	r3, [sp, #68]	@ 0x44
10002484:	2b10      	cmp	r3, #16
10002486:	d05b      	beq.n	10002540 <_ntoa_format+0x188>
10002488:	9b11      	ldr	r3, [sp, #68]	@ 0x44
1000248a:	2b02      	cmp	r3, #2
1000248c:	d06b      	beq.n	10002566 <_ntoa_format+0x1ae>
1000248e:	2330      	movs	r3, #48	@ 0x30
10002490:	2401      	movs	r4, #1
10002492:	9a0e      	ldr	r2, [sp, #56]	@ 0x38
10002494:	7013      	strb	r3, [r2, #0]
10002496:	4643      	mov	r3, r8
10002498:	2b00      	cmp	r3, #0
1000249a:	d110      	bne.n	100024be <_ntoa_format+0x106>
1000249c:	077b      	lsls	r3, r7, #29
1000249e:	d53e      	bpl.n	1000251e <_ntoa_format+0x166>
100024a0:	262b      	movs	r6, #43	@ 0x2b
100024a2:	9a0e      	ldr	r2, [sp, #56]	@ 0x38
100024a4:	1c63      	adds	r3, r4, #1
100024a6:	5516      	strb	r6, [r2, r4]
100024a8:	e7cd      	b.n	10002446 <_ntoa_format+0x8e>
100024aa:	0023      	movs	r3, r4
100024ac:	3401      	adds	r4, #1
100024ae:	2630      	movs	r6, #48	@ 0x30
100024b0:	9a0e      	ldr	r2, [sp, #56]	@ 0x38
100024b2:	54d6      	strb	r6, [r2, r3]
100024b4:	2c20      	cmp	r4, #32
100024b6:	d0c5      	beq.n	10002444 <_ntoa_format+0x8c>
100024b8:	4643      	mov	r3, r8
100024ba:	2b00      	cmp	r3, #0
100024bc:	d0ee      	beq.n	1000249c <_ntoa_format+0xe4>
100024be:	262d      	movs	r6, #45	@ 0x2d
100024c0:	9a0e      	ldr	r2, [sp, #56]	@ 0x38
100024c2:	1c63      	adds	r3, r4, #1
100024c4:	5516      	strb	r6, [r2, r4]
100024c6:	e7be      	b.n	10002446 <_ntoa_format+0x8e>
100024c8:	4643      	mov	r3, r8
100024ca:	2b00      	cmp	r3, #0
100024cc:	d02f      	beq.n	1000252e <_ntoa_format+0x176>
100024ce:	3d01      	subs	r5, #1
100024d0:	42b4      	cmp	r4, r6
100024d2:	d200      	bcs.n	100024d6 <_ntoa_format+0x11e>
100024d4:	e789      	b.n	100023ea <_ntoa_format+0x32>
100024d6:	e798      	b.n	1000240a <_ntoa_format+0x52>
100024d8:	9b11      	ldr	r3, [sp, #68]	@ 0x44
100024da:	2b10      	cmp	r3, #16
100024dc:	d1b2      	bne.n	10002444 <_ntoa_format+0x8c>
100024de:	06bb      	lsls	r3, r7, #26
100024e0:	d537      	bpl.n	10002552 <_ntoa_format+0x19a>
100024e2:	2c20      	cmp	r4, #32
100024e4:	d0ae      	beq.n	10002444 <_ntoa_format+0x8c>
100024e6:	2358      	movs	r3, #88	@ 0x58
100024e8:	9a0e      	ldr	r2, [sp, #56]	@ 0x38
100024ea:	5513      	strb	r3, [r2, r4]
100024ec:	3401      	adds	r4, #1
100024ee:	e7a7      	b.n	10002440 <_ntoa_format+0x88>
100024f0:	2c20      	cmp	r4, #32
100024f2:	d0a7      	beq.n	10002444 <_ntoa_format+0x8c>
100024f4:	0023      	movs	r3, r4
100024f6:	3401      	adds	r4, #1
100024f8:	e007      	b.n	1000250a <_ntoa_format+0x152>
100024fa:	1e63      	subs	r3, r4, #1
100024fc:	2c01      	cmp	r4, #1
100024fe:	d0c0      	beq.n	10002482 <_ntoa_format+0xca>
10002500:	9a11      	ldr	r2, [sp, #68]	@ 0x44
10002502:	2a10      	cmp	r2, #16
10002504:	d031      	beq.n	1000256a <_ntoa_format+0x1b2>
10002506:	2a02      	cmp	r2, #2
10002508:	d1d1      	bne.n	100024ae <_ntoa_format+0xf6>
1000250a:	2662      	movs	r6, #98	@ 0x62
1000250c:	9a0e      	ldr	r2, [sp, #56]	@ 0x38
1000250e:	54d6      	strb	r6, [r2, r3]
10002510:	e796      	b.n	10002440 <_ntoa_format+0x88>
10002512:	06fb      	lsls	r3, r7, #27
10002514:	d5ce      	bpl.n	100024b4 <_ntoa_format+0xfc>
10002516:	057b      	lsls	r3, r7, #21
10002518:	d400      	bmi.n	1000251c <_ntoa_format+0x164>
1000251a:	e788      	b.n	1000242e <_ntoa_format+0x76>
1000251c:	e78b      	b.n	10002436 <_ntoa_format+0x7e>
1000251e:	0023      	movs	r3, r4
10002520:	073e      	lsls	r6, r7, #28
10002522:	d590      	bpl.n	10002446 <_ntoa_format+0x8e>
10002524:	2620      	movs	r6, #32
10002526:	9a0e      	ldr	r2, [sp, #56]	@ 0x38
10002528:	3301      	adds	r3, #1
1000252a:	5516      	strb	r6, [r2, r4]
1000252c:	e78b      	b.n	10002446 <_ntoa_format+0x8e>
1000252e:	230c      	movs	r3, #12
10002530:	403b      	ands	r3, r7
10002532:	1e5a      	subs	r2, r3, #1
10002534:	4193      	sbcs	r3, r2
10002536:	1aed      	subs	r5, r5, r3
10002538:	42b4      	cmp	r4, r6
1000253a:	d200      	bcs.n	1000253e <_ntoa_format+0x186>
1000253c:	e755      	b.n	100023ea <_ntoa_format+0x32>
1000253e:	e764      	b.n	1000240a <_ntoa_format+0x52>
10002540:	06bb      	lsls	r3, r7, #26
10002542:	d40e      	bmi.n	10002562 <_ntoa_format+0x1aa>
10002544:	2378      	movs	r3, #120	@ 0x78
10002546:	9a0e      	ldr	r2, [sp, #56]	@ 0x38
10002548:	2402      	movs	r4, #2
1000254a:	7013      	strb	r3, [r2, #0]
1000254c:	2330      	movs	r3, #48	@ 0x30
1000254e:	7053      	strb	r3, [r2, #1]
10002550:	e7a1      	b.n	10002496 <_ntoa_format+0xde>
10002552:	2c20      	cmp	r4, #32
10002554:	d100      	bne.n	10002558 <_ntoa_format+0x1a0>
10002556:	e775      	b.n	10002444 <_ntoa_format+0x8c>
10002558:	2378      	movs	r3, #120	@ 0x78
1000255a:	9a0e      	ldr	r2, [sp, #56]	@ 0x38
1000255c:	5513      	strb	r3, [r2, r4]
1000255e:	3401      	adds	r4, #1
10002560:	e76e      	b.n	10002440 <_ntoa_format+0x88>
10002562:	2358      	movs	r3, #88	@ 0x58
10002564:	e7ef      	b.n	10002546 <_ntoa_format+0x18e>
10002566:	3360      	adds	r3, #96	@ 0x60
10002568:	e7ed      	b.n	10002546 <_ntoa_format+0x18e>
1000256a:	9a0e      	ldr	r2, [sp, #56]	@ 0x38
1000256c:	1ea6      	subs	r6, r4, #2
1000256e:	4691      	mov	r9, r2
10002570:	444e      	add	r6, r9
10002572:	06ba      	lsls	r2, r7, #26
10002574:	d502      	bpl.n	1000257c <_ntoa_format+0x1c4>
10002576:	2258      	movs	r2, #88	@ 0x58
10002578:	7032      	strb	r2, [r6, #0]
1000257a:	e798      	b.n	100024ae <_ntoa_format+0xf6>
1000257c:	2278      	movs	r2, #120	@ 0x78
1000257e:	7032      	strb	r2, [r6, #0]
10002580:	e795      	b.n	100024ae <_ntoa_format+0xf6>
10002582:	46c0      	nop			@ (mov r8, r8)

10002584 <_out_char>:
10002584:	b510      	push	{r4, lr}
10002586:	2800      	cmp	r0, #0
10002588:	d100      	bne.n	1000258c <_out_char+0x8>
1000258a:	bd10      	pop	{r4, pc}
1000258c:	f001 fc62 	bl	10003e54 <__wrap_putchar>
10002590:	e7fb      	b.n	1000258a <_out_char+0x6>
10002592:	46c0      	nop			@ (mov r8, r8)

10002594 <_out_fct>:
10002594:	000b      	movs	r3, r1
10002596:	b510      	push	{r4, lr}
10002598:	2800      	cmp	r0, #0
1000259a:	d002      	beq.n	100025a2 <_out_fct+0xe>
1000259c:	6849      	ldr	r1, [r1, #4]
1000259e:	681b      	ldr	r3, [r3, #0]
100025a0:	4798      	blx	r3
100025a2:	bd10      	pop	{r4, pc}

100025a4 <_ftoa>:
100025a4:	b5f0      	push	{r4, r5, r6, r7, lr}
100025a6:	4657      	mov	r7, sl
100025a8:	46de      	mov	lr, fp
100025aa:	464e      	mov	r6, r9
100025ac:	4645      	mov	r5, r8
100025ae:	b5e0      	push	{r5, r6, r7, lr}
100025b0:	b095      	sub	sp, #84	@ 0x54
100025b2:	4683      	mov	fp, r0
100025b4:	000f      	movs	r7, r1
100025b6:	4692      	mov	sl, r2
100025b8:	4698      	mov	r8, r3
100025ba:	9a1e      	ldr	r2, [sp, #120]	@ 0x78
100025bc:	9b1f      	ldr	r3, [sp, #124]	@ 0x7c
100025be:	0010      	movs	r0, r2
100025c0:	0019      	movs	r1, r3
100025c2:	9e20      	ldr	r6, [sp, #128]	@ 0x80
100025c4:	f7ff fd7d 	bl	100020c2 <__wrap___aeabi_dcmpun>
100025c8:	2800      	cmp	r0, #0
100025ca:	d000      	beq.n	100025ce <_ftoa+0x2a>
100025cc:	e1ea      	b.n	100029a4 <_ftoa+0x400>
100025ce:	981e      	ldr	r0, [sp, #120]	@ 0x78
100025d0:	991f      	ldr	r1, [sp, #124]	@ 0x7c
100025d2:	2201      	movs	r2, #1
100025d4:	4bc5      	ldr	r3, [pc, #788]	@ (100028ec <_ftoa+0x348>)
100025d6:	4252      	negs	r2, r2
100025d8:	f7ff fd58 	bl	1000208c <__wrap___aeabi_dcmplt>
100025dc:	2800      	cmp	r0, #0
100025de:	d000      	beq.n	100025e2 <_ftoa+0x3e>
100025e0:	e114      	b.n	1000280c <_ftoa+0x268>
100025e2:	981e      	ldr	r0, [sp, #120]	@ 0x78
100025e4:	991f      	ldr	r1, [sp, #124]	@ 0x7c
100025e6:	2201      	movs	r2, #1
100025e8:	4bc1      	ldr	r3, [pc, #772]	@ (100028f0 <_ftoa+0x34c>)
100025ea:	4252      	negs	r2, r2
100025ec:	f7ff fd64 	bl	100020b8 <__wrap___aeabi_dcmpgt>
100025f0:	2800      	cmp	r0, #0
100025f2:	d000      	beq.n	100025f6 <_ftoa+0x52>
100025f4:	e0e9      	b.n	100027ca <_ftoa+0x226>
100025f6:	981e      	ldr	r0, [sp, #120]	@ 0x78
100025f8:	991f      	ldr	r1, [sp, #124]	@ 0x7c
100025fa:	2200      	movs	r2, #0
100025fc:	4bbd      	ldr	r3, [pc, #756]	@ (100028f4 <_ftoa+0x350>)
100025fe:	f7ff fd5b 	bl	100020b8 <__wrap___aeabi_dcmpgt>
10002602:	2800      	cmp	r0, #0
10002604:	d000      	beq.n	10002608 <_ftoa+0x64>
10002606:	e0c8      	b.n	1000279a <_ftoa+0x1f6>
10002608:	981e      	ldr	r0, [sp, #120]	@ 0x78
1000260a:	991f      	ldr	r1, [sp, #124]	@ 0x7c
1000260c:	2200      	movs	r2, #0
1000260e:	4bba      	ldr	r3, [pc, #744]	@ (100028f8 <_ftoa+0x354>)
10002610:	f7ff fd3c 	bl	1000208c <__wrap___aeabi_dcmplt>
10002614:	2800      	cmp	r0, #0
10002616:	d000      	beq.n	1000261a <_ftoa+0x76>
10002618:	e0bf      	b.n	1000279a <_ftoa+0x1f6>
1000261a:	981e      	ldr	r0, [sp, #120]	@ 0x78
1000261c:	991f      	ldr	r1, [sp, #124]	@ 0x7c
1000261e:	2200      	movs	r2, #0
10002620:	2300      	movs	r3, #0
10002622:	f7ff fd33 	bl	1000208c <__wrap___aeabi_dcmplt>
10002626:	2800      	cmp	r0, #0
10002628:	d000      	beq.n	1000262c <_ftoa+0x88>
1000262a:	e0e4      	b.n	100027f6 <_ftoa+0x252>
1000262c:	2300      	movs	r3, #0
1000262e:	930b      	str	r3, [sp, #44]	@ 0x2c
10002630:	9b22      	ldr	r3, [sp, #136]	@ 0x88
10002632:	055b      	lsls	r3, r3, #21
10002634:	d400      	bmi.n	10002638 <_ftoa+0x94>
10002636:	2606      	movs	r6, #6
10002638:	2400      	movs	r4, #0
1000263a:	2330      	movs	r3, #48	@ 0x30
1000263c:	e007      	b.n	1000264e <_ftoa+0xaa>
1000263e:	2117      	movs	r1, #23
10002640:	aa06      	add	r2, sp, #24
10002642:	3401      	adds	r4, #1
10002644:	1852      	adds	r2, r2, r1
10002646:	5513      	strb	r3, [r2, r4]
10002648:	3e01      	subs	r6, #1
1000264a:	2c20      	cmp	r4, #32
1000264c:	d001      	beq.n	10002652 <_ftoa+0xae>
1000264e:	2e09      	cmp	r6, #9
10002650:	d8f5      	bhi.n	1000263e <_ftoa+0x9a>
10002652:	981e      	ldr	r0, [sp, #120]	@ 0x78
10002654:	991f      	ldr	r1, [sp, #124]	@ 0x7c
10002656:	f7ff fd5d 	bl	10002114 <__wrap___aeabi_d2iz>
1000265a:	4ba8      	ldr	r3, [pc, #672]	@ (100028fc <_ftoa+0x358>)
1000265c:	00f2      	lsls	r2, r6, #3
1000265e:	189b      	adds	r3, r3, r2
10002660:	681a      	ldr	r2, [r3, #0]
10002662:	685b      	ldr	r3, [r3, #4]
10002664:	0005      	movs	r5, r0
10002666:	9208      	str	r2, [sp, #32]
10002668:	9309      	str	r3, [sp, #36]	@ 0x24
1000266a:	f7ff fd3b 	bl	100020e4 <__wrap___aeabi_i2d>
1000266e:	0002      	movs	r2, r0
10002670:	000b      	movs	r3, r1
10002672:	981e      	ldr	r0, [sp, #120]	@ 0x78
10002674:	991f      	ldr	r1, [sp, #124]	@ 0x7c
10002676:	f7ff fca6 	bl	10001fc6 <__wrap___aeabi_dsub>
1000267a:	9a08      	ldr	r2, [sp, #32]
1000267c:	9b09      	ldr	r3, [sp, #36]	@ 0x24
1000267e:	f7ff fcc6 	bl	1000200e <__wrap___aeabi_dmul>
10002682:	9006      	str	r0, [sp, #24]
10002684:	9107      	str	r1, [sp, #28]
10002686:	f7ff fd69 	bl	1000215c <__wrap___aeabi_d2uiz>
1000268a:	4681      	mov	r9, r0
1000268c:	f7ff fd26 	bl	100020dc <__wrap___aeabi_ui2d>
10002690:	0002      	movs	r2, r0
10002692:	000b      	movs	r3, r1
10002694:	9806      	ldr	r0, [sp, #24]
10002696:	9907      	ldr	r1, [sp, #28]
10002698:	f7ff fc95 	bl	10001fc6 <__wrap___aeabi_dsub>
1000269c:	2200      	movs	r2, #0
1000269e:	4b98      	ldr	r3, [pc, #608]	@ (10002900 <_ftoa+0x35c>)
100026a0:	9006      	str	r0, [sp, #24]
100026a2:	9107      	str	r1, [sp, #28]
100026a4:	f7ff fd08 	bl	100020b8 <__wrap___aeabi_dcmpgt>
100026a8:	2800      	cmp	r0, #0
100026aa:	d100      	bne.n	100026ae <_ftoa+0x10a>
100026ac:	e10d      	b.n	100028ca <_ftoa+0x326>
100026ae:	2301      	movs	r3, #1
100026b0:	469c      	mov	ip, r3
100026b2:	44e1      	add	r9, ip
100026b4:	4648      	mov	r0, r9
100026b6:	f7ff fd11 	bl	100020dc <__wrap___aeabi_ui2d>
100026ba:	0002      	movs	r2, r0
100026bc:	000b      	movs	r3, r1
100026be:	9808      	ldr	r0, [sp, #32]
100026c0:	9909      	ldr	r1, [sp, #36]	@ 0x24
100026c2:	f7ff fce9 	bl	10002098 <__wrap___aeabi_dcmple>
100026c6:	2800      	cmp	r0, #0
100026c8:	d002      	beq.n	100026d0 <_ftoa+0x12c>
100026ca:	2300      	movs	r3, #0
100026cc:	4699      	mov	r9, r3
100026ce:	3501      	adds	r5, #1
100026d0:	2e00      	cmp	r6, #0
100026d2:	d100      	bne.n	100026d6 <_ftoa+0x132>
100026d4:	e0d9      	b.n	1000288a <_ftoa+0x2e6>
100026d6:	9506      	str	r5, [sp, #24]
100026d8:	464d      	mov	r5, r9
100026da:	46b9      	mov	r9, r7
100026dc:	e014      	b.n	10002708 <_ftoa+0x164>
100026de:	aa06      	add	r2, sp, #24
100026e0:	4694      	mov	ip, r2
100026e2:	2317      	movs	r3, #23
100026e4:	210a      	movs	r1, #10
100026e6:	4463      	add	r3, ip
100026e8:	0028      	movs	r0, r5
100026ea:	3401      	adds	r4, #1
100026ec:	191f      	adds	r7, r3, r4
100026ee:	f7ff fa2f 	bl	10001b50 <__wrap___aeabi_uidiv>
100026f2:	3130      	adds	r1, #48	@ 0x30
100026f4:	7039      	strb	r1, [r7, #0]
100026f6:	0028      	movs	r0, r5
100026f8:	210a      	movs	r1, #10
100026fa:	3e01      	subs	r6, #1
100026fc:	f7ff fa28 	bl	10001b50 <__wrap___aeabi_uidiv>
10002700:	2d09      	cmp	r5, #9
10002702:	d800      	bhi.n	10002706 <_ftoa+0x162>
10002704:	e117      	b.n	10002936 <_ftoa+0x392>
10002706:	0005      	movs	r5, r0
10002708:	2c20      	cmp	r4, #32
1000270a:	d1e8      	bne.n	100026de <_ftoa+0x13a>
1000270c:	464f      	mov	r7, r9
1000270e:	9d06      	ldr	r5, [sp, #24]
10002710:	2420      	movs	r4, #32
10002712:	ae0c      	add	r6, sp, #48	@ 0x30
10002714:	aa06      	add	r2, sp, #24
10002716:	2317      	movs	r3, #23
10002718:	4694      	mov	ip, r2
1000271a:	4463      	add	r3, ip
1000271c:	4699      	mov	r9, r3
1000271e:	465b      	mov	r3, fp
10002720:	46b3      	mov	fp, r6
10002722:	9306      	str	r3, [sp, #24]
10002724:	e00f      	b.n	10002746 <_ftoa+0x1a2>
10002726:	464b      	mov	r3, r9
10002728:	0028      	movs	r0, r5
1000272a:	210a      	movs	r1, #10
1000272c:	3401      	adds	r4, #1
1000272e:	18e6      	adds	r6, r4, r3
10002730:	f7ff f9e6 	bl	10001b00 <__wrap___aeabi_idiv>
10002734:	3130      	adds	r1, #48	@ 0x30
10002736:	0028      	movs	r0, r5
10002738:	7031      	strb	r1, [r6, #0]
1000273a:	210a      	movs	r1, #10
1000273c:	f7ff f9e0 	bl	10001b00 <__wrap___aeabi_idiv>
10002740:	1e05      	subs	r5, r0, #0
10002742:	d100      	bne.n	10002746 <_ftoa+0x1a2>
10002744:	e0e4      	b.n	10002910 <_ftoa+0x36c>
10002746:	2c20      	cmp	r4, #32
10002748:	d1ed      	bne.n	10002726 <_ftoa+0x182>
1000274a:	9b06      	ldr	r3, [sp, #24]
1000274c:	465e      	mov	r6, fp
1000274e:	469b      	mov	fp, r3
10002750:	2303      	movs	r3, #3
10002752:	9a22      	ldr	r2, [sp, #136]	@ 0x88
10002754:	4013      	ands	r3, r2
10002756:	2b01      	cmp	r3, #1
10002758:	d118      	bne.n	1000278c <_ftoa+0x1e8>
1000275a:	9b21      	ldr	r3, [sp, #132]	@ 0x84
1000275c:	2b00      	cmp	r3, #0
1000275e:	d015      	beq.n	1000278c <_ftoa+0x1e8>
10002760:	9b0b      	ldr	r3, [sp, #44]	@ 0x2c
10002762:	2b00      	cmp	r3, #0
10002764:	d100      	bne.n	10002768 <_ftoa+0x1c4>
10002766:	e0fd      	b.n	10002964 <_ftoa+0x3c0>
10002768:	9b21      	ldr	r3, [sp, #132]	@ 0x84
1000276a:	3b01      	subs	r3, #1
1000276c:	9321      	str	r3, [sp, #132]	@ 0x84
1000276e:	2b20      	cmp	r3, #32
10002770:	d90c      	bls.n	1000278c <_ftoa+0x1e8>
10002772:	2330      	movs	r3, #48	@ 0x30
10002774:	9a21      	ldr	r2, [sp, #132]	@ 0x84
10002776:	e007      	b.n	10002788 <_ftoa+0x1e4>
10002778:	2017      	movs	r0, #23
1000277a:	a906      	add	r1, sp, #24
1000277c:	3401      	adds	r4, #1
1000277e:	1809      	adds	r1, r1, r0
10002780:	550b      	strb	r3, [r1, r4]
10002782:	4294      	cmp	r4, r2
10002784:	d300      	bcc.n	10002788 <_ftoa+0x1e4>
10002786:	e0cc      	b.n	10002922 <_ftoa+0x37e>
10002788:	2c20      	cmp	r4, #32
1000278a:	d1f5      	bne.n	10002778 <_ftoa+0x1d4>
1000278c:	9b22      	ldr	r3, [sp, #136]	@ 0x88
1000278e:	9401      	str	r4, [sp, #4]
10002790:	9303      	str	r3, [sp, #12]
10002792:	9b21      	ldr	r3, [sp, #132]	@ 0x84
10002794:	9600      	str	r6, [sp, #0]
10002796:	9302      	str	r3, [sp, #8]
10002798:	e022      	b.n	100027e0 <_ftoa+0x23c>
1000279a:	9b22      	ldr	r3, [sp, #136]	@ 0x88
1000279c:	4652      	mov	r2, sl
1000279e:	9304      	str	r3, [sp, #16]
100027a0:	9b21      	ldr	r3, [sp, #132]	@ 0x84
100027a2:	0039      	movs	r1, r7
100027a4:	9303      	str	r3, [sp, #12]
100027a6:	4658      	mov	r0, fp
100027a8:	9b1e      	ldr	r3, [sp, #120]	@ 0x78
100027aa:	9c1f      	ldr	r4, [sp, #124]	@ 0x7c
100027ac:	9602      	str	r6, [sp, #8]
100027ae:	9300      	str	r3, [sp, #0]
100027b0:	9401      	str	r4, [sp, #4]
100027b2:	4643      	mov	r3, r8
100027b4:	f000 f94a 	bl	10002a4c <_etoa>
100027b8:	0004      	movs	r4, r0
100027ba:	0020      	movs	r0, r4
100027bc:	b015      	add	sp, #84	@ 0x54
100027be:	bcf0      	pop	{r4, r5, r6, r7}
100027c0:	46bb      	mov	fp, r7
100027c2:	46b2      	mov	sl, r6
100027c4:	46a9      	mov	r9, r5
100027c6:	46a0      	mov	r8, r4
100027c8:	bdf0      	pop	{r4, r5, r6, r7, pc}
100027ca:	9b22      	ldr	r3, [sp, #136]	@ 0x88
100027cc:	075b      	lsls	r3, r3, #29
100027ce:	d40f      	bmi.n	100027f0 <_ftoa+0x24c>
100027d0:	2203      	movs	r2, #3
100027d2:	4b4c      	ldr	r3, [pc, #304]	@ (10002904 <_ftoa+0x360>)
100027d4:	9922      	ldr	r1, [sp, #136]	@ 0x88
100027d6:	9201      	str	r2, [sp, #4]
100027d8:	9103      	str	r1, [sp, #12]
100027da:	9921      	ldr	r1, [sp, #132]	@ 0x84
100027dc:	9300      	str	r3, [sp, #0]
100027de:	9102      	str	r1, [sp, #8]
100027e0:	4643      	mov	r3, r8
100027e2:	4652      	mov	r2, sl
100027e4:	0039      	movs	r1, r7
100027e6:	4658      	mov	r0, fp
100027e8:	f7ff fd90 	bl	1000230c <_out_rev>
100027ec:	0004      	movs	r4, r0
100027ee:	e7e4      	b.n	100027ba <_ftoa+0x216>
100027f0:	2204      	movs	r2, #4
100027f2:	4b45      	ldr	r3, [pc, #276]	@ (10002908 <_ftoa+0x364>)
100027f4:	e7ee      	b.n	100027d4 <_ftoa+0x230>
100027f6:	9a1e      	ldr	r2, [sp, #120]	@ 0x78
100027f8:	9b1f      	ldr	r3, [sp, #124]	@ 0x7c
100027fa:	2000      	movs	r0, #0
100027fc:	2100      	movs	r1, #0
100027fe:	f7ff fbe2 	bl	10001fc6 <__wrap___aeabi_dsub>
10002802:	2301      	movs	r3, #1
10002804:	901e      	str	r0, [sp, #120]	@ 0x78
10002806:	911f      	str	r1, [sp, #124]	@ 0x7c
10002808:	930b      	str	r3, [sp, #44]	@ 0x2c
1000280a:	e711      	b.n	10002630 <_ftoa+0x8c>
1000280c:	9b22      	ldr	r3, [sp, #136]	@ 0x88
1000280e:	4654      	mov	r4, sl
10002810:	079b      	lsls	r3, r3, #30
10002812:	d111      	bne.n	10002838 <_ftoa+0x294>
10002814:	9b21      	ldr	r3, [sp, #132]	@ 0x84
10002816:	2b04      	cmp	r3, #4
10002818:	d90e      	bls.n	10002838 <_ftoa+0x294>
1000281a:	9b21      	ldr	r3, [sp, #132]	@ 0x84
1000281c:	4655      	mov	r5, sl
1000281e:	469c      	mov	ip, r3
10002820:	465e      	mov	r6, fp
10002822:	3c04      	subs	r4, #4
10002824:	4464      	add	r4, ip
10002826:	002a      	movs	r2, r5
10002828:	4643      	mov	r3, r8
1000282a:	3501      	adds	r5, #1
1000282c:	0039      	movs	r1, r7
1000282e:	2020      	movs	r0, #32
10002830:	47b0      	blx	r6
10002832:	42a5      	cmp	r5, r4
10002834:	d1f7      	bne.n	10002826 <_ftoa+0x282>
10002836:	46b3      	mov	fp, r6
10002838:	4d34      	ldr	r5, [pc, #208]	@ (1000290c <_ftoa+0x368>)
1000283a:	0026      	movs	r6, r4
1000283c:	1f2b      	subs	r3, r5, #4
1000283e:	4699      	mov	r9, r3
10002840:	465b      	mov	r3, fp
10002842:	46a3      	mov	fp, r4
10002844:	001c      	movs	r4, r3
10002846:	0032      	movs	r2, r6
10002848:	78e8      	ldrb	r0, [r5, #3]
1000284a:	4643      	mov	r3, r8
1000284c:	0039      	movs	r1, r7
1000284e:	3d01      	subs	r5, #1
10002850:	47a0      	blx	r4
10002852:	3601      	adds	r6, #1
10002854:	454d      	cmp	r5, r9
10002856:	d1f6      	bne.n	10002846 <_ftoa+0x2a2>
10002858:	0023      	movs	r3, r4
1000285a:	465c      	mov	r4, fp
1000285c:	469b      	mov	fp, r3
1000285e:	9b22      	ldr	r3, [sp, #136]	@ 0x88
10002860:	3404      	adds	r4, #4
10002862:	079b      	lsls	r3, r3, #30
10002864:	d5a9      	bpl.n	100027ba <_ftoa+0x216>
10002866:	4653      	mov	r3, sl
10002868:	9a21      	ldr	r2, [sp, #132]	@ 0x84
1000286a:	1ae3      	subs	r3, r4, r3
1000286c:	429a      	cmp	r2, r3
1000286e:	d9a4      	bls.n	100027ba <_ftoa+0x216>
10002870:	465e      	mov	r6, fp
10002872:	0015      	movs	r5, r2
10002874:	0022      	movs	r2, r4
10002876:	4643      	mov	r3, r8
10002878:	0039      	movs	r1, r7
1000287a:	2020      	movs	r0, #32
1000287c:	47b0      	blx	r6
1000287e:	4653      	mov	r3, sl
10002880:	3401      	adds	r4, #1
10002882:	1ae3      	subs	r3, r4, r3
10002884:	429d      	cmp	r5, r3
10002886:	d8f5      	bhi.n	10002874 <_ftoa+0x2d0>
10002888:	e797      	b.n	100027ba <_ftoa+0x216>
1000288a:	0028      	movs	r0, r5
1000288c:	f7ff fc2a 	bl	100020e4 <__wrap___aeabi_i2d>
10002890:	0002      	movs	r2, r0
10002892:	000b      	movs	r3, r1
10002894:	981e      	ldr	r0, [sp, #120]	@ 0x78
10002896:	991f      	ldr	r1, [sp, #124]	@ 0x7c
10002898:	f7ff fb95 	bl	10001fc6 <__wrap___aeabi_dsub>
1000289c:	2200      	movs	r2, #0
1000289e:	4b18      	ldr	r3, [pc, #96]	@ (10002900 <_ftoa+0x35c>)
100028a0:	9006      	str	r0, [sp, #24]
100028a2:	9107      	str	r1, [sp, #28]
100028a4:	f7ff fbf2 	bl	1000208c <__wrap___aeabi_dcmplt>
100028a8:	ae0c      	add	r6, sp, #48	@ 0x30
100028aa:	2800      	cmp	r0, #0
100028ac:	d000      	beq.n	100028b0 <_ftoa+0x30c>
100028ae:	e731      	b.n	10002714 <_ftoa+0x170>
100028b0:	9806      	ldr	r0, [sp, #24]
100028b2:	9907      	ldr	r1, [sp, #28]
100028b4:	2200      	movs	r2, #0
100028b6:	4b12      	ldr	r3, [pc, #72]	@ (10002900 <_ftoa+0x35c>)
100028b8:	f7ff fbfe 	bl	100020b8 <__wrap___aeabi_dcmpgt>
100028bc:	2800      	cmp	r0, #0
100028be:	d000      	beq.n	100028c2 <_ftoa+0x31e>
100028c0:	e728      	b.n	10002714 <_ftoa+0x170>
100028c2:	2301      	movs	r3, #1
100028c4:	3501      	adds	r5, #1
100028c6:	439d      	bics	r5, r3
100028c8:	e724      	b.n	10002714 <_ftoa+0x170>
100028ca:	2200      	movs	r2, #0
100028cc:	9806      	ldr	r0, [sp, #24]
100028ce:	9907      	ldr	r1, [sp, #28]
100028d0:	4b0b      	ldr	r3, [pc, #44]	@ (10002900 <_ftoa+0x35c>)
100028d2:	f7ff fbdb 	bl	1000208c <__wrap___aeabi_dcmplt>
100028d6:	2800      	cmp	r0, #0
100028d8:	d000      	beq.n	100028dc <_ftoa+0x338>
100028da:	e6f9      	b.n	100026d0 <_ftoa+0x12c>
100028dc:	464b      	mov	r3, r9
100028de:	2b00      	cmp	r3, #0
100028e0:	d15c      	bne.n	1000299c <_ftoa+0x3f8>
100028e2:	2301      	movs	r3, #1
100028e4:	469c      	mov	ip, r3
100028e6:	44e1      	add	r9, ip
100028e8:	e6f2      	b.n	100026d0 <_ftoa+0x12c>
100028ea:	46c0      	nop			@ (mov r8, r8)
100028ec:	ffefffff 	.word	0xffefffff
100028f0:	7fefffff 	.word	0x7fefffff
100028f4:	41cdcd65 	.word	0x41cdcd65
100028f8:	c1cdcd65 	.word	0xc1cdcd65
100028fc:	100084f8 	.word	0x100084f8
10002900:	3fe00000 	.word	0x3fe00000
10002904:	10007f30 	.word	0x10007f30
10002908:	10007f28 	.word	0x10007f28
1000290c:	10007f38 	.word	0x10007f38
10002910:	9b06      	ldr	r3, [sp, #24]
10002912:	465e      	mov	r6, fp
10002914:	469b      	mov	fp, r3
10002916:	2303      	movs	r3, #3
10002918:	9a22      	ldr	r2, [sp, #136]	@ 0x88
1000291a:	4013      	ands	r3, r2
1000291c:	2b01      	cmp	r3, #1
1000291e:	d100      	bne.n	10002922 <_ftoa+0x37e>
10002920:	e081      	b.n	10002a26 <_ftoa+0x482>
10002922:	2c20      	cmp	r4, #32
10002924:	d100      	bne.n	10002928 <_ftoa+0x384>
10002926:	e731      	b.n	1000278c <_ftoa+0x1e8>
10002928:	9b0b      	ldr	r3, [sp, #44]	@ 0x2c
1000292a:	2b00      	cmp	r3, #0
1000292c:	d027      	beq.n	1000297e <_ftoa+0x3da>
1000292e:	232d      	movs	r3, #45	@ 0x2d
10002930:	5533      	strb	r3, [r6, r4]
10002932:	3401      	adds	r4, #1
10002934:	e72a      	b.n	1000278c <_ftoa+0x1e8>
10002936:	464f      	mov	r7, r9
10002938:	9d06      	ldr	r5, [sp, #24]
1000293a:	2c20      	cmp	r4, #32
1000293c:	d100      	bne.n	10002940 <_ftoa+0x39c>
1000293e:	e6e7      	b.n	10002710 <_ftoa+0x16c>
10002940:	2230      	movs	r2, #48	@ 0x30
10002942:	1933      	adds	r3, r6, r4
10002944:	e007      	b.n	10002956 <_ftoa+0x3b2>
10002946:	2017      	movs	r0, #23
10002948:	a906      	add	r1, sp, #24
1000294a:	3401      	adds	r4, #1
1000294c:	1809      	adds	r1, r1, r0
1000294e:	550a      	strb	r2, [r1, r4]
10002950:	2c20      	cmp	r4, #32
10002952:	d100      	bne.n	10002956 <_ftoa+0x3b2>
10002954:	e6dc      	b.n	10002710 <_ftoa+0x16c>
10002956:	42a3      	cmp	r3, r4
10002958:	d1f5      	bne.n	10002946 <_ftoa+0x3a2>
1000295a:	222e      	movs	r2, #46	@ 0x2e
1000295c:	ae0c      	add	r6, sp, #48	@ 0x30
1000295e:	3401      	adds	r4, #1
10002960:	54f2      	strb	r2, [r6, r3]
10002962:	e6d7      	b.n	10002714 <_ftoa+0x170>
10002964:	230c      	movs	r3, #12
10002966:	9a22      	ldr	r2, [sp, #136]	@ 0x88
10002968:	4213      	tst	r3, r2
1000296a:	d057      	beq.n	10002a1c <_ftoa+0x478>
1000296c:	9b21      	ldr	r3, [sp, #132]	@ 0x84
1000296e:	3b01      	subs	r3, #1
10002970:	9321      	str	r3, [sp, #132]	@ 0x84
10002972:	42a3      	cmp	r3, r4
10002974:	d900      	bls.n	10002978 <_ftoa+0x3d4>
10002976:	e6fc      	b.n	10002772 <_ftoa+0x1ce>
10002978:	2c20      	cmp	r4, #32
1000297a:	d100      	bne.n	1000297e <_ftoa+0x3da>
1000297c:	e706      	b.n	1000278c <_ftoa+0x1e8>
1000297e:	9b22      	ldr	r3, [sp, #136]	@ 0x88
10002980:	075b      	lsls	r3, r3, #29
10002982:	d503      	bpl.n	1000298c <_ftoa+0x3e8>
10002984:	232b      	movs	r3, #43	@ 0x2b
10002986:	5533      	strb	r3, [r6, r4]
10002988:	3401      	adds	r4, #1
1000298a:	e6ff      	b.n	1000278c <_ftoa+0x1e8>
1000298c:	9b22      	ldr	r3, [sp, #136]	@ 0x88
1000298e:	071b      	lsls	r3, r3, #28
10002990:	d400      	bmi.n	10002994 <_ftoa+0x3f0>
10002992:	e6fb      	b.n	1000278c <_ftoa+0x1e8>
10002994:	2320      	movs	r3, #32
10002996:	5533      	strb	r3, [r6, r4]
10002998:	3401      	adds	r4, #1
1000299a:	e6f7      	b.n	1000278c <_ftoa+0x1e8>
1000299c:	07db      	lsls	r3, r3, #31
1000299e:	d400      	bmi.n	100029a2 <_ftoa+0x3fe>
100029a0:	e696      	b.n	100026d0 <_ftoa+0x12c>
100029a2:	e79e      	b.n	100028e2 <_ftoa+0x33e>
100029a4:	9b22      	ldr	r3, [sp, #136]	@ 0x88
100029a6:	4655      	mov	r5, sl
100029a8:	079b      	lsls	r3, r3, #30
100029aa:	d111      	bne.n	100029d0 <_ftoa+0x42c>
100029ac:	9b21      	ldr	r3, [sp, #132]	@ 0x84
100029ae:	2b03      	cmp	r3, #3
100029b0:	d90e      	bls.n	100029d0 <_ftoa+0x42c>
100029b2:	9b21      	ldr	r3, [sp, #132]	@ 0x84
100029b4:	4654      	mov	r4, sl
100029b6:	469c      	mov	ip, r3
100029b8:	465e      	mov	r6, fp
100029ba:	3d03      	subs	r5, #3
100029bc:	4465      	add	r5, ip
100029be:	0022      	movs	r2, r4
100029c0:	4643      	mov	r3, r8
100029c2:	3401      	adds	r4, #1
100029c4:	0039      	movs	r1, r7
100029c6:	2020      	movs	r0, #32
100029c8:	47b0      	blx	r6
100029ca:	42ac      	cmp	r4, r5
100029cc:	d1f7      	bne.n	100029be <_ftoa+0x41a>
100029ce:	46b3      	mov	fp, r6
100029d0:	46b9      	mov	r9, r7
100029d2:	465f      	mov	r7, fp
100029d4:	4e1c      	ldr	r6, [pc, #112]	@ (10002a48 <_ftoa+0x4a4>)
100029d6:	1cec      	adds	r4, r5, #3
100029d8:	002a      	movs	r2, r5
100029da:	78b0      	ldrb	r0, [r6, #2]
100029dc:	4643      	mov	r3, r8
100029de:	4649      	mov	r1, r9
100029e0:	3501      	adds	r5, #1
100029e2:	47b8      	blx	r7
100029e4:	3e01      	subs	r6, #1
100029e6:	42a5      	cmp	r5, r4
100029e8:	d1f6      	bne.n	100029d8 <_ftoa+0x434>
100029ea:	9b22      	ldr	r3, [sp, #136]	@ 0x88
100029ec:	46bb      	mov	fp, r7
100029ee:	464f      	mov	r7, r9
100029f0:	079b      	lsls	r3, r3, #30
100029f2:	d400      	bmi.n	100029f6 <_ftoa+0x452>
100029f4:	e6e1      	b.n	100027ba <_ftoa+0x216>
100029f6:	4653      	mov	r3, sl
100029f8:	9a21      	ldr	r2, [sp, #132]	@ 0x84
100029fa:	1ae3      	subs	r3, r4, r3
100029fc:	429a      	cmp	r2, r3
100029fe:	d800      	bhi.n	10002a02 <_ftoa+0x45e>
10002a00:	e6db      	b.n	100027ba <_ftoa+0x216>
10002a02:	465e      	mov	r6, fp
10002a04:	0015      	movs	r5, r2
10002a06:	0022      	movs	r2, r4
10002a08:	4643      	mov	r3, r8
10002a0a:	0039      	movs	r1, r7
10002a0c:	2020      	movs	r0, #32
10002a0e:	47b0      	blx	r6
10002a10:	4653      	mov	r3, sl
10002a12:	3401      	adds	r4, #1
10002a14:	1ae3      	subs	r3, r4, r3
10002a16:	429d      	cmp	r5, r3
10002a18:	d8f5      	bhi.n	10002a06 <_ftoa+0x462>
10002a1a:	e6ce      	b.n	100027ba <_ftoa+0x216>
10002a1c:	9b21      	ldr	r3, [sp, #132]	@ 0x84
10002a1e:	42a3      	cmp	r3, r4
10002a20:	d900      	bls.n	10002a24 <_ftoa+0x480>
10002a22:	e6a6      	b.n	10002772 <_ftoa+0x1ce>
10002a24:	e6b2      	b.n	1000278c <_ftoa+0x1e8>
10002a26:	9b21      	ldr	r3, [sp, #132]	@ 0x84
10002a28:	2b00      	cmp	r3, #0
10002a2a:	d100      	bne.n	10002a2e <_ftoa+0x48a>
10002a2c:	e779      	b.n	10002922 <_ftoa+0x37e>
10002a2e:	9b0b      	ldr	r3, [sp, #44]	@ 0x2c
10002a30:	2b00      	cmp	r3, #0
10002a32:	d097      	beq.n	10002964 <_ftoa+0x3c0>
10002a34:	9b21      	ldr	r3, [sp, #132]	@ 0x84
10002a36:	3b01      	subs	r3, #1
10002a38:	9321      	str	r3, [sp, #132]	@ 0x84
10002a3a:	429c      	cmp	r4, r3
10002a3c:	d200      	bcs.n	10002a40 <_ftoa+0x49c>
10002a3e:	e698      	b.n	10002772 <_ftoa+0x1ce>
10002a40:	2c20      	cmp	r4, #32
10002a42:	d000      	beq.n	10002a46 <_ftoa+0x4a2>
10002a44:	e773      	b.n	1000292e <_ftoa+0x38a>
10002a46:	e6a1      	b.n	1000278c <_ftoa+0x1e8>
10002a48:	10007f34 	.word	0x10007f34

10002a4c <_etoa>:
10002a4c:	b5f0      	push	{r4, r5, r6, r7, lr}
10002a4e:	46de      	mov	lr, fp
10002a50:	4657      	mov	r7, sl
10002a52:	464e      	mov	r6, r9
10002a54:	4645      	mov	r5, r8
10002a56:	b5e0      	push	{r5, r6, r7, lr}
10002a58:	b099      	sub	sp, #100	@ 0x64
10002a5a:	4681      	mov	r9, r0
10002a5c:	468b      	mov	fp, r1
10002a5e:	4692      	mov	sl, r2
10002a60:	4698      	mov	r8, r3
10002a62:	9a22      	ldr	r2, [sp, #136]	@ 0x88
10002a64:	9b23      	ldr	r3, [sp, #140]	@ 0x8c
10002a66:	0010      	movs	r0, r2
10002a68:	0019      	movs	r1, r3
10002a6a:	f7ff fb2a 	bl	100020c2 <__wrap___aeabi_dcmpun>
10002a6e:	2800      	cmp	r0, #0
10002a70:	d000      	beq.n	10002a74 <_etoa+0x28>
10002a72:	e0ca      	b.n	10002c0a <_etoa+0x1be>
10002a74:	9822      	ldr	r0, [sp, #136]	@ 0x88
10002a76:	9923      	ldr	r1, [sp, #140]	@ 0x8c
10002a78:	2201      	movs	r2, #1
10002a7a:	4b82      	ldr	r3, [pc, #520]	@ (10002c84 <_etoa+0x238>)
10002a7c:	4252      	negs	r2, r2
10002a7e:	f7ff fb1b 	bl	100020b8 <__wrap___aeabi_dcmpgt>
10002a82:	2800      	cmp	r0, #0
10002a84:	d000      	beq.n	10002a88 <_etoa+0x3c>
10002a86:	e0c0      	b.n	10002c0a <_etoa+0x1be>
10002a88:	9822      	ldr	r0, [sp, #136]	@ 0x88
10002a8a:	9923      	ldr	r1, [sp, #140]	@ 0x8c
10002a8c:	2201      	movs	r2, #1
10002a8e:	4b7e      	ldr	r3, [pc, #504]	@ (10002c88 <_etoa+0x23c>)
10002a90:	4252      	negs	r2, r2
10002a92:	f7ff fafb 	bl	1000208c <__wrap___aeabi_dcmplt>
10002a96:	2800      	cmp	r0, #0
10002a98:	d000      	beq.n	10002a9c <_etoa+0x50>
10002a9a:	e0b6      	b.n	10002c0a <_etoa+0x1be>
10002a9c:	9822      	ldr	r0, [sp, #136]	@ 0x88
10002a9e:	9923      	ldr	r1, [sp, #140]	@ 0x8c
10002aa0:	2200      	movs	r2, #0
10002aa2:	2300      	movs	r3, #0
10002aa4:	f7ff faf2 	bl	1000208c <__wrap___aeabi_dcmplt>
10002aa8:	2800      	cmp	r0, #0
10002aaa:	d000      	beq.n	10002aae <_etoa+0x62>
10002aac:	e1c9      	b.n	10002e42 <_etoa+0x3f6>
10002aae:	9b22      	ldr	r3, [sp, #136]	@ 0x88
10002ab0:	9c23      	ldr	r4, [sp, #140]	@ 0x8c
10002ab2:	9308      	str	r3, [sp, #32]
10002ab4:	9409      	str	r4, [sp, #36]	@ 0x24
10002ab6:	9808      	ldr	r0, [sp, #32]
10002ab8:	9909      	ldr	r1, [sp, #36]	@ 0x24
10002aba:	2380      	movs	r3, #128	@ 0x80
10002abc:	9a26      	ldr	r2, [sp, #152]	@ 0x98
10002abe:	00db      	lsls	r3, r3, #3
10002ac0:	401a      	ands	r2, r3
10002ac2:	920d      	str	r2, [sp, #52]	@ 0x34
10002ac4:	2280      	movs	r2, #128	@ 0x80
10002ac6:	9c26      	ldr	r4, [sp, #152]	@ 0x98
10002ac8:	0112      	lsls	r2, r2, #4
10002aca:	4014      	ands	r4, r2
10002acc:	0022      	movs	r2, r4
10002ace:	940b      	str	r4, [sp, #44]	@ 0x2c
10002ad0:	9c26      	ldr	r4, [sp, #152]	@ 0x98
10002ad2:	0007      	movs	r7, r0
10002ad4:	000e      	movs	r6, r1
10002ad6:	421c      	tst	r4, r3
10002ad8:	d000      	beq.n	10002adc <_etoa+0x90>
10002ada:	e0ad      	b.n	10002c38 <_etoa+0x1ec>
10002adc:	000b      	movs	r3, r1
10002ade:	4303      	orrs	r3, r0
10002ae0:	d000      	beq.n	10002ae4 <_etoa+0x98>
10002ae2:	e0d5      	b.n	10002c90 <_etoa+0x244>
10002ae4:	2a00      	cmp	r2, #0
10002ae6:	d000      	beq.n	10002aea <_etoa+0x9e>
10002ae8:	e20a      	b.n	10002f00 <_etoa+0x4b4>
10002aea:	0022      	movs	r2, r4
10002aec:	3306      	adds	r3, #6
10002aee:	9324      	str	r3, [sp, #144]	@ 0x90
10002af0:	2302      	movs	r3, #2
10002af2:	4013      	ands	r3, r2
10002af4:	930c      	str	r3, [sp, #48]	@ 0x30
10002af6:	2302      	movs	r3, #2
10002af8:	4213      	tst	r3, r2
10002afa:	d000      	beq.n	10002afe <_etoa+0xb2>
10002afc:	e202      	b.n	10002f04 <_etoa+0x4b8>
10002afe:	9b25      	ldr	r3, [sp, #148]	@ 0x94
10002b00:	2b04      	cmp	r3, #4
10002b02:	d200      	bcs.n	10002b06 <_etoa+0xba>
10002b04:	e20f      	b.n	10002f26 <_etoa+0x4da>
10002b06:	3b04      	subs	r3, #4
10002b08:	930b      	str	r3, [sp, #44]	@ 0x2c
10002b0a:	2300      	movs	r3, #0
10002b0c:	2504      	movs	r5, #4
10002b0e:	930a      	str	r3, [sp, #40]	@ 0x28
10002b10:	2200      	movs	r2, #0
10002b12:	9822      	ldr	r0, [sp, #136]	@ 0x88
10002b14:	9923      	ldr	r1, [sp, #140]	@ 0x8c
10002b16:	2300      	movs	r3, #0
10002b18:	f7ff fab8 	bl	1000208c <__wrap___aeabi_dcmplt>
10002b1c:	2800      	cmp	r0, #0
10002b1e:	d000      	beq.n	10002b22 <_etoa+0xd6>
10002b20:	e203      	b.n	10002f2a <_etoa+0x4de>
10002b22:	4b5a      	ldr	r3, [pc, #360]	@ (10002c8c <_etoa+0x240>)
10002b24:	9a26      	ldr	r2, [sp, #152]	@ 0x98
10002b26:	4013      	ands	r3, r2
10002b28:	9304      	str	r3, [sp, #16]
10002b2a:	9b0b      	ldr	r3, [sp, #44]	@ 0x2c
10002b2c:	9303      	str	r3, [sp, #12]
10002b2e:	9b24      	ldr	r3, [sp, #144]	@ 0x90
10002b30:	9302      	str	r3, [sp, #8]
10002b32:	9b08      	ldr	r3, [sp, #32]
10002b34:	9c09      	ldr	r4, [sp, #36]	@ 0x24
10002b36:	9300      	str	r3, [sp, #0]
10002b38:	9401      	str	r4, [sp, #4]
10002b3a:	4659      	mov	r1, fp
10002b3c:	4643      	mov	r3, r8
10002b3e:	4652      	mov	r2, sl
10002b40:	4648      	mov	r0, r9
10002b42:	f7ff fd2f 	bl	100025a4 <_ftoa>
10002b46:	0002      	movs	r2, r0
10002b48:	2020      	movs	r0, #32
10002b4a:	9b26      	ldr	r3, [sp, #152]	@ 0x98
10002b4c:	271f      	movs	r7, #31
10002b4e:	4003      	ands	r3, r0
10002b50:	4259      	negs	r1, r3
10002b52:	414b      	adcs	r3, r1
10002b54:	425b      	negs	r3, r3
10002b56:	4018      	ands	r0, r3
10002b58:	1c53      	adds	r3, r2, #1
10002b5a:	9308      	str	r3, [sp, #32]
10002b5c:	4659      	mov	r1, fp
10002b5e:	4643      	mov	r3, r8
10002b60:	3045      	adds	r0, #69	@ 0x45
10002b62:	47c8      	blx	r9
10002b64:	9a0a      	ldr	r2, [sp, #40]	@ 0x28
10002b66:	17d3      	asrs	r3, r2, #31
10002b68:	18d4      	adds	r4, r2, r3
10002b6a:	405c      	eors	r4, r3
10002b6c:	0fd3      	lsrs	r3, r2, #31
10002b6e:	930a      	str	r3, [sp, #40]	@ 0x28
10002b70:	1e6b      	subs	r3, r5, #1
10002b72:	930b      	str	r3, [sp, #44]	@ 0x2c
10002b74:	ab08      	add	r3, sp, #32
10002b76:	469c      	mov	ip, r3
10002b78:	2500      	movs	r5, #0
10002b7a:	4467      	add	r7, ip
10002b7c:	e001      	b.n	10002b82 <_etoa+0x136>
10002b7e:	2d20      	cmp	r5, #32
10002b80:	d00f      	beq.n	10002ba2 <_etoa+0x156>
10002b82:	0020      	movs	r0, r4
10002b84:	210a      	movs	r1, #10
10002b86:	f7fe ffe3 	bl	10001b50 <__wrap___aeabi_uidiv>
10002b8a:	3501      	adds	r5, #1
10002b8c:	197e      	adds	r6, r7, r5
10002b8e:	3130      	adds	r1, #48	@ 0x30
10002b90:	7031      	strb	r1, [r6, #0]
10002b92:	0020      	movs	r0, r4
10002b94:	210a      	movs	r1, #10
10002b96:	f7fe ffdb 	bl	10001b50 <__wrap___aeabi_uidiv>
10002b9a:	0026      	movs	r6, r4
10002b9c:	0004      	movs	r4, r0
10002b9e:	2e09      	cmp	r6, #9
10002ba0:	d8ed      	bhi.n	10002b7e <_etoa+0x132>
10002ba2:	2305      	movs	r3, #5
10002ba4:	9306      	str	r3, [sp, #24]
10002ba6:	9b0b      	ldr	r3, [sp, #44]	@ 0x2c
10002ba8:	4659      	mov	r1, fp
10002baa:	9305      	str	r3, [sp, #20]
10002bac:	2300      	movs	r3, #0
10002bae:	9304      	str	r3, [sp, #16]
10002bb0:	330a      	adds	r3, #10
10002bb2:	9303      	str	r3, [sp, #12]
10002bb4:	9b0a      	ldr	r3, [sp, #40]	@ 0x28
10002bb6:	4648      	mov	r0, r9
10002bb8:	9302      	str	r3, [sp, #8]
10002bba:	ab10      	add	r3, sp, #64	@ 0x40
10002bbc:	9300      	str	r3, [sp, #0]
10002bbe:	9a08      	ldr	r2, [sp, #32]
10002bc0:	4643      	mov	r3, r8
10002bc2:	9501      	str	r5, [sp, #4]
10002bc4:	f7ff fbf8 	bl	100023b8 <_ntoa_format>
10002bc8:	9b0c      	ldr	r3, [sp, #48]	@ 0x30
10002bca:	2b00      	cmp	r3, #0
10002bcc:	d02d      	beq.n	10002c2a <_etoa+0x1de>
10002bce:	4653      	mov	r3, sl
10002bd0:	1ac4      	subs	r4, r0, r3
10002bd2:	9b25      	ldr	r3, [sp, #148]	@ 0x94
10002bd4:	42a3      	cmp	r3, r4
10002bd6:	d928      	bls.n	10002c2a <_etoa+0x1de>
10002bd8:	464d      	mov	r5, r9
10002bda:	465f      	mov	r7, fp
10002bdc:	4681      	mov	r9, r0
10002bde:	001e      	movs	r6, r3
10002be0:	4653      	mov	r3, sl
10002be2:	0039      	movs	r1, r7
10002be4:	191a      	adds	r2, r3, r4
10002be6:	2020      	movs	r0, #32
10002be8:	4643      	mov	r3, r8
10002bea:	3401      	adds	r4, #1
10002bec:	47a8      	blx	r5
10002bee:	42a6      	cmp	r6, r4
10002bf0:	d8f6      	bhi.n	10002be0 <_etoa+0x194>
10002bf2:	4653      	mov	r3, sl
10002bf4:	4648      	mov	r0, r9
10002bf6:	9925      	ldr	r1, [sp, #148]	@ 0x94
10002bf8:	1ac2      	subs	r2, r0, r3
10002bfa:	3201      	adds	r2, #1
10002bfc:	2300      	movs	r3, #0
10002bfe:	4291      	cmp	r1, r2
10002c00:	d300      	bcc.n	10002c04 <_etoa+0x1b8>
10002c02:	e186      	b.n	10002f12 <_etoa+0x4c6>
10002c04:	3001      	adds	r0, #1
10002c06:	1818      	adds	r0, r3, r0
10002c08:	e00f      	b.n	10002c2a <_etoa+0x1de>
10002c0a:	9b26      	ldr	r3, [sp, #152]	@ 0x98
10002c0c:	9304      	str	r3, [sp, #16]
10002c0e:	9b25      	ldr	r3, [sp, #148]	@ 0x94
10002c10:	9303      	str	r3, [sp, #12]
10002c12:	9b24      	ldr	r3, [sp, #144]	@ 0x90
10002c14:	9302      	str	r3, [sp, #8]
10002c16:	9b22      	ldr	r3, [sp, #136]	@ 0x88
10002c18:	9c23      	ldr	r4, [sp, #140]	@ 0x8c
10002c1a:	9300      	str	r3, [sp, #0]
10002c1c:	9401      	str	r4, [sp, #4]
10002c1e:	4643      	mov	r3, r8
10002c20:	4652      	mov	r2, sl
10002c22:	4659      	mov	r1, fp
10002c24:	4648      	mov	r0, r9
10002c26:	f7ff fcbd 	bl	100025a4 <_ftoa>
10002c2a:	b019      	add	sp, #100	@ 0x64
10002c2c:	bcf0      	pop	{r4, r5, r6, r7}
10002c2e:	46bb      	mov	fp, r7
10002c30:	46b2      	mov	sl, r6
10002c32:	46a9      	mov	r9, r5
10002c34:	46a0      	mov	r8, r4
10002c36:	bdf0      	pop	{r4, r5, r6, r7, pc}
10002c38:	4301      	orrs	r1, r0
10002c3a:	d12b      	bne.n	10002c94 <_etoa+0x248>
10002c3c:	9b0b      	ldr	r3, [sp, #44]	@ 0x2c
10002c3e:	0022      	movs	r2, r4
10002c40:	2b00      	cmp	r3, #0
10002c42:	d100      	bne.n	10002c46 <_etoa+0x1fa>
10002c44:	e754      	b.n	10002af0 <_etoa+0xa4>
10002c46:	2300      	movs	r3, #0
10002c48:	930a      	str	r3, [sp, #40]	@ 0x28
10002c4a:	9b24      	ldr	r3, [sp, #144]	@ 0x90
10002c4c:	9a0a      	ldr	r2, [sp, #40]	@ 0x28
10002c4e:	2400      	movs	r4, #0
10002c50:	4293      	cmp	r3, r2
10002c52:	dd00      	ble.n	10002c56 <_etoa+0x20a>
10002c54:	e185      	b.n	10002f62 <_etoa+0x516>
10002c56:	9822      	ldr	r0, [sp, #136]	@ 0x88
10002c58:	9923      	ldr	r1, [sp, #140]	@ 0x8c
10002c5a:	2200      	movs	r2, #0
10002c5c:	2300      	movs	r3, #0
10002c5e:	f7ff fa15 	bl	1000208c <__wrap___aeabi_dcmplt>
10002c62:	2800      	cmp	r0, #0
10002c64:	d000      	beq.n	10002c68 <_etoa+0x21c>
10002c66:	e135      	b.n	10002ed4 <_etoa+0x488>
10002c68:	9b26      	ldr	r3, [sp, #152]	@ 0x98
10002c6a:	4a08      	ldr	r2, [pc, #32]	@ (10002c8c <_etoa+0x240>)
10002c6c:	9402      	str	r4, [sp, #8]
10002c6e:	401a      	ands	r2, r3
10002c70:	2380      	movs	r3, #128	@ 0x80
10002c72:	00db      	lsls	r3, r3, #3
10002c74:	4313      	orrs	r3, r2
10002c76:	9304      	str	r3, [sp, #16]
10002c78:	9b25      	ldr	r3, [sp, #148]	@ 0x94
10002c7a:	9303      	str	r3, [sp, #12]
10002c7c:	9b08      	ldr	r3, [sp, #32]
10002c7e:	9c09      	ldr	r4, [sp, #36]	@ 0x24
10002c80:	e7cb      	b.n	10002c1a <_etoa+0x1ce>
10002c82:	46c0      	nop			@ (mov r8, r8)
10002c84:	7fefffff 	.word	0x7fefffff
10002c88:	ffefffff 	.word	0xffefffff
10002c8c:	fffff7ff 	.word	0xfffff7ff
10002c90:	2306      	movs	r3, #6
10002c92:	9324      	str	r3, [sp, #144]	@ 0x90
10002c94:	4bb4      	ldr	r3, [pc, #720]	@ (10002f68 <_etoa+0x51c>)
10002c96:	0070      	lsls	r0, r6, #1
10002c98:	469c      	mov	ip, r3
10002c9a:	0d40      	lsrs	r0, r0, #21
10002c9c:	4460      	add	r0, ip
10002c9e:	f7ff fa21 	bl	100020e4 <__wrap___aeabi_i2d>
10002ca2:	4ab2      	ldr	r2, [pc, #712]	@ (10002f6c <_etoa+0x520>)
10002ca4:	4bb2      	ldr	r3, [pc, #712]	@ (10002f70 <_etoa+0x524>)
10002ca6:	f7ff f9b2 	bl	1000200e <__wrap___aeabi_dmul>
10002caa:	4ab2      	ldr	r2, [pc, #712]	@ (10002f74 <_etoa+0x528>)
10002cac:	4bb2      	ldr	r3, [pc, #712]	@ (10002f78 <_etoa+0x52c>)
10002cae:	f7ff f98f 	bl	10001fd0 <__wrap___aeabi_dadd>
10002cb2:	0336      	lsls	r6, r6, #12
10002cb4:	4bb1      	ldr	r3, [pc, #708]	@ (10002f7c <_etoa+0x530>)
10002cb6:	0b36      	lsrs	r6, r6, #12
10002cb8:	4333      	orrs	r3, r6
10002cba:	0004      	movs	r4, r0
10002cbc:	000d      	movs	r5, r1
10002cbe:	0038      	movs	r0, r7
10002cc0:	0019      	movs	r1, r3
10002cc2:	2200      	movs	r2, #0
10002cc4:	4bae      	ldr	r3, [pc, #696]	@ (10002f80 <_etoa+0x534>)
10002cc6:	f7ff f97e 	bl	10001fc6 <__wrap___aeabi_dsub>
10002cca:	4aae      	ldr	r2, [pc, #696]	@ (10002f84 <_etoa+0x538>)
10002ccc:	4bae      	ldr	r3, [pc, #696]	@ (10002f88 <_etoa+0x53c>)
10002cce:	f7ff f99e 	bl	1000200e <__wrap___aeabi_dmul>
10002cd2:	0002      	movs	r2, r0
10002cd4:	000b      	movs	r3, r1
10002cd6:	0020      	movs	r0, r4
10002cd8:	0029      	movs	r1, r5
10002cda:	f7ff f979 	bl	10001fd0 <__wrap___aeabi_dadd>
10002cde:	f7ff fa19 	bl	10002114 <__wrap___aeabi_d2iz>
10002ce2:	900a      	str	r0, [sp, #40]	@ 0x28
10002ce4:	f7ff f9fe 	bl	100020e4 <__wrap___aeabi_i2d>
10002ce8:	4aa8      	ldr	r2, [pc, #672]	@ (10002f8c <_etoa+0x540>)
10002cea:	4ba9      	ldr	r3, [pc, #676]	@ (10002f90 <_etoa+0x544>)
10002cec:	0004      	movs	r4, r0
10002cee:	000d      	movs	r5, r1
10002cf0:	f7ff f98d 	bl	1000200e <__wrap___aeabi_dmul>
10002cf4:	2200      	movs	r2, #0
10002cf6:	4ba7      	ldr	r3, [pc, #668]	@ (10002f94 <_etoa+0x548>)
10002cf8:	f7ff f96a 	bl	10001fd0 <__wrap___aeabi_dadd>
10002cfc:	f7ff fa0a 	bl	10002114 <__wrap___aeabi_d2iz>
10002d00:	4aa5      	ldr	r2, [pc, #660]	@ (10002f98 <_etoa+0x54c>)
10002d02:	0006      	movs	r6, r0
10002d04:	4ba5      	ldr	r3, [pc, #660]	@ (10002f9c <_etoa+0x550>)
10002d06:	0020      	movs	r0, r4
10002d08:	0029      	movs	r1, r5
10002d0a:	f7ff f980 	bl	1000200e <__wrap___aeabi_dmul>
10002d0e:	0004      	movs	r4, r0
10002d10:	0030      	movs	r0, r6
10002d12:	000d      	movs	r5, r1
10002d14:	960c      	str	r6, [sp, #48]	@ 0x30
10002d16:	f7ff f9e5 	bl	100020e4 <__wrap___aeabi_i2d>
10002d1a:	4aa1      	ldr	r2, [pc, #644]	@ (10002fa0 <_etoa+0x554>)
10002d1c:	4ba1      	ldr	r3, [pc, #644]	@ (10002fa4 <_etoa+0x558>)
10002d1e:	f7ff f976 	bl	1000200e <__wrap___aeabi_dmul>
10002d22:	0002      	movs	r2, r0
10002d24:	000b      	movs	r3, r1
10002d26:	0020      	movs	r0, r4
10002d28:	0029      	movs	r1, r5
10002d2a:	f7ff f94c 	bl	10001fc6 <__wrap___aeabi_dsub>
10002d2e:	0002      	movs	r2, r0
10002d30:	000b      	movs	r3, r1
10002d32:	0006      	movs	r6, r0
10002d34:	000f      	movs	r7, r1
10002d36:	f7ff f96a 	bl	1000200e <__wrap___aeabi_dmul>
10002d3a:	0032      	movs	r2, r6
10002d3c:	0004      	movs	r4, r0
10002d3e:	000d      	movs	r5, r1
10002d40:	003b      	movs	r3, r7
10002d42:	0030      	movs	r0, r6
10002d44:	0039      	movs	r1, r7
10002d46:	f7ff f943 	bl	10001fd0 <__wrap___aeabi_dadd>
10002d4a:	2200      	movs	r2, #0
10002d4c:	900e      	str	r0, [sp, #56]	@ 0x38
10002d4e:	910f      	str	r1, [sp, #60]	@ 0x3c
10002d50:	4b95      	ldr	r3, [pc, #596]	@ (10002fa8 <_etoa+0x55c>)
10002d52:	0020      	movs	r0, r4
10002d54:	0029      	movs	r1, r5
10002d56:	f7ff f940 	bl	10001fda <__wrap___aeabi_ddiv>
10002d5a:	2200      	movs	r2, #0
10002d5c:	4b93      	ldr	r3, [pc, #588]	@ (10002fac <_etoa+0x560>)
10002d5e:	f7ff f937 	bl	10001fd0 <__wrap___aeabi_dadd>
10002d62:	0002      	movs	r2, r0
10002d64:	000b      	movs	r3, r1
10002d66:	0020      	movs	r0, r4
10002d68:	0029      	movs	r1, r5
10002d6a:	f7ff f936 	bl	10001fda <__wrap___aeabi_ddiv>
10002d6e:	2200      	movs	r2, #0
10002d70:	4b8f      	ldr	r3, [pc, #572]	@ (10002fb0 <_etoa+0x564>)
10002d72:	f7ff f92d 	bl	10001fd0 <__wrap___aeabi_dadd>
10002d76:	0002      	movs	r2, r0
10002d78:	000b      	movs	r3, r1
10002d7a:	0020      	movs	r0, r4
10002d7c:	0029      	movs	r1, r5
10002d7e:	f7ff f92c 	bl	10001fda <__wrap___aeabi_ddiv>
10002d82:	000d      	movs	r5, r1
10002d84:	2180      	movs	r1, #128	@ 0x80
10002d86:	0004      	movs	r4, r0
10002d88:	0032      	movs	r2, r6
10002d8a:	003b      	movs	r3, r7
10002d8c:	2000      	movs	r0, #0
10002d8e:	05c9      	lsls	r1, r1, #23
10002d90:	f7ff f919 	bl	10001fc6 <__wrap___aeabi_dsub>
10002d94:	0002      	movs	r2, r0
10002d96:	000b      	movs	r3, r1
10002d98:	0020      	movs	r0, r4
10002d9a:	0029      	movs	r1, r5
10002d9c:	f7ff f918 	bl	10001fd0 <__wrap___aeabi_dadd>
10002da0:	0002      	movs	r2, r0
10002da2:	000b      	movs	r3, r1
10002da4:	980e      	ldr	r0, [sp, #56]	@ 0x38
10002da6:	990f      	ldr	r1, [sp, #60]	@ 0x3c
10002da8:	f7ff f917 	bl	10001fda <__wrap___aeabi_ddiv>
10002dac:	2200      	movs	r2, #0
10002dae:	4b73      	ldr	r3, [pc, #460]	@ (10002f7c <_etoa+0x530>)
10002db0:	f7ff f90e 	bl	10001fd0 <__wrap___aeabi_dadd>
10002db4:	4b7f      	ldr	r3, [pc, #508]	@ (10002fb4 <_etoa+0x568>)
10002db6:	9c0c      	ldr	r4, [sp, #48]	@ 0x30
10002db8:	469c      	mov	ip, r3
10002dba:	4464      	add	r4, ip
10002dbc:	2200      	movs	r2, #0
10002dbe:	0523      	lsls	r3, r4, #20
10002dc0:	f7ff f925 	bl	1000200e <__wrap___aeabi_dmul>
10002dc4:	0006      	movs	r6, r0
10002dc6:	000f      	movs	r7, r1
10002dc8:	0002      	movs	r2, r0
10002dca:	000b      	movs	r3, r1
10002dcc:	9808      	ldr	r0, [sp, #32]
10002dce:	9909      	ldr	r1, [sp, #36]	@ 0x24
10002dd0:	f7ff f95c 	bl	1000208c <__wrap___aeabi_dcmplt>
10002dd4:	2800      	cmp	r0, #0
10002dd6:	d00a      	beq.n	10002dee <_etoa+0x3a2>
10002dd8:	9b0a      	ldr	r3, [sp, #40]	@ 0x28
10002dda:	0030      	movs	r0, r6
10002ddc:	3b01      	subs	r3, #1
10002dde:	0039      	movs	r1, r7
10002de0:	930a      	str	r3, [sp, #40]	@ 0x28
10002de2:	2200      	movs	r2, #0
10002de4:	4b71      	ldr	r3, [pc, #452]	@ (10002fac <_etoa+0x560>)
10002de6:	f7ff f8f8 	bl	10001fda <__wrap___aeabi_ddiv>
10002dea:	0006      	movs	r6, r0
10002dec:	000f      	movs	r7, r1
10002dee:	9a0a      	ldr	r2, [sp, #40]	@ 0x28
10002df0:	0033      	movs	r3, r6
10002df2:	3263      	adds	r2, #99	@ 0x63
10002df4:	0039      	movs	r1, r7
10002df6:	2ac6      	cmp	r2, #198	@ 0xc6
10002df8:	d812      	bhi.n	10002e20 <_etoa+0x3d4>
10002dfa:	2202      	movs	r2, #2
10002dfc:	9826      	ldr	r0, [sp, #152]	@ 0x98
10002dfe:	2504      	movs	r5, #4
10002e00:	4010      	ands	r0, r2
10002e02:	9a0b      	ldr	r2, [sp, #44]	@ 0x2c
10002e04:	900c      	str	r0, [sp, #48]	@ 0x30
10002e06:	2a00      	cmp	r2, #0
10002e08:	d125      	bne.n	10002e56 <_etoa+0x40a>
10002e0a:	9b25      	ldr	r3, [sp, #148]	@ 0x94
10002e0c:	2b04      	cmp	r3, #4
10002e0e:	d905      	bls.n	10002e1c <_etoa+0x3d0>
10002e10:	2800      	cmp	r0, #0
10002e12:	d000      	beq.n	10002e16 <_etoa+0x3ca>
10002e14:	e0a1      	b.n	10002f5a <_etoa+0x50e>
10002e16:	9b25      	ldr	r3, [sp, #148]	@ 0x94
10002e18:	3b04      	subs	r3, #4
10002e1a:	930b      	str	r3, [sp, #44]	@ 0x2c
10002e1c:	2504      	movs	r5, #4
10002e1e:	e041      	b.n	10002ea4 <_etoa+0x458>
10002e20:	2202      	movs	r2, #2
10002e22:	9826      	ldr	r0, [sp, #152]	@ 0x98
10002e24:	4010      	ands	r0, r2
10002e26:	9a0b      	ldr	r2, [sp, #44]	@ 0x2c
10002e28:	900c      	str	r0, [sp, #48]	@ 0x30
10002e2a:	2a00      	cmp	r2, #0
10002e2c:	d112      	bne.n	10002e54 <_etoa+0x408>
10002e2e:	9b25      	ldr	r3, [sp, #148]	@ 0x94
10002e30:	2b05      	cmp	r3, #5
10002e32:	d976      	bls.n	10002f22 <_etoa+0x4d6>
10002e34:	2800      	cmp	r0, #0
10002e36:	d172      	bne.n	10002f1e <_etoa+0x4d2>
10002e38:	9b25      	ldr	r3, [sp, #148]	@ 0x94
10002e3a:	2505      	movs	r5, #5
10002e3c:	3b05      	subs	r3, #5
10002e3e:	930b      	str	r3, [sp, #44]	@ 0x2c
10002e40:	e034      	b.n	10002eac <_etoa+0x460>
10002e42:	2280      	movs	r2, #128	@ 0x80
10002e44:	0612      	lsls	r2, r2, #24
10002e46:	4694      	mov	ip, r2
10002e48:	9b22      	ldr	r3, [sp, #136]	@ 0x88
10002e4a:	9308      	str	r3, [sp, #32]
10002e4c:	9b23      	ldr	r3, [sp, #140]	@ 0x8c
10002e4e:	4463      	add	r3, ip
10002e50:	9309      	str	r3, [sp, #36]	@ 0x24
10002e52:	e630      	b.n	10002ab6 <_etoa+0x6a>
10002e54:	2505      	movs	r5, #5
10002e56:	430b      	orrs	r3, r1
10002e58:	d100      	bne.n	10002e5c <_etoa+0x410>
10002e5a:	e6f6      	b.n	10002c4a <_etoa+0x1fe>
10002e5c:	9808      	ldr	r0, [sp, #32]
10002e5e:	9909      	ldr	r1, [sp, #36]	@ 0x24
10002e60:	4a55      	ldr	r2, [pc, #340]	@ (10002fb8 <_etoa+0x56c>)
10002e62:	4b56      	ldr	r3, [pc, #344]	@ (10002fbc <_etoa+0x570>)
10002e64:	f7ff f920 	bl	100020a8 <__wrap___aeabi_dcmpge>
10002e68:	2800      	cmp	r0, #0
10002e6a:	d008      	beq.n	10002e7e <_etoa+0x432>
10002e6c:	9808      	ldr	r0, [sp, #32]
10002e6e:	9909      	ldr	r1, [sp, #36]	@ 0x24
10002e70:	2200      	movs	r2, #0
10002e72:	4b53      	ldr	r3, [pc, #332]	@ (10002fc0 <_etoa+0x574>)
10002e74:	f7ff f90a 	bl	1000208c <__wrap___aeabi_dcmplt>
10002e78:	2800      	cmp	r0, #0
10002e7a:	d000      	beq.n	10002e7e <_etoa+0x432>
10002e7c:	e6e5      	b.n	10002c4a <_etoa+0x1fe>
10002e7e:	9b24      	ldr	r3, [sp, #144]	@ 0x90
10002e80:	2b00      	cmp	r3, #0
10002e82:	d01c      	beq.n	10002ebe <_etoa+0x472>
10002e84:	9b0d      	ldr	r3, [sp, #52]	@ 0x34
10002e86:	2b00      	cmp	r3, #0
10002e88:	d019      	beq.n	10002ebe <_etoa+0x472>
10002e8a:	9b24      	ldr	r3, [sp, #144]	@ 0x90
10002e8c:	3b01      	subs	r3, #1
10002e8e:	9324      	str	r3, [sp, #144]	@ 0x90
10002e90:	9b25      	ldr	r3, [sp, #148]	@ 0x94
10002e92:	42ab      	cmp	r3, r5
10002e94:	d904      	bls.n	10002ea0 <_etoa+0x454>
10002e96:	9b0c      	ldr	r3, [sp, #48]	@ 0x30
10002e98:	2b00      	cmp	r3, #0
10002e9a:	d05a      	beq.n	10002f52 <_etoa+0x506>
10002e9c:	2302      	movs	r3, #2
10002e9e:	930c      	str	r3, [sp, #48]	@ 0x30
10002ea0:	2300      	movs	r3, #0
10002ea2:	930b      	str	r3, [sp, #44]	@ 0x2c
10002ea4:	9b0a      	ldr	r3, [sp, #40]	@ 0x28
10002ea6:	2b00      	cmp	r3, #0
10002ea8:	d100      	bne.n	10002eac <_etoa+0x460>
10002eaa:	e631      	b.n	10002b10 <_etoa+0xc4>
10002eac:	9808      	ldr	r0, [sp, #32]
10002eae:	9909      	ldr	r1, [sp, #36]	@ 0x24
10002eb0:	0032      	movs	r2, r6
10002eb2:	003b      	movs	r3, r7
10002eb4:	f7ff f891 	bl	10001fda <__wrap___aeabi_ddiv>
10002eb8:	9008      	str	r0, [sp, #32]
10002eba:	9109      	str	r1, [sp, #36]	@ 0x24
10002ebc:	e628      	b.n	10002b10 <_etoa+0xc4>
10002ebe:	9b25      	ldr	r3, [sp, #148]	@ 0x94
10002ec0:	42ab      	cmp	r3, r5
10002ec2:	d9ed      	bls.n	10002ea0 <_etoa+0x454>
10002ec4:	9b0c      	ldr	r3, [sp, #48]	@ 0x30
10002ec6:	2b00      	cmp	r3, #0
10002ec8:	d043      	beq.n	10002f52 <_etoa+0x506>
10002eca:	2300      	movs	r3, #0
10002ecc:	930b      	str	r3, [sp, #44]	@ 0x2c
10002ece:	3302      	adds	r3, #2
10002ed0:	930c      	str	r3, [sp, #48]	@ 0x30
10002ed2:	e7e7      	b.n	10002ea4 <_etoa+0x458>
10002ed4:	2080      	movs	r0, #128	@ 0x80
10002ed6:	9b26      	ldr	r3, [sp, #152]	@ 0x98
10002ed8:	4a3a      	ldr	r2, [pc, #232]	@ (10002fc4 <_etoa+0x578>)
10002eda:	0600      	lsls	r0, r0, #24
10002edc:	401a      	ands	r2, r3
10002ede:	2380      	movs	r3, #128	@ 0x80
10002ee0:	4684      	mov	ip, r0
10002ee2:	9402      	str	r4, [sp, #8]
10002ee4:	9c08      	ldr	r4, [sp, #32]
10002ee6:	9d09      	ldr	r5, [sp, #36]	@ 0x24
10002ee8:	0029      	movs	r1, r5
10002eea:	00db      	lsls	r3, r3, #3
10002eec:	4313      	orrs	r3, r2
10002eee:	9304      	str	r3, [sp, #16]
10002ef0:	9b25      	ldr	r3, [sp, #148]	@ 0x94
10002ef2:	4461      	add	r1, ip
10002ef4:	0022      	movs	r2, r4
10002ef6:	9303      	str	r3, [sp, #12]
10002ef8:	000b      	movs	r3, r1
10002efa:	9200      	str	r2, [sp, #0]
10002efc:	9301      	str	r3, [sp, #4]
10002efe:	e68e      	b.n	10002c1e <_etoa+0x1d2>
10002f00:	2405      	movs	r4, #5
10002f02:	e6a8      	b.n	10002c56 <_etoa+0x20a>
10002f04:	2300      	movs	r3, #0
10002f06:	930b      	str	r3, [sp, #44]	@ 0x2c
10002f08:	930a      	str	r3, [sp, #40]	@ 0x28
10002f0a:	3302      	adds	r3, #2
10002f0c:	2504      	movs	r5, #4
10002f0e:	930c      	str	r3, [sp, #48]	@ 0x30
10002f10:	e5fe      	b.n	10002b10 <_etoa+0xc4>
10002f12:	4653      	mov	r3, sl
10002f14:	468c      	mov	ip, r1
10002f16:	3b01      	subs	r3, #1
10002f18:	4463      	add	r3, ip
10002f1a:	1a1b      	subs	r3, r3, r0
10002f1c:	e672      	b.n	10002c04 <_etoa+0x1b8>
10002f1e:	2302      	movs	r3, #2
10002f20:	930c      	str	r3, [sp, #48]	@ 0x30
10002f22:	2505      	movs	r5, #5
10002f24:	e7c2      	b.n	10002eac <_etoa+0x460>
10002f26:	2304      	movs	r3, #4
10002f28:	e5ed      	b.n	10002b06 <_etoa+0xba>
10002f2a:	2080      	movs	r0, #128	@ 0x80
10002f2c:	9e08      	ldr	r6, [sp, #32]
10002f2e:	9f09      	ldr	r7, [sp, #36]	@ 0x24
10002f30:	0600      	lsls	r0, r0, #24
10002f32:	0039      	movs	r1, r7
10002f34:	4684      	mov	ip, r0
10002f36:	9a26      	ldr	r2, [sp, #152]	@ 0x98
10002f38:	4b22      	ldr	r3, [pc, #136]	@ (10002fc4 <_etoa+0x578>)
10002f3a:	4461      	add	r1, ip
10002f3c:	4013      	ands	r3, r2
10002f3e:	9304      	str	r3, [sp, #16]
10002f40:	9b0b      	ldr	r3, [sp, #44]	@ 0x2c
10002f42:	0032      	movs	r2, r6
10002f44:	9303      	str	r3, [sp, #12]
10002f46:	9b24      	ldr	r3, [sp, #144]	@ 0x90
10002f48:	9302      	str	r3, [sp, #8]
10002f4a:	000b      	movs	r3, r1
10002f4c:	9200      	str	r2, [sp, #0]
10002f4e:	9301      	str	r3, [sp, #4]
10002f50:	e5f3      	b.n	10002b3a <_etoa+0xee>
10002f52:	9b25      	ldr	r3, [sp, #148]	@ 0x94
10002f54:	1b5b      	subs	r3, r3, r5
10002f56:	930b      	str	r3, [sp, #44]	@ 0x2c
10002f58:	e7a4      	b.n	10002ea4 <_etoa+0x458>
10002f5a:	2302      	movs	r3, #2
10002f5c:	2504      	movs	r5, #4
10002f5e:	930c      	str	r3, [sp, #48]	@ 0x30
10002f60:	e7a0      	b.n	10002ea4 <_etoa+0x458>
10002f62:	1a9c      	subs	r4, r3, r2
10002f64:	3c01      	subs	r4, #1
10002f66:	e676      	b.n	10002c56 <_etoa+0x20a>
10002f68:	fffffc01 	.word	0xfffffc01
10002f6c:	509f79fb 	.word	0x509f79fb
10002f70:	3fd34413 	.word	0x3fd34413
10002f74:	8b60c8b3 	.word	0x8b60c8b3
10002f78:	3fc68a28 	.word	0x3fc68a28
10002f7c:	3ff00000 	.word	0x3ff00000
10002f80:	3ff80000 	.word	0x3ff80000
10002f84:	636f4361 	.word	0x636f4361
10002f88:	3fd287a7 	.word	0x3fd287a7
10002f8c:	0979a371 	.word	0x0979a371
10002f90:	400a934f 	.word	0x400a934f
10002f94:	3fe00000 	.word	0x3fe00000
10002f98:	bbb55516 	.word	0xbbb55516
10002f9c:	40026bb1 	.word	0x40026bb1
10002fa0:	fefa39ef 	.word	0xfefa39ef
10002fa4:	3fe62e42 	.word	0x3fe62e42
10002fa8:	402c0000 	.word	0x402c0000
10002fac:	40240000 	.word	0x40240000
10002fb0:	40180000 	.word	0x40180000
10002fb4:	000003ff 	.word	0x000003ff
10002fb8:	eb1c432d 	.word	0xeb1c432d
10002fbc:	3f1a36e2 	.word	0x3f1a36e2
10002fc0:	412e8480 	.word	0x412e8480
10002fc4:	fffff7ff 	.word	0xfffff7ff

10002fc8 <_vsnprintf>:
10002fc8:	b5f0      	push	{r4, r5, r6, r7, lr}
10002fca:	46de      	mov	lr, fp
10002fcc:	4657      	mov	r7, sl
10002fce:	464e      	mov	r6, r9
10002fd0:	4645      	mov	r5, r8
10002fd2:	b5e0      	push	{r5, r6, r7, lr}
10002fd4:	b0a5      	sub	sp, #148	@ 0x94
10002fd6:	001e      	movs	r6, r3
10002fd8:	9b2e      	ldr	r3, [sp, #184]	@ 0xb8
10002fda:	4692      	mov	sl, r2
10002fdc:	930c      	str	r3, [sp, #48]	@ 0x30
10002fde:	4acd      	ldr	r2, [pc, #820]	@ (10003314 <_vsnprintf+0x34c>)
10002fe0:	4bcd      	ldr	r3, [pc, #820]	@ (10003318 <_vsnprintf+0x350>)
10002fe2:	4680      	mov	r8, r0
10002fe4:	468b      	mov	fp, r1
10002fe6:	601a      	str	r2, [r3, #0]
10002fe8:	2900      	cmp	r1, #0
10002fea:	d100      	bne.n	10002fee <_vsnprintf+0x26>
10002fec:	e1ea      	b.n	100033c4 <_vsnprintf+0x3fc>
10002fee:	2300      	movs	r3, #0
10002ff0:	7830      	ldrb	r0, [r6, #0]
10002ff2:	4699      	mov	r9, r3
10002ff4:	2800      	cmp	r0, #0
10002ff6:	d100      	bne.n	10002ffa <_vsnprintf+0x32>
10002ff8:	e1ec      	b.n	100033d4 <_vsnprintf+0x40c>
10002ffa:	4bc8      	ldr	r3, [pc, #800]	@ (1000331c <_vsnprintf+0x354>)
10002ffc:	464c      	mov	r4, r9
10002ffe:	930b      	str	r3, [sp, #44]	@ 0x2c
10003000:	4bc7      	ldr	r3, [pc, #796]	@ (10003320 <_vsnprintf+0x358>)
10003002:	4645      	mov	r5, r8
10003004:	4657      	mov	r7, sl
10003006:	930e      	str	r3, [sp, #56]	@ 0x38
10003008:	e00a      	b.n	10003020 <_vsnprintf+0x58>
1000300a:	1c63      	adds	r3, r4, #1
1000300c:	4698      	mov	r8, r3
1000300e:	0022      	movs	r2, r4
10003010:	003b      	movs	r3, r7
10003012:	4659      	mov	r1, fp
10003014:	47a8      	blx	r5
10003016:	4644      	mov	r4, r8
10003018:	7830      	ldrb	r0, [r6, #0]
1000301a:	2800      	cmp	r0, #0
1000301c:	d100      	bne.n	10003020 <_vsnprintf+0x58>
1000301e:	e087      	b.n	10003130 <_vsnprintf+0x168>
10003020:	3601      	adds	r6, #1
10003022:	2825      	cmp	r0, #37	@ 0x25
10003024:	d1f1      	bne.n	1000300a <_vsnprintf+0x42>
10003026:	2308      	movs	r3, #8
10003028:	469a      	mov	sl, r3
1000302a:	3b04      	subs	r3, #4
1000302c:	4699      	mov	r9, r3
1000302e:	3b02      	subs	r3, #2
10003030:	4698      	mov	r8, r3
10003032:	3b01      	subs	r3, #1
10003034:	2200      	movs	r2, #0
10003036:	469c      	mov	ip, r3
10003038:	940d      	str	r4, [sp, #52]	@ 0x34
1000303a:	7830      	ldrb	r0, [r6, #0]
1000303c:	1c71      	adds	r1, r6, #1
1000303e:	0003      	movs	r3, r0
10003040:	3b20      	subs	r3, #32
10003042:	b2db      	uxtb	r3, r3
10003044:	2b10      	cmp	r3, #16
10003046:	d803      	bhi.n	10003050 <_vsnprintf+0x88>
10003048:	9c0b      	ldr	r4, [sp, #44]	@ 0x2c
1000304a:	009b      	lsls	r3, r3, #2
1000304c:	58e3      	ldr	r3, [r4, r3]
1000304e:	469f      	mov	pc, r3
10003050:	0003      	movs	r3, r0
10003052:	3b30      	subs	r3, #48	@ 0x30
10003054:	4689      	mov	r9, r1
10003056:	9c0d      	ldr	r4, [sp, #52]	@ 0x34
10003058:	2b09      	cmp	r3, #9
1000305a:	d93a      	bls.n	100030d2 <_vsnprintf+0x10a>
1000305c:	2300      	movs	r3, #0
1000305e:	4698      	mov	r8, r3
10003060:	282a      	cmp	r0, #42	@ 0x2a
10003062:	d100      	bne.n	10003066 <_vsnprintf+0x9e>
10003064:	e0c1      	b.n	100031ea <_vsnprintf+0x222>
10003066:	2300      	movs	r3, #0
10003068:	469a      	mov	sl, r3
1000306a:	282e      	cmp	r0, #46	@ 0x2e
1000306c:	d04b      	beq.n	10003106 <_vsnprintf+0x13e>
1000306e:	0003      	movs	r3, r0
10003070:	3b68      	subs	r3, #104	@ 0x68
10003072:	b2db      	uxtb	r3, r3
10003074:	2b12      	cmp	r3, #18
10003076:	d81e      	bhi.n	100030b6 <_vsnprintf+0xee>
10003078:	990e      	ldr	r1, [sp, #56]	@ 0x38
1000307a:	009b      	lsls	r3, r3, #2
1000307c:	58cb      	ldr	r3, [r1, r3]
1000307e:	469f      	mov	pc, r3
10003080:	4663      	mov	r3, ip
10003082:	000e      	movs	r6, r1
10003084:	431a      	orrs	r2, r3
10003086:	e7d8      	b.n	1000303a <_vsnprintf+0x72>
10003088:	4643      	mov	r3, r8
1000308a:	000e      	movs	r6, r1
1000308c:	431a      	orrs	r2, r3
1000308e:	e7d4      	b.n	1000303a <_vsnprintf+0x72>
10003090:	464b      	mov	r3, r9
10003092:	000e      	movs	r6, r1
10003094:	431a      	orrs	r2, r3
10003096:	e7d0      	b.n	1000303a <_vsnprintf+0x72>
10003098:	2310      	movs	r3, #16
1000309a:	000e      	movs	r6, r1
1000309c:	431a      	orrs	r2, r3
1000309e:	e7cc      	b.n	1000303a <_vsnprintf+0x72>
100030a0:	4653      	mov	r3, sl
100030a2:	000e      	movs	r6, r1
100030a4:	431a      	orrs	r2, r3
100030a6:	e7c8      	b.n	1000303a <_vsnprintf+0x72>
100030a8:	2380      	movs	r3, #128	@ 0x80
100030aa:	005b      	lsls	r3, r3, #1
100030ac:	431a      	orrs	r2, r3
100030ae:	3bff      	subs	r3, #255	@ 0xff
100030b0:	469c      	mov	ip, r3
100030b2:	7870      	ldrb	r0, [r6, #1]
100030b4:	44e1      	add	r9, ip
100030b6:	464e      	mov	r6, r9
100030b8:	2867      	cmp	r0, #103	@ 0x67
100030ba:	d84f      	bhi.n	1000315c <_vsnprintf+0x194>
100030bc:	2824      	cmp	r0, #36	@ 0x24
100030be:	d9a4      	bls.n	1000300a <_vsnprintf+0x42>
100030c0:	0003      	movs	r3, r0
100030c2:	3b25      	subs	r3, #37	@ 0x25
100030c4:	b2db      	uxtb	r3, r3
100030c6:	2b42      	cmp	r3, #66	@ 0x42
100030c8:	d89f      	bhi.n	1000300a <_vsnprintf+0x42>
100030ca:	4996      	ldr	r1, [pc, #600]	@ (10003324 <_vsnprintf+0x35c>)
100030cc:	009b      	lsls	r3, r3, #2
100030ce:	58cb      	ldr	r3, [r1, r3]
100030d0:	469f      	mov	pc, r3
100030d2:	2300      	movs	r3, #0
100030d4:	4694      	mov	ip, r2
100030d6:	001e      	movs	r6, r3
100030d8:	e000      	b.n	100030dc <_vsnprintf+0x114>
100030da:	3101      	adds	r1, #1
100030dc:	00b3      	lsls	r3, r6, #2
100030de:	199b      	adds	r3, r3, r6
100030e0:	005b      	lsls	r3, r3, #1
100030e2:	181e      	adds	r6, r3, r0
100030e4:	7808      	ldrb	r0, [r1, #0]
100030e6:	3e30      	subs	r6, #48	@ 0x30
100030e8:	0003      	movs	r3, r0
100030ea:	3b30      	subs	r3, #48	@ 0x30
100030ec:	2b09      	cmp	r3, #9
100030ee:	d9f4      	bls.n	100030da <_vsnprintf+0x112>
100030f0:	2301      	movs	r3, #1
100030f2:	4662      	mov	r2, ip
100030f4:	4689      	mov	r9, r1
100030f6:	469c      	mov	ip, r3
100030f8:	2300      	movs	r3, #0
100030fa:	46b0      	mov	r8, r6
100030fc:	469a      	mov	sl, r3
100030fe:	000e      	movs	r6, r1
10003100:	44e1      	add	r9, ip
10003102:	282e      	cmp	r0, #46	@ 0x2e
10003104:	d1b3      	bne.n	1000306e <_vsnprintf+0xa6>
10003106:	2130      	movs	r1, #48	@ 0x30
10003108:	2080      	movs	r0, #128	@ 0x80
1000310a:	4249      	negs	r1, r1
1000310c:	468c      	mov	ip, r1
1000310e:	00c0      	lsls	r0, r0, #3
10003110:	4302      	orrs	r2, r0
10003112:	7870      	ldrb	r0, [r6, #1]
10003114:	464b      	mov	r3, r9
10003116:	4484      	add	ip, r0
10003118:	4661      	mov	r1, ip
1000311a:	2909      	cmp	r1, #9
1000311c:	d800      	bhi.n	10003120 <_vsnprintf+0x158>
1000311e:	e16c      	b.n	100033fa <_vsnprintf+0x432>
10003120:	282a      	cmp	r0, #42	@ 0x2a
10003122:	d100      	bne.n	10003126 <_vsnprintf+0x15e>
10003124:	e17a      	b.n	1000341c <_vsnprintf+0x454>
10003126:	2301      	movs	r3, #1
10003128:	469c      	mov	ip, r3
1000312a:	464e      	mov	r6, r9
1000312c:	44e1      	add	r9, ip
1000312e:	e79e      	b.n	1000306e <_vsnprintf+0xa6>
10003130:	46a1      	mov	r9, r4
10003132:	46a8      	mov	r8, r5
10003134:	46ba      	mov	sl, r7
10003136:	45ca      	cmp	sl, r9
10003138:	d803      	bhi.n	10003142 <_vsnprintf+0x17a>
1000313a:	2301      	movs	r3, #1
1000313c:	425b      	negs	r3, r3
1000313e:	4453      	add	r3, sl
10003140:	4699      	mov	r9, r3
10003142:	4653      	mov	r3, sl
10003144:	464a      	mov	r2, r9
10003146:	4659      	mov	r1, fp
10003148:	2000      	movs	r0, #0
1000314a:	47c0      	blx	r8
1000314c:	0020      	movs	r0, r4
1000314e:	b025      	add	sp, #148	@ 0x94
10003150:	bcf0      	pop	{r4, r5, r6, r7}
10003152:	46bb      	mov	fp, r7
10003154:	46b2      	mov	sl, r6
10003156:	46a9      	mov	r9, r5
10003158:	46a0      	mov	r8, r4
1000315a:	bdf0      	pop	{r4, r5, r6, r7, pc}
1000315c:	0003      	movs	r3, r0
1000315e:	3b69      	subs	r3, #105	@ 0x69
10003160:	b2db      	uxtb	r3, r3
10003162:	930d      	str	r3, [sp, #52]	@ 0x34
10003164:	2b0f      	cmp	r3, #15
10003166:	d900      	bls.n	1000316a <_vsnprintf+0x1a2>
10003168:	e74f      	b.n	1000300a <_vsnprintf+0x42>
1000316a:	2101      	movs	r1, #1
1000316c:	4099      	lsls	r1, r3
1000316e:	468c      	mov	ip, r1
10003170:	496d      	ldr	r1, [pc, #436]	@ (10003328 <_vsnprintf+0x360>)
10003172:	4689      	mov	r9, r1
10003174:	4661      	mov	r1, ip
10003176:	464b      	mov	r3, r9
10003178:	4019      	ands	r1, r3
1000317a:	910f      	str	r1, [sp, #60]	@ 0x3c
1000317c:	4663      	mov	r3, ip
1000317e:	4649      	mov	r1, r9
10003180:	420b      	tst	r3, r1
10003182:	d000      	beq.n	10003186 <_vsnprintf+0x1be>
10003184:	e128      	b.n	100033d8 <_vsnprintf+0x410>
10003186:	9b0d      	ldr	r3, [sp, #52]	@ 0x34
10003188:	2b0a      	cmp	r3, #10
1000318a:	d03a      	beq.n	10003202 <_vsnprintf+0x23a>
1000318c:	2b07      	cmp	r3, #7
1000318e:	d000      	beq.n	10003192 <_vsnprintf+0x1ca>
10003190:	e73b      	b.n	1000300a <_vsnprintf+0x42>
10003192:	9b0c      	ldr	r3, [sp, #48]	@ 0x30
10003194:	0019      	movs	r1, r3
10003196:	c908      	ldmia	r1!, {r3}
10003198:	4688      	mov	r8, r1
1000319a:	2b00      	cmp	r3, #0
1000319c:	d100      	bne.n	100031a0 <_vsnprintf+0x1d8>
1000319e:	e14b      	b.n	10003438 <_vsnprintf+0x470>
100031a0:	2021      	movs	r0, #33	@ 0x21
100031a2:	4302      	orrs	r2, r0
100031a4:	4691      	mov	r9, r2
100031a6:	a914      	add	r1, sp, #80	@ 0x50
100031a8:	468c      	mov	ip, r1
100031aa:	221f      	movs	r2, #31
100031ac:	210f      	movs	r1, #15
100031ae:	4462      	add	r2, ip
100031b0:	468c      	mov	ip, r1
100031b2:	4651      	mov	r1, sl
100031b4:	950d      	str	r5, [sp, #52]	@ 0x34
100031b6:	910c      	str	r1, [sp, #48]	@ 0x30
100031b8:	46a2      	mov	sl, r4
100031ba:	0015      	movs	r5, r2
100031bc:	990f      	ldr	r1, [sp, #60]	@ 0x3c
100031be:	e002      	b.n	100031c6 <_vsnprintf+0x1fe>
100031c0:	2920      	cmp	r1, #32
100031c2:	d00c      	beq.n	100031de <_vsnprintf+0x216>
100031c4:	0013      	movs	r3, r2
100031c6:	4664      	mov	r4, ip
100031c8:	401c      	ands	r4, r3
100031ca:	0020      	movs	r0, r4
100031cc:	3037      	adds	r0, #55	@ 0x37
100031ce:	2c09      	cmp	r4, #9
100031d0:	d800      	bhi.n	100031d4 <_vsnprintf+0x20c>
100031d2:	3807      	subs	r0, #7
100031d4:	3101      	adds	r1, #1
100031d6:	5468      	strb	r0, [r5, r1]
100031d8:	091a      	lsrs	r2, r3, #4
100031da:	2b0f      	cmp	r3, #15
100031dc:	d8f0      	bhi.n	100031c0 <_vsnprintf+0x1f8>
100031de:	9b0c      	ldr	r3, [sp, #48]	@ 0x30
100031e0:	4654      	mov	r4, sl
100031e2:	9d0d      	ldr	r5, [sp, #52]	@ 0x34
100031e4:	469a      	mov	sl, r3
100031e6:	910f      	str	r1, [sp, #60]	@ 0x3c
100031e8:	e133      	b.n	10003452 <_vsnprintf+0x48a>
100031ea:	9b0c      	ldr	r3, [sp, #48]	@ 0x30
100031ec:	cb02      	ldmia	r3!, {r1}
100031ee:	4688      	mov	r8, r1
100031f0:	2900      	cmp	r1, #0
100031f2:	db47      	blt.n	10003284 <_vsnprintf+0x2bc>
100031f4:	930c      	str	r3, [sp, #48]	@ 0x30
100031f6:	2301      	movs	r3, #1
100031f8:	469c      	mov	ip, r3
100031fa:	7870      	ldrb	r0, [r6, #1]
100031fc:	464e      	mov	r6, r9
100031fe:	44e1      	add	r9, ip
10003200:	e731      	b.n	10003066 <_vsnprintf+0x9e>
10003202:	9b0c      	ldr	r3, [sp, #48]	@ 0x30
10003204:	cb02      	ldmia	r3!, {r1}
10003206:	9314      	str	r3, [sp, #80]	@ 0x50
10003208:	4653      	mov	r3, sl
1000320a:	2b00      	cmp	r3, #0
1000320c:	d100      	bne.n	10003210 <_vsnprintf+0x248>
1000320e:	e138      	b.n	10003482 <_vsnprintf+0x4ba>
10003210:	469c      	mov	ip, r3
10003212:	7808      	ldrb	r0, [r1, #0]
10003214:	000b      	movs	r3, r1
10003216:	900c      	str	r0, [sp, #48]	@ 0x30
10003218:	448c      	add	ip, r1
1000321a:	2800      	cmp	r0, #0
1000321c:	d101      	bne.n	10003222 <_vsnprintf+0x25a>
1000321e:	f000 fc98 	bl	10003b52 <_vsnprintf+0xb8a>
10003222:	4689      	mov	r9, r1
10003224:	4661      	mov	r1, ip
10003226:	4694      	mov	ip, r2
10003228:	e003      	b.n	10003232 <_vsnprintf+0x26a>
1000322a:	785a      	ldrb	r2, [r3, #1]
1000322c:	3301      	adds	r3, #1
1000322e:	2a00      	cmp	r2, #0
10003230:	d001      	beq.n	10003236 <_vsnprintf+0x26e>
10003232:	428b      	cmp	r3, r1
10003234:	d1f9      	bne.n	1000322a <_vsnprintf+0x262>
10003236:	4649      	mov	r1, r9
10003238:	4662      	mov	r2, ip
1000323a:	1a5b      	subs	r3, r3, r1
1000323c:	900c      	str	r0, [sp, #48]	@ 0x30
1000323e:	930f      	str	r3, [sp, #60]	@ 0x3c
10003240:	0553      	lsls	r3, r2, #21
10003242:	d500      	bpl.n	10003246 <_vsnprintf+0x27e>
10003244:	e120      	b.n	10003488 <_vsnprintf+0x4c0>
10003246:	2302      	movs	r3, #2
10003248:	0018      	movs	r0, r3
1000324a:	4010      	ands	r0, r2
1000324c:	900d      	str	r0, [sp, #52]	@ 0x34
1000324e:	4213      	tst	r3, r2
10003250:	d100      	bne.n	10003254 <_vsnprintf+0x28c>
10003252:	e3cb      	b.n	100039ec <_vsnprintf+0xa24>
10003254:	930d      	str	r3, [sp, #52]	@ 0x34
10003256:	1b0b      	subs	r3, r1, r4
10003258:	46b1      	mov	r9, r6
1000325a:	469a      	mov	sl, r3
1000325c:	465e      	mov	r6, fp
1000325e:	980c      	ldr	r0, [sp, #48]	@ 0x30
10003260:	0022      	movs	r2, r4
10003262:	003b      	movs	r3, r7
10003264:	0031      	movs	r1, r6
10003266:	47a8      	blx	r5
10003268:	4653      	mov	r3, sl
1000326a:	3401      	adds	r4, #1
1000326c:	5d18      	ldrb	r0, [r3, r4]
1000326e:	2800      	cmp	r0, #0
10003270:	d1f6      	bne.n	10003260 <_vsnprintf+0x298>
10003272:	46b3      	mov	fp, r6
10003274:	464e      	mov	r6, r9
10003276:	9b0d      	ldr	r3, [sp, #52]	@ 0x34
10003278:	2b00      	cmp	r3, #0
1000327a:	d000      	beq.n	1000327e <_vsnprintf+0x2b6>
1000327c:	e1c7      	b.n	1000360e <_vsnprintf+0x646>
1000327e:	9b14      	ldr	r3, [sp, #80]	@ 0x50
10003280:	930c      	str	r3, [sp, #48]	@ 0x30
10003282:	e6c9      	b.n	10003018 <_vsnprintf+0x50>
10003284:	930c      	str	r3, [sp, #48]	@ 0x30
10003286:	2301      	movs	r3, #1
10003288:	469c      	mov	ip, r3
1000328a:	3828      	subs	r0, #40	@ 0x28
1000328c:	4249      	negs	r1, r1
1000328e:	4302      	orrs	r2, r0
10003290:	4688      	mov	r8, r1
10003292:	7870      	ldrb	r0, [r6, #1]
10003294:	464e      	mov	r6, r9
10003296:	44e1      	add	r9, ip
10003298:	e6e5      	b.n	10003066 <_vsnprintf+0x9e>
1000329a:	7870      	ldrb	r0, [r6, #1]
1000329c:	286c      	cmp	r0, #108	@ 0x6c
1000329e:	d100      	bne.n	100032a2 <_vsnprintf+0x2da>
100032a0:	e17f      	b.n	100035a2 <_vsnprintf+0x5da>
100032a2:	2380      	movs	r3, #128	@ 0x80
100032a4:	005b      	lsls	r3, r3, #1
100032a6:	431a      	orrs	r2, r3
100032a8:	3bff      	subs	r3, #255	@ 0xff
100032aa:	469c      	mov	ip, r3
100032ac:	44e1      	add	r9, ip
100032ae:	e702      	b.n	100030b6 <_vsnprintf+0xee>
100032b0:	2380      	movs	r3, #128	@ 0x80
100032b2:	009b      	lsls	r3, r3, #2
100032b4:	431a      	orrs	r2, r3
100032b6:	2301      	movs	r3, #1
100032b8:	469c      	mov	ip, r3
100032ba:	7870      	ldrb	r0, [r6, #1]
100032bc:	44e1      	add	r9, ip
100032be:	e6fa      	b.n	100030b6 <_vsnprintf+0xee>
100032c0:	7870      	ldrb	r0, [r6, #1]
100032c2:	2868      	cmp	r0, #104	@ 0x68
100032c4:	d100      	bne.n	100032c8 <_vsnprintf+0x300>
100032c6:	e173      	b.n	100035b0 <_vsnprintf+0x5e8>
100032c8:	2380      	movs	r3, #128	@ 0x80
100032ca:	431a      	orrs	r2, r3
100032cc:	3b7f      	subs	r3, #127	@ 0x7f
100032ce:	469c      	mov	ip, r3
100032d0:	44e1      	add	r9, ip
100032d2:	e6f0      	b.n	100030b6 <_vsnprintf+0xee>
100032d4:	2867      	cmp	r0, #103	@ 0x67
100032d6:	d100      	bne.n	100032da <_vsnprintf+0x312>
100032d8:	e103      	b.n	100034e2 <_vsnprintf+0x51a>
100032da:	2847      	cmp	r0, #71	@ 0x47
100032dc:	d100      	bne.n	100032e0 <_vsnprintf+0x318>
100032de:	e15a      	b.n	10003596 <_vsnprintf+0x5ce>
100032e0:	2845      	cmp	r0, #69	@ 0x45
100032e2:	d100      	bne.n	100032e6 <_vsnprintf+0x31e>
100032e4:	e15a      	b.n	1000359c <_vsnprintf+0x5d4>
100032e6:	9204      	str	r2, [sp, #16]
100032e8:	2107      	movs	r1, #7
100032ea:	4642      	mov	r2, r8
100032ec:	9b0c      	ldr	r3, [sp, #48]	@ 0x30
100032ee:	9203      	str	r2, [sp, #12]
100032f0:	3307      	adds	r3, #7
100032f2:	4652      	mov	r2, sl
100032f4:	438b      	bics	r3, r1
100032f6:	0019      	movs	r1, r3
100032f8:	9202      	str	r2, [sp, #8]
100032fa:	c90c      	ldmia	r1!, {r2, r3}
100032fc:	0028      	movs	r0, r5
100032fe:	9200      	str	r2, [sp, #0]
10003300:	9301      	str	r3, [sp, #4]
10003302:	910c      	str	r1, [sp, #48]	@ 0x30
10003304:	0022      	movs	r2, r4
10003306:	003b      	movs	r3, r7
10003308:	4659      	mov	r1, fp
1000330a:	f7ff fb9f 	bl	10002a4c <_etoa>
1000330e:	0004      	movs	r4, r0
10003310:	e682      	b.n	10003018 <_vsnprintf+0x50>
10003312:	46c0      	nop			@ (mov r8, r8)
10003314:	10002fc9 	.word	0x10002fc9
10003318:	200012ec 	.word	0x200012ec
1000331c:	1000835c 	.word	0x1000835c
10003320:	100083a0 	.word	0x100083a0
10003324:	100083ec 	.word	0x100083ec
10003328:	00009041 	.word	0x00009041
1000332c:	2846      	cmp	r0, #70	@ 0x46
1000332e:	d100      	bne.n	10003332 <_vsnprintf+0x36a>
10003330:	e0db      	b.n	100034ea <_vsnprintf+0x522>
10003332:	9204      	str	r2, [sp, #16]
10003334:	2107      	movs	r1, #7
10003336:	4642      	mov	r2, r8
10003338:	9b0c      	ldr	r3, [sp, #48]	@ 0x30
1000333a:	9203      	str	r2, [sp, #12]
1000333c:	3307      	adds	r3, #7
1000333e:	4652      	mov	r2, sl
10003340:	438b      	bics	r3, r1
10003342:	0019      	movs	r1, r3
10003344:	9202      	str	r2, [sp, #8]
10003346:	c90c      	ldmia	r1!, {r2, r3}
10003348:	0028      	movs	r0, r5
1000334a:	9200      	str	r2, [sp, #0]
1000334c:	9301      	str	r3, [sp, #4]
1000334e:	910c      	str	r1, [sp, #48]	@ 0x30
10003350:	0022      	movs	r2, r4
10003352:	003b      	movs	r3, r7
10003354:	4659      	mov	r1, fp
10003356:	f7ff f925 	bl	100025a4 <_ftoa>
1000335a:	0004      	movs	r4, r0
1000335c:	e65c      	b.n	10003018 <_vsnprintf+0x50>
1000335e:	1c63      	adds	r3, r4, #1
10003360:	4698      	mov	r8, r3
10003362:	0022      	movs	r2, r4
10003364:	003b      	movs	r3, r7
10003366:	4659      	mov	r1, fp
10003368:	2025      	movs	r0, #37	@ 0x25
1000336a:	47a8      	blx	r5
1000336c:	4644      	mov	r4, r8
1000336e:	e653      	b.n	10003018 <_vsnprintf+0x50>
10003370:	9b0c      	ldr	r3, [sp, #48]	@ 0x30
10003372:	3304      	adds	r3, #4
10003374:	930d      	str	r3, [sp, #52]	@ 0x34
10003376:	1c63      	adds	r3, r4, #1
10003378:	4699      	mov	r9, r3
1000337a:	0792      	lsls	r2, r2, #30
1000337c:	d400      	bmi.n	10003380 <_vsnprintf+0x3b8>
1000337e:	e122      	b.n	100035c6 <_vsnprintf+0x5fe>
10003380:	9b0c      	ldr	r3, [sp, #48]	@ 0x30
10003382:	0022      	movs	r2, r4
10003384:	7818      	ldrb	r0, [r3, #0]
10003386:	4659      	mov	r1, fp
10003388:	003b      	movs	r3, r7
1000338a:	47a8      	blx	r5
1000338c:	4643      	mov	r3, r8
1000338e:	4444      	add	r4, r8
10003390:	2b01      	cmp	r3, #1
10003392:	d800      	bhi.n	10003396 <_vsnprintf+0x3ce>
10003394:	e285      	b.n	100038a2 <_vsnprintf+0x8da>
10003396:	0033      	movs	r3, r6
10003398:	46b8      	mov	r8, r7
1000339a:	002e      	movs	r6, r5
1000339c:	465f      	mov	r7, fp
1000339e:	0025      	movs	r5, r4
100033a0:	464c      	mov	r4, r9
100033a2:	4699      	mov	r9, r3
100033a4:	0022      	movs	r2, r4
100033a6:	4643      	mov	r3, r8
100033a8:	3401      	adds	r4, #1
100033aa:	0039      	movs	r1, r7
100033ac:	2020      	movs	r0, #32
100033ae:	47b0      	blx	r6
100033b0:	42ac      	cmp	r4, r5
100033b2:	d1f7      	bne.n	100033a4 <_vsnprintf+0x3dc>
100033b4:	002c      	movs	r4, r5
100033b6:	46bb      	mov	fp, r7
100033b8:	0035      	movs	r5, r6
100033ba:	4647      	mov	r7, r8
100033bc:	464e      	mov	r6, r9
100033be:	9b0d      	ldr	r3, [sp, #52]	@ 0x34
100033c0:	930c      	str	r3, [sp, #48]	@ 0x30
100033c2:	e629      	b.n	10003018 <_vsnprintf+0x50>
100033c4:	4bdb      	ldr	r3, [pc, #876]	@ (10003734 <_vsnprintf+0x76c>)
100033c6:	7830      	ldrb	r0, [r6, #0]
100033c8:	4698      	mov	r8, r3
100033ca:	2300      	movs	r3, #0
100033cc:	4699      	mov	r9, r3
100033ce:	2800      	cmp	r0, #0
100033d0:	d000      	beq.n	100033d4 <_vsnprintf+0x40c>
100033d2:	e612      	b.n	10002ffa <_vsnprintf+0x32>
100033d4:	2400      	movs	r4, #0
100033d6:	e6ae      	b.n	10003136 <_vsnprintf+0x16e>
100033d8:	286f      	cmp	r0, #111	@ 0x6f
100033da:	d100      	bne.n	100033de <_vsnprintf+0x416>
100033dc:	e088      	b.n	100034f0 <_vsnprintf+0x528>
100033de:	d800      	bhi.n	100033e2 <_vsnprintf+0x41a>
100033e0:	e30b      	b.n	100039fa <_vsnprintf+0xa32>
100033e2:	2310      	movs	r3, #16
100033e4:	2878      	cmp	r0, #120	@ 0x78
100033e6:	d100      	bne.n	100033ea <_vsnprintf+0x422>
100033e8:	e0cf      	b.n	1000358a <_vsnprintf+0x5c2>
100033ea:	439a      	bics	r2, r3
100033ec:	230a      	movs	r3, #10
100033ee:	469c      	mov	ip, r3
100033f0:	2300      	movs	r3, #0
100033f2:	930f      	str	r3, [sp, #60]	@ 0x3c
100033f4:	330a      	adds	r3, #10
100033f6:	930d      	str	r3, [sp, #52]	@ 0x34
100033f8:	e080      	b.n	100034fc <_vsnprintf+0x534>
100033fa:	4656      	mov	r6, sl
100033fc:	00b1      	lsls	r1, r6, #2
100033fe:	1989      	adds	r1, r1, r6
10003400:	0049      	lsls	r1, r1, #1
10003402:	3301      	adds	r3, #1
10003404:	180e      	adds	r6, r1, r0
10003406:	7818      	ldrb	r0, [r3, #0]
10003408:	3e30      	subs	r6, #48	@ 0x30
1000340a:	0001      	movs	r1, r0
1000340c:	3930      	subs	r1, #48	@ 0x30
1000340e:	2909      	cmp	r1, #9
10003410:	d9f4      	bls.n	100033fc <_vsnprintf+0x434>
10003412:	46b2      	mov	sl, r6
10003414:	001e      	movs	r6, r3
10003416:	3301      	adds	r3, #1
10003418:	4699      	mov	r9, r3
1000341a:	e628      	b.n	1000306e <_vsnprintf+0xa6>
1000341c:	9b0c      	ldr	r3, [sp, #48]	@ 0x30
1000341e:	3602      	adds	r6, #2
10003420:	cb02      	ldmia	r3!, {r1}
10003422:	468a      	mov	sl, r1
10003424:	43c9      	mvns	r1, r1
10003426:	4650      	mov	r0, sl
10003428:	17c9      	asrs	r1, r1, #31
1000342a:	4008      	ands	r0, r1
1000342c:	4682      	mov	sl, r0
1000342e:	930c      	str	r3, [sp, #48]	@ 0x30
10003430:	7830      	ldrb	r0, [r6, #0]
10003432:	1c73      	adds	r3, r6, #1
10003434:	4699      	mov	r9, r3
10003436:	e61a      	b.n	1000306e <_vsnprintf+0xa6>
10003438:	2310      	movs	r3, #16
1000343a:	0010      	movs	r0, r2
1000343c:	4398      	bics	r0, r3
1000343e:	3311      	adds	r3, #17
10003440:	4318      	orrs	r0, r3
10003442:	4681      	mov	r9, r0
10003444:	2080      	movs	r0, #128	@ 0x80
10003446:	0013      	movs	r3, r2
10003448:	00c0      	lsls	r0, r0, #3
1000344a:	4003      	ands	r3, r0
1000344c:	4202      	tst	r2, r0
1000344e:	d100      	bne.n	10003452 <_vsnprintf+0x48a>
10003450:	e6a9      	b.n	100031a6 <_vsnprintf+0x1de>
10003452:	464b      	mov	r3, r9
10003454:	9306      	str	r3, [sp, #24]
10003456:	2308      	movs	r3, #8
10003458:	9305      	str	r3, [sp, #20]
1000345a:	4653      	mov	r3, sl
1000345c:	9304      	str	r3, [sp, #16]
1000345e:	2310      	movs	r3, #16
10003460:	9303      	str	r3, [sp, #12]
10003462:	2300      	movs	r3, #0
10003464:	9302      	str	r3, [sp, #8]
10003466:	9b0f      	ldr	r3, [sp, #60]	@ 0x3c
10003468:	0022      	movs	r2, r4
1000346a:	9301      	str	r3, [sp, #4]
1000346c:	ab1c      	add	r3, sp, #112	@ 0x70
1000346e:	9300      	str	r3, [sp, #0]
10003470:	4659      	mov	r1, fp
10003472:	003b      	movs	r3, r7
10003474:	0028      	movs	r0, r5
10003476:	f7fe ff9f 	bl	100023b8 <_ntoa_format>
1000347a:	4643      	mov	r3, r8
1000347c:	0004      	movs	r4, r0
1000347e:	930c      	str	r3, [sp, #48]	@ 0x30
10003480:	e5ca      	b.n	10003018 <_vsnprintf+0x50>
10003482:	2301      	movs	r3, #1
10003484:	425b      	negs	r3, r3
10003486:	e6c3      	b.n	10003210 <_vsnprintf+0x248>
10003488:	9b0f      	ldr	r3, [sp, #60]	@ 0x3c
1000348a:	4553      	cmp	r3, sl
1000348c:	d901      	bls.n	10003492 <_vsnprintf+0x4ca>
1000348e:	4653      	mov	r3, sl
10003490:	930f      	str	r3, [sp, #60]	@ 0x3c
10003492:	2302      	movs	r3, #2
10003494:	0018      	movs	r0, r3
10003496:	4010      	ands	r0, r2
10003498:	900d      	str	r0, [sp, #52]	@ 0x34
1000349a:	4213      	tst	r3, r2
1000349c:	d100      	bne.n	100034a0 <_vsnprintf+0x4d8>
1000349e:	e1b7      	b.n	10003810 <_vsnprintf+0x848>
100034a0:	930d      	str	r3, [sp, #52]	@ 0x34
100034a2:	46d1      	mov	r9, sl
100034a4:	1b0b      	subs	r3, r1, r4
100034a6:	469a      	mov	sl, r3
100034a8:	0033      	movs	r3, r6
100034aa:	44a1      	add	r9, r4
100034ac:	002e      	movs	r6, r5
100034ae:	0022      	movs	r2, r4
100034b0:	464d      	mov	r5, r9
100034b2:	980c      	ldr	r0, [sp, #48]	@ 0x30
100034b4:	46b9      	mov	r9, r7
100034b6:	465f      	mov	r7, fp
100034b8:	469b      	mov	fp, r3
100034ba:	e008      	b.n	100034ce <_vsnprintf+0x506>
100034bc:	464b      	mov	r3, r9
100034be:	0039      	movs	r1, r7
100034c0:	1c54      	adds	r4, r2, #1
100034c2:	47b0      	blx	r6
100034c4:	4653      	mov	r3, sl
100034c6:	5d18      	ldrb	r0, [r3, r4]
100034c8:	2800      	cmp	r0, #0
100034ca:	d077      	beq.n	100035bc <_vsnprintf+0x5f4>
100034cc:	0022      	movs	r2, r4
100034ce:	4295      	cmp	r5, r2
100034d0:	d1f4      	bne.n	100034bc <_vsnprintf+0x4f4>
100034d2:	465b      	mov	r3, fp
100034d4:	46bb      	mov	fp, r7
100034d6:	464f      	mov	r7, r9
100034d8:	46a9      	mov	r9, r5
100034da:	0035      	movs	r5, r6
100034dc:	464c      	mov	r4, r9
100034de:	001e      	movs	r6, r3
100034e0:	e6c9      	b.n	10003276 <_vsnprintf+0x2ae>
100034e2:	2380      	movs	r3, #128	@ 0x80
100034e4:	011b      	lsls	r3, r3, #4
100034e6:	431a      	orrs	r2, r3
100034e8:	e6fd      	b.n	100032e6 <_vsnprintf+0x31e>
100034ea:	2320      	movs	r3, #32
100034ec:	431a      	orrs	r2, r3
100034ee:	e720      	b.n	10003332 <_vsnprintf+0x36a>
100034f0:	2308      	movs	r3, #8
100034f2:	469c      	mov	ip, r3
100034f4:	2300      	movs	r3, #0
100034f6:	930f      	str	r3, [sp, #60]	@ 0x3c
100034f8:	3308      	adds	r3, #8
100034fa:	930d      	str	r3, [sp, #52]	@ 0x34
100034fc:	2380      	movs	r3, #128	@ 0x80
100034fe:	0011      	movs	r1, r2
10003500:	00db      	lsls	r3, r3, #3
10003502:	4019      	ands	r1, r3
10003504:	421a      	tst	r2, r3
10003506:	d100      	bne.n	1000350a <_vsnprintf+0x542>
10003508:	e116      	b.n	10003738 <_vsnprintf+0x770>
1000350a:	230d      	movs	r3, #13
1000350c:	439a      	bics	r2, r3
1000350e:	0010      	movs	r0, r2
10003510:	2380      	movs	r3, #128	@ 0x80
10003512:	0002      	movs	r2, r0
10003514:	009b      	lsls	r3, r3, #2
10003516:	401a      	ands	r2, r3
10003518:	9214      	str	r2, [sp, #80]	@ 0x50
1000351a:	4218      	tst	r0, r3
1000351c:	d000      	beq.n	10003520 <_vsnprintf+0x558>
1000351e:	e1c2      	b.n	100038a6 <_vsnprintf+0x8de>
10003520:	2380      	movs	r3, #128	@ 0x80
10003522:	0002      	movs	r2, r0
10003524:	005b      	lsls	r3, r3, #1
10003526:	401a      	ands	r2, r3
10003528:	4691      	mov	r9, r2
1000352a:	9a0c      	ldr	r2, [sp, #48]	@ 0x30
1000352c:	3204      	adds	r2, #4
1000352e:	920f      	str	r2, [sp, #60]	@ 0x3c
10003530:	4218      	tst	r0, r3
10003532:	d000      	beq.n	10003536 <_vsnprintf+0x56e>
10003534:	e2b7      	b.n	10003aa6 <_vsnprintf+0xade>
10003536:	0643      	lsls	r3, r0, #25
10003538:	d500      	bpl.n	1000353c <_vsnprintf+0x574>
1000353a:	e19f      	b.n	1000387c <_vsnprintf+0x8b4>
1000353c:	0603      	lsls	r3, r0, #24
1000353e:	d400      	bmi.n	10003542 <_vsnprintf+0x57a>
10003540:	e319      	b.n	10003b76 <_vsnprintf+0xbae>
10003542:	9b0c      	ldr	r3, [sp, #48]	@ 0x30
10003544:	881b      	ldrh	r3, [r3, #0]
10003546:	9309      	str	r3, [sp, #36]	@ 0x24
10003548:	2b00      	cmp	r3, #0
1000354a:	d000      	beq.n	1000354e <_vsnprintf+0x586>
1000354c:	e1fc      	b.n	10003948 <_vsnprintf+0x980>
1000354e:	3310      	adds	r3, #16
10003550:	4398      	bics	r0, r3
10003552:	2900      	cmp	r1, #0
10003554:	d100      	bne.n	10003558 <_vsnprintf+0x590>
10003556:	e1f7      	b.n	10003948 <_vsnprintf+0x980>
10003558:	2300      	movs	r3, #0
1000355a:	4699      	mov	r9, r3
1000355c:	4643      	mov	r3, r8
1000355e:	9305      	str	r3, [sp, #20]
10003560:	4653      	mov	r3, sl
10003562:	9304      	str	r3, [sp, #16]
10003564:	9b0d      	ldr	r3, [sp, #52]	@ 0x34
10003566:	9006      	str	r0, [sp, #24]
10003568:	9303      	str	r3, [sp, #12]
1000356a:	2300      	movs	r3, #0
1000356c:	e0d2      	b.n	10003714 <_vsnprintf+0x74c>
1000356e:	2858      	cmp	r0, #88	@ 0x58
10003570:	d008      	beq.n	10003584 <_vsnprintf+0x5bc>
10003572:	2862      	cmp	r0, #98	@ 0x62
10003574:	d167      	bne.n	10003646 <_vsnprintf+0x67e>
10003576:	2302      	movs	r3, #2
10003578:	469c      	mov	ip, r3
1000357a:	2300      	movs	r3, #0
1000357c:	930f      	str	r3, [sp, #60]	@ 0x3c
1000357e:	3302      	adds	r3, #2
10003580:	930d      	str	r3, [sp, #52]	@ 0x34
10003582:	e7bb      	b.n	100034fc <_vsnprintf+0x534>
10003584:	2320      	movs	r3, #32
10003586:	431a      	orrs	r2, r3
10003588:	3b10      	subs	r3, #16
1000358a:	469c      	mov	ip, r3
1000358c:	2300      	movs	r3, #0
1000358e:	930f      	str	r3, [sp, #60]	@ 0x3c
10003590:	3310      	adds	r3, #16
10003592:	930d      	str	r3, [sp, #52]	@ 0x34
10003594:	e7b2      	b.n	100034fc <_vsnprintf+0x534>
10003596:	2380      	movs	r3, #128	@ 0x80
10003598:	011b      	lsls	r3, r3, #4
1000359a:	431a      	orrs	r2, r3
1000359c:	2320      	movs	r3, #32
1000359e:	431a      	orrs	r2, r3
100035a0:	e6a1      	b.n	100032e6 <_vsnprintf+0x31e>
100035a2:	23c0      	movs	r3, #192	@ 0xc0
100035a4:	009b      	lsls	r3, r3, #2
100035a6:	431a      	orrs	r2, r3
100035a8:	1cf3      	adds	r3, r6, #3
100035aa:	4699      	mov	r9, r3
100035ac:	78b0      	ldrb	r0, [r6, #2]
100035ae:	e582      	b.n	100030b6 <_vsnprintf+0xee>
100035b0:	23c0      	movs	r3, #192	@ 0xc0
100035b2:	431a      	orrs	r2, r3
100035b4:	1cf3      	adds	r3, r6, #3
100035b6:	4699      	mov	r9, r3
100035b8:	78b0      	ldrb	r0, [r6, #2]
100035ba:	e57c      	b.n	100030b6 <_vsnprintf+0xee>
100035bc:	0035      	movs	r5, r6
100035be:	465e      	mov	r6, fp
100035c0:	46bb      	mov	fp, r7
100035c2:	464f      	mov	r7, r9
100035c4:	e657      	b.n	10003276 <_vsnprintf+0x2ae>
100035c6:	4643      	mov	r3, r8
100035c8:	2b01      	cmp	r3, #1
100035ca:	d800      	bhi.n	100035ce <_vsnprintf+0x606>
100035cc:	e163      	b.n	10003896 <_vsnprintf+0x8ce>
100035ce:	1e63      	subs	r3, r4, #1
100035d0:	4443      	add	r3, r8
100035d2:	469a      	mov	sl, r3
100035d4:	0033      	movs	r3, r6
100035d6:	46b9      	mov	r9, r7
100035d8:	002e      	movs	r6, r5
100035da:	465f      	mov	r7, fp
100035dc:	4655      	mov	r5, sl
100035de:	469b      	mov	fp, r3
100035e0:	46a2      	mov	sl, r4
100035e2:	0022      	movs	r2, r4
100035e4:	464b      	mov	r3, r9
100035e6:	3401      	adds	r4, #1
100035e8:	0039      	movs	r1, r7
100035ea:	2020      	movs	r0, #32
100035ec:	47b0      	blx	r6
100035ee:	42ac      	cmp	r4, r5
100035f0:	d1f7      	bne.n	100035e2 <_vsnprintf+0x61a>
100035f2:	0035      	movs	r5, r6
100035f4:	465e      	mov	r6, fp
100035f6:	46bb      	mov	fp, r7
100035f8:	464f      	mov	r7, r9
100035fa:	46a1      	mov	r9, r4
100035fc:	4654      	mov	r4, sl
100035fe:	9b0c      	ldr	r3, [sp, #48]	@ 0x30
10003600:	464a      	mov	r2, r9
10003602:	7818      	ldrb	r0, [r3, #0]
10003604:	4659      	mov	r1, fp
10003606:	003b      	movs	r3, r7
10003608:	4444      	add	r4, r8
1000360a:	47a8      	blx	r5
1000360c:	e6d7      	b.n	100033be <_vsnprintf+0x3f6>
1000360e:	46a1      	mov	r9, r4
10003610:	9b0f      	ldr	r3, [sp, #60]	@ 0x3c
10003612:	4598      	cmp	r8, r3
10003614:	d800      	bhi.n	10003618 <_vsnprintf+0x650>
10003616:	e632      	b.n	1000327e <_vsnprintf+0x2b6>
10003618:	4444      	add	r4, r8
1000361a:	1ae4      	subs	r4, r4, r3
1000361c:	0033      	movs	r3, r6
1000361e:	46b8      	mov	r8, r7
10003620:	002e      	movs	r6, r5
10003622:	465f      	mov	r7, fp
10003624:	0025      	movs	r5, r4
10003626:	464c      	mov	r4, r9
10003628:	4699      	mov	r9, r3
1000362a:	0022      	movs	r2, r4
1000362c:	4643      	mov	r3, r8
1000362e:	3401      	adds	r4, #1
10003630:	0039      	movs	r1, r7
10003632:	2020      	movs	r0, #32
10003634:	47b0      	blx	r6
10003636:	42ac      	cmp	r4, r5
10003638:	d1f7      	bne.n	1000362a <_vsnprintf+0x662>
1000363a:	002c      	movs	r4, r5
1000363c:	46bb      	mov	fp, r7
1000363e:	0035      	movs	r5, r6
10003640:	4647      	mov	r7, r8
10003642:	464e      	mov	r6, r9
10003644:	e61b      	b.n	1000327e <_vsnprintf+0x2b6>
10003646:	2380      	movs	r3, #128	@ 0x80
10003648:	0010      	movs	r0, r2
1000364a:	00db      	lsls	r3, r3, #3
1000364c:	4018      	ands	r0, r3
1000364e:	421a      	tst	r2, r3
10003650:	d100      	bne.n	10003654 <_vsnprintf+0x68c>
10003652:	e10f      	b.n	10003874 <_vsnprintf+0x8ac>
10003654:	2111      	movs	r1, #17
10003656:	0018      	movs	r0, r3
10003658:	438a      	bics	r2, r1
1000365a:	920d      	str	r2, [sp, #52]	@ 0x34
1000365c:	9a0d      	ldr	r2, [sp, #52]	@ 0x34
1000365e:	2380      	movs	r3, #128	@ 0x80
10003660:	0011      	movs	r1, r2
10003662:	009b      	lsls	r3, r3, #2
10003664:	4019      	ands	r1, r3
10003666:	468c      	mov	ip, r1
10003668:	421a      	tst	r2, r3
1000366a:	d169      	bne.n	10003740 <_vsnprintf+0x778>
1000366c:	2380      	movs	r3, #128	@ 0x80
1000366e:	0011      	movs	r1, r2
10003670:	005b      	lsls	r3, r3, #1
10003672:	4019      	ands	r1, r3
10003674:	4689      	mov	r9, r1
10003676:	990c      	ldr	r1, [sp, #48]	@ 0x30
10003678:	3104      	adds	r1, #4
1000367a:	910f      	str	r1, [sp, #60]	@ 0x3c
1000367c:	421a      	tst	r2, r3
1000367e:	d000      	beq.n	10003682 <_vsnprintf+0x6ba>
10003680:	e1ca      	b.n	10003a18 <_vsnprintf+0xa50>
10003682:	0013      	movs	r3, r2
10003684:	065b      	lsls	r3, r3, #25
10003686:	d500      	bpl.n	1000368a <_vsnprintf+0x6c2>
10003688:	e0f0      	b.n	1000386c <_vsnprintf+0x8a4>
1000368a:	0013      	movs	r3, r2
1000368c:	061b      	lsls	r3, r3, #24
1000368e:	d400      	bmi.n	10003692 <_vsnprintf+0x6ca>
10003690:	e259      	b.n	10003b46 <_vsnprintf+0xb7e>
10003692:	9b0c      	ldr	r3, [sp, #48]	@ 0x30
10003694:	2200      	movs	r2, #0
10003696:	5e9b      	ldrsh	r3, [r3, r2]
10003698:	17d9      	asrs	r1, r3, #31
1000369a:	185a      	adds	r2, r3, r1
1000369c:	404a      	eors	r2, r1
1000369e:	b292      	uxth	r2, r2
100036a0:	0fd9      	lsrs	r1, r3, #31
100036a2:	910c      	str	r1, [sp, #48]	@ 0x30
100036a4:	2b00      	cmp	r3, #0
100036a6:	d100      	bne.n	100036aa <_vsnprintf+0x6e2>
100036a8:	e1f9      	b.n	10003a9e <_vsnprintf+0xad6>
100036aa:	0010      	movs	r0, r2
100036ac:	aa14      	add	r2, sp, #80	@ 0x50
100036ae:	4694      	mov	ip, r2
100036b0:	4642      	mov	r2, r8
100036b2:	231f      	movs	r3, #31
100036b4:	9214      	str	r2, [sp, #80]	@ 0x50
100036b6:	4652      	mov	r2, sl
100036b8:	4463      	add	r3, ip
100036ba:	46a8      	mov	r8, r5
100036bc:	9416      	str	r4, [sp, #88]	@ 0x58
100036be:	464d      	mov	r5, r9
100036c0:	0004      	movs	r4, r0
100036c2:	46b9      	mov	r9, r7
100036c4:	46b2      	mov	sl, r6
100036c6:	001f      	movs	r7, r3
100036c8:	9215      	str	r2, [sp, #84]	@ 0x54
100036ca:	e001      	b.n	100036d0 <_vsnprintf+0x708>
100036cc:	2d20      	cmp	r5, #32
100036ce:	d00f      	beq.n	100036f0 <_vsnprintf+0x728>
100036d0:	0020      	movs	r0, r4
100036d2:	210a      	movs	r1, #10
100036d4:	f7fe fa3c 	bl	10001b50 <__wrap___aeabi_uidiv>
100036d8:	3501      	adds	r5, #1
100036da:	197e      	adds	r6, r7, r5
100036dc:	3130      	adds	r1, #48	@ 0x30
100036de:	7031      	strb	r1, [r6, #0]
100036e0:	0020      	movs	r0, r4
100036e2:	210a      	movs	r1, #10
100036e4:	f7fe fa34 	bl	10001b50 <__wrap___aeabi_uidiv>
100036e8:	0026      	movs	r6, r4
100036ea:	0004      	movs	r4, r0
100036ec:	2e09      	cmp	r6, #9
100036ee:	d8ed      	bhi.n	100036cc <_vsnprintf+0x704>
100036f0:	9b14      	ldr	r3, [sp, #80]	@ 0x50
100036f2:	464f      	mov	r7, r9
100036f4:	46a9      	mov	r9, r5
100036f6:	4645      	mov	r5, r8
100036f8:	4698      	mov	r8, r3
100036fa:	9b15      	ldr	r3, [sp, #84]	@ 0x54
100036fc:	4656      	mov	r6, sl
100036fe:	469a      	mov	sl, r3
10003700:	9c16      	ldr	r4, [sp, #88]	@ 0x58
10003702:	9b0d      	ldr	r3, [sp, #52]	@ 0x34
10003704:	9306      	str	r3, [sp, #24]
10003706:	4643      	mov	r3, r8
10003708:	9305      	str	r3, [sp, #20]
1000370a:	4653      	mov	r3, sl
1000370c:	9304      	str	r3, [sp, #16]
1000370e:	230a      	movs	r3, #10
10003710:	9303      	str	r3, [sp, #12]
10003712:	9b0c      	ldr	r3, [sp, #48]	@ 0x30
10003714:	9302      	str	r3, [sp, #8]
10003716:	464b      	mov	r3, r9
10003718:	9301      	str	r3, [sp, #4]
1000371a:	ab1c      	add	r3, sp, #112	@ 0x70
1000371c:	0022      	movs	r2, r4
1000371e:	9300      	str	r3, [sp, #0]
10003720:	4659      	mov	r1, fp
10003722:	003b      	movs	r3, r7
10003724:	0028      	movs	r0, r5
10003726:	f7fe fe47 	bl	100023b8 <_ntoa_format>
1000372a:	9b0f      	ldr	r3, [sp, #60]	@ 0x3c
1000372c:	0004      	movs	r4, r0
1000372e:	930c      	str	r3, [sp, #48]	@ 0x30
10003730:	e472      	b.n	10003018 <_vsnprintf+0x50>
10003732:	46c0      	nop			@ (mov r8, r8)
10003734:	10002309 	.word	0x10002309
10003738:	230c      	movs	r3, #12
1000373a:	439a      	bics	r2, r3
1000373c:	0010      	movs	r0, r2
1000373e:	e6e7      	b.n	10003510 <_vsnprintf+0x548>
10003740:	2207      	movs	r2, #7
10003742:	9b0c      	ldr	r3, [sp, #48]	@ 0x30
10003744:	3307      	adds	r3, #7
10003746:	4393      	bics	r3, r2
10003748:	3201      	adds	r2, #1
1000374a:	4694      	mov	ip, r2
1000374c:	449c      	add	ip, r3
1000374e:	4662      	mov	r2, ip
10003750:	920c      	str	r2, [sp, #48]	@ 0x30
10003752:	cb0c      	ldmia	r3, {r2, r3}
10003754:	0fd9      	lsrs	r1, r3, #31
10003756:	910f      	str	r1, [sp, #60]	@ 0x3c
10003758:	0011      	movs	r1, r2
1000375a:	4319      	orrs	r1, r3
1000375c:	d100      	bne.n	10003760 <_vsnprintf+0x798>
1000375e:	e091      	b.n	10003884 <_vsnprintf+0x8bc>
10003760:	17d9      	asrs	r1, r3, #31
10003762:	9113      	str	r1, [sp, #76]	@ 0x4c
10003764:	9112      	str	r1, [sp, #72]	@ 0x48
10003766:	4051      	eors	r1, r2
10003768:	9110      	str	r1, [sp, #64]	@ 0x40
1000376a:	9913      	ldr	r1, [sp, #76]	@ 0x4c
1000376c:	4059      	eors	r1, r3
1000376e:	9111      	str	r1, [sp, #68]	@ 0x44
10003770:	9810      	ldr	r0, [sp, #64]	@ 0x40
10003772:	9911      	ldr	r1, [sp, #68]	@ 0x44
10003774:	9a12      	ldr	r2, [sp, #72]	@ 0x48
10003776:	9b13      	ldr	r3, [sp, #76]	@ 0x4c
10003778:	1a80      	subs	r0, r0, r2
1000377a:	4199      	sbcs	r1, r3
1000377c:	9010      	str	r0, [sp, #64]	@ 0x40
1000377e:	9111      	str	r1, [sp, #68]	@ 0x44
10003780:	aa14      	add	r2, sp, #80	@ 0x50
10003782:	2300      	movs	r3, #0
10003784:	4694      	mov	ip, r2
10003786:	4642      	mov	r2, r8
10003788:	4699      	mov	r9, r3
1000378a:	9214      	str	r2, [sp, #80]	@ 0x50
1000378c:	4652      	mov	r2, sl
1000378e:	331f      	adds	r3, #31
10003790:	4463      	add	r3, ip
10003792:	46a8      	mov	r8, r5
10003794:	46b2      	mov	sl, r6
10003796:	9416      	str	r4, [sp, #88]	@ 0x58
10003798:	464e      	mov	r6, r9
1000379a:	9c10      	ldr	r4, [sp, #64]	@ 0x40
1000379c:	9d11      	ldr	r5, [sp, #68]	@ 0x44
1000379e:	46b9      	mov	r9, r7
100037a0:	9215      	str	r2, [sp, #84]	@ 0x54
100037a2:	001f      	movs	r7, r3
100037a4:	e001      	b.n	100037aa <_vsnprintf+0x7e2>
100037a6:	2e20      	cmp	r6, #32
100037a8:	d010      	beq.n	100037cc <_vsnprintf+0x804>
100037aa:	0020      	movs	r0, r4
100037ac:	0029      	movs	r1, r5
100037ae:	220a      	movs	r2, #10
100037b0:	2300      	movs	r3, #0
100037b2:	f7fe fa0b 	bl	10001bcc <__wrap___aeabi_uldivmod>
100037b6:	3601      	adds	r6, #1
100037b8:	3230      	adds	r2, #48	@ 0x30
100037ba:	002b      	movs	r3, r5
100037bc:	55ba      	strb	r2, [r7, r6]
100037be:	000d      	movs	r5, r1
100037c0:	0022      	movs	r2, r4
100037c2:	0004      	movs	r4, r0
100037c4:	2b00      	cmp	r3, #0
100037c6:	d1ee      	bne.n	100037a6 <_vsnprintf+0x7de>
100037c8:	2a09      	cmp	r2, #9
100037ca:	d8ec      	bhi.n	100037a6 <_vsnprintf+0x7de>
100037cc:	9b14      	ldr	r3, [sp, #80]	@ 0x50
100037ce:	9410      	str	r4, [sp, #64]	@ 0x40
100037d0:	9511      	str	r5, [sp, #68]	@ 0x44
100037d2:	4645      	mov	r5, r8
100037d4:	4698      	mov	r8, r3
100037d6:	9b15      	ldr	r3, [sp, #84]	@ 0x54
100037d8:	464f      	mov	r7, r9
100037da:	46b1      	mov	r9, r6
100037dc:	4656      	mov	r6, sl
100037de:	469a      	mov	sl, r3
100037e0:	9c16      	ldr	r4, [sp, #88]	@ 0x58
100037e2:	9b0d      	ldr	r3, [sp, #52]	@ 0x34
100037e4:	9306      	str	r3, [sp, #24]
100037e6:	4643      	mov	r3, r8
100037e8:	9305      	str	r3, [sp, #20]
100037ea:	4653      	mov	r3, sl
100037ec:	9304      	str	r3, [sp, #16]
100037ee:	230a      	movs	r3, #10
100037f0:	9303      	str	r3, [sp, #12]
100037f2:	9b0f      	ldr	r3, [sp, #60]	@ 0x3c
100037f4:	9302      	str	r3, [sp, #8]
100037f6:	464b      	mov	r3, r9
100037f8:	9301      	str	r3, [sp, #4]
100037fa:	ab1c      	add	r3, sp, #112	@ 0x70
100037fc:	0022      	movs	r2, r4
100037fe:	9300      	str	r3, [sp, #0]
10003800:	4659      	mov	r1, fp
10003802:	003b      	movs	r3, r7
10003804:	0028      	movs	r0, r5
10003806:	f7fe fdd7 	bl	100023b8 <_ntoa_format>
1000380a:	0004      	movs	r4, r0
1000380c:	f7ff fc04 	bl	10003018 <_vsnprintf+0x50>
10003810:	9b0f      	ldr	r3, [sp, #60]	@ 0x3c
10003812:	4598      	cmp	r8, r3
10003814:	d800      	bhi.n	10003818 <_vsnprintf+0x850>
10003816:	e1c1      	b.n	10003b9c <_vsnprintf+0xbd4>
10003818:	2380      	movs	r3, #128	@ 0x80
1000381a:	00db      	lsls	r3, r3, #3
1000381c:	930d      	str	r3, [sp, #52]	@ 0x34
1000381e:	4643      	mov	r3, r8
10003820:	9a0f      	ldr	r2, [sp, #60]	@ 0x3c
10003822:	191b      	adds	r3, r3, r4
10003824:	1a9b      	subs	r3, r3, r2
10003826:	4699      	mov	r9, r3
10003828:	0033      	movs	r3, r6
1000382a:	002e      	movs	r6, r5
1000382c:	464d      	mov	r5, r9
1000382e:	46b9      	mov	r9, r7
10003830:	465f      	mov	r7, fp
10003832:	469b      	mov	fp, r3
10003834:	910c      	str	r1, [sp, #48]	@ 0x30
10003836:	0022      	movs	r2, r4
10003838:	464b      	mov	r3, r9
1000383a:	3401      	adds	r4, #1
1000383c:	0039      	movs	r1, r7
1000383e:	2020      	movs	r0, #32
10003840:	47b0      	blx	r6
10003842:	42ac      	cmp	r4, r5
10003844:	d1f7      	bne.n	10003836 <_vsnprintf+0x86e>
10003846:	4643      	mov	r3, r8
10003848:	990c      	ldr	r1, [sp, #48]	@ 0x30
1000384a:	3301      	adds	r3, #1
1000384c:	930f      	str	r3, [sp, #60]	@ 0x3c
1000384e:	780b      	ldrb	r3, [r1, #0]
10003850:	0035      	movs	r5, r6
10003852:	930c      	str	r3, [sp, #48]	@ 0x30
10003854:	465e      	mov	r6, fp
10003856:	46bb      	mov	fp, r7
10003858:	464f      	mov	r7, r9
1000385a:	2b00      	cmp	r3, #0
1000385c:	d100      	bne.n	10003860 <_vsnprintf+0x898>
1000385e:	e50e      	b.n	1000327e <_vsnprintf+0x2b6>
10003860:	9b0d      	ldr	r3, [sp, #52]	@ 0x34
10003862:	2b00      	cmp	r3, #0
10003864:	d100      	bne.n	10003868 <_vsnprintf+0x8a0>
10003866:	e4f6      	b.n	10003256 <_vsnprintf+0x28e>
10003868:	2300      	movs	r3, #0
1000386a:	e619      	b.n	100034a0 <_vsnprintf+0x4d8>
1000386c:	9b0c      	ldr	r3, [sp, #48]	@ 0x30
1000386e:	781b      	ldrb	r3, [r3, #0]
10003870:	001a      	movs	r2, r3
10003872:	e715      	b.n	100036a0 <_vsnprintf+0x6d8>
10003874:	2310      	movs	r3, #16
10003876:	439a      	bics	r2, r3
10003878:	920d      	str	r2, [sp, #52]	@ 0x34
1000387a:	e6ef      	b.n	1000365c <_vsnprintf+0x694>
1000387c:	9b0c      	ldr	r3, [sp, #48]	@ 0x30
1000387e:	781b      	ldrb	r3, [r3, #0]
10003880:	9309      	str	r3, [sp, #36]	@ 0x24
10003882:	e661      	b.n	10003548 <_vsnprintf+0x580>
10003884:	2300      	movs	r3, #0
10003886:	4699      	mov	r9, r3
10003888:	2800      	cmp	r0, #0
1000388a:	d1aa      	bne.n	100037e2 <_vsnprintf+0x81a>
1000388c:	2200      	movs	r2, #0
1000388e:	2300      	movs	r3, #0
10003890:	9210      	str	r2, [sp, #64]	@ 0x40
10003892:	9311      	str	r3, [sp, #68]	@ 0x44
10003894:	e774      	b.n	10003780 <_vsnprintf+0x7b8>
10003896:	9b0c      	ldr	r3, [sp, #48]	@ 0x30
10003898:	0022      	movs	r2, r4
1000389a:	7818      	ldrb	r0, [r3, #0]
1000389c:	4659      	mov	r1, fp
1000389e:	003b      	movs	r3, r7
100038a0:	47a8      	blx	r5
100038a2:	464c      	mov	r4, r9
100038a4:	e58b      	b.n	100033be <_vsnprintf+0x3f6>
100038a6:	9a0c      	ldr	r2, [sp, #48]	@ 0x30
100038a8:	3bfa      	subs	r3, #250	@ 0xfa
100038aa:	3bff      	subs	r3, #255	@ 0xff
100038ac:	3207      	adds	r2, #7
100038ae:	439a      	bics	r2, r3
100038b0:	3301      	adds	r3, #1
100038b2:	4699      	mov	r9, r3
100038b4:	4491      	add	r9, r2
100038b6:	464b      	mov	r3, r9
100038b8:	930c      	str	r3, [sp, #48]	@ 0x30
100038ba:	6813      	ldr	r3, [r2, #0]
100038bc:	6852      	ldr	r2, [r2, #4]
100038be:	9215      	str	r2, [sp, #84]	@ 0x54
100038c0:	431a      	orrs	r2, r3
100038c2:	d106      	bne.n	100038d2 <_vsnprintf+0x90a>
100038c4:	3210      	adds	r2, #16
100038c6:	4390      	bics	r0, r2
100038c8:	2200      	movs	r2, #0
100038ca:	9209      	str	r2, [sp, #36]	@ 0x24
100038cc:	2900      	cmp	r1, #0
100038ce:	d000      	beq.n	100038d2 <_vsnprintf+0x90a>
100038d0:	e081      	b.n	100039d6 <_vsnprintf+0xa0e>
100038d2:	2261      	movs	r2, #97	@ 0x61
100038d4:	0681      	lsls	r1, r0, #26
100038d6:	d500      	bpl.n	100038da <_vsnprintf+0x912>
100038d8:	2241      	movs	r2, #65	@ 0x41
100038da:	b2d2      	uxtb	r2, r2
100038dc:	920a      	str	r2, [sp, #40]	@ 0x28
100038de:	aa14      	add	r2, sp, #80	@ 0x50
100038e0:	4691      	mov	r9, r2
100038e2:	9a0a      	ldr	r2, [sp, #40]	@ 0x28
100038e4:	2100      	movs	r1, #0
100038e6:	3a0a      	subs	r2, #10
100038e8:	9214      	str	r2, [sp, #80]	@ 0x50
100038ea:	4642      	mov	r2, r8
100038ec:	9217      	str	r2, [sp, #92]	@ 0x5c
100038ee:	4652      	mov	r2, sl
100038f0:	9218      	str	r2, [sp, #96]	@ 0x60
100038f2:	465a      	mov	r2, fp
100038f4:	9109      	str	r1, [sp, #36]	@ 0x24
100038f6:	46b3      	mov	fp, r6
100038f8:	311f      	adds	r1, #31
100038fa:	001e      	movs	r6, r3
100038fc:	9b0f      	ldr	r3, [sp, #60]	@ 0x3c
100038fe:	4449      	add	r1, r9
10003900:	46ba      	mov	sl, r7
10003902:	9419      	str	r4, [sp, #100]	@ 0x64
10003904:	951a      	str	r5, [sp, #104]	@ 0x68
10003906:	2400      	movs	r4, #0
10003908:	4667      	mov	r7, ip
1000390a:	4698      	mov	r8, r3
1000390c:	4689      	mov	r9, r1
1000390e:	9d15      	ldr	r5, [sp, #84]	@ 0x54
10003910:	9016      	str	r0, [sp, #88]	@ 0x58
10003912:	921b      	str	r2, [sp, #108]	@ 0x6c
10003914:	e00a      	b.n	1000392c <_vsnprintf+0x964>
10003916:	3230      	adds	r2, #48	@ 0x30
10003918:	b2d2      	uxtb	r2, r2
1000391a:	464b      	mov	r3, r9
1000391c:	3401      	adds	r4, #1
1000391e:	551a      	strb	r2, [r3, r4]
10003920:	45a8      	cmp	r8, r5
10003922:	d04a      	beq.n	100039ba <_vsnprintf+0x9f2>
10003924:	2c20      	cmp	r4, #32
10003926:	d04a      	beq.n	100039be <_vsnprintf+0x9f6>
10003928:	0006      	movs	r6, r0
1000392a:	000d      	movs	r5, r1
1000392c:	003a      	movs	r2, r7
1000392e:	2300      	movs	r3, #0
10003930:	0030      	movs	r0, r6
10003932:	0029      	movs	r1, r5
10003934:	f7fe f94a 	bl	10001bcc <__wrap___aeabi_uldivmod>
10003938:	b2d2      	uxtb	r2, r2
1000393a:	2a09      	cmp	r2, #9
1000393c:	d9eb      	bls.n	10003916 <_vsnprintf+0x94e>
1000393e:	9b14      	ldr	r3, [sp, #80]	@ 0x50
10003940:	469c      	mov	ip, r3
10003942:	4462      	add	r2, ip
10003944:	b2d2      	uxtb	r2, r2
10003946:	e7e8      	b.n	1000391a <_vsnprintf+0x952>
10003948:	2361      	movs	r3, #97	@ 0x61
1000394a:	0682      	lsls	r2, r0, #26
1000394c:	d500      	bpl.n	10003950 <_vsnprintf+0x988>
1000394e:	2341      	movs	r3, #65	@ 0x41
10003950:	b2db      	uxtb	r3, r3
10003952:	3b0a      	subs	r3, #10
10003954:	930c      	str	r3, [sp, #48]	@ 0x30
10003956:	4643      	mov	r3, r8
10003958:	a914      	add	r1, sp, #80	@ 0x50
1000395a:	221f      	movs	r2, #31
1000395c:	468c      	mov	ip, r1
1000395e:	9315      	str	r3, [sp, #84]	@ 0x54
10003960:	4653      	mov	r3, sl
10003962:	4462      	add	r2, ip
10003964:	46a0      	mov	r8, r4
10003966:	46b2      	mov	sl, r6
10003968:	464c      	mov	r4, r9
1000396a:	9717      	str	r7, [sp, #92]	@ 0x5c
1000396c:	46a9      	mov	r9, r5
1000396e:	0017      	movs	r7, r2
10003970:	9d09      	ldr	r5, [sp, #36]	@ 0x24
10003972:	9e0d      	ldr	r6, [sp, #52]	@ 0x34
10003974:	9014      	str	r0, [sp, #80]	@ 0x50
10003976:	9316      	str	r3, [sp, #88]	@ 0x58
10003978:	e008      	b.n	1000398c <_vsnprintf+0x9c4>
1000397a:	3330      	adds	r3, #48	@ 0x30
1000397c:	b2db      	uxtb	r3, r3
1000397e:	3401      	adds	r4, #1
10003980:	553b      	strb	r3, [r7, r4]
10003982:	42b5      	cmp	r5, r6
10003984:	d30e      	bcc.n	100039a4 <_vsnprintf+0x9dc>
10003986:	2c20      	cmp	r4, #32
10003988:	d00c      	beq.n	100039a4 <_vsnprintf+0x9dc>
1000398a:	0005      	movs	r5, r0
1000398c:	0031      	movs	r1, r6
1000398e:	0028      	movs	r0, r5
10003990:	f7fe f8de 	bl	10001b50 <__wrap___aeabi_uidiv>
10003994:	b2cb      	uxtb	r3, r1
10003996:	2909      	cmp	r1, #9
10003998:	d9ef      	bls.n	1000397a <_vsnprintf+0x9b2>
1000399a:	9a0c      	ldr	r2, [sp, #48]	@ 0x30
1000399c:	4694      	mov	ip, r2
1000399e:	4463      	add	r3, ip
100039a0:	b2db      	uxtb	r3, r3
100039a2:	e7ec      	b.n	1000397e <_vsnprintf+0x9b6>
100039a4:	9b15      	ldr	r3, [sp, #84]	@ 0x54
100039a6:	464d      	mov	r5, r9
100039a8:	46a1      	mov	r9, r4
100039aa:	4644      	mov	r4, r8
100039ac:	4698      	mov	r8, r3
100039ae:	9b16      	ldr	r3, [sp, #88]	@ 0x58
100039b0:	4656      	mov	r6, sl
100039b2:	9814      	ldr	r0, [sp, #80]	@ 0x50
100039b4:	469a      	mov	sl, r3
100039b6:	9f17      	ldr	r7, [sp, #92]	@ 0x5c
100039b8:	e5d0      	b.n	1000355c <_vsnprintf+0x594>
100039ba:	42b7      	cmp	r7, r6
100039bc:	d9b2      	bls.n	10003924 <_vsnprintf+0x95c>
100039be:	9b17      	ldr	r3, [sp, #92]	@ 0x5c
100039c0:	4657      	mov	r7, sl
100039c2:	4698      	mov	r8, r3
100039c4:	9b18      	ldr	r3, [sp, #96]	@ 0x60
100039c6:	465e      	mov	r6, fp
100039c8:	469a      	mov	sl, r3
100039ca:	9b1b      	ldr	r3, [sp, #108]	@ 0x6c
100039cc:	9409      	str	r4, [sp, #36]	@ 0x24
100039ce:	469b      	mov	fp, r3
100039d0:	9816      	ldr	r0, [sp, #88]	@ 0x58
100039d2:	9c19      	ldr	r4, [sp, #100]	@ 0x64
100039d4:	9d1a      	ldr	r5, [sp, #104]	@ 0x68
100039d6:	4643      	mov	r3, r8
100039d8:	9305      	str	r3, [sp, #20]
100039da:	4653      	mov	r3, sl
100039dc:	9304      	str	r3, [sp, #16]
100039de:	9b0d      	ldr	r3, [sp, #52]	@ 0x34
100039e0:	9006      	str	r0, [sp, #24]
100039e2:	9303      	str	r3, [sp, #12]
100039e4:	2300      	movs	r3, #0
100039e6:	9302      	str	r3, [sp, #8]
100039e8:	9b09      	ldr	r3, [sp, #36]	@ 0x24
100039ea:	e705      	b.n	100037f8 <_vsnprintf+0x830>
100039ec:	9b0f      	ldr	r3, [sp, #60]	@ 0x3c
100039ee:	4598      	cmp	r8, r3
100039f0:	d900      	bls.n	100039f4 <_vsnprintf+0xa2c>
100039f2:	e714      	b.n	1000381e <_vsnprintf+0x856>
100039f4:	3301      	adds	r3, #1
100039f6:	930f      	str	r3, [sp, #60]	@ 0x3c
100039f8:	e42d      	b.n	10003256 <_vsnprintf+0x28e>
100039fa:	2310      	movs	r3, #16
100039fc:	0011      	movs	r1, r2
100039fe:	4399      	bics	r1, r3
10003a00:	910d      	str	r1, [sp, #52]	@ 0x34
10003a02:	2869      	cmp	r0, #105	@ 0x69
10003a04:	d000      	beq.n	10003a08 <_vsnprintf+0xa40>
10003a06:	e0ba      	b.n	10003b7e <_vsnprintf+0xbb6>
10003a08:	2380      	movs	r3, #128	@ 0x80
10003a0a:	0010      	movs	r0, r2
10003a0c:	00db      	lsls	r3, r3, #3
10003a0e:	4018      	ands	r0, r3
10003a10:	421a      	tst	r2, r3
10003a12:	d100      	bne.n	10003a16 <_vsnprintf+0xa4e>
10003a14:	e622      	b.n	1000365c <_vsnprintf+0x694>
10003a16:	e61d      	b.n	10003654 <_vsnprintf+0x68c>
10003a18:	9b0c      	ldr	r3, [sp, #48]	@ 0x30
10003a1a:	681b      	ldr	r3, [r3, #0]
10003a1c:	0fda      	lsrs	r2, r3, #31
10003a1e:	0011      	movs	r1, r2
10003a20:	2b00      	cmp	r3, #0
10003a22:	d100      	bne.n	10003a26 <_vsnprintf+0xa5e>
10003a24:	e08c      	b.n	10003b40 <_vsnprintf+0xb78>
10003a26:	17da      	asrs	r2, r3, #31
10003a28:	1898      	adds	r0, r3, r2
10003a2a:	4050      	eors	r0, r2
10003a2c:	aa14      	add	r2, sp, #80	@ 0x50
10003a2e:	4691      	mov	r9, r2
10003a30:	4642      	mov	r2, r8
10003a32:	231f      	movs	r3, #31
10003a34:	9214      	str	r2, [sp, #80]	@ 0x50
10003a36:	4652      	mov	r2, sl
10003a38:	444b      	add	r3, r9
10003a3a:	46a0      	mov	r8, r4
10003a3c:	46a9      	mov	r9, r5
10003a3e:	9716      	str	r7, [sp, #88]	@ 0x58
10003a40:	0004      	movs	r4, r0
10003a42:	4665      	mov	r5, ip
10003a44:	46b2      	mov	sl, r6
10003a46:	001f      	movs	r7, r3
10003a48:	910c      	str	r1, [sp, #48]	@ 0x30
10003a4a:	9215      	str	r2, [sp, #84]	@ 0x54
10003a4c:	e001      	b.n	10003a52 <_vsnprintf+0xa8a>
10003a4e:	2d20      	cmp	r5, #32
10003a50:	d00f      	beq.n	10003a72 <_vsnprintf+0xaaa>
10003a52:	0020      	movs	r0, r4
10003a54:	210a      	movs	r1, #10
10003a56:	f7fe f87b 	bl	10001b50 <__wrap___aeabi_uidiv>
10003a5a:	3501      	adds	r5, #1
10003a5c:	197e      	adds	r6, r7, r5
10003a5e:	3130      	adds	r1, #48	@ 0x30
10003a60:	7031      	strb	r1, [r6, #0]
10003a62:	0020      	movs	r0, r4
10003a64:	210a      	movs	r1, #10
10003a66:	f7fe f873 	bl	10001b50 <__wrap___aeabi_uidiv>
10003a6a:	0026      	movs	r6, r4
10003a6c:	0004      	movs	r4, r0
10003a6e:	2e09      	cmp	r6, #9
10003a70:	d8ed      	bhi.n	10003a4e <_vsnprintf+0xa86>
10003a72:	9b14      	ldr	r3, [sp, #80]	@ 0x50
10003a74:	4644      	mov	r4, r8
10003a76:	4698      	mov	r8, r3
10003a78:	9b0c      	ldr	r3, [sp, #48]	@ 0x30
10003a7a:	46ac      	mov	ip, r5
10003a7c:	0019      	movs	r1, r3
10003a7e:	9b15      	ldr	r3, [sp, #84]	@ 0x54
10003a80:	4656      	mov	r6, sl
10003a82:	464d      	mov	r5, r9
10003a84:	469a      	mov	sl, r3
10003a86:	9f16      	ldr	r7, [sp, #88]	@ 0x58
10003a88:	9b0d      	ldr	r3, [sp, #52]	@ 0x34
10003a8a:	9102      	str	r1, [sp, #8]
10003a8c:	9306      	str	r3, [sp, #24]
10003a8e:	4643      	mov	r3, r8
10003a90:	9305      	str	r3, [sp, #20]
10003a92:	4653      	mov	r3, sl
10003a94:	9304      	str	r3, [sp, #16]
10003a96:	230a      	movs	r3, #10
10003a98:	9303      	str	r3, [sp, #12]
10003a9a:	4663      	mov	r3, ip
10003a9c:	e63c      	b.n	10003718 <_vsnprintf+0x750>
10003a9e:	2800      	cmp	r0, #0
10003aa0:	d000      	beq.n	10003aa4 <_vsnprintf+0xadc>
10003aa2:	e62e      	b.n	10003702 <_vsnprintf+0x73a>
10003aa4:	e602      	b.n	100036ac <_vsnprintf+0x6e4>
10003aa6:	9b0c      	ldr	r3, [sp, #48]	@ 0x30
10003aa8:	681b      	ldr	r3, [r3, #0]
10003aaa:	4699      	mov	r9, r3
10003aac:	2b00      	cmp	r3, #0
10003aae:	d103      	bne.n	10003ab8 <_vsnprintf+0xaf0>
10003ab0:	3310      	adds	r3, #16
10003ab2:	4398      	bics	r0, r3
10003ab4:	2900      	cmp	r1, #0
10003ab6:	d138      	bne.n	10003b2a <_vsnprintf+0xb62>
10003ab8:	2361      	movs	r3, #97	@ 0x61
10003aba:	0682      	lsls	r2, r0, #26
10003abc:	d500      	bpl.n	10003ac0 <_vsnprintf+0xaf8>
10003abe:	2341      	movs	r3, #65	@ 0x41
10003ac0:	b2db      	uxtb	r3, r3
10003ac2:	3b0a      	subs	r3, #10
10003ac4:	930c      	str	r3, [sp, #48]	@ 0x30
10003ac6:	4643      	mov	r3, r8
10003ac8:	9316      	str	r3, [sp, #88]	@ 0x58
10003aca:	4653      	mov	r3, sl
10003acc:	a914      	add	r1, sp, #80	@ 0x50
10003ace:	221f      	movs	r2, #31
10003ad0:	468c      	mov	ip, r1
10003ad2:	9317      	str	r3, [sp, #92]	@ 0x5c
10003ad4:	002b      	movs	r3, r5
10003ad6:	4462      	add	r2, ip
10003ad8:	46a0      	mov	r8, r4
10003ada:	464d      	mov	r5, r9
10003adc:	46b2      	mov	sl, r6
10003ade:	9718      	str	r7, [sp, #96]	@ 0x60
10003ae0:	4699      	mov	r9, r3
10003ae2:	0017      	movs	r7, r2
10003ae4:	9c14      	ldr	r4, [sp, #80]	@ 0x50
10003ae6:	9e0d      	ldr	r6, [sp, #52]	@ 0x34
10003ae8:	9015      	str	r0, [sp, #84]	@ 0x54
10003aea:	e008      	b.n	10003afe <_vsnprintf+0xb36>
10003aec:	3330      	adds	r3, #48	@ 0x30
10003aee:	b2db      	uxtb	r3, r3
10003af0:	3401      	adds	r4, #1
10003af2:	553b      	strb	r3, [r7, r4]
10003af4:	42b5      	cmp	r5, r6
10003af6:	d30e      	bcc.n	10003b16 <_vsnprintf+0xb4e>
10003af8:	2c20      	cmp	r4, #32
10003afa:	d00c      	beq.n	10003b16 <_vsnprintf+0xb4e>
10003afc:	0005      	movs	r5, r0
10003afe:	0031      	movs	r1, r6
10003b00:	0028      	movs	r0, r5
10003b02:	f7fe f825 	bl	10001b50 <__wrap___aeabi_uidiv>
10003b06:	b2cb      	uxtb	r3, r1
10003b08:	2909      	cmp	r1, #9
10003b0a:	d9ef      	bls.n	10003aec <_vsnprintf+0xb24>
10003b0c:	9a0c      	ldr	r2, [sp, #48]	@ 0x30
10003b0e:	4694      	mov	ip, r2
10003b10:	4463      	add	r3, ip
10003b12:	b2db      	uxtb	r3, r3
10003b14:	e7ec      	b.n	10003af0 <_vsnprintf+0xb28>
10003b16:	9b16      	ldr	r3, [sp, #88]	@ 0x58
10003b18:	9414      	str	r4, [sp, #80]	@ 0x50
10003b1a:	4644      	mov	r4, r8
10003b1c:	4698      	mov	r8, r3
10003b1e:	9b17      	ldr	r3, [sp, #92]	@ 0x5c
10003b20:	4656      	mov	r6, sl
10003b22:	464d      	mov	r5, r9
10003b24:	469a      	mov	sl, r3
10003b26:	9815      	ldr	r0, [sp, #84]	@ 0x54
10003b28:	9f18      	ldr	r7, [sp, #96]	@ 0x60
10003b2a:	4643      	mov	r3, r8
10003b2c:	9305      	str	r3, [sp, #20]
10003b2e:	4653      	mov	r3, sl
10003b30:	9304      	str	r3, [sp, #16]
10003b32:	9b0d      	ldr	r3, [sp, #52]	@ 0x34
10003b34:	9006      	str	r0, [sp, #24]
10003b36:	9303      	str	r3, [sp, #12]
10003b38:	2300      	movs	r3, #0
10003b3a:	9302      	str	r3, [sp, #8]
10003b3c:	9b14      	ldr	r3, [sp, #80]	@ 0x50
10003b3e:	e5eb      	b.n	10003718 <_vsnprintf+0x750>
10003b40:	2800      	cmp	r0, #0
10003b42:	d1a1      	bne.n	10003a88 <_vsnprintf+0xac0>
10003b44:	e772      	b.n	10003a2c <_vsnprintf+0xa64>
10003b46:	9b0c      	ldr	r3, [sp, #48]	@ 0x30
10003b48:	681b      	ldr	r3, [r3, #0]
10003b4a:	17d9      	asrs	r1, r3, #31
10003b4c:	185a      	adds	r2, r3, r1
10003b4e:	404a      	eors	r2, r1
10003b50:	e5a6      	b.n	100036a0 <_vsnprintf+0x6d8>
10003b52:	2380      	movs	r3, #128	@ 0x80
10003b54:	0010      	movs	r0, r2
10003b56:	00db      	lsls	r3, r3, #3
10003b58:	4018      	ands	r0, r3
10003b5a:	469c      	mov	ip, r3
10003b5c:	900f      	str	r0, [sp, #60]	@ 0x3c
10003b5e:	421a      	tst	r2, r3
10003b60:	d00f      	beq.n	10003b82 <_vsnprintf+0xbba>
10003b62:	2002      	movs	r0, #2
10003b64:	0003      	movs	r3, r0
10003b66:	4013      	ands	r3, r2
10003b68:	930f      	str	r3, [sp, #60]	@ 0x3c
10003b6a:	4210      	tst	r0, r2
10003b6c:	d019      	beq.n	10003ba2 <_vsnprintf+0xbda>
10003b6e:	2300      	movs	r3, #0
10003b70:	46a1      	mov	r9, r4
10003b72:	930f      	str	r3, [sp, #60]	@ 0x3c
10003b74:	e54c      	b.n	10003610 <_vsnprintf+0x648>
10003b76:	9b0c      	ldr	r3, [sp, #48]	@ 0x30
10003b78:	681b      	ldr	r3, [r3, #0]
10003b7a:	9309      	str	r3, [sp, #36]	@ 0x24
10003b7c:	e4e4      	b.n	10003548 <_vsnprintf+0x580>
10003b7e:	000a      	movs	r2, r1
10003b80:	e434      	b.n	100033ec <_vsnprintf+0x424>
10003b82:	2302      	movs	r3, #2
10003b84:	0018      	movs	r0, r3
10003b86:	4010      	ands	r0, r2
10003b88:	900d      	str	r0, [sp, #52]	@ 0x34
10003b8a:	4213      	tst	r3, r2
10003b8c:	d000      	beq.n	10003b90 <_vsnprintf+0xbc8>
10003b8e:	e53e      	b.n	1000360e <_vsnprintf+0x646>
10003b90:	4643      	mov	r3, r8
10003b92:	2b00      	cmp	r3, #0
10003b94:	d000      	beq.n	10003b98 <_vsnprintf+0xbd0>
10003b96:	e642      	b.n	1000381e <_vsnprintf+0x856>
10003b98:	f7ff fb71 	bl	1000327e <_vsnprintf+0x2b6>
10003b9c:	3301      	adds	r3, #1
10003b9e:	930f      	str	r3, [sp, #60]	@ 0x3c
10003ba0:	e47f      	b.n	100034a2 <_vsnprintf+0x4da>
10003ba2:	4663      	mov	r3, ip
10003ba4:	930d      	str	r3, [sp, #52]	@ 0x34
10003ba6:	e7f3      	b.n	10003b90 <_vsnprintf+0xbc8>

10003ba8 <vfctprintf>:
10003ba8:	b510      	push	{r4, lr}
10003baa:	000c      	movs	r4, r1
10003bac:	b084      	sub	sp, #16
10003bae:	9403      	str	r4, [sp, #12]
10003bb0:	2401      	movs	r4, #1
10003bb2:	a902      	add	r1, sp, #8
10003bb4:	9002      	str	r0, [sp, #8]
10003bb6:	9300      	str	r3, [sp, #0]
10003bb8:	4803      	ldr	r0, [pc, #12]	@ (10003bc8 <vfctprintf+0x20>)
10003bba:	0013      	movs	r3, r2
10003bbc:	4262      	negs	r2, r4
10003bbe:	f7ff fa03 	bl	10002fc8 <_vsnprintf>
10003bc2:	b004      	add	sp, #16
10003bc4:	bd10      	pop	{r4, pc}
10003bc6:	46c0      	nop			@ (mov r8, r8)
10003bc8:	10002595 	.word	0x10002595

10003bcc <weak_raw_vprintf>:
10003bcc:	b510      	push	{r4, lr}
10003bce:	4a09      	ldr	r2, [pc, #36]	@ (10003bf4 <weak_raw_vprintf+0x28>)
10003bd0:	0003      	movs	r3, r0
10003bd2:	6814      	ldr	r4, [r2, #0]
10003bd4:	b084      	sub	sp, #16
10003bd6:	2c00      	cmp	r4, #0
10003bd8:	d008      	beq.n	10003bec <weak_raw_vprintf+0x20>
10003bda:	2201      	movs	r2, #1
10003bdc:	9100      	str	r1, [sp, #0]
10003bde:	4806      	ldr	r0, [pc, #24]	@ (10003bf8 <weak_raw_vprintf+0x2c>)
10003be0:	4252      	negs	r2, r2
10003be2:	a903      	add	r1, sp, #12
10003be4:	47a0      	blx	r4
10003be6:	2001      	movs	r0, #1
10003be8:	b004      	add	sp, #16
10003bea:	bd10      	pop	{r4, pc}
10003bec:	f000 f97c 	bl	10003ee8 <__wrap_puts>
10003bf0:	2000      	movs	r0, #0
10003bf2:	e7f9      	b.n	10003be8 <weak_raw_vprintf+0x1c>
10003bf4:	200012ec 	.word	0x200012ec
10003bf8:	10002585 	.word	0x10002585

10003bfc <_exit>:
10003bfc:	be00      	bkpt	0x0000
10003bfe:	e7fd      	b.n	10003bfc <_exit>

10003c00 <exit>:
10003c00:	b510      	push	{r4, lr}
10003c02:	f7ff fffb 	bl	10003bfc <_exit>
10003c06:	46c0      	nop			@ (mov r8, r8)

10003c08 <runtime_init>:
10003c08:	b570      	push	{r4, r5, r6, lr}
10003c0a:	f7fd fe4f 	bl	100018ac <runtime_run_initializers>
10003c0e:	4d07      	ldr	r5, [pc, #28]	@ (10003c2c <runtime_init+0x24>)
10003c10:	4e07      	ldr	r6, [pc, #28]	@ (10003c30 <runtime_init+0x28>)
10003c12:	42b5      	cmp	r5, r6
10003c14:	d209      	bcs.n	10003c2a <runtime_init+0x22>
10003c16:	2400      	movs	r4, #0
10003c18:	3e01      	subs	r6, #1
10003c1a:	1b76      	subs	r6, r6, r5
10003c1c:	08b6      	lsrs	r6, r6, #2
10003c1e:	cd08      	ldmia	r5!, {r3}
10003c20:	4798      	blx	r3
10003c22:	0023      	movs	r3, r4
10003c24:	3401      	adds	r4, #1
10003c26:	42b3      	cmp	r3, r6
10003c28:	d1f9      	bne.n	10003c1e <runtime_init+0x16>
10003c2a:	bd70      	pop	{r4, r5, r6, pc}
10003c2c:	10007e6c 	.word	0x10007e6c
10003c30:	10007e74 	.word	0x10007e74

10003c34 <stdio_out_chars_no_crlf>:
10003c34:	0003      	movs	r3, r0
10003c36:	b510      	push	{r4, lr}
10003c38:	0008      	movs	r0, r1
10003c3a:	0011      	movs	r1, r2
10003c3c:	681b      	ldr	r3, [r3, #0]
10003c3e:	4798      	blx	r3
10003c40:	bd10      	pop	{r4, pc}
10003c42:	46c0      	nop			@ (mov r8, r8)

10003c44 <stdio_out_chars_crlf>:
10003c44:	b5f0      	push	{r4, r5, r6, r7, lr}
10003c46:	46c6      	mov	lr, r8
10003c48:	b500      	push	{lr}
10003c4a:	7d43      	ldrb	r3, [r0, #21]
10003c4c:	0007      	movs	r7, r0
10003c4e:	000c      	movs	r4, r1
10003c50:	0016      	movs	r6, r2
10003c52:	2b00      	cmp	r3, #0
10003c54:	d046      	beq.n	10003ce4 <stdio_out_chars_crlf+0xa0>
10003c56:	2a00      	cmp	r2, #0
10003c58:	dd17      	ble.n	10003c8a <stdio_out_chars_crlf+0x46>
10003c5a:	780b      	ldrb	r3, [r1, #0]
10003c5c:	2b0a      	cmp	r3, #10
10003c5e:	d024      	beq.n	10003caa <stdio_out_chars_crlf+0x66>
10003c60:	2300      	movs	r3, #0
10003c62:	4698      	mov	r8, r3
10003c64:	2e01      	cmp	r6, #1
10003c66:	d013      	beq.n	10003c90 <stdio_out_chars_crlf+0x4c>
10003c68:	2501      	movs	r5, #1
10003c6a:	0029      	movs	r1, r5
10003c6c:	5c63      	ldrb	r3, [r4, r1]
10003c6e:	3501      	adds	r5, #1
10003c70:	2b0a      	cmp	r3, #10
10003c72:	d026      	beq.n	10003cc2 <stdio_out_chars_crlf+0x7e>
10003c74:	42b5      	cmp	r5, r6
10003c76:	d1f8      	bne.n	10003c6a <stdio_out_chars_crlf+0x26>
10003c78:	4546      	cmp	r6, r8
10003c7a:	dc09      	bgt.n	10003c90 <stdio_out_chars_crlf+0x4c>
10003c7c:	19a4      	adds	r4, r4, r6
10003c7e:	3c01      	subs	r4, #1
10003c80:	7823      	ldrb	r3, [r4, #0]
10003c82:	3b0d      	subs	r3, #13
10003c84:	425a      	negs	r2, r3
10003c86:	4153      	adcs	r3, r2
10003c88:	753b      	strb	r3, [r7, #20]
10003c8a:	bc80      	pop	{r7}
10003c8c:	46b8      	mov	r8, r7
10003c8e:	bdf0      	pop	{r4, r5, r6, r7, pc}
10003c90:	4643      	mov	r3, r8
10003c92:	18e0      	adds	r0, r4, r3
10003c94:	19a4      	adds	r4, r4, r6
10003c96:	1af1      	subs	r1, r6, r3
10003c98:	3c01      	subs	r4, #1
10003c9a:	683b      	ldr	r3, [r7, #0]
10003c9c:	4798      	blx	r3
10003c9e:	7823      	ldrb	r3, [r4, #0]
10003ca0:	3b0d      	subs	r3, #13
10003ca2:	425a      	negs	r2, r3
10003ca4:	4153      	adcs	r3, r2
10003ca6:	753b      	strb	r3, [r7, #20]
10003ca8:	e7ef      	b.n	10003c8a <stdio_out_chars_crlf+0x46>
10003caa:	7d03      	ldrb	r3, [r0, #20]
10003cac:	2b00      	cmp	r3, #0
10003cae:	d1d7      	bne.n	10003c60 <stdio_out_chars_crlf+0x1c>
10003cb0:	2102      	movs	r1, #2
10003cb2:	480f      	ldr	r0, [pc, #60]	@ (10003cf0 <stdio_out_chars_crlf+0xac>)
10003cb4:	683b      	ldr	r3, [r7, #0]
10003cb6:	4798      	blx	r3
10003cb8:	2e01      	cmp	r6, #1
10003cba:	d0df      	beq.n	10003c7c <stdio_out_chars_crlf+0x38>
10003cbc:	2301      	movs	r3, #1
10003cbe:	4698      	mov	r8, r3
10003cc0:	e7d2      	b.n	10003c68 <stdio_out_chars_crlf+0x24>
10003cc2:	1e63      	subs	r3, r4, #1
10003cc4:	5c5b      	ldrb	r3, [r3, r1]
10003cc6:	2b0d      	cmp	r3, #13
10003cc8:	d0d4      	beq.n	10003c74 <stdio_out_chars_crlf+0x30>
10003cca:	4588      	cmp	r8, r1
10003ccc:	da04      	bge.n	10003cd8 <stdio_out_chars_crlf+0x94>
10003cce:	4643      	mov	r3, r8
10003cd0:	1ac9      	subs	r1, r1, r3
10003cd2:	18e0      	adds	r0, r4, r3
10003cd4:	683b      	ldr	r3, [r7, #0]
10003cd6:	4798      	blx	r3
10003cd8:	2102      	movs	r1, #2
10003cda:	4805      	ldr	r0, [pc, #20]	@ (10003cf0 <stdio_out_chars_crlf+0xac>)
10003cdc:	683b      	ldr	r3, [r7, #0]
10003cde:	46a8      	mov	r8, r5
10003ce0:	4798      	blx	r3
10003ce2:	e7c7      	b.n	10003c74 <stdio_out_chars_crlf+0x30>
10003ce4:	6803      	ldr	r3, [r0, #0]
10003ce6:	0011      	movs	r1, r2
10003ce8:	0020      	movs	r0, r4
10003cea:	4798      	blx	r3
10003cec:	e7cd      	b.n	10003c8a <stdio_out_chars_crlf+0x46>
10003cee:	46c0      	nop			@ (mov r8, r8)
10003cf0:	10008548 	.word	0x10008548

10003cf4 <stdio_buffered_printer>:
10003cf4:	b5f0      	push	{r4, r5, r6, r7, lr}
10003cf6:	46c6      	mov	lr, r8
10003cf8:	680b      	ldr	r3, [r1, #0]
10003cfa:	0006      	movs	r6, r0
10003cfc:	000c      	movs	r4, r1
10003cfe:	b500      	push	{lr}
10003d00:	2b80      	cmp	r3, #128	@ 0x80
10003d02:	d006      	beq.n	10003d12 <stdio_buffered_printer+0x1e>
10003d04:	1c5a      	adds	r2, r3, #1
10003d06:	6022      	str	r2, [r4, #0]
10003d08:	18e4      	adds	r4, r4, r3
10003d0a:	7126      	strb	r6, [r4, #4]
10003d0c:	bc80      	pop	{r7}
10003d0e:	46b8      	mov	r8, r7
10003d10:	bdf0      	pop	{r4, r5, r6, r7, pc}
10003d12:	4b0f      	ldr	r3, [pc, #60]	@ (10003d50 <stdio_buffered_printer+0x5c>)
10003d14:	681d      	ldr	r5, [r3, #0]
10003d16:	2d00      	cmp	r5, #0
10003d18:	d016      	beq.n	10003d48 <stdio_buffered_printer+0x54>
10003d1a:	1d0b      	adds	r3, r1, #4
10003d1c:	4698      	mov	r8, r3
10003d1e:	4f0d      	ldr	r7, [pc, #52]	@ (10003d54 <stdio_buffered_printer+0x60>)
10003d20:	e002      	b.n	10003d28 <stdio_buffered_printer+0x34>
10003d22:	692d      	ldr	r5, [r5, #16]
10003d24:	2d00      	cmp	r5, #0
10003d26:	d00f      	beq.n	10003d48 <stdio_buffered_printer+0x54>
10003d28:	682b      	ldr	r3, [r5, #0]
10003d2a:	2b00      	cmp	r3, #0
10003d2c:	d0f9      	beq.n	10003d22 <stdio_buffered_printer+0x2e>
10003d2e:	683b      	ldr	r3, [r7, #0]
10003d30:	2b00      	cmp	r3, #0
10003d32:	d001      	beq.n	10003d38 <stdio_buffered_printer+0x44>
10003d34:	42ab      	cmp	r3, r5
10003d36:	d1f4      	bne.n	10003d22 <stdio_buffered_printer+0x2e>
10003d38:	0028      	movs	r0, r5
10003d3a:	4641      	mov	r1, r8
10003d3c:	6822      	ldr	r2, [r4, #0]
10003d3e:	f7ff ff81 	bl	10003c44 <stdio_out_chars_crlf>
10003d42:	692d      	ldr	r5, [r5, #16]
10003d44:	2d00      	cmp	r5, #0
10003d46:	d1ef      	bne.n	10003d28 <stdio_buffered_printer+0x34>
10003d48:	2201      	movs	r2, #1
10003d4a:	2300      	movs	r3, #0
10003d4c:	e7db      	b.n	10003d06 <stdio_buffered_printer+0x12>
10003d4e:	46c0      	nop			@ (mov r8, r8)
10003d50:	200012e4 	.word	0x200012e4
10003d54:	200012e8 	.word	0x200012e8

10003d58 <stdio_put_string>:
10003d58:	b5f0      	push	{r4, r5, r6, r7, lr}
10003d5a:	4645      	mov	r5, r8
10003d5c:	46de      	mov	lr, fp
10003d5e:	464e      	mov	r6, r9
10003d60:	4657      	mov	r7, sl
10003d62:	b5e0      	push	{r5, r6, r7, lr}
10003d64:	b083      	sub	sp, #12
10003d66:	4691      	mov	r9, r2
10003d68:	001c      	movs	r4, r3
10003d6a:	4680      	mov	r8, r0
10003d6c:	000d      	movs	r5, r1
10003d6e:	f7fd fbe7 	bl	10001540 <time_us_64>
10003d72:	2300      	movs	r3, #0
10003d74:	4a30      	ldr	r2, [pc, #192]	@ (10003e38 <stdio_put_string+0xe0>)
10003d76:	1812      	adds	r2, r2, r0
10003d78:	414b      	adcs	r3, r1
10003d7a:	2b00      	cmp	r3, #0
10003d7c:	da02      	bge.n	10003d84 <stdio_put_string+0x2c>
10003d7e:	2201      	movs	r2, #1
10003d80:	4b2e      	ldr	r3, [pc, #184]	@ (10003e3c <stdio_put_string+0xe4>)
10003d82:	4252      	negs	r2, r2
10003d84:	492e      	ldr	r1, [pc, #184]	@ (10003e40 <stdio_put_string+0xe8>)
10003d86:	0008      	movs	r0, r1
10003d88:	468a      	mov	sl, r1
10003d8a:	f004 f839 	bl	10007e00 <__mutex_try_enter_block_until_veneer>
10003d8e:	0007      	movs	r7, r0
10003d90:	1c6b      	adds	r3, r5, #1
10003d92:	d103      	bne.n	10003d9c <stdio_put_string+0x44>
10003d94:	4640      	mov	r0, r8
10003d96:	f003 ffcb 	bl	10007d30 <strlen>
10003d9a:	0005      	movs	r5, r0
10003d9c:	2c00      	cmp	r4, #0
10003d9e:	d027      	beq.n	10003df0 <stdio_put_string+0x98>
10003da0:	4e28      	ldr	r6, [pc, #160]	@ (10003e44 <stdio_put_string+0xec>)
10003da2:	4b29      	ldr	r3, [pc, #164]	@ (10003e48 <stdio_put_string+0xf0>)
10003da4:	681c      	ldr	r4, [r3, #0]
10003da6:	2c00      	cmp	r4, #0
10003da8:	d018      	beq.n	10003ddc <stdio_put_string+0x84>
10003daa:	464b      	mov	r3, r9
10003dac:	2b00      	cmp	r3, #0
10003dae:	d121      	bne.n	10003df4 <stdio_put_string+0x9c>
10003db0:	4b26      	ldr	r3, [pc, #152]	@ (10003e4c <stdio_put_string+0xf4>)
10003db2:	4699      	mov	r9, r3
10003db4:	e002      	b.n	10003dbc <stdio_put_string+0x64>
10003db6:	6924      	ldr	r4, [r4, #16]
10003db8:	2c00      	cmp	r4, #0
10003dba:	d00f      	beq.n	10003ddc <stdio_put_string+0x84>
10003dbc:	6823      	ldr	r3, [r4, #0]
10003dbe:	2b00      	cmp	r3, #0
10003dc0:	d0f9      	beq.n	10003db6 <stdio_put_string+0x5e>
10003dc2:	464b      	mov	r3, r9
10003dc4:	681b      	ldr	r3, [r3, #0]
10003dc6:	2b00      	cmp	r3, #0
10003dc8:	d001      	beq.n	10003dce <stdio_put_string+0x76>
10003dca:	429c      	cmp	r4, r3
10003dcc:	d1f3      	bne.n	10003db6 <stdio_put_string+0x5e>
10003dce:	0020      	movs	r0, r4
10003dd0:	002a      	movs	r2, r5
10003dd2:	4641      	mov	r1, r8
10003dd4:	47b0      	blx	r6
10003dd6:	6924      	ldr	r4, [r4, #16]
10003dd8:	2c00      	cmp	r4, #0
10003dda:	d1ef      	bne.n	10003dbc <stdio_put_string+0x64>
10003ddc:	2f00      	cmp	r7, #0
10003dde:	d126      	bne.n	10003e2e <stdio_put_string+0xd6>
10003de0:	0028      	movs	r0, r5
10003de2:	b003      	add	sp, #12
10003de4:	bcf0      	pop	{r4, r5, r6, r7}
10003de6:	46bb      	mov	fp, r7
10003de8:	46b2      	mov	sl, r6
10003dea:	46a9      	mov	r9, r5
10003dec:	46a0      	mov	r8, r4
10003dee:	bdf0      	pop	{r4, r5, r6, r7, pc}
10003df0:	4e17      	ldr	r6, [pc, #92]	@ (10003e50 <stdio_put_string+0xf8>)
10003df2:	e7d6      	b.n	10003da2 <stdio_put_string+0x4a>
10003df4:	4b15      	ldr	r3, [pc, #84]	@ (10003e4c <stdio_put_string+0xf4>)
10003df6:	4699      	mov	r9, r3
10003df8:	230a      	movs	r3, #10
10003dfa:	469b      	mov	fp, r3
10003dfc:	e002      	b.n	10003e04 <stdio_put_string+0xac>
10003dfe:	6924      	ldr	r4, [r4, #16]
10003e00:	2c00      	cmp	r4, #0
10003e02:	d0eb      	beq.n	10003ddc <stdio_put_string+0x84>
10003e04:	6823      	ldr	r3, [r4, #0]
10003e06:	2b00      	cmp	r3, #0
10003e08:	d0f9      	beq.n	10003dfe <stdio_put_string+0xa6>
10003e0a:	464b      	mov	r3, r9
10003e0c:	681b      	ldr	r3, [r3, #0]
10003e0e:	2b00      	cmp	r3, #0
10003e10:	d001      	beq.n	10003e16 <stdio_put_string+0xbe>
10003e12:	42a3      	cmp	r3, r4
10003e14:	d1f3      	bne.n	10003dfe <stdio_put_string+0xa6>
10003e16:	002a      	movs	r2, r5
10003e18:	4641      	mov	r1, r8
10003e1a:	0020      	movs	r0, r4
10003e1c:	47b0      	blx	r6
10003e1e:	466b      	mov	r3, sp
10003e20:	465a      	mov	r2, fp
10003e22:	0020      	movs	r0, r4
10003e24:	71da      	strb	r2, [r3, #7]
10003e26:	1dd9      	adds	r1, r3, #7
10003e28:	2201      	movs	r2, #1
10003e2a:	47b0      	blx	r6
10003e2c:	e7e7      	b.n	10003dfe <stdio_put_string+0xa6>
10003e2e:	4650      	mov	r0, sl
10003e30:	f003 ffbe 	bl	10007db0 <__mutex_exit_veneer>
10003e34:	e7d4      	b.n	10003de0 <stdio_put_string+0x88>
10003e36:	46c0      	nop			@ (mov r8, r8)
10003e38:	000f4240 	.word	0x000f4240
10003e3c:	7fffffff 	.word	0x7fffffff
10003e40:	200005c8 	.word	0x200005c8
10003e44:	10003c45 	.word	0x10003c45
10003e48:	200012e4 	.word	0x200012e4
10003e4c:	200012e8 	.word	0x200012e8
10003e50:	10003c35 	.word	0x10003c35

10003e54 <__wrap_putchar>:
10003e54:	b5f0      	push	{r4, r5, r6, r7, lr}
10003e56:	46ce      	mov	lr, r9
10003e58:	4647      	mov	r7, r8
10003e5a:	b580      	push	{r7, lr}
10003e5c:	b083      	sub	sp, #12
10003e5e:	466b      	mov	r3, sp
10003e60:	0006      	movs	r6, r0
10003e62:	1ddd      	adds	r5, r3, #7
10003e64:	7028      	strb	r0, [r5, #0]
10003e66:	f7fd fb6b 	bl	10001540 <time_us_64>
10003e6a:	2300      	movs	r3, #0
10003e6c:	4a19      	ldr	r2, [pc, #100]	@ (10003ed4 <__wrap_putchar+0x80>)
10003e6e:	1812      	adds	r2, r2, r0
10003e70:	414b      	adcs	r3, r1
10003e72:	2b00      	cmp	r3, #0
10003e74:	da02      	bge.n	10003e7c <__wrap_putchar+0x28>
10003e76:	2201      	movs	r2, #1
10003e78:	4b17      	ldr	r3, [pc, #92]	@ (10003ed8 <__wrap_putchar+0x84>)
10003e7a:	4252      	negs	r2, r2
10003e7c:	4917      	ldr	r1, [pc, #92]	@ (10003edc <__wrap_putchar+0x88>)
10003e7e:	0008      	movs	r0, r1
10003e80:	4688      	mov	r8, r1
10003e82:	f003 ffbd 	bl	10007e00 <__mutex_try_enter_block_until_veneer>
10003e86:	4b16      	ldr	r3, [pc, #88]	@ (10003ee0 <__wrap_putchar+0x8c>)
10003e88:	4681      	mov	r9, r0
10003e8a:	681c      	ldr	r4, [r3, #0]
10003e8c:	2c00      	cmp	r4, #0
10003e8e:	d014      	beq.n	10003eba <__wrap_putchar+0x66>
10003e90:	4f14      	ldr	r7, [pc, #80]	@ (10003ee4 <__wrap_putchar+0x90>)
10003e92:	e002      	b.n	10003e9a <__wrap_putchar+0x46>
10003e94:	6924      	ldr	r4, [r4, #16]
10003e96:	2c00      	cmp	r4, #0
10003e98:	d00f      	beq.n	10003eba <__wrap_putchar+0x66>
10003e9a:	6823      	ldr	r3, [r4, #0]
10003e9c:	2b00      	cmp	r3, #0
10003e9e:	d0f9      	beq.n	10003e94 <__wrap_putchar+0x40>
10003ea0:	683b      	ldr	r3, [r7, #0]
10003ea2:	2b00      	cmp	r3, #0
10003ea4:	d001      	beq.n	10003eaa <__wrap_putchar+0x56>
10003ea6:	429c      	cmp	r4, r3
10003ea8:	d1f4      	bne.n	10003e94 <__wrap_putchar+0x40>
10003eaa:	0020      	movs	r0, r4
10003eac:	2201      	movs	r2, #1
10003eae:	0029      	movs	r1, r5
10003eb0:	f7ff fec8 	bl	10003c44 <stdio_out_chars_crlf>
10003eb4:	6924      	ldr	r4, [r4, #16]
10003eb6:	2c00      	cmp	r4, #0
10003eb8:	d1ef      	bne.n	10003e9a <__wrap_putchar+0x46>
10003eba:	464b      	mov	r3, r9
10003ebc:	2b00      	cmp	r3, #0
10003ebe:	d105      	bne.n	10003ecc <__wrap_putchar+0x78>
10003ec0:	0030      	movs	r0, r6
10003ec2:	b003      	add	sp, #12
10003ec4:	bcc0      	pop	{r6, r7}
10003ec6:	46b9      	mov	r9, r7
10003ec8:	46b0      	mov	r8, r6
10003eca:	bdf0      	pop	{r4, r5, r6, r7, pc}
10003ecc:	4640      	mov	r0, r8
10003ece:	f003 ff6f 	bl	10007db0 <__mutex_exit_veneer>
10003ed2:	e7f5      	b.n	10003ec0 <__wrap_putchar+0x6c>
10003ed4:	000f4240 	.word	0x000f4240
10003ed8:	7fffffff 	.word	0x7fffffff
10003edc:	200005c8 	.word	0x200005c8
10003ee0:	200012e4 	.word	0x200012e4
10003ee4:	200012e8 	.word	0x200012e8

10003ee8 <__wrap_puts>:
10003ee8:	b570      	push	{r4, r5, r6, lr}
10003eea:	0004      	movs	r4, r0
10003eec:	f003 ff20 	bl	10007d30 <strlen>
10003ef0:	2301      	movs	r3, #1
10003ef2:	0001      	movs	r1, r0
10003ef4:	0005      	movs	r5, r0
10003ef6:	2201      	movs	r2, #1
10003ef8:	0020      	movs	r0, r4
10003efa:	f7ff ff2d 	bl	10003d58 <stdio_put_string>
10003efe:	4b08      	ldr	r3, [pc, #32]	@ (10003f20 <__wrap_puts+0x38>)
10003f00:	681c      	ldr	r4, [r3, #0]
10003f02:	2c00      	cmp	r4, #0
10003f04:	d006      	beq.n	10003f14 <__wrap_puts+0x2c>
10003f06:	6863      	ldr	r3, [r4, #4]
10003f08:	2b00      	cmp	r3, #0
10003f0a:	d005      	beq.n	10003f18 <__wrap_puts+0x30>
10003f0c:	4798      	blx	r3
10003f0e:	6924      	ldr	r4, [r4, #16]
10003f10:	2c00      	cmp	r4, #0
10003f12:	d1f8      	bne.n	10003f06 <__wrap_puts+0x1e>
10003f14:	0028      	movs	r0, r5
10003f16:	bd70      	pop	{r4, r5, r6, pc}
10003f18:	6924      	ldr	r4, [r4, #16]
10003f1a:	2c00      	cmp	r4, #0
10003f1c:	d1f3      	bne.n	10003f06 <__wrap_puts+0x1e>
10003f1e:	e7f9      	b.n	10003f14 <__wrap_puts+0x2c>
10003f20:	200012e4 	.word	0x200012e4

10003f24 <__wrap_vprintf>:
10003f24:	b5f0      	push	{r4, r5, r6, r7, lr}
10003f26:	46ce      	mov	lr, r9
10003f28:	4647      	mov	r7, r8
10003f2a:	b580      	push	{r7, lr}
10003f2c:	b0a3      	sub	sp, #140	@ 0x8c
10003f2e:	0004      	movs	r4, r0
10003f30:	000d      	movs	r5, r1
10003f32:	f7fd fb05 	bl	10001540 <time_us_64>
10003f36:	2300      	movs	r3, #0
10003f38:	4a27      	ldr	r2, [pc, #156]	@ (10003fd8 <__wrap_vprintf+0xb4>)
10003f3a:	1812      	adds	r2, r2, r0
10003f3c:	414b      	adcs	r3, r1
10003f3e:	2b00      	cmp	r3, #0
10003f40:	da02      	bge.n	10003f48 <__wrap_vprintf+0x24>
10003f42:	2201      	movs	r2, #1
10003f44:	4b25      	ldr	r3, [pc, #148]	@ (10003fdc <__wrap_vprintf+0xb8>)
10003f46:	4252      	negs	r2, r2
10003f48:	4e25      	ldr	r6, [pc, #148]	@ (10003fe0 <__wrap_vprintf+0xbc>)
10003f4a:	0030      	movs	r0, r6
10003f4c:	f003 ff58 	bl	10007e00 <__mutex_try_enter_block_until_veneer>
10003f50:	2300      	movs	r3, #0
10003f52:	0022      	movs	r2, r4
10003f54:	9301      	str	r3, [sp, #4]
10003f56:	0007      	movs	r7, r0
10003f58:	002b      	movs	r3, r5
10003f5a:	4822      	ldr	r0, [pc, #136]	@ (10003fe4 <__wrap_vprintf+0xc0>)
10003f5c:	a901      	add	r1, sp, #4
10003f5e:	f7ff fe23 	bl	10003ba8 <vfctprintf>
10003f62:	4b21      	ldr	r3, [pc, #132]	@ (10003fe8 <__wrap_vprintf+0xc4>)
10003f64:	4680      	mov	r8, r0
10003f66:	4699      	mov	r9, r3
10003f68:	681c      	ldr	r4, [r3, #0]
10003f6a:	9b01      	ldr	r3, [sp, #4]
10003f6c:	2b00      	cmp	r3, #0
10003f6e:	d01a      	beq.n	10003fa6 <__wrap_vprintf+0x82>
10003f70:	2c00      	cmp	r4, #0
10003f72:	d02f      	beq.n	10003fd4 <__wrap_vprintf+0xb0>
10003f74:	4d1d      	ldr	r5, [pc, #116]	@ (10003fec <__wrap_vprintf+0xc8>)
10003f76:	e002      	b.n	10003f7e <__wrap_vprintf+0x5a>
10003f78:	6924      	ldr	r4, [r4, #16]
10003f7a:	2c00      	cmp	r4, #0
10003f7c:	d00f      	beq.n	10003f9e <__wrap_vprintf+0x7a>
10003f7e:	6823      	ldr	r3, [r4, #0]
10003f80:	2b00      	cmp	r3, #0
10003f82:	d0f9      	beq.n	10003f78 <__wrap_vprintf+0x54>
10003f84:	682b      	ldr	r3, [r5, #0]
10003f86:	2b00      	cmp	r3, #0
10003f88:	d001      	beq.n	10003f8e <__wrap_vprintf+0x6a>
10003f8a:	42a3      	cmp	r3, r4
10003f8c:	d1f4      	bne.n	10003f78 <__wrap_vprintf+0x54>
10003f8e:	0020      	movs	r0, r4
10003f90:	9a01      	ldr	r2, [sp, #4]
10003f92:	a902      	add	r1, sp, #8
10003f94:	f7ff fe56 	bl	10003c44 <stdio_out_chars_crlf>
10003f98:	6924      	ldr	r4, [r4, #16]
10003f9a:	2c00      	cmp	r4, #0
10003f9c:	d1ef      	bne.n	10003f7e <__wrap_vprintf+0x5a>
10003f9e:	464b      	mov	r3, r9
10003fa0:	681c      	ldr	r4, [r3, #0]
10003fa2:	2300      	movs	r3, #0
10003fa4:	9301      	str	r3, [sp, #4]
10003fa6:	2c00      	cmp	r4, #0
10003fa8:	d006      	beq.n	10003fb8 <__wrap_vprintf+0x94>
10003faa:	6863      	ldr	r3, [r4, #4]
10003fac:	2b00      	cmp	r3, #0
10003fae:	d00b      	beq.n	10003fc8 <__wrap_vprintf+0xa4>
10003fb0:	4798      	blx	r3
10003fb2:	6924      	ldr	r4, [r4, #16]
10003fb4:	2c00      	cmp	r4, #0
10003fb6:	d1f8      	bne.n	10003faa <__wrap_vprintf+0x86>
10003fb8:	2f00      	cmp	r7, #0
10003fba:	d107      	bne.n	10003fcc <__wrap_vprintf+0xa8>
10003fbc:	4640      	mov	r0, r8
10003fbe:	b023      	add	sp, #140	@ 0x8c
10003fc0:	bcc0      	pop	{r6, r7}
10003fc2:	46b9      	mov	r9, r7
10003fc4:	46b0      	mov	r8, r6
10003fc6:	bdf0      	pop	{r4, r5, r6, r7, pc}
10003fc8:	6924      	ldr	r4, [r4, #16]
10003fca:	e7ec      	b.n	10003fa6 <__wrap_vprintf+0x82>
10003fcc:	0030      	movs	r0, r6
10003fce:	f003 feef 	bl	10007db0 <__mutex_exit_veneer>
10003fd2:	e7f3      	b.n	10003fbc <__wrap_vprintf+0x98>
10003fd4:	9401      	str	r4, [sp, #4]
10003fd6:	e7ef      	b.n	10003fb8 <__wrap_vprintf+0x94>
10003fd8:	000f4240 	.word	0x000f4240
10003fdc:	7fffffff 	.word	0x7fffffff
10003fe0:	200005c8 	.word	0x200005c8
10003fe4:	10003cf5 	.word	0x10003cf5
10003fe8:	200012e4 	.word	0x200012e4
10003fec:	200012e8 	.word	0x200012e8

10003ff0 <__wrap_printf>:
10003ff0:	b40f      	push	{r0, r1, r2, r3}
10003ff2:	b500      	push	{lr}
10003ff4:	b083      	sub	sp, #12
10003ff6:	a904      	add	r1, sp, #16
10003ff8:	c901      	ldmia	r1!, {r0}
10003ffa:	9101      	str	r1, [sp, #4]
10003ffc:	f7ff ff92 	bl	10003f24 <__wrap_vprintf>
10004000:	b003      	add	sp, #12
10004002:	bc08      	pop	{r3}
10004004:	b004      	add	sp, #16
10004006:	4718      	bx	r3

10004008 <_retrieve_unique_id_on_boot>:
10004008:	b510      	push	{r4, lr}
1000400a:	4802      	ldr	r0, [pc, #8]	@ (10004014 <_retrieve_unique_id_on_boot+0xc>)
1000400c:	f000 f80c 	bl	10004028 <flash_get_unique_id>
10004010:	bd10      	pop	{r4, pc}
10004012:	46c0      	nop			@ (mov r8, r8)
10004014:	20001320 	.word	0x20001320

10004018 <pico_get_unique_board_id>:
10004018:	b510      	push	{r4, lr}
1000401a:	2208      	movs	r2, #8
1000401c:	4901      	ldr	r1, [pc, #4]	@ (10004024 <pico_get_unique_board_id+0xc>)
1000401e:	f7fe f96d 	bl	100022fc <__wrap___aeabi_memcpy>
10004022:	bd10      	pop	{r4, pc}
10004024:	20001320 	.word	0x20001320

10004028 <flash_get_unique_id>:
10004028:	b510      	push	{r4, lr}
1000402a:	b088      	sub	sp, #32
1000402c:	0004      	movs	r4, r0
1000402e:	220d      	movs	r2, #13
10004030:	2100      	movs	r1, #0
10004032:	4668      	mov	r0, sp
10004034:	f7fe f95c 	bl	100022f0 <__wrap_memset>
10004038:	220d      	movs	r2, #13
1000403a:	2100      	movs	r1, #0
1000403c:	a804      	add	r0, sp, #16
1000403e:	f7fe f957 	bl	100022f0 <__wrap_memset>
10004042:	234b      	movs	r3, #75	@ 0x4b
10004044:	466a      	mov	r2, sp
10004046:	4668      	mov	r0, sp
10004048:	7013      	strb	r3, [r2, #0]
1000404a:	a904      	add	r1, sp, #16
1000404c:	220d      	movs	r2, #13
1000404e:	f003 fea7 	bl	10007da0 <__flash_do_cmd_veneer>
10004052:	2115      	movs	r1, #21
10004054:	2208      	movs	r2, #8
10004056:	0020      	movs	r0, r4
10004058:	4469      	add	r1, sp
1000405a:	f7fe f94f 	bl	100022fc <__wrap___aeabi_memcpy>
1000405e:	b008      	add	sp, #32
10004060:	bd10      	pop	{r4, pc}
10004062:	46c0      	nop			@ (mov r8, r8)

10004064 <cyw43_arch_set_async_context>:
10004064:	4b01      	ldr	r3, [pc, #4]	@ (1000406c <cyw43_arch_set_async_context+0x8>)
10004066:	6018      	str	r0, [r3, #0]
10004068:	4770      	bx	lr
1000406a:	46c0      	nop			@ (mov r8, r8)
1000406c:	200008a0 	.word	0x200008a0

10004070 <cyw43_arch_gpio_put>:
10004070:	b510      	push	{r4, lr}
10004072:	4b03      	ldr	r3, [pc, #12]	@ (10004080 <cyw43_arch_gpio_put+0x10>)
10004074:	000a      	movs	r2, r1
10004076:	0001      	movs	r1, r0
10004078:	0018      	movs	r0, r3
1000407a:	f002 ff47 	bl	10006f0c <cyw43_gpio_set>
1000407e:	bd10      	pop	{r4, pc}
10004080:	20000a08 	.word	0x20000a08

10004084 <cyw43_arch_async_context>:
10004084:	4b01      	ldr	r3, [pc, #4]	@ (1000408c <cyw43_arch_async_context+0x8>)
10004086:	6818      	ldr	r0, [r3, #0]
10004088:	4770      	bx	lr
1000408a:	46c0      	nop			@ (mov r8, r8)
1000408c:	200008a0 	.word	0x200008a0

10004090 <cyw43_arch_init>:
10004090:	b510      	push	{r4, lr}
10004092:	b082      	sub	sp, #8
10004094:	f7ff fff6 	bl	10004084 <cyw43_arch_async_context>
10004098:	2800      	cmp	r0, #0
1000409a:	d007      	beq.n	100040ac <cyw43_arch_init+0x1c>
1000409c:	f003 fa24 	bl	100074e8 <cyw43_driver_init>
100040a0:	0003      	movs	r3, r0
100040a2:	2000      	movs	r0, #0
100040a4:	2b00      	cmp	r3, #0
100040a6:	d010      	beq.n	100040ca <cyw43_arch_init+0x3a>
100040a8:	b002      	add	sp, #8
100040aa:	bd10      	pop	{r4, pc}
100040ac:	4668      	mov	r0, sp
100040ae:	f003 fc71 	bl	10007994 <async_context_threadsafe_background_default_config>
100040b2:	4c0f      	ldr	r4, [pc, #60]	@ (100040f0 <cyw43_arch_init+0x60>)
100040b4:	4669      	mov	r1, sp
100040b6:	0020      	movs	r0, r4
100040b8:	f003 fc72 	bl	100079a0 <async_context_threadsafe_background_init>
100040bc:	2800      	cmp	r0, #0
100040be:	d013      	beq.n	100040e8 <cyw43_arch_init+0x58>
100040c0:	0020      	movs	r0, r4
100040c2:	f7ff ffcf 	bl	10004064 <cyw43_arch_set_async_context>
100040c6:	0020      	movs	r0, r4
100040c8:	e7e8      	b.n	1000409c <cyw43_arch_init+0xc>
100040ca:	f7ff ffdb 	bl	10004084 <cyw43_arch_async_context>
100040ce:	0004      	movs	r4, r0
100040d0:	f003 fa26 	bl	10007520 <cyw43_driver_deinit>
100040d4:	4b06      	ldr	r3, [pc, #24]	@ (100040f0 <cyw43_arch_init+0x60>)
100040d6:	429c      	cmp	r4, r3
100040d8:	d106      	bne.n	100040e8 <cyw43_arch_init+0x58>
100040da:	6823      	ldr	r3, [r4, #0]
100040dc:	0020      	movs	r0, r4
100040de:	6b5b      	ldr	r3, [r3, #52]	@ 0x34
100040e0:	4798      	blx	r3
100040e2:	2000      	movs	r0, #0
100040e4:	f7ff ffbe 	bl	10004064 <cyw43_arch_set_async_context>
100040e8:	2001      	movs	r0, #1
100040ea:	4240      	negs	r0, r0
100040ec:	e7dc      	b.n	100040a8 <cyw43_arch_init+0x18>
100040ee:	46c0      	nop			@ (mov r8, r8)
100040f0:	200005d0 	.word	0x200005d0

100040f4 <ns_delay.constprop.0>:
100040f4:	b510      	push	{r4, lr}
100040f6:	2005      	movs	r0, #5
100040f8:	f7fd fb2a 	bl	10001750 <clock_get_hz>
100040fc:	0c03      	lsrs	r3, r0, #16
100040fe:	2064      	movs	r0, #100	@ 0x64
10004100:	4903      	ldr	r1, [pc, #12]	@ (10004110 <ns_delay.constprop.0+0x1c>)
10004102:	4358      	muls	r0, r3
10004104:	f7fd fd24 	bl	10001b50 <__wrap___aeabi_uidiv>
10004108:	3803      	subs	r0, #3
1000410a:	d2fd      	bcs.n	10004108 <ns_delay.constprop.0+0x14>
1000410c:	bd10      	pop	{r4, pc}
1000410e:	46c0      	nop			@ (mov r8, r8)
10004110:	00003b9a 	.word	0x00003b9a

10004114 <cyw43_spi_deinit>:
10004114:	4b18      	ldr	r3, [pc, #96]	@ (10004178 <cyw43_spi_deinit+0x64>)
10004116:	b570      	push	{r4, r5, r6, lr}
10004118:	58c4      	ldr	r4, [r0, r3]
1000411a:	0005      	movs	r5, r0
1000411c:	2c00      	cmp	r4, #0
1000411e:	d014      	beq.n	1000414a <cyw43_spi_deinit+0x36>
10004120:	6821      	ldr	r1, [r4, #0]
10004122:	2900      	cmp	r1, #0
10004124:	d006      	beq.n	10004134 <cyw43_spi_deinit+0x20>
10004126:	6863      	ldr	r3, [r4, #4]
10004128:	68a2      	ldr	r2, [r4, #8]
1000412a:	4814      	ldr	r0, [pc, #80]	@ (1000417c <cyw43_spi_deinit+0x68>)
1000412c:	f003 f8d6 	bl	100072dc <pio_remove_program_and_unclaim_sm>
10004130:	2300      	movs	r3, #0
10004132:	6023      	str	r3, [r4, #0]
10004134:	200c      	movs	r0, #12
10004136:	5620      	ldrsb	r0, [r4, r0]
10004138:	2800      	cmp	r0, #0
1000413a:	da10      	bge.n	1000415e <cyw43_spi_deinit+0x4a>
1000413c:	200d      	movs	r0, #13
1000413e:	5620      	ldrsb	r0, [r4, r0]
10004140:	2800      	cmp	r0, #0
10004142:	da03      	bge.n	1000414c <cyw43_spi_deinit+0x38>
10004144:	2200      	movs	r2, #0
10004146:	4b0c      	ldr	r3, [pc, #48]	@ (10004178 <cyw43_spi_deinit+0x64>)
10004148:	50ea      	str	r2, [r5, r3]
1000414a:	bd70      	pop	{r4, r5, r6, pc}
1000414c:	f003 f902 	bl	10007354 <dma_channel_cleanup>
10004150:	200d      	movs	r0, #13
10004152:	5620      	ldrsb	r0, [r4, r0]
10004154:	f003 f8e2 	bl	1000731c <dma_channel_unclaim>
10004158:	23ff      	movs	r3, #255	@ 0xff
1000415a:	7363      	strb	r3, [r4, #13]
1000415c:	e7f2      	b.n	10004144 <cyw43_spi_deinit+0x30>
1000415e:	f003 f8f9 	bl	10007354 <dma_channel_cleanup>
10004162:	200c      	movs	r0, #12
10004164:	5620      	ldrsb	r0, [r4, r0]
10004166:	f003 f8d9 	bl	1000731c <dma_channel_unclaim>
1000416a:	23ff      	movs	r3, #255	@ 0xff
1000416c:	200d      	movs	r0, #13
1000416e:	7323      	strb	r3, [r4, #12]
10004170:	5620      	ldrsb	r0, [r4, r0]
10004172:	2800      	cmp	r0, #0
10004174:	dbe6      	blt.n	10004144 <cyw43_spi_deinit+0x30>
10004176:	e7e9      	b.n	1000414c <cyw43_spi_deinit+0x38>
10004178:	0000084c 	.word	0x0000084c
1000417c:	1000854c 	.word	0x1000854c

10004180 <cyw43_spi_init>:
10004180:	b5f0      	push	{r4, r5, r6, r7, lr}
10004182:	46c6      	mov	lr, r8
10004184:	b500      	push	{lr}
10004186:	4c3e      	ldr	r4, [pc, #248]	@ (10004280 <cyw43_spi_init+0x100>)
10004188:	4b3e      	ldr	r3, [pc, #248]	@ (10004284 <cyw43_spi_init+0x104>)
1000418a:	b084      	sub	sp, #16
1000418c:	50c4      	str	r4, [r0, r3]
1000418e:	2300      	movs	r3, #0
10004190:	2106      	movs	r1, #6
10004192:	0022      	movs	r2, r4
10004194:	2601      	movs	r6, #1
10004196:	6023      	str	r3, [r4, #0]
10004198:	3b01      	subs	r3, #1
1000419a:	81a3      	strh	r3, [r4, #12]
1000419c:	9101      	str	r1, [sp, #4]
1000419e:	3112      	adds	r1, #18
100041a0:	0005      	movs	r5, r0
100041a2:	9100      	str	r1, [sp, #0]
100041a4:	4838      	ldr	r0, [pc, #224]	@ (10004288 <cyw43_spi_init+0x108>)
100041a6:	0021      	movs	r1, r4
100041a8:	1d23      	adds	r3, r4, #4
100041aa:	3208      	adds	r2, #8
100041ac:	9602      	str	r6, [sp, #8]
100041ae:	f003 f801 	bl	100071b4 <pio_claim_free_sm_and_add_program_for_gpio_range>
100041b2:	2800      	cmp	r0, #0
100041b4:	d05d      	beq.n	10004272 <cyw43_spi_init+0xf2>
100041b6:	6863      	ldr	r3, [r4, #4]
100041b8:	4834      	ldr	r0, [pc, #208]	@ (1000428c <cyw43_spi_init+0x10c>)
100041ba:	1d5a      	adds	r2, r3, #5
100041bc:	0312      	lsls	r2, r2, #12
100041be:	01db      	lsls	r3, r3, #7
100041c0:	431a      	orrs	r2, r3
100041c2:	4b33      	ldr	r3, [pc, #204]	@ (10004290 <cyw43_spi_init+0x110>)
100041c4:	6801      	ldr	r1, [r0, #0]
100041c6:	401a      	ands	r2, r3
100041c8:	2330      	movs	r3, #48	@ 0x30
100041ca:	438b      	bics	r3, r1
100041cc:	4931      	ldr	r1, [pc, #196]	@ (10004294 <cyw43_spi_init+0x114>)
100041ce:	4690      	mov	r8, r2
100041d0:	600b      	str	r3, [r1, #0]
100041d2:	6803      	ldr	r3, [r0, #0]
100041d4:	0030      	movs	r0, r6
100041d6:	4398      	bics	r0, r3
100041d8:	6008      	str	r0, [r1, #0]
100041da:	2180      	movs	r1, #128	@ 0x80
100041dc:	6820      	ldr	r0, [r4, #0]
100041de:	4b2e      	ldr	r3, [pc, #184]	@ (10004298 <cyw43_spi_init+0x118>)
100041e0:	0449      	lsls	r1, r1, #17
100041e2:	18c3      	adds	r3, r0, r3
100041e4:	6019      	str	r1, [r3, #0]
100041e6:	68a1      	ldr	r1, [r4, #8]
100041e8:	2280      	movs	r2, #128	@ 0x80
100041ea:	004b      	lsls	r3, r1, #1
100041ec:	185b      	adds	r3, r3, r1
100041ee:	00db      	lsls	r3, r3, #3
100041f0:	18c3      	adds	r3, r0, r3
100041f2:	001f      	movs	r7, r3
100041f4:	0292      	lsls	r2, r2, #10
100041f6:	37c8      	adds	r7, #200	@ 0xc8
100041f8:	603a      	str	r2, [r7, #0]
100041fa:	22c0      	movs	r2, #192	@ 0xc0
100041fc:	0292      	lsls	r2, r2, #10
100041fe:	60ba      	str	r2, [r7, #8]
10004200:	4642      	mov	r2, r8
10004202:	607a      	str	r2, [r7, #4]
10004204:	4a25      	ldr	r2, [pc, #148]	@ (1000429c <cyw43_spi_init+0x11c>)
10004206:	33dc      	adds	r3, #220	@ 0xdc
10004208:	601a      	str	r2, [r3, #0]
1000420a:	221d      	movs	r2, #29
1000420c:	2301      	movs	r3, #1
1000420e:	9600      	str	r6, [sp, #0]
10004210:	f002 ff76 	bl	10007100 <pio_sm_set_consecutive_pindirs>
10004214:	4b22      	ldr	r3, [pc, #136]	@ (100042a0 <cyw43_spi_init+0x120>)
10004216:	6821      	ldr	r1, [r4, #0]
10004218:	469c      	mov	ip, r3
1000421a:	4461      	add	r1, ip
1000421c:	0d09      	lsrs	r1, r1, #20
1000421e:	3106      	adds	r1, #6
10004220:	2018      	movs	r0, #24
10004222:	b2c9      	uxtb	r1, r1
10004224:	f7fc f86e 	bl	10000304 <gpio_set_function>
10004228:	2201      	movs	r2, #1
1000422a:	2100      	movs	r1, #0
1000422c:	2018      	movs	r0, #24
1000422e:	f7fc f883 	bl	10000338 <gpio_set_pulls>
10004232:	2101      	movs	r1, #1
10004234:	2018      	movs	r0, #24
10004236:	f7fc f893 	bl	10000360 <gpio_set_input_hysteresis_enabled>
1000423a:	68a1      	ldr	r1, [r4, #8]
1000423c:	6823      	ldr	r3, [r4, #0]
1000423e:	004a      	lsls	r2, r1, #1
10004240:	1852      	adds	r2, r2, r1
10004242:	00d2      	lsls	r2, r2, #3
10004244:	189b      	adds	r3, r3, r2
10004246:	4a17      	ldr	r2, [pc, #92]	@ (100042a4 <cyw43_spi_init+0x124>)
10004248:	33d8      	adds	r3, #216	@ 0xd8
1000424a:	601a      	str	r2, [r3, #0]
1000424c:	2000      	movs	r0, #0
1000424e:	f003 f86f 	bl	10007330 <dma_claim_unused_channel>
10004252:	7320      	strb	r0, [r4, #12]
10004254:	2000      	movs	r0, #0
10004256:	f003 f86b 	bl	10007330 <dma_claim_unused_channel>
1000425a:	7b23      	ldrb	r3, [r4, #12]
1000425c:	b240      	sxtb	r0, r0
1000425e:	7360      	strb	r0, [r4, #13]
10004260:	4318      	orrs	r0, r3
10004262:	3704      	adds	r7, #4
10004264:	0600      	lsls	r0, r0, #24
10004266:	d404      	bmi.n	10004272 <cyw43_spi_init+0xf2>
10004268:	2000      	movs	r0, #0
1000426a:	b004      	add	sp, #16
1000426c:	bc80      	pop	{r7}
1000426e:	46b8      	mov	r8, r7
10004270:	bdf0      	pop	{r4, r5, r6, r7, pc}
10004272:	0028      	movs	r0, r5
10004274:	f7ff ff4e 	bl	10004114 <cyw43_spi_deinit>
10004278:	2006      	movs	r0, #6
1000427a:	4240      	negs	r0, r0
1000427c:	e7f5      	b.n	1000426a <cyw43_spi_init+0xea>
1000427e:	46c0      	nop			@ (mov r8, r8)
10004280:	200009bc 	.word	0x200009bc
10004284:	0000084c 	.word	0x0000084c
10004288:	1000854c 	.word	0x1000854c
1000428c:	4001c078 	.word	0x4001c078
10004290:	9fffffff 	.word	0x9fffffff
10004294:	4001d078 	.word	0x4001d078
10004298:	00002038 	.word	0x00002038
1000429c:	241c7718 	.word	0x241c7718
100042a0:	afe00000 	.word	0xafe00000
100042a4:	0000e001 	.word	0x0000e001

100042a8 <cyw43_spi_transfer>:
100042a8:	b5f0      	push	{r4, r5, r6, r7, lr}
100042aa:	4657      	mov	r7, sl
100042ac:	464e      	mov	r6, r9
100042ae:	46de      	mov	lr, fp
100042b0:	4645      	mov	r5, r8
100042b2:	b5e0      	push	{r5, r6, r7, lr}
100042b4:	b085      	sub	sp, #20
100042b6:	000f      	movs	r7, r1
100042b8:	001e      	movs	r6, r3
100042ba:	9202      	str	r2, [sp, #8]
100042bc:	2900      	cmp	r1, #0
100042be:	d100      	bne.n	100042c2 <cyw43_spi_transfer+0x1a>
100042c0:	e125      	b.n	1000450e <cyw43_spi_transfer+0x266>
100042c2:	4b96      	ldr	r3, [pc, #600]	@ (1000451c <cyw43_spi_transfer+0x274>)
100042c4:	58c4      	ldr	r4, [r0, r3]
100042c6:	4b96      	ldr	r3, [pc, #600]	@ (10004520 <cyw43_spi_transfer+0x278>)
100042c8:	6821      	ldr	r1, [r4, #0]
100042ca:	469c      	mov	ip, r3
100042cc:	4461      	add	r1, ip
100042ce:	0d09      	lsrs	r1, r1, #20
100042d0:	3106      	adds	r1, #6
100042d2:	2018      	movs	r0, #24
100042d4:	b2c9      	uxtb	r1, r1
100042d6:	f7fc f815 	bl	10000304 <gpio_set_function>
100042da:	4b91      	ldr	r3, [pc, #580]	@ (10004520 <cyw43_spi_transfer+0x278>)
100042dc:	6821      	ldr	r1, [r4, #0]
100042de:	469c      	mov	ip, r3
100042e0:	4461      	add	r1, ip
100042e2:	0d09      	lsrs	r1, r1, #20
100042e4:	3106      	adds	r1, #6
100042e6:	201d      	movs	r0, #29
100042e8:	b2c9      	uxtb	r1, r1
100042ea:	f7fc f80b 	bl	10000304 <gpio_set_function>
100042ee:	2201      	movs	r2, #1
100042f0:	2100      	movs	r1, #0
100042f2:	201d      	movs	r0, #29
100042f4:	f7fc f820 	bl	10000338 <gpio_set_pulls>
100042f8:	23d0      	movs	r3, #208	@ 0xd0
100042fa:	2280      	movs	r2, #128	@ 0x80
100042fc:	061b      	lsls	r3, r3, #24
100042fe:	0492      	lsls	r2, r2, #18
10004300:	6820      	ldr	r0, [r4, #0]
10004302:	68a1      	ldr	r1, [r4, #8]
10004304:	619a      	str	r2, [r3, #24]
10004306:	2e00      	cmp	r6, #0
10004308:	d100      	bne.n	1000430c <cyw43_spi_transfer+0x64>
1000430a:	e121      	b.n	10004550 <cyw43_spi_transfer+0x2a8>
1000430c:	2f00      	cmp	r7, #0
1000430e:	d100      	bne.n	10004312 <cyw43_spi_transfer+0x6a>
10004310:	e0fb      	b.n	1000450a <cyw43_spi_transfer+0x262>
10004312:	2201      	movs	r2, #1
10004314:	25cc      	movs	r5, #204	@ 0xcc
10004316:	4690      	mov	r8, r2
10004318:	408a      	lsls	r2, r1
1000431a:	46ac      	mov	ip, r5
1000431c:	6803      	ldr	r3, [r0, #0]
1000431e:	4393      	bics	r3, r2
10004320:	6003      	str	r3, [r0, #0]
10004322:	6863      	ldr	r3, [r4, #4]
10004324:	4699      	mov	r9, r3
10004326:	004b      	lsls	r3, r1, #1
10004328:	185b      	adds	r3, r3, r1
1000432a:	00db      	lsls	r3, r3, #3
1000432c:	18c2      	adds	r2, r0, r3
1000432e:	4494      	add	ip, r2
10004330:	4662      	mov	r2, ip
10004332:	6812      	ldr	r2, [r2, #0]
10004334:	18c3      	adds	r3, r0, r3
10004336:	4692      	mov	sl, r2
10004338:	464a      	mov	r2, r9
1000433a:	3205      	adds	r2, #5
1000433c:	0315      	lsls	r5, r2, #12
1000433e:	9503      	str	r5, [sp, #12]
10004340:	4d78      	ldr	r5, [pc, #480]	@ (10004524 <cyw43_spi_transfer+0x27c>)
10004342:	46ab      	mov	fp, r5
10004344:	4655      	mov	r5, sl
10004346:	465a      	mov	r2, fp
10004348:	4015      	ands	r5, r2
1000434a:	002a      	movs	r2, r5
1000434c:	9d03      	ldr	r5, [sp, #12]
1000434e:	4315      	orrs	r5, r2
10004350:	002a      	movs	r2, r5
10004352:	464d      	mov	r5, r9
10004354:	01ed      	lsls	r5, r5, #7
10004356:	432a      	orrs	r2, r5
10004358:	4665      	mov	r5, ip
1000435a:	602a      	str	r2, [r5, #0]
1000435c:	4a72      	ldr	r2, [pc, #456]	@ (10004528 <cyw43_spi_transfer+0x280>)
1000435e:	4694      	mov	ip, r2
10004360:	2280      	movs	r2, #128	@ 0x80
10004362:	4463      	add	r3, ip
10004364:	0612      	lsls	r2, r2, #24
10004366:	601a      	str	r2, [r3, #0]
10004368:	601a      	str	r2, [r3, #0]
1000436a:	2280      	movs	r2, #128	@ 0x80
1000436c:	2300      	movs	r3, #0
1000436e:	0452      	lsls	r2, r2, #17
10004370:	9200      	str	r2, [sp, #0]
10004372:	9301      	str	r3, [sp, #4]
10004374:	f002 fe6e 	bl	10007054 <pio_sm_set_pindirs_with_mask64>
10004378:	68a3      	ldr	r3, [r4, #8]
1000437a:	4642      	mov	r2, r8
1000437c:	469c      	mov	ip, r3
1000437e:	2304      	movs	r3, #4
10004380:	4463      	add	r3, ip
10004382:	409a      	lsls	r2, r3
10004384:	4699      	mov	r9, r3
10004386:	2380      	movs	r3, #128	@ 0x80
10004388:	6821      	ldr	r1, [r4, #0]
1000438a:	019b      	lsls	r3, r3, #6
1000438c:	18cb      	adds	r3, r1, r3
1000438e:	601a      	str	r2, [r3, #0]
10004390:	4662      	mov	r2, ip
10004392:	4640      	mov	r0, r8
10004394:	3208      	adds	r2, #8
10004396:	4090      	lsls	r0, r2
10004398:	4662      	mov	r2, ip
1000439a:	9d02      	ldr	r5, [sp, #8]
1000439c:	6018      	str	r0, [r3, #0]
1000439e:	0092      	lsls	r2, r2, #2
100043a0:	00eb      	lsls	r3, r5, #3
100043a2:	188a      	adds	r2, r1, r2
100043a4:	3b01      	subs	r3, #1
100043a6:	6113      	str	r3, [r2, #16]
100043a8:	4663      	mov	r3, ip
100043aa:	005b      	lsls	r3, r3, #1
100043ac:	4463      	add	r3, ip
100043ae:	00db      	lsls	r3, r3, #3
100043b0:	485e      	ldr	r0, [pc, #376]	@ (1000452c <cyw43_spi_transfer+0x284>)
100043b2:	18cb      	adds	r3, r1, r3
100043b4:	33d8      	adds	r3, #216	@ 0xd8
100043b6:	6018      	str	r0, [r3, #0]
100043b8:	980e      	ldr	r0, [sp, #56]	@ 0x38
100043ba:	1b40      	subs	r0, r0, r5
100043bc:	00c0      	lsls	r0, r0, #3
100043be:	3801      	subs	r0, #1
100043c0:	6110      	str	r0, [r2, #16]
100043c2:	201f      	movs	r0, #31
100043c4:	4a5a      	ldr	r2, [pc, #360]	@ (10004530 <cyw43_spi_transfer+0x288>)
100043c6:	25a0      	movs	r5, #160	@ 0xa0
100043c8:	601a      	str	r2, [r3, #0]
100043ca:	6862      	ldr	r2, [r4, #4]
100043cc:	05ed      	lsls	r5, r5, #23
100043ce:	4002      	ands	r2, r0
100043d0:	601a      	str	r2, [r3, #0]
100043d2:	220c      	movs	r2, #12
100043d4:	4643      	mov	r3, r8
100043d6:	56a2      	ldrsb	r2, [r4, r2]
100043d8:	4856      	ldr	r0, [pc, #344]	@ (10004534 <cyw43_spi_transfer+0x28c>)
100043da:	4093      	lsls	r3, r2
100043dc:	502b      	str	r3, [r5, r0]
100043de:	4b56      	ldr	r3, [pc, #344]	@ (10004538 <cyw43_spi_transfer+0x290>)
100043e0:	2080      	movs	r0, #128	@ 0x80
100043e2:	4698      	mov	r8, r3
100043e4:	0192      	lsls	r2, r2, #6
100043e6:	4442      	add	r2, r8
100043e8:	0440      	lsls	r0, r0, #17
100043ea:	6813      	ldr	r3, [r2, #0]
100043ec:	4203      	tst	r3, r0
100043ee:	d1fc      	bne.n	100043ea <cyw43_spi_transfer+0x142>
100043f0:	4850      	ldr	r0, [pc, #320]	@ (10004534 <cyw43_spi_transfer+0x28c>)
100043f2:	220d      	movs	r2, #13
100043f4:	4680      	mov	r8, r0
100043f6:	2301      	movs	r3, #1
100043f8:	56a2      	ldrsb	r2, [r4, r2]
100043fa:	20a0      	movs	r0, #160	@ 0xa0
100043fc:	4093      	lsls	r3, r2
100043fe:	4645      	mov	r5, r8
10004400:	05c0      	lsls	r0, r0, #23
10004402:	5143      	str	r3, [r0, r5]
10004404:	4b4c      	ldr	r3, [pc, #304]	@ (10004538 <cyw43_spi_transfer+0x290>)
10004406:	2080      	movs	r0, #128	@ 0x80
10004408:	4698      	mov	r8, r3
1000440a:	0192      	lsls	r2, r2, #6
1000440c:	4442      	add	r2, r8
1000440e:	0440      	lsls	r0, r0, #17
10004410:	6813      	ldr	r3, [r2, #0]
10004412:	4203      	tst	r3, r0
10004414:	d1fc      	bne.n	10004410 <cyw43_spi_transfer+0x168>
10004416:	200c      	movs	r0, #12
10004418:	4b41      	ldr	r3, [pc, #260]	@ (10004520 <cyw43_spi_transfer+0x278>)
1000441a:	5620      	ldrsb	r0, [r4, r0]
1000441c:	18ca      	adds	r2, r1, r3
1000441e:	4663      	mov	r3, ip
10004420:	02c5      	lsls	r5, r0, #11
10004422:	46a8      	mov	r8, r5
10004424:	0d12      	lsrs	r2, r2, #20
10004426:	00d2      	lsls	r2, r2, #3
10004428:	4d44      	ldr	r5, [pc, #272]	@ (1000453c <cyw43_spi_transfer+0x294>)
1000442a:	189b      	adds	r3, r3, r2
1000442c:	03db      	lsls	r3, r3, #15
1000442e:	469a      	mov	sl, r3
10004430:	002b      	movs	r3, r5
10004432:	4645      	mov	r5, r8
10004434:	401d      	ands	r5, r3
10004436:	9303      	str	r3, [sp, #12]
10004438:	002b      	movs	r3, r5
1000443a:	4655      	mov	r5, sl
1000443c:	431d      	orrs	r5, r3
1000443e:	002b      	movs	r3, r5
10004440:	4d3f      	ldr	r5, [pc, #252]	@ (10004540 <cyw43_spi_transfer+0x298>)
10004442:	0180      	lsls	r0, r0, #6
10004444:	431d      	orrs	r5, r3
10004446:	464b      	mov	r3, r9
10004448:	46ab      	mov	fp, r5
1000444a:	25a0      	movs	r5, #160	@ 0xa0
1000444c:	009b      	lsls	r3, r3, #2
1000444e:	4698      	mov	r8, r3
10004450:	05ed      	lsls	r5, r5, #23
10004452:	46aa      	mov	sl, r5
10004454:	4645      	mov	r5, r8
10004456:	4450      	add	r0, sl
10004458:	6007      	str	r7, [r0, #0]
1000445a:	194f      	adds	r7, r1, r5
1000445c:	465d      	mov	r5, fp
1000445e:	9b02      	ldr	r3, [sp, #8]
10004460:	6047      	str	r7, [r0, #4]
10004462:	089b      	lsrs	r3, r3, #2
10004464:	6083      	str	r3, [r0, #8]
10004466:	60c5      	str	r5, [r0, #12]
10004468:	200d      	movs	r0, #13
1000446a:	5620      	ldrsb	r0, [r4, r0]
1000446c:	9d03      	ldr	r5, [sp, #12]
1000446e:	444a      	add	r2, r9
10004470:	02c7      	lsls	r7, r0, #11
10004472:	402f      	ands	r7, r5
10004474:	03d2      	lsls	r2, r2, #15
10004476:	9d0e      	ldr	r5, [sp, #56]	@ 0x38
10004478:	433a      	orrs	r2, r7
1000447a:	4f32      	ldr	r7, [pc, #200]	@ (10004544 <cyw43_spi_transfer+0x29c>)
1000447c:	0180      	lsls	r0, r0, #6
1000447e:	433a      	orrs	r2, r7
10004480:	08af      	lsrs	r7, r5, #2
10004482:	1aff      	subs	r7, r7, r3
10004484:	4643      	mov	r3, r8
10004486:	3310      	adds	r3, #16
10004488:	4450      	add	r0, sl
1000448a:	18cb      	adds	r3, r1, r3
1000448c:	6003      	str	r3, [r0, #0]
1000448e:	9b02      	ldr	r3, [sp, #8]
10004490:	18f3      	adds	r3, r6, r3
10004492:	6043      	str	r3, [r0, #4]
10004494:	6087      	str	r7, [r0, #8]
10004496:	2301      	movs	r3, #1
10004498:	60c2      	str	r2, [r0, #12]
1000449a:	4660      	mov	r0, ip
1000449c:	4083      	lsls	r3, r0
1000449e:	680a      	ldr	r2, [r1, #0]
100044a0:	4313      	orrs	r3, r2
100044a2:	600b      	str	r3, [r1, #0]
100044a4:	220c      	movs	r2, #12
100044a6:	4b28      	ldr	r3, [pc, #160]	@ (10004548 <cyw43_spi_transfer+0x2a0>)
100044a8:	2180      	movs	r1, #128	@ 0x80
100044aa:	469c      	mov	ip, r3
100044ac:	56a2      	ldrsb	r2, [r4, r2]
100044ae:	0449      	lsls	r1, r1, #17
100044b0:	0192      	lsls	r2, r2, #6
100044b2:	4462      	add	r2, ip
100044b4:	6813      	ldr	r3, [r2, #0]
100044b6:	420b      	tst	r3, r1
100044b8:	d1fc      	bne.n	100044b4 <cyw43_spi_transfer+0x20c>
100044ba:	220d      	movs	r2, #13
100044bc:	4b22      	ldr	r3, [pc, #136]	@ (10004548 <cyw43_spi_transfer+0x2a0>)
100044be:	2180      	movs	r1, #128	@ 0x80
100044c0:	469c      	mov	ip, r3
100044c2:	56a2      	ldrsb	r2, [r4, r2]
100044c4:	0449      	lsls	r1, r1, #17
100044c6:	0192      	lsls	r2, r2, #6
100044c8:	4462      	add	r2, ip
100044ca:	6813      	ldr	r3, [r2, #0]
100044cc:	420b      	tst	r3, r1
100044ce:	d1fc      	bne.n	100044ca <cyw43_spi_transfer+0x222>
100044d0:	2100      	movs	r1, #0
100044d2:	0030      	movs	r0, r6
100044d4:	9a02      	ldr	r2, [sp, #8]
100044d6:	f7fd ff0b 	bl	100022f0 <__wrap_memset>
100044da:	6820      	ldr	r0, [r4, #0]
100044dc:	68a1      	ldr	r1, [r4, #8]
100044de:	004b      	lsls	r3, r1, #1
100044e0:	185b      	adds	r3, r3, r1
100044e2:	00db      	lsls	r3, r3, #3
100044e4:	18c0      	adds	r0, r0, r3
100044e6:	4b19      	ldr	r3, [pc, #100]	@ (1000454c <cyw43_spi_transfer+0x2a4>)
100044e8:	30d8      	adds	r0, #216	@ 0xd8
100044ea:	6003      	str	r3, [r0, #0]
100044ec:	2280      	movs	r2, #128	@ 0x80
100044ee:	23d0      	movs	r3, #208	@ 0xd0
100044f0:	0492      	lsls	r2, r2, #18
100044f2:	061b      	lsls	r3, r3, #24
100044f4:	615a      	str	r2, [r3, #20]
100044f6:	f7ff fdfd 	bl	100040f4 <ns_delay.constprop.0>
100044fa:	2000      	movs	r0, #0
100044fc:	b005      	add	sp, #20
100044fe:	bcf0      	pop	{r4, r5, r6, r7}
10004500:	46bb      	mov	fp, r7
10004502:	46b2      	mov	sl, r6
10004504:	46a9      	mov	r9, r5
10004506:	46a0      	mov	r8, r4
10004508:	bdf0      	pop	{r4, r5, r6, r7, pc}
1000450a:	0037      	movs	r7, r6
1000450c:	e701      	b.n	10004312 <cyw43_spi_transfer+0x6a>
1000450e:	2b00      	cmp	r3, #0
10004510:	d000      	beq.n	10004514 <cyw43_spi_transfer+0x26c>
10004512:	e6d6      	b.n	100042c2 <cyw43_spi_transfer+0x1a>
10004514:	2005      	movs	r0, #5
10004516:	4240      	negs	r0, r0
10004518:	e7f0      	b.n	100044fc <cyw43_spi_transfer+0x254>
1000451a:	46c0      	nop			@ (mov r8, r8)
1000451c:	0000084c 	.word	0x0000084c
10004520:	afe00000 	.word	0xafe00000
10004524:	fffe007f 	.word	0xfffe007f
10004528:	000010d0 	.word	0x000010d0
1000452c:	00006020 	.word	0x00006020
10004530:	00006040 	.word	0x00006040
10004534:	00000444 	.word	0x00000444
10004538:	5000000c 	.word	0x5000000c
1000453c:	ff007ffd 	.word	0xff007ffd
10004540:	00400019 	.word	0x00400019
10004544:	00400029 	.word	0x00400029
10004548:	50000010 	.word	0x50000010
1000454c:	0000a003 	.word	0x0000a003
10004550:	2f00      	cmp	r7, #0
10004552:	d0c4      	beq.n	100044de <cyw43_spi_transfer+0x236>
10004554:	2201      	movs	r2, #1
10004556:	25cc      	movs	r5, #204	@ 0xcc
10004558:	4690      	mov	r8, r2
1000455a:	408a      	lsls	r2, r1
1000455c:	46ac      	mov	ip, r5
1000455e:	6803      	ldr	r3, [r0, #0]
10004560:	4393      	bics	r3, r2
10004562:	6003      	str	r3, [r0, #0]
10004564:	6863      	ldr	r3, [r4, #4]
10004566:	4699      	mov	r9, r3
10004568:	004b      	lsls	r3, r1, #1
1000456a:	185b      	adds	r3, r3, r1
1000456c:	00db      	lsls	r3, r3, #3
1000456e:	18c2      	adds	r2, r0, r3
10004570:	4494      	add	ip, r2
10004572:	4662      	mov	r2, ip
10004574:	6812      	ldr	r2, [r2, #0]
10004576:	18c3      	adds	r3, r0, r3
10004578:	4692      	mov	sl, r2
1000457a:	464a      	mov	r2, r9
1000457c:	3201      	adds	r2, #1
1000457e:	0315      	lsls	r5, r2, #12
10004580:	9503      	str	r5, [sp, #12]
10004582:	4d4a      	ldr	r5, [pc, #296]	@ (100046ac <cyw43_spi_transfer+0x404>)
10004584:	46ab      	mov	fp, r5
10004586:	4655      	mov	r5, sl
10004588:	465a      	mov	r2, fp
1000458a:	4015      	ands	r5, r2
1000458c:	002a      	movs	r2, r5
1000458e:	9d03      	ldr	r5, [sp, #12]
10004590:	4315      	orrs	r5, r2
10004592:	002a      	movs	r2, r5
10004594:	464d      	mov	r5, r9
10004596:	01ed      	lsls	r5, r5, #7
10004598:	432a      	orrs	r2, r5
1000459a:	4665      	mov	r5, ip
1000459c:	602a      	str	r2, [r5, #0]
1000459e:	4a44      	ldr	r2, [pc, #272]	@ (100046b0 <cyw43_spi_transfer+0x408>)
100045a0:	4645      	mov	r5, r8
100045a2:	4694      	mov	ip, r2
100045a4:	2280      	movs	r2, #128	@ 0x80
100045a6:	4463      	add	r3, ip
100045a8:	0612      	lsls	r2, r2, #24
100045aa:	601a      	str	r2, [r3, #0]
100045ac:	601a      	str	r2, [r3, #0]
100045ae:	2280      	movs	r2, #128	@ 0x80
100045b0:	2300      	movs	r3, #0
100045b2:	0452      	lsls	r2, r2, #17
100045b4:	9200      	str	r2, [sp, #0]
100045b6:	9301      	str	r3, [sp, #4]
100045b8:	f002 fd4c 	bl	10007054 <pio_sm_set_pindirs_with_mask64>
100045bc:	4642      	mov	r2, r8
100045be:	68a0      	ldr	r0, [r4, #8]
100045c0:	6821      	ldr	r1, [r4, #0]
100045c2:	1d03      	adds	r3, r0, #4
100045c4:	409a      	lsls	r2, r3
100045c6:	469c      	mov	ip, r3
100045c8:	2380      	movs	r3, #128	@ 0x80
100045ca:	019b      	lsls	r3, r3, #6
100045cc:	18cb      	adds	r3, r1, r3
100045ce:	601a      	str	r2, [r3, #0]
100045d0:	0002      	movs	r2, r0
100045d2:	3208      	adds	r2, #8
100045d4:	4095      	lsls	r5, r2
100045d6:	601d      	str	r5, [r3, #0]
100045d8:	9b02      	ldr	r3, [sp, #8]
100045da:	0082      	lsls	r2, r0, #2
100045dc:	00db      	lsls	r3, r3, #3
100045de:	188a      	adds	r2, r1, r2
100045e0:	3b01      	subs	r3, #1
100045e2:	6113      	str	r3, [r2, #16]
100045e4:	0043      	lsls	r3, r0, #1
100045e6:	181b      	adds	r3, r3, r0
100045e8:	00db      	lsls	r3, r3, #3
100045ea:	4d32      	ldr	r5, [pc, #200]	@ (100046b4 <cyw43_spi_transfer+0x40c>)
100045ec:	18cb      	adds	r3, r1, r3
100045ee:	33d8      	adds	r3, #216	@ 0xd8
100045f0:	601d      	str	r5, [r3, #0]
100045f2:	6116      	str	r6, [r2, #16]
100045f4:	261f      	movs	r6, #31
100045f6:	4a30      	ldr	r2, [pc, #192]	@ (100046b8 <cyw43_spi_transfer+0x410>)
100045f8:	4d30      	ldr	r5, [pc, #192]	@ (100046bc <cyw43_spi_transfer+0x414>)
100045fa:	601a      	str	r2, [r3, #0]
100045fc:	6862      	ldr	r2, [r4, #4]
100045fe:	4032      	ands	r2, r6
10004600:	601a      	str	r2, [r3, #0]
10004602:	220c      	movs	r2, #12
10004604:	4646      	mov	r6, r8
10004606:	56a2      	ldrsb	r2, [r4, r2]
10004608:	23a0      	movs	r3, #160	@ 0xa0
1000460a:	4096      	lsls	r6, r2
1000460c:	05db      	lsls	r3, r3, #23
1000460e:	515e      	str	r6, [r3, r5]
10004610:	4b2b      	ldr	r3, [pc, #172]	@ (100046c0 <cyw43_spi_transfer+0x418>)
10004612:	2680      	movs	r6, #128	@ 0x80
10004614:	4698      	mov	r8, r3
10004616:	0192      	lsls	r2, r2, #6
10004618:	4442      	add	r2, r8
1000461a:	0476      	lsls	r6, r6, #17
1000461c:	6813      	ldr	r3, [r2, #0]
1000461e:	4233      	tst	r3, r6
10004620:	d1fc      	bne.n	1000461c <cyw43_spi_transfer+0x374>
10004622:	220c      	movs	r2, #12
10004624:	4b27      	ldr	r3, [pc, #156]	@ (100046c4 <cyw43_spi_transfer+0x41c>)
10004626:	56a2      	ldrsb	r2, [r4, r2]
10004628:	18cb      	adds	r3, r1, r3
1000462a:	0d1b      	lsrs	r3, r3, #20
1000462c:	4d26      	ldr	r5, [pc, #152]	@ (100046c8 <cyw43_spi_transfer+0x420>)
1000462e:	00db      	lsls	r3, r3, #3
10004630:	02d6      	lsls	r6, r2, #11
10004632:	181b      	adds	r3, r3, r0
10004634:	402e      	ands	r6, r5
10004636:	03db      	lsls	r3, r3, #15
10004638:	4333      	orrs	r3, r6
1000463a:	4e24      	ldr	r6, [pc, #144]	@ (100046cc <cyw43_spi_transfer+0x424>)
1000463c:	0192      	lsls	r2, r2, #6
1000463e:	431e      	orrs	r6, r3
10004640:	9b02      	ldr	r3, [sp, #8]
10004642:	089d      	lsrs	r5, r3, #2
10004644:	23a0      	movs	r3, #160	@ 0xa0
10004646:	05db      	lsls	r3, r3, #23
10004648:	4698      	mov	r8, r3
1000464a:	4663      	mov	r3, ip
1000464c:	009b      	lsls	r3, r3, #2
1000464e:	4442      	add	r2, r8
10004650:	18cb      	adds	r3, r1, r3
10004652:	6017      	str	r7, [r2, #0]
10004654:	6053      	str	r3, [r2, #4]
10004656:	2301      	movs	r3, #1
10004658:	4083      	lsls	r3, r0
1000465a:	6095      	str	r5, [r2, #8]
1000465c:	60d6      	str	r6, [r2, #12]
1000465e:	680a      	ldr	r2, [r1, #0]
10004660:	4313      	orrs	r3, r2
10004662:	220c      	movs	r2, #12
10004664:	600b      	str	r3, [r1, #0]
10004666:	4b1a      	ldr	r3, [pc, #104]	@ (100046d0 <cyw43_spi_transfer+0x428>)
10004668:	2180      	movs	r1, #128	@ 0x80
1000466a:	469c      	mov	ip, r3
1000466c:	56a2      	ldrsb	r2, [r4, r2]
1000466e:	0449      	lsls	r1, r1, #17
10004670:	0192      	lsls	r2, r2, #6
10004672:	4462      	add	r2, ip
10004674:	6813      	ldr	r3, [r2, #0]
10004676:	420b      	tst	r3, r1
10004678:	d1fc      	bne.n	10004674 <cyw43_spi_transfer+0x3cc>
1000467a:	2201      	movs	r2, #1
1000467c:	68a3      	ldr	r3, [r4, #8]
1000467e:	6821      	ldr	r1, [r4, #0]
10004680:	3318      	adds	r3, #24
10004682:	409a      	lsls	r2, r3
10004684:	608a      	str	r2, [r1, #8]
10004686:	688b      	ldr	r3, [r1, #8]
10004688:	421a      	tst	r2, r3
1000468a:	d0fc      	beq.n	10004686 <cyw43_spi_transfer+0x3de>
1000468c:	2201      	movs	r2, #1
1000468e:	68a1      	ldr	r1, [r4, #8]
10004690:	6820      	ldr	r0, [r4, #0]
10004692:	408a      	lsls	r2, r1
10004694:	6803      	ldr	r3, [r0, #0]
10004696:	4393      	bics	r3, r2
10004698:	6003      	str	r3, [r0, #0]
1000469a:	2300      	movs	r3, #0
1000469c:	2218      	movs	r2, #24
1000469e:	9300      	str	r3, [sp, #0]
100046a0:	3301      	adds	r3, #1
100046a2:	f002 fd2d 	bl	10007100 <pio_sm_set_consecutive_pindirs>
100046a6:	6820      	ldr	r0, [r4, #0]
100046a8:	68a1      	ldr	r1, [r4, #8]
100046aa:	e718      	b.n	100044de <cyw43_spi_transfer+0x236>
100046ac:	fffe007f 	.word	0xfffe007f
100046b0:	000010d0 	.word	0x000010d0
100046b4:	00006020 	.word	0x00006020
100046b8:	00006040 	.word	0x00006040
100046bc:	00000444 	.word	0x00000444
100046c0:	5000000c 	.word	0x5000000c
100046c4:	afe00000 	.word	0xafe00000
100046c8:	ff007ffd 	.word	0xff007ffd
100046cc:	00400019 	.word	0x00400019
100046d0:	50000010 	.word	0x50000010

100046d4 <cyw43_spi_gpio_setup>:
100046d4:	b510      	push	{r4, lr}
100046d6:	2017      	movs	r0, #23
100046d8:	f7fb feb4 	bl	10000444 <gpio_init>
100046dc:	24d0      	movs	r4, #208	@ 0xd0
100046de:	2380      	movs	r3, #128	@ 0x80
100046e0:	0624      	lsls	r4, r4, #24
100046e2:	041b      	lsls	r3, r3, #16
100046e4:	2200      	movs	r2, #0
100046e6:	2101      	movs	r1, #1
100046e8:	6263      	str	r3, [r4, #36]	@ 0x24
100046ea:	2017      	movs	r0, #23
100046ec:	f7fb fe24 	bl	10000338 <gpio_set_pulls>
100046f0:	2018      	movs	r0, #24
100046f2:	f7fb fea7 	bl	10000444 <gpio_init>
100046f6:	2380      	movs	r3, #128	@ 0x80
100046f8:	045b      	lsls	r3, r3, #17
100046fa:	6263      	str	r3, [r4, #36]	@ 0x24
100046fc:	2019      	movs	r0, #25
100046fe:	61a3      	str	r3, [r4, #24]
10004700:	f7fb fea0 	bl	10000444 <gpio_init>
10004704:	2380      	movs	r3, #128	@ 0x80
10004706:	049b      	lsls	r3, r3, #18
10004708:	6263      	str	r3, [r4, #36]	@ 0x24
1000470a:	6163      	str	r3, [r4, #20]
1000470c:	bd10      	pop	{r4, pc}
1000470e:	46c0      	nop			@ (mov r8, r8)

10004710 <cyw43_spi_reset>:
10004710:	b570      	push	{r4, r5, r6, lr}
10004712:	24d0      	movs	r4, #208	@ 0xd0
10004714:	2580      	movs	r5, #128	@ 0x80
10004716:	0624      	lsls	r4, r4, #24
10004718:	042d      	lsls	r5, r5, #16
1000471a:	61a5      	str	r5, [r4, #24]
1000471c:	2014      	movs	r0, #20
1000471e:	f002 ff7b 	bl	10007618 <cyw43_delay_ms>
10004722:	6165      	str	r5, [r4, #20]
10004724:	20fa      	movs	r0, #250	@ 0xfa
10004726:	f002 ff77 	bl	10007618 <cyw43_delay_ms>
1000472a:	2018      	movs	r0, #24
1000472c:	f7fb fe8a 	bl	10000444 <gpio_init>
10004730:	2380      	movs	r3, #128	@ 0x80
10004732:	045b      	lsls	r3, r3, #17
10004734:	62a3      	str	r3, [r4, #40]	@ 0x28
10004736:	bd70      	pop	{r4, r5, r6, pc}

10004738 <read_reg_u32_swap>:
10004738:	2300      	movs	r3, #0
1000473a:	b500      	push	{lr}
1000473c:	b085      	sub	sp, #20
1000473e:	9303      	str	r3, [sp, #12]
10004740:	4b0c      	ldr	r3, [pc, #48]	@ (10004774 <read_reg_u32_swap+0x3c>)
10004742:	02d2      	lsls	r2, r2, #11
10004744:	401a      	ands	r2, r3
10004746:	2308      	movs	r3, #8
10004748:	0709      	lsls	r1, r1, #28
1000474a:	4311      	orrs	r1, r2
1000474c:	4a0a      	ldr	r2, [pc, #40]	@ (10004778 <read_reg_u32_swap+0x40>)
1000474e:	9300      	str	r3, [sp, #0]
10004750:	430a      	orrs	r2, r1
10004752:	ab02      	add	r3, sp, #8
10004754:	ba52      	rev16	r2, r2
10004756:	2100      	movs	r1, #0
10004758:	9202      	str	r2, [sp, #8]
1000475a:	2204      	movs	r2, #4
1000475c:	f7ff fda4 	bl	100042a8 <cyw43_spi_transfer>
10004760:	2800      	cmp	r0, #0
10004762:	d103      	bne.n	1000476c <read_reg_u32_swap+0x34>
10004764:	9803      	ldr	r0, [sp, #12]
10004766:	ba40      	rev16	r0, r0
10004768:	b005      	add	sp, #20
1000476a:	bd00      	pop	{pc}
1000476c:	2005      	movs	r0, #5
1000476e:	4240      	negs	r0, r0
10004770:	e7fa      	b.n	10004768 <read_reg_u32_swap+0x30>
10004772:	46c0      	nop			@ (mov r8, r8)
10004774:	0ffff800 	.word	0x0ffff800
10004778:	40000004 	.word	0x40000004

1000477c <cyw43_read_reg_u32>:
1000477c:	b510      	push	{r4, lr}
1000477e:	4b13      	ldr	r3, [pc, #76]	@ (100047cc <cyw43_read_reg_u32+0x50>)
10004780:	02d2      	lsls	r2, r2, #11
10004782:	401a      	ands	r2, r3
10004784:	070b      	lsls	r3, r1, #28
10004786:	431a      	orrs	r2, r3
10004788:	4b11      	ldr	r3, [pc, #68]	@ (100047d0 <cyw43_read_reg_u32+0x54>)
1000478a:	b08a      	sub	sp, #40	@ 0x28
1000478c:	4313      	orrs	r3, r2
1000478e:	1e4c      	subs	r4, r1, #1
10004790:	9304      	str	r3, [sp, #16]
10004792:	4263      	negs	r3, r4
10004794:	4163      	adcs	r3, r4
10004796:	011b      	lsls	r3, r3, #4
10004798:	3308      	adds	r3, #8
1000479a:	9300      	str	r3, [sp, #0]
1000479c:	2204      	movs	r2, #4
1000479e:	2100      	movs	r1, #0
100047a0:	ab04      	add	r3, sp, #16
100047a2:	f7ff fd81 	bl	100042a8 <cyw43_spi_transfer>
100047a6:	2800      	cmp	r0, #0
100047a8:	d10c      	bne.n	100047c4 <cyw43_read_reg_u32+0x48>
100047aa:	1e63      	subs	r3, r4, #1
100047ac:	419c      	sbcs	r4, r3
100047ae:	2303      	movs	r3, #3
100047b0:	2208      	movs	r2, #8
100047b2:	4261      	negs	r1, r4
100047b4:	4399      	bics	r1, r3
100047b6:	3105      	adds	r1, #5
100047b8:	ab02      	add	r3, sp, #8
100047ba:	0089      	lsls	r1, r1, #2
100047bc:	189b      	adds	r3, r3, r2
100047be:	5858      	ldr	r0, [r3, r1]
100047c0:	b00a      	add	sp, #40	@ 0x28
100047c2:	bd10      	pop	{r4, pc}
100047c4:	2005      	movs	r0, #5
100047c6:	4240      	negs	r0, r0
100047c8:	e7fa      	b.n	100047c0 <cyw43_read_reg_u32+0x44>
100047ca:	46c0      	nop			@ (mov r8, r8)
100047cc:	0ffff800 	.word	0x0ffff800
100047d0:	40000004 	.word	0x40000004

100047d4 <cyw43_read_reg_u16>:
100047d4:	b510      	push	{r4, lr}
100047d6:	4b13      	ldr	r3, [pc, #76]	@ (10004824 <cyw43_read_reg_u16+0x50>)
100047d8:	02d2      	lsls	r2, r2, #11
100047da:	401a      	ands	r2, r3
100047dc:	070b      	lsls	r3, r1, #28
100047de:	431a      	orrs	r2, r3
100047e0:	4b11      	ldr	r3, [pc, #68]	@ (10004828 <cyw43_read_reg_u16+0x54>)
100047e2:	b08a      	sub	sp, #40	@ 0x28
100047e4:	4313      	orrs	r3, r2
100047e6:	1e4c      	subs	r4, r1, #1
100047e8:	9304      	str	r3, [sp, #16]
100047ea:	4263      	negs	r3, r4
100047ec:	4163      	adcs	r3, r4
100047ee:	011b      	lsls	r3, r3, #4
100047f0:	3308      	adds	r3, #8
100047f2:	9300      	str	r3, [sp, #0]
100047f4:	2204      	movs	r2, #4
100047f6:	2100      	movs	r1, #0
100047f8:	ab04      	add	r3, sp, #16
100047fa:	f7ff fd55 	bl	100042a8 <cyw43_spi_transfer>
100047fe:	2800      	cmp	r0, #0
10004800:	d10c      	bne.n	1000481c <cyw43_read_reg_u16+0x48>
10004802:	1e63      	subs	r3, r4, #1
10004804:	419c      	sbcs	r4, r3
10004806:	2303      	movs	r3, #3
10004808:	2208      	movs	r2, #8
1000480a:	4261      	negs	r1, r4
1000480c:	4399      	bics	r1, r3
1000480e:	3105      	adds	r1, #5
10004810:	ab02      	add	r3, sp, #8
10004812:	0089      	lsls	r1, r1, #2
10004814:	189b      	adds	r3, r3, r2
10004816:	5858      	ldr	r0, [r3, r1]
10004818:	b00a      	add	sp, #40	@ 0x28
1000481a:	bd10      	pop	{r4, pc}
1000481c:	2005      	movs	r0, #5
1000481e:	4240      	negs	r0, r0
10004820:	e7fa      	b.n	10004818 <cyw43_read_reg_u16+0x44>
10004822:	46c0      	nop			@ (mov r8, r8)
10004824:	0ffff800 	.word	0x0ffff800
10004828:	40000002 	.word	0x40000002

1000482c <cyw43_read_reg_u8>:
1000482c:	b510      	push	{r4, lr}
1000482e:	4b13      	ldr	r3, [pc, #76]	@ (1000487c <cyw43_read_reg_u8+0x50>)
10004830:	02d2      	lsls	r2, r2, #11
10004832:	401a      	ands	r2, r3
10004834:	070b      	lsls	r3, r1, #28
10004836:	431a      	orrs	r2, r3
10004838:	4b11      	ldr	r3, [pc, #68]	@ (10004880 <cyw43_read_reg_u8+0x54>)
1000483a:	b08a      	sub	sp, #40	@ 0x28
1000483c:	4313      	orrs	r3, r2
1000483e:	1e4c      	subs	r4, r1, #1
10004840:	9304      	str	r3, [sp, #16]
10004842:	4263      	negs	r3, r4
10004844:	4163      	adcs	r3, r4
10004846:	011b      	lsls	r3, r3, #4
10004848:	3308      	adds	r3, #8
1000484a:	9300      	str	r3, [sp, #0]
1000484c:	2204      	movs	r2, #4
1000484e:	2100      	movs	r1, #0
10004850:	ab04      	add	r3, sp, #16
10004852:	f7ff fd29 	bl	100042a8 <cyw43_spi_transfer>
10004856:	2800      	cmp	r0, #0
10004858:	d10c      	bne.n	10004874 <cyw43_read_reg_u8+0x48>
1000485a:	1e63      	subs	r3, r4, #1
1000485c:	419c      	sbcs	r4, r3
1000485e:	2303      	movs	r3, #3
10004860:	2208      	movs	r2, #8
10004862:	4261      	negs	r1, r4
10004864:	4399      	bics	r1, r3
10004866:	3105      	adds	r1, #5
10004868:	ab02      	add	r3, sp, #8
1000486a:	0089      	lsls	r1, r1, #2
1000486c:	189b      	adds	r3, r3, r2
1000486e:	5858      	ldr	r0, [r3, r1]
10004870:	b00a      	add	sp, #40	@ 0x28
10004872:	bd10      	pop	{r4, pc}
10004874:	2005      	movs	r0, #5
10004876:	4240      	negs	r0, r0
10004878:	e7fa      	b.n	10004870 <cyw43_read_reg_u8+0x44>
1000487a:	46c0      	nop			@ (mov r8, r8)
1000487c:	0ffff800 	.word	0x0ffff800
10004880:	40000001 	.word	0x40000001

10004884 <write_reg_u32_swap>:
10004884:	b5f0      	push	{r4, r5, r6, r7, lr}
10004886:	ba5b      	rev16	r3, r3
10004888:	46de      	mov	lr, fp
1000488a:	4657      	mov	r7, sl
1000488c:	464e      	mov	r6, r9
1000488e:	4645      	mov	r5, r8
10004890:	b5e0      	push	{r5, r6, r7, lr}
10004892:	4c74      	ldr	r4, [pc, #464]	@ (10004a64 <write_reg_u32_swap+0x1e0>)
10004894:	02d2      	lsls	r2, r2, #11
10004896:	4022      	ands	r2, r4
10004898:	0709      	lsls	r1, r1, #28
1000489a:	4311      	orrs	r1, r2
1000489c:	4a72      	ldr	r2, [pc, #456]	@ (10004a68 <write_reg_u32_swap+0x1e4>)
1000489e:	b085      	sub	sp, #20
100048a0:	430a      	orrs	r2, r1
100048a2:	9303      	str	r3, [sp, #12]
100048a4:	4b71      	ldr	r3, [pc, #452]	@ (10004a6c <write_reg_u32_swap+0x1e8>)
100048a6:	a902      	add	r1, sp, #8
100048a8:	58c4      	ldr	r4, [r0, r3]
100048aa:	4b71      	ldr	r3, [pc, #452]	@ (10004a70 <write_reg_u32_swap+0x1ec>)
100048ac:	468a      	mov	sl, r1
100048ae:	ba52      	rev16	r2, r2
100048b0:	469c      	mov	ip, r3
100048b2:	6821      	ldr	r1, [r4, #0]
100048b4:	2018      	movs	r0, #24
100048b6:	4461      	add	r1, ip
100048b8:	0d09      	lsrs	r1, r1, #20
100048ba:	3106      	adds	r1, #6
100048bc:	b2c9      	uxtb	r1, r1
100048be:	9202      	str	r2, [sp, #8]
100048c0:	f7fb fd20 	bl	10000304 <gpio_set_function>
100048c4:	4b6a      	ldr	r3, [pc, #424]	@ (10004a70 <write_reg_u32_swap+0x1ec>)
100048c6:	6821      	ldr	r1, [r4, #0]
100048c8:	469c      	mov	ip, r3
100048ca:	4461      	add	r1, ip
100048cc:	0d09      	lsrs	r1, r1, #20
100048ce:	3106      	adds	r1, #6
100048d0:	201d      	movs	r0, #29
100048d2:	b2c9      	uxtb	r1, r1
100048d4:	f7fb fd16 	bl	10000304 <gpio_set_function>
100048d8:	2201      	movs	r2, #1
100048da:	2100      	movs	r1, #0
100048dc:	201d      	movs	r0, #29
100048de:	f7fb fd2b 	bl	10000338 <gpio_set_pulls>
100048e2:	23d0      	movs	r3, #208	@ 0xd0
100048e4:	2280      	movs	r2, #128	@ 0x80
100048e6:	2701      	movs	r7, #1
100048e8:	061b      	lsls	r3, r3, #24
100048ea:	0492      	lsls	r2, r2, #18
100048ec:	619a      	str	r2, [r3, #24]
100048ee:	003a      	movs	r2, r7
100048f0:	68a1      	ldr	r1, [r4, #8]
100048f2:	6820      	ldr	r0, [r4, #0]
100048f4:	408a      	lsls	r2, r1
100048f6:	6803      	ldr	r3, [r0, #0]
100048f8:	4d5e      	ldr	r5, [pc, #376]	@ (10004a74 <write_reg_u32_swap+0x1f0>)
100048fa:	4393      	bics	r3, r2
100048fc:	6003      	str	r3, [r0, #0]
100048fe:	6863      	ldr	r3, [r4, #4]
10004900:	46a9      	mov	r9, r5
10004902:	469c      	mov	ip, r3
10004904:	004b      	lsls	r3, r1, #1
10004906:	185b      	adds	r3, r3, r1
10004908:	00db      	lsls	r3, r3, #3
1000490a:	18c6      	adds	r6, r0, r3
1000490c:	36cc      	adds	r6, #204	@ 0xcc
1000490e:	6832      	ldr	r2, [r6, #0]
10004910:	18c3      	adds	r3, r0, r3
10004912:	4690      	mov	r8, r2
10004914:	4662      	mov	r2, ip
10004916:	3201      	adds	r2, #1
10004918:	0312      	lsls	r2, r2, #12
1000491a:	4693      	mov	fp, r2
1000491c:	4645      	mov	r5, r8
1000491e:	464a      	mov	r2, r9
10004920:	4015      	ands	r5, r2
10004922:	002a      	movs	r2, r5
10004924:	465d      	mov	r5, fp
10004926:	4315      	orrs	r5, r2
10004928:	002a      	movs	r2, r5
1000492a:	4665      	mov	r5, ip
1000492c:	01ed      	lsls	r5, r5, #7
1000492e:	432a      	orrs	r2, r5
10004930:	6032      	str	r2, [r6, #0]
10004932:	4a51      	ldr	r2, [pc, #324]	@ (10004a78 <write_reg_u32_swap+0x1f4>)
10004934:	003d      	movs	r5, r7
10004936:	4694      	mov	ip, r2
10004938:	2280      	movs	r2, #128	@ 0x80
1000493a:	4463      	add	r3, ip
1000493c:	0612      	lsls	r2, r2, #24
1000493e:	601a      	str	r2, [r3, #0]
10004940:	601a      	str	r2, [r3, #0]
10004942:	2280      	movs	r2, #128	@ 0x80
10004944:	2300      	movs	r3, #0
10004946:	0452      	lsls	r2, r2, #17
10004948:	9200      	str	r2, [sp, #0]
1000494a:	9301      	str	r3, [sp, #4]
1000494c:	f002 fb82 	bl	10007054 <pio_sm_set_pindirs_with_mask64>
10004950:	003a      	movs	r2, r7
10004952:	68a0      	ldr	r0, [r4, #8]
10004954:	2380      	movs	r3, #128	@ 0x80
10004956:	1d06      	adds	r6, r0, #4
10004958:	40b2      	lsls	r2, r6
1000495a:	6821      	ldr	r1, [r4, #0]
1000495c:	019b      	lsls	r3, r3, #6
1000495e:	18cb      	adds	r3, r1, r3
10004960:	601a      	str	r2, [r3, #0]
10004962:	0002      	movs	r2, r0
10004964:	3208      	adds	r2, #8
10004966:	4095      	lsls	r5, r2
10004968:	601d      	str	r5, [r3, #0]
1000496a:	233f      	movs	r3, #63	@ 0x3f
1000496c:	0082      	lsls	r2, r0, #2
1000496e:	188a      	adds	r2, r1, r2
10004970:	6113      	str	r3, [r2, #16]
10004972:	0043      	lsls	r3, r0, #1
10004974:	181b      	adds	r3, r3, r0
10004976:	00db      	lsls	r3, r3, #3
10004978:	4d40      	ldr	r5, [pc, #256]	@ (10004a7c <write_reg_u32_swap+0x1f8>)
1000497a:	18cb      	adds	r3, r1, r3
1000497c:	33d8      	adds	r3, #216	@ 0xd8
1000497e:	601d      	str	r5, [r3, #0]
10004980:	2500      	movs	r5, #0
10004982:	6115      	str	r5, [r2, #16]
10004984:	4a3e      	ldr	r2, [pc, #248]	@ (10004a80 <write_reg_u32_swap+0x1fc>)
10004986:	351f      	adds	r5, #31
10004988:	601a      	str	r2, [r3, #0]
1000498a:	6862      	ldr	r2, [r4, #4]
1000498c:	402a      	ands	r2, r5
1000498e:	601a      	str	r2, [r3, #0]
10004990:	220c      	movs	r2, #12
10004992:	56a2      	ldrsb	r2, [r4, r2]
10004994:	23a0      	movs	r3, #160	@ 0xa0
10004996:	4097      	lsls	r7, r2
10004998:	4d3a      	ldr	r5, [pc, #232]	@ (10004a84 <write_reg_u32_swap+0x200>)
1000499a:	05db      	lsls	r3, r3, #23
1000499c:	515f      	str	r7, [r3, r5]
1000499e:	4b3a      	ldr	r3, [pc, #232]	@ (10004a88 <write_reg_u32_swap+0x204>)
100049a0:	2780      	movs	r7, #128	@ 0x80
100049a2:	469c      	mov	ip, r3
100049a4:	0192      	lsls	r2, r2, #6
100049a6:	4462      	add	r2, ip
100049a8:	047f      	lsls	r7, r7, #17
100049aa:	6813      	ldr	r3, [r2, #0]
100049ac:	423b      	tst	r3, r7
100049ae:	d1fc      	bne.n	100049aa <write_reg_u32_swap+0x126>
100049b0:	220c      	movs	r2, #12
100049b2:	4b2f      	ldr	r3, [pc, #188]	@ (10004a70 <write_reg_u32_swap+0x1ec>)
100049b4:	56a2      	ldrsb	r2, [r4, r2]
100049b6:	18cb      	adds	r3, r1, r3
100049b8:	0d1b      	lsrs	r3, r3, #20
100049ba:	4d34      	ldr	r5, [pc, #208]	@ (10004a8c <write_reg_u32_swap+0x208>)
100049bc:	00db      	lsls	r3, r3, #3
100049be:	02d7      	lsls	r7, r2, #11
100049c0:	181b      	adds	r3, r3, r0
100049c2:	402f      	ands	r7, r5
100049c4:	03db      	lsls	r3, r3, #15
100049c6:	433b      	orrs	r3, r7
100049c8:	4f31      	ldr	r7, [pc, #196]	@ (10004a90 <write_reg_u32_swap+0x20c>)
100049ca:	00b6      	lsls	r6, r6, #2
100049cc:	431f      	orrs	r7, r3
100049ce:	0193      	lsls	r3, r2, #6
100049d0:	22a0      	movs	r2, #160	@ 0xa0
100049d2:	05d2      	lsls	r2, r2, #23
100049d4:	4694      	mov	ip, r2
100049d6:	4652      	mov	r2, sl
100049d8:	4463      	add	r3, ip
100049da:	601a      	str	r2, [r3, #0]
100049dc:	2202      	movs	r2, #2
100049de:	198e      	adds	r6, r1, r6
100049e0:	605e      	str	r6, [r3, #4]
100049e2:	609a      	str	r2, [r3, #8]
100049e4:	60df      	str	r7, [r3, #12]
100049e6:	2301      	movs	r3, #1
100049e8:	4083      	lsls	r3, r0
100049ea:	680a      	ldr	r2, [r1, #0]
100049ec:	4313      	orrs	r3, r2
100049ee:	220c      	movs	r2, #12
100049f0:	600b      	str	r3, [r1, #0]
100049f2:	4b28      	ldr	r3, [pc, #160]	@ (10004a94 <write_reg_u32_swap+0x210>)
100049f4:	2180      	movs	r1, #128	@ 0x80
100049f6:	469c      	mov	ip, r3
100049f8:	56a2      	ldrsb	r2, [r4, r2]
100049fa:	0449      	lsls	r1, r1, #17
100049fc:	0192      	lsls	r2, r2, #6
100049fe:	4462      	add	r2, ip
10004a00:	6813      	ldr	r3, [r2, #0]
10004a02:	420b      	tst	r3, r1
10004a04:	d1fc      	bne.n	10004a00 <write_reg_u32_swap+0x17c>
10004a06:	2201      	movs	r2, #1
10004a08:	68a3      	ldr	r3, [r4, #8]
10004a0a:	6821      	ldr	r1, [r4, #0]
10004a0c:	3318      	adds	r3, #24
10004a0e:	409a      	lsls	r2, r3
10004a10:	608a      	str	r2, [r1, #8]
10004a12:	688b      	ldr	r3, [r1, #8]
10004a14:	4213      	tst	r3, r2
10004a16:	d0fc      	beq.n	10004a12 <write_reg_u32_swap+0x18e>
10004a18:	2201      	movs	r2, #1
10004a1a:	68a1      	ldr	r1, [r4, #8]
10004a1c:	6820      	ldr	r0, [r4, #0]
10004a1e:	408a      	lsls	r2, r1
10004a20:	6803      	ldr	r3, [r0, #0]
10004a22:	4393      	bics	r3, r2
10004a24:	6003      	str	r3, [r0, #0]
10004a26:	2300      	movs	r3, #0
10004a28:	2218      	movs	r2, #24
10004a2a:	9300      	str	r3, [sp, #0]
10004a2c:	3301      	adds	r3, #1
10004a2e:	f002 fb67 	bl	10007100 <pio_sm_set_consecutive_pindirs>
10004a32:	68a1      	ldr	r1, [r4, #8]
10004a34:	6823      	ldr	r3, [r4, #0]
10004a36:	004a      	lsls	r2, r1, #1
10004a38:	1852      	adds	r2, r2, r1
10004a3a:	00d2      	lsls	r2, r2, #3
10004a3c:	189b      	adds	r3, r3, r2
10004a3e:	4a16      	ldr	r2, [pc, #88]	@ (10004a98 <write_reg_u32_swap+0x214>)
10004a40:	33d8      	adds	r3, #216	@ 0xd8
10004a42:	601a      	str	r2, [r3, #0]
10004a44:	23d0      	movs	r3, #208	@ 0xd0
10004a46:	2280      	movs	r2, #128	@ 0x80
10004a48:	061b      	lsls	r3, r3, #24
10004a4a:	0492      	lsls	r2, r2, #18
10004a4c:	615a      	str	r2, [r3, #20]
10004a4e:	f7ff fb51 	bl	100040f4 <ns_delay.constprop.0>
10004a52:	2000      	movs	r0, #0
10004a54:	b005      	add	sp, #20
10004a56:	bcf0      	pop	{r4, r5, r6, r7}
10004a58:	46bb      	mov	fp, r7
10004a5a:	46b2      	mov	sl, r6
10004a5c:	46a9      	mov	r9, r5
10004a5e:	46a0      	mov	r8, r4
10004a60:	bdf0      	pop	{r4, r5, r6, r7, pc}
10004a62:	46c0      	nop			@ (mov r8, r8)
10004a64:	0ffff800 	.word	0x0ffff800
10004a68:	c0000004 	.word	0xc0000004
10004a6c:	0000084c 	.word	0x0000084c
10004a70:	afe00000 	.word	0xafe00000
10004a74:	fffe007f 	.word	0xfffe007f
10004a78:	000010d0 	.word	0x000010d0
10004a7c:	00006020 	.word	0x00006020
10004a80:	00006040 	.word	0x00006040
10004a84:	00000444 	.word	0x00000444
10004a88:	5000000c 	.word	0x5000000c
10004a8c:	ff007ffd 	.word	0xff007ffd
10004a90:	00400019 	.word	0x00400019
10004a94:	50000010 	.word	0x50000010
10004a98:	0000a003 	.word	0x0000a003

10004a9c <cyw43_write_reg_u32>:
10004a9c:	b5f0      	push	{r4, r5, r6, r7, lr}
10004a9e:	46de      	mov	lr, fp
10004aa0:	4657      	mov	r7, sl
10004aa2:	464e      	mov	r6, r9
10004aa4:	4645      	mov	r5, r8
10004aa6:	b5e0      	push	{r5, r6, r7, lr}
10004aa8:	b085      	sub	sp, #20
10004aaa:	ac02      	add	r4, sp, #8
10004aac:	46a2      	mov	sl, r4
10004aae:	4c72      	ldr	r4, [pc, #456]	@ (10004c78 <cyw43_write_reg_u32+0x1dc>)
10004ab0:	02d2      	lsls	r2, r2, #11
10004ab2:	4022      	ands	r2, r4
10004ab4:	0709      	lsls	r1, r1, #28
10004ab6:	430a      	orrs	r2, r1
10004ab8:	4970      	ldr	r1, [pc, #448]	@ (10004c7c <cyw43_write_reg_u32+0x1e0>)
10004aba:	2701      	movs	r7, #1
10004abc:	430a      	orrs	r2, r1
10004abe:	9202      	str	r2, [sp, #8]
10004ac0:	4652      	mov	r2, sl
10004ac2:	6053      	str	r3, [r2, #4]
10004ac4:	4b6e      	ldr	r3, [pc, #440]	@ (10004c80 <cyw43_write_reg_u32+0x1e4>)
10004ac6:	4d6f      	ldr	r5, [pc, #444]	@ (10004c84 <cyw43_write_reg_u32+0x1e8>)
10004ac8:	58c4      	ldr	r4, [r0, r3]
10004aca:	4b6f      	ldr	r3, [pc, #444]	@ (10004c88 <cyw43_write_reg_u32+0x1ec>)
10004acc:	6821      	ldr	r1, [r4, #0]
10004ace:	469c      	mov	ip, r3
10004ad0:	4461      	add	r1, ip
10004ad2:	0d09      	lsrs	r1, r1, #20
10004ad4:	3106      	adds	r1, #6
10004ad6:	2018      	movs	r0, #24
10004ad8:	b2c9      	uxtb	r1, r1
10004ada:	f7fb fc13 	bl	10000304 <gpio_set_function>
10004ade:	4b6a      	ldr	r3, [pc, #424]	@ (10004c88 <cyw43_write_reg_u32+0x1ec>)
10004ae0:	6821      	ldr	r1, [r4, #0]
10004ae2:	469c      	mov	ip, r3
10004ae4:	4461      	add	r1, ip
10004ae6:	0d09      	lsrs	r1, r1, #20
10004ae8:	3106      	adds	r1, #6
10004aea:	201d      	movs	r0, #29
10004aec:	b2c9      	uxtb	r1, r1
10004aee:	f7fb fc09 	bl	10000304 <gpio_set_function>
10004af2:	2201      	movs	r2, #1
10004af4:	2100      	movs	r1, #0
10004af6:	201d      	movs	r0, #29
10004af8:	f7fb fc1e 	bl	10000338 <gpio_set_pulls>
10004afc:	23d0      	movs	r3, #208	@ 0xd0
10004afe:	2280      	movs	r2, #128	@ 0x80
10004b00:	061b      	lsls	r3, r3, #24
10004b02:	0492      	lsls	r2, r2, #18
10004b04:	619a      	str	r2, [r3, #24]
10004b06:	003a      	movs	r2, r7
10004b08:	68a1      	ldr	r1, [r4, #8]
10004b0a:	6820      	ldr	r0, [r4, #0]
10004b0c:	408a      	lsls	r2, r1
10004b0e:	6803      	ldr	r3, [r0, #0]
10004b10:	46a9      	mov	r9, r5
10004b12:	4393      	bics	r3, r2
10004b14:	6003      	str	r3, [r0, #0]
10004b16:	6863      	ldr	r3, [r4, #4]
10004b18:	469c      	mov	ip, r3
10004b1a:	004b      	lsls	r3, r1, #1
10004b1c:	185b      	adds	r3, r3, r1
10004b1e:	00db      	lsls	r3, r3, #3
10004b20:	18c6      	adds	r6, r0, r3
10004b22:	36cc      	adds	r6, #204	@ 0xcc
10004b24:	6832      	ldr	r2, [r6, #0]
10004b26:	18c3      	adds	r3, r0, r3
10004b28:	4690      	mov	r8, r2
10004b2a:	4662      	mov	r2, ip
10004b2c:	3201      	adds	r2, #1
10004b2e:	0312      	lsls	r2, r2, #12
10004b30:	4693      	mov	fp, r2
10004b32:	4645      	mov	r5, r8
10004b34:	464a      	mov	r2, r9
10004b36:	4015      	ands	r5, r2
10004b38:	002a      	movs	r2, r5
10004b3a:	465d      	mov	r5, fp
10004b3c:	4315      	orrs	r5, r2
10004b3e:	002a      	movs	r2, r5
10004b40:	4665      	mov	r5, ip
10004b42:	01ed      	lsls	r5, r5, #7
10004b44:	432a      	orrs	r2, r5
10004b46:	6032      	str	r2, [r6, #0]
10004b48:	4a50      	ldr	r2, [pc, #320]	@ (10004c8c <cyw43_write_reg_u32+0x1f0>)
10004b4a:	003d      	movs	r5, r7
10004b4c:	4694      	mov	ip, r2
10004b4e:	2280      	movs	r2, #128	@ 0x80
10004b50:	4463      	add	r3, ip
10004b52:	0612      	lsls	r2, r2, #24
10004b54:	601a      	str	r2, [r3, #0]
10004b56:	601a      	str	r2, [r3, #0]
10004b58:	2280      	movs	r2, #128	@ 0x80
10004b5a:	2300      	movs	r3, #0
10004b5c:	0452      	lsls	r2, r2, #17
10004b5e:	9200      	str	r2, [sp, #0]
10004b60:	9301      	str	r3, [sp, #4]
10004b62:	f002 fa77 	bl	10007054 <pio_sm_set_pindirs_with_mask64>
10004b66:	003a      	movs	r2, r7
10004b68:	68a0      	ldr	r0, [r4, #8]
10004b6a:	2380      	movs	r3, #128	@ 0x80
10004b6c:	1d06      	adds	r6, r0, #4
10004b6e:	40b2      	lsls	r2, r6
10004b70:	6821      	ldr	r1, [r4, #0]
10004b72:	019b      	lsls	r3, r3, #6
10004b74:	18cb      	adds	r3, r1, r3
10004b76:	601a      	str	r2, [r3, #0]
10004b78:	0002      	movs	r2, r0
10004b7a:	3208      	adds	r2, #8
10004b7c:	4095      	lsls	r5, r2
10004b7e:	601d      	str	r5, [r3, #0]
10004b80:	233f      	movs	r3, #63	@ 0x3f
10004b82:	0082      	lsls	r2, r0, #2
10004b84:	188a      	adds	r2, r1, r2
10004b86:	6113      	str	r3, [r2, #16]
10004b88:	0043      	lsls	r3, r0, #1
10004b8a:	181b      	adds	r3, r3, r0
10004b8c:	00db      	lsls	r3, r3, #3
10004b8e:	4d40      	ldr	r5, [pc, #256]	@ (10004c90 <cyw43_write_reg_u32+0x1f4>)
10004b90:	18cb      	adds	r3, r1, r3
10004b92:	33d8      	adds	r3, #216	@ 0xd8
10004b94:	601d      	str	r5, [r3, #0]
10004b96:	2500      	movs	r5, #0
10004b98:	6115      	str	r5, [r2, #16]
10004b9a:	4a3e      	ldr	r2, [pc, #248]	@ (10004c94 <cyw43_write_reg_u32+0x1f8>)
10004b9c:	351f      	adds	r5, #31
10004b9e:	601a      	str	r2, [r3, #0]
10004ba0:	6862      	ldr	r2, [r4, #4]
10004ba2:	402a      	ands	r2, r5
10004ba4:	601a      	str	r2, [r3, #0]
10004ba6:	220c      	movs	r2, #12
10004ba8:	56a2      	ldrsb	r2, [r4, r2]
10004baa:	23a0      	movs	r3, #160	@ 0xa0
10004bac:	4097      	lsls	r7, r2
10004bae:	4d3a      	ldr	r5, [pc, #232]	@ (10004c98 <cyw43_write_reg_u32+0x1fc>)
10004bb0:	05db      	lsls	r3, r3, #23
10004bb2:	515f      	str	r7, [r3, r5]
10004bb4:	4b39      	ldr	r3, [pc, #228]	@ (10004c9c <cyw43_write_reg_u32+0x200>)
10004bb6:	2780      	movs	r7, #128	@ 0x80
10004bb8:	469c      	mov	ip, r3
10004bba:	0192      	lsls	r2, r2, #6
10004bbc:	4462      	add	r2, ip
10004bbe:	047f      	lsls	r7, r7, #17
10004bc0:	6813      	ldr	r3, [r2, #0]
10004bc2:	423b      	tst	r3, r7
10004bc4:	d1fc      	bne.n	10004bc0 <cyw43_write_reg_u32+0x124>
10004bc6:	220c      	movs	r2, #12
10004bc8:	4b2f      	ldr	r3, [pc, #188]	@ (10004c88 <cyw43_write_reg_u32+0x1ec>)
10004bca:	56a2      	ldrsb	r2, [r4, r2]
10004bcc:	18cb      	adds	r3, r1, r3
10004bce:	0d1b      	lsrs	r3, r3, #20
10004bd0:	4d33      	ldr	r5, [pc, #204]	@ (10004ca0 <cyw43_write_reg_u32+0x204>)
10004bd2:	00db      	lsls	r3, r3, #3
10004bd4:	02d7      	lsls	r7, r2, #11
10004bd6:	181b      	adds	r3, r3, r0
10004bd8:	402f      	ands	r7, r5
10004bda:	03db      	lsls	r3, r3, #15
10004bdc:	433b      	orrs	r3, r7
10004bde:	4f31      	ldr	r7, [pc, #196]	@ (10004ca4 <cyw43_write_reg_u32+0x208>)
10004be0:	00b6      	lsls	r6, r6, #2
10004be2:	431f      	orrs	r7, r3
10004be4:	0193      	lsls	r3, r2, #6
10004be6:	22a0      	movs	r2, #160	@ 0xa0
10004be8:	05d2      	lsls	r2, r2, #23
10004bea:	4694      	mov	ip, r2
10004bec:	4652      	mov	r2, sl
10004bee:	4463      	add	r3, ip
10004bf0:	601a      	str	r2, [r3, #0]
10004bf2:	2202      	movs	r2, #2
10004bf4:	198e      	adds	r6, r1, r6
10004bf6:	605e      	str	r6, [r3, #4]
10004bf8:	609a      	str	r2, [r3, #8]
10004bfa:	60df      	str	r7, [r3, #12]
10004bfc:	2301      	movs	r3, #1
10004bfe:	4083      	lsls	r3, r0
10004c00:	680a      	ldr	r2, [r1, #0]
10004c02:	4313      	orrs	r3, r2
10004c04:	220c      	movs	r2, #12
10004c06:	600b      	str	r3, [r1, #0]
10004c08:	4b27      	ldr	r3, [pc, #156]	@ (10004ca8 <cyw43_write_reg_u32+0x20c>)
10004c0a:	2180      	movs	r1, #128	@ 0x80
10004c0c:	469c      	mov	ip, r3
10004c0e:	56a2      	ldrsb	r2, [r4, r2]
10004c10:	0449      	lsls	r1, r1, #17
10004c12:	0192      	lsls	r2, r2, #6
10004c14:	4462      	add	r2, ip
10004c16:	6813      	ldr	r3, [r2, #0]
10004c18:	420b      	tst	r3, r1
10004c1a:	d1fc      	bne.n	10004c16 <cyw43_write_reg_u32+0x17a>
10004c1c:	2201      	movs	r2, #1
10004c1e:	68a3      	ldr	r3, [r4, #8]
10004c20:	6821      	ldr	r1, [r4, #0]
10004c22:	3318      	adds	r3, #24
10004c24:	409a      	lsls	r2, r3
10004c26:	608a      	str	r2, [r1, #8]
10004c28:	688b      	ldr	r3, [r1, #8]
10004c2a:	4213      	tst	r3, r2
10004c2c:	d0fc      	beq.n	10004c28 <cyw43_write_reg_u32+0x18c>
10004c2e:	2201      	movs	r2, #1
10004c30:	68a1      	ldr	r1, [r4, #8]
10004c32:	6820      	ldr	r0, [r4, #0]
10004c34:	408a      	lsls	r2, r1
10004c36:	6803      	ldr	r3, [r0, #0]
10004c38:	4393      	bics	r3, r2
10004c3a:	6003      	str	r3, [r0, #0]
10004c3c:	2300      	movs	r3, #0
10004c3e:	2218      	movs	r2, #24
10004c40:	9300      	str	r3, [sp, #0]
10004c42:	3301      	adds	r3, #1
10004c44:	f002 fa5c 	bl	10007100 <pio_sm_set_consecutive_pindirs>
10004c48:	68a1      	ldr	r1, [r4, #8]
10004c4a:	6823      	ldr	r3, [r4, #0]
10004c4c:	004a      	lsls	r2, r1, #1
10004c4e:	1852      	adds	r2, r2, r1
10004c50:	00d2      	lsls	r2, r2, #3
10004c52:	189b      	adds	r3, r3, r2
10004c54:	4a15      	ldr	r2, [pc, #84]	@ (10004cac <cyw43_write_reg_u32+0x210>)
10004c56:	33d8      	adds	r3, #216	@ 0xd8
10004c58:	601a      	str	r2, [r3, #0]
10004c5a:	23d0      	movs	r3, #208	@ 0xd0
10004c5c:	2280      	movs	r2, #128	@ 0x80
10004c5e:	061b      	lsls	r3, r3, #24
10004c60:	0492      	lsls	r2, r2, #18
10004c62:	615a      	str	r2, [r3, #20]
10004c64:	f7ff fa46 	bl	100040f4 <ns_delay.constprop.0>
10004c68:	2000      	movs	r0, #0
10004c6a:	b005      	add	sp, #20
10004c6c:	bcf0      	pop	{r4, r5, r6, r7}
10004c6e:	46bb      	mov	fp, r7
10004c70:	46b2      	mov	sl, r6
10004c72:	46a9      	mov	r9, r5
10004c74:	46a0      	mov	r8, r4
10004c76:	bdf0      	pop	{r4, r5, r6, r7, pc}
10004c78:	0ffff800 	.word	0x0ffff800
10004c7c:	c0000004 	.word	0xc0000004
10004c80:	0000084c 	.word	0x0000084c
10004c84:	fffe007f 	.word	0xfffe007f
10004c88:	afe00000 	.word	0xafe00000
10004c8c:	000010d0 	.word	0x000010d0
10004c90:	00006020 	.word	0x00006020
10004c94:	00006040 	.word	0x00006040
10004c98:	00000444 	.word	0x00000444
10004c9c:	5000000c 	.word	0x5000000c
10004ca0:	ff007ffd 	.word	0xff007ffd
10004ca4:	00400019 	.word	0x00400019
10004ca8:	50000010 	.word	0x50000010
10004cac:	0000a003 	.word	0x0000a003

10004cb0 <cyw43_write_reg_u16>:
10004cb0:	b5f0      	push	{r4, r5, r6, r7, lr}
10004cb2:	46de      	mov	lr, fp
10004cb4:	4657      	mov	r7, sl
10004cb6:	464e      	mov	r6, r9
10004cb8:	4645      	mov	r5, r8
10004cba:	b5e0      	push	{r5, r6, r7, lr}
10004cbc:	b085      	sub	sp, #20
10004cbe:	ac02      	add	r4, sp, #8
10004cc0:	46a2      	mov	sl, r4
10004cc2:	4c72      	ldr	r4, [pc, #456]	@ (10004e8c <cyw43_write_reg_u16+0x1dc>)
10004cc4:	02d2      	lsls	r2, r2, #11
10004cc6:	4022      	ands	r2, r4
10004cc8:	0709      	lsls	r1, r1, #28
10004cca:	430a      	orrs	r2, r1
10004ccc:	4970      	ldr	r1, [pc, #448]	@ (10004e90 <cyw43_write_reg_u16+0x1e0>)
10004cce:	2701      	movs	r7, #1
10004cd0:	430a      	orrs	r2, r1
10004cd2:	9202      	str	r2, [sp, #8]
10004cd4:	4652      	mov	r2, sl
10004cd6:	6053      	str	r3, [r2, #4]
10004cd8:	4b6e      	ldr	r3, [pc, #440]	@ (10004e94 <cyw43_write_reg_u16+0x1e4>)
10004cda:	4d6f      	ldr	r5, [pc, #444]	@ (10004e98 <cyw43_write_reg_u16+0x1e8>)
10004cdc:	58c4      	ldr	r4, [r0, r3]
10004cde:	4b6f      	ldr	r3, [pc, #444]	@ (10004e9c <cyw43_write_reg_u16+0x1ec>)
10004ce0:	6821      	ldr	r1, [r4, #0]
10004ce2:	469c      	mov	ip, r3
10004ce4:	4461      	add	r1, ip
10004ce6:	0d09      	lsrs	r1, r1, #20
10004ce8:	3106      	adds	r1, #6
10004cea:	2018      	movs	r0, #24
10004cec:	b2c9      	uxtb	r1, r1
10004cee:	f7fb fb09 	bl	10000304 <gpio_set_function>
10004cf2:	4b6a      	ldr	r3, [pc, #424]	@ (10004e9c <cyw43_write_reg_u16+0x1ec>)
10004cf4:	6821      	ldr	r1, [r4, #0]
10004cf6:	469c      	mov	ip, r3
10004cf8:	4461      	add	r1, ip
10004cfa:	0d09      	lsrs	r1, r1, #20
10004cfc:	3106      	adds	r1, #6
10004cfe:	201d      	movs	r0, #29
10004d00:	b2c9      	uxtb	r1, r1
10004d02:	f7fb faff 	bl	10000304 <gpio_set_function>
10004d06:	2201      	movs	r2, #1
10004d08:	2100      	movs	r1, #0
10004d0a:	201d      	movs	r0, #29
10004d0c:	f7fb fb14 	bl	10000338 <gpio_set_pulls>
10004d10:	23d0      	movs	r3, #208	@ 0xd0
10004d12:	2280      	movs	r2, #128	@ 0x80
10004d14:	061b      	lsls	r3, r3, #24
10004d16:	0492      	lsls	r2, r2, #18
10004d18:	619a      	str	r2, [r3, #24]
10004d1a:	003a      	movs	r2, r7
10004d1c:	68a1      	ldr	r1, [r4, #8]
10004d1e:	6820      	ldr	r0, [r4, #0]
10004d20:	408a      	lsls	r2, r1
10004d22:	6803      	ldr	r3, [r0, #0]
10004d24:	46a9      	mov	r9, r5
10004d26:	4393      	bics	r3, r2
10004d28:	6003      	str	r3, [r0, #0]
10004d2a:	6863      	ldr	r3, [r4, #4]
10004d2c:	469c      	mov	ip, r3
10004d2e:	004b      	lsls	r3, r1, #1
10004d30:	185b      	adds	r3, r3, r1
10004d32:	00db      	lsls	r3, r3, #3
10004d34:	18c6      	adds	r6, r0, r3
10004d36:	36cc      	adds	r6, #204	@ 0xcc
10004d38:	6832      	ldr	r2, [r6, #0]
10004d3a:	18c3      	adds	r3, r0, r3
10004d3c:	4690      	mov	r8, r2
10004d3e:	4662      	mov	r2, ip
10004d40:	3201      	adds	r2, #1
10004d42:	0312      	lsls	r2, r2, #12
10004d44:	4693      	mov	fp, r2
10004d46:	4645      	mov	r5, r8
10004d48:	464a      	mov	r2, r9
10004d4a:	4015      	ands	r5, r2
10004d4c:	002a      	movs	r2, r5
10004d4e:	465d      	mov	r5, fp
10004d50:	4315      	orrs	r5, r2
10004d52:	002a      	movs	r2, r5
10004d54:	4665      	mov	r5, ip
10004d56:	01ed      	lsls	r5, r5, #7
10004d58:	432a      	orrs	r2, r5
10004d5a:	6032      	str	r2, [r6, #0]
10004d5c:	4a50      	ldr	r2, [pc, #320]	@ (10004ea0 <cyw43_write_reg_u16+0x1f0>)
10004d5e:	003d      	movs	r5, r7
10004d60:	4694      	mov	ip, r2
10004d62:	2280      	movs	r2, #128	@ 0x80
10004d64:	4463      	add	r3, ip
10004d66:	0612      	lsls	r2, r2, #24
10004d68:	601a      	str	r2, [r3, #0]
10004d6a:	601a      	str	r2, [r3, #0]
10004d6c:	2280      	movs	r2, #128	@ 0x80
10004d6e:	2300      	movs	r3, #0
10004d70:	0452      	lsls	r2, r2, #17
10004d72:	9200      	str	r2, [sp, #0]
10004d74:	9301      	str	r3, [sp, #4]
10004d76:	f002 f96d 	bl	10007054 <pio_sm_set_pindirs_with_mask64>
10004d7a:	003a      	movs	r2, r7
10004d7c:	68a0      	ldr	r0, [r4, #8]
10004d7e:	2380      	movs	r3, #128	@ 0x80
10004d80:	1d06      	adds	r6, r0, #4
10004d82:	40b2      	lsls	r2, r6
10004d84:	6821      	ldr	r1, [r4, #0]
10004d86:	019b      	lsls	r3, r3, #6
10004d88:	18cb      	adds	r3, r1, r3
10004d8a:	601a      	str	r2, [r3, #0]
10004d8c:	0002      	movs	r2, r0
10004d8e:	3208      	adds	r2, #8
10004d90:	4095      	lsls	r5, r2
10004d92:	601d      	str	r5, [r3, #0]
10004d94:	233f      	movs	r3, #63	@ 0x3f
10004d96:	0082      	lsls	r2, r0, #2
10004d98:	188a      	adds	r2, r1, r2
10004d9a:	6113      	str	r3, [r2, #16]
10004d9c:	0043      	lsls	r3, r0, #1
10004d9e:	181b      	adds	r3, r3, r0
10004da0:	00db      	lsls	r3, r3, #3
10004da2:	4d40      	ldr	r5, [pc, #256]	@ (10004ea4 <cyw43_write_reg_u16+0x1f4>)
10004da4:	18cb      	adds	r3, r1, r3
10004da6:	33d8      	adds	r3, #216	@ 0xd8
10004da8:	601d      	str	r5, [r3, #0]
10004daa:	2500      	movs	r5, #0
10004dac:	6115      	str	r5, [r2, #16]
10004dae:	4a3e      	ldr	r2, [pc, #248]	@ (10004ea8 <cyw43_write_reg_u16+0x1f8>)
10004db0:	351f      	adds	r5, #31
10004db2:	601a      	str	r2, [r3, #0]
10004db4:	6862      	ldr	r2, [r4, #4]
10004db6:	402a      	ands	r2, r5
10004db8:	601a      	str	r2, [r3, #0]
10004dba:	220c      	movs	r2, #12
10004dbc:	56a2      	ldrsb	r2, [r4, r2]
10004dbe:	23a0      	movs	r3, #160	@ 0xa0
10004dc0:	4097      	lsls	r7, r2
10004dc2:	4d3a      	ldr	r5, [pc, #232]	@ (10004eac <cyw43_write_reg_u16+0x1fc>)
10004dc4:	05db      	lsls	r3, r3, #23
10004dc6:	515f      	str	r7, [r3, r5]
10004dc8:	4b39      	ldr	r3, [pc, #228]	@ (10004eb0 <cyw43_write_reg_u16+0x200>)
10004dca:	2780      	movs	r7, #128	@ 0x80
10004dcc:	469c      	mov	ip, r3
10004dce:	0192      	lsls	r2, r2, #6
10004dd0:	4462      	add	r2, ip
10004dd2:	047f      	lsls	r7, r7, #17
10004dd4:	6813      	ldr	r3, [r2, #0]
10004dd6:	423b      	tst	r3, r7
10004dd8:	d1fc      	bne.n	10004dd4 <cyw43_write_reg_u16+0x124>
10004dda:	220c      	movs	r2, #12
10004ddc:	4b2f      	ldr	r3, [pc, #188]	@ (10004e9c <cyw43_write_reg_u16+0x1ec>)
10004dde:	56a2      	ldrsb	r2, [r4, r2]
10004de0:	18cb      	adds	r3, r1, r3
10004de2:	0d1b      	lsrs	r3, r3, #20
10004de4:	4d33      	ldr	r5, [pc, #204]	@ (10004eb4 <cyw43_write_reg_u16+0x204>)
10004de6:	00db      	lsls	r3, r3, #3
10004de8:	02d7      	lsls	r7, r2, #11
10004dea:	181b      	adds	r3, r3, r0
10004dec:	402f      	ands	r7, r5
10004dee:	03db      	lsls	r3, r3, #15
10004df0:	433b      	orrs	r3, r7
10004df2:	4f31      	ldr	r7, [pc, #196]	@ (10004eb8 <cyw43_write_reg_u16+0x208>)
10004df4:	00b6      	lsls	r6, r6, #2
10004df6:	431f      	orrs	r7, r3
10004df8:	0193      	lsls	r3, r2, #6
10004dfa:	22a0      	movs	r2, #160	@ 0xa0
10004dfc:	05d2      	lsls	r2, r2, #23
10004dfe:	4694      	mov	ip, r2
10004e00:	4652      	mov	r2, sl
10004e02:	4463      	add	r3, ip
10004e04:	601a      	str	r2, [r3, #0]
10004e06:	2202      	movs	r2, #2
10004e08:	198e      	adds	r6, r1, r6
10004e0a:	605e      	str	r6, [r3, #4]
10004e0c:	609a      	str	r2, [r3, #8]
10004e0e:	60df      	str	r7, [r3, #12]
10004e10:	2301      	movs	r3, #1
10004e12:	4083      	lsls	r3, r0
10004e14:	680a      	ldr	r2, [r1, #0]
10004e16:	4313      	orrs	r3, r2
10004e18:	220c      	movs	r2, #12
10004e1a:	600b      	str	r3, [r1, #0]
10004e1c:	4b27      	ldr	r3, [pc, #156]	@ (10004ebc <cyw43_write_reg_u16+0x20c>)
10004e1e:	2180      	movs	r1, #128	@ 0x80
10004e20:	469c      	mov	ip, r3
10004e22:	56a2      	ldrsb	r2, [r4, r2]
10004e24:	0449      	lsls	r1, r1, #17
10004e26:	0192      	lsls	r2, r2, #6
10004e28:	4462      	add	r2, ip
10004e2a:	6813      	ldr	r3, [r2, #0]
10004e2c:	420b      	tst	r3, r1
10004e2e:	d1fc      	bne.n	10004e2a <cyw43_write_reg_u16+0x17a>
10004e30:	2201      	movs	r2, #1
10004e32:	68a3      	ldr	r3, [r4, #8]
10004e34:	6821      	ldr	r1, [r4, #0]
10004e36:	3318      	adds	r3, #24
10004e38:	409a      	lsls	r2, r3
10004e3a:	608a      	str	r2, [r1, #8]
10004e3c:	688b      	ldr	r3, [r1, #8]
10004e3e:	4213      	tst	r3, r2
10004e40:	d0fc      	beq.n	10004e3c <cyw43_write_reg_u16+0x18c>
10004e42:	2201      	movs	r2, #1
10004e44:	68a1      	ldr	r1, [r4, #8]
10004e46:	6820      	ldr	r0, [r4, #0]
10004e48:	408a      	lsls	r2, r1
10004e4a:	6803      	ldr	r3, [r0, #0]
10004e4c:	4393      	bics	r3, r2
10004e4e:	6003      	str	r3, [r0, #0]
10004e50:	2300      	movs	r3, #0
10004e52:	2218      	movs	r2, #24
10004e54:	9300      	str	r3, [sp, #0]
10004e56:	3301      	adds	r3, #1
10004e58:	f002 f952 	bl	10007100 <pio_sm_set_consecutive_pindirs>
10004e5c:	68a1      	ldr	r1, [r4, #8]
10004e5e:	6823      	ldr	r3, [r4, #0]
10004e60:	004a      	lsls	r2, r1, #1
10004e62:	1852      	adds	r2, r2, r1
10004e64:	00d2      	lsls	r2, r2, #3
10004e66:	189b      	adds	r3, r3, r2
10004e68:	4a15      	ldr	r2, [pc, #84]	@ (10004ec0 <cyw43_write_reg_u16+0x210>)
10004e6a:	33d8      	adds	r3, #216	@ 0xd8
10004e6c:	601a      	str	r2, [r3, #0]
10004e6e:	23d0      	movs	r3, #208	@ 0xd0
10004e70:	2280      	movs	r2, #128	@ 0x80
10004e72:	061b      	lsls	r3, r3, #24
10004e74:	0492      	lsls	r2, r2, #18
10004e76:	615a      	str	r2, [r3, #20]
10004e78:	f7ff f93c 	bl	100040f4 <ns_delay.constprop.0>
10004e7c:	2000      	movs	r0, #0
10004e7e:	b005      	add	sp, #20
10004e80:	bcf0      	pop	{r4, r5, r6, r7}
10004e82:	46bb      	mov	fp, r7
10004e84:	46b2      	mov	sl, r6
10004e86:	46a9      	mov	r9, r5
10004e88:	46a0      	mov	r8, r4
10004e8a:	bdf0      	pop	{r4, r5, r6, r7, pc}
10004e8c:	0ffff800 	.word	0x0ffff800
10004e90:	c0000002 	.word	0xc0000002
10004e94:	0000084c 	.word	0x0000084c
10004e98:	fffe007f 	.word	0xfffe007f
10004e9c:	afe00000 	.word	0xafe00000
10004ea0:	000010d0 	.word	0x000010d0
10004ea4:	00006020 	.word	0x00006020
10004ea8:	00006040 	.word	0x00006040
10004eac:	00000444 	.word	0x00000444
10004eb0:	5000000c 	.word	0x5000000c
10004eb4:	ff007ffd 	.word	0xff007ffd
10004eb8:	00400019 	.word	0x00400019
10004ebc:	50000010 	.word	0x50000010
10004ec0:	0000a003 	.word	0x0000a003

10004ec4 <cyw43_write_reg_u8>:
10004ec4:	b5f0      	push	{r4, r5, r6, r7, lr}
10004ec6:	46de      	mov	lr, fp
10004ec8:	4657      	mov	r7, sl
10004eca:	464e      	mov	r6, r9
10004ecc:	4645      	mov	r5, r8
10004ece:	b5e0      	push	{r5, r6, r7, lr}
10004ed0:	b085      	sub	sp, #20
10004ed2:	ac02      	add	r4, sp, #8
10004ed4:	46a2      	mov	sl, r4
10004ed6:	4c72      	ldr	r4, [pc, #456]	@ (100050a0 <cyw43_write_reg_u8+0x1dc>)
10004ed8:	02d2      	lsls	r2, r2, #11
10004eda:	4022      	ands	r2, r4
10004edc:	0709      	lsls	r1, r1, #28
10004ede:	430a      	orrs	r2, r1
10004ee0:	4970      	ldr	r1, [pc, #448]	@ (100050a4 <cyw43_write_reg_u8+0x1e0>)
10004ee2:	2701      	movs	r7, #1
10004ee4:	430a      	orrs	r2, r1
10004ee6:	9202      	str	r2, [sp, #8]
10004ee8:	4652      	mov	r2, sl
10004eea:	6053      	str	r3, [r2, #4]
10004eec:	4b6e      	ldr	r3, [pc, #440]	@ (100050a8 <cyw43_write_reg_u8+0x1e4>)
10004eee:	4d6f      	ldr	r5, [pc, #444]	@ (100050ac <cyw43_write_reg_u8+0x1e8>)
10004ef0:	58c4      	ldr	r4, [r0, r3]
10004ef2:	4b6f      	ldr	r3, [pc, #444]	@ (100050b0 <cyw43_write_reg_u8+0x1ec>)
10004ef4:	6821      	ldr	r1, [r4, #0]
10004ef6:	469c      	mov	ip, r3
10004ef8:	4461      	add	r1, ip
10004efa:	0d09      	lsrs	r1, r1, #20
10004efc:	3106      	adds	r1, #6
10004efe:	2018      	movs	r0, #24
10004f00:	b2c9      	uxtb	r1, r1
10004f02:	f7fb f9ff 	bl	10000304 <gpio_set_function>
10004f06:	4b6a      	ldr	r3, [pc, #424]	@ (100050b0 <cyw43_write_reg_u8+0x1ec>)
10004f08:	6821      	ldr	r1, [r4, #0]
10004f0a:	469c      	mov	ip, r3
10004f0c:	4461      	add	r1, ip
10004f0e:	0d09      	lsrs	r1, r1, #20
10004f10:	3106      	adds	r1, #6
10004f12:	201d      	movs	r0, #29
10004f14:	b2c9      	uxtb	r1, r1
10004f16:	f7fb f9f5 	bl	10000304 <gpio_set_function>
10004f1a:	2201      	movs	r2, #1
10004f1c:	2100      	movs	r1, #0
10004f1e:	201d      	movs	r0, #29
10004f20:	f7fb fa0a 	bl	10000338 <gpio_set_pulls>
10004f24:	23d0      	movs	r3, #208	@ 0xd0
10004f26:	2280      	movs	r2, #128	@ 0x80
10004f28:	061b      	lsls	r3, r3, #24
10004f2a:	0492      	lsls	r2, r2, #18
10004f2c:	619a      	str	r2, [r3, #24]
10004f2e:	003a      	movs	r2, r7
10004f30:	68a1      	ldr	r1, [r4, #8]
10004f32:	6820      	ldr	r0, [r4, #0]
10004f34:	408a      	lsls	r2, r1
10004f36:	6803      	ldr	r3, [r0, #0]
10004f38:	46a9      	mov	r9, r5
10004f3a:	4393      	bics	r3, r2
10004f3c:	6003      	str	r3, [r0, #0]
10004f3e:	6863      	ldr	r3, [r4, #4]
10004f40:	469c      	mov	ip, r3
10004f42:	004b      	lsls	r3, r1, #1
10004f44:	185b      	adds	r3, r3, r1
10004f46:	00db      	lsls	r3, r3, #3
10004f48:	18c6      	adds	r6, r0, r3
10004f4a:	36cc      	adds	r6, #204	@ 0xcc
10004f4c:	6832      	ldr	r2, [r6, #0]
10004f4e:	18c3      	adds	r3, r0, r3
10004f50:	4690      	mov	r8, r2
10004f52:	4662      	mov	r2, ip
10004f54:	3201      	adds	r2, #1
10004f56:	0312      	lsls	r2, r2, #12
10004f58:	4693      	mov	fp, r2
10004f5a:	4645      	mov	r5, r8
10004f5c:	464a      	mov	r2, r9
10004f5e:	4015      	ands	r5, r2
10004f60:	002a      	movs	r2, r5
10004f62:	465d      	mov	r5, fp
10004f64:	4315      	orrs	r5, r2
10004f66:	002a      	movs	r2, r5
10004f68:	4665      	mov	r5, ip
10004f6a:	01ed      	lsls	r5, r5, #7
10004f6c:	432a      	orrs	r2, r5
10004f6e:	6032      	str	r2, [r6, #0]
10004f70:	4a50      	ldr	r2, [pc, #320]	@ (100050b4 <cyw43_write_reg_u8+0x1f0>)
10004f72:	003d      	movs	r5, r7
10004f74:	4694      	mov	ip, r2
10004f76:	2280      	movs	r2, #128	@ 0x80
10004f78:	4463      	add	r3, ip
10004f7a:	0612      	lsls	r2, r2, #24
10004f7c:	601a      	str	r2, [r3, #0]
10004f7e:	601a      	str	r2, [r3, #0]
10004f80:	2280      	movs	r2, #128	@ 0x80
10004f82:	2300      	movs	r3, #0
10004f84:	0452      	lsls	r2, r2, #17
10004f86:	9200      	str	r2, [sp, #0]
10004f88:	9301      	str	r3, [sp, #4]
10004f8a:	f002 f863 	bl	10007054 <pio_sm_set_pindirs_with_mask64>
10004f8e:	003a      	movs	r2, r7
10004f90:	68a0      	ldr	r0, [r4, #8]
10004f92:	2380      	movs	r3, #128	@ 0x80
10004f94:	1d06      	adds	r6, r0, #4
10004f96:	40b2      	lsls	r2, r6
10004f98:	6821      	ldr	r1, [r4, #0]
10004f9a:	019b      	lsls	r3, r3, #6
10004f9c:	18cb      	adds	r3, r1, r3
10004f9e:	601a      	str	r2, [r3, #0]
10004fa0:	0002      	movs	r2, r0
10004fa2:	3208      	adds	r2, #8
10004fa4:	4095      	lsls	r5, r2
10004fa6:	601d      	str	r5, [r3, #0]
10004fa8:	233f      	movs	r3, #63	@ 0x3f
10004faa:	0082      	lsls	r2, r0, #2
10004fac:	188a      	adds	r2, r1, r2
10004fae:	6113      	str	r3, [r2, #16]
10004fb0:	0043      	lsls	r3, r0, #1
10004fb2:	181b      	adds	r3, r3, r0
10004fb4:	00db      	lsls	r3, r3, #3
10004fb6:	4d40      	ldr	r5, [pc, #256]	@ (100050b8 <cyw43_write_reg_u8+0x1f4>)
10004fb8:	18cb      	adds	r3, r1, r3
10004fba:	33d8      	adds	r3, #216	@ 0xd8
10004fbc:	601d      	str	r5, [r3, #0]
10004fbe:	2500      	movs	r5, #0
10004fc0:	6115      	str	r5, [r2, #16]
10004fc2:	4a3e      	ldr	r2, [pc, #248]	@ (100050bc <cyw43_write_reg_u8+0x1f8>)
10004fc4:	351f      	adds	r5, #31
10004fc6:	601a      	str	r2, [r3, #0]
10004fc8:	6862      	ldr	r2, [r4, #4]
10004fca:	402a      	ands	r2, r5
10004fcc:	601a      	str	r2, [r3, #0]
10004fce:	220c      	movs	r2, #12
10004fd0:	56a2      	ldrsb	r2, [r4, r2]
10004fd2:	23a0      	movs	r3, #160	@ 0xa0
10004fd4:	4097      	lsls	r7, r2
10004fd6:	4d3a      	ldr	r5, [pc, #232]	@ (100050c0 <cyw43_write_reg_u8+0x1fc>)
10004fd8:	05db      	lsls	r3, r3, #23
10004fda:	515f      	str	r7, [r3, r5]
10004fdc:	4b39      	ldr	r3, [pc, #228]	@ (100050c4 <cyw43_write_reg_u8+0x200>)
10004fde:	2780      	movs	r7, #128	@ 0x80
10004fe0:	469c      	mov	ip, r3
10004fe2:	0192      	lsls	r2, r2, #6
10004fe4:	4462      	add	r2, ip
10004fe6:	047f      	lsls	r7, r7, #17
10004fe8:	6813      	ldr	r3, [r2, #0]
10004fea:	423b      	tst	r3, r7
10004fec:	d1fc      	bne.n	10004fe8 <cyw43_write_reg_u8+0x124>
10004fee:	220c      	movs	r2, #12
10004ff0:	4b2f      	ldr	r3, [pc, #188]	@ (100050b0 <cyw43_write_reg_u8+0x1ec>)
10004ff2:	56a2      	ldrsb	r2, [r4, r2]
10004ff4:	18cb      	adds	r3, r1, r3
10004ff6:	0d1b      	lsrs	r3, r3, #20
10004ff8:	4d33      	ldr	r5, [pc, #204]	@ (100050c8 <cyw43_write_reg_u8+0x204>)
10004ffa:	00db      	lsls	r3, r3, #3
10004ffc:	02d7      	lsls	r7, r2, #11
10004ffe:	181b      	adds	r3, r3, r0
10005000:	402f      	ands	r7, r5
10005002:	03db      	lsls	r3, r3, #15
10005004:	433b      	orrs	r3, r7
10005006:	4f31      	ldr	r7, [pc, #196]	@ (100050cc <cyw43_write_reg_u8+0x208>)
10005008:	00b6      	lsls	r6, r6, #2
1000500a:	431f      	orrs	r7, r3
1000500c:	0193      	lsls	r3, r2, #6
1000500e:	22a0      	movs	r2, #160	@ 0xa0
10005010:	05d2      	lsls	r2, r2, #23
10005012:	4694      	mov	ip, r2
10005014:	4652      	mov	r2, sl
10005016:	4463      	add	r3, ip
10005018:	601a      	str	r2, [r3, #0]
1000501a:	2202      	movs	r2, #2
1000501c:	198e      	adds	r6, r1, r6
1000501e:	605e      	str	r6, [r3, #4]
10005020:	609a      	str	r2, [r3, #8]
10005022:	60df      	str	r7, [r3, #12]
10005024:	2301      	movs	r3, #1
10005026:	4083      	lsls	r3, r0
10005028:	680a      	ldr	r2, [r1, #0]
1000502a:	4313      	orrs	r3, r2
1000502c:	220c      	movs	r2, #12
1000502e:	600b      	str	r3, [r1, #0]
10005030:	4b27      	ldr	r3, [pc, #156]	@ (100050d0 <cyw43_write_reg_u8+0x20c>)
10005032:	2180      	movs	r1, #128	@ 0x80
10005034:	469c      	mov	ip, r3
10005036:	56a2      	ldrsb	r2, [r4, r2]
10005038:	0449      	lsls	r1, r1, #17
1000503a:	0192      	lsls	r2, r2, #6
1000503c:	4462      	add	r2, ip
1000503e:	6813      	ldr	r3, [r2, #0]
10005040:	420b      	tst	r3, r1
10005042:	d1fc      	bne.n	1000503e <cyw43_write_reg_u8+0x17a>
10005044:	2201      	movs	r2, #1
10005046:	68a3      	ldr	r3, [r4, #8]
10005048:	6821      	ldr	r1, [r4, #0]
1000504a:	3318      	adds	r3, #24
1000504c:	409a      	lsls	r2, r3
1000504e:	608a      	str	r2, [r1, #8]
10005050:	688b      	ldr	r3, [r1, #8]
10005052:	4213      	tst	r3, r2
10005054:	d0fc      	beq.n	10005050 <cyw43_write_reg_u8+0x18c>
10005056:	2201      	movs	r2, #1
10005058:	68a1      	ldr	r1, [r4, #8]
1000505a:	6820      	ldr	r0, [r4, #0]
1000505c:	408a      	lsls	r2, r1
1000505e:	6803      	ldr	r3, [r0, #0]
10005060:	4393      	bics	r3, r2
10005062:	6003      	str	r3, [r0, #0]
10005064:	2300      	movs	r3, #0
10005066:	2218      	movs	r2, #24
10005068:	9300      	str	r3, [sp, #0]
1000506a:	3301      	adds	r3, #1
1000506c:	f002 f848 	bl	10007100 <pio_sm_set_consecutive_pindirs>
10005070:	68a1      	ldr	r1, [r4, #8]
10005072:	6823      	ldr	r3, [r4, #0]
10005074:	004a      	lsls	r2, r1, #1
10005076:	1852      	adds	r2, r2, r1
10005078:	00d2      	lsls	r2, r2, #3
1000507a:	189b      	adds	r3, r3, r2
1000507c:	4a15      	ldr	r2, [pc, #84]	@ (100050d4 <cyw43_write_reg_u8+0x210>)
1000507e:	33d8      	adds	r3, #216	@ 0xd8
10005080:	601a      	str	r2, [r3, #0]
10005082:	23d0      	movs	r3, #208	@ 0xd0
10005084:	2280      	movs	r2, #128	@ 0x80
10005086:	061b      	lsls	r3, r3, #24
10005088:	0492      	lsls	r2, r2, #18
1000508a:	615a      	str	r2, [r3, #20]
1000508c:	f7ff f832 	bl	100040f4 <ns_delay.constprop.0>
10005090:	2000      	movs	r0, #0
10005092:	b005      	add	sp, #20
10005094:	bcf0      	pop	{r4, r5, r6, r7}
10005096:	46bb      	mov	fp, r7
10005098:	46b2      	mov	sl, r6
1000509a:	46a9      	mov	r9, r5
1000509c:	46a0      	mov	r8, r4
1000509e:	bdf0      	pop	{r4, r5, r6, r7, pc}
100050a0:	0ffff800 	.word	0x0ffff800
100050a4:	c0000001 	.word	0xc0000001
100050a8:	0000084c 	.word	0x0000084c
100050ac:	fffe007f 	.word	0xfffe007f
100050b0:	afe00000 	.word	0xafe00000
100050b4:	000010d0 	.word	0x000010d0
100050b8:	00006020 	.word	0x00006020
100050bc:	00006040 	.word	0x00006040
100050c0:	00000444 	.word	0x00000444
100050c4:	5000000c 	.word	0x5000000c
100050c8:	ff007ffd 	.word	0xff007ffd
100050cc:	00400019 	.word	0x00400019
100050d0:	50000010 	.word	0x50000010
100050d4:	0000a003 	.word	0x0000a003

100050d8 <cyw43_read_bytes>:
100050d8:	b5f0      	push	{r4, r5, r6, r7, lr}
100050da:	1cde      	adds	r6, r3, #3
100050dc:	001d      	movs	r5, r3
100050de:	2303      	movs	r3, #3
100050e0:	0004      	movs	r4, r0
100050e2:	b083      	sub	sp, #12
100050e4:	439e      	bics	r6, r3
100050e6:	2901      	cmp	r1, #1
100050e8:	d024      	beq.n	10005134 <cyw43_read_bytes+0x5c>
100050ea:	2324      	movs	r3, #36	@ 0x24
100050ec:	2004      	movs	r0, #4
100050ee:	4f16      	ldr	r7, [pc, #88]	@ (10005148 <cyw43_read_bytes+0x70>)
100050f0:	02d2      	lsls	r2, r2, #11
100050f2:	403a      	ands	r2, r7
100050f4:	0709      	lsls	r1, r1, #28
100050f6:	432a      	orrs	r2, r5
100050f8:	430a      	orrs	r2, r1
100050fa:	2180      	movs	r1, #128	@ 0x80
100050fc:	3004      	adds	r0, #4
100050fe:	05c9      	lsls	r1, r1, #23
10005100:	0080      	lsls	r0, r0, #2
10005102:	430a      	orrs	r2, r1
10005104:	1820      	adds	r0, r4, r0
10005106:	3604      	adds	r6, #4
10005108:	6042      	str	r2, [r0, #4]
1000510a:	2100      	movs	r1, #0
1000510c:	9600      	str	r6, [sp, #0]
1000510e:	2204      	movs	r2, #4
10005110:	0020      	movs	r0, r4
10005112:	18e3      	adds	r3, r4, r3
10005114:	f7ff f8c8 	bl	100042a8 <cyw43_spi_transfer>
10005118:	1e06      	subs	r6, r0, #0
1000511a:	d10f      	bne.n	1000513c <cyw43_read_bytes+0x64>
1000511c:	0021      	movs	r1, r4
1000511e:	9b08      	ldr	r3, [sp, #32]
10005120:	3128      	adds	r1, #40	@ 0x28
10005122:	4299      	cmp	r1, r3
10005124:	d003      	beq.n	1000512e <cyw43_read_bytes+0x56>
10005126:	002a      	movs	r2, r5
10005128:	0018      	movs	r0, r3
1000512a:	f7fd f8e7 	bl	100022fc <__wrap___aeabi_memcpy>
1000512e:	0030      	movs	r0, r6
10005130:	b003      	add	sp, #12
10005132:	bdf0      	pop	{r4, r5, r6, r7, pc}
10005134:	2000      	movs	r0, #0
10005136:	3610      	adds	r6, #16
10005138:	3311      	adds	r3, #17
1000513a:	e7d8      	b.n	100050ee <cyw43_read_bytes+0x16>
1000513c:	2105      	movs	r1, #5
1000513e:	4803      	ldr	r0, [pc, #12]	@ (1000514c <cyw43_read_bytes+0x74>)
10005140:	4249      	negs	r1, r1
10005142:	f7fe ff55 	bl	10003ff0 <__wrap_printf>
10005146:	e7f2      	b.n	1000512e <cyw43_read_bytes+0x56>
10005148:	0ffff800 	.word	0x0ffff800
1000514c:	10007f40 	.word	0x10007f40

10005150 <cyw43_write_bytes>:
10005150:	b5f0      	push	{r4, r5, r6, r7, lr}
10005152:	4657      	mov	r7, sl
10005154:	464e      	mov	r6, r9
10005156:	4645      	mov	r5, r8
10005158:	46de      	mov	lr, fp
1000515a:	b5e0      	push	{r5, r6, r7, lr}
1000515c:	000f      	movs	r7, r1
1000515e:	2103      	movs	r1, #3
10005160:	b08b      	sub	sp, #44	@ 0x2c
10005162:	9202      	str	r2, [sp, #8]
10005164:	001a      	movs	r2, r3
10005166:	3303      	adds	r3, #3
10005168:	438b      	bics	r3, r1
1000516a:	0006      	movs	r6, r0
1000516c:	4698      	mov	r8, r3
1000516e:	2f02      	cmp	r7, #2
10005170:	d022      	beq.n	100051b8 <cyw43_write_bytes+0x68>
10005172:	9b02      	ldr	r3, [sp, #8]
10005174:	4927      	ldr	r1, [pc, #156]	@ (10005214 <cyw43_write_bytes+0xc4>)
10005176:	073f      	lsls	r7, r7, #28
10005178:	02db      	lsls	r3, r3, #11
1000517a:	400b      	ands	r3, r1
1000517c:	4317      	orrs	r7, r2
1000517e:	431f      	orrs	r7, r3
10005180:	23c0      	movs	r3, #192	@ 0xc0
10005182:	0030      	movs	r0, r6
10005184:	4644      	mov	r4, r8
10005186:	061b      	lsls	r3, r3, #24
10005188:	9914      	ldr	r1, [sp, #80]	@ 0x50
1000518a:	433b      	orrs	r3, r7
1000518c:	3028      	adds	r0, #40	@ 0x28
1000518e:	3404      	adds	r4, #4
10005190:	6273      	str	r3, [r6, #36]	@ 0x24
10005192:	4288      	cmp	r0, r1
10005194:	d001      	beq.n	1000519a <cyw43_write_bytes+0x4a>
10005196:	f7fd f8b1 	bl	100022fc <__wrap___aeabi_memcpy>
1000519a:	0031      	movs	r1, r6
1000519c:	2300      	movs	r3, #0
1000519e:	0022      	movs	r2, r4
100051a0:	0030      	movs	r0, r6
100051a2:	3124      	adds	r1, #36	@ 0x24
100051a4:	9300      	str	r3, [sp, #0]
100051a6:	f7ff f87f 	bl	100042a8 <cyw43_spi_transfer>
100051aa:	b00b      	add	sp, #44	@ 0x2c
100051ac:	bcf0      	pop	{r4, r5, r6, r7}
100051ae:	46bb      	mov	fp, r7
100051b0:	46b2      	mov	sl, r6
100051b2:	46a9      	mov	r9, r5
100051b4:	46a0      	mov	r8, r4
100051b6:	bdf0      	pop	{r4, r5, r6, r7, pc}
100051b8:	4b17      	ldr	r3, [pc, #92]	@ (10005218 <cyw43_write_bytes+0xc8>)
100051ba:	4c18      	ldr	r4, [pc, #96]	@ (1000521c <cyw43_write_bytes+0xcc>)
100051bc:	469a      	mov	sl, r3
100051be:	2308      	movs	r3, #8
100051c0:	4699      	mov	r9, r3
100051c2:	3318      	adds	r3, #24
100051c4:	469b      	mov	fp, r3
100051c6:	4643      	mov	r3, r8
100051c8:	ad04      	add	r5, sp, #16
100051ca:	4690      	mov	r8, r2
100051cc:	9303      	str	r3, [sp, #12]
100051ce:	e005      	b.n	100051dc <cyw43_write_bytes+0x8c>
100051d0:	465a      	mov	r2, fp
100051d2:	686b      	ldr	r3, [r5, #4]
100051d4:	421a      	tst	r2, r3
100051d6:	d118      	bne.n	1000520a <cyw43_write_bytes+0xba>
100051d8:	3c01      	subs	r4, #1
100051da:	d310      	bcc.n	100051fe <cyw43_write_bytes+0xae>
100051dc:	4653      	mov	r3, sl
100051de:	602b      	str	r3, [r5, #0]
100051e0:	464b      	mov	r3, r9
100051e2:	2204      	movs	r2, #4
100051e4:	9300      	str	r3, [sp, #0]
100051e6:	2100      	movs	r1, #0
100051e8:	002b      	movs	r3, r5
100051ea:	0030      	movs	r0, r6
100051ec:	f7ff f85c 	bl	100042a8 <cyw43_spi_transfer>
100051f0:	2800      	cmp	r0, #0
100051f2:	d0ed      	beq.n	100051d0 <cyw43_write_bytes+0x80>
100051f4:	9b03      	ldr	r3, [sp, #12]
100051f6:	4642      	mov	r2, r8
100051f8:	4698      	mov	r8, r3
100051fa:	2c00      	cmp	r4, #0
100051fc:	d1b9      	bne.n	10005172 <cyw43_write_bytes+0x22>
100051fe:	4808      	ldr	r0, [pc, #32]	@ (10005220 <cyw43_write_bytes+0xd0>)
10005200:	f7fe fe72 	bl	10003ee8 <__wrap_puts>
10005204:	2006      	movs	r0, #6
10005206:	4240      	negs	r0, r0
10005208:	e7cf      	b.n	100051aa <cyw43_write_bytes+0x5a>
1000520a:	9b03      	ldr	r3, [sp, #12]
1000520c:	4642      	mov	r2, r8
1000520e:	4698      	mov	r8, r3
10005210:	e7f3      	b.n	100051fa <cyw43_write_bytes+0xaa>
10005212:	46c0      	nop			@ (mov r8, r8)
10005214:	0ffff800 	.word	0x0ffff800
10005218:	40004004 	.word	0x40004004
1000521c:	000003e7 	.word	0x000003e7
10005220:	10008174 	.word	0x10008174

10005224 <cyw43_set_backplane_window>:
10005224:	6883      	ldr	r3, [r0, #8]
10005226:	b570      	push	{r4, r5, r6, lr}
10005228:	0bcc      	lsrs	r4, r1, #15
1000522a:	0005      	movs	r5, r0
1000522c:	03e4      	lsls	r4, r4, #15
1000522e:	42a3      	cmp	r3, r4
10005230:	d00d      	beq.n	1000524e <cyw43_set_backplane_window+0x2a>
10005232:	2280      	movs	r2, #128	@ 0x80
10005234:	4063      	eors	r3, r4
10005236:	0452      	lsls	r2, r2, #17
10005238:	4293      	cmp	r3, r2
1000523a:	d219      	bcs.n	10005270 <cyw43_set_backplane_window+0x4c>
1000523c:	22ff      	movs	r2, #255	@ 0xff
1000523e:	0412      	lsls	r2, r2, #16
10005240:	4213      	tst	r3, r2
10005242:	d10c      	bne.n	1000525e <cyw43_set_backplane_window+0x3a>
10005244:	22ff      	movs	r2, #255	@ 0xff
10005246:	0212      	lsls	r2, r2, #8
10005248:	4213      	tst	r3, r2
1000524a:	d101      	bne.n	10005250 <cyw43_set_backplane_window+0x2c>
1000524c:	60ac      	str	r4, [r5, #8]
1000524e:	bd70      	pop	{r4, r5, r6, pc}
10005250:	2101      	movs	r1, #1
10005252:	0028      	movs	r0, r5
10005254:	4a0a      	ldr	r2, [pc, #40]	@ (10005280 <cyw43_set_backplane_window+0x5c>)
10005256:	0a23      	lsrs	r3, r4, #8
10005258:	f7ff fe34 	bl	10004ec4 <cyw43_write_reg_u8>
1000525c:	e7f6      	b.n	1000524c <cyw43_set_backplane_window+0x28>
1000525e:	0c23      	lsrs	r3, r4, #16
10005260:	2101      	movs	r1, #1
10005262:	0028      	movs	r0, r5
10005264:	4a07      	ldr	r2, [pc, #28]	@ (10005284 <cyw43_set_backplane_window+0x60>)
10005266:	f7ff fe2d 	bl	10004ec4 <cyw43_write_reg_u8>
1000526a:	68ab      	ldr	r3, [r5, #8]
1000526c:	4063      	eors	r3, r4
1000526e:	e7e9      	b.n	10005244 <cyw43_set_backplane_window+0x20>
10005270:	0e23      	lsrs	r3, r4, #24
10005272:	2101      	movs	r1, #1
10005274:	4a04      	ldr	r2, [pc, #16]	@ (10005288 <cyw43_set_backplane_window+0x64>)
10005276:	f7ff fe25 	bl	10004ec4 <cyw43_write_reg_u8>
1000527a:	68ab      	ldr	r3, [r5, #8]
1000527c:	4063      	eors	r3, r4
1000527e:	e7dd      	b.n	1000523c <cyw43_set_backplane_window+0x18>
10005280:	0001000a 	.word	0x0001000a
10005284:	0001000b 	.word	0x0001000b
10005288:	0001000c 	.word	0x0001000c

1000528c <cyw43_ll_parse_async_event>:
1000528c:	b5f0      	push	{r4, r5, r6, r7, lr}
1000528e:	46c6      	mov	lr, r8
10005290:	3003      	adds	r0, #3
10005292:	0883      	lsrs	r3, r0, #2
10005294:	469c      	mov	ip, r3
10005296:	b500      	push	{lr}
10005298:	1e8e      	subs	r6, r1, #2
1000529a:	2b00      	cmp	r3, #0
1000529c:	d01b      	beq.n	100052d6 <cyw43_ll_parse_async_event+0x4a>
1000529e:	3b01      	subs	r3, #1
100052a0:	2b07      	cmp	r3, #7
100052a2:	d957      	bls.n	10005354 <cyw43_ll_parse_async_event+0xc8>
100052a4:	0033      	movs	r3, r6
100052a6:	430b      	orrs	r3, r1
100052a8:	075b      	lsls	r3, r3, #29
100052aa:	d153      	bne.n	10005354 <cyw43_ll_parse_async_event+0xc8>
100052ac:	08c0      	lsrs	r0, r0, #3
100052ae:	00c4      	lsls	r4, r0, #3
100052b0:	0032      	movs	r2, r6
100052b2:	000b      	movs	r3, r1
100052b4:	46a0      	mov	r8, r4
100052b6:	190f      	adds	r7, r1, r4
100052b8:	cb30      	ldmia	r3!, {r4, r5}
100052ba:	c230      	stmia	r2!, {r4, r5}
100052bc:	42bb      	cmp	r3, r7
100052be:	d1fb      	bne.n	100052b8 <cyw43_ll_parse_async_event+0x2c>
100052c0:	0040      	lsls	r0, r0, #1
100052c2:	4584      	cmp	ip, r0
100052c4:	d007      	beq.n	100052d6 <cyw43_ll_parse_async_event+0x4a>
100052c6:	4643      	mov	r3, r8
100052c8:	5aca      	ldrh	r2, [r1, r3]
100052ca:	18cb      	adds	r3, r1, r3
100052cc:	885b      	ldrh	r3, [r3, #2]
100052ce:	041b      	lsls	r3, r3, #16
100052d0:	4313      	orrs	r3, r2
100052d2:	4642      	mov	r2, r8
100052d4:	50b3      	str	r3, [r6, r2]
100052d6:	8873      	ldrh	r3, [r6, #2]
100052d8:	ba5b      	rev16	r3, r3
100052da:	8073      	strh	r3, [r6, #2]
100052dc:	1c8b      	adds	r3, r1, #2
100052de:	681a      	ldr	r2, [r3, #0]
100052e0:	ba13      	rev	r3, r2
100052e2:	6073      	str	r3, [r6, #4]
100052e4:	1d8b      	adds	r3, r1, #6
100052e6:	6818      	ldr	r0, [r3, #0]
100052e8:	ba03      	rev	r3, r0
100052ea:	60b3      	str	r3, [r6, #8]
100052ec:	000b      	movs	r3, r1
100052ee:	330a      	adds	r3, #10
100052f0:	681b      	ldr	r3, [r3, #0]
100052f2:	ba1b      	rev	r3, r3
100052f4:	60f3      	str	r3, [r6, #12]
100052f6:	238a      	movs	r3, #138	@ 0x8a
100052f8:	05db      	lsls	r3, r3, #23
100052fa:	429a      	cmp	r2, r3
100052fc:	d003      	beq.n	10005306 <cyw43_ll_parse_async_event+0x7a>
100052fe:	0030      	movs	r0, r6
10005300:	bc80      	pop	{r7}
10005302:	46b8      	mov	r8, r7
10005304:	bdf0      	pop	{r4, r5, r6, r7, pc}
10005306:	2380      	movs	r3, #128	@ 0x80
10005308:	051b      	lsls	r3, r3, #20
1000530a:	4298      	cmp	r0, r3
1000530c:	d1f7      	bne.n	100052fe <cyw43_ll_parse_async_event+0x72>
1000530e:	000b      	movs	r3, r1
10005310:	000a      	movs	r2, r1
10005312:	000d      	movs	r5, r1
10005314:	32b2      	adds	r2, #178	@ 0xb2
10005316:	33ae      	adds	r3, #174	@ 0xae
10005318:	6810      	ldr	r0, [r2, #0]
1000531a:	881b      	ldrh	r3, [r3, #0]
1000531c:	352e      	adds	r5, #46	@ 0x2e
1000531e:	692a      	ldr	r2, [r5, #16]
10005320:	181c      	adds	r4, r3, r0
10005322:	4294      	cmp	r4, r2
10005324:	d822      	bhi.n	1000536c <cyw43_ll_parse_async_event+0xe0>
10005326:	313a      	adds	r1, #58	@ 0x3a
10005328:	18c9      	adds	r1, r1, r3
1000532a:	1808      	adds	r0, r1, r0
1000532c:	4281      	cmp	r1, r0
1000532e:	d246      	bcs.n	100053be <cyw43_ll_parse_async_event+0x132>
10005330:	2700      	movs	r7, #0
10005332:	2400      	movs	r4, #0
10005334:	e004      	b.n	10005340 <cyw43_ll_parse_async_event+0xb4>
10005336:	2add      	cmp	r2, #221	@ 0xdd
10005338:	d01c      	beq.n	10005374 <cyw43_ll_parse_async_event+0xe8>
1000533a:	18c9      	adds	r1, r1, r3
1000533c:	4288      	cmp	r0, r1
1000533e:	d92c      	bls.n	1000539a <cyw43_ll_parse_async_event+0x10e>
10005340:	784b      	ldrb	r3, [r1, #1]
10005342:	3302      	adds	r3, #2
10005344:	18ca      	adds	r2, r1, r3
10005346:	4290      	cmp	r0, r2
10005348:	d3f7      	bcc.n	1000533a <cyw43_ll_parse_async_event+0xae>
1000534a:	780a      	ldrb	r2, [r1, #0]
1000534c:	2a30      	cmp	r2, #48	@ 0x30
1000534e:	d1f2      	bne.n	10005336 <cyw43_ll_parse_async_event+0xaa>
10005350:	000c      	movs	r4, r1
10005352:	e7f2      	b.n	1000533a <cyw43_ll_parse_async_event+0xae>
10005354:	4663      	mov	r3, ip
10005356:	0032      	movs	r2, r6
10005358:	0098      	lsls	r0, r3, #2
1000535a:	1830      	adds	r0, r6, r0
1000535c:	8893      	ldrh	r3, [r2, #4]
1000535e:	8854      	ldrh	r4, [r2, #2]
10005360:	041b      	lsls	r3, r3, #16
10005362:	4323      	orrs	r3, r4
10005364:	c208      	stmia	r2!, {r3}
10005366:	4282      	cmp	r2, r0
10005368:	d1f8      	bne.n	1000535c <cyw43_ll_parse_async_event+0xd0>
1000536a:	e7b4      	b.n	100052d6 <cyw43_ll_parse_async_event+0x4a>
1000536c:	2301      	movs	r3, #1
1000536e:	425b      	negs	r3, r3
10005370:	60b3      	str	r3, [r6, #8]
10005372:	e7c4      	b.n	100052fe <cyw43_ll_parse_async_event+0x72>
10005374:	1c8a      	adds	r2, r1, #2
10005376:	4690      	mov	r8, r2
10005378:	788a      	ldrb	r2, [r1, #2]
1000537a:	2a00      	cmp	r2, #0
1000537c:	d1dd      	bne.n	1000533a <cyw43_ll_parse_async_event+0xae>
1000537e:	4642      	mov	r2, r8
10005380:	7852      	ldrb	r2, [r2, #1]
10005382:	2a50      	cmp	r2, #80	@ 0x50
10005384:	d1d9      	bne.n	1000533a <cyw43_ll_parse_async_event+0xae>
10005386:	4642      	mov	r2, r8
10005388:	7892      	ldrb	r2, [r2, #2]
1000538a:	2af2      	cmp	r2, #242	@ 0xf2
1000538c:	d1d5      	bne.n	1000533a <cyw43_ll_parse_async_event+0xae>
1000538e:	4642      	mov	r2, r8
10005390:	78d2      	ldrb	r2, [r2, #3]
10005392:	2a01      	cmp	r2, #1
10005394:	d1d1      	bne.n	1000533a <cyw43_ll_parse_async_event+0xae>
10005396:	000f      	movs	r7, r1
10005398:	e7cf      	b.n	1000533a <cyw43_ll_parse_async_event+0xae>
1000539a:	1e63      	subs	r3, r4, #1
1000539c:	419c      	sbcs	r4, r3
1000539e:	00a4      	lsls	r4, r4, #2
100053a0:	2f00      	cmp	r7, #0
100053a2:	d001      	beq.n	100053a8 <cyw43_ll_parse_async_event+0x11c>
100053a4:	2202      	movs	r2, #2
100053a6:	4314      	orrs	r4, r2
100053a8:	8baa      	ldrh	r2, [r5, #28]
100053aa:	06d2      	lsls	r2, r2, #27
100053ac:	d501      	bpl.n	100053b2 <cyw43_ll_parse_async_event+0x126>
100053ae:	2201      	movs	r2, #1
100053b0:	4314      	orrs	r4, r2
100053b2:	2284      	movs	r2, #132	@ 0x84
100053b4:	5cb1      	ldrb	r1, [r6, r2]
100053b6:	52b1      	strh	r1, [r6, r2]
100053b8:	3204      	adds	r2, #4
100053ba:	54b4      	strb	r4, [r6, r2]
100053bc:	e79f      	b.n	100052fe <cyw43_ll_parse_async_event+0x72>
100053be:	2400      	movs	r4, #0
100053c0:	e7f2      	b.n	100053a8 <cyw43_ll_parse_async_event+0x11c>
100053c2:	46c0      	nop			@ (mov r8, r8)

100053c4 <cyw43_kso_set>:
100053c4:	b5f0      	push	{r4, r5, r6, r7, lr}
100053c6:	46c6      	mov	lr, r8
100053c8:	000e      	movs	r6, r1
100053ca:	0005      	movs	r5, r0
100053cc:	000b      	movs	r3, r1
100053ce:	b500      	push	{lr}
100053d0:	2101      	movs	r1, #1
100053d2:	4a1a      	ldr	r2, [pc, #104]	@ (1000543c <cyw43_kso_set+0x78>)
100053d4:	f7ff fd76 	bl	10004ec4 <cyw43_write_reg_u8>
100053d8:	0033      	movs	r3, r6
100053da:	2101      	movs	r1, #1
100053dc:	0028      	movs	r0, r5
100053de:	4a17      	ldr	r2, [pc, #92]	@ (1000543c <cyw43_kso_set+0x78>)
100053e0:	f7ff fd70 	bl	10004ec4 <cyw43_write_reg_u8>
100053e4:	2e00      	cmp	r6, #0
100053e6:	d025      	beq.n	10005434 <cyw43_kso_set+0x70>
100053e8:	2303      	movs	r3, #3
100053ea:	2703      	movs	r7, #3
100053ec:	4698      	mov	r8, r3
100053ee:	2440      	movs	r4, #64	@ 0x40
100053f0:	e00b      	b.n	1000540a <cyw43_kso_set+0x46>
100053f2:	2001      	movs	r0, #1
100053f4:	f002 f910 	bl	10007618 <cyw43_delay_ms>
100053f8:	3c01      	subs	r4, #1
100053fa:	0033      	movs	r3, r6
100053fc:	2101      	movs	r1, #1
100053fe:	0028      	movs	r0, r5
10005400:	4a0e      	ldr	r2, [pc, #56]	@ (1000543c <cyw43_kso_set+0x78>)
10005402:	f7ff fd5f 	bl	10004ec4 <cyw43_write_reg_u8>
10005406:	2c00      	cmp	r4, #0
10005408:	d00f      	beq.n	1000542a <cyw43_kso_set+0x66>
1000540a:	2101      	movs	r1, #1
1000540c:	0028      	movs	r0, r5
1000540e:	4a0b      	ldr	r2, [pc, #44]	@ (1000543c <cyw43_kso_set+0x78>)
10005410:	f7ff fa0c 	bl	1000482c <cyw43_read_reg_u8>
10005414:	2800      	cmp	r0, #0
10005416:	dbec      	blt.n	100053f2 <cyw43_kso_set+0x2e>
10005418:	4642      	mov	r2, r8
1000541a:	4002      	ands	r2, r0
1000541c:	42ba      	cmp	r2, r7
1000541e:	d1e8      	bne.n	100053f2 <cyw43_kso_set+0x2e>
10005420:	28ff      	cmp	r0, #255	@ 0xff
10005422:	d0e6      	beq.n	100053f2 <cyw43_kso_set+0x2e>
10005424:	bc80      	pop	{r7}
10005426:	46b8      	mov	r8, r7
10005428:	bdf0      	pop	{r4, r5, r6, r7, pc}
1000542a:	0031      	movs	r1, r6
1000542c:	4804      	ldr	r0, [pc, #16]	@ (10005440 <cyw43_kso_set+0x7c>)
1000542e:	f7fe fddf 	bl	10003ff0 <__wrap_printf>
10005432:	e7f7      	b.n	10005424 <cyw43_kso_set+0x60>
10005434:	2301      	movs	r3, #1
10005436:	2700      	movs	r7, #0
10005438:	4698      	mov	r8, r3
1000543a:	e7d8      	b.n	100053ee <cyw43_kso_set+0x2a>
1000543c:	0001001f 	.word	0x0001001f
10005440:	10007f5c 	.word	0x10007f5c

10005444 <cyw43_ll_sdpcm_poll_device>:
10005444:	b5f0      	push	{r4, r5, r6, r7, lr}
10005446:	46d6      	mov	lr, sl
10005448:	464f      	mov	r7, r9
1000544a:	4646      	mov	r6, r8
1000544c:	b5c0      	push	{r6, r7, lr}
1000544e:	7cc3      	ldrb	r3, [r0, #19]
10005450:	0005      	movs	r5, r0
10005452:	000f      	movs	r7, r1
10005454:	4692      	mov	sl, r2
10005456:	b082      	sub	sp, #8
10005458:	2b00      	cmp	r3, #0
1000545a:	d105      	bne.n	10005468 <cyw43_ll_sdpcm_poll_device+0x24>
1000545c:	6800      	ldr	r0, [r0, #0]
1000545e:	f001 fc41 	bl	10006ce4 <cyw43_cb_read_host_interrupt_pin>
10005462:	2801      	cmp	r0, #1
10005464:	d000      	beq.n	10005468 <cyw43_ll_sdpcm_poll_device+0x24>
10005466:	e097      	b.n	10005598 <cyw43_ll_sdpcm_poll_device+0x154>
10005468:	0028      	movs	r0, r5
1000546a:	f001 fc41 	bl	10006cf0 <cyw43_cb_ensure_awake>
1000546e:	7cab      	ldrb	r3, [r5, #18]
10005470:	2b00      	cmp	r3, #0
10005472:	d105      	bne.n	10005480 <cyw43_ll_sdpcm_poll_device+0x3c>
10005474:	2101      	movs	r1, #1
10005476:	0028      	movs	r0, r5
10005478:	f7ff ffa4 	bl	100053c4 <cyw43_kso_set>
1000547c:	2301      	movs	r3, #1
1000547e:	74ab      	strb	r3, [r5, #18]
10005480:	7ceb      	ldrb	r3, [r5, #19]
10005482:	2b00      	cmp	r3, #0
10005484:	d100      	bne.n	10005488 <cyw43_ll_sdpcm_poll_device+0x44>
10005486:	e06e      	b.n	10005566 <cyw43_ll_sdpcm_poll_device+0x122>
10005488:	24fa      	movs	r4, #250	@ 0xfa
1000548a:	00a4      	lsls	r4, r4, #2
1000548c:	e003      	b.n	10005496 <cyw43_ll_sdpcm_poll_device+0x52>
1000548e:	3c01      	subs	r4, #1
10005490:	2c00      	cmp	r4, #0
10005492:	d100      	bne.n	10005496 <cyw43_ll_sdpcm_poll_device+0x52>
10005494:	e080      	b.n	10005598 <cyw43_ll_sdpcm_poll_device+0x154>
10005496:	2208      	movs	r2, #8
10005498:	2100      	movs	r1, #0
1000549a:	0028      	movs	r0, r5
1000549c:	f7ff f96e 	bl	1000477c <cyw43_read_reg_u32>
100054a0:	1c43      	adds	r3, r0, #1
100054a2:	d0f4      	beq.n	1000548e <cyw43_ll_sdpcm_poll_device+0x4a>
100054a4:	05c3      	lsls	r3, r0, #23
100054a6:	d400      	bmi.n	100054aa <cyw43_ll_sdpcm_poll_device+0x66>
100054a8:	e0bf      	b.n	1000562a <cyw43_ll_sdpcm_poll_device+0x1e6>
100054aa:	22c0      	movs	r2, #192	@ 0xc0
100054ac:	0303      	lsls	r3, r0, #12
100054ae:	0d5b      	lsrs	r3, r3, #21
100054b0:	1e59      	subs	r1, r3, #1
100054b2:	00d2      	lsls	r2, r2, #3
100054b4:	4291      	cmp	r1, r2
100054b6:	d300      	bcc.n	100054ba <cyw43_ll_sdpcm_poll_device+0x76>
100054b8:	e0b1      	b.n	1000561e <cyw43_ll_sdpcm_poll_device+0x1da>
100054ba:	0780      	lsls	r0, r0, #30
100054bc:	d500      	bpl.n	100054c0 <cyw43_ll_sdpcm_poll_device+0x7c>
100054be:	e0ae      	b.n	1000561e <cyw43_ll_sdpcm_poll_device+0x1da>
100054c0:	002c      	movs	r4, r5
100054c2:	3428      	adds	r4, #40	@ 0x28
100054c4:	2200      	movs	r2, #0
100054c6:	2102      	movs	r1, #2
100054c8:	0028      	movs	r0, r5
100054ca:	9400      	str	r4, [sp, #0]
100054cc:	f7ff fe04 	bl	100050d8 <cyw43_read_bytes>
100054d0:	2800      	cmp	r0, #0
100054d2:	d13b      	bne.n	1000554c <cyw43_ll_sdpcm_poll_device+0x108>
100054d4:	8d29      	ldrh	r1, [r5, #40]	@ 0x28
100054d6:	8d6a      	ldrh	r2, [r5, #42]	@ 0x2a
100054d8:	000b      	movs	r3, r1
100054da:	4313      	orrs	r3, r2
100054dc:	d100      	bne.n	100054e0 <cyw43_ll_sdpcm_poll_device+0x9c>
100054de:	e0a4      	b.n	1000562a <cyw43_ll_sdpcm_poll_device+0x1e6>
100054e0:	2301      	movs	r3, #1
100054e2:	74eb      	strb	r3, [r5, #19]
100054e4:	4b60      	ldr	r3, [pc, #384]	@ (10005668 <cyw43_ll_sdpcm_poll_device+0x224>)
100054e6:	469c      	mov	ip, r3
100054e8:	000b      	movs	r3, r1
100054ea:	4053      	eors	r3, r2
100054ec:	4563      	cmp	r3, ip
100054ee:	d000      	beq.n	100054f2 <cyw43_ll_sdpcm_poll_device+0xae>
100054f0:	e0a1      	b.n	10005636 <cyw43_ll_sdpcm_poll_device+0x1f2>
100054f2:	43d2      	mvns	r2, r2
100054f4:	b292      	uxth	r2, r2
100054f6:	4291      	cmp	r1, r2
100054f8:	d000      	beq.n	100054fc <cyw43_ll_sdpcm_poll_device+0xb8>
100054fa:	e099      	b.n	10005630 <cyw43_ll_sdpcm_poll_device+0x1ec>
100054fc:	290b      	cmp	r1, #11
100054fe:	d800      	bhi.n	10005502 <cyw43_ll_sdpcm_poll_device+0xbe>
10005500:	e0a0      	b.n	10005644 <cyw43_ll_sdpcm_poll_device+0x200>
10005502:	7a23      	ldrb	r3, [r4, #8]
10005504:	73ab      	strb	r3, [r5, #14]
10005506:	230f      	movs	r3, #15
10005508:	7962      	ldrb	r2, [r4, #5]
1000550a:	4013      	ands	r3, r2
1000550c:	2b02      	cmp	r3, #2
1000550e:	d823      	bhi.n	10005558 <cyw43_ll_sdpcm_poll_device+0x114>
10005510:	7a62      	ldrb	r2, [r4, #9]
10005512:	4694      	mov	ip, r2
10005514:	4666      	mov	r6, ip
10005516:	7b6a      	ldrb	r2, [r5, #13]
10005518:	1ab2      	subs	r2, r6, r2
1000551a:	b2d2      	uxtb	r2, r2
1000551c:	2a14      	cmp	r2, #20
1000551e:	d93e      	bls.n	1000559e <cyw43_ll_sdpcm_poll_device+0x15a>
10005520:	290c      	cmp	r1, #12
10005522:	d01d      	beq.n	10005560 <cyw43_ll_sdpcm_poll_device+0x11c>
10005524:	2b01      	cmp	r3, #1
10005526:	d03c      	beq.n	100055a2 <cyw43_ll_sdpcm_poll_device+0x15e>
10005528:	2b02      	cmp	r3, #2
1000552a:	d060      	beq.n	100055ee <cyw43_ll_sdpcm_poll_device+0x1aa>
1000552c:	291b      	cmp	r1, #27
1000552e:	d800      	bhi.n	10005532 <cyw43_ll_sdpcm_poll_device+0xee>
10005530:	e094      	b.n	1000565c <cyw43_ll_sdpcm_poll_device+0x218>
10005532:	79e3      	ldrb	r3, [r4, #7]
10005534:	8a2d      	ldrh	r5, [r5, #16]
10005536:	18e3      	adds	r3, r4, r3
10005538:	895a      	ldrh	r2, [r3, #10]
1000553a:	4295      	cmp	r5, r2
1000553c:	d000      	beq.n	10005540 <cyw43_ll_sdpcm_poll_device+0xfc>
1000553e:	e08a      	b.n	10005656 <cyw43_ll_sdpcm_poll_device+0x212>
10005540:	4652      	mov	r2, sl
10005542:	3310      	adds	r3, #16
10005544:	1b1c      	subs	r4, r3, r4
10005546:	1b0c      	subs	r4, r1, r4
10005548:	603c      	str	r4, [r7, #0]
1000554a:	6013      	str	r3, [r2, #0]
1000554c:	b002      	add	sp, #8
1000554e:	bce0      	pop	{r5, r6, r7}
10005550:	46ba      	mov	sl, r7
10005552:	46b1      	mov	r9, r6
10005554:	46a8      	mov	r8, r5
10005556:	bdf0      	pop	{r4, r5, r6, r7, pc}
10005558:	200b      	movs	r0, #11
1000555a:	4240      	negs	r0, r0
1000555c:	290c      	cmp	r1, #12
1000555e:	d1f5      	bne.n	1000554c <cyw43_ll_sdpcm_poll_device+0x108>
10005560:	2004      	movs	r0, #4
10005562:	4240      	negs	r0, r0
10005564:	e7f2      	b.n	1000554c <cyw43_ll_sdpcm_poll_device+0x108>
10005566:	2204      	movs	r2, #4
10005568:	2100      	movs	r1, #0
1000556a:	0028      	movs	r0, r5
1000556c:	f7ff f932 	bl	100047d4 <cyw43_read_reg_u16>
10005570:	b283      	uxth	r3, r0
10005572:	4698      	mov	r8, r3
10005574:	4b3d      	ldr	r3, [pc, #244]	@ (1000566c <cyw43_ll_sdpcm_poll_device+0x228>)
10005576:	0004      	movs	r4, r0
10005578:	4699      	mov	r9, r3
1000557a:	881b      	ldrh	r3, [r3, #0]
1000557c:	4543      	cmp	r3, r8
1000557e:	d002      	beq.n	10005586 <cyw43_ll_sdpcm_poll_device+0x142>
10005580:	2386      	movs	r3, #134	@ 0x86
10005582:	4203      	tst	r3, r0
10005584:	d12d      	bne.n	100055e2 <cyw43_ll_sdpcm_poll_device+0x19e>
10005586:	4643      	mov	r3, r8
10005588:	2b00      	cmp	r3, #0
1000558a:	d142      	bne.n	10005612 <cyw43_ll_sdpcm_poll_device+0x1ce>
1000558c:	464b      	mov	r3, r9
1000558e:	4642      	mov	r2, r8
10005590:	801a      	strh	r2, [r3, #0]
10005592:	06a4      	lsls	r4, r4, #26
10005594:	d500      	bpl.n	10005598 <cyw43_ll_sdpcm_poll_device+0x154>
10005596:	e777      	b.n	10005488 <cyw43_ll_sdpcm_poll_device+0x44>
10005598:	2001      	movs	r0, #1
1000559a:	4240      	negs	r0, r0
1000559c:	e7d6      	b.n	1000554c <cyw43_ll_sdpcm_poll_device+0x108>
1000559e:	736e      	strb	r6, [r5, #13]
100055a0:	e7be      	b.n	10005520 <cyw43_ll_sdpcm_poll_device+0xdc>
100055a2:	2910      	cmp	r1, #16
100055a4:	d95d      	bls.n	10005662 <cyw43_ll_sdpcm_poll_device+0x21e>
100055a6:	79e3      	ldrb	r3, [r4, #7]
100055a8:	18e3      	adds	r3, r4, r3
100055aa:	78da      	ldrb	r2, [r3, #3]
100055ac:	0092      	lsls	r2, r2, #2
100055ae:	3204      	adds	r2, #4
100055b0:	189b      	adds	r3, r3, r2
100055b2:	7b1a      	ldrb	r2, [r3, #12]
100055b4:	1b1c      	subs	r4, r3, r4
100055b6:	1b09      	subs	r1, r1, r4
100055b8:	2a88      	cmp	r2, #136	@ 0x88
100055ba:	d146      	bne.n	1000564a <cyw43_ll_sdpcm_poll_device+0x206>
100055bc:	7b5a      	ldrb	r2, [r3, #13]
100055be:	2a6c      	cmp	r2, #108	@ 0x6c
100055c0:	d143      	bne.n	1000564a <cyw43_ll_sdpcm_poll_device+0x206>
100055c2:	7cda      	ldrb	r2, [r3, #19]
100055c4:	2a00      	cmp	r2, #0
100055c6:	d13a      	bne.n	1000563e <cyw43_ll_sdpcm_poll_device+0x1fa>
100055c8:	7d1a      	ldrb	r2, [r3, #20]
100055ca:	2a10      	cmp	r2, #16
100055cc:	d137      	bne.n	1000563e <cyw43_ll_sdpcm_poll_device+0x1fa>
100055ce:	7d5a      	ldrb	r2, [r3, #21]
100055d0:	2a18      	cmp	r2, #24
100055d2:	d134      	bne.n	1000563e <cyw43_ll_sdpcm_poll_device+0x1fa>
100055d4:	4652      	mov	r2, sl
100055d6:	3918      	subs	r1, #24
100055d8:	3318      	adds	r3, #24
100055da:	6039      	str	r1, [r7, #0]
100055dc:	2001      	movs	r0, #1
100055de:	6013      	str	r3, [r2, #0]
100055e0:	e7b4      	b.n	1000554c <cyw43_ll_sdpcm_poll_device+0x108>
100055e2:	0401      	lsls	r1, r0, #16
100055e4:	0c09      	lsrs	r1, r1, #16
100055e6:	4822      	ldr	r0, [pc, #136]	@ (10005670 <cyw43_ll_sdpcm_poll_device+0x22c>)
100055e8:	f7fe fd02 	bl	10003ff0 <__wrap_printf>
100055ec:	e7cb      	b.n	10005586 <cyw43_ll_sdpcm_poll_device+0x142>
100055ee:	2910      	cmp	r1, #16
100055f0:	d92e      	bls.n	10005650 <cyw43_ll_sdpcm_poll_device+0x20c>
100055f2:	79e2      	ldrb	r2, [r4, #7]
100055f4:	2002      	movs	r0, #2
100055f6:	18a2      	adds	r2, r4, r2
100055f8:	78d3      	ldrb	r3, [r2, #3]
100055fa:	009b      	lsls	r3, r3, #2
100055fc:	3304      	adds	r3, #4
100055fe:	18d3      	adds	r3, r2, r3
10005600:	7892      	ldrb	r2, [r2, #2]
10005602:	1b1c      	subs	r4, r3, r4
10005604:	07d2      	lsls	r2, r2, #31
10005606:	1b0c      	subs	r4, r1, r4
10005608:	4314      	orrs	r4, r2
1000560a:	4652      	mov	r2, sl
1000560c:	603c      	str	r4, [r7, #0]
1000560e:	6013      	str	r3, [r2, #0]
10005610:	e79c      	b.n	1000554c <cyw43_ll_sdpcm_poll_device+0x108>
10005612:	2204      	movs	r2, #4
10005614:	2100      	movs	r1, #0
10005616:	0028      	movs	r0, r5
10005618:	f7ff fb4a 	bl	10004cb0 <cyw43_write_reg_u16>
1000561c:	e7b6      	b.n	1000558c <cyw43_ll_sdpcm_poll_device+0x148>
1000561e:	2301      	movs	r3, #1
10005620:	2101      	movs	r1, #1
10005622:	0028      	movs	r0, r5
10005624:	4a13      	ldr	r2, [pc, #76]	@ (10005674 <cyw43_ll_sdpcm_poll_device+0x230>)
10005626:	f7ff fc4d 	bl	10004ec4 <cyw43_write_reg_u8>
1000562a:	2300      	movs	r3, #0
1000562c:	74eb      	strb	r3, [r5, #19]
1000562e:	e7b3      	b.n	10005598 <cyw43_ll_sdpcm_poll_device+0x154>
10005630:	2002      	movs	r0, #2
10005632:	4240      	negs	r0, r0
10005634:	e78a      	b.n	1000554c <cyw43_ll_sdpcm_poll_device+0x108>
10005636:	4810      	ldr	r0, [pc, #64]	@ (10005678 <cyw43_ll_sdpcm_poll_device+0x234>)
10005638:	f7fe fcda 	bl	10003ff0 <__wrap_printf>
1000563c:	e7ac      	b.n	10005598 <cyw43_ll_sdpcm_poll_device+0x154>
1000563e:	200a      	movs	r0, #10
10005640:	4240      	negs	r0, r0
10005642:	e783      	b.n	1000554c <cyw43_ll_sdpcm_poll_device+0x108>
10005644:	2003      	movs	r0, #3
10005646:	4240      	negs	r0, r0
10005648:	e780      	b.n	1000554c <cyw43_ll_sdpcm_poll_device+0x108>
1000564a:	2009      	movs	r0, #9
1000564c:	4240      	negs	r0, r0
1000564e:	e77d      	b.n	1000554c <cyw43_ll_sdpcm_poll_device+0x108>
10005650:	2007      	movs	r0, #7
10005652:	4240      	negs	r0, r0
10005654:	e77a      	b.n	1000554c <cyw43_ll_sdpcm_poll_device+0x108>
10005656:	2006      	movs	r0, #6
10005658:	4240      	negs	r0, r0
1000565a:	e777      	b.n	1000554c <cyw43_ll_sdpcm_poll_device+0x108>
1000565c:	2005      	movs	r0, #5
1000565e:	4240      	negs	r0, r0
10005660:	e774      	b.n	1000554c <cyw43_ll_sdpcm_poll_device+0x108>
10005662:	2008      	movs	r0, #8
10005664:	4240      	negs	r0, r0
10005666:	e771      	b.n	1000554c <cyw43_ll_sdpcm_poll_device+0x108>
10005668:	0000ffff 	.word	0x0000ffff
1000566c:	20001432 	.word	0x20001432
10005670:	10007f80 	.word	0x10007f80
10005674:	0001000d 	.word	0x0001000d
10005678:	10007fac 	.word	0x10007fac

1000567c <cyw43_sdpcm_send_common>:
1000567c:	b5f0      	push	{r4, r5, r6, r7, lr}
1000567e:	46de      	mov	lr, fp
10005680:	4657      	mov	r7, sl
10005682:	4645      	mov	r5, r8
10005684:	464e      	mov	r6, r9
10005686:	0004      	movs	r4, r0
10005688:	b5e0      	push	{r5, r6, r7, lr}
1000568a:	b085      	sub	sp, #20
1000568c:	469a      	mov	sl, r3
1000568e:	4688      	mov	r8, r1
10005690:	4693      	mov	fp, r2
10005692:	f001 fb2d 	bl	10006cf0 <cyw43_cb_ensure_awake>
10005696:	7ca3      	ldrb	r3, [r4, #18]
10005698:	2b00      	cmp	r3, #0
1000569a:	d105      	bne.n	100056a8 <cyw43_sdpcm_send_common+0x2c>
1000569c:	2101      	movs	r1, #1
1000569e:	0020      	movs	r0, r4
100056a0:	f7ff fe90 	bl	100053c4 <cyw43_kso_set>
100056a4:	2301      	movs	r3, #1
100056a6:	74a3      	strb	r3, [r4, #18]
100056a8:	7ba3      	ldrb	r3, [r4, #14]
100056aa:	2b00      	cmp	r3, #0
100056ac:	d024      	beq.n	100056f8 <cyw43_sdpcm_send_common+0x7c>
100056ae:	4f2f      	ldr	r7, [pc, #188]	@ (1000576c <cyw43_sdpcm_send_common+0xf0>)
100056b0:	4e2f      	ldr	r6, [pc, #188]	@ (10005770 <cyw43_sdpcm_send_common+0xf4>)
100056b2:	6abb      	ldr	r3, [r7, #40]	@ 0x28
100056b4:	4699      	mov	r9, r3
100056b6:	e00e      	b.n	100056d6 <cyw43_sdpcm_send_common+0x5a>
100056b8:	7ba1      	ldrb	r1, [r4, #14]
100056ba:	2900      	cmp	r1, #0
100056bc:	d103      	bne.n	100056c6 <cyw43_sdpcm_send_common+0x4a>
100056be:	7b23      	ldrb	r3, [r4, #12]
100056c0:	7b62      	ldrb	r2, [r4, #13]
100056c2:	429a      	cmp	r2, r3
100056c4:	d11c      	bne.n	10005700 <cyw43_sdpcm_send_common+0x84>
100056c6:	464b      	mov	r3, r9
100056c8:	1aed      	subs	r5, r5, r3
100056ca:	42b5      	cmp	r5, r6
100056cc:	d845      	bhi.n	1000575a <cyw43_sdpcm_send_common+0xde>
100056ce:	20fa      	movs	r0, #250	@ 0xfa
100056d0:	0080      	lsls	r0, r0, #2
100056d2:	f001 ff73 	bl	100075bc <cyw43_await_background_or_timeout_us>
100056d6:	0020      	movs	r0, r4
100056d8:	aa03      	add	r2, sp, #12
100056da:	a902      	add	r1, sp, #8
100056dc:	6abd      	ldr	r5, [r7, #40]	@ 0x28
100056de:	f7ff feb1 	bl	10005444 <cyw43_ll_sdpcm_poll_device>
100056e2:	2801      	cmp	r0, #1
100056e4:	d1e8      	bne.n	100056b8 <cyw43_sdpcm_send_common+0x3c>
100056e6:	9903      	ldr	r1, [sp, #12]
100056e8:	9802      	ldr	r0, [sp, #8]
100056ea:	f7ff fdcf 	bl	1000528c <cyw43_ll_parse_async_event>
100056ee:	0001      	movs	r1, r0
100056f0:	0020      	movs	r0, r4
100056f2:	f001 fb03 	bl	10006cfc <cyw43_cb_process_async_event>
100056f6:	e7df      	b.n	100056b8 <cyw43_sdpcm_send_common+0x3c>
100056f8:	7b23      	ldrb	r3, [r4, #12]
100056fa:	7b62      	ldrb	r2, [r4, #13]
100056fc:	429a      	cmp	r2, r3
100056fe:	d0d6      	beq.n	100056ae <cyw43_sdpcm_send_common+0x32>
10005700:	465a      	mov	r2, fp
10005702:	4651      	mov	r1, sl
10005704:	320c      	adds	r2, #12
10005706:	b292      	uxth	r2, r2
10005708:	800a      	strh	r2, [r1, #0]
1000570a:	43d2      	mvns	r2, r2
1000570c:	710b      	strb	r3, [r1, #4]
1000570e:	804a      	strh	r2, [r1, #2]
10005710:	4652      	mov	r2, sl
10005712:	4641      	mov	r1, r8
10005714:	7151      	strb	r1, [r2, #5]
10005716:	2200      	movs	r2, #0
10005718:	4651      	mov	r1, sl
1000571a:	718a      	strb	r2, [r1, #6]
1000571c:	4641      	mov	r1, r8
1000571e:	1e8e      	subs	r6, r1, #2
10005720:	1e71      	subs	r1, r6, #1
10005722:	418e      	sbcs	r6, r1
10005724:	2101      	movs	r1, #1
10005726:	4276      	negs	r6, r6
10005728:	438e      	bics	r6, r1
1000572a:	4651      	mov	r1, sl
1000572c:	3301      	adds	r3, #1
1000572e:	360e      	adds	r6, #14
10005730:	810a      	strh	r2, [r1, #8]
10005732:	814a      	strh	r2, [r1, #10]
10005734:	71ce      	strb	r6, [r1, #7]
10005736:	7323      	strb	r3, [r4, #12]
10005738:	465b      	mov	r3, fp
1000573a:	3203      	adds	r2, #3
1000573c:	330f      	adds	r3, #15
1000573e:	4393      	bics	r3, r2
10005740:	9100      	str	r1, [sp, #0]
10005742:	2200      	movs	r2, #0
10005744:	2102      	movs	r1, #2
10005746:	0020      	movs	r0, r4
10005748:	f7ff fd02 	bl	10005150 <cyw43_write_bytes>
1000574c:	b005      	add	sp, #20
1000574e:	bcf0      	pop	{r4, r5, r6, r7}
10005750:	46bb      	mov	fp, r7
10005752:	46b2      	mov	sl, r6
10005754:	46a9      	mov	r9, r5
10005756:	46a0      	mov	r8, r4
10005758:	bdf0      	pop	{r4, r5, r6, r7, pc}
1000575a:	7b63      	ldrb	r3, [r4, #13]
1000575c:	7b22      	ldrb	r2, [r4, #12]
1000575e:	4805      	ldr	r0, [pc, #20]	@ (10005774 <cyw43_sdpcm_send_common+0xf8>)
10005760:	f7fe fc46 	bl	10003ff0 <__wrap_printf>
10005764:	2002      	movs	r0, #2
10005766:	4240      	negs	r0, r0
10005768:	e7f0      	b.n	1000574c <cyw43_sdpcm_send_common+0xd0>
1000576a:	46c0      	nop			@ (mov r8, r8)
1000576c:	40054000 	.word	0x40054000
10005770:	000f4240 	.word	0x000f4240
10005774:	10007fd8 	.word	0x10007fd8

10005778 <cyw43_do_ioctl.part.0>:
10005778:	b5f0      	push	{r4, r5, r6, r7, lr}
1000577a:	4657      	mov	r7, sl
1000577c:	464e      	mov	r6, r9
1000577e:	4645      	mov	r5, r8
10005780:	46de      	mov	lr, fp
10005782:	b5e0      	push	{r5, r6, r7, lr}
10005784:	4e29      	ldr	r6, [pc, #164]	@ (1000582c <cyw43_do_ioctl.part.0+0xb4>)
10005786:	4692      	mov	sl, r2
10005788:	6ab7      	ldr	r7, [r6, #40]	@ 0x28
1000578a:	4698      	mov	r8, r3
1000578c:	4a28      	ldr	r2, [pc, #160]	@ (10005830 <cyw43_do_ioctl.part.0+0xb8>)
1000578e:	6ab3      	ldr	r3, [r6, #40]	@ 0x28
10005790:	0005      	movs	r5, r0
10005792:	4689      	mov	r9, r1
10005794:	b083      	sub	sp, #12
10005796:	1bdb      	subs	r3, r3, r7
10005798:	4293      	cmp	r3, r2
1000579a:	d82e      	bhi.n	100057fa <cyw43_do_ioctl.part.0+0x82>
1000579c:	4b25      	ldr	r3, [pc, #148]	@ (10005834 <cyw43_do_ioctl.part.0+0xbc>)
1000579e:	469b      	mov	fp, r3
100057a0:	e010      	b.n	100057c4 <cyw43_do_ioctl.part.0+0x4c>
100057a2:	2802      	cmp	r0, #2
100057a4:	d020      	beq.n	100057e8 <cyw43_do_ioctl.part.0+0x70>
100057a6:	2800      	cmp	r0, #0
100057a8:	db03      	blt.n	100057b2 <cyw43_do_ioctl.part.0+0x3a>
100057aa:	0001      	movs	r1, r0
100057ac:	4658      	mov	r0, fp
100057ae:	f7fe fc1f 	bl	10003ff0 <__wrap_printf>
100057b2:	20fa      	movs	r0, #250	@ 0xfa
100057b4:	0080      	lsls	r0, r0, #2
100057b6:	f001 ff01 	bl	100075bc <cyw43_await_background_or_timeout_us>
100057ba:	6ab3      	ldr	r3, [r6, #40]	@ 0x28
100057bc:	4a1c      	ldr	r2, [pc, #112]	@ (10005830 <cyw43_do_ioctl.part.0+0xb8>)
100057be:	1bdb      	subs	r3, r3, r7
100057c0:	4293      	cmp	r3, r2
100057c2:	d81a      	bhi.n	100057fa <cyw43_do_ioctl.part.0+0x82>
100057c4:	4669      	mov	r1, sp
100057c6:	0028      	movs	r0, r5
100057c8:	aa01      	add	r2, sp, #4
100057ca:	f7ff fe3b 	bl	10005444 <cyw43_ll_sdpcm_poll_device>
100057ce:	1e04      	subs	r4, r0, #0
100057d0:	d023      	beq.n	1000581a <cyw43_do_ioctl.part.0+0xa2>
100057d2:	2801      	cmp	r0, #1
100057d4:	d1e5      	bne.n	100057a2 <cyw43_do_ioctl.part.0+0x2a>
100057d6:	9901      	ldr	r1, [sp, #4]
100057d8:	9800      	ldr	r0, [sp, #0]
100057da:	f7ff fd57 	bl	1000528c <cyw43_ll_parse_async_event>
100057de:	0001      	movs	r1, r0
100057e0:	0028      	movs	r0, r5
100057e2:	f001 fa8b 	bl	10006cfc <cyw43_cb_process_async_event>
100057e6:	e7e4      	b.n	100057b2 <cyw43_do_ioctl.part.0+0x3a>
100057e8:	9900      	ldr	r1, [sp, #0]
100057ea:	9b01      	ldr	r3, [sp, #4]
100057ec:	004a      	lsls	r2, r1, #1
100057ee:	6828      	ldr	r0, [r5, #0]
100057f0:	0852      	lsrs	r2, r2, #1
100057f2:	0fc9      	lsrs	r1, r1, #31
100057f4:	f001 ff40 	bl	10007678 <cyw43_cb_process_ethernet>
100057f8:	e7db      	b.n	100057b2 <cyw43_do_ioctl.part.0+0x3a>
100057fa:	4643      	mov	r3, r8
100057fc:	4652      	mov	r2, sl
100057fe:	4649      	mov	r1, r9
10005800:	2402      	movs	r4, #2
10005802:	480d      	ldr	r0, [pc, #52]	@ (10005838 <cyw43_do_ioctl.part.0+0xc0>)
10005804:	f7fe fbf4 	bl	10003ff0 <__wrap_printf>
10005808:	4264      	negs	r4, r4
1000580a:	0020      	movs	r0, r4
1000580c:	b003      	add	sp, #12
1000580e:	bcf0      	pop	{r4, r5, r6, r7}
10005810:	46bb      	mov	fp, r7
10005812:	46b2      	mov	sl, r6
10005814:	46a9      	mov	r9, r5
10005816:	46a0      	mov	r8, r4
10005818:	bdf0      	pop	{r4, r5, r6, r7, pc}
1000581a:	9a00      	ldr	r2, [sp, #0]
1000581c:	4542      	cmp	r2, r8
1000581e:	d900      	bls.n	10005822 <cyw43_do_ioctl.part.0+0xaa>
10005820:	4642      	mov	r2, r8
10005822:	9901      	ldr	r1, [sp, #4]
10005824:	980c      	ldr	r0, [sp, #48]	@ 0x30
10005826:	f002 f9cf 	bl	10007bc8 <memmove>
1000582a:	e7ee      	b.n	1000580a <cyw43_do_ioctl.part.0+0x92>
1000582c:	40054000 	.word	0x40054000
10005830:	000f423f 	.word	0x000f423f
10005834:	10007ffc 	.word	0x10007ffc
10005838:	10008028 	.word	0x10008028

1000583c <cyw43_write_iovar_u32.constprop.0>:
1000583c:	b5f0      	push	{r4, r5, r6, r7, lr}
1000583e:	46ce      	mov	lr, r9
10005840:	4647      	mov	r7, r8
10005842:	b580      	push	{r7, lr}
10005844:	0006      	movs	r6, r0
10005846:	b083      	sub	sp, #12
10005848:	0004      	movs	r4, r0
1000584a:	0008      	movs	r0, r1
1000584c:	0017      	movs	r7, r2
1000584e:	4689      	mov	r9, r1
10005850:	f002 fa6e 	bl	10007d30 <strlen>
10005854:	1c43      	adds	r3, r0, #1
10005856:	4698      	mov	r8, r3
10005858:	3644      	adds	r6, #68	@ 0x44
1000585a:	0005      	movs	r5, r0
1000585c:	001a      	movs	r2, r3
1000585e:	4649      	mov	r1, r9
10005860:	0030      	movs	r0, r6
10005862:	f7fc fd4b 	bl	100022fc <__wrap___aeabi_memcpy>
10005866:	4643      	mov	r3, r8
10005868:	18f2      	adds	r2, r6, r3
1000586a:	0a3b      	lsrs	r3, r7, #8
1000586c:	7017      	strb	r7, [r2, #0]
1000586e:	7053      	strb	r3, [r2, #1]
10005870:	0c3b      	lsrs	r3, r7, #16
10005872:	0e3f      	lsrs	r7, r7, #24
10005874:	7093      	strb	r3, [r2, #2]
10005876:	70d7      	strb	r7, [r2, #3]
10005878:	002a      	movs	r2, r5
1000587a:	2380      	movs	r3, #128	@ 0x80
1000587c:	3221      	adds	r2, #33	@ 0x21
1000587e:	1d6f      	adds	r7, r5, #5
10005880:	011b      	lsls	r3, r3, #4
10005882:	429a      	cmp	r2, r3
10005884:	d820      	bhi.n	100058c8 <cyw43_write_iovar_u32.constprop.0+0x8c>
10005886:	2208      	movs	r2, #8
10005888:	8a23      	ldrh	r3, [r4, #16]
1000588a:	32ff      	adds	r2, #255	@ 0xff
1000588c:	3301      	adds	r3, #1
1000588e:	b29b      	uxth	r3, r3
10005890:	4690      	mov	r8, r2
10005892:	6362      	str	r2, [r4, #52]	@ 0x34
10005894:	3a06      	subs	r2, #6
10005896:	3aff      	subs	r2, #255	@ 0xff
10005898:	8223      	strh	r3, [r4, #16]
1000589a:	041b      	lsls	r3, r3, #16
1000589c:	4313      	orrs	r3, r2
1000589e:	63e3      	str	r3, [r4, #60]	@ 0x3c
100058a0:	2300      	movs	r3, #0
100058a2:	002a      	movs	r2, r5
100058a4:	6423      	str	r3, [r4, #64]	@ 0x40
100058a6:	0023      	movs	r3, r4
100058a8:	2100      	movs	r1, #0
100058aa:	0020      	movs	r0, r4
100058ac:	63a7      	str	r7, [r4, #56]	@ 0x38
100058ae:	3215      	adds	r2, #21
100058b0:	3328      	adds	r3, #40	@ 0x28
100058b2:	f7ff fee3 	bl	1000567c <cyw43_sdpcm_send_common>
100058b6:	2800      	cmp	r0, #0
100058b8:	d106      	bne.n	100058c8 <cyw43_write_iovar_u32.constprop.0+0x8c>
100058ba:	003b      	movs	r3, r7
100058bc:	4642      	mov	r2, r8
100058be:	2102      	movs	r1, #2
100058c0:	0020      	movs	r0, r4
100058c2:	9600      	str	r6, [sp, #0]
100058c4:	f7ff ff58 	bl	10005778 <cyw43_do_ioctl.part.0>
100058c8:	b003      	add	sp, #12
100058ca:	bcc0      	pop	{r6, r7}
100058cc:	46b9      	mov	r9, r7
100058ce:	46b0      	mov	r8, r6
100058d0:	bdf0      	pop	{r4, r5, r6, r7, pc}
100058d2:	46c0      	nop			@ (mov r8, r8)

100058d4 <cyw43_write_iovar_n>:
100058d4:	b5f0      	push	{r4, r5, r6, r7, lr}
100058d6:	46ce      	mov	lr, r9
100058d8:	4647      	mov	r7, r8
100058da:	b580      	push	{r7, lr}
100058dc:	0006      	movs	r6, r0
100058de:	b083      	sub	sp, #12
100058e0:	0004      	movs	r4, r0
100058e2:	0008      	movs	r0, r1
100058e4:	4699      	mov	r9, r3
100058e6:	4688      	mov	r8, r1
100058e8:	0017      	movs	r7, r2
100058ea:	f002 fa21 	bl	10007d30 <strlen>
100058ee:	3644      	adds	r6, #68	@ 0x44
100058f0:	1c45      	adds	r5, r0, #1
100058f2:	003a      	movs	r2, r7
100058f4:	4649      	mov	r1, r9
100058f6:	1970      	adds	r0, r6, r5
100058f8:	f002 f966 	bl	10007bc8 <memmove>
100058fc:	002a      	movs	r2, r5
100058fe:	4641      	mov	r1, r8
10005900:	0030      	movs	r0, r6
10005902:	19ed      	adds	r5, r5, r7
10005904:	f7fc fcfa 	bl	100022fc <__wrap___aeabi_memcpy>
10005908:	002a      	movs	r2, r5
1000590a:	2380      	movs	r3, #128	@ 0x80
1000590c:	321c      	adds	r2, #28
1000590e:	011b      	lsls	r3, r3, #4
10005910:	429a      	cmp	r2, r3
10005912:	d820      	bhi.n	10005956 <cyw43_write_iovar_n+0x82>
10005914:	8a21      	ldrh	r1, [r4, #16]
10005916:	9b0a      	ldr	r3, [sp, #40]	@ 0x28
10005918:	3101      	adds	r1, #1
1000591a:	b289      	uxth	r1, r1
1000591c:	031b      	lsls	r3, r3, #12
1000591e:	8221      	strh	r1, [r4, #16]
10005920:	0409      	lsls	r1, r1, #16
10005922:	4319      	orrs	r1, r3
10005924:	2302      	movs	r3, #2
10005926:	4319      	orrs	r1, r3
10005928:	2300      	movs	r3, #0
1000592a:	2708      	movs	r7, #8
1000592c:	6423      	str	r3, [r4, #64]	@ 0x40
1000592e:	0023      	movs	r3, r4
10005930:	37ff      	adds	r7, #255	@ 0xff
10005932:	63e1      	str	r1, [r4, #60]	@ 0x3c
10005934:	0020      	movs	r0, r4
10005936:	2100      	movs	r1, #0
10005938:	6367      	str	r7, [r4, #52]	@ 0x34
1000593a:	63a5      	str	r5, [r4, #56]	@ 0x38
1000593c:	3328      	adds	r3, #40	@ 0x28
1000593e:	3a0c      	subs	r2, #12
10005940:	f7ff fe9c 	bl	1000567c <cyw43_sdpcm_send_common>
10005944:	2800      	cmp	r0, #0
10005946:	d106      	bne.n	10005956 <cyw43_write_iovar_n+0x82>
10005948:	002b      	movs	r3, r5
1000594a:	003a      	movs	r2, r7
1000594c:	2102      	movs	r1, #2
1000594e:	0020      	movs	r0, r4
10005950:	9600      	str	r6, [sp, #0]
10005952:	f7ff ff11 	bl	10005778 <cyw43_do_ioctl.part.0>
10005956:	b003      	add	sp, #12
10005958:	bcc0      	pop	{r6, r7}
1000595a:	46b9      	mov	r9, r7
1000595c:	46b0      	mov	r8, r6
1000595e:	bdf0      	pop	{r4, r5, r6, r7, pc}

10005960 <cyw43_read_backplane.constprop.0>:
10005960:	6883      	ldr	r3, [r0, #8]
10005962:	b570      	push	{r4, r5, r6, lr}
10005964:	0bce      	lsrs	r6, r1, #15
10005966:	0004      	movs	r4, r0
10005968:	000d      	movs	r5, r1
1000596a:	03f6      	lsls	r6, r6, #15
1000596c:	429e      	cmp	r6, r3
1000596e:	d00d      	beq.n	1000598c <cyw43_read_backplane.constprop.0+0x2c>
10005970:	2280      	movs	r2, #128	@ 0x80
10005972:	4073      	eors	r3, r6
10005974:	0452      	lsls	r2, r2, #17
10005976:	4293      	cmp	r3, r2
10005978:	d239      	bcs.n	100059ee <cyw43_read_backplane.constprop.0+0x8e>
1000597a:	22ff      	movs	r2, #255	@ 0xff
1000597c:	0412      	lsls	r2, r2, #16
1000597e:	4213      	tst	r3, r2
10005980:	d12c      	bne.n	100059dc <cyw43_read_backplane.constprop.0+0x7c>
10005982:	22ff      	movs	r2, #255	@ 0xff
10005984:	0212      	lsls	r2, r2, #8
10005986:	4213      	tst	r3, r2
10005988:	d121      	bne.n	100059ce <cyw43_read_backplane.constprop.0+0x6e>
1000598a:	60a6      	str	r6, [r4, #8]
1000598c:	2280      	movs	r2, #128	@ 0x80
1000598e:	046d      	lsls	r5, r5, #17
10005990:	0c6d      	lsrs	r5, r5, #17
10005992:	0212      	lsls	r2, r2, #8
10005994:	432a      	orrs	r2, r5
10005996:	2101      	movs	r1, #1
10005998:	0020      	movs	r0, r4
1000599a:	f7fe ff47 	bl	1000482c <cyw43_read_reg_u8>
1000599e:	25c0      	movs	r5, #192	@ 0xc0
100059a0:	68a3      	ldr	r3, [r4, #8]
100059a2:	0006      	movs	r6, r0
100059a4:	056d      	lsls	r5, r5, #21
100059a6:	42ab      	cmp	r3, r5
100059a8:	d00f      	beq.n	100059ca <cyw43_read_backplane.constprop.0+0x6a>
100059aa:	2280      	movs	r2, #128	@ 0x80
100059ac:	406b      	eors	r3, r5
100059ae:	0452      	lsls	r2, r2, #17
100059b0:	4293      	cmp	r3, r2
100059b2:	d238      	bcs.n	10005a26 <cyw43_read_backplane.constprop.0+0xc6>
100059b4:	22ff      	movs	r2, #255	@ 0xff
100059b6:	0412      	lsls	r2, r2, #16
100059b8:	4213      	tst	r3, r2
100059ba:	d128      	bne.n	10005a0e <cyw43_read_backplane.constprop.0+0xae>
100059bc:	22ff      	movs	r2, #255	@ 0xff
100059be:	0212      	lsls	r2, r2, #8
100059c0:	4213      	tst	r3, r2
100059c2:	d11c      	bne.n	100059fe <cyw43_read_backplane.constprop.0+0x9e>
100059c4:	23c0      	movs	r3, #192	@ 0xc0
100059c6:	055b      	lsls	r3, r3, #21
100059c8:	60a3      	str	r3, [r4, #8]
100059ca:	0030      	movs	r0, r6
100059cc:	bd70      	pop	{r4, r5, r6, pc}
100059ce:	2101      	movs	r1, #1
100059d0:	0020      	movs	r0, r4
100059d2:	4a19      	ldr	r2, [pc, #100]	@ (10005a38 <cyw43_read_backplane.constprop.0+0xd8>)
100059d4:	0a33      	lsrs	r3, r6, #8
100059d6:	f7ff fa75 	bl	10004ec4 <cyw43_write_reg_u8>
100059da:	e7d6      	b.n	1000598a <cyw43_read_backplane.constprop.0+0x2a>
100059dc:	0c33      	lsrs	r3, r6, #16
100059de:	2101      	movs	r1, #1
100059e0:	0020      	movs	r0, r4
100059e2:	4a16      	ldr	r2, [pc, #88]	@ (10005a3c <cyw43_read_backplane.constprop.0+0xdc>)
100059e4:	f7ff fa6e 	bl	10004ec4 <cyw43_write_reg_u8>
100059e8:	68a3      	ldr	r3, [r4, #8]
100059ea:	4073      	eors	r3, r6
100059ec:	e7c9      	b.n	10005982 <cyw43_read_backplane.constprop.0+0x22>
100059ee:	0e33      	lsrs	r3, r6, #24
100059f0:	2101      	movs	r1, #1
100059f2:	4a13      	ldr	r2, [pc, #76]	@ (10005a40 <cyw43_read_backplane.constprop.0+0xe0>)
100059f4:	f7ff fa66 	bl	10004ec4 <cyw43_write_reg_u8>
100059f8:	68a3      	ldr	r3, [r4, #8]
100059fa:	4073      	eors	r3, r6
100059fc:	e7bd      	b.n	1000597a <cyw43_read_backplane.constprop.0+0x1a>
100059fe:	23c0      	movs	r3, #192	@ 0xc0
10005a00:	2101      	movs	r1, #1
10005a02:	0020      	movs	r0, r4
10005a04:	4a0c      	ldr	r2, [pc, #48]	@ (10005a38 <cyw43_read_backplane.constprop.0+0xd8>)
10005a06:	035b      	lsls	r3, r3, #13
10005a08:	f7ff fa5c 	bl	10004ec4 <cyw43_write_reg_u8>
10005a0c:	e7da      	b.n	100059c4 <cyw43_read_backplane.constprop.0+0x64>
10005a0e:	23c0      	movs	r3, #192	@ 0xc0
10005a10:	4a0a      	ldr	r2, [pc, #40]	@ (10005a3c <cyw43_read_backplane.constprop.0+0xdc>)
10005a12:	015b      	lsls	r3, r3, #5
10005a14:	2101      	movs	r1, #1
10005a16:	0020      	movs	r0, r4
10005a18:	f7ff fa54 	bl	10004ec4 <cyw43_write_reg_u8>
10005a1c:	23c0      	movs	r3, #192	@ 0xc0
10005a1e:	68a2      	ldr	r2, [r4, #8]
10005a20:	055b      	lsls	r3, r3, #21
10005a22:	4053      	eors	r3, r2
10005a24:	e7ca      	b.n	100059bc <cyw43_read_backplane.constprop.0+0x5c>
10005a26:	2318      	movs	r3, #24
10005a28:	2101      	movs	r1, #1
10005a2a:	0020      	movs	r0, r4
10005a2c:	4a04      	ldr	r2, [pc, #16]	@ (10005a40 <cyw43_read_backplane.constprop.0+0xe0>)
10005a2e:	f7ff fa49 	bl	10004ec4 <cyw43_write_reg_u8>
10005a32:	68a3      	ldr	r3, [r4, #8]
10005a34:	406b      	eors	r3, r5
10005a36:	e7bd      	b.n	100059b4 <cyw43_read_backplane.constprop.0+0x54>
10005a38:	0001000a 	.word	0x0001000a
10005a3c:	0001000b 	.word	0x0001000b
10005a40:	0001000c 	.word	0x0001000c

10005a44 <cyw43_write_backplane>:
10005a44:	b5f0      	push	{r4, r5, r6, r7, lr}
10005a46:	46c6      	mov	lr, r8
10005a48:	0bce      	lsrs	r6, r1, #15
10005a4a:	000d      	movs	r5, r1
10005a4c:	6881      	ldr	r1, [r0, #8]
10005a4e:	0004      	movs	r4, r0
10005a50:	4690      	mov	r8, r2
10005a52:	001f      	movs	r7, r3
10005a54:	b500      	push	{lr}
10005a56:	03f6      	lsls	r6, r6, #15
10005a58:	428e      	cmp	r6, r1
10005a5a:	d00d      	beq.n	10005a78 <cyw43_write_backplane+0x34>
10005a5c:	2380      	movs	r3, #128	@ 0x80
10005a5e:	4071      	eors	r1, r6
10005a60:	045b      	lsls	r3, r3, #17
10005a62:	4299      	cmp	r1, r3
10005a64:	d266      	bcs.n	10005b34 <cyw43_write_backplane+0xf0>
10005a66:	23ff      	movs	r3, #255	@ 0xff
10005a68:	041b      	lsls	r3, r3, #16
10005a6a:	4219      	tst	r1, r3
10005a6c:	d159      	bne.n	10005b22 <cyw43_write_backplane+0xde>
10005a6e:	23ff      	movs	r3, #255	@ 0xff
10005a70:	021b      	lsls	r3, r3, #8
10005a72:	4219      	tst	r1, r3
10005a74:	d125      	bne.n	10005ac2 <cyw43_write_backplane+0x7e>
10005a76:	60a6      	str	r6, [r4, #8]
10005a78:	2280      	movs	r2, #128	@ 0x80
10005a7a:	4643      	mov	r3, r8
10005a7c:	046d      	lsls	r5, r5, #17
10005a7e:	0c6d      	lsrs	r5, r5, #17
10005a80:	0212      	lsls	r2, r2, #8
10005a82:	432a      	orrs	r2, r5
10005a84:	2b01      	cmp	r3, #1
10005a86:	d023      	beq.n	10005ad0 <cyw43_write_backplane+0x8c>
10005a88:	003b      	movs	r3, r7
10005a8a:	2101      	movs	r1, #1
10005a8c:	0020      	movs	r0, r4
10005a8e:	f7ff f805 	bl	10004a9c <cyw43_write_reg_u32>
10005a92:	25c0      	movs	r5, #192	@ 0xc0
10005a94:	68a3      	ldr	r3, [r4, #8]
10005a96:	056d      	lsls	r5, r5, #21
10005a98:	42ab      	cmp	r3, r5
10005a9a:	d00f      	beq.n	10005abc <cyw43_write_backplane+0x78>
10005a9c:	2280      	movs	r2, #128	@ 0x80
10005a9e:	406b      	eors	r3, r5
10005aa0:	0452      	lsls	r2, r2, #17
10005aa2:	4293      	cmp	r3, r2
10005aa4:	d21a      	bcs.n	10005adc <cyw43_write_backplane+0x98>
10005aa6:	22ff      	movs	r2, #255	@ 0xff
10005aa8:	0412      	lsls	r2, r2, #16
10005aaa:	4213      	tst	r3, r2
10005aac:	d122      	bne.n	10005af4 <cyw43_write_backplane+0xb0>
10005aae:	22ff      	movs	r2, #255	@ 0xff
10005ab0:	0212      	lsls	r2, r2, #8
10005ab2:	4213      	tst	r3, r2
10005ab4:	d12d      	bne.n	10005b12 <cyw43_write_backplane+0xce>
10005ab6:	23c0      	movs	r3, #192	@ 0xc0
10005ab8:	055b      	lsls	r3, r3, #21
10005aba:	60a3      	str	r3, [r4, #8]
10005abc:	bc80      	pop	{r7}
10005abe:	46b8      	mov	r8, r7
10005ac0:	bdf0      	pop	{r4, r5, r6, r7, pc}
10005ac2:	2101      	movs	r1, #1
10005ac4:	0020      	movs	r0, r4
10005ac6:	4a1f      	ldr	r2, [pc, #124]	@ (10005b44 <cyw43_write_backplane+0x100>)
10005ac8:	0a33      	lsrs	r3, r6, #8
10005aca:	f7ff f9fb 	bl	10004ec4 <cyw43_write_reg_u8>
10005ace:	e7d2      	b.n	10005a76 <cyw43_write_backplane+0x32>
10005ad0:	003b      	movs	r3, r7
10005ad2:	2101      	movs	r1, #1
10005ad4:	0020      	movs	r0, r4
10005ad6:	f7ff f9f5 	bl	10004ec4 <cyw43_write_reg_u8>
10005ada:	e7da      	b.n	10005a92 <cyw43_write_backplane+0x4e>
10005adc:	2318      	movs	r3, #24
10005ade:	4a1a      	ldr	r2, [pc, #104]	@ (10005b48 <cyw43_write_backplane+0x104>)
10005ae0:	2101      	movs	r1, #1
10005ae2:	0020      	movs	r0, r4
10005ae4:	f7ff f9ee 	bl	10004ec4 <cyw43_write_reg_u8>
10005ae8:	22ff      	movs	r2, #255	@ 0xff
10005aea:	68a3      	ldr	r3, [r4, #8]
10005aec:	0412      	lsls	r2, r2, #16
10005aee:	406b      	eors	r3, r5
10005af0:	4213      	tst	r3, r2
10005af2:	d0dc      	beq.n	10005aae <cyw43_write_backplane+0x6a>
10005af4:	23c0      	movs	r3, #192	@ 0xc0
10005af6:	4a15      	ldr	r2, [pc, #84]	@ (10005b4c <cyw43_write_backplane+0x108>)
10005af8:	015b      	lsls	r3, r3, #5
10005afa:	2101      	movs	r1, #1
10005afc:	0020      	movs	r0, r4
10005afe:	f7ff f9e1 	bl	10004ec4 <cyw43_write_reg_u8>
10005b02:	23c0      	movs	r3, #192	@ 0xc0
10005b04:	68a2      	ldr	r2, [r4, #8]
10005b06:	055b      	lsls	r3, r3, #21
10005b08:	4053      	eors	r3, r2
10005b0a:	22ff      	movs	r2, #255	@ 0xff
10005b0c:	0212      	lsls	r2, r2, #8
10005b0e:	4213      	tst	r3, r2
10005b10:	d0d1      	beq.n	10005ab6 <cyw43_write_backplane+0x72>
10005b12:	23c0      	movs	r3, #192	@ 0xc0
10005b14:	2101      	movs	r1, #1
10005b16:	0020      	movs	r0, r4
10005b18:	4a0a      	ldr	r2, [pc, #40]	@ (10005b44 <cyw43_write_backplane+0x100>)
10005b1a:	035b      	lsls	r3, r3, #13
10005b1c:	f7ff f9d2 	bl	10004ec4 <cyw43_write_reg_u8>
10005b20:	e7c9      	b.n	10005ab6 <cyw43_write_backplane+0x72>
10005b22:	2101      	movs	r1, #1
10005b24:	0020      	movs	r0, r4
10005b26:	4a09      	ldr	r2, [pc, #36]	@ (10005b4c <cyw43_write_backplane+0x108>)
10005b28:	0c33      	lsrs	r3, r6, #16
10005b2a:	f7ff f9cb 	bl	10004ec4 <cyw43_write_reg_u8>
10005b2e:	68a1      	ldr	r1, [r4, #8]
10005b30:	4071      	eors	r1, r6
10005b32:	e79c      	b.n	10005a6e <cyw43_write_backplane+0x2a>
10005b34:	2101      	movs	r1, #1
10005b36:	4a04      	ldr	r2, [pc, #16]	@ (10005b48 <cyw43_write_backplane+0x104>)
10005b38:	0e33      	lsrs	r3, r6, #24
10005b3a:	f7ff f9c3 	bl	10004ec4 <cyw43_write_reg_u8>
10005b3e:	68a1      	ldr	r1, [r4, #8]
10005b40:	4071      	eors	r1, r6
10005b42:	e790      	b.n	10005a66 <cyw43_write_backplane+0x22>
10005b44:	0001000a 	.word	0x0001000a
10005b48:	0001000c 	.word	0x0001000c
10005b4c:	0001000b 	.word	0x0001000b

10005b50 <reset_device_core.constprop.0>:
10005b50:	b5f8      	push	{r3, r4, r5, r6, r7, lr}
10005b52:	46ce      	mov	lr, r9
10005b54:	4647      	mov	r7, r8
10005b56:	0004      	movs	r4, r0
10005b58:	000d      	movs	r5, r1
10005b5a:	b580      	push	{r7, lr}
10005b5c:	2901      	cmp	r1, #1
10005b5e:	d100      	bne.n	10005b62 <reset_device_core.constprop.0+0x12>
10005b60:	e1e4      	b.n	10005f2c <reset_device_core.constprop.0+0x3dc>
10005b62:	4bd7      	ldr	r3, [pc, #860]	@ (10005ec0 <reset_device_core.constprop.0+0x370>)
10005b64:	27c8      	movs	r7, #200	@ 0xc8
10005b66:	4698      	mov	r8, r3
10005b68:	023f      	lsls	r7, r7, #8
10005b6a:	26c0      	movs	r6, #192	@ 0xc0
10005b6c:	4641      	mov	r1, r8
10005b6e:	0020      	movs	r0, r4
10005b70:	f7ff fb58 	bl	10005224 <cyw43_set_backplane_window>
10005b74:	003a      	movs	r2, r7
10005b76:	2101      	movs	r1, #1
10005b78:	0020      	movs	r0, r4
10005b7a:	f7fe fe57 	bl	1000482c <cyw43_read_reg_u8>
10005b7e:	68a3      	ldr	r3, [r4, #8]
10005b80:	0576      	lsls	r6, r6, #21
10005b82:	42b3      	cmp	r3, r6
10005b84:	d012      	beq.n	10005bac <reset_device_core.constprop.0+0x5c>
10005b86:	2280      	movs	r2, #128	@ 0x80
10005b88:	4073      	eors	r3, r6
10005b8a:	0452      	lsls	r2, r2, #17
10005b8c:	4293      	cmp	r3, r2
10005b8e:	d300      	bcc.n	10005b92 <reset_device_core.constprop.0+0x42>
10005b90:	e0e7      	b.n	10005d62 <reset_device_core.constprop.0+0x212>
10005b92:	22ff      	movs	r2, #255	@ 0xff
10005b94:	0412      	lsls	r2, r2, #16
10005b96:	4213      	tst	r3, r2
10005b98:	d000      	beq.n	10005b9c <reset_device_core.constprop.0+0x4c>
10005b9a:	e0ef      	b.n	10005d7c <reset_device_core.constprop.0+0x22c>
10005b9c:	22ff      	movs	r2, #255	@ 0xff
10005b9e:	0212      	lsls	r2, r2, #8
10005ba0:	4213      	tst	r3, r2
10005ba2:	d000      	beq.n	10005ba6 <reset_device_core.constprop.0+0x56>
10005ba4:	e0fa      	b.n	10005d9c <reset_device_core.constprop.0+0x24c>
10005ba6:	23c0      	movs	r3, #192	@ 0xc0
10005ba8:	055b      	lsls	r3, r3, #21
10005baa:	60a3      	str	r3, [r4, #8]
10005bac:	4641      	mov	r1, r8
10005bae:	0020      	movs	r0, r4
10005bb0:	f7ff fb38 	bl	10005224 <cyw43_set_backplane_window>
10005bb4:	003a      	movs	r2, r7
10005bb6:	2101      	movs	r1, #1
10005bb8:	0020      	movs	r0, r4
10005bba:	f7fe fe37 	bl	1000482c <cyw43_read_reg_u8>
10005bbe:	22c0      	movs	r2, #192	@ 0xc0
10005bc0:	68a3      	ldr	r3, [r4, #8]
10005bc2:	0552      	lsls	r2, r2, #21
10005bc4:	0006      	movs	r6, r0
10005bc6:	4691      	mov	r9, r2
10005bc8:	4293      	cmp	r3, r2
10005bca:	d012      	beq.n	10005bf2 <reset_device_core.constprop.0+0xa2>
10005bcc:	4053      	eors	r3, r2
10005bce:	2280      	movs	r2, #128	@ 0x80
10005bd0:	0452      	lsls	r2, r2, #17
10005bd2:	4293      	cmp	r3, r2
10005bd4:	d300      	bcc.n	10005bd8 <reset_device_core.constprop.0+0x88>
10005bd6:	e19e      	b.n	10005f16 <reset_device_core.constprop.0+0x3c6>
10005bd8:	22ff      	movs	r2, #255	@ 0xff
10005bda:	0412      	lsls	r2, r2, #16
10005bdc:	4213      	tst	r3, r2
10005bde:	d000      	beq.n	10005be2 <reset_device_core.constprop.0+0x92>
10005be0:	e18d      	b.n	10005efe <reset_device_core.constprop.0+0x3ae>
10005be2:	22ff      	movs	r2, #255	@ 0xff
10005be4:	0212      	lsls	r2, r2, #8
10005be6:	4213      	tst	r3, r2
10005be8:	d000      	beq.n	10005bec <reset_device_core.constprop.0+0x9c>
10005bea:	e180      	b.n	10005eee <reset_device_core.constprop.0+0x39e>
10005bec:	23c0      	movs	r3, #192	@ 0xc0
10005bee:	055b      	lsls	r3, r3, #21
10005bf0:	60a3      	str	r3, [r4, #8]
10005bf2:	07f6      	lsls	r6, r6, #31
10005bf4:	d400      	bmi.n	10005bf8 <reset_device_core.constprop.0+0xa8>
10005bf6:	e1a1      	b.n	10005f3c <reset_device_core.constprop.0+0x3ec>
10005bf8:	2d01      	cmp	r5, #1
10005bfa:	d100      	bne.n	10005bfe <reset_device_core.constprop.0+0xae>
10005bfc:	e19b      	b.n	10005f36 <reset_device_core.constprop.0+0x3e6>
10005bfe:	4db1      	ldr	r5, [pc, #708]	@ (10005ec4 <reset_device_core.constprop.0+0x374>)
10005c00:	4eb1      	ldr	r6, [pc, #708]	@ (10005ec8 <reset_device_core.constprop.0+0x378>)
10005c02:	0031      	movs	r1, r6
10005c04:	0020      	movs	r0, r4
10005c06:	f7ff fb0d 	bl	10005224 <cyw43_set_backplane_window>
10005c0a:	2303      	movs	r3, #3
10005c0c:	002a      	movs	r2, r5
10005c0e:	2101      	movs	r1, #1
10005c10:	0020      	movs	r0, r4
10005c12:	f7ff f957 	bl	10004ec4 <cyw43_write_reg_u8>
10005c16:	22c0      	movs	r2, #192	@ 0xc0
10005c18:	68a3      	ldr	r3, [r4, #8]
10005c1a:	0552      	lsls	r2, r2, #21
10005c1c:	4691      	mov	r9, r2
10005c1e:	4293      	cmp	r3, r2
10005c20:	d012      	beq.n	10005c48 <reset_device_core.constprop.0+0xf8>
10005c22:	4053      	eors	r3, r2
10005c24:	2280      	movs	r2, #128	@ 0x80
10005c26:	0452      	lsls	r2, r2, #17
10005c28:	4293      	cmp	r3, r2
10005c2a:	d300      	bcc.n	10005c2e <reset_device_core.constprop.0+0xde>
10005c2c:	e154      	b.n	10005ed8 <reset_device_core.constprop.0+0x388>
10005c2e:	22ff      	movs	r2, #255	@ 0xff
10005c30:	0412      	lsls	r2, r2, #16
10005c32:	4213      	tst	r3, r2
10005c34:	d000      	beq.n	10005c38 <reset_device_core.constprop.0+0xe8>
10005c36:	e137      	b.n	10005ea8 <reset_device_core.constprop.0+0x358>
10005c38:	22ff      	movs	r2, #255	@ 0xff
10005c3a:	0212      	lsls	r2, r2, #8
10005c3c:	4213      	tst	r3, r2
10005c3e:	d000      	beq.n	10005c42 <reset_device_core.constprop.0+0xf2>
10005c40:	e12a      	b.n	10005e98 <reset_device_core.constprop.0+0x348>
10005c42:	23c0      	movs	r3, #192	@ 0xc0
10005c44:	055b      	lsls	r3, r3, #21
10005c46:	60a3      	str	r3, [r4, #8]
10005c48:	0031      	movs	r1, r6
10005c4a:	0020      	movs	r0, r4
10005c4c:	f7ff faea 	bl	10005224 <cyw43_set_backplane_window>
10005c50:	002a      	movs	r2, r5
10005c52:	2101      	movs	r1, #1
10005c54:	0020      	movs	r0, r4
10005c56:	f7fe fde9 	bl	1000482c <cyw43_read_reg_u8>
10005c5a:	22c0      	movs	r2, #192	@ 0xc0
10005c5c:	68a3      	ldr	r3, [r4, #8]
10005c5e:	0552      	lsls	r2, r2, #21
10005c60:	4691      	mov	r9, r2
10005c62:	4293      	cmp	r3, r2
10005c64:	d012      	beq.n	10005c8c <reset_device_core.constprop.0+0x13c>
10005c66:	4053      	eors	r3, r2
10005c68:	2280      	movs	r2, #128	@ 0x80
10005c6a:	0452      	lsls	r2, r2, #17
10005c6c:	4293      	cmp	r3, r2
10005c6e:	d300      	bcc.n	10005c72 <reset_device_core.constprop.0+0x122>
10005c70:	e107      	b.n	10005e82 <reset_device_core.constprop.0+0x332>
10005c72:	22ff      	movs	r2, #255	@ 0xff
10005c74:	0412      	lsls	r2, r2, #16
10005c76:	4213      	tst	r3, r2
10005c78:	d000      	beq.n	10005c7c <reset_device_core.constprop.0+0x12c>
10005c7a:	e0f6      	b.n	10005e6a <reset_device_core.constprop.0+0x31a>
10005c7c:	22ff      	movs	r2, #255	@ 0xff
10005c7e:	0212      	lsls	r2, r2, #8
10005c80:	4213      	tst	r3, r2
10005c82:	d000      	beq.n	10005c86 <reset_device_core.constprop.0+0x136>
10005c84:	e0e9      	b.n	10005e5a <reset_device_core.constprop.0+0x30a>
10005c86:	23c0      	movs	r3, #192	@ 0xc0
10005c88:	055b      	lsls	r3, r3, #21
10005c8a:	60a3      	str	r3, [r4, #8]
10005c8c:	4641      	mov	r1, r8
10005c8e:	0020      	movs	r0, r4
10005c90:	f7ff fac8 	bl	10005224 <cyw43_set_backplane_window>
10005c94:	003a      	movs	r2, r7
10005c96:	27c0      	movs	r7, #192	@ 0xc0
10005c98:	2300      	movs	r3, #0
10005c9a:	2101      	movs	r1, #1
10005c9c:	0020      	movs	r0, r4
10005c9e:	f7ff f911 	bl	10004ec4 <cyw43_write_reg_u8>
10005ca2:	68a3      	ldr	r3, [r4, #8]
10005ca4:	057f      	lsls	r7, r7, #21
10005ca6:	42bb      	cmp	r3, r7
10005ca8:	d012      	beq.n	10005cd0 <reset_device_core.constprop.0+0x180>
10005caa:	2280      	movs	r2, #128	@ 0x80
10005cac:	407b      	eors	r3, r7
10005cae:	0452      	lsls	r2, r2, #17
10005cb0:	4293      	cmp	r3, r2
10005cb2:	d300      	bcc.n	10005cb6 <reset_device_core.constprop.0+0x166>
10005cb4:	e0c8      	b.n	10005e48 <reset_device_core.constprop.0+0x2f8>
10005cb6:	22ff      	movs	r2, #255	@ 0xff
10005cb8:	0412      	lsls	r2, r2, #16
10005cba:	4213      	tst	r3, r2
10005cbc:	d000      	beq.n	10005cc0 <reset_device_core.constprop.0+0x170>
10005cbe:	e0b7      	b.n	10005e30 <reset_device_core.constprop.0+0x2e0>
10005cc0:	22ff      	movs	r2, #255	@ 0xff
10005cc2:	0212      	lsls	r2, r2, #8
10005cc4:	4213      	tst	r3, r2
10005cc6:	d000      	beq.n	10005cca <reset_device_core.constprop.0+0x17a>
10005cc8:	e0aa      	b.n	10005e20 <reset_device_core.constprop.0+0x2d0>
10005cca:	23c0      	movs	r3, #192	@ 0xc0
10005ccc:	055b      	lsls	r3, r3, #21
10005cce:	60a3      	str	r3, [r4, #8]
10005cd0:	27c0      	movs	r7, #192	@ 0xc0
10005cd2:	2001      	movs	r0, #1
10005cd4:	f001 fca0 	bl	10007618 <cyw43_delay_ms>
10005cd8:	0031      	movs	r1, r6
10005cda:	0020      	movs	r0, r4
10005cdc:	f7ff faa2 	bl	10005224 <cyw43_set_backplane_window>
10005ce0:	2301      	movs	r3, #1
10005ce2:	002a      	movs	r2, r5
10005ce4:	2101      	movs	r1, #1
10005ce6:	0020      	movs	r0, r4
10005ce8:	f7ff f8ec 	bl	10004ec4 <cyw43_write_reg_u8>
10005cec:	68a3      	ldr	r3, [r4, #8]
10005cee:	057f      	lsls	r7, r7, #21
10005cf0:	42bb      	cmp	r3, r7
10005cf2:	d011      	beq.n	10005d18 <reset_device_core.constprop.0+0x1c8>
10005cf4:	2280      	movs	r2, #128	@ 0x80
10005cf6:	407b      	eors	r3, r7
10005cf8:	0452      	lsls	r2, r2, #17
10005cfa:	4293      	cmp	r3, r2
10005cfc:	d300      	bcc.n	10005d00 <reset_device_core.constprop.0+0x1b0>
10005cfe:	e086      	b.n	10005e0e <reset_device_core.constprop.0+0x2be>
10005d00:	22ff      	movs	r2, #255	@ 0xff
10005d02:	0412      	lsls	r2, r2, #16
10005d04:	4213      	tst	r3, r2
10005d06:	d000      	beq.n	10005d0a <reset_device_core.constprop.0+0x1ba>
10005d08:	e075      	b.n	10005df6 <reset_device_core.constprop.0+0x2a6>
10005d0a:	22ff      	movs	r2, #255	@ 0xff
10005d0c:	0212      	lsls	r2, r2, #8
10005d0e:	4213      	tst	r3, r2
10005d10:	d169      	bne.n	10005de6 <reset_device_core.constprop.0+0x296>
10005d12:	23c0      	movs	r3, #192	@ 0xc0
10005d14:	055b      	lsls	r3, r3, #21
10005d16:	60a3      	str	r3, [r4, #8]
10005d18:	0031      	movs	r1, r6
10005d1a:	0020      	movs	r0, r4
10005d1c:	f7ff fa82 	bl	10005224 <cyw43_set_backplane_window>
10005d20:	002a      	movs	r2, r5
10005d22:	25c0      	movs	r5, #192	@ 0xc0
10005d24:	2101      	movs	r1, #1
10005d26:	0020      	movs	r0, r4
10005d28:	f7fe fd80 	bl	1000482c <cyw43_read_reg_u8>
10005d2c:	68a3      	ldr	r3, [r4, #8]
10005d2e:	056d      	lsls	r5, r5, #21
10005d30:	42ab      	cmp	r3, r5
10005d32:	d00f      	beq.n	10005d54 <reset_device_core.constprop.0+0x204>
10005d34:	2280      	movs	r2, #128	@ 0x80
10005d36:	406b      	eors	r3, r5
10005d38:	0452      	lsls	r2, r2, #17
10005d3a:	4293      	cmp	r3, r2
10005d3c:	d24a      	bcs.n	10005dd4 <reset_device_core.constprop.0+0x284>
10005d3e:	22ff      	movs	r2, #255	@ 0xff
10005d40:	0412      	lsls	r2, r2, #16
10005d42:	4213      	tst	r3, r2
10005d44:	d13a      	bne.n	10005dbc <reset_device_core.constprop.0+0x26c>
10005d46:	22ff      	movs	r2, #255	@ 0xff
10005d48:	0212      	lsls	r2, r2, #8
10005d4a:	4213      	tst	r3, r2
10005d4c:	d12e      	bne.n	10005dac <reset_device_core.constprop.0+0x25c>
10005d4e:	23c0      	movs	r3, #192	@ 0xc0
10005d50:	055b      	lsls	r3, r3, #21
10005d52:	60a3      	str	r3, [r4, #8]
10005d54:	2001      	movs	r0, #1
10005d56:	f001 fc5f 	bl	10007618 <cyw43_delay_ms>
10005d5a:	bcc0      	pop	{r6, r7}
10005d5c:	46b9      	mov	r9, r7
10005d5e:	46b0      	mov	r8, r6
10005d60:	bdf8      	pop	{r3, r4, r5, r6, r7, pc}
10005d62:	2318      	movs	r3, #24
10005d64:	4a59      	ldr	r2, [pc, #356]	@ (10005ecc <reset_device_core.constprop.0+0x37c>)
10005d66:	2101      	movs	r1, #1
10005d68:	0020      	movs	r0, r4
10005d6a:	f7ff f8ab 	bl	10004ec4 <cyw43_write_reg_u8>
10005d6e:	22ff      	movs	r2, #255	@ 0xff
10005d70:	68a3      	ldr	r3, [r4, #8]
10005d72:	0412      	lsls	r2, r2, #16
10005d74:	4073      	eors	r3, r6
10005d76:	4213      	tst	r3, r2
10005d78:	d100      	bne.n	10005d7c <reset_device_core.constprop.0+0x22c>
10005d7a:	e70f      	b.n	10005b9c <reset_device_core.constprop.0+0x4c>
10005d7c:	23c0      	movs	r3, #192	@ 0xc0
10005d7e:	4a54      	ldr	r2, [pc, #336]	@ (10005ed0 <reset_device_core.constprop.0+0x380>)
10005d80:	015b      	lsls	r3, r3, #5
10005d82:	2101      	movs	r1, #1
10005d84:	0020      	movs	r0, r4
10005d86:	f7ff f89d 	bl	10004ec4 <cyw43_write_reg_u8>
10005d8a:	23c0      	movs	r3, #192	@ 0xc0
10005d8c:	68a2      	ldr	r2, [r4, #8]
10005d8e:	055b      	lsls	r3, r3, #21
10005d90:	4053      	eors	r3, r2
10005d92:	22ff      	movs	r2, #255	@ 0xff
10005d94:	0212      	lsls	r2, r2, #8
10005d96:	4213      	tst	r3, r2
10005d98:	d100      	bne.n	10005d9c <reset_device_core.constprop.0+0x24c>
10005d9a:	e704      	b.n	10005ba6 <reset_device_core.constprop.0+0x56>
10005d9c:	23c0      	movs	r3, #192	@ 0xc0
10005d9e:	2101      	movs	r1, #1
10005da0:	0020      	movs	r0, r4
10005da2:	4a4c      	ldr	r2, [pc, #304]	@ (10005ed4 <reset_device_core.constprop.0+0x384>)
10005da4:	035b      	lsls	r3, r3, #13
10005da6:	f7ff f88d 	bl	10004ec4 <cyw43_write_reg_u8>
10005daa:	e6fc      	b.n	10005ba6 <reset_device_core.constprop.0+0x56>
10005dac:	23c0      	movs	r3, #192	@ 0xc0
10005dae:	2101      	movs	r1, #1
10005db0:	0020      	movs	r0, r4
10005db2:	4a48      	ldr	r2, [pc, #288]	@ (10005ed4 <reset_device_core.constprop.0+0x384>)
10005db4:	035b      	lsls	r3, r3, #13
10005db6:	f7ff f885 	bl	10004ec4 <cyw43_write_reg_u8>
10005dba:	e7c8      	b.n	10005d4e <reset_device_core.constprop.0+0x1fe>
10005dbc:	23c0      	movs	r3, #192	@ 0xc0
10005dbe:	4a44      	ldr	r2, [pc, #272]	@ (10005ed0 <reset_device_core.constprop.0+0x380>)
10005dc0:	015b      	lsls	r3, r3, #5
10005dc2:	2101      	movs	r1, #1
10005dc4:	0020      	movs	r0, r4
10005dc6:	f7ff f87d 	bl	10004ec4 <cyw43_write_reg_u8>
10005dca:	23c0      	movs	r3, #192	@ 0xc0
10005dcc:	68a2      	ldr	r2, [r4, #8]
10005dce:	055b      	lsls	r3, r3, #21
10005dd0:	4053      	eors	r3, r2
10005dd2:	e7b8      	b.n	10005d46 <reset_device_core.constprop.0+0x1f6>
10005dd4:	2318      	movs	r3, #24
10005dd6:	2101      	movs	r1, #1
10005dd8:	0020      	movs	r0, r4
10005dda:	4a3c      	ldr	r2, [pc, #240]	@ (10005ecc <reset_device_core.constprop.0+0x37c>)
10005ddc:	f7ff f872 	bl	10004ec4 <cyw43_write_reg_u8>
10005de0:	68a3      	ldr	r3, [r4, #8]
10005de2:	406b      	eors	r3, r5
10005de4:	e7ab      	b.n	10005d3e <reset_device_core.constprop.0+0x1ee>
10005de6:	23c0      	movs	r3, #192	@ 0xc0
10005de8:	2101      	movs	r1, #1
10005dea:	0020      	movs	r0, r4
10005dec:	4a39      	ldr	r2, [pc, #228]	@ (10005ed4 <reset_device_core.constprop.0+0x384>)
10005dee:	035b      	lsls	r3, r3, #13
10005df0:	f7ff f868 	bl	10004ec4 <cyw43_write_reg_u8>
10005df4:	e78d      	b.n	10005d12 <reset_device_core.constprop.0+0x1c2>
10005df6:	23c0      	movs	r3, #192	@ 0xc0
10005df8:	4a35      	ldr	r2, [pc, #212]	@ (10005ed0 <reset_device_core.constprop.0+0x380>)
10005dfa:	015b      	lsls	r3, r3, #5
10005dfc:	2101      	movs	r1, #1
10005dfe:	0020      	movs	r0, r4
10005e00:	f7ff f860 	bl	10004ec4 <cyw43_write_reg_u8>
10005e04:	23c0      	movs	r3, #192	@ 0xc0
10005e06:	68a2      	ldr	r2, [r4, #8]
10005e08:	055b      	lsls	r3, r3, #21
10005e0a:	4053      	eors	r3, r2
10005e0c:	e77d      	b.n	10005d0a <reset_device_core.constprop.0+0x1ba>
10005e0e:	2318      	movs	r3, #24
10005e10:	2101      	movs	r1, #1
10005e12:	0020      	movs	r0, r4
10005e14:	4a2d      	ldr	r2, [pc, #180]	@ (10005ecc <reset_device_core.constprop.0+0x37c>)
10005e16:	f7ff f855 	bl	10004ec4 <cyw43_write_reg_u8>
10005e1a:	68a3      	ldr	r3, [r4, #8]
10005e1c:	407b      	eors	r3, r7
10005e1e:	e76f      	b.n	10005d00 <reset_device_core.constprop.0+0x1b0>
10005e20:	23c0      	movs	r3, #192	@ 0xc0
10005e22:	2101      	movs	r1, #1
10005e24:	0020      	movs	r0, r4
10005e26:	4a2b      	ldr	r2, [pc, #172]	@ (10005ed4 <reset_device_core.constprop.0+0x384>)
10005e28:	035b      	lsls	r3, r3, #13
10005e2a:	f7ff f84b 	bl	10004ec4 <cyw43_write_reg_u8>
10005e2e:	e74c      	b.n	10005cca <reset_device_core.constprop.0+0x17a>
10005e30:	23c0      	movs	r3, #192	@ 0xc0
10005e32:	4a27      	ldr	r2, [pc, #156]	@ (10005ed0 <reset_device_core.constprop.0+0x380>)
10005e34:	015b      	lsls	r3, r3, #5
10005e36:	2101      	movs	r1, #1
10005e38:	0020      	movs	r0, r4
10005e3a:	f7ff f843 	bl	10004ec4 <cyw43_write_reg_u8>
10005e3e:	23c0      	movs	r3, #192	@ 0xc0
10005e40:	68a2      	ldr	r2, [r4, #8]
10005e42:	055b      	lsls	r3, r3, #21
10005e44:	4053      	eors	r3, r2
10005e46:	e73b      	b.n	10005cc0 <reset_device_core.constprop.0+0x170>
10005e48:	2318      	movs	r3, #24
10005e4a:	2101      	movs	r1, #1
10005e4c:	0020      	movs	r0, r4
10005e4e:	4a1f      	ldr	r2, [pc, #124]	@ (10005ecc <reset_device_core.constprop.0+0x37c>)
10005e50:	f7ff f838 	bl	10004ec4 <cyw43_write_reg_u8>
10005e54:	68a3      	ldr	r3, [r4, #8]
10005e56:	407b      	eors	r3, r7
10005e58:	e72d      	b.n	10005cb6 <reset_device_core.constprop.0+0x166>
10005e5a:	23c0      	movs	r3, #192	@ 0xc0
10005e5c:	2101      	movs	r1, #1
10005e5e:	0020      	movs	r0, r4
10005e60:	4a1c      	ldr	r2, [pc, #112]	@ (10005ed4 <reset_device_core.constprop.0+0x384>)
10005e62:	035b      	lsls	r3, r3, #13
10005e64:	f7ff f82e 	bl	10004ec4 <cyw43_write_reg_u8>
10005e68:	e70d      	b.n	10005c86 <reset_device_core.constprop.0+0x136>
10005e6a:	23c0      	movs	r3, #192	@ 0xc0
10005e6c:	4a18      	ldr	r2, [pc, #96]	@ (10005ed0 <reset_device_core.constprop.0+0x380>)
10005e6e:	015b      	lsls	r3, r3, #5
10005e70:	2101      	movs	r1, #1
10005e72:	0020      	movs	r0, r4
10005e74:	f7ff f826 	bl	10004ec4 <cyw43_write_reg_u8>
10005e78:	23c0      	movs	r3, #192	@ 0xc0
10005e7a:	68a2      	ldr	r2, [r4, #8]
10005e7c:	055b      	lsls	r3, r3, #21
10005e7e:	4053      	eors	r3, r2
10005e80:	e6fc      	b.n	10005c7c <reset_device_core.constprop.0+0x12c>
10005e82:	2318      	movs	r3, #24
10005e84:	4a11      	ldr	r2, [pc, #68]	@ (10005ecc <reset_device_core.constprop.0+0x37c>)
10005e86:	2101      	movs	r1, #1
10005e88:	0020      	movs	r0, r4
10005e8a:	f7ff f81b 	bl	10004ec4 <cyw43_write_reg_u8>
10005e8e:	464a      	mov	r2, r9
10005e90:	68a3      	ldr	r3, [r4, #8]
10005e92:	405a      	eors	r2, r3
10005e94:	0013      	movs	r3, r2
10005e96:	e6ec      	b.n	10005c72 <reset_device_core.constprop.0+0x122>
10005e98:	23c0      	movs	r3, #192	@ 0xc0
10005e9a:	2101      	movs	r1, #1
10005e9c:	0020      	movs	r0, r4
10005e9e:	4a0d      	ldr	r2, [pc, #52]	@ (10005ed4 <reset_device_core.constprop.0+0x384>)
10005ea0:	035b      	lsls	r3, r3, #13
10005ea2:	f7ff f80f 	bl	10004ec4 <cyw43_write_reg_u8>
10005ea6:	e6cc      	b.n	10005c42 <reset_device_core.constprop.0+0xf2>
10005ea8:	23c0      	movs	r3, #192	@ 0xc0
10005eaa:	4a09      	ldr	r2, [pc, #36]	@ (10005ed0 <reset_device_core.constprop.0+0x380>)
10005eac:	015b      	lsls	r3, r3, #5
10005eae:	2101      	movs	r1, #1
10005eb0:	0020      	movs	r0, r4
10005eb2:	f7ff f807 	bl	10004ec4 <cyw43_write_reg_u8>
10005eb6:	23c0      	movs	r3, #192	@ 0xc0
10005eb8:	68a2      	ldr	r2, [r4, #8]
10005eba:	055b      	lsls	r3, r3, #21
10005ebc:	4053      	eors	r3, r2
10005ebe:	e6bb      	b.n	10005c38 <reset_device_core.constprop.0+0xe8>
10005ec0:	18104800 	.word	0x18104800
10005ec4:	0000c408 	.word	0x0000c408
10005ec8:	18104408 	.word	0x18104408
10005ecc:	0001000c 	.word	0x0001000c
10005ed0:	0001000b 	.word	0x0001000b
10005ed4:	0001000a 	.word	0x0001000a
10005ed8:	2318      	movs	r3, #24
10005eda:	4a1a      	ldr	r2, [pc, #104]	@ (10005f44 <reset_device_core.constprop.0+0x3f4>)
10005edc:	2101      	movs	r1, #1
10005ede:	0020      	movs	r0, r4
10005ee0:	f7fe fff0 	bl	10004ec4 <cyw43_write_reg_u8>
10005ee4:	464a      	mov	r2, r9
10005ee6:	68a3      	ldr	r3, [r4, #8]
10005ee8:	405a      	eors	r2, r3
10005eea:	0013      	movs	r3, r2
10005eec:	e69f      	b.n	10005c2e <reset_device_core.constprop.0+0xde>
10005eee:	23c0      	movs	r3, #192	@ 0xc0
10005ef0:	2101      	movs	r1, #1
10005ef2:	0020      	movs	r0, r4
10005ef4:	4a14      	ldr	r2, [pc, #80]	@ (10005f48 <reset_device_core.constprop.0+0x3f8>)
10005ef6:	035b      	lsls	r3, r3, #13
10005ef8:	f7fe ffe4 	bl	10004ec4 <cyw43_write_reg_u8>
10005efc:	e676      	b.n	10005bec <reset_device_core.constprop.0+0x9c>
10005efe:	23c0      	movs	r3, #192	@ 0xc0
10005f00:	4a12      	ldr	r2, [pc, #72]	@ (10005f4c <reset_device_core.constprop.0+0x3fc>)
10005f02:	015b      	lsls	r3, r3, #5
10005f04:	2101      	movs	r1, #1
10005f06:	0020      	movs	r0, r4
10005f08:	f7fe ffdc 	bl	10004ec4 <cyw43_write_reg_u8>
10005f0c:	23c0      	movs	r3, #192	@ 0xc0
10005f0e:	68a2      	ldr	r2, [r4, #8]
10005f10:	055b      	lsls	r3, r3, #21
10005f12:	4053      	eors	r3, r2
10005f14:	e665      	b.n	10005be2 <reset_device_core.constprop.0+0x92>
10005f16:	2318      	movs	r3, #24
10005f18:	4a0a      	ldr	r2, [pc, #40]	@ (10005f44 <reset_device_core.constprop.0+0x3f4>)
10005f1a:	2101      	movs	r1, #1
10005f1c:	0020      	movs	r0, r4
10005f1e:	f7fe ffd1 	bl	10004ec4 <cyw43_write_reg_u8>
10005f22:	464a      	mov	r2, r9
10005f24:	68a3      	ldr	r3, [r4, #8]
10005f26:	405a      	eors	r2, r3
10005f28:	0013      	movs	r3, r2
10005f2a:	e655      	b.n	10005bd8 <reset_device_core.constprop.0+0x88>
10005f2c:	27b8      	movs	r7, #184	@ 0xb8
10005f2e:	4b08      	ldr	r3, [pc, #32]	@ (10005f50 <reset_device_core.constprop.0+0x400>)
10005f30:	023f      	lsls	r7, r7, #8
10005f32:	4698      	mov	r8, r3
10005f34:	e619      	b.n	10005b6a <reset_device_core.constprop.0+0x1a>
10005f36:	4d07      	ldr	r5, [pc, #28]	@ (10005f54 <reset_device_core.constprop.0+0x404>)
10005f38:	4e07      	ldr	r6, [pc, #28]	@ (10005f58 <reset_device_core.constprop.0+0x408>)
10005f3a:	e662      	b.n	10005c02 <reset_device_core.constprop.0+0xb2>
10005f3c:	4807      	ldr	r0, [pc, #28]	@ (10005f5c <reset_device_core.constprop.0+0x40c>)
10005f3e:	f7fd ffd3 	bl	10003ee8 <__wrap_puts>
10005f42:	e659      	b.n	10005bf8 <reset_device_core.constprop.0+0xa8>
10005f44:	0001000c 	.word	0x0001000c
10005f48:	0001000a 	.word	0x0001000a
10005f4c:	0001000b 	.word	0x0001000b
10005f50:	18103800 	.word	0x18103800
10005f54:	0000b408 	.word	0x0000b408
10005f58:	18103408 	.word	0x18103408
10005f5c:	10008050 	.word	0x10008050

10005f60 <cyw43_ll_init>:
10005f60:	2280      	movs	r2, #128	@ 0x80
10005f62:	2300      	movs	r3, #0
10005f64:	0052      	lsls	r2, r2, #1
10005f66:	8182      	strh	r2, [r0, #12]
10005f68:	4a03      	ldr	r2, [pc, #12]	@ (10005f78 <cyw43_ll_init+0x18>)
10005f6a:	6001      	str	r1, [r0, #0]
10005f6c:	6083      	str	r3, [r0, #8]
10005f6e:	7383      	strb	r3, [r0, #14]
10005f70:	6103      	str	r3, [r0, #16]
10005f72:	5083      	str	r3, [r0, r2]
10005f74:	4770      	bx	lr
10005f76:	46c0      	nop			@ (mov r8, r8)
10005f78:	0000084c 	.word	0x0000084c

10005f7c <cyw43_ll_deinit>:
10005f7c:	b510      	push	{r4, lr}
10005f7e:	f7fe f8c9 	bl	10004114 <cyw43_spi_deinit>
10005f82:	bd10      	pop	{r4, pc}

10005f84 <cyw43_ll_process_packets>:
10005f84:	b510      	push	{r4, lr}
10005f86:	0004      	movs	r4, r0
10005f88:	b082      	sub	sp, #8
10005f8a:	4669      	mov	r1, sp
10005f8c:	0020      	movs	r0, r4
10005f8e:	aa01      	add	r2, sp, #4
10005f90:	f7ff fa58 	bl	10005444 <cyw43_ll_sdpcm_poll_device>
10005f94:	1c43      	adds	r3, r0, #1
10005f96:	d014      	beq.n	10005fc2 <cyw43_ll_process_packets+0x3e>
10005f98:	1d03      	adds	r3, r0, #4
10005f9a:	d0f6      	beq.n	10005f8a <cyw43_ll_process_packets+0x6>
10005f9c:	2801      	cmp	r0, #1
10005f9e:	d012      	beq.n	10005fc6 <cyw43_ll_process_packets+0x42>
10005fa0:	2802      	cmp	r0, #2
10005fa2:	d1f2      	bne.n	10005f8a <cyw43_ll_process_packets+0x6>
10005fa4:	9900      	ldr	r1, [sp, #0]
10005fa6:	9b01      	ldr	r3, [sp, #4]
10005fa8:	004a      	lsls	r2, r1, #1
10005faa:	6820      	ldr	r0, [r4, #0]
10005fac:	0852      	lsrs	r2, r2, #1
10005fae:	0fc9      	lsrs	r1, r1, #31
10005fb0:	f001 fb62 	bl	10007678 <cyw43_cb_process_ethernet>
10005fb4:	4669      	mov	r1, sp
10005fb6:	0020      	movs	r0, r4
10005fb8:	aa01      	add	r2, sp, #4
10005fba:	f7ff fa43 	bl	10005444 <cyw43_ll_sdpcm_poll_device>
10005fbe:	1c43      	adds	r3, r0, #1
10005fc0:	d1ea      	bne.n	10005f98 <cyw43_ll_process_packets+0x14>
10005fc2:	b002      	add	sp, #8
10005fc4:	bd10      	pop	{r4, pc}
10005fc6:	9901      	ldr	r1, [sp, #4]
10005fc8:	9800      	ldr	r0, [sp, #0]
10005fca:	f7ff f95f 	bl	1000528c <cyw43_ll_parse_async_event>
10005fce:	0001      	movs	r1, r0
10005fd0:	0020      	movs	r0, r4
10005fd2:	f000 fe93 	bl	10006cfc <cyw43_cb_process_async_event>
10005fd6:	e7d8      	b.n	10005f8a <cyw43_ll_process_packets+0x6>

10005fd8 <cyw43_ll_ioctl>:
10005fd8:	b5f0      	push	{r4, r5, r6, r7, lr}
10005fda:	2702      	movs	r7, #2
10005fdc:	46c6      	mov	lr, r8
10005fde:	4698      	mov	r8, r3
10005fe0:	004b      	lsls	r3, r1, #1
10005fe2:	401f      	ands	r7, r3
10005fe4:	2380      	movs	r3, #128	@ 0x80
10005fe6:	b500      	push	{lr}
10005fe8:	0016      	movs	r6, r2
10005fea:	321c      	adds	r2, #28
10005fec:	0004      	movs	r4, r0
10005fee:	b082      	sub	sp, #8
10005ff0:	084d      	lsrs	r5, r1, #1
10005ff2:	011b      	lsls	r3, r3, #4
10005ff4:	429a      	cmp	r2, r3
10005ff6:	d82b      	bhi.n	10006050 <cyw43_ll_ioctl+0x78>
10005ff8:	0433      	lsls	r3, r6, #16
10005ffa:	8a00      	ldrh	r0, [r0, #16]
10005ffc:	0c1b      	lsrs	r3, r3, #16
10005ffe:	63a3      	str	r3, [r4, #56]	@ 0x38
10006000:	9b08      	ldr	r3, [sp, #32]
10006002:	3001      	adds	r0, #1
10006004:	b280      	uxth	r0, r0
10006006:	031b      	lsls	r3, r3, #12
10006008:	8220      	strh	r0, [r4, #16]
1000600a:	433b      	orrs	r3, r7
1000600c:	0400      	lsls	r0, r0, #16
1000600e:	4303      	orrs	r3, r0
10006010:	63e3      	str	r3, [r4, #60]	@ 0x3c
10006012:	0020      	movs	r0, r4
10006014:	2300      	movs	r3, #0
10006016:	0032      	movs	r2, r6
10006018:	4641      	mov	r1, r8
1000601a:	6423      	str	r3, [r4, #64]	@ 0x40
1000601c:	6365      	str	r5, [r4, #52]	@ 0x34
1000601e:	3044      	adds	r0, #68	@ 0x44
10006020:	f001 fdd2 	bl	10007bc8 <memmove>
10006024:	0023      	movs	r3, r4
10006026:	0032      	movs	r2, r6
10006028:	2100      	movs	r1, #0
1000602a:	0020      	movs	r0, r4
1000602c:	3328      	adds	r3, #40	@ 0x28
1000602e:	3210      	adds	r2, #16
10006030:	f7ff fb24 	bl	1000567c <cyw43_sdpcm_send_common>
10006034:	2800      	cmp	r0, #0
10006036:	d107      	bne.n	10006048 <cyw43_ll_ioctl+0x70>
10006038:	4643      	mov	r3, r8
1000603a:	002a      	movs	r2, r5
1000603c:	9300      	str	r3, [sp, #0]
1000603e:	0039      	movs	r1, r7
10006040:	0033      	movs	r3, r6
10006042:	0020      	movs	r0, r4
10006044:	f7ff fb98 	bl	10005778 <cyw43_do_ioctl.part.0>
10006048:	b002      	add	sp, #8
1000604a:	bc80      	pop	{r7}
1000604c:	46b8      	mov	r8, r7
1000604e:	bdf0      	pop	{r4, r5, r6, r7, pc}
10006050:	2005      	movs	r0, #5
10006052:	4240      	negs	r0, r0
10006054:	e7f8      	b.n	10006048 <cyw43_ll_ioctl+0x70>
10006056:	46c0      	nop			@ (mov r8, r8)

10006058 <cyw43_ll_bus_sleep>:
10006058:	b510      	push	{r4, lr}
1000605a:	0004      	movs	r4, r0
1000605c:	2900      	cmp	r1, #0
1000605e:	d009      	beq.n	10006074 <cyw43_ll_bus_sleep+0x1c>
10006060:	7c83      	ldrb	r3, [r0, #18]
10006062:	2b00      	cmp	r3, #0
10006064:	d100      	bne.n	10006068 <cyw43_ll_bus_sleep+0x10>
10006066:	bd10      	pop	{r4, pc}
10006068:	2300      	movs	r3, #0
1000606a:	2100      	movs	r1, #0
1000606c:	7483      	strb	r3, [r0, #18]
1000606e:	f7ff f9a9 	bl	100053c4 <cyw43_kso_set>
10006072:	e7f8      	b.n	10006066 <cyw43_ll_bus_sleep+0xe>
10006074:	f000 fe3c 	bl	10006cf0 <cyw43_cb_ensure_awake>
10006078:	7ca3      	ldrb	r3, [r4, #18]
1000607a:	2b00      	cmp	r3, #0
1000607c:	d1f3      	bne.n	10006066 <cyw43_ll_bus_sleep+0xe>
1000607e:	2101      	movs	r1, #1
10006080:	0020      	movs	r0, r4
10006082:	f7ff f99f 	bl	100053c4 <cyw43_kso_set>
10006086:	2301      	movs	r3, #1
10006088:	74a3      	strb	r3, [r4, #18]
1000608a:	e7ec      	b.n	10006066 <cyw43_ll_bus_sleep+0xe>

1000608c <cyw43_ll_wifi_get_mac>:
1000608c:	b5f0      	push	{r4, r5, r6, r7, lr}
1000608e:	46c6      	mov	lr, r8
10006090:	0007      	movs	r7, r0
10006092:	0004      	movs	r4, r0
10006094:	b500      	push	{lr}
10006096:	3744      	adds	r7, #68	@ 0x44
10006098:	2214      	movs	r2, #20
1000609a:	b082      	sub	sp, #8
1000609c:	000e      	movs	r6, r1
1000609e:	0038      	movs	r0, r7
100060a0:	4917      	ldr	r1, [pc, #92]	@ (10006100 <cyw43_ll_wifi_get_mac+0x74>)
100060a2:	f7fc f92b 	bl	100022fc <__wrap___aeabi_memcpy>
100060a6:	8a23      	ldrh	r3, [r4, #16]
100060a8:	2283      	movs	r2, #131	@ 0x83
100060aa:	3301      	adds	r3, #1
100060ac:	b29b      	uxth	r3, r3
100060ae:	8223      	strh	r3, [r4, #16]
100060b0:	041b      	lsls	r3, r3, #16
100060b2:	63e3      	str	r3, [r4, #60]	@ 0x3c
100060b4:	2300      	movs	r3, #0
100060b6:	6423      	str	r3, [r4, #64]	@ 0x40
100060b8:	0023      	movs	r3, r4
100060ba:	0052      	lsls	r2, r2, #1
100060bc:	6362      	str	r2, [r4, #52]	@ 0x34
100060be:	4690      	mov	r8, r2
100060c0:	3af2      	subs	r2, #242	@ 0xf2
100060c2:	63a2      	str	r2, [r4, #56]	@ 0x38
100060c4:	2100      	movs	r1, #0
100060c6:	0020      	movs	r0, r4
100060c8:	3328      	adds	r3, #40	@ 0x28
100060ca:	3210      	adds	r2, #16
100060cc:	f7ff fad6 	bl	1000567c <cyw43_sdpcm_send_common>
100060d0:	1e05      	subs	r5, r0, #0
100060d2:	d10d      	bne.n	100060f0 <cyw43_ll_wifi_get_mac+0x64>
100060d4:	2314      	movs	r3, #20
100060d6:	4642      	mov	r2, r8
100060d8:	2100      	movs	r1, #0
100060da:	0020      	movs	r0, r4
100060dc:	9700      	str	r7, [sp, #0]
100060de:	f7ff fb4b 	bl	10005778 <cyw43_do_ioctl.part.0>
100060e2:	1e05      	subs	r5, r0, #0
100060e4:	d109      	bne.n	100060fa <cyw43_ll_wifi_get_mac+0x6e>
100060e6:	2206      	movs	r2, #6
100060e8:	0039      	movs	r1, r7
100060ea:	0030      	movs	r0, r6
100060ec:	f7fc f906 	bl	100022fc <__wrap___aeabi_memcpy>
100060f0:	0028      	movs	r0, r5
100060f2:	b002      	add	sp, #8
100060f4:	bc80      	pop	{r7}
100060f6:	46b8      	mov	r8, r7
100060f8:	bdf0      	pop	{r4, r5, r6, r7, pc}
100060fa:	2502      	movs	r5, #2
100060fc:	426d      	negs	r5, r5
100060fe:	e7f7      	b.n	100060f0 <cyw43_ll_wifi_get_mac+0x64>
10006100:	1003f834 	.word	0x1003f834

10006104 <cyw43_ll_bus_init>:
10006104:	b5f0      	push	{r4, r5, r6, r7, lr}
10006106:	4657      	mov	r7, sl
10006108:	46de      	mov	lr, fp
1000610a:	464e      	mov	r6, r9
1000610c:	4645      	mov	r5, r8
1000610e:	b5e0      	push	{r5, r6, r7, lr}
10006110:	4bb1      	ldr	r3, [pc, #708]	@ (100063d8 <cyw43_ll_bus_init+0x2d4>)
10006112:	b089      	sub	sp, #36	@ 0x24
10006114:	6a9b      	ldr	r3, [r3, #40]	@ 0x28
10006116:	0004      	movs	r4, r0
10006118:	6043      	str	r3, [r0, #4]
1000611a:	000f      	movs	r7, r1
1000611c:	f7fe f830 	bl	10004180 <cyw43_spi_init>
10006120:	2800      	cmp	r0, #0
10006122:	d112      	bne.n	1000614a <cyw43_ll_bus_init+0x46>
10006124:	f7fe fad6 	bl	100046d4 <cyw43_spi_gpio_setup>
10006128:	250a      	movs	r5, #10
1000612a:	f7fe faf1 	bl	10004710 <cyw43_spi_reset>
1000612e:	4eab      	ldr	r6, [pc, #684]	@ (100063dc <cyw43_ll_bus_init+0x2d8>)
10006130:	2214      	movs	r2, #20
10006132:	2100      	movs	r1, #0
10006134:	0020      	movs	r0, r4
10006136:	f7fe faff 	bl	10004738 <read_reg_u32_swap>
1000613a:	42b0      	cmp	r0, r6
1000613c:	d012      	beq.n	10006164 <cyw43_ll_bus_init+0x60>
1000613e:	2001      	movs	r0, #1
10006140:	3d01      	subs	r5, #1
10006142:	f001 fa69 	bl	10007618 <cyw43_delay_ms>
10006146:	2d00      	cmp	r5, #0
10006148:	d1f2      	bne.n	10006130 <cyw43_ll_bus_init+0x2c>
1000614a:	48a5      	ldr	r0, [pc, #660]	@ (100063e0 <cyw43_ll_bus_init+0x2dc>)
1000614c:	f7fd fecc 	bl	10003ee8 <__wrap_puts>
10006150:	2506      	movs	r5, #6
10006152:	426d      	negs	r5, r5
10006154:	0028      	movs	r0, r5
10006156:	b009      	add	sp, #36	@ 0x24
10006158:	bcf0      	pop	{r4, r5, r6, r7}
1000615a:	46bb      	mov	fp, r7
1000615c:	46b2      	mov	sl, r6
1000615e:	46a9      	mov	r9, r5
10006160:	46a0      	mov	r8, r4
10006162:	bdf0      	pop	{r4, r5, r6, r7, pc}
10006164:	2200      	movs	r2, #0
10006166:	2100      	movs	r1, #0
10006168:	0020      	movs	r0, r4
1000616a:	4b9e      	ldr	r3, [pc, #632]	@ (100063e4 <cyw43_ll_bus_init+0x2e0>)
1000616c:	f7fe fb8a 	bl	10004884 <write_reg_u32_swap>
10006170:	2800      	cmp	r0, #0
10006172:	d1ea      	bne.n	1000614a <cyw43_ll_bus_init+0x46>
10006174:	2200      	movs	r2, #0
10006176:	2100      	movs	r1, #0
10006178:	0020      	movs	r0, r4
1000617a:	f7fe faff 	bl	1000477c <cyw43_read_reg_u32>
1000617e:	2310      	movs	r3, #16
10006180:	221d      	movs	r2, #29
10006182:	2100      	movs	r1, #0
10006184:	0020      	movs	r0, r4
10006186:	f7fe fe9d 	bl	10004ec4 <cyw43_write_reg_u8>
1000618a:	2800      	cmp	r0, #0
1000618c:	d1dd      	bne.n	1000614a <cyw43_ll_bus_init+0x46>
1000618e:	2399      	movs	r3, #153	@ 0x99
10006190:	2204      	movs	r2, #4
10006192:	2100      	movs	r1, #0
10006194:	0020      	movs	r0, r4
10006196:	f7fe fe95 	bl	10004ec4 <cyw43_write_reg_u8>
1000619a:	2800      	cmp	r0, #0
1000619c:	d1d5      	bne.n	1000614a <cyw43_ll_bus_init+0x46>
1000619e:	23be      	movs	r3, #190	@ 0xbe
100061a0:	2206      	movs	r2, #6
100061a2:	2100      	movs	r1, #0
100061a4:	0020      	movs	r0, r4
100061a6:	f7fe fd83 	bl	10004cb0 <cyw43_write_reg_u16>
100061aa:	2800      	cmp	r0, #0
100061ac:	d1cd      	bne.n	1000614a <cyw43_ll_bus_init+0x46>
100061ae:	2308      	movs	r3, #8
100061b0:	2101      	movs	r1, #1
100061b2:	0020      	movs	r0, r4
100061b4:	4a8c      	ldr	r2, [pc, #560]	@ (100063e8 <cyw43_ll_bus_init+0x2e4>)
100061b6:	f7fe fe85 	bl	10004ec4 <cyw43_write_reg_u8>
100061ba:	250a      	movs	r5, #10
100061bc:	2640      	movs	r6, #64	@ 0x40
100061be:	2101      	movs	r1, #1
100061c0:	0020      	movs	r0, r4
100061c2:	4a89      	ldr	r2, [pc, #548]	@ (100063e8 <cyw43_ll_bus_init+0x2e4>)
100061c4:	f7fe fb32 	bl	1000482c <cyw43_read_reg_u8>
100061c8:	4206      	tst	r6, r0
100061ca:	d109      	bne.n	100061e0 <cyw43_ll_bus_init+0xdc>
100061cc:	2001      	movs	r0, #1
100061ce:	3d01      	subs	r5, #1
100061d0:	f001 fa22 	bl	10007618 <cyw43_delay_ms>
100061d4:	2d00      	cmp	r5, #0
100061d6:	d1f2      	bne.n	100061be <cyw43_ll_bus_init+0xba>
100061d8:	4884      	ldr	r0, [pc, #528]	@ (100063ec <cyw43_ll_bus_init+0x2e8>)
100061da:	f7fd fe85 	bl	10003ee8 <__wrap_puts>
100061de:	e7b7      	b.n	10006150 <cyw43_ll_bus_init+0x4c>
100061e0:	2300      	movs	r3, #0
100061e2:	4a81      	ldr	r2, [pc, #516]	@ (100063e8 <cyw43_ll_bus_init+0x2e4>)
100061e4:	2101      	movs	r1, #1
100061e6:	0020      	movs	r0, r4
100061e8:	f7fe fe6c 	bl	10004ec4 <cyw43_write_reg_u8>
100061ec:	0020      	movs	r0, r4
100061ee:	4980      	ldr	r1, [pc, #512]	@ (100063f0 <cyw43_ll_bus_init+0x2ec>)
100061f0:	f7ff f818 	bl	10005224 <cyw43_set_backplane_window>
100061f4:	22b8      	movs	r2, #184	@ 0xb8
100061f6:	25c0      	movs	r5, #192	@ 0xc0
100061f8:	2101      	movs	r1, #1
100061fa:	0020      	movs	r0, r4
100061fc:	0212      	lsls	r2, r2, #8
100061fe:	f7fe fb15 	bl	1000482c <cyw43_read_reg_u8>
10006202:	68a3      	ldr	r3, [r4, #8]
10006204:	056d      	lsls	r5, r5, #21
10006206:	42ab      	cmp	r3, r5
10006208:	d012      	beq.n	10006230 <cyw43_ll_bus_init+0x12c>
1000620a:	2280      	movs	r2, #128	@ 0x80
1000620c:	406b      	eors	r3, r5
1000620e:	0452      	lsls	r2, r2, #17
10006210:	4293      	cmp	r3, r2
10006212:	d300      	bcc.n	10006216 <cyw43_ll_bus_init+0x112>
10006214:	e2e4      	b.n	100067e0 <cyw43_ll_bus_init+0x6dc>
10006216:	22ff      	movs	r2, #255	@ 0xff
10006218:	0412      	lsls	r2, r2, #16
1000621a:	4213      	tst	r3, r2
1000621c:	d000      	beq.n	10006220 <cyw43_ll_bus_init+0x11c>
1000621e:	e2d3      	b.n	100067c8 <cyw43_ll_bus_init+0x6c4>
10006220:	22ff      	movs	r2, #255	@ 0xff
10006222:	0212      	lsls	r2, r2, #8
10006224:	4213      	tst	r3, r2
10006226:	d000      	beq.n	1000622a <cyw43_ll_bus_init+0x126>
10006228:	e2c6      	b.n	100067b8 <cyw43_ll_bus_init+0x6b4>
1000622a:	23c0      	movs	r3, #192	@ 0xc0
1000622c:	055b      	lsls	r3, r3, #21
1000622e:	60a3      	str	r3, [r4, #8]
10006230:	0020      	movs	r0, r4
10006232:	496f      	ldr	r1, [pc, #444]	@ (100063f0 <cyw43_ll_bus_init+0x2ec>)
10006234:	f7fe fff6 	bl	10005224 <cyw43_set_backplane_window>
10006238:	22b8      	movs	r2, #184	@ 0xb8
1000623a:	2101      	movs	r1, #1
1000623c:	0020      	movs	r0, r4
1000623e:	0212      	lsls	r2, r2, #8
10006240:	f7fe faf4 	bl	1000482c <cyw43_read_reg_u8>
10006244:	26c0      	movs	r6, #192	@ 0xc0
10006246:	68a3      	ldr	r3, [r4, #8]
10006248:	0005      	movs	r5, r0
1000624a:	0576      	lsls	r6, r6, #21
1000624c:	42b3      	cmp	r3, r6
1000624e:	d012      	beq.n	10006276 <cyw43_ll_bus_init+0x172>
10006250:	2280      	movs	r2, #128	@ 0x80
10006252:	4073      	eors	r3, r6
10006254:	0452      	lsls	r2, r2, #17
10006256:	4293      	cmp	r3, r2
10006258:	d300      	bcc.n	1000625c <cyw43_ll_bus_init+0x158>
1000625a:	e2a4      	b.n	100067a6 <cyw43_ll_bus_init+0x6a2>
1000625c:	22ff      	movs	r2, #255	@ 0xff
1000625e:	0412      	lsls	r2, r2, #16
10006260:	4213      	tst	r3, r2
10006262:	d000      	beq.n	10006266 <cyw43_ll_bus_init+0x162>
10006264:	e293      	b.n	1000678e <cyw43_ll_bus_init+0x68a>
10006266:	22ff      	movs	r2, #255	@ 0xff
10006268:	0212      	lsls	r2, r2, #8
1000626a:	4213      	tst	r3, r2
1000626c:	d000      	beq.n	10006270 <cyw43_ll_bus_init+0x16c>
1000626e:	e286      	b.n	1000677e <cyw43_ll_bus_init+0x67a>
10006270:	23c0      	movs	r3, #192	@ 0xc0
10006272:	055b      	lsls	r3, r3, #21
10006274:	60a3      	str	r3, [r4, #8]
10006276:	07ed      	lsls	r5, r5, #31
10006278:	d400      	bmi.n	1000627c <cyw43_ll_bus_init+0x178>
1000627a:	e397      	b.n	100069ac <cyw43_ll_bus_init+0x8a8>
1000627c:	0020      	movs	r0, r4
1000627e:	495d      	ldr	r1, [pc, #372]	@ (100063f4 <cyw43_ll_bus_init+0x2f0>)
10006280:	f7fe ffd0 	bl	10005224 <cyw43_set_backplane_window>
10006284:	22c8      	movs	r2, #200	@ 0xc8
10006286:	25c0      	movs	r5, #192	@ 0xc0
10006288:	2101      	movs	r1, #1
1000628a:	0020      	movs	r0, r4
1000628c:	0212      	lsls	r2, r2, #8
1000628e:	f7fe facd 	bl	1000482c <cyw43_read_reg_u8>
10006292:	68a3      	ldr	r3, [r4, #8]
10006294:	056d      	lsls	r5, r5, #21
10006296:	42ab      	cmp	r3, r5
10006298:	d012      	beq.n	100062c0 <cyw43_ll_bus_init+0x1bc>
1000629a:	2280      	movs	r2, #128	@ 0x80
1000629c:	406b      	eors	r3, r5
1000629e:	0452      	lsls	r2, r2, #17
100062a0:	4293      	cmp	r3, r2
100062a2:	d300      	bcc.n	100062a6 <cyw43_ll_bus_init+0x1a2>
100062a4:	e2ef      	b.n	10006886 <cyw43_ll_bus_init+0x782>
100062a6:	22ff      	movs	r2, #255	@ 0xff
100062a8:	0412      	lsls	r2, r2, #16
100062aa:	4213      	tst	r3, r2
100062ac:	d000      	beq.n	100062b0 <cyw43_ll_bus_init+0x1ac>
100062ae:	e2de      	b.n	1000686e <cyw43_ll_bus_init+0x76a>
100062b0:	22ff      	movs	r2, #255	@ 0xff
100062b2:	0212      	lsls	r2, r2, #8
100062b4:	4213      	tst	r3, r2
100062b6:	d000      	beq.n	100062ba <cyw43_ll_bus_init+0x1b6>
100062b8:	e2d1      	b.n	1000685e <cyw43_ll_bus_init+0x75a>
100062ba:	23c0      	movs	r3, #192	@ 0xc0
100062bc:	055b      	lsls	r3, r3, #21
100062be:	60a3      	str	r3, [r4, #8]
100062c0:	0020      	movs	r0, r4
100062c2:	494c      	ldr	r1, [pc, #304]	@ (100063f4 <cyw43_ll_bus_init+0x2f0>)
100062c4:	f7fe ffae 	bl	10005224 <cyw43_set_backplane_window>
100062c8:	22c8      	movs	r2, #200	@ 0xc8
100062ca:	2101      	movs	r1, #1
100062cc:	0020      	movs	r0, r4
100062ce:	0212      	lsls	r2, r2, #8
100062d0:	f7fe faac 	bl	1000482c <cyw43_read_reg_u8>
100062d4:	26c0      	movs	r6, #192	@ 0xc0
100062d6:	68a3      	ldr	r3, [r4, #8]
100062d8:	0005      	movs	r5, r0
100062da:	0576      	lsls	r6, r6, #21
100062dc:	42b3      	cmp	r3, r6
100062de:	d012      	beq.n	10006306 <cyw43_ll_bus_init+0x202>
100062e0:	2280      	movs	r2, #128	@ 0x80
100062e2:	4073      	eors	r3, r6
100062e4:	0452      	lsls	r2, r2, #17
100062e6:	4293      	cmp	r3, r2
100062e8:	d300      	bcc.n	100062ec <cyw43_ll_bus_init+0x1e8>
100062ea:	e2af      	b.n	1000684c <cyw43_ll_bus_init+0x748>
100062ec:	22ff      	movs	r2, #255	@ 0xff
100062ee:	0412      	lsls	r2, r2, #16
100062f0:	4213      	tst	r3, r2
100062f2:	d000      	beq.n	100062f6 <cyw43_ll_bus_init+0x1f2>
100062f4:	e2d8      	b.n	100068a8 <cyw43_ll_bus_init+0x7a4>
100062f6:	22ff      	movs	r2, #255	@ 0xff
100062f8:	0212      	lsls	r2, r2, #8
100062fa:	4213      	tst	r3, r2
100062fc:	d000      	beq.n	10006300 <cyw43_ll_bus_init+0x1fc>
100062fe:	e2cb      	b.n	10006898 <cyw43_ll_bus_init+0x794>
10006300:	23c0      	movs	r3, #192	@ 0xc0
10006302:	055b      	lsls	r3, r3, #21
10006304:	60a3      	str	r3, [r4, #8]
10006306:	07ed      	lsls	r5, r5, #31
10006308:	d400      	bmi.n	1000630c <cyw43_ll_bus_init+0x208>
1000630a:	e353      	b.n	100069b4 <cyw43_ll_bus_init+0x8b0>
1000630c:	2102      	movs	r1, #2
1000630e:	0020      	movs	r0, r4
10006310:	f7ff fc1e 	bl	10005b50 <reset_device_core.constprop.0>
10006314:	2303      	movs	r3, #3
10006316:	2204      	movs	r2, #4
10006318:	0020      	movs	r0, r4
1000631a:	4937      	ldr	r1, [pc, #220]	@ (100063f8 <cyw43_ll_bus_init+0x2f4>)
1000631c:	f7ff fb92 	bl	10005a44 <cyw43_write_backplane>
10006320:	2300      	movs	r3, #0
10006322:	2204      	movs	r2, #4
10006324:	0020      	movs	r0, r4
10006326:	4935      	ldr	r1, [pc, #212]	@ (100063fc <cyw43_ll_bus_init+0x2f8>)
10006328:	f7ff fb8c 	bl	10005a44 <cyw43_write_backplane>
1000632c:	4b34      	ldr	r3, [pc, #208]	@ (10006400 <cyw43_ll_bus_init+0x2fc>)
1000632e:	4a35      	ldr	r2, [pc, #212]	@ (10006404 <cyw43_ll_bus_init+0x300>)
10006330:	469a      	mov	sl, r3
10006332:	4b35      	ldr	r3, [pc, #212]	@ (10006408 <cyw43_ll_bus_init+0x304>)
10006334:	4453      	add	r3, sl
10006336:	5a9a      	ldrh	r2, [r3, r2]
10006338:	4691      	mov	r9, r2
1000633a:	22fa      	movs	r2, #250	@ 0xfa
1000633c:	0052      	lsls	r2, r2, #1
1000633e:	4591      	cmp	r9, r2
10006340:	db00      	blt.n	10006344 <cyw43_ll_bus_init+0x240>
10006342:	e0c7      	b.n	100064d4 <cyw43_ll_bus_init+0x3d0>
10006344:	4a31      	ldr	r2, [pc, #196]	@ (1000640c <cyw43_ll_bus_init+0x308>)
10006346:	5c9b      	ldrb	r3, [r3, r2]
10006348:	2b00      	cmp	r3, #0
1000634a:	d000      	beq.n	1000634e <cyw43_ll_bus_init+0x24a>
1000634c:	e0c2      	b.n	100064d4 <cyw43_ll_bus_init+0x3d0>
1000634e:	464b      	mov	r3, r9
10006350:	2b50      	cmp	r3, #80	@ 0x50
10006352:	dc00      	bgt.n	10006356 <cyw43_ll_bus_init+0x252>
10006354:	e0be      	b.n	100064d4 <cyw43_ll_bus_init+0x3d0>
10006356:	003a      	movs	r2, r7
10006358:	4b2d      	ldr	r3, [pc, #180]	@ (10006410 <cyw43_ll_bus_init+0x30c>)
1000635a:	4e2e      	ldr	r6, [pc, #184]	@ (10006414 <cyw43_ll_bus_init+0x310>)
1000635c:	464f      	mov	r7, r9
1000635e:	46a0      	mov	r8, r4
10006360:	2550      	movs	r5, #80	@ 0x50
10006362:	001c      	movs	r4, r3
10006364:	4691      	mov	r9, r2
10006366:	4456      	add	r6, sl
10006368:	e003      	b.n	10006372 <cyw43_ll_bus_init+0x26e>
1000636a:	3501      	adds	r5, #1
1000636c:	42af      	cmp	r7, r5
1000636e:	dc00      	bgt.n	10006372 <cyw43_ll_bus_init+0x26e>
10006370:	e0b0      	b.n	100064d4 <cyw43_ll_bus_init+0x3d0>
10006372:	2209      	movs	r2, #9
10006374:	0021      	movs	r1, r4
10006376:	1b70      	subs	r0, r6, r5
10006378:	f001 fca6 	bl	10007cc8 <strncmp>
1000637c:	2800      	cmp	r0, #0
1000637e:	d1f4      	bne.n	1000636a <cyw43_ll_bus_init+0x266>
10006380:	2340      	movs	r3, #64	@ 0x40
10006382:	425b      	negs	r3, r3
10006384:	4453      	add	r3, sl
10006386:	469b      	mov	fp, r3
10006388:	2380      	movs	r3, #128	@ 0x80
1000638a:	021b      	lsls	r3, r3, #8
1000638c:	464f      	mov	r7, r9
1000638e:	4699      	mov	r9, r3
10006390:	4b21      	ldr	r3, [pc, #132]	@ (10006418 <cyw43_ll_bus_init+0x314>)
10006392:	4644      	mov	r4, r8
10006394:	2600      	movs	r6, #0
10006396:	4698      	mov	r8, r3
10006398:	0035      	movs	r5, r6
1000639a:	0020      	movs	r0, r4
1000639c:	0029      	movs	r1, r5
1000639e:	f7fe ff41 	bl	10005224 <cyw43_set_backplane_window>
100063a2:	464b      	mov	r3, r9
100063a4:	046a      	lsls	r2, r5, #17
100063a6:	0c52      	lsrs	r2, r2, #17
100063a8:	431a      	orrs	r2, r3
100063aa:	465b      	mov	r3, fp
100063ac:	3640      	adds	r6, #64	@ 0x40
100063ae:	199b      	adds	r3, r3, r6
100063b0:	9300      	str	r3, [sp, #0]
100063b2:	2101      	movs	r1, #1
100063b4:	2340      	movs	r3, #64	@ 0x40
100063b6:	0020      	movs	r0, r4
100063b8:	f7fe feca 	bl	10005150 <cyw43_write_bytes>
100063bc:	2800      	cmp	r0, #0
100063be:	d000      	beq.n	100063c2 <cyw43_ll_bus_init+0x2be>
100063c0:	e1d3      	b.n	1000676a <cyw43_ll_bus_init+0x666>
100063c2:	4546      	cmp	r6, r8
100063c4:	d1e8      	bne.n	10006398 <cyw43_ll_bus_init+0x294>
100063c6:	4b15      	ldr	r3, [pc, #84]	@ (1000641c <cyw43_ll_bus_init+0x318>)
100063c8:	46bb      	mov	fp, r7
100063ca:	4699      	mov	r9, r3
100063cc:	2300      	movs	r3, #0
100063ce:	0027      	movs	r7, r4
100063d0:	9003      	str	r0, [sp, #12]
100063d2:	001c      	movs	r4, r3
100063d4:	e043      	b.n	1000645e <cyw43_ll_bus_init+0x35a>
100063d6:	46c0      	nop			@ (mov r8, r8)
100063d8:	40054000 	.word	0x40054000
100063dc:	feedbead 	.word	0xfeedbead
100063e0:	100080c0 	.word	0x100080c0
100063e4:	000204b3 	.word	0x000204b3
100063e8:	0001000e 	.word	0x0001000e
100063ec:	10008114 	.word	0x10008114
100063f0:	18103800 	.word	0x18103800
100063f4:	18104800 	.word	0x18104800
100063f8:	18004010 	.word	0x18004010
100063fc:	18004044 	.word	0x18004044
10006400:	10008560 	.word	0x10008560
10006404:	0000030e 	.word	0x0000030e
10006408:	0003689e 	.word	0x0003689e
1000640c:	0000030d 	.word	0x0000030d
10006410:	100080e0 	.word	0x100080e0
10006414:	00036bab 	.word	0x00036bab
10006418:	00036bc0 	.word	0x00036bc0
1000641c:	1003f538 	.word	0x1003f538
10006420:	22ff      	movs	r2, #255	@ 0xff
10006422:	0412      	lsls	r2, r2, #16
10006424:	4213      	tst	r3, r2
10006426:	d13f      	bne.n	100064a8 <cyw43_ll_bus_init+0x3a4>
10006428:	22ff      	movs	r2, #255	@ 0xff
1000642a:	0212      	lsls	r2, r2, #8
1000642c:	4213      	tst	r3, r2
1000642e:	d149      	bne.n	100064c4 <cyw43_ll_bus_init+0x3c0>
10006430:	23f0      	movs	r3, #240	@ 0xf0
10006432:	02db      	lsls	r3, r3, #11
10006434:	60bb      	str	r3, [r7, #8]
10006436:	464b      	mov	r3, r9
10006438:	2280      	movs	r2, #128	@ 0x80
1000643a:	0476      	lsls	r6, r6, #17
1000643c:	191b      	adds	r3, r3, r4
1000643e:	3b40      	subs	r3, #64	@ 0x40
10006440:	0c76      	lsrs	r6, r6, #17
10006442:	0212      	lsls	r2, r2, #8
10006444:	9300      	str	r3, [sp, #0]
10006446:	2101      	movs	r1, #1
10006448:	002b      	movs	r3, r5
1000644a:	0038      	movs	r0, r7
1000644c:	4332      	orrs	r2, r6
1000644e:	f7fe fe7f 	bl	10005150 <cyw43_write_bytes>
10006452:	2800      	cmp	r0, #0
10006454:	d142      	bne.n	100064dc <cyw43_ll_bus_init+0x3d8>
10006456:	23c0      	movs	r3, #192	@ 0xc0
10006458:	009b      	lsls	r3, r3, #2
1000645a:	429c      	cmp	r4, r3
1000645c:	d03e      	beq.n	100064dc <cyw43_ll_bus_init+0x3d8>
1000645e:	25ba      	movs	r5, #186	@ 0xba
10006460:	0026      	movs	r6, r4
10006462:	00ad      	lsls	r5, r5, #2
10006464:	3440      	adds	r4, #64	@ 0x40
10006466:	2317      	movs	r3, #23
10006468:	42a5      	cmp	r5, r4
1000646a:	41ad      	sbcs	r5, r5
1000646c:	439d      	bics	r5, r3
1000646e:	4be1      	ldr	r3, [pc, #900]	@ (100067f4 <cyw43_ll_bus_init+0x6f0>)
10006470:	22f0      	movs	r2, #240	@ 0xf0
10006472:	469c      	mov	ip, r3
10006474:	68bb      	ldr	r3, [r7, #8]
10006476:	02d2      	lsls	r2, r2, #11
10006478:	4690      	mov	r8, r2
1000647a:	3540      	adds	r5, #64	@ 0x40
1000647c:	4466      	add	r6, ip
1000647e:	4293      	cmp	r3, r2
10006480:	d0d9      	beq.n	10006436 <cyw43_ll_bus_init+0x332>
10006482:	4053      	eors	r3, r2
10006484:	2280      	movs	r2, #128	@ 0x80
10006486:	0452      	lsls	r2, r2, #17
10006488:	4293      	cmp	r3, r2
1000648a:	d3c9      	bcc.n	10006420 <cyw43_ll_bus_init+0x31c>
1000648c:	2300      	movs	r3, #0
1000648e:	4ada      	ldr	r2, [pc, #872]	@ (100067f8 <cyw43_ll_bus_init+0x6f4>)
10006490:	2101      	movs	r1, #1
10006492:	0038      	movs	r0, r7
10006494:	f7fe fd16 	bl	10004ec4 <cyw43_write_reg_u8>
10006498:	4642      	mov	r2, r8
1000649a:	68bb      	ldr	r3, [r7, #8]
1000649c:	405a      	eors	r2, r3
1000649e:	0013      	movs	r3, r2
100064a0:	22ff      	movs	r2, #255	@ 0xff
100064a2:	0412      	lsls	r2, r2, #16
100064a4:	4213      	tst	r3, r2
100064a6:	d0bf      	beq.n	10006428 <cyw43_ll_bus_init+0x324>
100064a8:	2307      	movs	r3, #7
100064aa:	4ad4      	ldr	r2, [pc, #848]	@ (100067fc <cyw43_ll_bus_init+0x6f8>)
100064ac:	2101      	movs	r1, #1
100064ae:	0038      	movs	r0, r7
100064b0:	f7fe fd08 	bl	10004ec4 <cyw43_write_reg_u8>
100064b4:	23f0      	movs	r3, #240	@ 0xf0
100064b6:	68ba      	ldr	r2, [r7, #8]
100064b8:	02db      	lsls	r3, r3, #11
100064ba:	4053      	eors	r3, r2
100064bc:	22ff      	movs	r2, #255	@ 0xff
100064be:	0212      	lsls	r2, r2, #8
100064c0:	4213      	tst	r3, r2
100064c2:	d0b5      	beq.n	10006430 <cyw43_ll_bus_init+0x32c>
100064c4:	23f0      	movs	r3, #240	@ 0xf0
100064c6:	2101      	movs	r1, #1
100064c8:	0038      	movs	r0, r7
100064ca:	4acd      	ldr	r2, [pc, #820]	@ (10006800 <cyw43_ll_bus_init+0x6fc>)
100064cc:	00db      	lsls	r3, r3, #3
100064ce:	f7fe fcf9 	bl	10004ec4 <cyw43_write_reg_u8>
100064d2:	e7ad      	b.n	10006430 <cyw43_ll_bus_init+0x32c>
100064d4:	48cb      	ldr	r0, [pc, #812]	@ (10006804 <cyw43_ll_bus_init+0x700>)
100064d6:	f7fd fd07 	bl	10003ee8 <__wrap_puts>
100064da:	e639      	b.n	10006150 <cyw43_ll_bus_init+0x4c>
100064dc:	003c      	movs	r4, r7
100064de:	4bca      	ldr	r3, [pc, #808]	@ (10006808 <cyw43_ll_bus_init+0x704>)
100064e0:	2204      	movs	r2, #4
100064e2:	0020      	movs	r0, r4
100064e4:	49c9      	ldr	r1, [pc, #804]	@ (1000680c <cyw43_ll_bus_init+0x708>)
100064e6:	9d03      	ldr	r5, [sp, #12]
100064e8:	f7ff faac 	bl	10005a44 <cyw43_write_backplane>
100064ec:	2101      	movs	r1, #1
100064ee:	0020      	movs	r0, r4
100064f0:	f7ff fb2e 	bl	10005b50 <reset_device_core.constprop.0>
100064f4:	0020      	movs	r0, r4
100064f6:	49c6      	ldr	r1, [pc, #792]	@ (10006810 <cyw43_ll_bus_init+0x70c>)
100064f8:	f7ff fa32 	bl	10005960 <cyw43_read_backplane.constprop.0>
100064fc:	2303      	movs	r3, #3
100064fe:	465f      	mov	r7, fp
10006500:	4003      	ands	r3, r0
10006502:	2b01      	cmp	r3, #1
10006504:	d000      	beq.n	10006508 <cyw43_ll_bus_init+0x404>
10006506:	e132      	b.n	1000676e <cyw43_ll_bus_init+0x66a>
10006508:	0020      	movs	r0, r4
1000650a:	49c2      	ldr	r1, [pc, #776]	@ (10006814 <cyw43_ll_bus_init+0x710>)
1000650c:	f7ff fa28 	bl	10005960 <cyw43_read_backplane.constprop.0>
10006510:	07c0      	lsls	r0, r0, #31
10006512:	d500      	bpl.n	10006516 <cyw43_ll_bus_init+0x412>
10006514:	e12f      	b.n	10006776 <cyw43_ll_bus_init+0x672>
10006516:	26fa      	movs	r6, #250	@ 0xfa
10006518:	2380      	movs	r3, #128	@ 0x80
1000651a:	00b6      	lsls	r6, r6, #2
1000651c:	4698      	mov	r8, r3
1000651e:	e006      	b.n	1000652e <cyw43_ll_bus_init+0x42a>
10006520:	2001      	movs	r0, #1
10006522:	3e01      	subs	r6, #1
10006524:	f001 f878 	bl	10007618 <cyw43_delay_ms>
10006528:	2e00      	cmp	r6, #0
1000652a:	d100      	bne.n	1000652e <cyw43_ll_bus_init+0x42a>
1000652c:	e234      	b.n	10006998 <cyw43_ll_bus_init+0x894>
1000652e:	2101      	movs	r1, #1
10006530:	0020      	movs	r0, r4
10006532:	4ab9      	ldr	r2, [pc, #740]	@ (10006818 <cyw43_ll_bus_init+0x714>)
10006534:	f7fe f97a 	bl	1000482c <cyw43_read_reg_u8>
10006538:	4643      	mov	r3, r8
1000653a:	4203      	tst	r3, r0
1000653c:	d0f0      	beq.n	10006520 <cyw43_ll_bus_init+0x41c>
1000653e:	23f0      	movs	r3, #240	@ 0xf0
10006540:	2204      	movs	r2, #4
10006542:	0020      	movs	r0, r4
10006544:	49b5      	ldr	r1, [pc, #724]	@ (1000681c <cyw43_ll_bus_init+0x718>)
10006546:	f7ff fa7d 	bl	10005a44 <cyw43_write_backplane>
1000654a:	2320      	movs	r3, #32
1000654c:	2101      	movs	r1, #1
1000654e:	0020      	movs	r0, r4
10006550:	4ab3      	ldr	r2, [pc, #716]	@ (10006820 <cyw43_ll_bus_init+0x71c>)
10006552:	f7fe fcb7 	bl	10004ec4 <cyw43_write_reg_u8>
10006556:	26fa      	movs	r6, #250	@ 0xfa
10006558:	2320      	movs	r3, #32
1000655a:	00b6      	lsls	r6, r6, #2
1000655c:	4698      	mov	r8, r3
1000655e:	e006      	b.n	1000656e <cyw43_ll_bus_init+0x46a>
10006560:	2001      	movs	r0, #1
10006562:	3e01      	subs	r6, #1
10006564:	f001 f858 	bl	10007618 <cyw43_delay_ms>
10006568:	2e00      	cmp	r6, #0
1000656a:	d100      	bne.n	1000656e <cyw43_ll_bus_init+0x46a>
1000656c:	e219      	b.n	100069a2 <cyw43_ll_bus_init+0x89e>
1000656e:	2208      	movs	r2, #8
10006570:	2100      	movs	r1, #0
10006572:	0020      	movs	r0, r4
10006574:	f7fe f902 	bl	1000477c <cyw43_read_reg_u32>
10006578:	4643      	mov	r3, r8
1000657a:	4203      	tst	r3, r0
1000657c:	d0f0      	beq.n	10006560 <cyw43_ll_bus_init+0x45c>
1000657e:	2101      	movs	r1, #1
10006580:	4aa8      	ldr	r2, [pc, #672]	@ (10006824 <cyw43_ll_bus_init+0x720>)
10006582:	0020      	movs	r0, r4
10006584:	f7fe f952 	bl	1000482c <cyw43_read_reg_u8>
10006588:	2202      	movs	r2, #2
1000658a:	b2c3      	uxtb	r3, r0
1000658c:	4313      	orrs	r3, r2
1000658e:	2101      	movs	r1, #1
10006590:	4aa4      	ldr	r2, [pc, #656]	@ (10006824 <cyw43_ll_bus_init+0x720>)
10006592:	0020      	movs	r0, r4
10006594:	f7fe fc96 	bl	10004ec4 <cyw43_write_reg_u8>
10006598:	2308      	movs	r3, #8
1000659a:	22f0      	movs	r2, #240	@ 0xf0
1000659c:	2100      	movs	r1, #0
1000659e:	0020      	movs	r0, r4
100065a0:	f7fe fc90 	bl	10004ec4 <cyw43_write_reg_u8>
100065a4:	2302      	movs	r3, #2
100065a6:	2101      	movs	r1, #1
100065a8:	4a9b      	ldr	r2, [pc, #620]	@ (10006818 <cyw43_ll_bus_init+0x714>)
100065aa:	0020      	movs	r0, r4
100065ac:	f7fe fc8a 	bl	10004ec4 <cyw43_write_reg_u8>
100065b0:	2101      	movs	r1, #1
100065b2:	0020      	movs	r0, r4
100065b4:	4a9c      	ldr	r2, [pc, #624]	@ (10006828 <cyw43_ll_bus_init+0x724>)
100065b6:	f7fe f939 	bl	1000482c <cyw43_read_reg_u8>
100065ba:	07c3      	lsls	r3, r0, #31
100065bc:	d400      	bmi.n	100065c0 <cyw43_ll_bus_init+0x4bc>
100065be:	e183      	b.n	100068c8 <cyw43_ll_bus_init+0x7c4>
100065c0:	230f      	movs	r3, #15
100065c2:	2101      	movs	r1, #1
100065c4:	4a99      	ldr	r2, [pc, #612]	@ (1000682c <cyw43_ll_bus_init+0x728>)
100065c6:	0020      	movs	r0, r4
100065c8:	f7fe fc7c 	bl	10004ec4 <cyw43_write_reg_u8>
100065cc:	2300      	movs	r3, #0
100065ce:	2101      	movs	r1, #1
100065d0:	4a96      	ldr	r2, [pc, #600]	@ (1000682c <cyw43_ll_bus_init+0x728>)
100065d2:	0020      	movs	r0, r4
100065d4:	f7fe fc76 	bl	10004ec4 <cyw43_write_reg_u8>
100065d8:	2101      	movs	r1, #1
100065da:	4a94      	ldr	r2, [pc, #592]	@ (1000682c <cyw43_ll_bus_init+0x728>)
100065dc:	0020      	movs	r0, r4
100065de:	f7fe f925 	bl	1000482c <cyw43_read_reg_u8>
100065e2:	2204      	movs	r2, #4
100065e4:	2100      	movs	r1, #0
100065e6:	0020      	movs	r0, r4
100065e8:	f7fe f8f4 	bl	100047d4 <cyw43_read_reg_u16>
100065ec:	07c3      	lsls	r3, r0, #31
100065ee:	d500      	bpl.n	100065f2 <cyw43_ll_bus_init+0x4ee>
100065f0:	e173      	b.n	100068da <cyw43_ll_bus_init+0x7d6>
100065f2:	26c0      	movs	r6, #192	@ 0xc0
100065f4:	68a3      	ldr	r3, [r4, #8]
100065f6:	0576      	lsls	r6, r6, #21
100065f8:	42b3      	cmp	r3, r6
100065fa:	d012      	beq.n	10006622 <cyw43_ll_bus_init+0x51e>
100065fc:	2280      	movs	r2, #128	@ 0x80
100065fe:	4073      	eors	r3, r6
10006600:	0452      	lsls	r2, r2, #17
10006602:	4293      	cmp	r3, r2
10006604:	d300      	bcc.n	10006608 <cyw43_ll_bus_init+0x504>
10006606:	e1be      	b.n	10006986 <cyw43_ll_bus_init+0x882>
10006608:	22ff      	movs	r2, #255	@ 0xff
1000660a:	0412      	lsls	r2, r2, #16
1000660c:	4213      	tst	r3, r2
1000660e:	d000      	beq.n	10006612 <cyw43_ll_bus_init+0x50e>
10006610:	e1ad      	b.n	1000696e <cyw43_ll_bus_init+0x86a>
10006612:	22ff      	movs	r2, #255	@ 0xff
10006614:	0212      	lsls	r2, r2, #8
10006616:	4213      	tst	r3, r2
10006618:	d000      	beq.n	1000661c <cyw43_ll_bus_init+0x518>
1000661a:	e1a0      	b.n	1000695e <cyw43_ll_bus_init+0x85a>
1000661c:	23c0      	movs	r3, #192	@ 0xc0
1000661e:	055b      	lsls	r3, r3, #21
10006620:	60a3      	str	r3, [r4, #8]
10006622:	26c0      	movs	r6, #192	@ 0xc0
10006624:	2101      	movs	r1, #1
10006626:	0020      	movs	r0, r4
10006628:	4a81      	ldr	r2, [pc, #516]	@ (10006830 <cyw43_ll_bus_init+0x72c>)
1000662a:	f7fe f8a7 	bl	1000477c <cyw43_read_reg_u32>
1000662e:	68a3      	ldr	r3, [r4, #8]
10006630:	0576      	lsls	r6, r6, #21
10006632:	42b3      	cmp	r3, r6
10006634:	d012      	beq.n	1000665c <cyw43_ll_bus_init+0x558>
10006636:	2280      	movs	r2, #128	@ 0x80
10006638:	4073      	eors	r3, r6
1000663a:	0452      	lsls	r2, r2, #17
1000663c:	4293      	cmp	r3, r2
1000663e:	d300      	bcc.n	10006642 <cyw43_ll_bus_init+0x53e>
10006640:	e17c      	b.n	1000693c <cyw43_ll_bus_init+0x838>
10006642:	22ff      	movs	r2, #255	@ 0xff
10006644:	0412      	lsls	r2, r2, #16
10006646:	4213      	tst	r3, r2
10006648:	d000      	beq.n	1000664c <cyw43_ll_bus_init+0x548>
1000664a:	e16b      	b.n	10006924 <cyw43_ll_bus_init+0x820>
1000664c:	22ff      	movs	r2, #255	@ 0xff
1000664e:	0212      	lsls	r2, r2, #8
10006650:	4213      	tst	r3, r2
10006652:	d000      	beq.n	10006656 <cyw43_ll_bus_init+0x552>
10006654:	e17b      	b.n	1000694e <cyw43_ll_bus_init+0x84a>
10006656:	23c0      	movs	r3, #192	@ 0xc0
10006658:	055b      	lsls	r3, r3, #21
1000665a:	60a3      	str	r3, [r4, #8]
1000665c:	0020      	movs	r0, r4
1000665e:	f000 fb47 	bl	10006cf0 <cyw43_cb_ensure_awake>
10006662:	7ca3      	ldrb	r3, [r4, #18]
10006664:	2b00      	cmp	r3, #0
10006666:	d105      	bne.n	10006674 <cyw43_ll_bus_init+0x570>
10006668:	2101      	movs	r1, #1
1000666a:	0020      	movs	r0, r4
1000666c:	f7fe feaa 	bl	100053c4 <cyw43_kso_set>
10006670:	2301      	movs	r3, #1
10006672:	74a3      	strb	r3, [r4, #18]
10006674:	4b6f      	ldr	r3, [pc, #444]	@ (10006834 <cyw43_ll_bus_init+0x730>)
10006676:	0026      	movs	r6, r4
10006678:	0019      	movs	r1, r3
1000667a:	3644      	adds	r6, #68	@ 0x44
1000667c:	2208      	movs	r2, #8
1000667e:	312c      	adds	r1, #44	@ 0x2c
10006680:	0030      	movs	r0, r6
10006682:	4698      	mov	r8, r3
10006684:	f7fb fe3a 	bl	100022fc <__wrap___aeabi_memcpy>
10006688:	4b6b      	ldr	r3, [pc, #428]	@ (10006838 <cyw43_ll_bus_init+0x734>)
1000668a:	22f6      	movs	r2, #246	@ 0xf6
1000668c:	21db      	movs	r1, #219	@ 0xdb
1000668e:	64e3      	str	r3, [r4, #76]	@ 0x4c
10006690:	0020      	movs	r0, r4
10006692:	2300      	movs	r3, #0
10006694:	0092      	lsls	r2, r2, #2
10006696:	0289      	lsls	r1, r1, #10
10006698:	4451      	add	r1, sl
1000669a:	6522      	str	r2, [r4, #80]	@ 0x50
1000669c:	6563      	str	r3, [r4, #84]	@ 0x54
1000669e:	3058      	adds	r0, #88	@ 0x58
100066a0:	4699      	mov	r9, r3
100066a2:	f7fb fe2b 	bl	100022fc <__wrap___aeabi_memcpy>
100066a6:	2208      	movs	r2, #8
100066a8:	32ff      	adds	r2, #255	@ 0xff
100066aa:	4692      	mov	sl, r2
100066ac:	6362      	str	r2, [r4, #52]	@ 0x34
100066ae:	22fc      	movs	r2, #252	@ 0xfc
100066b0:	0092      	lsls	r2, r2, #2
100066b2:	4693      	mov	fp, r2
100066b4:	63a2      	str	r2, [r4, #56]	@ 0x38
100066b6:	2202      	movs	r2, #2
100066b8:	8a23      	ldrh	r3, [r4, #16]
100066ba:	2100      	movs	r1, #0
100066bc:	3301      	adds	r3, #1
100066be:	b29b      	uxth	r3, r3
100066c0:	8223      	strh	r3, [r4, #16]
100066c2:	041b      	lsls	r3, r3, #16
100066c4:	4313      	orrs	r3, r2
100066c6:	63e3      	str	r3, [r4, #60]	@ 0x3c
100066c8:	464b      	mov	r3, r9
100066ca:	6423      	str	r3, [r4, #64]	@ 0x40
100066cc:	3328      	adds	r3, #40	@ 0x28
100066ce:	4699      	mov	r9, r3
100066d0:	2280      	movs	r2, #128	@ 0x80
100066d2:	44a1      	add	r9, r4
100066d4:	464b      	mov	r3, r9
100066d6:	0020      	movs	r0, r4
100066d8:	00d2      	lsls	r2, r2, #3
100066da:	f7fe ffcf 	bl	1000567c <cyw43_sdpcm_send_common>
100066de:	2800      	cmp	r0, #0
100066e0:	d106      	bne.n	100066f0 <cyw43_ll_bus_init+0x5ec>
100066e2:	465b      	mov	r3, fp
100066e4:	4652      	mov	r2, sl
100066e6:	2102      	movs	r1, #2
100066e8:	0020      	movs	r0, r4
100066ea:	9600      	str	r6, [sp, #0]
100066ec:	f7ff f844 	bl	10005778 <cyw43_do_ioctl.part.0>
100066f0:	4641      	mov	r1, r8
100066f2:	2213      	movs	r2, #19
100066f4:	3138      	adds	r1, #56	@ 0x38
100066f6:	0030      	movs	r0, r6
100066f8:	f7fb fe00 	bl	100022fc <__wrap___aeabi_memcpy>
100066fc:	8a23      	ldrh	r3, [r4, #16]
100066fe:	2283      	movs	r2, #131	@ 0x83
10006700:	3301      	adds	r3, #1
10006702:	b29b      	uxth	r3, r3
10006704:	8223      	strh	r3, [r4, #16]
10006706:	041b      	lsls	r3, r3, #16
10006708:	63e3      	str	r3, [r4, #60]	@ 0x3c
1000670a:	2300      	movs	r3, #0
1000670c:	0052      	lsls	r2, r2, #1
1000670e:	4692      	mov	sl, r2
10006710:	6362      	str	r2, [r4, #52]	@ 0x34
10006712:	3af3      	subs	r2, #243	@ 0xf3
10006714:	63a2      	str	r2, [r4, #56]	@ 0x38
10006716:	6423      	str	r3, [r4, #64]	@ 0x40
10006718:	2100      	movs	r1, #0
1000671a:	464b      	mov	r3, r9
1000671c:	0020      	movs	r0, r4
1000671e:	3210      	adds	r2, #16
10006720:	f7fe ffac 	bl	1000567c <cyw43_sdpcm_send_common>
10006724:	2800      	cmp	r0, #0
10006726:	d106      	bne.n	10006736 <cyw43_ll_bus_init+0x632>
10006728:	2313      	movs	r3, #19
1000672a:	4652      	mov	r2, sl
1000672c:	2100      	movs	r1, #0
1000672e:	0020      	movs	r0, r4
10006730:	9600      	str	r6, [sp, #0]
10006732:	f7ff f821 	bl	10005778 <cyw43_do_ioctl.part.0>
10006736:	6c63      	ldr	r3, [r4, #68]	@ 0x44
10006738:	2b00      	cmp	r3, #0
1000673a:	d000      	beq.n	1000673e <cyw43_ll_bus_init+0x63a>
1000673c:	e0c0      	b.n	100068c0 <cyw43_ll_bus_init+0x7bc>
1000673e:	2200      	movs	r2, #0
10006740:	0020      	movs	r0, r4
10006742:	493e      	ldr	r1, [pc, #248]	@ (1000683c <cyw43_ll_bus_init+0x738>)
10006744:	f7ff f87a 	bl	1000583c <cyw43_write_iovar_u32.constprop.0>
10006748:	2201      	movs	r2, #1
1000674a:	0020      	movs	r0, r4
1000674c:	493c      	ldr	r1, [pc, #240]	@ (10006840 <cyw43_ll_bus_init+0x73c>)
1000674e:	f7ff f875 	bl	1000583c <cyw43_write_iovar_u32.constprop.0>
10006752:	2f00      	cmp	r7, #0
10006754:	d100      	bne.n	10006758 <cyw43_ll_bus_init+0x654>
10006756:	e0c7      	b.n	100068e8 <cyw43_ll_bus_init+0x7e4>
10006758:	2300      	movs	r3, #0
1000675a:	2206      	movs	r2, #6
1000675c:	9300      	str	r3, [sp, #0]
1000675e:	0020      	movs	r0, r4
10006760:	003b      	movs	r3, r7
10006762:	4938      	ldr	r1, [pc, #224]	@ (10006844 <cyw43_ll_bus_init+0x740>)
10006764:	f7ff f8b6 	bl	100058d4 <cyw43_write_iovar_n>
10006768:	e4f4      	b.n	10006154 <cyw43_ll_bus_init+0x50>
1000676a:	0005      	movs	r5, r0
1000676c:	e4f2      	b.n	10006154 <cyw43_ll_bus_init+0x50>
1000676e:	4836      	ldr	r0, [pc, #216]	@ (10006848 <cyw43_ll_bus_init+0x744>)
10006770:	f7fd fbba 	bl	10003ee8 <__wrap_puts>
10006774:	e6c8      	b.n	10006508 <cyw43_ll_bus_init+0x404>
10006776:	4834      	ldr	r0, [pc, #208]	@ (10006848 <cyw43_ll_bus_init+0x744>)
10006778:	f7fd fbb6 	bl	10003ee8 <__wrap_puts>
1000677c:	e6cb      	b.n	10006516 <cyw43_ll_bus_init+0x412>
1000677e:	23c0      	movs	r3, #192	@ 0xc0
10006780:	2101      	movs	r1, #1
10006782:	0020      	movs	r0, r4
10006784:	4a1e      	ldr	r2, [pc, #120]	@ (10006800 <cyw43_ll_bus_init+0x6fc>)
10006786:	035b      	lsls	r3, r3, #13
10006788:	f7fe fb9c 	bl	10004ec4 <cyw43_write_reg_u8>
1000678c:	e570      	b.n	10006270 <cyw43_ll_bus_init+0x16c>
1000678e:	23c0      	movs	r3, #192	@ 0xc0
10006790:	4a1a      	ldr	r2, [pc, #104]	@ (100067fc <cyw43_ll_bus_init+0x6f8>)
10006792:	015b      	lsls	r3, r3, #5
10006794:	2101      	movs	r1, #1
10006796:	0020      	movs	r0, r4
10006798:	f7fe fb94 	bl	10004ec4 <cyw43_write_reg_u8>
1000679c:	23c0      	movs	r3, #192	@ 0xc0
1000679e:	68a2      	ldr	r2, [r4, #8]
100067a0:	055b      	lsls	r3, r3, #21
100067a2:	4053      	eors	r3, r2
100067a4:	e55f      	b.n	10006266 <cyw43_ll_bus_init+0x162>
100067a6:	2318      	movs	r3, #24
100067a8:	2101      	movs	r1, #1
100067aa:	0020      	movs	r0, r4
100067ac:	4a12      	ldr	r2, [pc, #72]	@ (100067f8 <cyw43_ll_bus_init+0x6f4>)
100067ae:	f7fe fb89 	bl	10004ec4 <cyw43_write_reg_u8>
100067b2:	68a3      	ldr	r3, [r4, #8]
100067b4:	4073      	eors	r3, r6
100067b6:	e551      	b.n	1000625c <cyw43_ll_bus_init+0x158>
100067b8:	23c0      	movs	r3, #192	@ 0xc0
100067ba:	2101      	movs	r1, #1
100067bc:	0020      	movs	r0, r4
100067be:	4a10      	ldr	r2, [pc, #64]	@ (10006800 <cyw43_ll_bus_init+0x6fc>)
100067c0:	035b      	lsls	r3, r3, #13
100067c2:	f7fe fb7f 	bl	10004ec4 <cyw43_write_reg_u8>
100067c6:	e530      	b.n	1000622a <cyw43_ll_bus_init+0x126>
100067c8:	23c0      	movs	r3, #192	@ 0xc0
100067ca:	4a0c      	ldr	r2, [pc, #48]	@ (100067fc <cyw43_ll_bus_init+0x6f8>)
100067cc:	015b      	lsls	r3, r3, #5
100067ce:	2101      	movs	r1, #1
100067d0:	0020      	movs	r0, r4
100067d2:	f7fe fb77 	bl	10004ec4 <cyw43_write_reg_u8>
100067d6:	23c0      	movs	r3, #192	@ 0xc0
100067d8:	68a2      	ldr	r2, [r4, #8]
100067da:	055b      	lsls	r3, r3, #21
100067dc:	4053      	eors	r3, r2
100067de:	e51f      	b.n	10006220 <cyw43_ll_bus_init+0x11c>
100067e0:	2318      	movs	r3, #24
100067e2:	2101      	movs	r1, #1
100067e4:	0020      	movs	r0, r4
100067e6:	4a04      	ldr	r2, [pc, #16]	@ (100067f8 <cyw43_ll_bus_init+0x6f4>)
100067e8:	f7fe fb6c 	bl	10004ec4 <cyw43_write_reg_u8>
100067ec:	68a3      	ldr	r3, [r4, #8]
100067ee:	406b      	eors	r3, r5
100067f0:	e511      	b.n	10006216 <cyw43_ll_bus_init+0x112>
100067f2:	46c0      	nop			@ (mov r8, r8)
100067f4:	0007fd14 	.word	0x0007fd14
100067f8:	0001000c 	.word	0x0001000c
100067fc:	0001000b 	.word	0x0001000b
10006800:	0001000a 	.word	0x0001000a
10006804:	100080ec 	.word	0x100080ec
10006808:	ff4500ba 	.word	0xff4500ba
1000680c:	0007fffc 	.word	0x0007fffc
10006810:	18103408 	.word	0x18103408
10006814:	18103800 	.word	0x18103800
10006818:	0001000e 	.word	0x0001000e
1000681c:	18002024 	.word	0x18002024
10006820:	00010008 	.word	0x00010008
10006824:	0001001e 	.word	0x0001001e
10006828:	0001001f 	.word	0x0001001f
1000682c:	0001000f 	.word	0x0001000f
10006830:	00008508 	.word	0x00008508
10006834:	1003f820 	.word	0x1003f820
10006838:	00021006 	.word	0x00021006
1000683c:	1000806c 	.word	0x1000806c
10006840:	10008078 	.word	0x10008078
10006844:	1000819c 	.word	0x1000819c
10006848:	10008140 	.word	0x10008140
1000684c:	2318      	movs	r3, #24
1000684e:	2101      	movs	r1, #1
10006850:	0020      	movs	r0, r4
10006852:	4a5a      	ldr	r2, [pc, #360]	@ (100069bc <cyw43_ll_bus_init+0x8b8>)
10006854:	f7fe fb36 	bl	10004ec4 <cyw43_write_reg_u8>
10006858:	68a3      	ldr	r3, [r4, #8]
1000685a:	4073      	eors	r3, r6
1000685c:	e546      	b.n	100062ec <cyw43_ll_bus_init+0x1e8>
1000685e:	23c0      	movs	r3, #192	@ 0xc0
10006860:	2101      	movs	r1, #1
10006862:	0020      	movs	r0, r4
10006864:	4a56      	ldr	r2, [pc, #344]	@ (100069c0 <cyw43_ll_bus_init+0x8bc>)
10006866:	035b      	lsls	r3, r3, #13
10006868:	f7fe fb2c 	bl	10004ec4 <cyw43_write_reg_u8>
1000686c:	e525      	b.n	100062ba <cyw43_ll_bus_init+0x1b6>
1000686e:	23c0      	movs	r3, #192	@ 0xc0
10006870:	4a54      	ldr	r2, [pc, #336]	@ (100069c4 <cyw43_ll_bus_init+0x8c0>)
10006872:	015b      	lsls	r3, r3, #5
10006874:	2101      	movs	r1, #1
10006876:	0020      	movs	r0, r4
10006878:	f7fe fb24 	bl	10004ec4 <cyw43_write_reg_u8>
1000687c:	23c0      	movs	r3, #192	@ 0xc0
1000687e:	68a2      	ldr	r2, [r4, #8]
10006880:	055b      	lsls	r3, r3, #21
10006882:	4053      	eors	r3, r2
10006884:	e514      	b.n	100062b0 <cyw43_ll_bus_init+0x1ac>
10006886:	2318      	movs	r3, #24
10006888:	2101      	movs	r1, #1
1000688a:	0020      	movs	r0, r4
1000688c:	4a4b      	ldr	r2, [pc, #300]	@ (100069bc <cyw43_ll_bus_init+0x8b8>)
1000688e:	f7fe fb19 	bl	10004ec4 <cyw43_write_reg_u8>
10006892:	68a3      	ldr	r3, [r4, #8]
10006894:	406b      	eors	r3, r5
10006896:	e506      	b.n	100062a6 <cyw43_ll_bus_init+0x1a2>
10006898:	23c0      	movs	r3, #192	@ 0xc0
1000689a:	2101      	movs	r1, #1
1000689c:	0020      	movs	r0, r4
1000689e:	4a48      	ldr	r2, [pc, #288]	@ (100069c0 <cyw43_ll_bus_init+0x8bc>)
100068a0:	035b      	lsls	r3, r3, #13
100068a2:	f7fe fb0f 	bl	10004ec4 <cyw43_write_reg_u8>
100068a6:	e52b      	b.n	10006300 <cyw43_ll_bus_init+0x1fc>
100068a8:	23c0      	movs	r3, #192	@ 0xc0
100068aa:	4a46      	ldr	r2, [pc, #280]	@ (100069c4 <cyw43_ll_bus_init+0x8c0>)
100068ac:	015b      	lsls	r3, r3, #5
100068ae:	2101      	movs	r1, #1
100068b0:	0020      	movs	r0, r4
100068b2:	f7fe fb07 	bl	10004ec4 <cyw43_write_reg_u8>
100068b6:	23c0      	movs	r3, #192	@ 0xc0
100068b8:	68a2      	ldr	r2, [r4, #8]
100068ba:	055b      	lsls	r3, r3, #21
100068bc:	4053      	eors	r3, r2
100068be:	e51a      	b.n	100062f6 <cyw43_ll_bus_init+0x1f2>
100068c0:	4841      	ldr	r0, [pc, #260]	@ (100069c8 <cyw43_ll_bus_init+0x8c4>)
100068c2:	f7fd fb11 	bl	10003ee8 <__wrap_puts>
100068c6:	e73a      	b.n	1000673e <cyw43_ll_bus_init+0x63a>
100068c8:	2301      	movs	r3, #1
100068ca:	b2c0      	uxtb	r0, r0
100068cc:	4303      	orrs	r3, r0
100068ce:	2101      	movs	r1, #1
100068d0:	0020      	movs	r0, r4
100068d2:	4a3e      	ldr	r2, [pc, #248]	@ (100069cc <cyw43_ll_bus_init+0x8c8>)
100068d4:	f7fe faf6 	bl	10004ec4 <cyw43_write_reg_u8>
100068d8:	e672      	b.n	100065c0 <cyw43_ll_bus_init+0x4bc>
100068da:	b283      	uxth	r3, r0
100068dc:	2204      	movs	r2, #4
100068de:	2100      	movs	r1, #0
100068e0:	0020      	movs	r0, r4
100068e2:	f7fe f9e5 	bl	10004cb0 <cyw43_write_reg_u16>
100068e6:	e684      	b.n	100065f2 <cyw43_ll_bus_init+0x4ee>
100068e8:	4642      	mov	r2, r8
100068ea:	4643      	mov	r3, r8
100068ec:	6cd2      	ldr	r2, [r2, #76]	@ 0x4c
100068ee:	334c      	adds	r3, #76	@ 0x4c
100068f0:	9206      	str	r2, [sp, #24]
100068f2:	889b      	ldrh	r3, [r3, #4]
100068f4:	ae06      	add	r6, sp, #24
100068f6:	af04      	add	r7, sp, #16
100068f8:	0039      	movs	r1, r7
100068fa:	0020      	movs	r0, r4
100068fc:	80b3      	strh	r3, [r6, #4]
100068fe:	f7ff fbc5 	bl	1000608c <cyw43_ll_wifi_get_mac>
10006902:	2800      	cmp	r0, #0
10006904:	d109      	bne.n	1000691a <cyw43_ll_bus_init+0x816>
10006906:	9a04      	ldr	r2, [sp, #16]
10006908:	9b06      	ldr	r3, [sp, #24]
1000690a:	429a      	cmp	r2, r3
1000690c:	d000      	beq.n	10006910 <cyw43_ll_bus_init+0x80c>
1000690e:	e421      	b.n	10006154 <cyw43_ll_bus_init+0x50>
10006910:	88ba      	ldrh	r2, [r7, #4]
10006912:	88b3      	ldrh	r3, [r6, #4]
10006914:	429a      	cmp	r2, r3
10006916:	d000      	beq.n	1000691a <cyw43_ll_bus_init+0x816>
10006918:	e41c      	b.n	10006154 <cyw43_ll_bus_init+0x50>
1000691a:	0039      	movs	r1, r7
1000691c:	2000      	movs	r0, #0
1000691e:	f000 fe25 	bl	1000756c <cyw43_hal_generate_laa_mac>
10006922:	e719      	b.n	10006758 <cyw43_ll_bus_init+0x654>
10006924:	23c0      	movs	r3, #192	@ 0xc0
10006926:	4a27      	ldr	r2, [pc, #156]	@ (100069c4 <cyw43_ll_bus_init+0x8c0>)
10006928:	015b      	lsls	r3, r3, #5
1000692a:	2101      	movs	r1, #1
1000692c:	0020      	movs	r0, r4
1000692e:	f7fe fac9 	bl	10004ec4 <cyw43_write_reg_u8>
10006932:	23c0      	movs	r3, #192	@ 0xc0
10006934:	68a2      	ldr	r2, [r4, #8]
10006936:	055b      	lsls	r3, r3, #21
10006938:	4053      	eors	r3, r2
1000693a:	e687      	b.n	1000664c <cyw43_ll_bus_init+0x548>
1000693c:	2318      	movs	r3, #24
1000693e:	2101      	movs	r1, #1
10006940:	0020      	movs	r0, r4
10006942:	4a1e      	ldr	r2, [pc, #120]	@ (100069bc <cyw43_ll_bus_init+0x8b8>)
10006944:	f7fe fabe 	bl	10004ec4 <cyw43_write_reg_u8>
10006948:	68a3      	ldr	r3, [r4, #8]
1000694a:	4073      	eors	r3, r6
1000694c:	e679      	b.n	10006642 <cyw43_ll_bus_init+0x53e>
1000694e:	23c0      	movs	r3, #192	@ 0xc0
10006950:	2101      	movs	r1, #1
10006952:	0020      	movs	r0, r4
10006954:	4a1a      	ldr	r2, [pc, #104]	@ (100069c0 <cyw43_ll_bus_init+0x8bc>)
10006956:	035b      	lsls	r3, r3, #13
10006958:	f7fe fab4 	bl	10004ec4 <cyw43_write_reg_u8>
1000695c:	e67b      	b.n	10006656 <cyw43_ll_bus_init+0x552>
1000695e:	23c0      	movs	r3, #192	@ 0xc0
10006960:	2101      	movs	r1, #1
10006962:	0020      	movs	r0, r4
10006964:	4a16      	ldr	r2, [pc, #88]	@ (100069c0 <cyw43_ll_bus_init+0x8bc>)
10006966:	035b      	lsls	r3, r3, #13
10006968:	f7fe faac 	bl	10004ec4 <cyw43_write_reg_u8>
1000696c:	e656      	b.n	1000661c <cyw43_ll_bus_init+0x518>
1000696e:	23c0      	movs	r3, #192	@ 0xc0
10006970:	4a14      	ldr	r2, [pc, #80]	@ (100069c4 <cyw43_ll_bus_init+0x8c0>)
10006972:	015b      	lsls	r3, r3, #5
10006974:	2101      	movs	r1, #1
10006976:	0020      	movs	r0, r4
10006978:	f7fe faa4 	bl	10004ec4 <cyw43_write_reg_u8>
1000697c:	23c0      	movs	r3, #192	@ 0xc0
1000697e:	68a2      	ldr	r2, [r4, #8]
10006980:	055b      	lsls	r3, r3, #21
10006982:	4053      	eors	r3, r2
10006984:	e645      	b.n	10006612 <cyw43_ll_bus_init+0x50e>
10006986:	2318      	movs	r3, #24
10006988:	2101      	movs	r1, #1
1000698a:	0020      	movs	r0, r4
1000698c:	4a0b      	ldr	r2, [pc, #44]	@ (100069bc <cyw43_ll_bus_init+0x8b8>)
1000698e:	f7fe fa99 	bl	10004ec4 <cyw43_write_reg_u8>
10006992:	68a3      	ldr	r3, [r4, #8]
10006994:	4073      	eors	r3, r6
10006996:	e637      	b.n	10006608 <cyw43_ll_bus_init+0x504>
10006998:	480d      	ldr	r0, [pc, #52]	@ (100069d0 <cyw43_ll_bus_init+0x8cc>)
1000699a:	f7fd faa5 	bl	10003ee8 <__wrap_puts>
1000699e:	f7ff fbd7 	bl	10006150 <cyw43_ll_bus_init+0x4c>
100069a2:	480c      	ldr	r0, [pc, #48]	@ (100069d4 <cyw43_ll_bus_init+0x8d0>)
100069a4:	f7fd faa0 	bl	10003ee8 <__wrap_puts>
100069a8:	f7ff fbd2 	bl	10006150 <cyw43_ll_bus_init+0x4c>
100069ac:	480a      	ldr	r0, [pc, #40]	@ (100069d8 <cyw43_ll_bus_init+0x8d4>)
100069ae:	f7fd fa9b 	bl	10003ee8 <__wrap_puts>
100069b2:	e463      	b.n	1000627c <cyw43_ll_bus_init+0x178>
100069b4:	4808      	ldr	r0, [pc, #32]	@ (100069d8 <cyw43_ll_bus_init+0x8d4>)
100069b6:	f7fd fa97 	bl	10003ee8 <__wrap_puts>
100069ba:	e4a7      	b.n	1000630c <cyw43_ll_bus_init+0x208>
100069bc:	0001000c 	.word	0x0001000c
100069c0:	0001000a 	.word	0x0001000a
100069c4:	0001000b 	.word	0x0001000b
100069c8:	10008184 	.word	0x10008184
100069cc:	0001001f 	.word	0x0001001f
100069d0:	10008154 	.word	0x10008154
100069d4:	1000816c 	.word	0x1000816c
100069d8:	10008050 	.word	0x10008050

100069dc <cyw43_ll_wifi_set_wpa_auth>:
100069dc:	2204      	movs	r2, #4
100069de:	b510      	push	{r4, lr}
100069e0:	8a03      	ldrh	r3, [r0, #16]
100069e2:	b082      	sub	sp, #8
100069e4:	3301      	adds	r3, #1
100069e6:	b29b      	uxth	r3, r3
100069e8:	6442      	str	r2, [r0, #68]	@ 0x44
100069ea:	8203      	strh	r3, [r0, #16]
100069ec:	6382      	str	r2, [r0, #56]	@ 0x38
100069ee:	041b      	lsls	r3, r3, #16
100069f0:	3a02      	subs	r2, #2
100069f2:	4313      	orrs	r3, r2
100069f4:	63c3      	str	r3, [r0, #60]	@ 0x3c
100069f6:	2300      	movs	r3, #0
100069f8:	21a5      	movs	r1, #165	@ 0xa5
100069fa:	6403      	str	r3, [r0, #64]	@ 0x40
100069fc:	0003      	movs	r3, r0
100069fe:	6341      	str	r1, [r0, #52]	@ 0x34
10006a00:	3328      	adds	r3, #40	@ 0x28
10006a02:	2100      	movs	r1, #0
10006a04:	3212      	adds	r2, #18
10006a06:	0004      	movs	r4, r0
10006a08:	f7fe fe38 	bl	1000567c <cyw43_sdpcm_send_common>
10006a0c:	2800      	cmp	r0, #0
10006a0e:	d108      	bne.n	10006a22 <cyw43_ll_wifi_set_wpa_auth+0x46>
10006a10:	0023      	movs	r3, r4
10006a12:	3344      	adds	r3, #68	@ 0x44
10006a14:	9300      	str	r3, [sp, #0]
10006a16:	22a5      	movs	r2, #165	@ 0xa5
10006a18:	2304      	movs	r3, #4
10006a1a:	2102      	movs	r1, #2
10006a1c:	0020      	movs	r0, r4
10006a1e:	f7fe feab 	bl	10005778 <cyw43_do_ioctl.part.0>
10006a22:	b002      	add	sp, #8
10006a24:	bd10      	pop	{r4, pc}
10006a26:	46c0      	nop			@ (mov r8, r8)

10006a28 <cyw43_ll_wifi_rejoin>:
10006a28:	221a      	movs	r2, #26
10006a2a:	b530      	push	{r4, r5, lr}
10006a2c:	4b13      	ldr	r3, [pc, #76]	@ (10006a7c <cyw43_ll_wifi_rejoin+0x54>)
10006a2e:	b083      	sub	sp, #12
10006a30:	18c5      	adds	r5, r0, r3
10006a32:	8a03      	ldrh	r3, [r0, #16]
10006a34:	6342      	str	r2, [r0, #52]	@ 0x34
10006a36:	3301      	adds	r3, #1
10006a38:	b29b      	uxth	r3, r3
10006a3a:	320a      	adds	r2, #10
10006a3c:	8203      	strh	r3, [r0, #16]
10006a3e:	6382      	str	r2, [r0, #56]	@ 0x38
10006a40:	041b      	lsls	r3, r3, #16
10006a42:	3a22      	subs	r2, #34	@ 0x22
10006a44:	4313      	orrs	r3, r2
10006a46:	63c3      	str	r3, [r0, #60]	@ 0x3c
10006a48:	2300      	movs	r3, #0
10006a4a:	0004      	movs	r4, r0
10006a4c:	6403      	str	r3, [r0, #64]	@ 0x40
10006a4e:	0029      	movs	r1, r5
10006a50:	3222      	adds	r2, #34	@ 0x22
10006a52:	3044      	adds	r0, #68	@ 0x44
10006a54:	f7fb fc52 	bl	100022fc <__wrap___aeabi_memcpy>
10006a58:	0023      	movs	r3, r4
10006a5a:	2234      	movs	r2, #52	@ 0x34
10006a5c:	2100      	movs	r1, #0
10006a5e:	0020      	movs	r0, r4
10006a60:	3328      	adds	r3, #40	@ 0x28
10006a62:	f7fe fe0b 	bl	1000567c <cyw43_sdpcm_send_common>
10006a66:	2800      	cmp	r0, #0
10006a68:	d106      	bne.n	10006a78 <cyw43_ll_wifi_rejoin+0x50>
10006a6a:	2324      	movs	r3, #36	@ 0x24
10006a6c:	221a      	movs	r2, #26
10006a6e:	2102      	movs	r1, #2
10006a70:	0020      	movs	r0, r4
10006a72:	9500      	str	r5, [sp, #0]
10006a74:	f7fe fe80 	bl	10005778 <cyw43_do_ioctl.part.0>
10006a78:	b003      	add	sp, #12
10006a7a:	bd30      	pop	{r4, r5, pc}
10006a7c:	00000828 	.word	0x00000828

10006a80 <cyw43_ll_gpio_set>:
10006a80:	b5f0      	push	{r4, r5, r6, r7, lr}
10006a82:	0004      	movs	r4, r0
10006a84:	b083      	sub	sp, #12
10006a86:	2902      	cmp	r1, #2
10006a88:	d83f      	bhi.n	10006b0a <cyw43_ll_gpio_set+0x8a>
10006a8a:	0006      	movs	r6, r0
10006a8c:	1e53      	subs	r3, r2, #1
10006a8e:	419a      	sbcs	r2, r3
10006a90:	2701      	movs	r7, #1
10006a92:	3644      	adds	r6, #68	@ 0x44
10006a94:	408f      	lsls	r7, r1
10006a96:	4255      	negs	r5, r2
10006a98:	491d      	ldr	r1, [pc, #116]	@ (10006b10 <cyw43_ll_gpio_set+0x90>)
10006a9a:	2208      	movs	r2, #8
10006a9c:	0030      	movs	r0, r6
10006a9e:	f7fb fc2d 	bl	100022fc <__wrap___aeabi_memcpy>
10006aa2:	234c      	movs	r3, #76	@ 0x4c
10006aa4:	2200      	movs	r2, #0
10006aa6:	2110      	movs	r1, #16
10006aa8:	b2ff      	uxtb	r7, r7
10006aaa:	54e7      	strb	r7, [r4, r3]
10006aac:	3301      	adds	r3, #1
10006aae:	54e2      	strb	r2, [r4, r3]
10006ab0:	3301      	adds	r3, #1
10006ab2:	54e2      	strb	r2, [r4, r3]
10006ab4:	3301      	adds	r3, #1
10006ab6:	54e2      	strb	r2, [r4, r3]
10006ab8:	403d      	ands	r5, r7
10006aba:	3301      	adds	r3, #1
10006abc:	54e5      	strb	r5, [r4, r3]
10006abe:	3301      	adds	r3, #1
10006ac0:	54e2      	strb	r2, [r4, r3]
10006ac2:	3301      	adds	r3, #1
10006ac4:	54e2      	strb	r2, [r4, r3]
10006ac6:	3301      	adds	r3, #1
10006ac8:	54e2      	strb	r2, [r4, r3]
10006aca:	8a23      	ldrh	r3, [r4, #16]
10006acc:	63a1      	str	r1, [r4, #56]	@ 0x38
10006ace:	3301      	adds	r3, #1
10006ad0:	b29b      	uxth	r3, r3
10006ad2:	390e      	subs	r1, #14
10006ad4:	8223      	strh	r3, [r4, #16]
10006ad6:	041b      	lsls	r3, r3, #16
10006ad8:	430b      	orrs	r3, r1
10006ada:	2508      	movs	r5, #8
10006adc:	63e3      	str	r3, [r4, #60]	@ 0x3c
10006ade:	0023      	movs	r3, r4
10006ae0:	35ff      	adds	r5, #255	@ 0xff
10006ae2:	6422      	str	r2, [r4, #64]	@ 0x40
10006ae4:	2100      	movs	r1, #0
10006ae6:	0020      	movs	r0, r4
10006ae8:	6365      	str	r5, [r4, #52]	@ 0x34
10006aea:	3328      	adds	r3, #40	@ 0x28
10006aec:	3220      	adds	r2, #32
10006aee:	f7fe fdc5 	bl	1000567c <cyw43_sdpcm_send_common>
10006af2:	2800      	cmp	r0, #0
10006af4:	d106      	bne.n	10006b04 <cyw43_ll_gpio_set+0x84>
10006af6:	2310      	movs	r3, #16
10006af8:	002a      	movs	r2, r5
10006afa:	2102      	movs	r1, #2
10006afc:	0020      	movs	r0, r4
10006afe:	9600      	str	r6, [sp, #0]
10006b00:	f7fe fe3a 	bl	10005778 <cyw43_do_ioctl.part.0>
10006b04:	2000      	movs	r0, #0
10006b06:	b003      	add	sp, #12
10006b08:	bdf0      	pop	{r4, r5, r6, r7, pc}
10006b0a:	2001      	movs	r0, #1
10006b0c:	4240      	negs	r0, r0
10006b0e:	e7fa      	b.n	10006b06 <cyw43_ll_gpio_set+0x86>
10006b10:	100081ac 	.word	0x100081ac

10006b14 <cyw43_ll_has_work>:
10006b14:	b510      	push	{r4, lr}
10006b16:	6800      	ldr	r0, [r0, #0]
10006b18:	f000 f8e4 	bl	10006ce4 <cyw43_cb_read_host_interrupt_pin>
10006b1c:	3801      	subs	r0, #1
10006b1e:	4243      	negs	r3, r0
10006b20:	4158      	adcs	r0, r3
10006b22:	b2c0      	uxtb	r0, r0
10006b24:	bd10      	pop	{r4, pc}
10006b26:	46c0      	nop			@ (mov r8, r8)

10006b28 <cyw43_poll_func>:
10006b28:	b510      	push	{r4, lr}
10006b2a:	4b28      	ldr	r3, [pc, #160]	@ (10006bcc <cyw43_poll_func+0xa4>)
10006b2c:	b082      	sub	sp, #8
10006b2e:	681b      	ldr	r3, [r3, #0]
10006b30:	2b00      	cmp	r3, #0
10006b32:	d017      	beq.n	10006b64 <cyw43_poll_func+0x3c>
10006b34:	4c26      	ldr	r4, [pc, #152]	@ (10006bd0 <cyw43_poll_func+0xa8>)
10006b36:	0020      	movs	r0, r4
10006b38:	f7ff ffec 	bl	10006b14 <cyw43_ll_has_work>
10006b3c:	2800      	cmp	r0, #0
10006b3e:	d13c      	bne.n	10006bba <cyw43_poll_func+0x92>
10006b40:	4b24      	ldr	r3, [pc, #144]	@ (10006bd4 <cyw43_poll_func+0xac>)
10006b42:	5ce2      	ldrb	r2, [r4, r3]
10006b44:	2a00      	cmp	r2, #0
10006b46:	d12b      	bne.n	10006ba0 <cyw43_poll_func+0x78>
10006b48:	4b23      	ldr	r3, [pc, #140]	@ (10006bd8 <cyw43_poll_func+0xb0>)
10006b4a:	5ce2      	ldrb	r2, [r4, r3]
10006b4c:	2a00      	cmp	r2, #0
10006b4e:	d11d      	bne.n	10006b8c <cyw43_poll_func+0x64>
10006b50:	4b22      	ldr	r3, [pc, #136]	@ (10006bdc <cyw43_poll_func+0xb4>)
10006b52:	5ce2      	ldrb	r2, [r4, r3]
10006b54:	2a00      	cmp	r2, #0
10006b56:	d10c      	bne.n	10006b72 <cyw43_poll_func+0x4a>
10006b58:	4b21      	ldr	r3, [pc, #132]	@ (10006be0 <cyw43_poll_func+0xb8>)
10006b5a:	681b      	ldr	r3, [r3, #0]
10006b5c:	2b00      	cmp	r3, #0
10006b5e:	d003      	beq.n	10006b68 <cyw43_poll_func+0x40>
10006b60:	f000 fcae 	bl	100074c0 <cyw43_post_poll_hook>
10006b64:	b002      	add	sp, #8
10006b66:	bd10      	pop	{r4, pc}
10006b68:	2101      	movs	r1, #1
10006b6a:	0020      	movs	r0, r4
10006b6c:	f7ff fa74 	bl	10006058 <cyw43_ll_bus_sleep>
10006b70:	e7f6      	b.n	10006b60 <cyw43_poll_func+0x38>
10006b72:	2200      	movs	r2, #0
10006b74:	0020      	movs	r0, r4
10006b76:	54e2      	strb	r2, [r4, r3]
10006b78:	f7ff ff56 	bl	10006a28 <cyw43_ll_wifi_rejoin>
10006b7c:	2201      	movs	r2, #1
10006b7e:	4b19      	ldr	r3, [pc, #100]	@ (10006be4 <cyw43_poll_func+0xbc>)
10006b80:	50e2      	str	r2, [r4, r3]
10006b82:	4b17      	ldr	r3, [pc, #92]	@ (10006be0 <cyw43_poll_func+0xb8>)
10006b84:	681b      	ldr	r3, [r3, #0]
10006b86:	2b00      	cmp	r3, #0
10006b88:	d1ea      	bne.n	10006b60 <cyw43_poll_func+0x38>
10006b8a:	e7ed      	b.n	10006b68 <cyw43_poll_func+0x40>
10006b8c:	2200      	movs	r2, #0
10006b8e:	0020      	movs	r0, r4
10006b90:	54e2      	strb	r2, [r4, r3]
10006b92:	f7ff ff23 	bl	100069dc <cyw43_ll_wifi_set_wpa_auth>
10006b96:	4b11      	ldr	r3, [pc, #68]	@ (10006bdc <cyw43_poll_func+0xb4>)
10006b98:	5ce2      	ldrb	r2, [r4, r3]
10006b9a:	2a00      	cmp	r2, #0
10006b9c:	d0dc      	beq.n	10006b58 <cyw43_poll_func+0x30>
10006b9e:	e7e8      	b.n	10006b72 <cyw43_poll_func+0x4a>
10006ba0:	2200      	movs	r2, #0
10006ba2:	2169      	movs	r1, #105	@ 0x69
10006ba4:	54e2      	strb	r2, [r4, r3]
10006ba6:	0020      	movs	r0, r4
10006ba8:	2300      	movs	r3, #0
10006baa:	9200      	str	r2, [sp, #0]
10006bac:	f7ff fa14 	bl	10005fd8 <cyw43_ll_ioctl>
10006bb0:	4b09      	ldr	r3, [pc, #36]	@ (10006bd8 <cyw43_poll_func+0xb0>)
10006bb2:	5ce2      	ldrb	r2, [r4, r3]
10006bb4:	2a00      	cmp	r2, #0
10006bb6:	d0cb      	beq.n	10006b50 <cyw43_poll_func+0x28>
10006bb8:	e7e8      	b.n	10006b8c <cyw43_poll_func+0x64>
10006bba:	0020      	movs	r0, r4
10006bbc:	f7ff f9e2 	bl	10005f84 <cyw43_ll_process_packets>
10006bc0:	4b04      	ldr	r3, [pc, #16]	@ (10006bd4 <cyw43_poll_func+0xac>)
10006bc2:	5ce2      	ldrb	r2, [r4, r3]
10006bc4:	2a00      	cmp	r2, #0
10006bc6:	d0bf      	beq.n	10006b48 <cyw43_poll_func+0x20>
10006bc8:	e7ea      	b.n	10006ba0 <cyw43_poll_func+0x78>
10006bca:	46c0      	nop			@ (mov r8, r8)
10006bcc:	20000a00 	.word	0x20000a00
10006bd0:	20000a08 	.word	0x20000a08
10006bd4:	00000869 	.word	0x00000869
10006bd8:	0000086b 	.word	0x0000086b
10006bdc:	0000086a 	.word	0x0000086a
10006be0:	20000a04 	.word	0x20000a04
10006be4:	0000085c 	.word	0x0000085c

10006be8 <cyw43_init>:
10006be8:	b570      	push	{r4, r5, r6, lr}
10006bea:	2380      	movs	r3, #128	@ 0x80
10006bec:	25d0      	movs	r5, #208	@ 0xd0
10006bee:	2680      	movs	r6, #128	@ 0x80
10006bf0:	0004      	movs	r4, r0
10006bf2:	062d      	lsls	r5, r5, #24
10006bf4:	045b      	lsls	r3, r3, #17
10006bf6:	62ab      	str	r3, [r5, #40]	@ 0x28
10006bf8:	0436      	lsls	r6, r6, #16
10006bfa:	2200      	movs	r2, #0
10006bfc:	2100      	movs	r1, #0
10006bfe:	2018      	movs	r0, #24
10006c00:	f7f9 fb9a 	bl	10000338 <gpio_set_pulls>
10006c04:	626e      	str	r6, [r5, #36]	@ 0x24
10006c06:	2200      	movs	r2, #0
10006c08:	2100      	movs	r1, #0
10006c0a:	2017      	movs	r0, #23
10006c0c:	f7f9 fb94 	bl	10000338 <gpio_set_pulls>
10006c10:	61ae      	str	r6, [r5, #24]
10006c12:	0021      	movs	r1, r4
10006c14:	0020      	movs	r0, r4
10006c16:	f7ff f9a3 	bl	10005f60 <cyw43_ll_init>
10006c1a:	2285      	movs	r2, #133	@ 0x85
10006c1c:	2300      	movs	r3, #0
10006c1e:	2103      	movs	r1, #3
10006c20:	0112      	lsls	r2, r2, #4
10006c22:	54a3      	strb	r3, [r4, r2]
10006c24:	4a06      	ldr	r2, [pc, #24]	@ (10006c40 <cyw43_init+0x58>)
10006c26:	50a3      	str	r3, [r4, r2]
10006c28:	4a06      	ldr	r2, [pc, #24]	@ (10006c44 <cyw43_init+0x5c>)
10006c2a:	50a3      	str	r3, [r4, r2]
10006c2c:	3214      	adds	r2, #20
10006c2e:	52a1      	strh	r1, [r4, r2]
10006c30:	4a05      	ldr	r2, [pc, #20]	@ (10006c48 <cyw43_init+0x60>)
10006c32:	54a3      	strb	r3, [r4, r2]
10006c34:	4a05      	ldr	r2, [pc, #20]	@ (10006c4c <cyw43_init+0x64>)
10006c36:	6013      	str	r3, [r2, #0]
10006c38:	2201      	movs	r2, #1
10006c3a:	4b05      	ldr	r3, [pc, #20]	@ (10006c50 <cyw43_init+0x68>)
10006c3c:	50e2      	str	r2, [r4, r3]
10006c3e:	bd70      	pop	{r4, r5, r6, pc}
10006c40:	00000858 	.word	0x00000858
10006c44:	0000085c 	.word	0x0000085c
10006c48:	00000872 	.word	0x00000872
10006c4c:	20000a00 	.word	0x20000a00
10006c50:	00000868 	.word	0x00000868

10006c54 <cyw43_deinit>:
10006c54:	b5f8      	push	{r3, r4, r5, r6, r7, lr}
10006c56:	0004      	movs	r4, r0
10006c58:	f000 fc9c 	bl	10007594 <cyw43_thread_enter>
10006c5c:	4e1c      	ldr	r6, [pc, #112]	@ (10006cd0 <cyw43_deinit+0x7c>)
10006c5e:	6833      	ldr	r3, [r6, #0]
10006c60:	2b00      	cmp	r3, #0
10006c62:	d032      	beq.n	10006cca <cyw43_deinit+0x76>
10006c64:	2100      	movs	r1, #0
10006c66:	0020      	movs	r0, r4
10006c68:	f000 fcf8 	bl	1000765c <cyw43_cb_tcpip_deinit>
10006c6c:	2101      	movs	r1, #1
10006c6e:	0020      	movs	r0, r4
10006c70:	f000 fcf4 	bl	1000765c <cyw43_cb_tcpip_deinit>
10006c74:	0020      	movs	r0, r4
10006c76:	f7ff f981 	bl	10005f7c <cyw43_ll_deinit>
10006c7a:	25d0      	movs	r5, #208	@ 0xd0
10006c7c:	2380      	movs	r3, #128	@ 0x80
10006c7e:	2780      	movs	r7, #128	@ 0x80
10006c80:	045b      	lsls	r3, r3, #17
10006c82:	062d      	lsls	r5, r5, #24
10006c84:	62ab      	str	r3, [r5, #40]	@ 0x28
10006c86:	2200      	movs	r2, #0
10006c88:	2100      	movs	r1, #0
10006c8a:	2018      	movs	r0, #24
10006c8c:	043f      	lsls	r7, r7, #16
10006c8e:	f7f9 fb53 	bl	10000338 <gpio_set_pulls>
10006c92:	2200      	movs	r2, #0
10006c94:	2100      	movs	r1, #0
10006c96:	2017      	movs	r0, #23
10006c98:	626f      	str	r7, [r5, #36]	@ 0x24
10006c9a:	f7f9 fb4d 	bl	10000338 <gpio_set_pulls>
10006c9e:	0021      	movs	r1, r4
10006ca0:	0020      	movs	r0, r4
10006ca2:	61af      	str	r7, [r5, #24]
10006ca4:	f7ff f95c 	bl	10005f60 <cyw43_ll_init>
10006ca8:	2285      	movs	r2, #133	@ 0x85
10006caa:	2300      	movs	r3, #0
10006cac:	2103      	movs	r1, #3
10006cae:	0112      	lsls	r2, r2, #4
10006cb0:	54a3      	strb	r3, [r4, r2]
10006cb2:	4a08      	ldr	r2, [pc, #32]	@ (10006cd4 <cyw43_deinit+0x80>)
10006cb4:	6033      	str	r3, [r6, #0]
10006cb6:	50a3      	str	r3, [r4, r2]
10006cb8:	4a07      	ldr	r2, [pc, #28]	@ (10006cd8 <cyw43_deinit+0x84>)
10006cba:	50a3      	str	r3, [r4, r2]
10006cbc:	3214      	adds	r2, #20
10006cbe:	52a1      	strh	r1, [r4, r2]
10006cc0:	4a06      	ldr	r2, [pc, #24]	@ (10006cdc <cyw43_deinit+0x88>)
10006cc2:	54a3      	strb	r3, [r4, r2]
10006cc4:	2201      	movs	r2, #1
10006cc6:	4b06      	ldr	r3, [pc, #24]	@ (10006ce0 <cyw43_deinit+0x8c>)
10006cc8:	50e2      	str	r2, [r4, r3]
10006cca:	f000 fc6d 	bl	100075a8 <cyw43_thread_exit>
10006cce:	bdf8      	pop	{r3, r4, r5, r6, r7, pc}
10006cd0:	20000a00 	.word	0x20000a00
10006cd4:	00000858 	.word	0x00000858
10006cd8:	0000085c 	.word	0x0000085c
10006cdc:	00000872 	.word	0x00000872
10006ce0:	00000868 	.word	0x00000868

10006ce4 <cyw43_cb_read_host_interrupt_pin>:
10006ce4:	23d0      	movs	r3, #208	@ 0xd0
10006ce6:	061b      	lsls	r3, r3, #24
10006ce8:	6858      	ldr	r0, [r3, #4]
10006cea:	01c0      	lsls	r0, r0, #7
10006cec:	0fc0      	lsrs	r0, r0, #31
10006cee:	4770      	bx	lr

10006cf0 <cyw43_cb_ensure_awake>:
10006cf0:	2232      	movs	r2, #50	@ 0x32
10006cf2:	4b01      	ldr	r3, [pc, #4]	@ (10006cf8 <cyw43_cb_ensure_awake+0x8>)
10006cf4:	601a      	str	r2, [r3, #0]
10006cf6:	4770      	bx	lr
10006cf8:	20000a04 	.word	0x20000a04

10006cfc <cyw43_cb_process_async_event>:
10006cfc:	4b75      	ldr	r3, [pc, #468]	@ (10006ed4 <cyw43_cb_process_async_event+0x1d8>)
10006cfe:	b570      	push	{r4, r5, r6, lr}
10006d00:	58c3      	ldr	r3, [r0, r3]
10006d02:	0005      	movs	r5, r0
10006d04:	000c      	movs	r4, r1
10006d06:	07db      	lsls	r3, r3, #31
10006d08:	d412      	bmi.n	10006d30 <cyw43_cb_process_async_event+0x34>
10006d0a:	6863      	ldr	r3, [r4, #4]
10006d0c:	2b45      	cmp	r3, #69	@ 0x45
10006d0e:	d005      	beq.n	10006d1c <cyw43_cb_process_async_event+0x20>
10006d10:	2b31      	cmp	r3, #49	@ 0x31
10006d12:	d807      	bhi.n	10006d24 <cyw43_cb_process_async_event+0x28>
10006d14:	4a70      	ldr	r2, [pc, #448]	@ (10006ed8 <cyw43_cb_process_async_event+0x1dc>)
10006d16:	009b      	lsls	r3, r3, #2
10006d18:	58d3      	ldr	r3, [r2, r3]
10006d1a:	469f      	mov	pc, r3
10006d1c:	4a6f      	ldr	r2, [pc, #444]	@ (10006edc <cyw43_cb_process_async_event+0x1e0>)
10006d1e:	58ab      	ldr	r3, [r5, r2]
10006d20:	2b01      	cmp	r3, #1
10006d22:	d038      	beq.n	10006d96 <cyw43_cb_process_async_event+0x9a>
10006d24:	4b6e      	ldr	r3, [pc, #440]	@ (10006ee0 <cyw43_cb_process_async_event+0x1e4>)
10006d26:	58eb      	ldr	r3, [r5, r3]
10006d28:	4a6e      	ldr	r2, [pc, #440]	@ (10006ee4 <cyw43_cb_process_async_event+0x1e8>)
10006d2a:	4293      	cmp	r3, r2
10006d2c:	d025      	beq.n	10006d7a <cyw43_cb_process_async_event+0x7e>
10006d2e:	bd70      	pop	{r4, r5, r6, pc}
10006d30:	f7fa fc06 	bl	10001540 <time_us_64>
10006d34:	2900      	cmp	r1, #0
10006d36:	d028      	beq.n	10006d8a <cyw43_cb_process_async_event+0x8e>
10006d38:	22fa      	movs	r2, #250	@ 0xfa
10006d3a:	2300      	movs	r3, #0
10006d3c:	0092      	lsls	r2, r2, #2
10006d3e:	f7fa ff45 	bl	10001bcc <__wrap___aeabi_uldivmod>
10006d42:	0001      	movs	r1, r0
10006d44:	4b68      	ldr	r3, [pc, #416]	@ (10006ee8 <cyw43_cb_process_async_event+0x1ec>)
10006d46:	8862      	ldrh	r2, [r4, #2]
10006d48:	0018      	movs	r0, r3
10006d4a:	f7fd f951 	bl	10003ff0 <__wrap_printf>
10006d4e:	6861      	ldr	r1, [r4, #4]
10006d50:	2958      	cmp	r1, #88	@ 0x58
10006d52:	d900      	bls.n	10006d56 <cyw43_cb_process_async_event+0x5a>
10006d54:	e08f      	b.n	10006e76 <cyw43_cb_process_async_event+0x17a>
10006d56:	4b65      	ldr	r3, [pc, #404]	@ (10006eec <cyw43_cb_process_async_event+0x1f0>)
10006d58:	008a      	lsls	r2, r1, #2
10006d5a:	58d3      	ldr	r3, [r2, r3]
10006d5c:	2b00      	cmp	r3, #0
10006d5e:	d100      	bne.n	10006d62 <cyw43_cb_process_async_event+0x66>
10006d60:	e089      	b.n	10006e76 <cyw43_cb_process_async_event+0x17a>
10006d62:	0019      	movs	r1, r3
10006d64:	4862      	ldr	r0, [pc, #392]	@ (10006ef0 <cyw43_cb_process_async_event+0x1f4>)
10006d66:	f7fd f943 	bl	10003ff0 <__wrap_printf>
10006d6a:	232e      	movs	r3, #46	@ 0x2e
10006d6c:	68e2      	ldr	r2, [r4, #12]
10006d6e:	5ce3      	ldrb	r3, [r4, r3]
10006d70:	68a1      	ldr	r1, [r4, #8]
10006d72:	4860      	ldr	r0, [pc, #384]	@ (10006ef4 <cyw43_cb_process_async_event+0x1f8>)
10006d74:	f7fd f93c 	bl	10003ff0 <__wrap_printf>
10006d78:	e7c7      	b.n	10006d0a <cyw43_cb_process_async_event+0xe>
10006d7a:	2201      	movs	r2, #1
10006d7c:	4b58      	ldr	r3, [pc, #352]	@ (10006ee0 <cyw43_cb_process_async_event+0x1e4>)
10006d7e:	2100      	movs	r1, #0
10006d80:	0028      	movs	r0, r5
10006d82:	50ea      	str	r2, [r5, r3]
10006d84:	f000 fc6c 	bl	10007660 <cyw43_cb_tcpip_set_link_up>
10006d88:	e7d1      	b.n	10006d2e <cyw43_cb_process_async_event+0x32>
10006d8a:	21fa      	movs	r1, #250	@ 0xfa
10006d8c:	0089      	lsls	r1, r1, #2
10006d8e:	f7fa fedf 	bl	10001b50 <__wrap___aeabi_uidiv>
10006d92:	0001      	movs	r1, r0
10006d94:	e7d6      	b.n	10006d44 <cyw43_cb_process_async_event+0x48>
10006d96:	68a1      	ldr	r1, [r4, #8]
10006d98:	2908      	cmp	r1, #8
10006d9a:	d077      	beq.n	10006e8c <cyw43_cb_process_async_event+0x190>
10006d9c:	4b50      	ldr	r3, [pc, #320]	@ (10006ee0 <cyw43_cb_process_async_event+0x1e4>)
10006d9e:	58eb      	ldr	r3, [r5, r3]
10006da0:	2900      	cmp	r1, #0
10006da2:	d1c1      	bne.n	10006d28 <cyw43_cb_process_async_event+0x2c>
10006da4:	3102      	adds	r1, #2
10006da6:	50a9      	str	r1, [r5, r2]
10006da8:	e7be      	b.n	10006d28 <cyw43_cb_process_async_event+0x2c>
10006daa:	2201      	movs	r2, #1
10006dac:	4b52      	ldr	r3, [pc, #328]	@ (10006ef8 <cyw43_cb_process_async_event+0x1fc>)
10006dae:	4853      	ldr	r0, [pc, #332]	@ (10006efc <cyw43_cb_process_async_event+0x200>)
10006db0:	52ea      	strh	r2, [r5, r3]
10006db2:	f000 fb8d 	bl	100074d0 <cyw43_schedule_internal_poll_dispatch>
10006db6:	e7b5      	b.n	10006d24 <cyw43_cb_process_async_event+0x28>
10006db8:	68a3      	ldr	r3, [r4, #8]
10006dba:	2b06      	cmp	r3, #6
10006dbc:	d071      	beq.n	10006ea2 <cyw43_cb_process_async_event+0x1a6>
10006dbe:	2b04      	cmp	r3, #4
10006dc0:	d003      	beq.n	10006dca <cyw43_cb_process_async_event+0xce>
10006dc2:	2202      	movs	r2, #2
10006dc4:	4393      	bics	r3, r2
10006dc6:	2b08      	cmp	r3, #8
10006dc8:	d15c      	bne.n	10006e84 <cyw43_cb_process_async_event+0x188>
10006dca:	68e3      	ldr	r3, [r4, #12]
10006dcc:	2b0f      	cmp	r3, #15
10006dce:	d159      	bne.n	10006e84 <cyw43_cb_process_async_event+0x188>
10006dd0:	4b49      	ldr	r3, [pc, #292]	@ (10006ef8 <cyw43_cb_process_async_event+0x1fc>)
10006dd2:	e02b      	b.n	10006e2c <cyw43_cb_process_async_event+0x130>
10006dd4:	68a3      	ldr	r3, [r4, #8]
10006dd6:	2b00      	cmp	r3, #0
10006dd8:	d1a4      	bne.n	10006d24 <cyw43_cb_process_async_event+0x28>
10006dda:	68e3      	ldr	r3, [r4, #12]
10006ddc:	2b08      	cmp	r3, #8
10006dde:	d1a1      	bne.n	10006d24 <cyw43_cb_process_async_event+0x28>
10006de0:	2202      	movs	r2, #2
10006de2:	4b45      	ldr	r3, [pc, #276]	@ (10006ef8 <cyw43_cb_process_async_event+0x1fc>)
10006de4:	32ff      	adds	r2, #255	@ 0xff
10006de6:	e7e2      	b.n	10006dae <cyw43_cb_process_async_event+0xb2>
10006de8:	68a3      	ldr	r3, [r4, #8]
10006dea:	2b00      	cmp	r3, #0
10006dec:	d19a      	bne.n	10006d24 <cyw43_cb_process_async_event+0x28>
10006dee:	332e      	adds	r3, #46	@ 0x2e
10006df0:	5ce1      	ldrb	r1, [r4, r3]
10006df2:	8863      	ldrh	r3, [r4, #2]
10006df4:	07db      	lsls	r3, r3, #31
10006df6:	d561      	bpl.n	10006ebc <cyw43_cb_process_async_event+0x1c0>
10006df8:	2900      	cmp	r1, #0
10006dfa:	d165      	bne.n	10006ec8 <cyw43_cb_process_async_event+0x1cc>
10006dfc:	2380      	movs	r3, #128	@ 0x80
10006dfe:	4a38      	ldr	r2, [pc, #224]	@ (10006ee0 <cyw43_cb_process_async_event+0x1e4>)
10006e00:	00db      	lsls	r3, r3, #3
10006e02:	58a9      	ldr	r1, [r5, r2]
10006e04:	430b      	orrs	r3, r1
10006e06:	50ab      	str	r3, [r5, r2]
10006e08:	e78e      	b.n	10006d28 <cyw43_cb_process_async_event+0x2c>
10006e0a:	2100      	movs	r1, #0
10006e0c:	0028      	movs	r0, r5
10006e0e:	f000 fc2d 	bl	1000766c <cyw43_cb_tcpip_set_link_down>
10006e12:	2200      	movs	r2, #0
10006e14:	4b32      	ldr	r3, [pc, #200]	@ (10006ee0 <cyw43_cb_process_async_event+0x1e4>)
10006e16:	50ea      	str	r2, [r5, r3]
10006e18:	e789      	b.n	10006d2e <cyw43_cb_process_async_event+0x32>
10006e1a:	68a3      	ldr	r3, [r4, #8]
10006e1c:	2b00      	cmp	r3, #0
10006e1e:	d000      	beq.n	10006e22 <cyw43_cb_process_async_event+0x126>
10006e20:	e780      	b.n	10006d24 <cyw43_cb_process_async_event+0x28>
10006e22:	68e3      	ldr	r3, [r4, #12]
10006e24:	2b02      	cmp	r3, #2
10006e26:	d000      	beq.n	10006e2a <cyw43_cb_process_async_event+0x12e>
10006e28:	e77c      	b.n	10006d24 <cyw43_cb_process_async_event+0x28>
10006e2a:	4b35      	ldr	r3, [pc, #212]	@ (10006f00 <cyw43_cb_process_async_event+0x204>)
10006e2c:	2201      	movs	r2, #1
10006e2e:	4833      	ldr	r0, [pc, #204]	@ (10006efc <cyw43_cb_process_async_event+0x200>)
10006e30:	54ea      	strb	r2, [r5, r3]
10006e32:	f000 fb4d 	bl	100074d0 <cyw43_schedule_internal_poll_dispatch>
10006e36:	4b2a      	ldr	r3, [pc, #168]	@ (10006ee0 <cyw43_cb_process_async_event+0x1e4>)
10006e38:	58eb      	ldr	r3, [r5, r3]
10006e3a:	e775      	b.n	10006d28 <cyw43_cb_process_async_event+0x2c>
10006e3c:	68a3      	ldr	r3, [r4, #8]
10006e3e:	2b00      	cmp	r3, #0
10006e40:	d11d      	bne.n	10006e7e <cyw43_cb_process_async_event+0x182>
10006e42:	4b27      	ldr	r3, [pc, #156]	@ (10006ee0 <cyw43_cb_process_async_event+0x1e4>)
10006e44:	58ea      	ldr	r2, [r5, r3]
10006e46:	230f      	movs	r3, #15
10006e48:	0019      	movs	r1, r3
10006e4a:	4011      	ands	r1, r2
10006e4c:	2904      	cmp	r1, #4
10006e4e:	d102      	bne.n	10006e56 <cyw43_cb_process_async_event+0x15a>
10006e50:	439a      	bics	r2, r3
10006e52:	3b0e      	subs	r3, #14
10006e54:	431a      	orrs	r2, r3
10006e56:	2380      	movs	r3, #128	@ 0x80
10006e58:	009b      	lsls	r3, r3, #2
10006e5a:	4313      	orrs	r3, r2
10006e5c:	4a20      	ldr	r2, [pc, #128]	@ (10006ee0 <cyw43_cb_process_async_event+0x1e4>)
10006e5e:	50ab      	str	r3, [r5, r2]
10006e60:	e762      	b.n	10006d28 <cyw43_cb_process_async_event+0x2c>
10006e62:	68a3      	ldr	r3, [r4, #8]
10006e64:	2b00      	cmp	r3, #0
10006e66:	d100      	bne.n	10006e6a <cyw43_cb_process_async_event+0x16e>
10006e68:	e75c      	b.n	10006d24 <cyw43_cb_process_async_event+0x28>
10006e6a:	2b03      	cmp	r3, #3
10006e6c:	d020      	beq.n	10006eb0 <cyw43_cb_process_async_event+0x1b4>
10006e6e:	2202      	movs	r2, #2
10006e70:	4b1b      	ldr	r3, [pc, #108]	@ (10006ee0 <cyw43_cb_process_async_event+0x1e4>)
10006e72:	50ea      	str	r2, [r5, r3]
10006e74:	e75b      	b.n	10006d2e <cyw43_cb_process_async_event+0x32>
10006e76:	4823      	ldr	r0, [pc, #140]	@ (10006f04 <cyw43_cb_process_async_event+0x208>)
10006e78:	f7fd f8ba 	bl	10003ff0 <__wrap_printf>
10006e7c:	e775      	b.n	10006d6a <cyw43_cb_process_async_event+0x6e>
10006e7e:	2b06      	cmp	r3, #6
10006e80:	d100      	bne.n	10006e84 <cyw43_cb_process_async_event+0x188>
10006e82:	e74f      	b.n	10006d24 <cyw43_cb_process_async_event+0x28>
10006e84:	2204      	movs	r2, #4
10006e86:	4b16      	ldr	r3, [pc, #88]	@ (10006ee0 <cyw43_cb_process_async_event+0x1e4>)
10006e88:	50ea      	str	r2, [r5, r3]
10006e8a:	e750      	b.n	10006d2e <cyw43_cb_process_async_event+0x32>
10006e8c:	2386      	movs	r3, #134	@ 0x86
10006e8e:	0021      	movs	r1, r4
10006e90:	011b      	lsls	r3, r3, #4
10006e92:	58e8      	ldr	r0, [r5, r3]
10006e94:	4b1c      	ldr	r3, [pc, #112]	@ (10006f08 <cyw43_cb_process_async_event+0x20c>)
10006e96:	3130      	adds	r1, #48	@ 0x30
10006e98:	58eb      	ldr	r3, [r5, r3]
10006e9a:	4798      	blx	r3
10006e9c:	4b10      	ldr	r3, [pc, #64]	@ (10006ee0 <cyw43_cb_process_async_event+0x1e4>)
10006e9e:	58eb      	ldr	r3, [r5, r3]
10006ea0:	e742      	b.n	10006d28 <cyw43_cb_process_async_event+0x2c>
10006ea2:	2380      	movs	r3, #128	@ 0x80
10006ea4:	4a0e      	ldr	r2, [pc, #56]	@ (10006ee0 <cyw43_cb_process_async_event+0x1e4>)
10006ea6:	011b      	lsls	r3, r3, #4
10006ea8:	58a9      	ldr	r1, [r5, r2]
10006eaa:	430b      	orrs	r3, r1
10006eac:	50ab      	str	r3, [r5, r2]
10006eae:	e73b      	b.n	10006d28 <cyw43_cb_process_async_event+0x2c>
10006eb0:	68e2      	ldr	r2, [r4, #12]
10006eb2:	2a00      	cmp	r2, #0
10006eb4:	d1db      	bne.n	10006e6e <cyw43_cb_process_async_event+0x172>
10006eb6:	4a0a      	ldr	r2, [pc, #40]	@ (10006ee0 <cyw43_cb_process_async_event+0x1e4>)
10006eb8:	50ab      	str	r3, [r5, r2]
10006eba:	e738      	b.n	10006d2e <cyw43_cb_process_async_event+0x32>
10006ebc:	0028      	movs	r0, r5
10006ebe:	f000 fbd5 	bl	1000766c <cyw43_cb_tcpip_set_link_down>
10006ec2:	4b07      	ldr	r3, [pc, #28]	@ (10006ee0 <cyw43_cb_process_async_event+0x1e4>)
10006ec4:	58eb      	ldr	r3, [r5, r3]
10006ec6:	e72f      	b.n	10006d28 <cyw43_cb_process_async_event+0x2c>
10006ec8:	0028      	movs	r0, r5
10006eca:	f000 fbc9 	bl	10007660 <cyw43_cb_tcpip_set_link_up>
10006ece:	4b04      	ldr	r3, [pc, #16]	@ (10006ee0 <cyw43_cb_process_async_event+0x1e4>)
10006ed0:	58eb      	ldr	r3, [r5, r3]
10006ed2:	e729      	b.n	10006d28 <cyw43_cb_process_async_event+0x2c>
10006ed4:	00000854 	.word	0x00000854
10006ed8:	1003f894 	.word	0x1003f894
10006edc:	00000858 	.word	0x00000858
10006ee0:	0000085c 	.word	0x0000085c
10006ee4:	00000e01 	.word	0x00000e01
10006ee8:	100081b4 	.word	0x100081b4
10006eec:	1003f95c 	.word	0x1003f95c
10006ef0:	100081c8 	.word	0x100081c8
10006ef4:	100081d0 	.word	0x100081d0
10006ef8:	0000086a 	.word	0x0000086a
10006efc:	10006b29 	.word	0x10006b29
10006f00:	00000869 	.word	0x00000869
10006f04:	100081cc 	.word	0x100081cc
10006f08:	00000864 	.word	0x00000864

10006f0c <cyw43_gpio_set>:
10006f0c:	b5f8      	push	{r3, r4, r5, r6, r7, lr}
10006f0e:	4647      	mov	r7, r8
10006f10:	46ce      	mov	lr, r9
10006f12:	0004      	movs	r4, r0
10006f14:	b580      	push	{r7, lr}
10006f16:	000e      	movs	r6, r1
10006f18:	0017      	movs	r7, r2
10006f1a:	f000 fb3b 	bl	10007594 <cyw43_thread_enter>
10006f1e:	4b20      	ldr	r3, [pc, #128]	@ (10006fa0 <cyw43_gpio_set+0x94>)
10006f20:	2100      	movs	r1, #0
10006f22:	681d      	ldr	r5, [r3, #0]
10006f24:	4698      	mov	r8, r3
10006f26:	0020      	movs	r0, r4
10006f28:	2d00      	cmp	r5, #0
10006f2a:	d00e      	beq.n	10006f4a <cyw43_gpio_set+0x3e>
10006f2c:	f7ff f894 	bl	10006058 <cyw43_ll_bus_sleep>
10006f30:	003a      	movs	r2, r7
10006f32:	0031      	movs	r1, r6
10006f34:	0020      	movs	r0, r4
10006f36:	f7ff fda3 	bl	10006a80 <cyw43_ll_gpio_set>
10006f3a:	0005      	movs	r5, r0
10006f3c:	f000 fb34 	bl	100075a8 <cyw43_thread_exit>
10006f40:	0028      	movs	r0, r5
10006f42:	bcc0      	pop	{r6, r7}
10006f44:	46b9      	mov	r9, r7
10006f46:	46b0      	mov	r8, r6
10006f48:	bdf8      	pop	{r3, r4, r5, r6, r7, pc}
10006f4a:	f000 fb87 	bl	1000765c <cyw43_cb_tcpip_deinit>
10006f4e:	2101      	movs	r1, #1
10006f50:	0020      	movs	r0, r4
10006f52:	f000 fb83 	bl	1000765c <cyw43_cb_tcpip_deinit>
10006f56:	2385      	movs	r3, #133	@ 0x85
10006f58:	011b      	lsls	r3, r3, #4
10006f5a:	54e5      	strb	r5, [r4, r3]
10006f5c:	2380      	movs	r3, #128	@ 0x80
10006f5e:	25d0      	movs	r5, #208	@ 0xd0
10006f60:	041b      	lsls	r3, r3, #16
10006f62:	4699      	mov	r9, r3
10006f64:	062d      	lsls	r5, r5, #24
10006f66:	61ab      	str	r3, [r5, #24]
10006f68:	2014      	movs	r0, #20
10006f6a:	f000 fb55 	bl	10007618 <cyw43_delay_ms>
10006f6e:	464b      	mov	r3, r9
10006f70:	2032      	movs	r0, #50	@ 0x32
10006f72:	616b      	str	r3, [r5, #20]
10006f74:	f000 fb50 	bl	10007618 <cyw43_delay_ms>
10006f78:	2100      	movs	r1, #0
10006f7a:	0020      	movs	r0, r4
10006f7c:	f7ff f8c2 	bl	10006104 <cyw43_ll_bus_init>
10006f80:	1e05      	subs	r5, r0, #0
10006f82:	d1db      	bne.n	10006f3c <cyw43_gpio_set+0x30>
10006f84:	4b07      	ldr	r3, [pc, #28]	@ (10006fa4 <cyw43_gpio_set+0x98>)
10006f86:	0020      	movs	r0, r4
10006f88:	18e1      	adds	r1, r4, r3
10006f8a:	f7ff f87f 	bl	1000608c <cyw43_ll_wifi_get_mac>
10006f8e:	2232      	movs	r2, #50	@ 0x32
10006f90:	4b05      	ldr	r3, [pc, #20]	@ (10006fa8 <cyw43_gpio_set+0x9c>)
10006f92:	4806      	ldr	r0, [pc, #24]	@ (10006fac <cyw43_gpio_set+0xa0>)
10006f94:	601a      	str	r2, [r3, #0]
10006f96:	4643      	mov	r3, r8
10006f98:	6018      	str	r0, [r3, #0]
10006f9a:	f000 fa99 	bl	100074d0 <cyw43_schedule_internal_poll_dispatch>
10006f9e:	e7c7      	b.n	10006f30 <cyw43_gpio_set+0x24>
10006fa0:	20000a00 	.word	0x20000a00
10006fa4:	000008d3 	.word	0x000008d3
10006fa8:	20000a04 	.word	0x20000a04
10006fac:	10006b29 	.word	0x10006b29

10006fb0 <add_program_at_offset>:
10006fb0:	b5f0      	push	{r4, r5, r6, r7, lr}
10006fb2:	46ce      	mov	lr, r9
10006fb4:	4647      	mov	r7, r8
10006fb6:	b580      	push	{r7, lr}
10006fb8:	798b      	ldrb	r3, [r1, #6]
10006fba:	2b00      	cmp	r3, #0
10006fbc:	d142      	bne.n	10007044 <add_program_at_offset+0x94>
10006fbe:	2305      	movs	r3, #5
10006fc0:	56cb      	ldrsb	r3, [r1, r3]
10006fc2:	2b00      	cmp	r3, #0
10006fc4:	db01      	blt.n	10006fca <add_program_at_offset+0x1a>
10006fc6:	429a      	cmp	r2, r3
10006fc8:	d139      	bne.n	1000703e <add_program_at_offset+0x8e>
10006fca:	4b20      	ldr	r3, [pc, #128]	@ (1000704c <add_program_at_offset+0x9c>)
10006fcc:	4c20      	ldr	r4, [pc, #128]	@ (10007050 <add_program_at_offset+0xa0>)
10006fce:	18c3      	adds	r3, r0, r3
10006fd0:	0d1b      	lsrs	r3, r3, #20
10006fd2:	009b      	lsls	r3, r3, #2
10006fd4:	469c      	mov	ip, r3
10006fd6:	46a1      	mov	r9, r4
10006fd8:	0023      	movs	r3, r4
10006fda:	4664      	mov	r4, ip
10006fdc:	591b      	ldr	r3, [r3, r4]
10006fde:	790d      	ldrb	r5, [r1, #4]
10006fe0:	4698      	mov	r8, r3
10006fe2:	2301      	movs	r3, #1
10006fe4:	40ab      	lsls	r3, r5
10006fe6:	3b01      	subs	r3, #1
10006fe8:	4093      	lsls	r3, r2
10006fea:	4644      	mov	r4, r8
10006fec:	4646      	mov	r6, r8
10006fee:	401c      	ands	r4, r3
10006ff0:	4233      	tst	r3, r6
10006ff2:	d121      	bne.n	10007038 <add_program_at_offset+0x88>
10006ff4:	2d00      	cmp	r5, #0
10006ff6:	d014      	beq.n	10007022 <add_program_at_offset+0x72>
10006ff8:	2680      	movs	r6, #128	@ 0x80
10006ffa:	680f      	ldr	r7, [r1, #0]
10006ffc:	01b6      	lsls	r6, r6, #6
10006ffe:	0063      	lsls	r3, r4, #1
10007000:	5afd      	ldrh	r5, [r7, r3]
10007002:	42b5      	cmp	r5, r6
10007004:	d200      	bcs.n	10007008 <add_program_at_offset+0x58>
10007006:	18ad      	adds	r5, r5, r2
10007008:	1913      	adds	r3, r2, r4
1000700a:	3312      	adds	r3, #18
1000700c:	009b      	lsls	r3, r3, #2
1000700e:	501d      	str	r5, [r3, r0]
10007010:	790b      	ldrb	r3, [r1, #4]
10007012:	3401      	adds	r4, #1
10007014:	42a3      	cmp	r3, r4
10007016:	d8f2      	bhi.n	10006ffe <add_program_at_offset+0x4e>
10007018:	2101      	movs	r1, #1
1000701a:	4099      	lsls	r1, r3
1000701c:	000b      	movs	r3, r1
1000701e:	3b01      	subs	r3, #1
10007020:	4093      	lsls	r3, r2
10007022:	4641      	mov	r1, r8
10007024:	4319      	orrs	r1, r3
10007026:	000b      	movs	r3, r1
10007028:	4660      	mov	r0, ip
1000702a:	4649      	mov	r1, r9
1000702c:	500b      	str	r3, [r1, r0]
1000702e:	0010      	movs	r0, r2
10007030:	bcc0      	pop	{r6, r7}
10007032:	46b9      	mov	r9, r7
10007034:	46b0      	mov	r8, r6
10007036:	bdf0      	pop	{r4, r5, r6, r7, pc}
10007038:	2009      	movs	r0, #9
1000703a:	4240      	negs	r0, r0
1000703c:	e7f8      	b.n	10007030 <add_program_at_offset+0x80>
1000703e:	200b      	movs	r0, #11
10007040:	4240      	negs	r0, r0
10007042:	e7f5      	b.n	10007030 <add_program_at_offset+0x80>
10007044:	2014      	movs	r0, #20
10007046:	4240      	negs	r0, r0
10007048:	e7f2      	b.n	10007030 <add_program_at_offset+0x80>
1000704a:	46c0      	nop			@ (mov r8, r8)
1000704c:	afe00000 	.word	0xafe00000
10007050:	20000898 	.word	0x20000898

10007054 <pio_sm_set_pindirs_with_mask64>:
10007054:	b5f0      	push	{r4, r5, r6, r7, lr}
10007056:	46de      	mov	lr, fp
10007058:	4657      	mov	r7, sl
1000705a:	464e      	mov	r6, r9
1000705c:	4645      	mov	r5, r8
1000705e:	b5e0      	push	{r5, r6, r7, lr}
10007060:	0016      	movs	r6, r2
10007062:	22dc      	movs	r2, #220	@ 0xdc
10007064:	4692      	mov	sl, r2
10007066:	b085      	sub	sp, #20
10007068:	004b      	lsls	r3, r1, #1
1000706a:	9302      	str	r3, [sp, #8]
1000706c:	185b      	adds	r3, r3, r1
1000706e:	00db      	lsls	r3, r3, #3
10007070:	18c5      	adds	r5, r0, r3
10007072:	44aa      	add	sl, r5
10007074:	4652      	mov	r2, sl
10007076:	4683      	mov	fp, r0
10007078:	0028      	movs	r0, r5
1000707a:	6812      	ldr	r2, [r2, #0]
1000707c:	30cc      	adds	r0, #204	@ 0xcc
1000707e:	9200      	str	r2, [sp, #0]
10007080:	6802      	ldr	r2, [r0, #0]
10007082:	002b      	movs	r3, r5
10007084:	9201      	str	r2, [sp, #4]
10007086:	4a1c      	ldr	r2, [pc, #112]	@ (100070f8 <pio_sm_set_pindirs_with_mask64+0xa4>)
10007088:	2080      	movs	r0, #128	@ 0x80
1000708a:	4694      	mov	ip, r2
1000708c:	9c0e      	ldr	r4, [sp, #56]	@ 0x38
1000708e:	4463      	add	r3, ip
10007090:	0280      	lsls	r0, r0, #10
10007092:	6018      	str	r0, [r3, #0]
10007094:	2c00      	cmp	r4, #0
10007096:	d01c      	beq.n	100070d2 <pio_sm_set_pindirs_with_mask64+0x7e>
10007098:	2380      	movs	r3, #128	@ 0x80
1000709a:	04db      	lsls	r3, r3, #19
1000709c:	4699      	mov	r9, r3
1000709e:	2301      	movs	r3, #1
100070a0:	4698      	mov	r8, r3
100070a2:	0033      	movs	r3, r6
100070a4:	35d8      	adds	r5, #216	@ 0xd8
100070a6:	002e      	movs	r6, r5
100070a8:	4655      	mov	r5, sl
100070aa:	469a      	mov	sl, r3
100070ac:	4f13      	ldr	r7, [pc, #76]	@ (100070fc <pio_sm_set_pindirs_with_mask64+0xa8>)
100070ae:	9103      	str	r1, [sp, #12]
100070b0:	0020      	movs	r0, r4
100070b2:	f7fa fd1f 	bl	10001af4 <__wrap___ctzsi2>
100070b6:	464a      	mov	r2, r9
100070b8:	0143      	lsls	r3, r0, #5
100070ba:	4313      	orrs	r3, r2
100070bc:	602b      	str	r3, [r5, #0]
100070be:	4653      	mov	r3, sl
100070c0:	4642      	mov	r2, r8
100070c2:	40c3      	lsrs	r3, r0
100070c4:	4013      	ands	r3, r2
100070c6:	433b      	orrs	r3, r7
100070c8:	6033      	str	r3, [r6, #0]
100070ca:	1e63      	subs	r3, r4, #1
100070cc:	401c      	ands	r4, r3
100070ce:	d1ef      	bne.n	100070b0 <pio_sm_set_pindirs_with_mask64+0x5c>
100070d0:	9903      	ldr	r1, [sp, #12]
100070d2:	9b02      	ldr	r3, [sp, #8]
100070d4:	185b      	adds	r3, r3, r1
100070d6:	00db      	lsls	r3, r3, #3
100070d8:	445b      	add	r3, fp
100070da:	001a      	movs	r2, r3
100070dc:	9900      	ldr	r1, [sp, #0]
100070de:	32dc      	adds	r2, #220	@ 0xdc
100070e0:	6011      	str	r1, [r2, #0]
100070e2:	9a01      	ldr	r2, [sp, #4]
100070e4:	33cc      	adds	r3, #204	@ 0xcc
100070e6:	601a      	str	r2, [r3, #0]
100070e8:	b005      	add	sp, #20
100070ea:	bcf0      	pop	{r4, r5, r6, r7}
100070ec:	46bb      	mov	fp, r7
100070ee:	46b2      	mov	sl, r6
100070f0:	46a9      	mov	r9, r5
100070f2:	46a0      	mov	r8, r4
100070f4:	bdf0      	pop	{r4, r5, r6, r7, pc}
100070f6:	46c0      	nop			@ (mov r8, r8)
100070f8:	000030cc 	.word	0x000030cc
100070fc:	0000e080 	.word	0x0000e080

10007100 <pio_sm_set_consecutive_pindirs>:
10007100:	b5f0      	push	{r4, r5, r6, r7, lr}
10007102:	464e      	mov	r6, r9
10007104:	4645      	mov	r5, r8
10007106:	46de      	mov	lr, fp
10007108:	4657      	mov	r7, sl
1000710a:	b5e0      	push	{r5, r6, r7, lr}
1000710c:	b083      	sub	sp, #12
1000710e:	4689      	mov	r9, r1
10007110:	a90c      	add	r1, sp, #48	@ 0x30
10007112:	4684      	mov	ip, r0
10007114:	780d      	ldrb	r5, [r1, #0]
10007116:	2a1f      	cmp	r2, #31
10007118:	d845      	bhi.n	100071a6 <pio_sm_set_consecutive_pindirs+0xa6>
1000711a:	4649      	mov	r1, r9
1000711c:	0049      	lsls	r1, r1, #1
1000711e:	4688      	mov	r8, r1
10007120:	4449      	add	r1, r9
10007122:	00c9      	lsls	r1, r1, #3
10007124:	1846      	adds	r6, r0, r1
10007126:	0037      	movs	r7, r6
10007128:	0034      	movs	r4, r6
1000712a:	37dc      	adds	r7, #220	@ 0xdc
1000712c:	6838      	ldr	r0, [r7, #0]
1000712e:	34cc      	adds	r4, #204	@ 0xcc
10007130:	4683      	mov	fp, r0
10007132:	6820      	ldr	r0, [r4, #0]
10007134:	0031      	movs	r1, r6
10007136:	9001      	str	r0, [sp, #4]
10007138:	481c      	ldr	r0, [pc, #112]	@ (100071ac <pio_sm_set_consecutive_pindirs+0xac>)
1000713a:	2480      	movs	r4, #128	@ 0x80
1000713c:	4682      	mov	sl, r0
1000713e:	02a4      	lsls	r4, r4, #10
10007140:	4451      	add	r1, sl
10007142:	600c      	str	r4, [r1, #0]
10007144:	4269      	negs	r1, r5
10007146:	414d      	adcs	r5, r1
10007148:	211e      	movs	r1, #30
1000714a:	426d      	negs	r5, r5
1000714c:	438d      	bics	r5, r1
1000714e:	4918      	ldr	r1, [pc, #96]	@ (100071b0 <pio_sm_set_consecutive_pindirs+0xb0>)
10007150:	468a      	mov	sl, r1
10007152:	4455      	add	r5, sl
10007154:	2b05      	cmp	r3, #5
10007156:	d90c      	bls.n	10007172 <pio_sm_set_consecutive_pindirs+0x72>
10007158:	20a0      	movs	r0, #160	@ 0xa0
1000715a:	211f      	movs	r1, #31
1000715c:	0540      	lsls	r0, r0, #21
1000715e:	36d8      	adds	r6, #216	@ 0xd8
10007160:	0154      	lsls	r4, r2, #5
10007162:	4304      	orrs	r4, r0
10007164:	3205      	adds	r2, #5
10007166:	3b05      	subs	r3, #5
10007168:	603c      	str	r4, [r7, #0]
1000716a:	400a      	ands	r2, r1
1000716c:	6035      	str	r5, [r6, #0]
1000716e:	2b05      	cmp	r3, #5
10007170:	d8f6      	bhi.n	10007160 <pio_sm_set_consecutive_pindirs+0x60>
10007172:	0152      	lsls	r2, r2, #5
10007174:	069b      	lsls	r3, r3, #26
10007176:	4313      	orrs	r3, r2
10007178:	4642      	mov	r2, r8
1000717a:	444a      	add	r2, r9
1000717c:	00d2      	lsls	r2, r2, #3
1000717e:	4462      	add	r2, ip
10007180:	0010      	movs	r0, r2
10007182:	32dc      	adds	r2, #220	@ 0xdc
10007184:	6013      	str	r3, [r2, #0]
10007186:	0003      	movs	r3, r0
10007188:	33d8      	adds	r3, #216	@ 0xd8
1000718a:	601d      	str	r5, [r3, #0]
1000718c:	465b      	mov	r3, fp
1000718e:	6013      	str	r3, [r2, #0]
10007190:	9b01      	ldr	r3, [sp, #4]
10007192:	30cc      	adds	r0, #204	@ 0xcc
10007194:	6003      	str	r3, [r0, #0]
10007196:	2000      	movs	r0, #0
10007198:	b003      	add	sp, #12
1000719a:	bcf0      	pop	{r4, r5, r6, r7}
1000719c:	46bb      	mov	fp, r7
1000719e:	46b2      	mov	sl, r6
100071a0:	46a9      	mov	r9, r5
100071a2:	46a0      	mov	r8, r4
100071a4:	bdf0      	pop	{r4, r5, r6, r7, pc}
100071a6:	2005      	movs	r0, #5
100071a8:	4240      	negs	r0, r0
100071aa:	e7f5      	b.n	10007198 <pio_sm_set_consecutive_pindirs+0x98>
100071ac:	000030cc 	.word	0x000030cc
100071b0:	0000e09f 	.word	0x0000e09f

100071b4 <pio_claim_free_sm_and_add_program_for_gpio_range>:
100071b4:	b5f0      	push	{r4, r5, r6, r7, lr}
100071b6:	4657      	mov	r7, sl
100071b8:	464e      	mov	r6, r9
100071ba:	4645      	mov	r5, r8
100071bc:	46de      	mov	lr, fp
100071be:	4691      	mov	r9, r2
100071c0:	4a3f      	ldr	r2, [pc, #252]	@ (100072c0 <pio_claim_free_sm_and_add_program_for_gpio_range+0x10c>)
100071c2:	b5e0      	push	{r5, r6, r7, lr}
100071c4:	469b      	mov	fp, r3
100071c6:	4680      	mov	r8, r0
100071c8:	000d      	movs	r5, r1
100071ca:	2702      	movs	r7, #2
100071cc:	2302      	movs	r3, #2
100071ce:	4692      	mov	sl, r2
100071d0:	4e3c      	ldr	r6, [pc, #240]	@ (100072c4 <pio_claim_free_sm_and_add_program_for_gpio_range+0x110>)
100071d2:	b087      	sub	sp, #28
100071d4:	4a3c      	ldr	r2, [pc, #240]	@ (100072c8 <pio_claim_free_sm_and_add_program_for_gpio_range+0x114>)
100071d6:	2100      	movs	r1, #0
100071d8:	4694      	mov	ip, r2
100071da:	4463      	add	r3, ip
100071dc:	4a3b      	ldr	r2, [pc, #236]	@ (100072cc <pio_claim_free_sm_and_add_program_for_gpio_range+0x118>)
100071de:	051b      	lsls	r3, r3, #20
100071e0:	602b      	str	r3, [r5, #0]
100071e2:	0c9b      	lsrs	r3, r3, #18
100071e4:	189c      	adds	r4, r3, r2
100071e6:	4a3a      	ldr	r2, [pc, #232]	@ (100072d0 <pio_claim_free_sm_and_add_program_for_gpio_range+0x11c>)
100071e8:	0030      	movs	r0, r6
100071ea:	4694      	mov	ip, r2
100071ec:	4652      	mov	r2, sl
100071ee:	4463      	add	r3, ip
100071f0:	9200      	str	r2, [sp, #0]
100071f2:	0022      	movs	r2, r4
100071f4:	f7f9 f996 	bl	10000524 <hw_claim_unused_from_range>
100071f8:	42a0      	cmp	r0, r4
100071fa:	db03      	blt.n	10007204 <pio_claim_free_sm_and_add_program_for_gpio_range+0x50>
100071fc:	1b00      	subs	r0, r0, r4
100071fe:	b244      	sxtb	r4, r0
10007200:	0600      	lsls	r0, r0, #24
10007202:	d50e      	bpl.n	10007222 <pio_claim_free_sm_and_add_program_for_gpio_range+0x6e>
10007204:	2301      	movs	r3, #1
10007206:	2f01      	cmp	r7, #1
10007208:	d109      	bne.n	1000721e <pio_claim_free_sm_and_add_program_for_gpio_range+0x6a>
1000720a:	2300      	movs	r3, #0
1000720c:	2000      	movs	r0, #0
1000720e:	602b      	str	r3, [r5, #0]
10007210:	b007      	add	sp, #28
10007212:	bcf0      	pop	{r4, r5, r6, r7}
10007214:	46bb      	mov	fp, r7
10007216:	46b2      	mov	sl, r6
10007218:	46a9      	mov	r9, r5
1000721a:	46a0      	mov	r8, r4
1000721c:	bdf0      	pop	{r4, r5, r6, r7, pc}
1000721e:	2701      	movs	r7, #1
10007220:	e7d8      	b.n	100071d4 <pio_claim_free_sm_and_add_program_for_gpio_range+0x20>
10007222:	f7f9 f947 	bl	100004b4 <hw_claim_lock>
10007226:	682b      	ldr	r3, [r5, #0]
10007228:	2205      	movs	r2, #5
1000722a:	469c      	mov	ip, r3
1000722c:	4643      	mov	r3, r8
1000722e:	9003      	str	r0, [sp, #12]
10007230:	569a      	ldrsb	r2, [r3, r2]
10007232:	4b28      	ldr	r3, [pc, #160]	@ (100072d4 <pio_claim_free_sm_and_add_program_for_gpio_range+0x120>)
10007234:	4928      	ldr	r1, [pc, #160]	@ (100072d8 <pio_claim_free_sm_and_add_program_for_gpio_range+0x124>)
10007236:	4463      	add	r3, ip
10007238:	0d1b      	lsrs	r3, r3, #20
1000723a:	009b      	lsls	r3, r3, #2
1000723c:	5858      	ldr	r0, [r3, r1]
1000723e:	4643      	mov	r3, r8
10007240:	2101      	movs	r1, #1
10007242:	791b      	ldrb	r3, [r3, #4]
10007244:	4099      	lsls	r1, r3
10007246:	3901      	subs	r1, #1
10007248:	9104      	str	r1, [sp, #16]
1000724a:	2120      	movs	r1, #32
1000724c:	1acb      	subs	r3, r1, r3
1000724e:	2a00      	cmp	r2, #0
10007250:	db14      	blt.n	1000727c <pio_claim_free_sm_and_add_program_for_gpio_range+0xc8>
10007252:	429a      	cmp	r2, r3
10007254:	dc25      	bgt.n	100072a2 <pio_claim_free_sm_and_add_program_for_gpio_range+0xee>
10007256:	9904      	ldr	r1, [sp, #16]
10007258:	4091      	lsls	r1, r2
1000725a:	4208      	tst	r0, r1
1000725c:	d121      	bne.n	100072a2 <pio_claim_free_sm_and_add_program_for_gpio_range+0xee>
1000725e:	4641      	mov	r1, r8
10007260:	4660      	mov	r0, ip
10007262:	f7ff fea5 	bl	10006fb0 <add_program_at_offset>
10007266:	2800      	cmp	r0, #0
10007268:	db1b      	blt.n	100072a2 <pio_claim_free_sm_and_add_program_for_gpio_range+0xee>
1000726a:	464b      	mov	r3, r9
1000726c:	601c      	str	r4, [r3, #0]
1000726e:	465b      	mov	r3, fp
10007270:	6018      	str	r0, [r3, #0]
10007272:	9803      	ldr	r0, [sp, #12]
10007274:	f7f9 f92a 	bl	100004cc <hw_claim_unlock>
10007278:	2001      	movs	r0, #1
1000727a:	e7c9      	b.n	10007210 <pio_claim_free_sm_and_add_program_for_gpio_range+0x5c>
1000727c:	2b00      	cmp	r3, #0
1000727e:	db10      	blt.n	100072a2 <pio_claim_free_sm_and_add_program_for_gpio_range+0xee>
10007280:	4662      	mov	r2, ip
10007282:	9904      	ldr	r1, [sp, #16]
10007284:	46a4      	mov	ip, r4
10007286:	9205      	str	r2, [sp, #20]
10007288:	e001      	b.n	1000728e <pio_claim_free_sm_and_add_program_for_gpio_range+0xda>
1000728a:	3b01      	subs	r3, #1
1000728c:	d308      	bcc.n	100072a0 <pio_claim_free_sm_and_add_program_for_gpio_range+0xec>
1000728e:	000a      	movs	r2, r1
10007290:	409a      	lsls	r2, r3
10007292:	4210      	tst	r0, r2
10007294:	d1f9      	bne.n	1000728a <pio_claim_free_sm_and_add_program_for_gpio_range+0xd6>
10007296:	001a      	movs	r2, r3
10007298:	9b05      	ldr	r3, [sp, #20]
1000729a:	4664      	mov	r4, ip
1000729c:	469c      	mov	ip, r3
1000729e:	e7de      	b.n	1000725e <pio_claim_free_sm_and_add_program_for_gpio_range+0xaa>
100072a0:	4664      	mov	r4, ip
100072a2:	9803      	ldr	r0, [sp, #12]
100072a4:	f7f9 f912 	bl	100004cc <hw_claim_unlock>
100072a8:	4b0a      	ldr	r3, [pc, #40]	@ (100072d4 <pio_claim_free_sm_and_add_program_for_gpio_range+0x120>)
100072aa:	6829      	ldr	r1, [r5, #0]
100072ac:	469c      	mov	ip, r3
100072ae:	4461      	add	r1, ip
100072b0:	0d09      	lsrs	r1, r1, #20
100072b2:	0089      	lsls	r1, r1, #2
100072b4:	0030      	movs	r0, r6
100072b6:	1909      	adds	r1, r1, r4
100072b8:	f7f9 f978 	bl	100005ac <hw_claim_clear>
100072bc:	e7a2      	b.n	10007204 <pio_claim_free_sm_and_add_program_for_gpio_range+0x50>
100072be:	46c0      	nop			@ (mov r8, r8)
100072c0:	1000827c 	.word	0x1000827c
100072c4:	200009d0 	.word	0x200009d0
100072c8:	00000501 	.word	0x00000501
100072cc:	ffffebf8 	.word	0xffffebf8
100072d0:	ffffebfb 	.word	0xffffebfb
100072d4:	afe00000 	.word	0xafe00000
100072d8:	20000898 	.word	0x20000898

100072dc <pio_remove_program_and_unclaim_sm>:
100072dc:	b570      	push	{r4, r5, r6, lr}
100072de:	2501      	movs	r5, #1
100072e0:	0016      	movs	r6, r2
100072e2:	7902      	ldrb	r2, [r0, #4]
100072e4:	000c      	movs	r4, r1
100072e6:	4095      	lsls	r5, r2
100072e8:	3d01      	subs	r5, #1
100072ea:	409d      	lsls	r5, r3
100072ec:	f7f9 f8e2 	bl	100004b4 <hw_claim_lock>
100072f0:	4b07      	ldr	r3, [pc, #28]	@ (10007310 <pio_remove_program_and_unclaim_sm+0x34>)
100072f2:	4a08      	ldr	r2, [pc, #32]	@ (10007314 <pio_remove_program_and_unclaim_sm+0x38>)
100072f4:	469c      	mov	ip, r3
100072f6:	4464      	add	r4, ip
100072f8:	0d24      	lsrs	r4, r4, #20
100072fa:	00a4      	lsls	r4, r4, #2
100072fc:	58a3      	ldr	r3, [r4, r2]
100072fe:	43ab      	bics	r3, r5
10007300:	50a3      	str	r3, [r4, r2]
10007302:	f7f9 f8e3 	bl	100004cc <hw_claim_unlock>
10007306:	19a1      	adds	r1, r4, r6
10007308:	4803      	ldr	r0, [pc, #12]	@ (10007318 <pio_remove_program_and_unclaim_sm+0x3c>)
1000730a:	f7f9 f94f 	bl	100005ac <hw_claim_clear>
1000730e:	bd70      	pop	{r4, r5, r6, pc}
10007310:	afe00000 	.word	0xafe00000
10007314:	20000898 	.word	0x20000898
10007318:	200009d0 	.word	0x200009d0

1000731c <dma_channel_unclaim>:
1000731c:	b510      	push	{r4, lr}
1000731e:	4b03      	ldr	r3, [pc, #12]	@ (1000732c <dma_channel_unclaim+0x10>)
10007320:	0001      	movs	r1, r0
10007322:	0018      	movs	r0, r3
10007324:	f7f9 f942 	bl	100005ac <hw_claim_clear>
10007328:	bd10      	pop	{r4, pc}
1000732a:	46c0      	nop			@ (mov r8, r8)
1000732c:	20001430 	.word	0x20001430

10007330 <dma_claim_unused_channel>:
10007330:	b510      	push	{r4, lr}
10007332:	4b06      	ldr	r3, [pc, #24]	@ (1000734c <dma_claim_unused_channel+0x1c>)
10007334:	4c06      	ldr	r4, [pc, #24]	@ (10007350 <dma_claim_unused_channel+0x20>)
10007336:	b082      	sub	sp, #8
10007338:	0001      	movs	r1, r0
1000733a:	9300      	str	r3, [sp, #0]
1000733c:	2200      	movs	r2, #0
1000733e:	230b      	movs	r3, #11
10007340:	0020      	movs	r0, r4
10007342:	f7f9 f8ef 	bl	10000524 <hw_claim_unused_from_range>
10007346:	b002      	add	sp, #8
10007348:	bd10      	pop	{r4, pc}
1000734a:	46c0      	nop			@ (mov r8, r8)
1000734c:	100082a0 	.word	0x100082a0
10007350:	20001430 	.word	0x20001430

10007354 <dma_channel_cleanup>:
10007354:	0003      	movs	r3, r0
10007356:	4911      	ldr	r1, [pc, #68]	@ (1000739c <dma_channel_cleanup+0x48>)
10007358:	0182      	lsls	r2, r0, #6
1000735a:	1851      	adds	r1, r2, r1
1000735c:	6808      	ldr	r0, [r1, #0]
1000735e:	02d9      	lsls	r1, r3, #11
10007360:	4041      	eors	r1, r0
10007362:	480f      	ldr	r0, [pc, #60]	@ (100073a0 <dma_channel_cleanup+0x4c>)
10007364:	b510      	push	{r4, lr}
10007366:	4001      	ands	r1, r0
10007368:	480e      	ldr	r0, [pc, #56]	@ (100073a4 <dma_channel_cleanup+0x50>)
1000736a:	24a0      	movs	r4, #160	@ 0xa0
1000736c:	1810      	adds	r0, r2, r0
1000736e:	6001      	str	r1, [r0, #0]
10007370:	2001      	movs	r0, #1
10007372:	4098      	lsls	r0, r3
10007374:	4b0c      	ldr	r3, [pc, #48]	@ (100073a8 <dma_channel_cleanup+0x54>)
10007376:	05e4      	lsls	r4, r4, #23
10007378:	6018      	str	r0, [r3, #0]
1000737a:	4b0c      	ldr	r3, [pc, #48]	@ (100073ac <dma_channel_cleanup+0x58>)
1000737c:	2180      	movs	r1, #128	@ 0x80
1000737e:	6018      	str	r0, [r3, #0]
10007380:	4b0b      	ldr	r3, [pc, #44]	@ (100073b0 <dma_channel_cleanup+0x5c>)
10007382:	0449      	lsls	r1, r1, #17
10007384:	50e0      	str	r0, [r4, r3]
10007386:	4b0b      	ldr	r3, [pc, #44]	@ (100073b4 <dma_channel_cleanup+0x60>)
10007388:	469c      	mov	ip, r3
1000738a:	4462      	add	r2, ip
1000738c:	6813      	ldr	r3, [r2, #0]
1000738e:	420b      	tst	r3, r1
10007390:	d1fc      	bne.n	1000738c <dma_channel_cleanup+0x38>
10007392:	2380      	movs	r3, #128	@ 0x80
10007394:	00db      	lsls	r3, r3, #3
10007396:	50e0      	str	r0, [r4, r3]
10007398:	bd10      	pop	{r4, pc}
1000739a:	46c0      	nop			@ (mov r8, r8)
1000739c:	50000010 	.word	0x50000010
100073a0:	00007801 	.word	0x00007801
100073a4:	50001010 	.word	0x50001010
100073a8:	50003404 	.word	0x50003404
100073ac:	50003414 	.word	0x50003414
100073b0:	00000444 	.word	0x00000444
100073b4:	5000000c 	.word	0x5000000c

100073b8 <cyw43_sleep_timeout_reached>:
100073b8:	b510      	push	{r4, lr}
100073ba:	6803      	ldr	r3, [r0, #0]
100073bc:	4901      	ldr	r1, [pc, #4]	@ (100073c4 <cyw43_sleep_timeout_reached+0xc>)
100073be:	6a5b      	ldr	r3, [r3, #36]	@ 0x24
100073c0:	4798      	blx	r3
100073c2:	bd10      	pop	{r4, pc}
100073c4:	200005a0 	.word	0x200005a0

100073c8 <cyw43_irq_init>:
100073c8:	2080      	movs	r0, #128	@ 0x80
100073ca:	b510      	push	{r4, lr}
100073cc:	2240      	movs	r2, #64	@ 0x40
100073ce:	4907      	ldr	r1, [pc, #28]	@ (100073ec <cyw43_irq_init+0x24>)
100073d0:	0440      	lsls	r0, r0, #17
100073d2:	f7f9 f805 	bl	100003e0 <gpio_add_raw_irq_handler_with_order_priority_masked>
100073d6:	2201      	movs	r2, #1
100073d8:	2102      	movs	r1, #2
100073da:	2018      	movs	r0, #24
100073dc:	f7f8 ffd4 	bl	10000388 <gpio_set_irq_enabled>
100073e0:	200d      	movs	r0, #13
100073e2:	2101      	movs	r1, #1
100073e4:	f7f9 f92a 	bl	1000063c <irq_set_enabled>
100073e8:	2000      	movs	r0, #0
100073ea:	bd10      	pop	{r4, pc}
100073ec:	10007411 	.word	0x10007411

100073f0 <cyw43_irq_deinit>:
100073f0:	b510      	push	{r4, lr}
100073f2:	2200      	movs	r2, #0
100073f4:	2102      	movs	r1, #2
100073f6:	2018      	movs	r0, #24
100073f8:	f7f8 ffc6 	bl	10000388 <gpio_set_irq_enabled>
100073fc:	2080      	movs	r0, #128	@ 0x80
100073fe:	4903      	ldr	r1, [pc, #12]	@ (1000740c <cyw43_irq_deinit+0x1c>)
10007400:	0440      	lsls	r0, r0, #17
10007402:	f7f9 f80f 	bl	10000424 <gpio_remove_raw_irq_handler_masked>
10007406:	2000      	movs	r0, #0
10007408:	bd10      	pop	{r4, pc}
1000740a:	46c0      	nop			@ (mov r8, r8)
1000740c:	10007411 	.word	0x10007411

10007410 <cyw43_gpio_irq_handler>:
10007410:	23d0      	movs	r3, #208	@ 0xd0
10007412:	061b      	lsls	r3, r3, #24
10007414:	681b      	ldr	r3, [r3, #0]
10007416:	b510      	push	{r4, lr}
10007418:	425a      	negs	r2, r3
1000741a:	4153      	adcs	r3, r2
1000741c:	222f      	movs	r2, #47	@ 0x2f
1000741e:	425b      	negs	r3, r3
10007420:	4393      	bics	r3, r2
10007422:	4a09      	ldr	r2, [pc, #36]	@ (10007448 <cyw43_gpio_irq_handler+0x38>)
10007424:	4694      	mov	ip, r2
10007426:	4463      	add	r3, ip
10007428:	6adb      	ldr	r3, [r3, #44]	@ 0x2c
1000742a:	079b      	lsls	r3, r3, #30
1000742c:	d400      	bmi.n	10007430 <cyw43_gpio_irq_handler+0x20>
1000742e:	bd10      	pop	{r4, pc}
10007430:	2200      	movs	r2, #0
10007432:	2102      	movs	r1, #2
10007434:	2018      	movs	r0, #24
10007436:	f7f8 ffa7 	bl	10000388 <gpio_set_irq_enabled>
1000743a:	4b04      	ldr	r3, [pc, #16]	@ (1000744c <cyw43_gpio_irq_handler+0x3c>)
1000743c:	4904      	ldr	r1, [pc, #16]	@ (10007450 <cyw43_gpio_irq_handler+0x40>)
1000743e:	6818      	ldr	r0, [r3, #0]
10007440:	6803      	ldr	r3, [r0, #0]
10007442:	6a5b      	ldr	r3, [r3, #36]	@ 0x24
10007444:	4798      	blx	r3
10007446:	e7f2      	b.n	1000742e <cyw43_gpio_irq_handler+0x1e>
10007448:	40014130 	.word	0x40014130
1000744c:	200009fc 	.word	0x200009fc
10007450:	200005a0 	.word	0x200005a0

10007454 <cyw43_do_poll>:
10007454:	4b15      	ldr	r3, [pc, #84]	@ (100074ac <cyw43_do_poll+0x58>)
10007456:	b570      	push	{r4, r5, r6, lr}
10007458:	681b      	ldr	r3, [r3, #0]
1000745a:	0004      	movs	r4, r0
1000745c:	2b00      	cmp	r3, #0
1000745e:	d00e      	beq.n	1000747e <cyw43_do_poll+0x2a>
10007460:	4d13      	ldr	r5, [pc, #76]	@ (100074b0 <cyw43_do_poll+0x5c>)
10007462:	682a      	ldr	r2, [r5, #0]
10007464:	2a00      	cmp	r2, #0
10007466:	d001      	beq.n	1000746c <cyw43_do_poll+0x18>
10007468:	3a01      	subs	r2, #1
1000746a:	602a      	str	r2, [r5, #0]
1000746c:	4798      	blx	r3
1000746e:	682b      	ldr	r3, [r5, #0]
10007470:	2b00      	cmp	r3, #0
10007472:	d105      	bne.n	10007480 <cyw43_do_poll+0x2c>
10007474:	6823      	ldr	r3, [r4, #0]
10007476:	0020      	movs	r0, r4
10007478:	490e      	ldr	r1, [pc, #56]	@ (100074b4 <cyw43_do_poll+0x60>)
1000747a:	699b      	ldr	r3, [r3, #24]
1000747c:	4798      	blx	r3
1000747e:	bd70      	pop	{r4, r5, r6, pc}
10007480:	f7fa f85e 	bl	10001540 <time_us_64>
10007484:	2300      	movs	r3, #0
10007486:	4a0c      	ldr	r2, [pc, #48]	@ (100074b8 <cyw43_do_poll+0x64>)
10007488:	4d0a      	ldr	r5, [pc, #40]	@ (100074b4 <cyw43_do_poll+0x60>)
1000748a:	1880      	adds	r0, r0, r2
1000748c:	4159      	adcs	r1, r3
1000748e:	0002      	movs	r2, r0
10007490:	1e0b      	subs	r3, r1, #0
10007492:	da02      	bge.n	1000749a <cyw43_do_poll+0x46>
10007494:	2201      	movs	r2, #1
10007496:	4b09      	ldr	r3, [pc, #36]	@ (100074bc <cyw43_do_poll+0x68>)
10007498:	4252      	negs	r2, r2
1000749a:	60eb      	str	r3, [r5, #12]
1000749c:	6823      	ldr	r3, [r4, #0]
1000749e:	0029      	movs	r1, r5
100074a0:	0020      	movs	r0, r4
100074a2:	695b      	ldr	r3, [r3, #20]
100074a4:	60aa      	str	r2, [r5, #8]
100074a6:	4798      	blx	r3
100074a8:	e7e9      	b.n	1000747e <cyw43_do_poll+0x2a>
100074aa:	46c0      	nop			@ (mov r8, r8)
100074ac:	20000a00 	.word	0x20000a00
100074b0:	20000a04 	.word	0x20000a04
100074b4:	200005b0 	.word	0x200005b0
100074b8:	0000c350 	.word	0x0000c350
100074bc:	7fffffff 	.word	0x7fffffff

100074c0 <cyw43_post_poll_hook>:
100074c0:	b510      	push	{r4, lr}
100074c2:	2201      	movs	r2, #1
100074c4:	2102      	movs	r1, #2
100074c6:	2018      	movs	r0, #24
100074c8:	f7f8 ff5e 	bl	10000388 <gpio_set_irq_enabled>
100074cc:	bd10      	pop	{r4, pc}
100074ce:	46c0      	nop			@ (mov r8, r8)

100074d0 <cyw43_schedule_internal_poll_dispatch>:
100074d0:	4b03      	ldr	r3, [pc, #12]	@ (100074e0 <cyw43_schedule_internal_poll_dispatch+0x10>)
100074d2:	b510      	push	{r4, lr}
100074d4:	6818      	ldr	r0, [r3, #0]
100074d6:	4903      	ldr	r1, [pc, #12]	@ (100074e4 <cyw43_schedule_internal_poll_dispatch+0x14>)
100074d8:	6803      	ldr	r3, [r0, #0]
100074da:	6a5b      	ldr	r3, [r3, #36]	@ 0x24
100074dc:	4798      	blx	r3
100074de:	bd10      	pop	{r4, pc}
100074e0:	200009fc 	.word	0x200009fc
100074e4:	200005a0 	.word	0x200005a0

100074e8 <cyw43_driver_init>:
100074e8:	b510      	push	{r4, lr}
100074ea:	0004      	movs	r4, r0
100074ec:	4808      	ldr	r0, [pc, #32]	@ (10007510 <cyw43_driver_init+0x28>)
100074ee:	f7ff fb7b 	bl	10006be8 <cyw43_init>
100074f2:	4b08      	ldr	r3, [pc, #32]	@ (10007514 <cyw43_driver_init+0x2c>)
100074f4:	2200      	movs	r2, #0
100074f6:	601c      	str	r4, [r3, #0]
100074f8:	6823      	ldr	r3, [r4, #0]
100074fa:	0020      	movs	r0, r4
100074fc:	4906      	ldr	r1, [pc, #24]	@ (10007518 <cyw43_driver_init+0x30>)
100074fe:	691b      	ldr	r3, [r3, #16]
10007500:	4798      	blx	r3
10007502:	6823      	ldr	r3, [r4, #0]
10007504:	0020      	movs	r0, r4
10007506:	4905      	ldr	r1, [pc, #20]	@ (1000751c <cyw43_driver_init+0x34>)
10007508:	69db      	ldr	r3, [r3, #28]
1000750a:	4798      	blx	r3
1000750c:	2001      	movs	r0, #1
1000750e:	bd10      	pop	{r4, pc}
10007510:	20000a08 	.word	0x20000a08
10007514:	200009fc 	.word	0x200009fc
10007518:	100073c9 	.word	0x100073c9
1000751c:	200005a0 	.word	0x200005a0

10007520 <cyw43_driver_deinit>:
10007520:	b570      	push	{r4, r5, r6, lr}
10007522:	4d0d      	ldr	r5, [pc, #52]	@ (10007558 <cyw43_driver_deinit+0x38>)
10007524:	0004      	movs	r4, r0
10007526:	682b      	ldr	r3, [r5, #0]
10007528:	2b00      	cmp	r3, #0
1000752a:	d013      	beq.n	10007554 <cyw43_driver_deinit+0x34>
1000752c:	6803      	ldr	r3, [r0, #0]
1000752e:	490b      	ldr	r1, [pc, #44]	@ (1000755c <cyw43_driver_deinit+0x3c>)
10007530:	699b      	ldr	r3, [r3, #24]
10007532:	4798      	blx	r3
10007534:	6823      	ldr	r3, [r4, #0]
10007536:	490a      	ldr	r1, [pc, #40]	@ (10007560 <cyw43_driver_deinit+0x40>)
10007538:	6a1b      	ldr	r3, [r3, #32]
1000753a:	0020      	movs	r0, r4
1000753c:	4798      	blx	r3
1000753e:	6823      	ldr	r3, [r4, #0]
10007540:	2200      	movs	r2, #0
10007542:	691b      	ldr	r3, [r3, #16]
10007544:	4907      	ldr	r1, [pc, #28]	@ (10007564 <cyw43_driver_deinit+0x44>)
10007546:	0020      	movs	r0, r4
10007548:	4798      	blx	r3
1000754a:	4807      	ldr	r0, [pc, #28]	@ (10007568 <cyw43_driver_deinit+0x48>)
1000754c:	f7ff fb82 	bl	10006c54 <cyw43_deinit>
10007550:	2300      	movs	r3, #0
10007552:	602b      	str	r3, [r5, #0]
10007554:	bd70      	pop	{r4, r5, r6, pc}
10007556:	46c0      	nop			@ (mov r8, r8)
10007558:	200009fc 	.word	0x200009fc
1000755c:	200005b0 	.word	0x200005b0
10007560:	200005a0 	.word	0x200005a0
10007564:	100073f1 	.word	0x100073f1
10007568:	20000a08 	.word	0x20000a08

1000756c <cyw43_hal_generate_laa_mac>:
1000756c:	b510      	push	{r4, lr}
1000756e:	b082      	sub	sp, #8
10007570:	4668      	mov	r0, sp
10007572:	000c      	movs	r4, r1
10007574:	f7fc fd50 	bl	10004018 <pico_get_unique_board_id>
10007578:	466b      	mov	r3, sp
1000757a:	2206      	movs	r2, #6
1000757c:	1c99      	adds	r1, r3, #2
1000757e:	0020      	movs	r0, r4
10007580:	f7fa febc 	bl	100022fc <__wrap___aeabi_memcpy>
10007584:	2201      	movs	r2, #1
10007586:	7823      	ldrb	r3, [r4, #0]
10007588:	4393      	bics	r3, r2
1000758a:	2202      	movs	r2, #2
1000758c:	4313      	orrs	r3, r2
1000758e:	7023      	strb	r3, [r4, #0]
10007590:	b002      	add	sp, #8
10007592:	bd10      	pop	{r4, pc}

10007594 <cyw43_thread_enter>:
10007594:	4b03      	ldr	r3, [pc, #12]	@ (100075a4 <cyw43_thread_enter+0x10>)
10007596:	b510      	push	{r4, lr}
10007598:	6818      	ldr	r0, [r3, #0]
1000759a:	6803      	ldr	r3, [r0, #0]
1000759c:	685b      	ldr	r3, [r3, #4]
1000759e:	4798      	blx	r3
100075a0:	bd10      	pop	{r4, pc}
100075a2:	46c0      	nop			@ (mov r8, r8)
100075a4:	200009fc 	.word	0x200009fc

100075a8 <cyw43_thread_exit>:
100075a8:	4b03      	ldr	r3, [pc, #12]	@ (100075b8 <cyw43_thread_exit+0x10>)
100075aa:	b510      	push	{r4, lr}
100075ac:	6818      	ldr	r0, [r3, #0]
100075ae:	6803      	ldr	r3, [r0, #0]
100075b0:	689b      	ldr	r3, [r3, #8]
100075b2:	4798      	blx	r3
100075b4:	bd10      	pop	{r4, pc}
100075b6:	46c0      	nop			@ (mov r8, r8)
100075b8:	200009fc 	.word	0x200009fc

100075bc <cyw43_await_background_or_timeout_us>:
100075bc:	b570      	push	{r4, r5, r6, lr}
100075be:	f3ef 8305 	mrs	r3, IPSR
100075c2:	4a13      	ldr	r2, [pc, #76]	@ (10007610 <cyw43_await_background_or_timeout_us+0x54>)
100075c4:	0004      	movs	r4, r0
100075c6:	2500      	movs	r5, #0
100075c8:	6816      	ldr	r6, [r2, #0]
100075ca:	2b00      	cmp	r3, #0
100075cc:	d110      	bne.n	100075f0 <cyw43_await_background_or_timeout_us+0x34>
100075ce:	f7f9 ffb7 	bl	10001540 <time_us_64>
100075d2:	0002      	movs	r2, r0
100075d4:	000b      	movs	r3, r1
100075d6:	1912      	adds	r2, r2, r4
100075d8:	416b      	adcs	r3, r5
100075da:	2b00      	cmp	r3, #0
100075dc:	db04      	blt.n	100075e8 <cyw43_await_background_or_timeout_us+0x2c>
100075de:	6831      	ldr	r1, [r6, #0]
100075e0:	0030      	movs	r0, r6
100075e2:	6b09      	ldr	r1, [r1, #48]	@ 0x30
100075e4:	4788      	blx	r1
100075e6:	bd70      	pop	{r4, r5, r6, pc}
100075e8:	2201      	movs	r2, #1
100075ea:	4b0a      	ldr	r3, [pc, #40]	@ (10007614 <cyw43_await_background_or_timeout_us+0x58>)
100075ec:	4252      	negs	r2, r2
100075ee:	e7f6      	b.n	100075de <cyw43_await_background_or_timeout_us+0x22>
100075f0:	f7f9 ffa6 	bl	10001540 <time_us_64>
100075f4:	0002      	movs	r2, r0
100075f6:	000b      	movs	r3, r1
100075f8:	1912      	adds	r2, r2, r4
100075fa:	416b      	adcs	r3, r5
100075fc:	2b00      	cmp	r3, #0
100075fe:	da02      	bge.n	10007606 <cyw43_await_background_or_timeout_us+0x4a>
10007600:	2201      	movs	r2, #1
10007602:	4b04      	ldr	r3, [pc, #16]	@ (10007614 <cyw43_await_background_or_timeout_us+0x58>)
10007604:	4252      	negs	r2, r2
10007606:	6831      	ldr	r1, [r6, #0]
10007608:	0030      	movs	r0, r6
1000760a:	6ac9      	ldr	r1, [r1, #44]	@ 0x2c
1000760c:	4788      	blx	r1
1000760e:	e7ea      	b.n	100075e6 <cyw43_await_background_or_timeout_us+0x2a>
10007610:	200009fc 	.word	0x200009fc
10007614:	7fffffff 	.word	0x7fffffff

10007618 <cyw43_delay_ms>:
10007618:	b5f8      	push	{r3, r4, r5, r6, r7, lr}
1000761a:	4b0e      	ldr	r3, [pc, #56]	@ (10007654 <cyw43_delay_ms+0x3c>)
1000761c:	0006      	movs	r6, r0
1000761e:	681f      	ldr	r7, [r3, #0]
10007620:	f7f9 ff8e 	bl	10001540 <time_us_64>
10007624:	22fa      	movs	r2, #250	@ 0xfa
10007626:	0004      	movs	r4, r0
10007628:	000d      	movs	r5, r1
1000762a:	2300      	movs	r3, #0
1000762c:	0092      	lsls	r2, r2, #2
1000762e:	0030      	movs	r0, r6
10007630:	2100      	movs	r1, #0
10007632:	f7fa fe07 	bl	10002244 <__wrap___aeabi_lmul>
10007636:	0002      	movs	r2, r0
10007638:	000b      	movs	r3, r1
1000763a:	1912      	adds	r2, r2, r4
1000763c:	416b      	adcs	r3, r5
1000763e:	2b00      	cmp	r3, #0
10007640:	da02      	bge.n	10007648 <cyw43_delay_ms+0x30>
10007642:	2201      	movs	r2, #1
10007644:	4b04      	ldr	r3, [pc, #16]	@ (10007658 <cyw43_delay_ms+0x40>)
10007646:	4252      	negs	r2, r2
10007648:	6839      	ldr	r1, [r7, #0]
1000764a:	0038      	movs	r0, r7
1000764c:	6ac9      	ldr	r1, [r1, #44]	@ 0x2c
1000764e:	4788      	blx	r1
10007650:	bdf8      	pop	{r3, r4, r5, r6, r7, pc}
10007652:	46c0      	nop			@ (mov r8, r8)
10007654:	200009fc 	.word	0x200009fc
10007658:	7fffffff 	.word	0x7fffffff

1000765c <cyw43_cb_tcpip_deinit>:
1000765c:	4770      	bx	lr
1000765e:	46c0      	nop			@ (mov r8, r8)

10007660 <cyw43_cb_tcpip_set_link_up>:
10007660:	b510      	push	{r4, lr}
10007662:	4801      	ldr	r0, [pc, #4]	@ (10007668 <cyw43_cb_tcpip_set_link_up+0x8>)
10007664:	f7f8 ff0e 	bl	10000484 <panic>
10007668:	100082c0 	.word	0x100082c0

1000766c <cyw43_cb_tcpip_set_link_down>:
1000766c:	b510      	push	{r4, lr}
1000766e:	4801      	ldr	r0, [pc, #4]	@ (10007674 <cyw43_cb_tcpip_set_link_down+0x8>)
10007670:	f7f8 ff08 	bl	10000484 <panic>
10007674:	100082c0 	.word	0x100082c0

10007678 <cyw43_cb_process_ethernet>:
10007678:	b510      	push	{r4, lr}
1000767a:	4801      	ldr	r0, [pc, #4]	@ (10007680 <cyw43_cb_process_ethernet+0x8>)
1000767c:	f7f8 ff02 	bl	10000484 <panic>
10007680:	100082c0 	.word	0x100082c0

10007684 <async_context_threadsafe_background_acquire_lock_blocking>:
10007684:	b510      	push	{r4, lr}
10007686:	3030      	adds	r0, #48	@ 0x30
10007688:	f000 fbb2 	bl	10007df0 <__recursive_mutex_enter_blocking_veneer>
1000768c:	bd10      	pop	{r4, pc}
1000768e:	46c0      	nop			@ (mov r8, r8)

10007690 <alarm_handler>:
10007690:	2200      	movs	r2, #0
10007692:	2345      	movs	r3, #69	@ 0x45
10007694:	b510      	push	{r4, lr}
10007696:	000c      	movs	r4, r1
10007698:	54ca      	strb	r2, [r1, r3]
1000769a:	3b01      	subs	r3, #1
1000769c:	5cc8      	ldrb	r0, [r1, r3]
1000769e:	f7f8 ffdf 	bl	10000660 <irq_set_pending>
100076a2:	0020      	movs	r0, r4
100076a4:	3038      	adds	r0, #56	@ 0x38
100076a6:	f000 fb73 	bl	10007d90 <__sem_release_veneer>
100076aa:	2000      	movs	r0, #0
100076ac:	2100      	movs	r1, #0
100076ae:	bd10      	pop	{r4, pc}

100076b0 <async_context_threadsafe_background_set_work_pending>:
100076b0:	2301      	movs	r3, #1
100076b2:	b510      	push	{r4, lr}
100076b4:	0004      	movs	r4, r0
100076b6:	720b      	strb	r3, [r1, #8]
100076b8:	3343      	adds	r3, #67	@ 0x43
100076ba:	5cc0      	ldrb	r0, [r0, r3]
100076bc:	f7f8 ffd0 	bl	10000660 <irq_set_pending>
100076c0:	0020      	movs	r0, r4
100076c2:	3038      	adds	r0, #56	@ 0x38
100076c4:	f000 fb64 	bl	10007d90 <__sem_release_veneer>
100076c8:	bd10      	pop	{r4, pc}
100076ca:	46c0      	nop			@ (mov r8, r8)

100076cc <process_under_lock>:
100076cc:	b5f0      	push	{r4, r5, r6, r7, lr}
100076ce:	4b30      	ldr	r3, [pc, #192]	@ (10007790 <process_under_lock+0xc4>)
100076d0:	46d6      	mov	lr, sl
100076d2:	464f      	mov	r7, r9
100076d4:	4646      	mov	r6, r8
100076d6:	681a      	ldr	r2, [r3, #0]
100076d8:	685b      	ldr	r3, [r3, #4]
100076da:	0004      	movs	r4, r0
100076dc:	469a      	mov	sl, r3
100076de:	4b2d      	ldr	r3, [pc, #180]	@ (10007794 <process_under_lock+0xc8>)
100076e0:	4690      	mov	r8, r2
100076e2:	2545      	movs	r5, #69	@ 0x45
100076e4:	4699      	mov	r9, r3
100076e6:	b5c0      	push	{r6, r7, lr}
100076e8:	b084      	sub	sp, #16
100076ea:	0020      	movs	r0, r4
100076ec:	f000 f9e8 	bl	10007ac0 <async_context_base_execute_once>
100076f0:	0006      	movs	r6, r0
100076f2:	000f      	movs	r7, r1
100076f4:	f7f9 ff24 	bl	10001540 <time_us_64>
100076f8:	0032      	movs	r2, r6
100076fa:	003b      	movs	r3, r7
100076fc:	1a12      	subs	r2, r2, r0
100076fe:	418b      	sbcs	r3, r1
10007700:	2b00      	cmp	r3, #0
10007702:	dd29      	ble.n	10007758 <process_under_lock+0x8c>
10007704:	4546      	cmp	r6, r8
10007706:	d02d      	beq.n	10007764 <process_under_lock+0x98>
10007708:	5d63      	ldrb	r3, [r4, r5]
1000770a:	2b00      	cmp	r3, #0
1000770c:	d008      	beq.n	10007720 <process_under_lock+0x54>
1000770e:	6aa2      	ldr	r2, [r4, #40]	@ 0x28
10007710:	6ae3      	ldr	r3, [r4, #44]	@ 0x2c
10007712:	0030      	movs	r0, r6
10007714:	0039      	movs	r1, r7
10007716:	1a80      	subs	r0, r0, r2
10007718:	4199      	sbcs	r1, r3
1000771a:	2900      	cmp	r1, #0
1000771c:	dc27      	bgt.n	1000776e <process_under_lock+0xa2>
1000771e:	d033      	beq.n	10007788 <process_under_lock+0xbc>
10007720:	6c23      	ldr	r3, [r4, #64]	@ 0x40
10007722:	2b00      	cmp	r3, #0
10007724:	dd03      	ble.n	1000772e <process_under_lock+0x62>
10007726:	6c21      	ldr	r1, [r4, #64]	@ 0x40
10007728:	6a20      	ldr	r0, [r4, #32]
1000772a:	f7f9 fd51 	bl	100011d0 <alarm_pool_cancel_alarm>
1000772e:	2301      	movs	r3, #1
10007730:	62a6      	str	r6, [r4, #40]	@ 0x28
10007732:	62e7      	str	r7, [r4, #44]	@ 0x2c
10007734:	5563      	strb	r3, [r4, r5]
10007736:	2300      	movs	r3, #0
10007738:	6a20      	ldr	r0, [r4, #32]
1000773a:	9302      	str	r3, [sp, #8]
1000773c:	464b      	mov	r3, r9
1000773e:	0032      	movs	r2, r6
10007740:	9300      	str	r3, [sp, #0]
10007742:	9401      	str	r4, [sp, #4]
10007744:	003b      	movs	r3, r7
10007746:	f7f9 fc83 	bl	10001050 <alarm_pool_add_alarm_at>
1000774a:	6420      	str	r0, [r4, #64]	@ 0x40
1000774c:	6c23      	ldr	r3, [r4, #64]	@ 0x40
1000774e:	2b00      	cmp	r3, #0
10007750:	dc0d      	bgt.n	1000776e <process_under_lock+0xa2>
10007752:	2300      	movs	r3, #0
10007754:	5563      	strb	r3, [r4, r5]
10007756:	e7c8      	b.n	100076ea <process_under_lock+0x1e>
10007758:	2b00      	cmp	r3, #0
1000775a:	d1c6      	bne.n	100076ea <process_under_lock+0x1e>
1000775c:	2a00      	cmp	r2, #0
1000775e:	d0c4      	beq.n	100076ea <process_under_lock+0x1e>
10007760:	4546      	cmp	r6, r8
10007762:	d1d1      	bne.n	10007708 <process_under_lock+0x3c>
10007764:	4557      	cmp	r7, sl
10007766:	d1cf      	bne.n	10007708 <process_under_lock+0x3c>
10007768:	6c23      	ldr	r3, [r4, #64]	@ 0x40
1000776a:	2b00      	cmp	r3, #0
1000776c:	dc05      	bgt.n	1000777a <process_under_lock+0xae>
1000776e:	b004      	add	sp, #16
10007770:	bce0      	pop	{r5, r6, r7}
10007772:	46ba      	mov	sl, r7
10007774:	46b1      	mov	r9, r6
10007776:	46a8      	mov	r8, r5
10007778:	bdf0      	pop	{r4, r5, r6, r7, pc}
1000777a:	6c21      	ldr	r1, [r4, #64]	@ 0x40
1000777c:	6a20      	ldr	r0, [r4, #32]
1000777e:	f7f9 fd27 	bl	100011d0 <alarm_pool_cancel_alarm>
10007782:	2300      	movs	r3, #0
10007784:	6423      	str	r3, [r4, #64]	@ 0x40
10007786:	e7f2      	b.n	1000776e <process_under_lock+0xa2>
10007788:	2800      	cmp	r0, #0
1000778a:	d0c9      	beq.n	10007720 <process_under_lock+0x54>
1000778c:	e7ef      	b.n	1000776e <process_under_lock+0xa2>
1000778e:	46c0      	nop			@ (mov r8, r8)
10007790:	10008300 	.word	0x10008300
10007794:	10007691 	.word	0x10007691

10007798 <async_context_threadsafe_background_execute_sync>:
10007798:	b5f8      	push	{r3, r4, r5, r6, r7, lr}
1000779a:	0006      	movs	r6, r0
1000779c:	0017      	movs	r7, r2
1000779e:	3630      	adds	r6, #48	@ 0x30
100077a0:	0004      	movs	r4, r0
100077a2:	0030      	movs	r0, r6
100077a4:	000d      	movs	r5, r1
100077a6:	f000 fb23 	bl	10007df0 <__recursive_mutex_enter_blocking_veneer>
100077aa:	0038      	movs	r0, r7
100077ac:	47a8      	blx	r5
100077ae:	7973      	ldrb	r3, [r6, #5]
100077b0:	0005      	movs	r5, r0
100077b2:	2b01      	cmp	r3, #1
100077b4:	d004      	beq.n	100077c0 <async_context_threadsafe_background_execute_sync+0x28>
100077b6:	0030      	movs	r0, r6
100077b8:	f000 fb2a 	bl	10007e10 <__recursive_mutex_exit_veneer>
100077bc:	0028      	movs	r0, r5
100077be:	bdf8      	pop	{r3, r4, r5, r6, r7, pc}
100077c0:	0020      	movs	r0, r4
100077c2:	f7ff ff83 	bl	100076cc <process_under_lock>
100077c6:	e7f6      	b.n	100077b6 <async_context_threadsafe_background_execute_sync+0x1e>

100077c8 <async_context_threadsafe_background_deinit>:
100077c8:	b570      	push	{r4, r5, r6, lr}
100077ca:	2544      	movs	r5, #68	@ 0x44
100077cc:	0004      	movs	r4, r0
100077ce:	5d40      	ldrb	r0, [r0, r5]
100077d0:	2800      	cmp	r0, #0
100077d2:	d114      	bne.n	100077fe <async_context_threadsafe_background_deinit+0x36>
100077d4:	6c23      	ldr	r3, [r4, #64]	@ 0x40
100077d6:	2b00      	cmp	r3, #0
100077d8:	dd03      	ble.n	100077e2 <async_context_threadsafe_background_deinit+0x1a>
100077da:	6c21      	ldr	r1, [r4, #64]	@ 0x40
100077dc:	6a20      	ldr	r0, [r4, #32]
100077de:	f7f9 fcf7 	bl	100011d0 <alarm_pool_cancel_alarm>
100077e2:	0025      	movs	r5, r4
100077e4:	3530      	adds	r5, #48	@ 0x30
100077e6:	0028      	movs	r0, r5
100077e8:	f000 fb02 	bl	10007df0 <__recursive_mutex_enter_blocking_veneer>
100077ec:	0028      	movs	r0, r5
100077ee:	f000 fb0f 	bl	10007e10 <__recursive_mutex_exit_veneer>
100077f2:	2248      	movs	r2, #72	@ 0x48
100077f4:	2100      	movs	r1, #0
100077f6:	0020      	movs	r0, r4
100077f8:	f7fa fd7a 	bl	100022f0 <__wrap_memset>
100077fc:	bd70      	pop	{r4, r5, r6, pc}
100077fe:	2100      	movs	r1, #0
10007800:	f7f8 ff1c 	bl	1000063c <irq_set_enabled>
10007804:	4904      	ldr	r1, [pc, #16]	@ (10007818 <async_context_threadsafe_background_deinit+0x50>)
10007806:	5d60      	ldrb	r0, [r4, r5]
10007808:	f7f9 f856 	bl	100008b8 <irq_remove_handler>
1000780c:	5d60      	ldrb	r0, [r4, r5]
1000780e:	f7f9 f9ab 	bl	10000b68 <user_irq_unclaim>
10007812:	2300      	movs	r3, #0
10007814:	5563      	strb	r3, [r4, r5]
10007816:	e7dd      	b.n	100077d4 <async_context_threadsafe_background_deinit+0xc>
10007818:	1000781d 	.word	0x1000781d

1000781c <low_priority_irq_handler>:
1000781c:	b570      	push	{r4, r5, r6, lr}
1000781e:	f3ef 8305 	mrs	r3, IPSR
10007822:	4a0c      	ldr	r2, [pc, #48]	@ (10007854 <low_priority_irq_handler+0x38>)
10007824:	3b2a      	subs	r3, #42	@ 0x2a
10007826:	009b      	lsls	r3, r3, #2
10007828:	589c      	ldr	r4, [r3, r2]
1000782a:	2c00      	cmp	r4, #0
1000782c:	d00d      	beq.n	1000784a <low_priority_irq_handler+0x2e>
1000782e:	0025      	movs	r5, r4
10007830:	3530      	adds	r5, #48	@ 0x30
10007832:	2100      	movs	r1, #0
10007834:	0028      	movs	r0, r5
10007836:	f000 facb 	bl	10007dd0 <__recursive_mutex_try_enter_veneer>
1000783a:	2800      	cmp	r0, #0
1000783c:	d005      	beq.n	1000784a <low_priority_irq_handler+0x2e>
1000783e:	796b      	ldrb	r3, [r5, #5]
10007840:	2b01      	cmp	r3, #1
10007842:	d003      	beq.n	1000784c <low_priority_irq_handler+0x30>
10007844:	0028      	movs	r0, r5
10007846:	f000 fae3 	bl	10007e10 <__recursive_mutex_exit_veneer>
1000784a:	bd70      	pop	{r4, r5, r6, pc}
1000784c:	0020      	movs	r0, r4
1000784e:	f7ff ff3d 	bl	100076cc <process_under_lock>
10007852:	e7f7      	b.n	10007844 <low_priority_irq_handler+0x28>
10007854:	200008a4 	.word	0x200008a4

10007858 <async_context_threadsafe_background_wait_for_work_until>:
10007858:	b510      	push	{r4, lr}
1000785a:	3038      	adds	r0, #56	@ 0x38
1000785c:	f000 fae0 	bl	10007e20 <__sem_acquire_block_until_veneer>
10007860:	bd10      	pop	{r4, pc}
10007862:	46c0      	nop			@ (mov r8, r8)

10007864 <async_context_threadsafe_background_wait_until>:
10007864:	0010      	movs	r0, r2
10007866:	0019      	movs	r1, r3
10007868:	b510      	push	{r4, lr}
1000786a:	f3ef 8305 	mrs	r3, IPSR
1000786e:	2b00      	cmp	r3, #0
10007870:	d002      	beq.n	10007878 <async_context_threadsafe_background_wait_until+0x14>
10007872:	f7f9 fe6f 	bl	10001554 <busy_wait_until>
10007876:	bd10      	pop	{r4, pc}
10007878:	f7f9 fce4 	bl	10001244 <sleep_until>
1000787c:	e7fb      	b.n	10007876 <async_context_threadsafe_background_wait_until+0x12>
1000787e:	46c0      	nop			@ (mov r8, r8)

10007880 <async_context_threadsafe_background_lock_check>:
10007880:	b510      	push	{r4, lr}
10007882:	3030      	adds	r0, #48	@ 0x30
10007884:	7943      	ldrb	r3, [r0, #5]
10007886:	2b00      	cmp	r3, #0
10007888:	d008      	beq.n	1000789c <async_context_threadsafe_background_lock_check+0x1c>
1000788a:	23d0      	movs	r3, #208	@ 0xd0
1000788c:	2200      	movs	r2, #0
1000788e:	061b      	lsls	r3, r3, #24
10007890:	569a      	ldrsb	r2, [r3, r2]
10007892:	2304      	movs	r3, #4
10007894:	56c3      	ldrsb	r3, [r0, r3]
10007896:	429a      	cmp	r2, r3
10007898:	d100      	bne.n	1000789c <async_context_threadsafe_background_lock_check+0x1c>
1000789a:	bd10      	pop	{r4, pc}
1000789c:	4801      	ldr	r0, [pc, #4]	@ (100078a4 <async_context_threadsafe_background_lock_check+0x24>)
1000789e:	f7f8 fdf1 	bl	10000484 <panic>
100078a2:	46c0      	nop			@ (mov r8, r8)
100078a4:	100082e0 	.word	0x100082e0

100078a8 <async_context_threadsafe_background_release_lock>:
100078a8:	b510      	push	{r4, lr}
100078aa:	0004      	movs	r4, r0
100078ac:	3430      	adds	r4, #48	@ 0x30
100078ae:	7963      	ldrb	r3, [r4, #5]
100078b0:	2b01      	cmp	r3, #1
100078b2:	d003      	beq.n	100078bc <async_context_threadsafe_background_release_lock+0x14>
100078b4:	0020      	movs	r0, r4
100078b6:	f000 faab 	bl	10007e10 <__recursive_mutex_exit_veneer>
100078ba:	bd10      	pop	{r4, pc}
100078bc:	f7ff ff06 	bl	100076cc <process_under_lock>
100078c0:	e7f8      	b.n	100078b4 <async_context_threadsafe_background_release_lock+0xc>
100078c2:	46c0      	nop			@ (mov r8, r8)

100078c4 <async_context_threadsafe_background_when_pending_worker>:
100078c4:	b570      	push	{r4, r5, r6, lr}
100078c6:	0006      	movs	r6, r0
100078c8:	000d      	movs	r5, r1
100078ca:	0004      	movs	r4, r0
100078cc:	3630      	adds	r6, #48	@ 0x30
100078ce:	0030      	movs	r0, r6
100078d0:	f000 fa8e 	bl	10007df0 <__recursive_mutex_enter_blocking_veneer>
100078d4:	0029      	movs	r1, r5
100078d6:	0020      	movs	r0, r4
100078d8:	f000 f8e0 	bl	10007a9c <async_context_base_remove_when_pending_worker>
100078dc:	7973      	ldrb	r3, [r6, #5]
100078de:	0005      	movs	r5, r0
100078e0:	2b01      	cmp	r3, #1
100078e2:	d004      	beq.n	100078ee <async_context_threadsafe_background_when_pending_worker+0x2a>
100078e4:	0030      	movs	r0, r6
100078e6:	f000 fa93 	bl	10007e10 <__recursive_mutex_exit_veneer>
100078ea:	0028      	movs	r0, r5
100078ec:	bd70      	pop	{r4, r5, r6, pc}
100078ee:	0020      	movs	r0, r4
100078f0:	f7ff feec 	bl	100076cc <process_under_lock>
100078f4:	e7f6      	b.n	100078e4 <async_context_threadsafe_background_when_pending_worker+0x20>
100078f6:	46c0      	nop			@ (mov r8, r8)

100078f8 <async_context_threadsafe_background_add_when_pending_worker>:
100078f8:	b570      	push	{r4, r5, r6, lr}
100078fa:	0006      	movs	r6, r0
100078fc:	000d      	movs	r5, r1
100078fe:	0004      	movs	r4, r0
10007900:	3630      	adds	r6, #48	@ 0x30
10007902:	0030      	movs	r0, r6
10007904:	f000 fa74 	bl	10007df0 <__recursive_mutex_enter_blocking_veneer>
10007908:	0029      	movs	r1, r5
1000790a:	0020      	movs	r0, r4
1000790c:	f000 f8b4 	bl	10007a78 <async_context_base_add_when_pending_worker>
10007910:	7973      	ldrb	r3, [r6, #5]
10007912:	0005      	movs	r5, r0
10007914:	2b01      	cmp	r3, #1
10007916:	d004      	beq.n	10007922 <async_context_threadsafe_background_add_when_pending_worker+0x2a>
10007918:	0030      	movs	r0, r6
1000791a:	f000 fa79 	bl	10007e10 <__recursive_mutex_exit_veneer>
1000791e:	0028      	movs	r0, r5
10007920:	bd70      	pop	{r4, r5, r6, pc}
10007922:	0020      	movs	r0, r4
10007924:	f7ff fed2 	bl	100076cc <process_under_lock>
10007928:	e7f6      	b.n	10007918 <async_context_threadsafe_background_add_when_pending_worker+0x20>
1000792a:	46c0      	nop			@ (mov r8, r8)

1000792c <async_context_threadsafe_background_remove_at_time_worker>:
1000792c:	b570      	push	{r4, r5, r6, lr}
1000792e:	0006      	movs	r6, r0
10007930:	000d      	movs	r5, r1
10007932:	0004      	movs	r4, r0
10007934:	3630      	adds	r6, #48	@ 0x30
10007936:	0030      	movs	r0, r6
10007938:	f000 fa5a 	bl	10007df0 <__recursive_mutex_enter_blocking_veneer>
1000793c:	0029      	movs	r1, r5
1000793e:	0020      	movs	r0, r4
10007940:	f000 f888 	bl	10007a54 <async_context_base_remove_at_time_worker>
10007944:	7973      	ldrb	r3, [r6, #5]
10007946:	0005      	movs	r5, r0
10007948:	2b01      	cmp	r3, #1
1000794a:	d004      	beq.n	10007956 <async_context_threadsafe_background_remove_at_time_worker+0x2a>
1000794c:	0030      	movs	r0, r6
1000794e:	f000 fa5f 	bl	10007e10 <__recursive_mutex_exit_veneer>
10007952:	0028      	movs	r0, r5
10007954:	bd70      	pop	{r4, r5, r6, pc}
10007956:	0020      	movs	r0, r4
10007958:	f7ff feb8 	bl	100076cc <process_under_lock>
1000795c:	e7f6      	b.n	1000794c <async_context_threadsafe_background_remove_at_time_worker+0x20>
1000795e:	46c0      	nop			@ (mov r8, r8)

10007960 <async_context_threadsafe_background_add_at_time_worker>:
10007960:	b570      	push	{r4, r5, r6, lr}
10007962:	0006      	movs	r6, r0
10007964:	000d      	movs	r5, r1
10007966:	0004      	movs	r4, r0
10007968:	3630      	adds	r6, #48	@ 0x30
1000796a:	0030      	movs	r0, r6
1000796c:	f000 fa40 	bl	10007df0 <__recursive_mutex_enter_blocking_veneer>
10007970:	0029      	movs	r1, r5
10007972:	0020      	movs	r0, r4
10007974:	f000 f85a 	bl	10007a2c <async_context_base_add_at_time_worker>
10007978:	7973      	ldrb	r3, [r6, #5]
1000797a:	0005      	movs	r5, r0
1000797c:	2b01      	cmp	r3, #1
1000797e:	d004      	beq.n	1000798a <async_context_threadsafe_background_add_at_time_worker+0x2a>
10007980:	0030      	movs	r0, r6
10007982:	f000 fa45 	bl	10007e10 <__recursive_mutex_exit_veneer>
10007986:	0028      	movs	r0, r5
10007988:	bd70      	pop	{r4, r5, r6, pc}
1000798a:	0020      	movs	r0, r4
1000798c:	f7ff fe9e 	bl	100076cc <process_under_lock>
10007990:	e7f6      	b.n	10007980 <async_context_threadsafe_background_add_at_time_worker+0x20>
10007992:	46c0      	nop			@ (mov r8, r8)

10007994 <async_context_threadsafe_background_default_config>:
10007994:	23ff      	movs	r3, #255	@ 0xff
10007996:	7003      	strb	r3, [r0, #0]
10007998:	2300      	movs	r3, #0
1000799a:	6043      	str	r3, [r0, #4]
1000799c:	4770      	bx	lr
1000799e:	46c0      	nop			@ (mov r8, r8)

100079a0 <async_context_threadsafe_background_init>:
100079a0:	b570      	push	{r4, r5, r6, lr}
100079a2:	0004      	movs	r4, r0
100079a4:	000d      	movs	r5, r1
100079a6:	2244      	movs	r2, #68	@ 0x44
100079a8:	2100      	movs	r1, #0
100079aa:	3004      	adds	r0, #4
100079ac:	f7fa fca0 	bl	100022f0 <__wrap_memset>
100079b0:	4b1b      	ldr	r3, [pc, #108]	@ (10007a20 <async_context_threadsafe_background_init+0x80>)
100079b2:	6023      	str	r3, [r4, #0]
100079b4:	2303      	movs	r3, #3
100079b6:	8323      	strh	r3, [r4, #24]
100079b8:	23d0      	movs	r3, #208	@ 0xd0
100079ba:	061b      	lsls	r3, r3, #24
100079bc:	681b      	ldr	r3, [r3, #0]
100079be:	76a3      	strb	r3, [r4, #26]
100079c0:	6868      	ldr	r0, [r5, #4]
100079c2:	2800      	cmp	r0, #0
100079c4:	d028      	beq.n	10007a18 <async_context_threadsafe_background_init+0x78>
100079c6:	6220      	str	r0, [r4, #32]
100079c8:	0020      	movs	r0, r4
100079ca:	2201      	movs	r2, #1
100079cc:	2101      	movs	r1, #1
100079ce:	3038      	adds	r0, #56	@ 0x38
100079d0:	f7f9 f8ea 	bl	10000ba8 <sem_init>
100079d4:	0020      	movs	r0, r4
100079d6:	3030      	adds	r0, #48	@ 0x30
100079d8:	f7f9 f926 	bl	10000c28 <recursive_mutex_init>
100079dc:	2000      	movs	r0, #0
100079de:	782e      	ldrb	r6, [r5, #0]
100079e0:	f7f9 f8cc 	bl	10000b7c <user_irq_claim_unused>
100079e4:	0003      	movs	r3, r0
100079e6:	2000      	movs	r0, #0
100079e8:	2b00      	cmp	r3, #0
100079ea:	db14      	blt.n	10007a16 <async_context_threadsafe_background_init+0x76>
100079ec:	0019      	movs	r1, r3
100079ee:	2544      	movs	r5, #68	@ 0x44
100079f0:	4a0c      	ldr	r2, [pc, #48]	@ (10007a24 <async_context_threadsafe_background_init+0x84>)
100079f2:	391a      	subs	r1, #26
100079f4:	0089      	lsls	r1, r1, #2
100079f6:	30ff      	adds	r0, #255	@ 0xff
100079f8:	508c      	str	r4, [r1, r2]
100079fa:	4018      	ands	r0, r3
100079fc:	5563      	strb	r3, [r4, r5]
100079fe:	490a      	ldr	r1, [pc, #40]	@ (10007a28 <async_context_threadsafe_background_init+0x88>)
10007a00:	f7f8 fe36 	bl	10000670 <irq_set_exclusive_handler>
10007a04:	2101      	movs	r1, #1
10007a06:	5d60      	ldrb	r0, [r4, r5]
10007a08:	f7f8 fe18 	bl	1000063c <irq_set_enabled>
10007a0c:	5d60      	ldrb	r0, [r4, r5]
10007a0e:	0031      	movs	r1, r6
10007a10:	f7f9 f83c 	bl	10000a8c <irq_set_priority>
10007a14:	2001      	movs	r0, #1
10007a16:	bd70      	pop	{r4, r5, r6, pc}
10007a18:	f7f9 fb16 	bl	10001048 <alarm_pool_get_default>
10007a1c:	e7d3      	b.n	100079c6 <async_context_threadsafe_background_init+0x26>
10007a1e:	46c0      	nop			@ (mov r8, r8)
10007a20:	1003fac0 	.word	0x1003fac0
10007a24:	200008a4 	.word	0x200008a4
10007a28:	1000781d 	.word	0x1000781d

10007a2c <async_context_base_add_at_time_worker>:
10007a2c:	6883      	ldr	r3, [r0, #8]
10007a2e:	2b00      	cmp	r3, #0
10007a30:	d104      	bne.n	10007a3c <async_context_base_add_at_time_worker+0x10>
10007a32:	e007      	b.n	10007a44 <async_context_base_add_at_time_worker+0x18>
10007a34:	681a      	ldr	r2, [r3, #0]
10007a36:	2a00      	cmp	r2, #0
10007a38:	d006      	beq.n	10007a48 <async_context_base_add_at_time_worker+0x1c>
10007a3a:	0013      	movs	r3, r2
10007a3c:	428b      	cmp	r3, r1
10007a3e:	d1f9      	bne.n	10007a34 <async_context_base_add_at_time_worker+0x8>
10007a40:	2000      	movs	r0, #0
10007a42:	e005      	b.n	10007a50 <async_context_base_add_at_time_worker+0x24>
10007a44:	0003      	movs	r3, r0
10007a46:	3308      	adds	r3, #8
10007a48:	6019      	str	r1, [r3, #0]
10007a4a:	2300      	movs	r3, #0
10007a4c:	2001      	movs	r0, #1
10007a4e:	600b      	str	r3, [r1, #0]
10007a50:	4770      	bx	lr
10007a52:	46c0      	nop			@ (mov r8, r8)

10007a54 <async_context_base_remove_at_time_worker>:
10007a54:	0002      	movs	r2, r0
10007a56:	6883      	ldr	r3, [r0, #8]
10007a58:	3208      	adds	r2, #8
10007a5a:	2b00      	cmp	r3, #0
10007a5c:	d104      	bne.n	10007a68 <async_context_base_remove_at_time_worker+0x14>
10007a5e:	e009      	b.n	10007a74 <async_context_base_remove_at_time_worker+0x20>
10007a60:	001a      	movs	r2, r3
10007a62:	681b      	ldr	r3, [r3, #0]
10007a64:	2b00      	cmp	r3, #0
10007a66:	d005      	beq.n	10007a74 <async_context_base_remove_at_time_worker+0x20>
10007a68:	428b      	cmp	r3, r1
10007a6a:	d1f9      	bne.n	10007a60 <async_context_base_remove_at_time_worker+0xc>
10007a6c:	681b      	ldr	r3, [r3, #0]
10007a6e:	2001      	movs	r0, #1
10007a70:	6013      	str	r3, [r2, #0]
10007a72:	e000      	b.n	10007a76 <async_context_base_remove_at_time_worker+0x22>
10007a74:	2000      	movs	r0, #0
10007a76:	4770      	bx	lr

10007a78 <async_context_base_add_when_pending_worker>:
10007a78:	6843      	ldr	r3, [r0, #4]
10007a7a:	2b00      	cmp	r3, #0
10007a7c:	d104      	bne.n	10007a88 <async_context_base_add_when_pending_worker+0x10>
10007a7e:	e007      	b.n	10007a90 <async_context_base_add_when_pending_worker+0x18>
10007a80:	681a      	ldr	r2, [r3, #0]
10007a82:	2a00      	cmp	r2, #0
10007a84:	d005      	beq.n	10007a92 <async_context_base_add_when_pending_worker+0x1a>
10007a86:	0013      	movs	r3, r2
10007a88:	428b      	cmp	r3, r1
10007a8a:	d1f9      	bne.n	10007a80 <async_context_base_add_when_pending_worker+0x8>
10007a8c:	2000      	movs	r0, #0
10007a8e:	e004      	b.n	10007a9a <async_context_base_add_when_pending_worker+0x22>
10007a90:	1d03      	adds	r3, r0, #4
10007a92:	6019      	str	r1, [r3, #0]
10007a94:	2300      	movs	r3, #0
10007a96:	2001      	movs	r0, #1
10007a98:	600b      	str	r3, [r1, #0]
10007a9a:	4770      	bx	lr

10007a9c <async_context_base_remove_when_pending_worker>:
10007a9c:	6843      	ldr	r3, [r0, #4]
10007a9e:	1d02      	adds	r2, r0, #4
10007aa0:	2b00      	cmp	r3, #0
10007aa2:	d104      	bne.n	10007aae <async_context_base_remove_when_pending_worker+0x12>
10007aa4:	e009      	b.n	10007aba <async_context_base_remove_when_pending_worker+0x1e>
10007aa6:	001a      	movs	r2, r3
10007aa8:	681b      	ldr	r3, [r3, #0]
10007aaa:	2b00      	cmp	r3, #0
10007aac:	d005      	beq.n	10007aba <async_context_base_remove_when_pending_worker+0x1e>
10007aae:	428b      	cmp	r3, r1
10007ab0:	d1f9      	bne.n	10007aa6 <async_context_base_remove_when_pending_worker+0xa>
10007ab2:	681b      	ldr	r3, [r3, #0]
10007ab4:	2001      	movs	r0, #1
10007ab6:	6013      	str	r3, [r2, #0]
10007ab8:	e000      	b.n	10007abc <async_context_base_remove_when_pending_worker+0x20>
10007aba:	2000      	movs	r0, #0
10007abc:	4770      	bx	lr
10007abe:	46c0      	nop			@ (mov r8, r8)

10007ac0 <async_context_base_execute_once>:
10007ac0:	b5f0      	push	{r4, r5, r6, r7, lr}
10007ac2:	4657      	mov	r7, sl
10007ac4:	46de      	mov	lr, fp
10007ac6:	4646      	mov	r6, r8
10007ac8:	b5c0      	push	{r6, r7, lr}
10007aca:	4b3e      	ldr	r3, [pc, #248]	@ (10007bc4 <async_context_base_execute_once+0x104>)
10007acc:	b082      	sub	sp, #8
10007ace:	681a      	ldr	r2, [r3, #0]
10007ad0:	685b      	ldr	r3, [r3, #4]
10007ad2:	9200      	str	r2, [sp, #0]
10007ad4:	9301      	str	r3, [sp, #4]
10007ad6:	6883      	ldr	r3, [r0, #8]
10007ad8:	4682      	mov	sl, r0
10007ada:	2b00      	cmp	r3, #0
10007adc:	d02c      	beq.n	10007b38 <async_context_base_execute_once+0x78>
10007ade:	2308      	movs	r3, #8
10007ae0:	4453      	add	r3, sl
10007ae2:	469b      	mov	fp, r3
10007ae4:	f7f9 fd2c 	bl	10001540 <time_us_64>
10007ae8:	4653      	mov	r3, sl
10007aea:	689b      	ldr	r3, [r3, #8]
10007aec:	0004      	movs	r4, r0
10007aee:	000d      	movs	r5, r1
10007af0:	465f      	mov	r7, fp
10007af2:	2b00      	cmp	r3, #0
10007af4:	d020      	beq.n	10007b38 <async_context_base_execute_once+0x78>
10007af6:	2200      	movs	r2, #0
10007af8:	001e      	movs	r6, r3
10007afa:	4694      	mov	ip, r2
10007afc:	4698      	mov	r8, r3
10007afe:	68b2      	ldr	r2, [r6, #8]
10007b00:	68f3      	ldr	r3, [r6, #12]
10007b02:	0020      	movs	r0, r4
10007b04:	0029      	movs	r1, r5
10007b06:	1a80      	subs	r0, r0, r2
10007b08:	4199      	sbcs	r1, r3
10007b0a:	2900      	cmp	r1, #0
10007b0c:	db02      	blt.n	10007b14 <async_context_base_execute_once+0x54>
10007b0e:	0014      	movs	r4, r2
10007b10:	001d      	movs	r5, r3
10007b12:	46bc      	mov	ip, r7
10007b14:	0037      	movs	r7, r6
10007b16:	6836      	ldr	r6, [r6, #0]
10007b18:	2e00      	cmp	r6, #0
10007b1a:	d1f0      	bne.n	10007afe <async_context_base_execute_once+0x3e>
10007b1c:	4662      	mov	r2, ip
10007b1e:	4643      	mov	r3, r8
10007b20:	2a00      	cmp	r2, #0
10007b22:	d048      	beq.n	10007bb6 <async_context_base_execute_once+0xf6>
10007b24:	6811      	ldr	r1, [r2, #0]
10007b26:	4650      	mov	r0, sl
10007b28:	680b      	ldr	r3, [r1, #0]
10007b2a:	6013      	str	r3, [r2, #0]
10007b2c:	684b      	ldr	r3, [r1, #4]
10007b2e:	4798      	blx	r3
10007b30:	4653      	mov	r3, sl
10007b32:	689b      	ldr	r3, [r3, #8]
10007b34:	2b00      	cmp	r3, #0
10007b36:	d1d5      	bne.n	10007ae4 <async_context_base_execute_once+0x24>
10007b38:	4653      	mov	r3, sl
10007b3a:	685c      	ldr	r4, [r3, #4]
10007b3c:	2c00      	cmp	r4, #0
10007b3e:	d029      	beq.n	10007b94 <async_context_base_execute_once+0xd4>
10007b40:	2500      	movs	r5, #0
10007b42:	4656      	mov	r6, sl
10007b44:	7a23      	ldrb	r3, [r4, #8]
10007b46:	2b00      	cmp	r3, #0
10007b48:	d031      	beq.n	10007bae <async_context_base_execute_once+0xee>
10007b4a:	0021      	movs	r1, r4
10007b4c:	6863      	ldr	r3, [r4, #4]
10007b4e:	7225      	strb	r5, [r4, #8]
10007b50:	0030      	movs	r0, r6
10007b52:	4798      	blx	r3
10007b54:	6824      	ldr	r4, [r4, #0]
10007b56:	2c00      	cmp	r4, #0
10007b58:	d1f4      	bne.n	10007b44 <async_context_base_execute_once+0x84>
10007b5a:	68b1      	ldr	r1, [r6, #8]
10007b5c:	46b2      	mov	sl, r6
10007b5e:	2900      	cmp	r1, #0
10007b60:	d018      	beq.n	10007b94 <async_context_base_execute_once+0xd4>
10007b62:	9c00      	ldr	r4, [sp, #0]
10007b64:	9d01      	ldr	r5, [sp, #4]
10007b66:	000e      	movs	r6, r1
10007b68:	e003      	b.n	10007b72 <async_context_base_execute_once+0xb2>
10007b6a:	0004      	movs	r4, r0
10007b6c:	000d      	movs	r5, r1
10007b6e:	2e00      	cmp	r6, #0
10007b70:	d00e      	beq.n	10007b90 <async_context_base_execute_once+0xd0>
10007b72:	0033      	movs	r3, r6
10007b74:	0022      	movs	r2, r4
10007b76:	6898      	ldr	r0, [r3, #8]
10007b78:	68d9      	ldr	r1, [r3, #12]
10007b7a:	002b      	movs	r3, r5
10007b7c:	1a12      	subs	r2, r2, r0
10007b7e:	418b      	sbcs	r3, r1
10007b80:	6836      	ldr	r6, [r6, #0]
10007b82:	2b00      	cmp	r3, #0
10007b84:	dcf1      	bgt.n	10007b6a <async_context_base_execute_once+0xaa>
10007b86:	d1f2      	bne.n	10007b6e <async_context_base_execute_once+0xae>
10007b88:	2a00      	cmp	r2, #0
10007b8a:	d1ee      	bne.n	10007b6a <async_context_base_execute_once+0xaa>
10007b8c:	2e00      	cmp	r6, #0
10007b8e:	d1f0      	bne.n	10007b72 <async_context_base_execute_once+0xb2>
10007b90:	9400      	str	r4, [sp, #0]
10007b92:	9501      	str	r5, [sp, #4]
10007b94:	9b00      	ldr	r3, [sp, #0]
10007b96:	9c01      	ldr	r4, [sp, #4]
10007b98:	4652      	mov	r2, sl
10007b9a:	0018      	movs	r0, r3
10007b9c:	0021      	movs	r1, r4
10007b9e:	6113      	str	r3, [r2, #16]
10007ba0:	6154      	str	r4, [r2, #20]
10007ba2:	b002      	add	sp, #8
10007ba4:	bce0      	pop	{r5, r6, r7}
10007ba6:	46bb      	mov	fp, r7
10007ba8:	46b2      	mov	sl, r6
10007baa:	46a8      	mov	r8, r5
10007bac:	bdf0      	pop	{r4, r5, r6, r7, pc}
10007bae:	6824      	ldr	r4, [r4, #0]
10007bb0:	2c00      	cmp	r4, #0
10007bb2:	d1c7      	bne.n	10007b44 <async_context_base_execute_once+0x84>
10007bb4:	e7d1      	b.n	10007b5a <async_context_base_execute_once+0x9a>
10007bb6:	0019      	movs	r1, r3
10007bb8:	4653      	mov	r3, sl
10007bba:	685c      	ldr	r4, [r3, #4]
10007bbc:	2c00      	cmp	r4, #0
10007bbe:	d1bf      	bne.n	10007b40 <async_context_base_execute_once+0x80>
10007bc0:	e7cf      	b.n	10007b62 <async_context_base_execute_once+0xa2>
10007bc2:	46c0      	nop			@ (mov r8, r8)
10007bc4:	10008300 	.word	0x10008300

10007bc8 <memmove>:
10007bc8:	b5f0      	push	{r4, r5, r6, r7, lr}
10007bca:	46c6      	mov	lr, r8
10007bcc:	b500      	push	{lr}
10007bce:	4288      	cmp	r0, r1
10007bd0:	d912      	bls.n	10007bf8 <memmove+0x30>
10007bd2:	188c      	adds	r4, r1, r2
10007bd4:	4284      	cmp	r4, r0
10007bd6:	d90f      	bls.n	10007bf8 <memmove+0x30>
10007bd8:	1885      	adds	r5, r0, r2
10007bda:	2a03      	cmp	r2, #3
10007bdc:	d858      	bhi.n	10007c90 <memmove+0xc8>
10007bde:	1e53      	subs	r3, r2, #1
10007be0:	2a00      	cmp	r2, #0
10007be2:	d006      	beq.n	10007bf2 <memmove+0x2a>
10007be4:	43da      	mvns	r2, r3
10007be6:	18a4      	adds	r4, r4, r2
10007be8:	18ad      	adds	r5, r5, r2
10007bea:	5ce2      	ldrb	r2, [r4, r3]
10007bec:	54ea      	strb	r2, [r5, r3]
10007bee:	3b01      	subs	r3, #1
10007bf0:	d2fb      	bcs.n	10007bea <memmove+0x22>
10007bf2:	bc80      	pop	{r7}
10007bf4:	46b8      	mov	r8, r7
10007bf6:	bdf0      	pop	{r4, r5, r6, r7, pc}
10007bf8:	2a03      	cmp	r2, #3
10007bfa:	d80b      	bhi.n	10007c14 <memmove+0x4c>
10007bfc:	0005      	movs	r5, r0
10007bfe:	1e56      	subs	r6, r2, #1
10007c00:	2a00      	cmp	r2, #0
10007c02:	d0f6      	beq.n	10007bf2 <memmove+0x2a>
10007c04:	2300      	movs	r3, #0
10007c06:	5ccc      	ldrb	r4, [r1, r3]
10007c08:	001a      	movs	r2, r3
10007c0a:	54ec      	strb	r4, [r5, r3]
10007c0c:	3301      	adds	r3, #1
10007c0e:	4296      	cmp	r6, r2
10007c10:	d1f9      	bne.n	10007c06 <memmove+0x3e>
10007c12:	e7ee      	b.n	10007bf2 <memmove+0x2a>
10007c14:	2503      	movs	r5, #3
10007c16:	000c      	movs	r4, r1
10007c18:	002e      	movs	r6, r5
10007c1a:	4304      	orrs	r4, r0
10007c1c:	0003      	movs	r3, r0
10007c1e:	4026      	ands	r6, r4
10007c20:	4225      	tst	r5, r4
10007c22:	d132      	bne.n	10007c8a <memmove+0xc2>
10007c24:	2a0f      	cmp	r2, #15
10007c26:	d94b      	bls.n	10007cc0 <memmove+0xf8>
10007c28:	2710      	movs	r7, #16
10007c2a:	0015      	movs	r5, r2
10007c2c:	46bc      	mov	ip, r7
10007c2e:	000c      	movs	r4, r1
10007c30:	3d10      	subs	r5, #16
10007c32:	092d      	lsrs	r5, r5, #4
10007c34:	012d      	lsls	r5, r5, #4
10007c36:	46a8      	mov	r8, r5
10007c38:	1945      	adds	r5, r0, r5
10007c3a:	44ac      	add	ip, r5
10007c3c:	6827      	ldr	r7, [r4, #0]
10007c3e:	601f      	str	r7, [r3, #0]
10007c40:	6867      	ldr	r7, [r4, #4]
10007c42:	605f      	str	r7, [r3, #4]
10007c44:	68a7      	ldr	r7, [r4, #8]
10007c46:	609f      	str	r7, [r3, #8]
10007c48:	68e7      	ldr	r7, [r4, #12]
10007c4a:	3410      	adds	r4, #16
10007c4c:	60df      	str	r7, [r3, #12]
10007c4e:	001f      	movs	r7, r3
10007c50:	3310      	adds	r3, #16
10007c52:	42bd      	cmp	r5, r7
10007c54:	d1f2      	bne.n	10007c3c <memmove+0x74>
10007c56:	230f      	movs	r3, #15
10007c58:	240c      	movs	r4, #12
10007c5a:	3110      	adds	r1, #16
10007c5c:	4013      	ands	r3, r2
10007c5e:	4014      	ands	r4, r2
10007c60:	4665      	mov	r5, ip
10007c62:	001a      	movs	r2, r3
10007c64:	4441      	add	r1, r8
10007c66:	2c00      	cmp	r4, #0
10007c68:	d0c9      	beq.n	10007bfe <memmove+0x36>
10007c6a:	598a      	ldr	r2, [r1, r6]
10007c6c:	51aa      	str	r2, [r5, r6]
10007c6e:	3604      	adds	r6, #4
10007c70:	1b9a      	subs	r2, r3, r6
10007c72:	2a03      	cmp	r2, #3
10007c74:	d8f9      	bhi.n	10007c6a <memmove+0xa2>
10007c76:	2203      	movs	r2, #3
10007c78:	401a      	ands	r2, r3
10007c7a:	089b      	lsrs	r3, r3, #2
10007c7c:	3b01      	subs	r3, #1
10007c7e:	009b      	lsls	r3, r3, #2
10007c80:	3104      	adds	r1, #4
10007c82:	3504      	adds	r5, #4
10007c84:	18c9      	adds	r1, r1, r3
10007c86:	18ed      	adds	r5, r5, r3
10007c88:	e7b9      	b.n	10007bfe <memmove+0x36>
10007c8a:	0005      	movs	r5, r0
10007c8c:	1e56      	subs	r6, r2, #1
10007c8e:	e7b9      	b.n	10007c04 <memmove+0x3c>
10007c90:	002b      	movs	r3, r5
10007c92:	4323      	orrs	r3, r4
10007c94:	079b      	lsls	r3, r3, #30
10007c96:	d001      	beq.n	10007c9c <memmove+0xd4>
10007c98:	1e53      	subs	r3, r2, #1
10007c9a:	e7a3      	b.n	10007be4 <memmove+0x1c>
10007c9c:	0013      	movs	r3, r2
10007c9e:	3904      	subs	r1, #4
10007ca0:	1f07      	subs	r7, r0, #4
10007ca2:	58ce      	ldr	r6, [r1, r3]
10007ca4:	50fe      	str	r6, [r7, r3]
10007ca6:	3b04      	subs	r3, #4
10007ca8:	2b03      	cmp	r3, #3
10007caa:	d8fa      	bhi.n	10007ca2 <memmove+0xda>
10007cac:	2103      	movs	r1, #3
10007cae:	1f13      	subs	r3, r2, #4
10007cb0:	089b      	lsrs	r3, r3, #2
10007cb2:	009b      	lsls	r3, r3, #2
10007cb4:	1ae4      	subs	r4, r4, r3
10007cb6:	1aed      	subs	r5, r5, r3
10007cb8:	400a      	ands	r2, r1
10007cba:	3c04      	subs	r4, #4
10007cbc:	3d04      	subs	r5, #4
10007cbe:	e78e      	b.n	10007bde <memmove+0x16>
10007cc0:	0013      	movs	r3, r2
10007cc2:	0005      	movs	r5, r0
10007cc4:	e7d1      	b.n	10007c6a <memmove+0xa2>
10007cc6:	46c0      	nop			@ (mov r8, r8)

10007cc8 <strncmp>:
10007cc8:	b530      	push	{r4, r5, lr}
10007cca:	2a00      	cmp	r2, #0
10007ccc:	d027      	beq.n	10007d1e <strncmp+0x56>
10007cce:	0003      	movs	r3, r0
10007cd0:	430b      	orrs	r3, r1
10007cd2:	079b      	lsls	r3, r3, #30
10007cd4:	d113      	bne.n	10007cfe <strncmp+0x36>
10007cd6:	2a03      	cmp	r2, #3
10007cd8:	d911      	bls.n	10007cfe <strncmp+0x36>
10007cda:	4d13      	ldr	r5, [pc, #76]	@ (10007d28 <strncmp+0x60>)
10007cdc:	e00b      	b.n	10007cf6 <strncmp+0x2e>
10007cde:	3a04      	subs	r2, #4
10007ce0:	2a00      	cmp	r2, #0
10007ce2:	d01c      	beq.n	10007d1e <strncmp+0x56>
10007ce4:	4c11      	ldr	r4, [pc, #68]	@ (10007d2c <strncmp+0x64>)
10007ce6:	191c      	adds	r4, r3, r4
10007ce8:	439c      	bics	r4, r3
10007cea:	422c      	tst	r4, r5
10007cec:	d117      	bne.n	10007d1e <strncmp+0x56>
10007cee:	3004      	adds	r0, #4
10007cf0:	3104      	adds	r1, #4
10007cf2:	2a03      	cmp	r2, #3
10007cf4:	d903      	bls.n	10007cfe <strncmp+0x36>
10007cf6:	6803      	ldr	r3, [r0, #0]
10007cf8:	680c      	ldr	r4, [r1, #0]
10007cfa:	42a3      	cmp	r3, r4
10007cfc:	d0ef      	beq.n	10007cde <strncmp+0x16>
10007cfe:	780d      	ldrb	r5, [r1, #0]
10007d00:	7804      	ldrb	r4, [r0, #0]
10007d02:	2301      	movs	r3, #1
10007d04:	3901      	subs	r1, #1
10007d06:	42ac      	cmp	r4, r5
10007d08:	d007      	beq.n	10007d1a <strncmp+0x52>
10007d0a:	e00a      	b.n	10007d22 <strncmp+0x5a>
10007d0c:	2c00      	cmp	r4, #0
10007d0e:	d006      	beq.n	10007d1e <strncmp+0x56>
10007d10:	5cc4      	ldrb	r4, [r0, r3]
10007d12:	3301      	adds	r3, #1
10007d14:	5ccd      	ldrb	r5, [r1, r3]
10007d16:	42ac      	cmp	r4, r5
10007d18:	d103      	bne.n	10007d22 <strncmp+0x5a>
10007d1a:	429a      	cmp	r2, r3
10007d1c:	d1f6      	bne.n	10007d0c <strncmp+0x44>
10007d1e:	2000      	movs	r0, #0
10007d20:	bd30      	pop	{r4, r5, pc}
10007d22:	1b60      	subs	r0, r4, r5
10007d24:	e7fc      	b.n	10007d20 <strncmp+0x58>
10007d26:	46c0      	nop			@ (mov r8, r8)
10007d28:	80808080 	.word	0x80808080
10007d2c:	fefefeff 	.word	0xfefefeff

10007d30 <strlen>:
10007d30:	b510      	push	{r4, lr}
10007d32:	0783      	lsls	r3, r0, #30
10007d34:	d00a      	beq.n	10007d4c <strlen+0x1c>
10007d36:	0003      	movs	r3, r0
10007d38:	2103      	movs	r1, #3
10007d3a:	e002      	b.n	10007d42 <strlen+0x12>
10007d3c:	3301      	adds	r3, #1
10007d3e:	420b      	tst	r3, r1
10007d40:	d005      	beq.n	10007d4e <strlen+0x1e>
10007d42:	781a      	ldrb	r2, [r3, #0]
10007d44:	2a00      	cmp	r2, #0
10007d46:	d1f9      	bne.n	10007d3c <strlen+0xc>
10007d48:	1a18      	subs	r0, r3, r0
10007d4a:	bd10      	pop	{r4, pc}
10007d4c:	0003      	movs	r3, r0
10007d4e:	6819      	ldr	r1, [r3, #0]
10007d50:	4a0c      	ldr	r2, [pc, #48]	@ (10007d84 <strlen+0x54>)
10007d52:	4c0d      	ldr	r4, [pc, #52]	@ (10007d88 <strlen+0x58>)
10007d54:	188a      	adds	r2, r1, r2
10007d56:	438a      	bics	r2, r1
10007d58:	4222      	tst	r2, r4
10007d5a:	d10f      	bne.n	10007d7c <strlen+0x4c>
10007d5c:	6859      	ldr	r1, [r3, #4]
10007d5e:	4a09      	ldr	r2, [pc, #36]	@ (10007d84 <strlen+0x54>)
10007d60:	3304      	adds	r3, #4
10007d62:	188a      	adds	r2, r1, r2
10007d64:	438a      	bics	r2, r1
10007d66:	4222      	tst	r2, r4
10007d68:	d108      	bne.n	10007d7c <strlen+0x4c>
10007d6a:	6859      	ldr	r1, [r3, #4]
10007d6c:	4a05      	ldr	r2, [pc, #20]	@ (10007d84 <strlen+0x54>)
10007d6e:	3304      	adds	r3, #4
10007d70:	188a      	adds	r2, r1, r2
10007d72:	438a      	bics	r2, r1
10007d74:	4222      	tst	r2, r4
10007d76:	d0f1      	beq.n	10007d5c <strlen+0x2c>
10007d78:	e000      	b.n	10007d7c <strlen+0x4c>
10007d7a:	3301      	adds	r3, #1
10007d7c:	781a      	ldrb	r2, [r3, #0]
10007d7e:	2a00      	cmp	r2, #0
10007d80:	d1fb      	bne.n	10007d7a <strlen+0x4a>
10007d82:	e7e1      	b.n	10007d48 <strlen+0x18>
10007d84:	fefefeff 	.word	0xfefefeff
10007d88:	80808080 	.word	0x80808080

10007d8c <_fini>:
10007d8c:	b5f8      	push	{r3, r4, r5, r6, r7, lr}
10007d8e:	46c0      	nop			@ (mov r8, r8)

10007d90 <__sem_release_veneer>:
10007d90:	b401      	push	{r0}
10007d92:	4802      	ldr	r0, [pc, #8]	@ (10007d9c <__sem_release_veneer+0xc>)
10007d94:	4684      	mov	ip, r0
10007d96:	bc01      	pop	{r0}
10007d98:	4760      	bx	ip
10007d9a:	bf00      	nop
10007d9c:	20000129 	.word	0x20000129

10007da0 <__flash_do_cmd_veneer>:
10007da0:	b401      	push	{r0}
10007da2:	4802      	ldr	r0, [pc, #8]	@ (10007dac <__flash_do_cmd_veneer+0xc>)
10007da4:	4684      	mov	ip, r0
10007da6:	bc01      	pop	{r0}
10007da8:	4760      	bx	ip
10007daa:	bf00      	nop
10007dac:	200003c9 	.word	0x200003c9

10007db0 <__mutex_exit_veneer>:
10007db0:	b401      	push	{r0}
10007db2:	4802      	ldr	r0, [pc, #8]	@ (10007dbc <__mutex_exit_veneer+0xc>)
10007db4:	4684      	mov	ip, r0
10007db6:	bc01      	pop	{r0}
10007db8:	4760      	bx	ip
10007dba:	bf00      	nop
10007dbc:	200002a9 	.word	0x200002a9

10007dc0 <____aeabi_ldiv0_veneer>:
10007dc0:	b401      	push	{r0}
10007dc2:	4802      	ldr	r0, [pc, #8]	@ (10007dcc <____aeabi_ldiv0_veneer+0xc>)
10007dc4:	4684      	mov	ip, r0
10007dc6:	bc01      	pop	{r0}
10007dc8:	4760      	bx	ip
10007dca:	bf00      	nop
10007dcc:	20000505 	.word	0x20000505

10007dd0 <__recursive_mutex_try_enter_veneer>:
10007dd0:	b401      	push	{r0}
10007dd2:	4802      	ldr	r0, [pc, #8]	@ (10007ddc <__recursive_mutex_try_enter_veneer+0xc>)
10007dd4:	4684      	mov	ip, r0
10007dd6:	bc01      	pop	{r0}
10007dd8:	4760      	bx	ip
10007dda:	bf00      	nop
10007ddc:	20000259 	.word	0x20000259

10007de0 <____aeabi_idiv0_veneer>:
10007de0:	b401      	push	{r0}
10007de2:	4802      	ldr	r0, [pc, #8]	@ (10007dec <____aeabi_idiv0_veneer+0xc>)
10007de4:	4684      	mov	ip, r0
10007de6:	bc01      	pop	{r0}
10007de8:	4760      	bx	ip
10007dea:	bf00      	nop
10007dec:	20000505 	.word	0x20000505

10007df0 <__recursive_mutex_enter_blocking_veneer>:
10007df0:	b401      	push	{r0}
10007df2:	4802      	ldr	r0, [pc, #8]	@ (10007dfc <__recursive_mutex_enter_blocking_veneer+0xc>)
10007df4:	4684      	mov	ip, r0
10007df6:	bc01      	pop	{r0}
10007df8:	4760      	bx	ip
10007dfa:	bf00      	nop
10007dfc:	20000171 	.word	0x20000171

10007e00 <__mutex_try_enter_block_until_veneer>:
10007e00:	b401      	push	{r0}
10007e02:	4802      	ldr	r0, [pc, #8]	@ (10007e0c <__mutex_try_enter_block_until_veneer+0xc>)
10007e04:	4684      	mov	ip, r0
10007e06:	bc01      	pop	{r0}
10007e08:	4760      	bx	ip
10007e0a:	bf00      	nop
10007e0c:	200001c1 	.word	0x200001c1

10007e10 <__recursive_mutex_exit_veneer>:
10007e10:	b401      	push	{r0}
10007e12:	4802      	ldr	r0, [pc, #8]	@ (10007e1c <__recursive_mutex_exit_veneer+0xc>)
10007e14:	4684      	mov	ip, r0
10007e16:	bc01      	pop	{r0}
10007e18:	4760      	bx	ip
10007e1a:	bf00      	nop
10007e1c:	200002d1 	.word	0x200002d1

10007e20 <__sem_acquire_block_until_veneer>:
10007e20:	b401      	push	{r0}
10007e22:	4802      	ldr	r0, [pc, #8]	@ (10007e2c <__sem_acquire_block_until_veneer+0xc>)
10007e24:	4684      	mov	ip, r0
10007e26:	bc01      	pop	{r0}
10007e28:	4760      	bx	ip
10007e2a:	bf00      	nop
10007e2c:	200000c1 	.word	0x200000c1

10007e30 <__pre_init_runtime_init_early_resets>:
10007e30:	100018d5                                ....

10007e34 <__pre_init_runtime_init_usb_power_down>:
10007e34:	10001901 10001ae5 100022e1 10002179     ........."..y!..
10007e44:	10002285                                ."..

10007e48 <__pre_init_runtime_init_clocks>:
10007e48:	10001a0d                                ....

10007e4c <__pre_init_runtime_init_post_clock_resets>:
10007e4c:	1000191d                                ....

10007e50 <__pre_init_runtime_init_rp2040_gpio_ie_disable>:
10007e50:	1000193d                                =...

10007e54 <__pre_init_runtime_init_spin_locks_reset>:
10007e54:	10001951                                Q...

10007e58 <__pre_init_runtime_init_mutex>:
10007e58:	10000bd9                                ....

10007e5c <__pre_init_runtime_init_install_ram_vector_table>:
10007e5c:	10001959                                Y...

10007e60 <__pre_init_runtime_init_default_alarm_pool>:
10007e60:	10000f6d                                m...

10007e64 <__pre_init_first_per_core_initializer>:
10007e64:	1000189d                                ....

10007e68 <__pre_init_runtime_init_per_core_irq_priorities>:
10007e68:	10000619                                ....

10007e6c <__init_array_start>:
10007e6c:	10004009 	.word	0x10004009

10007e70 <__frame_dummy_init_array_entry>:
10007e70:	100002b1                                ....

Disassembly of section .data:

200000c0 <sem_acquire_block_until>:
200000c0:	b5f8      	push	{r3, r4, r5, r6, r7, lr}
200000c2:	4647      	mov	r7, r8
200000c4:	46ce      	mov	lr, r9
200000c6:	b580      	push	{r7, lr}
200000c8:	001f      	movs	r7, r3
200000ca:	2300      	movs	r3, #0
200000cc:	0004      	movs	r4, r0
200000ce:	4690      	mov	r8, r2
200000d0:	4699      	mov	r9, r3
200000d2:	e00b      	b.n	200000ec <sem_acquire_block_until+0x2c>
200000d4:	f3bf 8f5f 	dmb	sy
200000d8:	464a      	mov	r2, r9
200000da:	601a      	str	r2, [r3, #0]
200000dc:	f38c 8810 	msr	PRIMASK, ip
200000e0:	4640      	mov	r0, r8
200000e2:	0039      	movs	r1, r7
200000e4:	f000 fa10 	bl	20000508 <__best_effort_wfe_or_timeout_veneer>
200000e8:	2800      	cmp	r0, #0
200000ea:	d11a      	bne.n	20000122 <sem_acquire_block_until+0x62>
200000ec:	6826      	ldr	r6, [r4, #0]
200000ee:	f3ef 8c10 	mrs	ip, PRIMASK
200000f2:	b672      	cpsid	i
200000f4:	6835      	ldr	r5, [r6, #0]
200000f6:	2d00      	cmp	r5, #0
200000f8:	d0fc      	beq.n	200000f4 <sem_acquire_block_until+0x34>
200000fa:	f3bf 8f5f 	dmb	sy
200000fe:	2304      	movs	r3, #4
20000100:	5ee5      	ldrsh	r5, [r4, r3]
20000102:	6823      	ldr	r3, [r4, #0]
20000104:	2d00      	cmp	r5, #0
20000106:	dde5      	ble.n	200000d4 <sem_acquire_block_until+0x14>
20000108:	3d01      	subs	r5, #1
2000010a:	80a5      	strh	r5, [r4, #4]
2000010c:	f3bf 8f5f 	dmb	sy
20000110:	2200      	movs	r2, #0
20000112:	601a      	str	r2, [r3, #0]
20000114:	f38c 8810 	msr	PRIMASK, ip
20000118:	2001      	movs	r0, #1
2000011a:	bcc0      	pop	{r6, r7}
2000011c:	46b9      	mov	r9, r7
2000011e:	46b0      	mov	r8, r6
20000120:	bdf8      	pop	{r3, r4, r5, r6, r7, pc}
20000122:	2000      	movs	r0, #0
20000124:	e7f9      	b.n	2000011a <sem_acquire_block_until+0x5a>
20000126:	46c0      	nop			@ (mov r8, r8)

20000128 <sem_release>:
20000128:	b530      	push	{r4, r5, lr}
2000012a:	6802      	ldr	r2, [r0, #0]
2000012c:	f3ef 8110 	mrs	r1, PRIMASK
20000130:	b672      	cpsid	i
20000132:	6813      	ldr	r3, [r2, #0]
20000134:	2b00      	cmp	r3, #0
20000136:	d0fc      	beq.n	20000132 <sem_release+0xa>
20000138:	f3bf 8f5f 	dmb	sy
2000013c:	2204      	movs	r2, #4
2000013e:	5e83      	ldrsh	r3, [r0, r2]
20000140:	2506      	movs	r5, #6
20000142:	5f44      	ldrsh	r4, [r0, r5]
20000144:	6802      	ldr	r2, [r0, #0]
20000146:	429c      	cmp	r4, r3
20000148:	dd0a      	ble.n	20000160 <sem_release+0x38>
2000014a:	3301      	adds	r3, #1
2000014c:	8083      	strh	r3, [r0, #4]
2000014e:	f3bf 8f5f 	dmb	sy
20000152:	2300      	movs	r3, #0
20000154:	6013      	str	r3, [r2, #0]
20000156:	f381 8810 	msr	PRIMASK, r1
2000015a:	bf40      	sev
2000015c:	2001      	movs	r0, #1
2000015e:	bd30      	pop	{r4, r5, pc}
20000160:	f3bf 8f5f 	dmb	sy
20000164:	2300      	movs	r3, #0
20000166:	6013      	str	r3, [r2, #0]
20000168:	f381 8810 	msr	PRIMASK, r1
2000016c:	2000      	movs	r0, #0
2000016e:	e7f6      	b.n	2000015e <sem_release+0x36>

20000170 <recursive_mutex_enter_blocking>:
20000170:	23d0      	movs	r3, #208	@ 0xd0
20000172:	b530      	push	{r4, r5, lr}
20000174:	2400      	movs	r4, #0
20000176:	061b      	lsls	r3, r3, #24
20000178:	2500      	movs	r5, #0
2000017a:	571c      	ldrsb	r4, [r3, r4]
2000017c:	e007      	b.n	2000018e <recursive_mutex_enter_blocking+0x1e>
2000017e:	2b00      	cmp	r3, #0
20000180:	db13      	blt.n	200001aa <recursive_mutex_enter_blocking+0x3a>
20000182:	f3bf 8f5f 	dmb	sy
20000186:	6015      	str	r5, [r2, #0]
20000188:	f381 8810 	msr	PRIMASK, r1
2000018c:	bf20      	wfe
2000018e:	6802      	ldr	r2, [r0, #0]
20000190:	f3ef 8110 	mrs	r1, PRIMASK
20000194:	b672      	cpsid	i
20000196:	6813      	ldr	r3, [r2, #0]
20000198:	2b00      	cmp	r3, #0
2000019a:	d0fc      	beq.n	20000196 <recursive_mutex_enter_blocking+0x26>
2000019c:	f3bf 8f5f 	dmb	sy
200001a0:	2304      	movs	r3, #4
200001a2:	56c3      	ldrsb	r3, [r0, r3]
200001a4:	6802      	ldr	r2, [r0, #0]
200001a6:	42a3      	cmp	r3, r4
200001a8:	d1e9      	bne.n	2000017e <recursive_mutex_enter_blocking+0xe>
200001aa:	7943      	ldrb	r3, [r0, #5]
200001ac:	7104      	strb	r4, [r0, #4]
200001ae:	3301      	adds	r3, #1
200001b0:	7143      	strb	r3, [r0, #5]
200001b2:	f3bf 8f5f 	dmb	sy
200001b6:	2300      	movs	r3, #0
200001b8:	6013      	str	r3, [r2, #0]
200001ba:	f381 8810 	msr	PRIMASK, r1
200001be:	bd30      	pop	{r4, r5, pc}

200001c0 <mutex_try_enter_block_until>:
200001c0:	b5f0      	push	{r4, r5, r6, r7, lr}
200001c2:	46c6      	mov	lr, r8
200001c4:	0015      	movs	r5, r2
200001c6:	b500      	push	{lr}
200001c8:	0004      	movs	r4, r0
200001ca:	001e      	movs	r6, r3
200001cc:	6802      	ldr	r2, [r0, #0]
200001ce:	f3ef 8110 	mrs	r1, PRIMASK
200001d2:	b672      	cpsid	i
200001d4:	6813      	ldr	r3, [r2, #0]
200001d6:	2b00      	cmp	r3, #0
200001d8:	d0fc      	beq.n	200001d4 <mutex_try_enter_block_until+0x14>
200001da:	f3bf 8f5f 	dmb	sy
200001de:	2304      	movs	r3, #4
200001e0:	56e3      	ldrsb	r3, [r4, r3]
200001e2:	6822      	ldr	r2, [r4, #0]
200001e4:	2b00      	cmp	r3, #0
200001e6:	db2b      	blt.n	20000240 <mutex_try_enter_block_until+0x80>
200001e8:	f3bf 8f5f 	dmb	sy
200001ec:	2000      	movs	r0, #0
200001ee:	6010      	str	r0, [r2, #0]
200001f0:	f381 8810 	msr	PRIMASK, r1
200001f4:	22d0      	movs	r2, #208	@ 0xd0
200001f6:	0612      	lsls	r2, r2, #24
200001f8:	7812      	ldrb	r2, [r2, #0]
200001fa:	2700      	movs	r7, #0
200001fc:	b252      	sxtb	r2, r2
200001fe:	4690      	mov	r8, r2
20000200:	429a      	cmp	r2, r3
20000202:	d10e      	bne.n	20000222 <mutex_try_enter_block_until+0x62>
20000204:	2000      	movs	r0, #0
20000206:	bc80      	pop	{r7}
20000208:	46b8      	mov	r8, r7
2000020a:	bdf0      	pop	{r4, r5, r6, r7, pc}
2000020c:	f3bf 8f5f 	dmb	sy
20000210:	6017      	str	r7, [r2, #0]
20000212:	f381 8810 	msr	PRIMASK, r1
20000216:	0028      	movs	r0, r5
20000218:	0031      	movs	r1, r6
2000021a:	f000 f975 	bl	20000508 <__best_effort_wfe_or_timeout_veneer>
2000021e:	2800      	cmp	r0, #0
20000220:	d1f0      	bne.n	20000204 <mutex_try_enter_block_until+0x44>
20000222:	6822      	ldr	r2, [r4, #0]
20000224:	f3ef 8110 	mrs	r1, PRIMASK
20000228:	b672      	cpsid	i
2000022a:	6813      	ldr	r3, [r2, #0]
2000022c:	2b00      	cmp	r3, #0
2000022e:	d0fc      	beq.n	2000022a <mutex_try_enter_block_until+0x6a>
20000230:	f3bf 8f5f 	dmb	sy
20000234:	7923      	ldrb	r3, [r4, #4]
20000236:	6822      	ldr	r2, [r4, #0]
20000238:	2b7f      	cmp	r3, #127	@ 0x7f
2000023a:	d9e7      	bls.n	2000020c <mutex_try_enter_block_until+0x4c>
2000023c:	4643      	mov	r3, r8
2000023e:	e002      	b.n	20000246 <mutex_try_enter_block_until+0x86>
20000240:	23d0      	movs	r3, #208	@ 0xd0
20000242:	061b      	lsls	r3, r3, #24
20000244:	681b      	ldr	r3, [r3, #0]
20000246:	7123      	strb	r3, [r4, #4]
20000248:	f3bf 8f5f 	dmb	sy
2000024c:	2300      	movs	r3, #0
2000024e:	6013      	str	r3, [r2, #0]
20000250:	f381 8810 	msr	PRIMASK, r1
20000254:	2001      	movs	r0, #1
20000256:	e7d6      	b.n	20000206 <mutex_try_enter_block_until+0x46>

20000258 <recursive_mutex_try_enter>:
20000258:	22d0      	movs	r2, #208	@ 0xd0
2000025a:	0003      	movs	r3, r0
2000025c:	2000      	movs	r0, #0
2000025e:	0612      	lsls	r2, r2, #24
20000260:	b510      	push	{r4, lr}
20000262:	5610      	ldrsb	r0, [r2, r0]
20000264:	681c      	ldr	r4, [r3, #0]
20000266:	f3ef 8c10 	mrs	ip, PRIMASK
2000026a:	b672      	cpsid	i
2000026c:	6822      	ldr	r2, [r4, #0]
2000026e:	2a00      	cmp	r2, #0
20000270:	d0fc      	beq.n	2000026c <recursive_mutex_try_enter+0x14>
20000272:	f3bf 8f5f 	dmb	sy
20000276:	2204      	movs	r2, #4
20000278:	569a      	ldrsb	r2, [r3, r2]
2000027a:	2a00      	cmp	r2, #0
2000027c:	db06      	blt.n	2000028c <recursive_mutex_try_enter+0x34>
2000027e:	4282      	cmp	r2, r0
20000280:	d004      	beq.n	2000028c <recursive_mutex_try_enter+0x34>
20000282:	2900      	cmp	r1, #0
20000284:	d000      	beq.n	20000288 <recursive_mutex_try_enter+0x30>
20000286:	600a      	str	r2, [r1, #0]
20000288:	2000      	movs	r0, #0
2000028a:	e004      	b.n	20000296 <recursive_mutex_try_enter+0x3e>
2000028c:	7118      	strb	r0, [r3, #4]
2000028e:	2001      	movs	r0, #1
20000290:	795a      	ldrb	r2, [r3, #5]
20000292:	3201      	adds	r2, #1
20000294:	715a      	strb	r2, [r3, #5]
20000296:	681b      	ldr	r3, [r3, #0]
20000298:	f3bf 8f5f 	dmb	sy
2000029c:	2200      	movs	r2, #0
2000029e:	601a      	str	r2, [r3, #0]
200002a0:	f38c 8810 	msr	PRIMASK, ip
200002a4:	bd10      	pop	{r4, pc}
200002a6:	46c0      	nop			@ (mov r8, r8)

200002a8 <mutex_exit>:
200002a8:	6802      	ldr	r2, [r0, #0]
200002aa:	f3ef 8110 	mrs	r1, PRIMASK
200002ae:	b672      	cpsid	i
200002b0:	6813      	ldr	r3, [r2, #0]
200002b2:	2b00      	cmp	r3, #0
200002b4:	d0fc      	beq.n	200002b0 <mutex_exit+0x8>
200002b6:	f3bf 8f5f 	dmb	sy
200002ba:	23ff      	movs	r3, #255	@ 0xff
200002bc:	7103      	strb	r3, [r0, #4]
200002be:	6803      	ldr	r3, [r0, #0]
200002c0:	f3bf 8f5f 	dmb	sy
200002c4:	2200      	movs	r2, #0
200002c6:	601a      	str	r2, [r3, #0]
200002c8:	f381 8810 	msr	PRIMASK, r1
200002cc:	bf40      	sev
200002ce:	4770      	bx	lr

200002d0 <recursive_mutex_exit>:
200002d0:	b510      	push	{r4, lr}
200002d2:	6802      	ldr	r2, [r0, #0]
200002d4:	f3ef 8110 	mrs	r1, PRIMASK
200002d8:	b672      	cpsid	i
200002da:	6813      	ldr	r3, [r2, #0]
200002dc:	2b00      	cmp	r3, #0
200002de:	d0fc      	beq.n	200002da <recursive_mutex_exit+0xa>
200002e0:	f3bf 8f5f 	dmb	sy
200002e4:	7943      	ldrb	r3, [r0, #5]
200002e6:	6802      	ldr	r2, [r0, #0]
200002e8:	3b01      	subs	r3, #1
200002ea:	b2db      	uxtb	r3, r3
200002ec:	7143      	strb	r3, [r0, #5]
200002ee:	2b00      	cmp	r3, #0
200002f0:	d108      	bne.n	20000304 <recursive_mutex_exit+0x34>
200002f2:	24ff      	movs	r4, #255	@ 0xff
200002f4:	7104      	strb	r4, [r0, #4]
200002f6:	f3bf 8f5f 	dmb	sy
200002fa:	6013      	str	r3, [r2, #0]
200002fc:	f381 8810 	msr	PRIMASK, r1
20000300:	bf40      	sev
20000302:	bd10      	pop	{r4, pc}
20000304:	f3bf 8f5f 	dmb	sy
20000308:	2300      	movs	r3, #0
2000030a:	6013      	str	r3, [r2, #0]
2000030c:	f381 8810 	msr	PRIMASK, r1
20000310:	e7f7      	b.n	20000302 <recursive_mutex_exit+0x32>
20000312:	46c0      	nop			@ (mov r8, r8)

20000314 <flash_init_boot2_copyout>:
20000314:	b510      	push	{r4, lr}
20000316:	4c08      	ldr	r4, [pc, #32]	@ (20000338 <flash_init_boot2_copyout+0x24>)
20000318:	7823      	ldrb	r3, [r4, #0]
2000031a:	2b00      	cmp	r3, #0
2000031c:	d10a      	bne.n	20000334 <flash_init_boot2_copyout+0x20>
2000031e:	2380      	movs	r3, #128	@ 0x80
20000320:	4806      	ldr	r0, [pc, #24]	@ (2000033c <flash_init_boot2_copyout+0x28>)
20000322:	4907      	ldr	r1, [pc, #28]	@ (20000340 <flash_init_boot2_copyout+0x2c>)
20000324:	055b      	lsls	r3, r3, #21
20000326:	681a      	ldr	r2, [r3, #0]
20000328:	50c2      	str	r2, [r0, r3]
2000032a:	3304      	adds	r3, #4
2000032c:	428b      	cmp	r3, r1
2000032e:	d1fa      	bne.n	20000326 <flash_init_boot2_copyout+0x12>
20000330:	2301      	movs	r3, #1
20000332:	7023      	strb	r3, [r4, #0]
20000334:	bd10      	pop	{r4, pc}
20000336:	46c0      	nop			@ (mov r8, r8)
20000338:	20001434 	.word	0x20001434
2000033c:	100008bc 	.word	0x100008bc
20000340:	10000100 	.word	0x10000100

20000344 <flash_enable_xip_via_boot2>:
20000344:	b510      	push	{r4, lr}
20000346:	4b01      	ldr	r3, [pc, #4]	@ (2000034c <flash_enable_xip_via_boot2+0x8>)
20000348:	4798      	blx	r3
2000034a:	bd10      	pop	{r4, pc}
2000034c:	200008bd 	.word	0x200008bd

20000350 <flash_save_hardware_state>:
20000350:	4b06      	ldr	r3, [pc, #24]	@ (2000036c <flash_save_hardware_state+0x1c>)
20000352:	685a      	ldr	r2, [r3, #4]
20000354:	6002      	str	r2, [r0, #0]
20000356:	689a      	ldr	r2, [r3, #8]
20000358:	6042      	str	r2, [r0, #4]
2000035a:	68da      	ldr	r2, [r3, #12]
2000035c:	6082      	str	r2, [r0, #8]
2000035e:	691a      	ldr	r2, [r3, #16]
20000360:	60c2      	str	r2, [r0, #12]
20000362:	695a      	ldr	r2, [r3, #20]
20000364:	6102      	str	r2, [r0, #16]
20000366:	699b      	ldr	r3, [r3, #24]
20000368:	6143      	str	r3, [r0, #20]
2000036a:	4770      	bx	lr
2000036c:	40020000 	.word	0x40020000

20000370 <flash_restore_hardware_state>:
20000370:	6802      	ldr	r2, [r0, #0]
20000372:	4b06      	ldr	r3, [pc, #24]	@ (2000038c <flash_restore_hardware_state+0x1c>)
20000374:	605a      	str	r2, [r3, #4]
20000376:	6842      	ldr	r2, [r0, #4]
20000378:	609a      	str	r2, [r3, #8]
2000037a:	6882      	ldr	r2, [r0, #8]
2000037c:	60da      	str	r2, [r3, #12]
2000037e:	68c2      	ldr	r2, [r0, #12]
20000380:	611a      	str	r2, [r3, #16]
20000382:	6902      	ldr	r2, [r0, #16]
20000384:	615a      	str	r2, [r3, #20]
20000386:	6942      	ldr	r2, [r0, #20]
20000388:	619a      	str	r2, [r3, #24]
2000038a:	4770      	bx	lr
2000038c:	40020000 	.word	0x40020000

20000390 <flash_cs_force.constprop.0>:
20000390:	4b03      	ldr	r3, [pc, #12]	@ (200003a0 <flash_cs_force.constprop.0+0x10>)
20000392:	681a      	ldr	r2, [r3, #0]
20000394:	23c0      	movs	r3, #192	@ 0xc0
20000396:	009b      	lsls	r3, r3, #2
20000398:	4393      	bics	r3, r2
2000039a:	4a02      	ldr	r2, [pc, #8]	@ (200003a4 <flash_cs_force.constprop.0+0x14>)
2000039c:	6013      	str	r3, [r2, #0]
2000039e:	4770      	bx	lr
200003a0:	4001800c 	.word	0x4001800c
200003a4:	4001900c 	.word	0x4001900c

200003a8 <flash_cs_force.constprop.1>:
200003a8:	4b05      	ldr	r3, [pc, #20]	@ (200003c0 <flash_cs_force.constprop.1+0x18>)
200003aa:	681a      	ldr	r2, [r3, #0]
200003ac:	2380      	movs	r3, #128	@ 0x80
200003ae:	009b      	lsls	r3, r3, #2
200003b0:	4053      	eors	r3, r2
200003b2:	22c0      	movs	r2, #192	@ 0xc0
200003b4:	0092      	lsls	r2, r2, #2
200003b6:	4013      	ands	r3, r2
200003b8:	4a02      	ldr	r2, [pc, #8]	@ (200003c4 <flash_cs_force.constprop.1+0x1c>)
200003ba:	6013      	str	r3, [r2, #0]
200003bc:	4770      	bx	lr
200003be:	46c0      	nop			@ (mov r8, r8)
200003c0:	4001800c 	.word	0x4001800c
200003c4:	4001900c 	.word	0x4001900c

200003c8 <flash_do_cmd>:
200003c8:	2300      	movs	r3, #0
200003ca:	b5f0      	push	{r4, r5, r6, r7, lr}
200003cc:	46de      	mov	lr, fp
200003ce:	4657      	mov	r7, sl
200003d0:	464e      	mov	r6, r9
200003d2:	4645      	mov	r5, r8
200003d4:	469a      	mov	sl, r3
200003d6:	b5e0      	push	{r5, r6, r7, lr}
200003d8:	b089      	sub	sp, #36	@ 0x24
200003da:	9001      	str	r0, [sp, #4]
200003dc:	000e      	movs	r6, r1
200003de:	8a98      	ldrh	r0, [r3, #20]
200003e0:	4945      	ldr	r1, [pc, #276]	@ (200004f8 <flash_do_cmd+0x130>)
200003e2:	8b1b      	ldrh	r3, [r3, #24]
200003e4:	0014      	movs	r4, r2
200003e6:	4798      	blx	r3
200003e8:	4653      	mov	r3, sl
200003ea:	4681      	mov	r9, r0
200003ec:	4943      	ldr	r1, [pc, #268]	@ (200004fc <flash_do_cmd+0x134>)
200003ee:	8a98      	ldrh	r0, [r3, #20]
200003f0:	8b1b      	ldrh	r3, [r3, #24]
200003f2:	4798      	blx	r3
200003f4:	4653      	mov	r3, sl
200003f6:	4942      	ldr	r1, [pc, #264]	@ (20000500 <flash_do_cmd+0x138>)
200003f8:	0005      	movs	r5, r0
200003fa:	8a98      	ldrh	r0, [r3, #20]
200003fc:	8b1b      	ldrh	r3, [r3, #24]
200003fe:	4798      	blx	r3
20000400:	4680      	mov	r8, r0
20000402:	f7ff ff87 	bl	20000314 <flash_init_boot2_copyout>
20000406:	a802      	add	r0, sp, #8
20000408:	f7ff ffa2 	bl	20000350 <flash_save_hardware_state>
2000040c:	47c8      	blx	r9
2000040e:	47a8      	blx	r5
20000410:	f7ff ffca 	bl	200003a8 <flash_cs_force.constprop.1>
20000414:	1e25      	subs	r5, r4, #0
20000416:	d022      	beq.n	2000045e <flash_do_cmd+0x96>
20000418:	2308      	movs	r3, #8
2000041a:	21c0      	movs	r1, #192	@ 0xc0
2000041c:	469c      	mov	ip, r3
2000041e:	2002      	movs	r0, #2
20000420:	0549      	lsls	r1, r1, #21
20000422:	4662      	mov	r2, ip
20000424:	6a8b      	ldr	r3, [r1, #40]	@ 0x28
20000426:	401a      	ands	r2, r3
20000428:	4218      	tst	r0, r3
2000042a:	d03f      	beq.n	200004ac <flash_do_cmd+0xe4>
2000042c:	1b63      	subs	r3, r4, r5
2000042e:	2d00      	cmp	r5, #0
20000430:	d12f      	bne.n	20000492 <flash_do_cmd+0xca>
20000432:	2a00      	cmp	r2, #0
20000434:	d111      	bne.n	2000045a <flash_do_cmd+0x92>
20000436:	2c00      	cmp	r4, #0
20000438:	d011      	beq.n	2000045e <flash_do_cmd+0x96>
2000043a:	23c0      	movs	r3, #192	@ 0xc0
2000043c:	055b      	lsls	r3, r3, #21
2000043e:	469b      	mov	fp, r3
20000440:	2302      	movs	r3, #2
20000442:	469a      	mov	sl, r3
20000444:	3306      	adds	r3, #6
20000446:	4699      	mov	r9, r3
20000448:	465b      	mov	r3, fp
2000044a:	464a      	mov	r2, r9
2000044c:	4657      	mov	r7, sl
2000044e:	6a9b      	ldr	r3, [r3, #40]	@ 0x28
20000450:	401a      	ands	r2, r3
20000452:	421f      	tst	r7, r3
20000454:	d042      	beq.n	200004dc <flash_do_cmd+0x114>
20000456:	2a00      	cmp	r2, #0
20000458:	d0f6      	beq.n	20000448 <flash_do_cmd+0x80>
2000045a:	2c00      	cmp	r4, #0
2000045c:	d130      	bne.n	200004c0 <flash_do_cmd+0xf8>
2000045e:	f7ff ff97 	bl	20000390 <flash_cs_force.constprop.0>
20000462:	47c0      	blx	r8
20000464:	f7ff ff6e 	bl	20000344 <flash_enable_xip_via_boot2>
20000468:	a802      	add	r0, sp, #8
2000046a:	f7ff ff81 	bl	20000370 <flash_restore_hardware_state>
2000046e:	b009      	add	sp, #36	@ 0x24
20000470:	bcf0      	pop	{r4, r5, r6, r7}
20000472:	46bb      	mov	fp, r7
20000474:	46b2      	mov	sl, r6
20000476:	46a9      	mov	r9, r5
20000478:	46a0      	mov	r8, r4
2000047a:	bdf0      	pop	{r4, r5, r6, r7, pc}
2000047c:	2c00      	cmp	r4, #0
2000047e:	d12f      	bne.n	200004e0 <flash_do_cmd+0x118>
20000480:	22c0      	movs	r2, #192	@ 0xc0
20000482:	0552      	lsls	r2, r2, #21
20000484:	6a92      	ldr	r2, [r2, #40]	@ 0x28
20000486:	4691      	mov	r9, r2
20000488:	2208      	movs	r2, #8
2000048a:	464f      	mov	r7, r9
2000048c:	403a      	ands	r2, r7
2000048e:	07bf      	lsls	r7, r7, #30
20000490:	d52d      	bpl.n	200004ee <flash_do_cmd+0x126>
20000492:	2b0d      	cmp	r3, #13
20000494:	d91b      	bls.n	200004ce <flash_do_cmd+0x106>
20000496:	2a00      	cmp	r2, #0
20000498:	d1f0      	bne.n	2000047c <flash_do_cmd+0xb4>
2000049a:	22c0      	movs	r2, #192	@ 0xc0
2000049c:	0552      	lsls	r2, r2, #21
2000049e:	6a92      	ldr	r2, [r2, #40]	@ 0x28
200004a0:	4691      	mov	r9, r2
200004a2:	2208      	movs	r2, #8
200004a4:	464f      	mov	r7, r9
200004a6:	403a      	ands	r2, r7
200004a8:	07bf      	lsls	r7, r7, #30
200004aa:	d4f2      	bmi.n	20000492 <flash_do_cmd+0xca>
200004ac:	2a00      	cmp	r2, #0
200004ae:	d104      	bne.n	200004ba <flash_do_cmd+0xf2>
200004b0:	002b      	movs	r3, r5
200004b2:	4323      	orrs	r3, r4
200004b4:	2b00      	cmp	r3, #0
200004b6:	d1b4      	bne.n	20000422 <flash_do_cmd+0x5a>
200004b8:	e7d1      	b.n	2000045e <flash_do_cmd+0x96>
200004ba:	002b      	movs	r3, r5
200004bc:	2c00      	cmp	r4, #0
200004be:	d0f9      	beq.n	200004b4 <flash_do_cmd+0xec>
200004c0:	6e0b      	ldr	r3, [r1, #96]	@ 0x60
200004c2:	3c01      	subs	r4, #1
200004c4:	7033      	strb	r3, [r6, #0]
200004c6:	0023      	movs	r3, r4
200004c8:	3601      	adds	r6, #1
200004ca:	432b      	orrs	r3, r5
200004cc:	e7f2      	b.n	200004b4 <flash_do_cmd+0xec>
200004ce:	9f01      	ldr	r7, [sp, #4]
200004d0:	3d01      	subs	r5, #1
200004d2:	783b      	ldrb	r3, [r7, #0]
200004d4:	3701      	adds	r7, #1
200004d6:	660b      	str	r3, [r1, #96]	@ 0x60
200004d8:	9701      	str	r7, [sp, #4]
200004da:	e7e7      	b.n	200004ac <flash_do_cmd+0xe4>
200004dc:	2500      	movs	r5, #0
200004de:	e7e5      	b.n	200004ac <flash_do_cmd+0xe4>
200004e0:	23c0      	movs	r3, #192	@ 0xc0
200004e2:	055b      	lsls	r3, r3, #21
200004e4:	6e1b      	ldr	r3, [r3, #96]	@ 0x60
200004e6:	3c01      	subs	r4, #1
200004e8:	7033      	strb	r3, [r6, #0]
200004ea:	3601      	adds	r6, #1
200004ec:	e799      	b.n	20000422 <flash_do_cmd+0x5a>
200004ee:	002b      	movs	r3, r5
200004f0:	2a00      	cmp	r2, #0
200004f2:	d1df      	bne.n	200004b4 <flash_do_cmd+0xec>
200004f4:	e7dc      	b.n	200004b0 <flash_do_cmd+0xe8>
200004f6:	46c0      	nop			@ (mov r8, r8)
200004f8:	00004649 	.word	0x00004649
200004fc:	00005845 	.word	0x00005845
20000500:	00004346 	.word	0x00004346

20000504 <__aeabi_idiv0>:
20000504:	4770      	bx	lr
20000506:	46c0      	nop			@ (mov r8, r8)

20000508 <__best_effort_wfe_or_timeout_veneer>:
20000508:	b401      	push	{r0}
2000050a:	4802      	ldr	r0, [pc, #8]	@ (20000514 <__best_effort_wfe_or_timeout_veneer+0xc>)
2000050c:	4684      	mov	ip, r0
2000050e:	bc01      	pop	{r0}
20000510:	4760      	bx	ip
20000512:	bf00      	nop
20000514:	10001411 	.word	0x10001411

20000518 <striped_spin_lock_num>:
20000518:	00000010                                ....

2000051c <irq_handler_chain_slots>:
2000051c:	00000000 	.word	0x00000000
20000520:	00010000 	.word	0x00010000
	...
2000052c:	00020000 	.word	0x00020000
	...
20000538:	00030000 	.word	0x00030000
	...
20000544:	00ff0000 	.word	0x00ff0000
20000548:	00000000 	.word	0x00000000

2000054c <irq_handler_chain_first_slot>:
2000054c:	b501      	push	{r0, lr}
2000054e:	6848      	ldr	r0, [r1, #4]
20000550:	3101      	adds	r1, #1
20000552:	468e      	mov	lr, r1
20000554:	4700      	bx	r0

20000556 <irq_handler_chain_remove_tail>:
20000556:	4670      	mov	r0, lr
20000558:	3809      	subs	r0, #9
2000055a:	4901      	ldr	r1, [pc, #4]	@ (20000560 <irq_handler_chain_remove_tail+0xa>)
2000055c:	4788      	blx	r1
2000055e:	bd01      	pop	{r0, pc}
20000560:	10000ab5 	.word	0x10000ab5

20000564 <default_alarm_pool>:
	...
20000578:	20000618 00000000                       ... ....

20000580 <aeabi_bits_funcs>:
20000580:	00003350 	.word	0x00003350
20000584:	0000334c 	.word	0x0000334c
20000588:	00003354 	.word	0x00003354
2000058c:	00003352 	.word	0x00003352

20000590 <aeabi_bits_funcs_end>:
20000590:	0000534d 	.word	0x0000534d
20000594:	0000434d 	.word	0x0000434d
20000598:	00003453 	.word	0x00003453
2000059c:	00003443 	.word	0x00003443

200005a0 <cyw43_poll_worker>:
200005a0:	00000000 10007455 00000000 00000000     ....Ut..........

200005b0 <sleep_timeout_worker>:
200005b0:	00000000 100073b9 00000000 00000000     .....s..........
	...

200005c8 <print_mutex>:
	...
