
C:/Users/franc/Desktop/my/mio_progetto/build/mio_progetto.elf:     file format elf32-littlearm

Sections:
Idx Name          Size      VMA       LMA       File off  Algn
  0 .boot2        00000100  10000000  10000000  00001000  2**0
                  CONTENTS, ALLOC, LOAD, READONLY, CODE
  1 .text         00007a3c  10000100  10000100  00001100  2**3
                  CONTENTS, ALLOC, LOAD, READONLY, CODE
  2 .rodata       00037c08  10007b40  10007b40  00008b40  2**3
                  CONTENTS, ALLOC, LOAD, READONLY, DATA
  3 .binary_info  0000001c  1003f748  1003f748  00040748  2**2
                  CONTENTS, ALLOC, LOAD, READONLY, DATA
  4 .ram_vector_table 000000c0  20000000  20000000  00042000  2**2
                  ALLOC
  5 .uninitialized_data 00000000  200000c0  200000c0  00041590  2**0
                  CONTENTS
  6 .data         000004d0  200000c0  1003f764  000410c0  2**4
                  CONTENTS, ALLOC, LOAD, READONLY, CODE
  7 .tdata        00000000  20000590  20000590  00041590  2**0
                  CONTENTS, ALLOC, LOAD, DATA, THREAD_LOCAL
  8 .tbss         00000000  20000590  20000590  00000000  2**0
                  ALLOC, THREAD_LOCAL
  9 .bss          00000e6c  20000590  1003fc34  00041590  2**3
                  ALLOC
 10 .heap         00000800  200013fc  1003fc34  000423fc  2**2
                  ALLOC, READONLY
 11 .scratch_x    00000000  20040000  20040000  00041590  2**0
                  CONTENTS
 12 .scratch_y    00000000  20041000  20041000  00041590  2**0
                  CONTENTS
 13 .stack_dummy  00000800  20041000  20041000  00042000  2**5
                  ALLOC, READONLY
 14 .ARM.attributes 00000028  00000000  00000000  00041590  2**0
                  CONTENTS, READONLY
 15 .comment      0000004d  00000000  00000000  000415b8  2**0
                  CONTENTS, READONLY
 16 .debug_info   0003f871  00000000  00000000  00041605  2**0
                  CONTENTS, READONLY, DEBUGGING, OCTETS
 17 .debug_abbrev 000077d6  00000000  00000000  00080e76  2**0
                  CONTENTS, READONLY, DEBUGGING, OCTETS
 18 .debug_loc    00035b91  00000000  00000000  0008864c  2**0
                  CONTENTS, READONLY, DEBUGGING, OCTETS
 19 .debug_aranges 00001530  00000000  00000000  000be1e0  2**3
                  CONTENTS, READONLY, DEBUGGING, OCTETS
 20 .debug_ranges 00011ba0  00000000  00000000  000bf710  2**3
                  CONTENTS, READONLY, DEBUGGING, OCTETS
 21 .debug_line   000272b5  00000000  00000000  000d12b0  2**0
                  CONTENTS, READONLY, DEBUGGING, OCTETS
 22 .debug_str    00007c64  00000000  00000000  000f8565  2**0
                  CONTENTS, READONLY, DEBUGGING, OCTETS
 23 .debug_frame  0000331c  00000000  00000000  001001cc  2**2
                  CONTENTS, READONLY, DEBUGGING, OCTETS

C:/Users/franc/Desktop/my/mio_progetto/build/mio_progetto.elf:     file format elf32-littlearm


Disassembly of section .boot2:

10000000 <__boot2_start__>:
10000000:	4b32b500 	.word	0x4b32b500
10000004:	60582021 	.word	0x60582021
10000008:	21026898 	.word	0x21026898
1000000c:	60984388 	.word	0x60984388
10000010:	611860d8 	.word	0x611860d8
10000014:	4b2e6158 	.word	0x4b2e6158
10000018:	60992100 	.word	0x60992100
1000001c:	61592102 	.word	0x61592102
10000020:	22f02101 	.word	0x22f02101
10000024:	492b5099 	.word	0x492b5099
10000028:	21016019 	.word	0x21016019
1000002c:	20356099 	.word	0x20356099
10000030:	f844f000 	.word	0xf844f000
10000034:	42902202 	.word	0x42902202
10000038:	2106d014 	.word	0x2106d014
1000003c:	f0006619 	.word	0xf0006619
10000040:	6e19f834 	.word	0x6e19f834
10000044:	66192101 	.word	0x66192101
10000048:	66182000 	.word	0x66182000
1000004c:	f000661a 	.word	0xf000661a
10000050:	6e19f82c 	.word	0x6e19f82c
10000054:	6e196e19 	.word	0x6e196e19
10000058:	f0002005 	.word	0xf0002005
1000005c:	2101f82f 	.word	0x2101f82f
10000060:	d1f94208 	.word	0xd1f94208
10000064:	60992100 	.word	0x60992100
10000068:	6019491b 	.word	0x6019491b
1000006c:	60592100 	.word	0x60592100
10000070:	481b491a 	.word	0x481b491a
10000074:	21016001 	.word	0x21016001
10000078:	21eb6099 	.word	0x21eb6099
1000007c:	21a06619 	.word	0x21a06619
10000080:	f0006619 	.word	0xf0006619
10000084:	2100f812 	.word	0x2100f812
10000088:	49166099 	.word	0x49166099
1000008c:	60014814 	.word	0x60014814
10000090:	60992101 	.word	0x60992101
10000094:	2800bc01 	.word	0x2800bc01
10000098:	4700d000 	.word	0x4700d000
1000009c:	49134812 	.word	0x49134812
100000a0:	c8036008 	.word	0xc8036008
100000a4:	8808f380 	.word	0x8808f380
100000a8:	b5034708 	.word	0xb5034708
100000ac:	20046a99 	.word	0x20046a99
100000b0:	d0fb4201 	.word	0xd0fb4201
100000b4:	42012001 	.word	0x42012001
100000b8:	bd03d1f8 	.word	0xbd03d1f8
100000bc:	6618b502 	.word	0x6618b502
100000c0:	f7ff6618 	.word	0xf7ff6618
100000c4:	6e18fff2 	.word	0x6e18fff2
100000c8:	bd026e18 	.word	0xbd026e18
100000cc:	40020000 	.word	0x40020000
100000d0:	18000000 	.word	0x18000000
100000d4:	00070000 	.word	0x00070000
100000d8:	005f0300 	.word	0x005f0300
100000dc:	00002221 	.word	0x00002221
100000e0:	180000f4 	.word	0x180000f4
100000e4:	a0002022 	.word	0xa0002022
100000e8:	10000100 	.word	0x10000100
100000ec:	e000ed08 	.word	0xe000ed08
	...
100000fc:	7a4eb274 	.word	0x7a4eb274

Disassembly of section .text:

10000100 <__VECTOR_TABLE>:
10000100:	20042000 	.word	0x20042000
10000104:	100001f7 	.word	0x100001f7
10000108:	100001cb 	.word	0x100001cb
1000010c:	100001cd 	.word	0x100001cd
10000110:	100001c9 	.word	0x100001c9
10000114:	100001c9 	.word	0x100001c9
10000118:	100001c9 	.word	0x100001c9
1000011c:	100001c9 	.word	0x100001c9
10000120:	100001c9 	.word	0x100001c9
10000124:	100001c9 	.word	0x100001c9
10000128:	100001c9 	.word	0x100001c9
1000012c:	100001cf 	.word	0x100001cf
10000130:	100001c9 	.word	0x100001c9
10000134:	100001c9 	.word	0x100001c9
10000138:	100001d1 	.word	0x100001d1
1000013c:	100001d3 	.word	0x100001d3
10000140:	100001c1 	.word	0x100001c1
10000144:	100001c1 	.word	0x100001c1
10000148:	100001c1 	.word	0x100001c1
1000014c:	100001c1 	.word	0x100001c1
10000150:	100001c1 	.word	0x100001c1
10000154:	100001c1 	.word	0x100001c1
10000158:	100001c1 	.word	0x100001c1
1000015c:	100001c1 	.word	0x100001c1
10000160:	100001c1 	.word	0x100001c1
10000164:	100001c1 	.word	0x100001c1
10000168:	100001c1 	.word	0x100001c1
1000016c:	100001c1 	.word	0x100001c1
10000170:	100001c1 	.word	0x100001c1
10000174:	100001c1 	.word	0x100001c1
10000178:	100001c1 	.word	0x100001c1
1000017c:	100001c1 	.word	0x100001c1
10000180:	100001c1 	.word	0x100001c1
10000184:	100001c1 	.word	0x100001c1
10000188:	100001c1 	.word	0x100001c1
1000018c:	100001c1 	.word	0x100001c1
10000190:	100001c1 	.word	0x100001c1
10000194:	100001c1 	.word	0x100001c1
10000198:	100001c1 	.word	0x100001c1
1000019c:	100001c1 	.word	0x100001c1
100001a0:	100001c1 	.word	0x100001c1
100001a4:	100001c1 	.word	0x100001c1
100001a8:	100001c1 	.word	0x100001c1
100001ac:	100001c1 	.word	0x100001c1
100001b0:	100001c1 	.word	0x100001c1
100001b4:	100001c1 	.word	0x100001c1
100001b8:	100001c1 	.word	0x100001c1
100001bc:	100001c1 	.word	0x100001c1

100001c0 <__unhandled_user_irq>:
100001c0:	f3ef 8005 	mrs	r0, IPSR
100001c4:	3810      	subs	r0, #16

100001c6 <unhandled_user_irq_num_in_r0>:
100001c6:	be00      	bkpt	0x0000

100001c8 <isr_invalid>:
100001c8:	be00      	bkpt	0x0000

100001ca <isr_nmi>:
100001ca:	be00      	bkpt	0x0000

100001cc <isr_hardfault>:
100001cc:	be00      	bkpt	0x0000

100001ce <isr_svcall>:
100001ce:	be00      	bkpt	0x0000

100001d0 <isr_pendsv>:
100001d0:	be00      	bkpt	0x0000

100001d2 <isr_systick>:
100001d2:	be00      	bkpt	0x0000

100001d4 <__default_isrs_end>:
100001d4:	7188ebf2 	.word	0x7188ebf2
100001d8:	1003f748 	.word	0x1003f748
100001dc:	1003f764 	.word	0x1003f764
100001e0:	10000238 	.word	0x10000238
100001e4:	e71aa390 	.word	0xe71aa390

100001e8 <_entry_point>:
100001e8:	481e      	ldr	r0, [pc, #120]	; (10000264 <data_cpy_table+0x2c>)

100001ea <_enter_vtable_in_r0>:
100001ea:	491f      	ldr	r1, [pc, #124]	; (10000268 <data_cpy_table+0x30>)
100001ec:	6008      	str	r0, [r1, #0]
100001ee:	c806      	ldmia	r0!, {r1, r2}
100001f0:	f381 8808 	msr	MSP, r1
100001f4:	4710      	bx	r2

100001f6 <_reset_handler>:
100001f6:	481d      	ldr	r0, [pc, #116]	; (1000026c <data_cpy_table+0x34>)
100001f8:	6800      	ldr	r0, [r0, #0]
100001fa:	2800      	cmp	r0, #0
100001fc:	d001      	beq.n	10000202 <hold_non_core0_in_bootrom+0x4>

100001fe <hold_non_core0_in_bootrom>:
100001fe:	4819      	ldr	r0, [pc, #100]	; (10000264 <data_cpy_table+0x2c>)
10000200:	e7f3      	b.n	100001ea <_enter_vtable_in_r0>
10000202:	a40d      	add	r4, pc, #52	; (adr r4, 10000238 <data_cpy_table>)
10000204:	cc0e      	ldmia	r4!, {r1, r2, r3}
10000206:	2900      	cmp	r1, #0
10000208:	d002      	beq.n	10000210 <hold_non_core0_in_bootrom+0x12>
1000020a:	f000 f812 	bl	10000232 <data_cpy>
1000020e:	e7f9      	b.n	10000204 <hold_non_core0_in_bootrom+0x6>
10000210:	4917      	ldr	r1, [pc, #92]	; (10000270 <data_cpy_table+0x38>)
10000212:	4a18      	ldr	r2, [pc, #96]	; (10000274 <data_cpy_table+0x3c>)
10000214:	2000      	movs	r0, #0
10000216:	e000      	b.n	1000021a <bss_fill_test>

10000218 <bss_fill_loop>:
10000218:	c101      	stmia	r1!, {r0}

1000021a <bss_fill_test>:
1000021a:	4291      	cmp	r1, r2
1000021c:	d1fc      	bne.n	10000218 <bss_fill_loop>

1000021e <platform_entry>:
1000021e:	4916      	ldr	r1, [pc, #88]	; (10000278 <data_cpy_table+0x40>)
10000220:	4788      	blx	r1
10000222:	4916      	ldr	r1, [pc, #88]	; (1000027c <data_cpy_table+0x44>)
10000224:	4788      	blx	r1
10000226:	4916      	ldr	r1, [pc, #88]	; (10000280 <data_cpy_table+0x48>)
10000228:	4788      	blx	r1
1000022a:	be00      	bkpt	0x0000
1000022c:	e7fd      	b.n	1000022a <platform_entry+0xc>

1000022e <data_cpy_loop>:
1000022e:	c901      	ldmia	r1!, {r0}
10000230:	c201      	stmia	r2!, {r0}

10000232 <data_cpy>:
10000232:	429a      	cmp	r2, r3
10000234:	d3fb      	bcc.n	1000022e <data_cpy_loop>
10000236:	4770      	bx	lr

10000238 <data_cpy_table>:
10000238:	1003f764 	.word	0x1003f764
1000023c:	200000c0 	.word	0x200000c0
10000240:	20000590 	.word	0x20000590
10000244:	1003fc34 	.word	0x1003fc34
10000248:	20040000 	.word	0x20040000
1000024c:	20040000 	.word	0x20040000
10000250:	1003fc34 	.word	0x1003fc34
10000254:	20041000 	.word	0x20041000
10000258:	20041000 	.word	0x20041000
1000025c:	00000000 	.word	0x00000000
10000260:	4770      	bx	lr
10000262:	0000      	.short	0x0000
10000264:	00000000 	.word	0x00000000
10000268:	e000ed08 	.word	0xe000ed08
1000026c:	d0000000 	.word	0xd0000000
10000270:	20000590 	.word	0x20000590
10000274:	200013fc 	.word	0x200013fc
10000278:	10003831 	.word	0x10003831
1000027c:	100002d1 	.word	0x100002d1
10000280:	10003829 	.word	0x10003829

10000284 <_init>:
10000284:	b5f8      	push	{r3, r4, r5, r6, r7, lr}
10000286:	46c0      	nop			; (mov r8, r8)

10000288 <__do_global_dtors_aux>:
10000288:	b510      	push	{r4, lr}
1000028a:	4c06      	ldr	r4, [pc, #24]	; (100002a4 <__do_global_dtors_aux+0x1c>)
1000028c:	7823      	ldrb	r3, [r4, #0]
1000028e:	2b00      	cmp	r3, #0
10000290:	d107      	bne.n	100002a2 <__do_global_dtors_aux+0x1a>
10000292:	4b05      	ldr	r3, [pc, #20]	; (100002a8 <__do_global_dtors_aux+0x20>)
10000294:	2b00      	cmp	r3, #0
10000296:	d002      	beq.n	1000029e <__do_global_dtors_aux+0x16>
10000298:	4804      	ldr	r0, [pc, #16]	; (100002ac <__do_global_dtors_aux+0x24>)
1000029a:	e000      	b.n	1000029e <__do_global_dtors_aux+0x16>
1000029c:	bf00      	nop
1000029e:	2301      	movs	r3, #1
100002a0:	7023      	strb	r3, [r4, #0]
100002a2:	bd10      	pop	{r4, pc}
100002a4:	20000858 	.word	0x20000858
100002a8:	00000000 	.word	0x00000000
100002ac:	10007b3c 	.word	0x10007b3c

100002b0 <frame_dummy>:
100002b0:	4b04      	ldr	r3, [pc, #16]	; (100002c4 <frame_dummy+0x14>)
100002b2:	b510      	push	{r4, lr}
100002b4:	2b00      	cmp	r3, #0
100002b6:	d003      	beq.n	100002c0 <frame_dummy+0x10>
100002b8:	4903      	ldr	r1, [pc, #12]	; (100002c8 <frame_dummy+0x18>)
100002ba:	4804      	ldr	r0, [pc, #16]	; (100002cc <frame_dummy+0x1c>)
100002bc:	e000      	b.n	100002c0 <frame_dummy+0x10>
100002be:	bf00      	nop
100002c0:	bd10      	pop	{r4, pc}
100002c2:	46c0      	nop			; (mov r8, r8)
100002c4:	00000000 	.word	0x00000000
100002c8:	2000085c 	.word	0x2000085c
100002cc:	10007b3c 	.word	0x10007b3c

100002d0 <main>:
100002d0:	b510      	push	{r4, lr}
100002d2:	f003 fcff 	bl	10003cd4 <cyw43_arch_init>
100002d6:	2800      	cmp	r0, #0
100002d8:	d110      	bne.n	100002fc <main+0x2c>
100002da:	2101      	movs	r1, #1
100002dc:	2000      	movs	r0, #0
100002de:	f003 fce9 	bl	10003cb4 <cyw43_arch_gpio_put>
100002e2:	20fa      	movs	r0, #250	; 0xfa
100002e4:	0080      	lsls	r0, r0, #2
100002e6:	f001 f821 	bl	1000132c <sleep_ms>
100002ea:	2100      	movs	r1, #0
100002ec:	2000      	movs	r0, #0
100002ee:	f003 fce1 	bl	10003cb4 <cyw43_arch_gpio_put>
100002f2:	20fa      	movs	r0, #250	; 0xfa
100002f4:	0080      	lsls	r0, r0, #2
100002f6:	f001 f819 	bl	1000132c <sleep_ms>
100002fa:	e7ee      	b.n	100002da <main+0xa>
100002fc:	f001 fa6e 	bl	100017dc <hard_assertion_failure>
10000300:	e7eb      	b.n	100002da <main+0xa>
10000302:	46c0      	nop			; (mov r8, r8)

10000304 <gpio_set_function>:
10000304:	b510      	push	{r4, lr}
10000306:	2440      	movs	r4, #64	; 0x40
10000308:	4a08      	ldr	r2, [pc, #32]	; (1000032c <gpio_set_function+0x28>)
1000030a:	0083      	lsls	r3, r0, #2
1000030c:	189a      	adds	r2, r3, r2
1000030e:	6812      	ldr	r2, [r2, #0]
10000310:	00c0      	lsls	r0, r0, #3
10000312:	4054      	eors	r4, r2
10000314:	22c0      	movs	r2, #192	; 0xc0
10000316:	4022      	ands	r2, r4
10000318:	4c05      	ldr	r4, [pc, #20]	; (10000330 <gpio_set_function+0x2c>)
1000031a:	46a4      	mov	ip, r4
1000031c:	4463      	add	r3, ip
1000031e:	601a      	str	r2, [r3, #0]
10000320:	4b04      	ldr	r3, [pc, #16]	; (10000334 <gpio_set_function+0x30>)
10000322:	469c      	mov	ip, r3
10000324:	4460      	add	r0, ip
10000326:	6041      	str	r1, [r0, #4]
10000328:	bd10      	pop	{r4, pc}
1000032a:	46c0      	nop			; (mov r8, r8)
1000032c:	4001c004 	.word	0x4001c004
10000330:	4001d004 	.word	0x4001d004
10000334:	40014000 	.word	0x40014000

10000338 <gpio_set_pulls>:
10000338:	4b0b      	ldr	r3, [pc, #44]	; (10000368 <gpio_set_pulls+0x30>)
1000033a:	0080      	lsls	r0, r0, #2
1000033c:	469c      	mov	ip, r3
1000033e:	4460      	add	r0, ip
10000340:	2900      	cmp	r1, #0
10000342:	d10e      	bne.n	10000362 <gpio_set_pulls+0x2a>
10000344:	2300      	movs	r3, #0
10000346:	3104      	adds	r1, #4
10000348:	2a00      	cmp	r2, #0
1000034a:	d100      	bne.n	1000034e <gpio_set_pulls+0x16>
1000034c:	0019      	movs	r1, r3
1000034e:	2280      	movs	r2, #128	; 0x80
10000350:	6803      	ldr	r3, [r0, #0]
10000352:	0152      	lsls	r2, r2, #5
10000354:	4059      	eors	r1, r3
10000356:	4694      	mov	ip, r2
10000358:	230c      	movs	r3, #12
1000035a:	4460      	add	r0, ip
1000035c:	400b      	ands	r3, r1
1000035e:	6003      	str	r3, [r0, #0]
10000360:	4770      	bx	lr
10000362:	210c      	movs	r1, #12
10000364:	2308      	movs	r3, #8
10000366:	e7ef      	b.n	10000348 <gpio_set_pulls+0x10>
10000368:	4001c004 	.word	0x4001c004

1000036c <gpio_set_input_hysteresis_enabled>:
1000036c:	0080      	lsls	r0, r0, #2
1000036e:	2900      	cmp	r1, #0
10000370:	d005      	beq.n	1000037e <gpio_set_input_hysteresis_enabled+0x12>
10000372:	4b06      	ldr	r3, [pc, #24]	; (1000038c <gpio_set_input_hysteresis_enabled+0x20>)
10000374:	469c      	mov	ip, r3
10000376:	2302      	movs	r3, #2
10000378:	4460      	add	r0, ip
1000037a:	6003      	str	r3, [r0, #0]
1000037c:	4770      	bx	lr
1000037e:	4b04      	ldr	r3, [pc, #16]	; (10000390 <gpio_set_input_hysteresis_enabled+0x24>)
10000380:	469c      	mov	ip, r3
10000382:	2302      	movs	r3, #2
10000384:	4460      	add	r0, ip
10000386:	6003      	str	r3, [r0, #0]
10000388:	e7f8      	b.n	1000037c <gpio_set_input_hysteresis_enabled+0x10>
1000038a:	46c0      	nop			; (mov r8, r8)
1000038c:	4001e004 	.word	0x4001e004
10000390:	4001f004 	.word	0x4001f004

10000394 <gpio_set_irq_enabled>:
10000394:	23d0      	movs	r3, #208	; 0xd0
10000396:	061b      	lsls	r3, r3, #24
10000398:	681b      	ldr	r3, [r3, #0]
1000039a:	b530      	push	{r4, r5, lr}
1000039c:	0005      	movs	r5, r0
1000039e:	1e58      	subs	r0, r3, #1
100003a0:	4183      	sbcs	r3, r0
100003a2:	4810      	ldr	r0, [pc, #64]	; (100003e4 <gpio_set_irq_enabled+0x50>)
100003a4:	425c      	negs	r4, r3
100003a6:	4684      	mov	ip, r0
100003a8:	2007      	movs	r0, #7
100003aa:	2330      	movs	r3, #48	; 0x30
100003ac:	4028      	ands	r0, r5
100003ae:	4023      	ands	r3, r4
100003b0:	0080      	lsls	r0, r0, #2
100003b2:	08ec      	lsrs	r4, r5, #3
100003b4:	4081      	lsls	r1, r0
100003b6:	0020      	movs	r0, r4
100003b8:	4d0b      	ldr	r5, [pc, #44]	; (100003e8 <gpio_set_irq_enabled+0x54>)
100003ba:	303c      	adds	r0, #60	; 0x3c
100003bc:	4463      	add	r3, ip
100003be:	0080      	lsls	r0, r0, #2
100003c0:	00a4      	lsls	r4, r4, #2
100003c2:	5141      	str	r1, [r0, r5]
100003c4:	191b      	adds	r3, r3, r4
100003c6:	2a00      	cmp	r2, #0
100003c8:	d005      	beq.n	100003d6 <gpio_set_irq_enabled+0x42>
100003ca:	2280      	movs	r2, #128	; 0x80
100003cc:	0192      	lsls	r2, r2, #6
100003ce:	4694      	mov	ip, r2
100003d0:	4463      	add	r3, ip
100003d2:	6019      	str	r1, [r3, #0]
100003d4:	bd30      	pop	{r4, r5, pc}
100003d6:	22c0      	movs	r2, #192	; 0xc0
100003d8:	0192      	lsls	r2, r2, #6
100003da:	4694      	mov	ip, r2
100003dc:	4463      	add	r3, ip
100003de:	6019      	str	r1, [r3, #0]
100003e0:	e7f8      	b.n	100003d4 <gpio_set_irq_enabled+0x40>
100003e2:	46c0      	nop			; (mov r8, r8)
100003e4:	40014100 	.word	0x40014100
100003e8:	40014000 	.word	0x40014000

100003ec <gpio_add_raw_irq_handler_with_order_priority_masked>:
100003ec:	23d0      	movs	r3, #208	; 0xd0
100003ee:	b5f0      	push	{r4, r5, r6, r7, lr}
100003f0:	46c6      	mov	lr, r8
100003f2:	0004      	movs	r4, r0
100003f4:	061b      	lsls	r3, r3, #24
100003f6:	4698      	mov	r8, r3
100003f8:	681b      	ldr	r3, [r3, #0]
100003fa:	4f0c      	ldr	r7, [pc, #48]	; (1000042c <gpio_add_raw_irq_handler_with_order_priority_masked+0x40>)
100003fc:	009b      	lsls	r3, r3, #2
100003fe:	58f8      	ldr	r0, [r7, r3]
10000400:	000d      	movs	r5, r1
10000402:	0016      	movs	r6, r2
10000404:	b500      	push	{lr}
10000406:	4204      	tst	r4, r0
10000408:	d109      	bne.n	1000041e <gpio_add_raw_irq_handler_with_order_priority_masked+0x32>
1000040a:	4304      	orrs	r4, r0
1000040c:	0032      	movs	r2, r6
1000040e:	0029      	movs	r1, r5
10000410:	50fc      	str	r4, [r7, r3]
10000412:	200d      	movs	r0, #13
10000414:	f000 f966 	bl	100006e4 <irq_add_shared_handler>
10000418:	bc80      	pop	{r7}
1000041a:	46b8      	mov	r8, r7
1000041c:	bdf0      	pop	{r4, r5, r6, r7, pc}
1000041e:	f001 f9dd 	bl	100017dc <hard_assertion_failure>
10000422:	4643      	mov	r3, r8
10000424:	681b      	ldr	r3, [r3, #0]
10000426:	009b      	lsls	r3, r3, #2
10000428:	58f8      	ldr	r0, [r7, r3]
1000042a:	e7ee      	b.n	1000040a <gpio_add_raw_irq_handler_with_order_priority_masked+0x1e>
1000042c:	200012dc 	.word	0x200012dc

10000430 <gpio_remove_raw_irq_handler_masked>:
10000430:	b510      	push	{r4, lr}
10000432:	0004      	movs	r4, r0
10000434:	200d      	movs	r0, #13
10000436:	f000 fa49 	bl	100008cc <irq_remove_handler>
1000043a:	23d0      	movs	r3, #208	; 0xd0
1000043c:	061b      	lsls	r3, r3, #24
1000043e:	681b      	ldr	r3, [r3, #0]
10000440:	4902      	ldr	r1, [pc, #8]	; (1000044c <gpio_remove_raw_irq_handler_masked+0x1c>)
10000442:	009b      	lsls	r3, r3, #2
10000444:	585a      	ldr	r2, [r3, r1]
10000446:	43a2      	bics	r2, r4
10000448:	505a      	str	r2, [r3, r1]
1000044a:	bd10      	pop	{r4, pc}
1000044c:	200012dc 	.word	0x200012dc

10000450 <gpio_init>:
10000450:	2301      	movs	r3, #1
10000452:	22d0      	movs	r2, #208	; 0xd0
10000454:	4083      	lsls	r3, r0
10000456:	2140      	movs	r1, #64	; 0x40
10000458:	0612      	lsls	r2, r2, #24
1000045a:	6293      	str	r3, [r2, #40]	; 0x28
1000045c:	6193      	str	r3, [r2, #24]
1000045e:	4a09      	ldr	r2, [pc, #36]	; (10000484 <gpio_init+0x34>)
10000460:	0083      	lsls	r3, r0, #2
10000462:	189a      	adds	r2, r3, r2
10000464:	6812      	ldr	r2, [r2, #0]
10000466:	00c0      	lsls	r0, r0, #3
10000468:	4051      	eors	r1, r2
1000046a:	22c0      	movs	r2, #192	; 0xc0
1000046c:	400a      	ands	r2, r1
1000046e:	4906      	ldr	r1, [pc, #24]	; (10000488 <gpio_init+0x38>)
10000470:	468c      	mov	ip, r1
10000472:	4463      	add	r3, ip
10000474:	601a      	str	r2, [r3, #0]
10000476:	4b05      	ldr	r3, [pc, #20]	; (1000048c <gpio_init+0x3c>)
10000478:	469c      	mov	ip, r3
1000047a:	2305      	movs	r3, #5
1000047c:	4460      	add	r0, ip
1000047e:	6043      	str	r3, [r0, #4]
10000480:	4770      	bx	lr
10000482:	46c0      	nop			; (mov r8, r8)
10000484:	4001c004 	.word	0x4001c004
10000488:	4001d004 	.word	0x4001d004
1000048c:	40014000 	.word	0x40014000

10000490 <panic>:
10000490:	b40f      	push	{r0, r1, r2, r3}
10000492:	b500      	push	{lr}
10000494:	4808      	ldr	r0, [pc, #32]	; (100004b8 <panic+0x28>)
10000496:	b083      	sub	sp, #12
10000498:	f003 fb40 	bl	10003b1c <__wrap_puts>
1000049c:	9b04      	ldr	r3, [sp, #16]
1000049e:	2b00      	cmp	r3, #0
100004a0:	d007      	beq.n	100004b2 <panic+0x22>
100004a2:	a905      	add	r1, sp, #20
100004a4:	0018      	movs	r0, r3
100004a6:	9101      	str	r1, [sp, #4]
100004a8:	f003 f9a4 	bl	100037f4 <weak_raw_vprintf>
100004ac:	4803      	ldr	r0, [pc, #12]	; (100004bc <panic+0x2c>)
100004ae:	f003 fb35 	bl	10003b1c <__wrap_puts>
100004b2:	2001      	movs	r0, #1
100004b4:	f003 f9b6 	bl	10003824 <_exit>
100004b8:	10007b40 	.word	0x10007b40
100004bc:	10007f70 	.word	0x10007f70

100004c0 <hw_claim_lock>:
100004c0:	f3ef 8010 	mrs	r0, PRIMASK
100004c4:	b672      	cpsid	i
100004c6:	4a03      	ldr	r2, [pc, #12]	; (100004d4 <hw_claim_lock+0x14>)
100004c8:	6813      	ldr	r3, [r2, #0]
100004ca:	2b00      	cmp	r3, #0
100004cc:	d0fc      	beq.n	100004c8 <hw_claim_lock+0x8>
100004ce:	f3bf 8f5f 	dmb	sy
100004d2:	4770      	bx	lr
100004d4:	d000012c 	.word	0xd000012c

100004d8 <hw_claim_unlock>:
100004d8:	f3bf 8f5f 	dmb	sy
100004dc:	2200      	movs	r2, #0
100004de:	4b02      	ldr	r3, [pc, #8]	; (100004e8 <hw_claim_unlock+0x10>)
100004e0:	601a      	str	r2, [r3, #0]
100004e2:	f380 8810 	msr	PRIMASK, r0
100004e6:	4770      	bx	lr
100004e8:	d000012c 	.word	0xd000012c

100004ec <hw_claim_or_assert>:
100004ec:	b570      	push	{r4, r5, r6, lr}
100004ee:	f3ef 8c10 	mrs	ip, PRIMASK
100004f2:	b672      	cpsid	i
100004f4:	4d0d      	ldr	r5, [pc, #52]	; (1000052c <hw_claim_or_assert+0x40>)
100004f6:	682b      	ldr	r3, [r5, #0]
100004f8:	2b00      	cmp	r3, #0
100004fa:	d0fc      	beq.n	100004f6 <hw_claim_or_assert+0xa>
100004fc:	f3bf 8f5f 	dmb	sy
10000500:	2407      	movs	r4, #7
10000502:	08cb      	lsrs	r3, r1, #3
10000504:	18c6      	adds	r6, r0, r3
10000506:	5cc0      	ldrb	r0, [r0, r3]
10000508:	2301      	movs	r3, #1
1000050a:	400c      	ands	r4, r1
1000050c:	40a3      	lsls	r3, r4
1000050e:	001c      	movs	r4, r3
10000510:	4004      	ands	r4, r0
10000512:	4203      	tst	r3, r0
10000514:	d107      	bne.n	10000526 <hw_claim_or_assert+0x3a>
10000516:	4303      	orrs	r3, r0
10000518:	7033      	strb	r3, [r6, #0]
1000051a:	f3bf 8f5f 	dmb	sy
1000051e:	602c      	str	r4, [r5, #0]
10000520:	f38c 8810 	msr	PRIMASK, ip
10000524:	bd70      	pop	{r4, r5, r6, pc}
10000526:	0010      	movs	r0, r2
10000528:	f7ff ffb2 	bl	10000490 <panic>
1000052c:	d000012c 	.word	0xd000012c

10000530 <hw_claim_unused_from_range>:
10000530:	b5f8      	push	{r3, r4, r5, r6, r7, lr}
10000532:	4647      	mov	r7, r8
10000534:	46ce      	mov	lr, r9
10000536:	4688      	mov	r8, r1
10000538:	b580      	push	{r7, lr}
1000053a:	f3ef 8c10 	mrs	ip, PRIMASK
1000053e:	b672      	cpsid	i
10000540:	4d21      	ldr	r5, [pc, #132]	; (100005c8 <hw_claim_unused_from_range+0x98>)
10000542:	682c      	ldr	r4, [r5, #0]
10000544:	2c00      	cmp	r4, #0
10000546:	d0fc      	beq.n	10000542 <hw_claim_unused_from_range+0x12>
10000548:	f3bf 8f5f 	dmb	sy
1000054c:	429a      	cmp	r2, r3
1000054e:	d82c      	bhi.n	100005aa <hw_claim_unused_from_range+0x7a>
10000550:	08d4      	lsrs	r4, r2, #3
10000552:	2707      	movs	r7, #7
10000554:	5d05      	ldrb	r5, [r0, r4]
10000556:	1906      	adds	r6, r0, r4
10000558:	2401      	movs	r4, #1
1000055a:	4017      	ands	r7, r2
1000055c:	40bc      	lsls	r4, r7
1000055e:	422c      	tst	r4, r5
10000560:	d01f      	beq.n	100005a2 <hw_claim_unused_from_range+0x72>
10000562:	2107      	movs	r1, #7
10000564:	2701      	movs	r7, #1
10000566:	4689      	mov	r9, r1
10000568:	e009      	b.n	1000057e <hw_claim_unused_from_range+0x4e>
1000056a:	08d4      	lsrs	r4, r2, #3
1000056c:	5d05      	ldrb	r5, [r0, r4]
1000056e:	1906      	adds	r6, r0, r4
10000570:	464c      	mov	r4, r9
10000572:	0039      	movs	r1, r7
10000574:	4014      	ands	r4, r2
10000576:	40a1      	lsls	r1, r4
10000578:	000c      	movs	r4, r1
1000057a:	4229      	tst	r1, r5
1000057c:	d011      	beq.n	100005a2 <hw_claim_unused_from_range+0x72>
1000057e:	3201      	adds	r2, #1
10000580:	4293      	cmp	r3, r2
10000582:	d2f2      	bcs.n	1000056a <hw_claim_unused_from_range+0x3a>
10000584:	2001      	movs	r0, #1
10000586:	4240      	negs	r0, r0
10000588:	f3bf 8f5f 	dmb	sy
1000058c:	2200      	movs	r2, #0
1000058e:	4b0e      	ldr	r3, [pc, #56]	; (100005c8 <hw_claim_unused_from_range+0x98>)
10000590:	601a      	str	r2, [r3, #0]
10000592:	f38c 8810 	msr	PRIMASK, ip
10000596:	2800      	cmp	r0, #0
10000598:	db0f      	blt.n	100005ba <hw_claim_unused_from_range+0x8a>
1000059a:	bcc0      	pop	{r6, r7}
1000059c:	46b9      	mov	r9, r7
1000059e:	46b0      	mov	r8, r6
100005a0:	bdf8      	pop	{r3, r4, r5, r6, r7, pc}
100005a2:	432c      	orrs	r4, r5
100005a4:	0010      	movs	r0, r2
100005a6:	7034      	strb	r4, [r6, #0]
100005a8:	e7ee      	b.n	10000588 <hw_claim_unused_from_range+0x58>
100005aa:	f3bf 8f5f 	dmb	sy
100005ae:	2300      	movs	r3, #0
100005b0:	602b      	str	r3, [r5, #0]
100005b2:	f38c 8810 	msr	PRIMASK, ip
100005b6:	2001      	movs	r0, #1
100005b8:	4240      	negs	r0, r0
100005ba:	4643      	mov	r3, r8
100005bc:	2b00      	cmp	r3, #0
100005be:	d0ec      	beq.n	1000059a <hw_claim_unused_from_range+0x6a>
100005c0:	9808      	ldr	r0, [sp, #32]
100005c2:	f7ff ff65 	bl	10000490 <panic>
100005c6:	46c0      	nop			; (mov r8, r8)
100005c8:	d000012c 	.word	0xd000012c

100005cc <hw_claim_clear>:
100005cc:	b530      	push	{r4, r5, lr}
100005ce:	f3ef 8c10 	mrs	ip, PRIMASK
100005d2:	b672      	cpsid	i
100005d4:	4c0a      	ldr	r4, [pc, #40]	; (10000600 <hw_claim_clear+0x34>)
100005d6:	6823      	ldr	r3, [r4, #0]
100005d8:	2b00      	cmp	r3, #0
100005da:	d0fc      	beq.n	100005d6 <hw_claim_clear+0xa>
100005dc:	f3bf 8f5f 	dmb	sy
100005e0:	2307      	movs	r3, #7
100005e2:	2201      	movs	r2, #1
100005e4:	08cd      	lsrs	r5, r1, #3
100005e6:	4019      	ands	r1, r3
100005e8:	408a      	lsls	r2, r1
100005ea:	5d43      	ldrb	r3, [r0, r5]
100005ec:	4393      	bics	r3, r2
100005ee:	5543      	strb	r3, [r0, r5]
100005f0:	f3bf 8f5f 	dmb	sy
100005f4:	2300      	movs	r3, #0
100005f6:	6023      	str	r3, [r4, #0]
100005f8:	f38c 8810 	msr	PRIMASK, ip
100005fc:	bd30      	pop	{r4, r5, pc}
100005fe:	46c0      	nop			; (mov r8, r8)
10000600:	d000012c 	.word	0xd000012c

10000604 <next_striped_spin_lock_num>:
10000604:	4a04      	ldr	r2, [pc, #16]	; (10000618 <next_striped_spin_lock_num+0x14>)
10000606:	7810      	ldrb	r0, [r2, #0]
10000608:	1c43      	adds	r3, r0, #1
1000060a:	b2db      	uxtb	r3, r3
1000060c:	2b17      	cmp	r3, #23
1000060e:	d900      	bls.n	10000612 <next_striped_spin_lock_num+0xe>
10000610:	2310      	movs	r3, #16
10000612:	7013      	strb	r3, [r2, #0]
10000614:	4770      	bx	lr
10000616:	46c0      	nop			; (mov r8, r8)
10000618:	200004d8 	.word	0x200004d8

1000061c <spin_locks_reset>:
1000061c:	2100      	movs	r1, #0
1000061e:	4b04      	ldr	r3, [pc, #16]	; (10000630 <spin_locks_reset+0x14>)
10000620:	4a04      	ldr	r2, [pc, #16]	; (10000634 <spin_locks_reset+0x18>)
10000622:	f3bf 8f5f 	dmb	sy
10000626:	c302      	stmia	r3!, {r1}
10000628:	4293      	cmp	r3, r2
1000062a:	d1fa      	bne.n	10000622 <spin_locks_reset+0x6>
1000062c:	4770      	bx	lr
1000062e:	46c0      	nop			; (mov r8, r8)
10000630:	d0000100 	.word	0xd0000100
10000634:	d0000180 	.word	0xd0000180

10000638 <runtime_init_per_core_irq_priorities>:
10000638:	4b05      	ldr	r3, [pc, #20]	; (10000650 <runtime_init_per_core_irq_priorities+0x18>)
1000063a:	4a06      	ldr	r2, [pc, #24]	; (10000654 <runtime_init_per_core_irq_priorities+0x1c>)
1000063c:	6013      	str	r3, [r2, #0]
1000063e:	4a06      	ldr	r2, [pc, #24]	; (10000658 <runtime_init_per_core_irq_priorities+0x20>)
10000640:	6013      	str	r3, [r2, #0]
10000642:	6053      	str	r3, [r2, #4]
10000644:	6093      	str	r3, [r2, #8]
10000646:	60d3      	str	r3, [r2, #12]
10000648:	6113      	str	r3, [r2, #16]
1000064a:	6153      	str	r3, [r2, #20]
1000064c:	6193      	str	r3, [r2, #24]
1000064e:	4770      	bx	lr
10000650:	80808080 	.word	0x80808080
10000654:	e000e400 	.word	0xe000e400
10000658:	e000e404 	.word	0xe000e404

1000065c <irq_set_enabled>:
1000065c:	231f      	movs	r3, #31
1000065e:	4018      	ands	r0, r3
10000660:	3b1e      	subs	r3, #30
10000662:	4083      	lsls	r3, r0
10000664:	2900      	cmp	r1, #0
10000666:	d005      	beq.n	10000674 <irq_set_enabled+0x18>
10000668:	21c0      	movs	r1, #192	; 0xc0
1000066a:	4a04      	ldr	r2, [pc, #16]	; (1000067c <irq_set_enabled+0x20>)
1000066c:	0049      	lsls	r1, r1, #1
1000066e:	5053      	str	r3, [r2, r1]
10000670:	6013      	str	r3, [r2, #0]
10000672:	4770      	bx	lr
10000674:	2280      	movs	r2, #128	; 0x80
10000676:	4901      	ldr	r1, [pc, #4]	; (1000067c <irq_set_enabled+0x20>)
10000678:	508b      	str	r3, [r1, r2]
1000067a:	e7fa      	b.n	10000672 <irq_set_enabled+0x16>
1000067c:	e000e100 	.word	0xe000e100

10000680 <irq_set_pending>:
10000680:	2301      	movs	r3, #1
10000682:	4083      	lsls	r3, r0
10000684:	4a01      	ldr	r2, [pc, #4]	; (1000068c <irq_set_pending+0xc>)
10000686:	6013      	str	r3, [r2, #0]
10000688:	4770      	bx	lr
1000068a:	46c0      	nop			; (mov r8, r8)
1000068c:	e000e200 	.word	0xe000e200

10000690 <irq_set_exclusive_handler>:
10000690:	b570      	push	{r4, r5, r6, lr}
10000692:	000d      	movs	r5, r1
10000694:	f3ef 8610 	mrs	r6, PRIMASK
10000698:	b672      	cpsid	i
1000069a:	4a0f      	ldr	r2, [pc, #60]	; (100006d8 <irq_set_exclusive_handler+0x48>)
1000069c:	6813      	ldr	r3, [r2, #0]
1000069e:	2b00      	cmp	r3, #0
100006a0:	d0fc      	beq.n	1000069c <irq_set_exclusive_handler+0xc>
100006a2:	f3bf 8f5f 	dmb	sy
100006a6:	4b0d      	ldr	r3, [pc, #52]	; (100006dc <irq_set_exclusive_handler+0x4c>)
100006a8:	3010      	adds	r0, #16
100006aa:	689b      	ldr	r3, [r3, #8]
100006ac:	0084      	lsls	r4, r0, #2
100006ae:	591b      	ldr	r3, [r3, r4]
100006b0:	4a0b      	ldr	r2, [pc, #44]	; (100006e0 <irq_set_exclusive_handler+0x50>)
100006b2:	4293      	cmp	r3, r2
100006b4:	d003      	beq.n	100006be <irq_set_exclusive_handler+0x2e>
100006b6:	429d      	cmp	r5, r3
100006b8:	d001      	beq.n	100006be <irq_set_exclusive_handler+0x2e>
100006ba:	f001 f88f 	bl	100017dc <hard_assertion_failure>
100006be:	4b07      	ldr	r3, [pc, #28]	; (100006dc <irq_set_exclusive_handler+0x4c>)
100006c0:	689b      	ldr	r3, [r3, #8]
100006c2:	511d      	str	r5, [r3, r4]
100006c4:	f3bf 8f5f 	dmb	sy
100006c8:	f3bf 8f5f 	dmb	sy
100006cc:	2200      	movs	r2, #0
100006ce:	4b02      	ldr	r3, [pc, #8]	; (100006d8 <irq_set_exclusive_handler+0x48>)
100006d0:	601a      	str	r2, [r3, #0]
100006d2:	f386 8810 	msr	PRIMASK, r6
100006d6:	bd70      	pop	{r4, r5, r6, pc}
100006d8:	d0000124 	.word	0xd0000124
100006dc:	e000ed00 	.word	0xe000ed00
100006e0:	100001c1 	.word	0x100001c1

100006e4 <irq_add_shared_handler>:
100006e4:	b5f0      	push	{r4, r5, r6, r7, lr}
100006e6:	4657      	mov	r7, sl
100006e8:	464e      	mov	r6, r9
100006ea:	46de      	mov	lr, fp
100006ec:	4645      	mov	r5, r8
100006ee:	b5e0      	push	{r5, r6, r7, lr}
100006f0:	b085      	sub	sp, #20
100006f2:	0006      	movs	r6, r0
100006f4:	9102      	str	r1, [sp, #8]
100006f6:	0017      	movs	r7, r2
100006f8:	f3ef 8b10 	mrs	fp, PRIMASK
100006fc:	b672      	cpsid	i
100006fe:	4a67      	ldr	r2, [pc, #412]	; (1000089c <irq_add_shared_handler+0x1b8>)
10000700:	6813      	ldr	r3, [r2, #0]
10000702:	2b00      	cmp	r3, #0
10000704:	d0fc      	beq.n	10000700 <irq_add_shared_handler+0x1c>
10000706:	f3bf 8f5f 	dmb	sy
1000070a:	2500      	movs	r5, #0
1000070c:	4b64      	ldr	r3, [pc, #400]	; (100008a0 <irq_add_shared_handler+0x1bc>)
1000070e:	575d      	ldrsb	r5, [r3, r5]
10000710:	469a      	mov	sl, r3
10000712:	2d00      	cmp	r5, #0
10000714:	da00      	bge.n	10000718 <irq_add_shared_handler+0x34>
10000716:	e0a4      	b.n	10000862 <irq_add_shared_handler+0x17e>
10000718:	006b      	lsls	r3, r5, #1
1000071a:	4c62      	ldr	r4, [pc, #392]	; (100008a4 <irq_add_shared_handler+0x1c0>)
1000071c:	9303      	str	r3, [sp, #12]
1000071e:	195b      	adds	r3, r3, r5
10000720:	009b      	lsls	r3, r3, #2
10000722:	4698      	mov	r8, r3
10000724:	46a1      	mov	r9, r4
10000726:	44c1      	add	r9, r8
10000728:	464b      	mov	r3, r9
1000072a:	4652      	mov	r2, sl
1000072c:	799b      	ldrb	r3, [r3, #6]
1000072e:	3610      	adds	r6, #16
10000730:	7013      	strb	r3, [r2, #0]
10000732:	4b5d      	ldr	r3, [pc, #372]	; (100008a8 <irq_add_shared_handler+0x1c4>)
10000734:	00b2      	lsls	r2, r6, #2
10000736:	689b      	ldr	r3, [r3, #8]
10000738:	9201      	str	r2, [sp, #4]
1000073a:	5899      	ldr	r1, [r3, r2]
1000073c:	1b0b      	subs	r3, r1, r4
1000073e:	2b2f      	cmp	r3, #47	; 0x2f
10000740:	d934      	bls.n	100007ac <irq_add_shared_handler+0xc8>
10000742:	4b5a      	ldr	r3, [pc, #360]	; (100008ac <irq_add_shared_handler+0x1c8>)
10000744:	4299      	cmp	r1, r3
10000746:	d000      	beq.n	1000074a <irq_add_shared_handler+0x66>
10000748:	e0a4      	b.n	10000894 <irq_add_shared_handler+0x1b0>
1000074a:	9b03      	ldr	r3, [sp, #12]
1000074c:	4a58      	ldr	r2, [pc, #352]	; (100008b0 <irq_add_shared_handler+0x1cc>)
1000074e:	469c      	mov	ip, r3
10000750:	4b58      	ldr	r3, [pc, #352]	; (100008b4 <irq_add_shared_handler+0x1d0>)
10000752:	4465      	add	r5, ip
10000754:	00ad      	lsls	r5, r5, #2
10000756:	5363      	strh	r3, [r4, r5]
10000758:	4643      	mov	r3, r8
1000075a:	3302      	adds	r3, #2
1000075c:	1965      	adds	r5, r4, r5
1000075e:	18e4      	adds	r4, r4, r3
10000760:	4b55      	ldr	r3, [pc, #340]	; (100008b8 <irq_add_shared_handler+0x1d4>)
10000762:	2101      	movs	r1, #1
10000764:	3b04      	subs	r3, #4
10000766:	1b1b      	subs	r3, r3, r4
10000768:	051b      	lsls	r3, r3, #20
1000076a:	0d5b      	lsrs	r3, r3, #21
1000076c:	4313      	orrs	r3, r2
1000076e:	806b      	strh	r3, [r5, #2]
10000770:	4b52      	ldr	r3, [pc, #328]	; (100008bc <irq_add_shared_handler+0x1d8>)
10000772:	71ef      	strb	r7, [r5, #7]
10000774:	80ab      	strh	r3, [r5, #4]
10000776:	23ff      	movs	r3, #255	; 0xff
10000778:	71ab      	strb	r3, [r5, #6]
1000077a:	9b02      	ldr	r3, [sp, #8]
1000077c:	60ab      	str	r3, [r5, #8]
1000077e:	464b      	mov	r3, r9
10000780:	430b      	orrs	r3, r1
10000782:	0019      	movs	r1, r3
10000784:	4b48      	ldr	r3, [pc, #288]	; (100008a8 <irq_add_shared_handler+0x1c4>)
10000786:	9a01      	ldr	r2, [sp, #4]
10000788:	689b      	ldr	r3, [r3, #8]
1000078a:	5099      	str	r1, [r3, r2]
1000078c:	f3bf 8f5f 	dmb	sy
10000790:	f3bf 8f5f 	dmb	sy
10000794:	2200      	movs	r2, #0
10000796:	4b41      	ldr	r3, [pc, #260]	; (1000089c <irq_add_shared_handler+0x1b8>)
10000798:	601a      	str	r2, [r3, #0]
1000079a:	f38b 8810 	msr	PRIMASK, fp
1000079e:	b005      	add	sp, #20
100007a0:	bcf0      	pop	{r4, r5, r6, r7}
100007a2:	46bb      	mov	fp, r7
100007a4:	46b2      	mov	sl, r6
100007a6:	46a9      	mov	r9, r5
100007a8:	46a0      	mov	r8, r4
100007aa:	bdf0      	pop	{r4, r5, r6, r7, pc}
100007ac:	2001      	movs	r0, #1
100007ae:	000a      	movs	r2, r1
100007b0:	4382      	bics	r2, r0
100007b2:	79d3      	ldrb	r3, [r2, #7]
100007b4:	42bb      	cmp	r3, r7
100007b6:	d82f      	bhi.n	10000818 <irq_add_shared_handler+0x134>
100007b8:	4645      	mov	r5, r8
100007ba:	464e      	mov	r6, r9
100007bc:	0013      	movs	r3, r2
100007be:	4940      	ldr	r1, [pc, #256]	; (100008c0 <irq_add_shared_handler+0x1dc>)
100007c0:	1b1b      	subs	r3, r3, r4
100007c2:	415b      	adcs	r3, r3
100007c4:	4359      	muls	r1, r3
100007c6:	0d09      	lsrs	r1, r1, #20
100007c8:	4b3a      	ldr	r3, [pc, #232]	; (100008b4 <irq_add_shared_handler+0x1d0>)
100007ca:	5363      	strh	r3, [r4, r5]
100007cc:	4b3a      	ldr	r3, [pc, #232]	; (100008b8 <irq_add_shared_handler+0x1d4>)
100007ce:	3502      	adds	r5, #2
100007d0:	1965      	adds	r5, r4, r5
100007d2:	3b04      	subs	r3, #4
100007d4:	1b5b      	subs	r3, r3, r5
100007d6:	051b      	lsls	r3, r3, #20
100007d8:	4d35      	ldr	r5, [pc, #212]	; (100008b0 <irq_add_shared_handler+0x1cc>)
100007da:	0d5b      	lsrs	r3, r3, #21
100007dc:	432b      	orrs	r3, r5
100007de:	8073      	strh	r3, [r6, #2]
100007e0:	2604      	movs	r6, #4
100007e2:	46b4      	mov	ip, r6
100007e4:	44e0      	add	r8, ip
100007e6:	4444      	add	r4, r8
100007e8:	1f13      	subs	r3, r2, #4
100007ea:	1b1b      	subs	r3, r3, r4
100007ec:	464c      	mov	r4, r9
100007ee:	71a1      	strb	r1, [r4, #6]
100007f0:	9902      	ldr	r1, [sp, #8]
100007f2:	051b      	lsls	r3, r3, #20
100007f4:	60a1      	str	r1, [r4, #8]
100007f6:	4649      	mov	r1, r9
100007f8:	0d5b      	lsrs	r3, r3, #21
100007fa:	432b      	orrs	r3, r5
100007fc:	80a3      	strh	r3, [r4, #4]
100007fe:	4b31      	ldr	r3, [pc, #196]	; (100008c4 <irq_add_shared_handler+0x1e0>)
10000800:	71e7      	strb	r7, [r4, #7]
10000802:	4301      	orrs	r1, r0
10000804:	6013      	str	r3, [r2, #0]
10000806:	e7bd      	b.n	10000784 <irq_add_shared_handler+0xa0>
10000808:	0058      	lsls	r0, r3, #1
1000080a:	18c0      	adds	r0, r0, r3
1000080c:	0080      	lsls	r0, r0, #2
1000080e:	1820      	adds	r0, r4, r0
10000810:	79c6      	ldrb	r6, [r0, #7]
10000812:	42be      	cmp	r6, r7
10000814:	d92b      	bls.n	1000086e <irq_add_shared_handler+0x18a>
10000816:	0002      	movs	r2, r0
10000818:	2306      	movs	r3, #6
1000081a:	56d3      	ldrsb	r3, [r2, r3]
1000081c:	2b00      	cmp	r3, #0
1000081e:	daf3      	bge.n	10000808 <irq_add_shared_handler+0x124>
10000820:	1d10      	adds	r0, r2, #4
10000822:	4682      	mov	sl, r0
10000824:	4828      	ldr	r0, [pc, #160]	; (100008c8 <irq_add_shared_handler+0x1e4>)
10000826:	4680      	mov	r8, r0
10000828:	2604      	movs	r6, #4
1000082a:	4276      	negs	r6, r6
1000082c:	46b4      	mov	ip, r6
1000082e:	44e1      	add	r9, ip
10000830:	4650      	mov	r0, sl
10000832:	464e      	mov	r6, r9
10000834:	1a36      	subs	r6, r6, r0
10000836:	0530      	lsls	r0, r6, #20
10000838:	0d40      	lsrs	r0, r0, #21
1000083a:	4682      	mov	sl, r0
1000083c:	4656      	mov	r6, sl
1000083e:	481c      	ldr	r0, [pc, #112]	; (100008b0 <irq_add_shared_handler+0x1cc>)
10000840:	7195      	strb	r5, [r2, #6]
10000842:	4306      	orrs	r6, r0
10000844:	8096      	strh	r6, [r2, #4]
10000846:	9a03      	ldr	r2, [sp, #12]
10000848:	4694      	mov	ip, r2
1000084a:	4465      	add	r5, ip
1000084c:	4a1d      	ldr	r2, [pc, #116]	; (100008c4 <irq_add_shared_handler+0x1e0>)
1000084e:	00ad      	lsls	r5, r5, #2
10000850:	1964      	adds	r4, r4, r5
10000852:	6022      	str	r2, [r4, #0]
10000854:	4642      	mov	r2, r8
10000856:	71a3      	strb	r3, [r4, #6]
10000858:	9b02      	ldr	r3, [sp, #8]
1000085a:	80a2      	strh	r2, [r4, #4]
1000085c:	71e7      	strb	r7, [r4, #7]
1000085e:	60a3      	str	r3, [r4, #8]
10000860:	e790      	b.n	10000784 <irq_add_shared_handler+0xa0>
10000862:	f000 ffbb 	bl	100017dc <hard_assertion_failure>
10000866:	2500      	movs	r5, #0
10000868:	4653      	mov	r3, sl
1000086a:	575d      	ldrsb	r5, [r3, r5]
1000086c:	e754      	b.n	10000718 <irq_add_shared_handler+0x34>
1000086e:	1d10      	adds	r0, r2, #4
10000870:	4682      	mov	sl, r0
10000872:	8890      	ldrh	r0, [r2, #4]
10000874:	0540      	lsls	r0, r0, #21
10000876:	1500      	asrs	r0, r0, #20
10000878:	4684      	mov	ip, r0
1000087a:	4640      	mov	r0, r8
1000087c:	44d4      	add	ip, sl
1000087e:	4666      	mov	r6, ip
10000880:	3004      	adds	r0, #4
10000882:	1820      	adds	r0, r4, r0
10000884:	1a30      	subs	r0, r6, r0
10000886:	26e0      	movs	r6, #224	; 0xe0
10000888:	0500      	lsls	r0, r0, #20
1000088a:	0d40      	lsrs	r0, r0, #21
1000088c:	0236      	lsls	r6, r6, #8
1000088e:	4330      	orrs	r0, r6
10000890:	4680      	mov	r8, r0
10000892:	e7c9      	b.n	10000828 <irq_add_shared_handler+0x144>
10000894:	f000 ffa2 	bl	100017dc <hard_assertion_failure>
10000898:	e757      	b.n	1000074a <irq_add_shared_handler+0x66>
1000089a:	46c0      	nop			; (mov r8, r8)
1000089c:	d0000124 	.word	0xd0000124
100008a0:	200013f9 	.word	0x200013f9
100008a4:	200004dc 	.word	0x200004dc
100008a8:	e000ed00 	.word	0xe000ed00
100008ac:	100001c1 	.word	0x100001c1
100008b0:	ffffe000 	.word	0xffffe000
100008b4:	ffffa100 	.word	0xffffa100
100008b8:	2000050c 	.word	0x2000050c
100008bc:	ffffbd01 	.word	0xffffbd01
100008c0:	0000aaaa 	.word	0x0000aaaa
100008c4:	47804801 	.word	0x47804801
100008c8:	0000bd01 	.word	0x0000bd01

100008cc <irq_remove_handler>:
100008cc:	b5f0      	push	{r4, r5, r6, r7, lr}
100008ce:	46de      	mov	lr, fp
100008d0:	4657      	mov	r7, sl
100008d2:	464e      	mov	r6, r9
100008d4:	4645      	mov	r5, r8
100008d6:	b5e0      	push	{r5, r6, r7, lr}
100008d8:	000c      	movs	r4, r1
100008da:	b083      	sub	sp, #12
100008dc:	f3ef 8910 	mrs	r9, PRIMASK
100008e0:	b672      	cpsid	i
100008e2:	4a5f      	ldr	r2, [pc, #380]	; (10000a60 <irq_remove_handler+0x194>)
100008e4:	6813      	ldr	r3, [r2, #0]
100008e6:	2b00      	cmp	r3, #0
100008e8:	d0fc      	beq.n	100008e4 <irq_remove_handler+0x18>
100008ea:	f3bf 8f5f 	dmb	sy
100008ee:	4b5d      	ldr	r3, [pc, #372]	; (10000a64 <irq_remove_handler+0x198>)
100008f0:	689a      	ldr	r2, [r3, #8]
100008f2:	0003      	movs	r3, r0
100008f4:	3310      	adds	r3, #16
100008f6:	009f      	lsls	r7, r3, #2
100008f8:	59d5      	ldr	r5, [r2, r7]
100008fa:	4a5b      	ldr	r2, [pc, #364]	; (10000a68 <irq_remove_handler+0x19c>)
100008fc:	4690      	mov	r8, r2
100008fe:	4295      	cmp	r5, r2
10000900:	d03d      	beq.n	1000097e <irq_remove_handler+0xb2>
10000902:	42a5      	cmp	r5, r4
10000904:	d04e      	beq.n	100009a4 <irq_remove_handler+0xd8>
10000906:	4e59      	ldr	r6, [pc, #356]	; (10000a6c <irq_remove_handler+0x1a0>)
10000908:	1baa      	subs	r2, r5, r6
1000090a:	2a2f      	cmp	r2, #47	; 0x2f
1000090c:	d837      	bhi.n	1000097e <irq_remove_handler+0xb2>
1000090e:	4a58      	ldr	r2, [pc, #352]	; (10000a70 <irq_remove_handler+0x1a4>)
10000910:	4693      	mov	fp, r2
10000912:	6812      	ldr	r2, [r2, #0]
10000914:	4694      	mov	ip, r2
10000916:	2201      	movs	r2, #1
10000918:	4661      	mov	r1, ip
1000091a:	4692      	mov	sl, r2
1000091c:	4082      	lsls	r2, r0
1000091e:	4011      	ands	r1, r2
10000920:	221f      	movs	r2, #31
10000922:	4010      	ands	r0, r2
10000924:	4652      	mov	r2, sl
10000926:	4082      	lsls	r2, r0
10000928:	4692      	mov	sl, r2
1000092a:	9101      	str	r1, [sp, #4]
1000092c:	2280      	movs	r2, #128	; 0x80
1000092e:	4651      	mov	r1, sl
10000930:	4658      	mov	r0, fp
10000932:	5081      	str	r1, [r0, r2]
10000934:	f3bf 8f5f 	dmb	sy
10000938:	f3ef 8205 	mrs	r2, IPSR
1000093c:	4693      	mov	fp, r2
1000093e:	2a00      	cmp	r2, #0
10000940:	d132      	bne.n	100009a8 <irq_remove_handler+0xdc>
10000942:	2301      	movs	r3, #1
10000944:	002a      	movs	r2, r5
10000946:	439a      	bics	r2, r3
10000948:	6890      	ldr	r0, [r2, #8]
1000094a:	4284      	cmp	r4, r0
1000094c:	d108      	bne.n	10000960 <irq_remove_handler+0x94>
1000094e:	e07c      	b.n	10000a4a <irq_remove_handler+0x17e>
10000950:	004b      	lsls	r3, r1, #1
10000952:	185b      	adds	r3, r3, r1
10000954:	009b      	lsls	r3, r3, #2
10000956:	18f3      	adds	r3, r6, r3
10000958:	6898      	ldr	r0, [r3, #8]
1000095a:	4284      	cmp	r4, r0
1000095c:	d02e      	beq.n	100009bc <irq_remove_handler+0xf0>
1000095e:	001a      	movs	r2, r3
10000960:	2106      	movs	r1, #6
10000962:	5651      	ldrsb	r1, [r2, r1]
10000964:	2900      	cmp	r1, #0
10000966:	daf3      	bge.n	10000950 <irq_remove_handler+0x84>
10000968:	4284      	cmp	r4, r0
1000096a:	d04d      	beq.n	10000a08 <irq_remove_handler+0x13c>
1000096c:	9b01      	ldr	r3, [sp, #4]
1000096e:	2b00      	cmp	r3, #0
10000970:	d01f      	beq.n	100009b2 <irq_remove_handler+0xe6>
10000972:	22c0      	movs	r2, #192	; 0xc0
10000974:	4651      	mov	r1, sl
10000976:	4b3e      	ldr	r3, [pc, #248]	; (10000a70 <irq_remove_handler+0x1a4>)
10000978:	0052      	lsls	r2, r2, #1
1000097a:	5099      	str	r1, [r3, r2]
1000097c:	6019      	str	r1, [r3, #0]
1000097e:	4b39      	ldr	r3, [pc, #228]	; (10000a64 <irq_remove_handler+0x198>)
10000980:	689b      	ldr	r3, [r3, #8]
10000982:	51dd      	str	r5, [r3, r7]
10000984:	f3bf 8f5f 	dmb	sy
10000988:	f3bf 8f5f 	dmb	sy
1000098c:	2200      	movs	r2, #0
1000098e:	4b34      	ldr	r3, [pc, #208]	; (10000a60 <irq_remove_handler+0x194>)
10000990:	601a      	str	r2, [r3, #0]
10000992:	f389 8810 	msr	PRIMASK, r9
10000996:	b003      	add	sp, #12
10000998:	bcf0      	pop	{r4, r5, r6, r7}
1000099a:	46bb      	mov	fp, r7
1000099c:	46b2      	mov	sl, r6
1000099e:	46a9      	mov	r9, r5
100009a0:	46a0      	mov	r8, r4
100009a2:	bdf0      	pop	{r4, r5, r6, r7, pc}
100009a4:	0015      	movs	r5, r2
100009a6:	e7ea      	b.n	1000097e <irq_remove_handler+0xb2>
100009a8:	4293      	cmp	r3, r2
100009aa:	d0ca      	beq.n	10000942 <irq_remove_handler+0x76>
100009ac:	f000 ff16 	bl	100017dc <hard_assertion_failure>
100009b0:	e7c7      	b.n	10000942 <irq_remove_handler+0x76>
100009b2:	2380      	movs	r3, #128	; 0x80
100009b4:	4651      	mov	r1, sl
100009b6:	4a2e      	ldr	r2, [pc, #184]	; (10000a70 <irq_remove_handler+0x1a4>)
100009b8:	50d1      	str	r1, [r2, r3]
100009ba:	e7e0      	b.n	1000097e <irq_remove_handler+0xb2>
100009bc:	2106      	movs	r1, #6
100009be:	5659      	ldrsb	r1, [r3, r1]
100009c0:	2900      	cmp	r1, #0
100009c2:	db22      	blt.n	10000a0a <irq_remove_handler+0x13e>
100009c4:	004a      	lsls	r2, r1, #1
100009c6:	1850      	adds	r0, r2, r1
100009c8:	0080      	lsls	r0, r0, #2
100009ca:	1834      	adds	r4, r6, r0
100009cc:	4680      	mov	r8, r0
100009ce:	68a0      	ldr	r0, [r4, #8]
100009d0:	6098      	str	r0, [r3, #8]
100009d2:	79e0      	ldrb	r0, [r4, #7]
100009d4:	71d8      	strb	r0, [r3, #7]
100009d6:	2006      	movs	r0, #6
100009d8:	5620      	ldrsb	r0, [r4, r0]
100009da:	7198      	strb	r0, [r3, #6]
100009dc:	2800      	cmp	r0, #0
100009de:	db25      	blt.n	10000a2c <irq_remove_handler+0x160>
100009e0:	88a4      	ldrh	r4, [r4, #4]
100009e2:	1af0      	subs	r0, r6, r3
100009e4:	0564      	lsls	r4, r4, #21
100009e6:	1524      	asrs	r4, r4, #20
100009e8:	4444      	add	r4, r8
100009ea:	1900      	adds	r0, r0, r4
100009ec:	24e0      	movs	r4, #224	; 0xe0
100009ee:	0500      	lsls	r0, r0, #20
100009f0:	0d40      	lsrs	r0, r0, #21
100009f2:	0224      	lsls	r4, r4, #8
100009f4:	4320      	orrs	r0, r4
100009f6:	8098      	strh	r0, [r3, #4]
100009f8:	1852      	adds	r2, r2, r1
100009fa:	4b1e      	ldr	r3, [pc, #120]	; (10000a74 <irq_remove_handler+0x1a8>)
100009fc:	0092      	lsls	r2, r2, #2
100009fe:	18b6      	adds	r6, r6, r2
10000a00:	781a      	ldrb	r2, [r3, #0]
10000a02:	7019      	strb	r1, [r3, #0]
10000a04:	71b2      	strb	r2, [r6, #6]
10000a06:	e7b1      	b.n	1000096c <irq_remove_handler+0xa0>
10000a08:	0013      	movs	r3, r2
10000a0a:	4659      	mov	r1, fp
10000a0c:	2900      	cmp	r1, #0
10000a0e:	d10f      	bne.n	10000a30 <irq_remove_handler+0x164>
10000a10:	31ff      	adds	r1, #255	; 0xff
10000a12:	7191      	strb	r1, [r2, #6]
10000a14:	4918      	ldr	r1, [pc, #96]	; (10000a78 <irq_remove_handler+0x1ac>)
10000a16:	8091      	strh	r1, [r2, #4]
10000a18:	4916      	ldr	r1, [pc, #88]	; (10000a74 <irq_remove_handler+0x1a8>)
10000a1a:	780a      	ldrb	r2, [r1, #0]
10000a1c:	719a      	strb	r2, [r3, #6]
10000a1e:	4a17      	ldr	r2, [pc, #92]	; (10000a7c <irq_remove_handler+0x1b0>)
10000a20:	1b9b      	subs	r3, r3, r6
10000a22:	415b      	adcs	r3, r3
10000a24:	435a      	muls	r2, r3
10000a26:	0d12      	lsrs	r2, r2, #20
10000a28:	700a      	strb	r2, [r1, #0]
10000a2a:	e79f      	b.n	1000096c <irq_remove_handler+0xa0>
10000a2c:	4814      	ldr	r0, [pc, #80]	; (10000a80 <irq_remove_handler+0x1b4>)
10000a2e:	e7e2      	b.n	100009f6 <irq_remove_handler+0x12a>
10000a30:	4a14      	ldr	r2, [pc, #80]	; (10000a84 <irq_remove_handler+0x1b8>)
10000a32:	4915      	ldr	r1, [pc, #84]	; (10000a88 <irq_remove_handler+0x1bc>)
10000a34:	1ad2      	subs	r2, r2, r3
10000a36:	3a08      	subs	r2, #8
10000a38:	0250      	lsls	r0, r2, #9
10000a3a:	0d40      	lsrs	r0, r0, #21
10000a3c:	4301      	orrs	r1, r0
10000a3e:	8099      	strh	r1, [r3, #4]
10000a40:	4912      	ldr	r1, [pc, #72]	; (10000a8c <irq_remove_handler+0x1c0>)
10000a42:	0852      	lsrs	r2, r2, #1
10000a44:	430a      	orrs	r2, r1
10000a46:	80da      	strh	r2, [r3, #6]
10000a48:	e790      	b.n	1000096c <irq_remove_handler+0xa0>
10000a4a:	2106      	movs	r1, #6
10000a4c:	5651      	ldrsb	r1, [r2, r1]
10000a4e:	0013      	movs	r3, r2
10000a50:	2900      	cmp	r1, #0
10000a52:	dab7      	bge.n	100009c4 <irq_remove_handler+0xf8>
10000a54:	465a      	mov	r2, fp
10000a56:	2a00      	cmp	r2, #0
10000a58:	d1ea      	bne.n	10000a30 <irq_remove_handler+0x164>
10000a5a:	4645      	mov	r5, r8
10000a5c:	e7dc      	b.n	10000a18 <irq_remove_handler+0x14c>
10000a5e:	46c0      	nop			; (mov r8, r8)
10000a60:	d0000124 	.word	0xd0000124
10000a64:	e000ed00 	.word	0xe000ed00
10000a68:	100001c1 	.word	0x100001c1
10000a6c:	200004dc 	.word	0x200004dc
10000a70:	e000e100 	.word	0xe000e100
10000a74:	200013f9 	.word	0x200013f9
10000a78:	ffffbd01 	.word	0xffffbd01
10000a7c:	0000aaaa 	.word	0x0000aaaa
10000a80:	0000bd01 	.word	0x0000bd01
10000a84:	20000516 	.word	0x20000516
10000a88:	fffff000 	.word	0xfffff000
10000a8c:	fffff800 	.word	0xfffff800

10000a90 <irq_set_priority>:
10000a90:	b510      	push	{r4, lr}
10000a92:	0883      	lsrs	r3, r0, #2
10000a94:	0004      	movs	r4, r0
10000a96:	2003      	movs	r0, #3
10000a98:	4020      	ands	r0, r4
10000a9a:	24ff      	movs	r4, #255	; 0xff
10000a9c:	4a05      	ldr	r2, [pc, #20]	; (10000ab4 <irq_set_priority+0x24>)
10000a9e:	00c0      	lsls	r0, r0, #3
10000aa0:	4694      	mov	ip, r2
10000aa2:	4084      	lsls	r4, r0
10000aa4:	4081      	lsls	r1, r0
10000aa6:	009b      	lsls	r3, r3, #2
10000aa8:	4463      	add	r3, ip
10000aaa:	681a      	ldr	r2, [r3, #0]
10000aac:	43a2      	bics	r2, r4
10000aae:	430a      	orrs	r2, r1
10000ab0:	601a      	str	r2, [r3, #0]
10000ab2:	bd10      	pop	{r4, pc}
10000ab4:	e000e400 	.word	0xe000e400

10000ab8 <irq_add_tail_to_free_list>:
10000ab8:	b570      	push	{r4, r5, r6, lr}
10000aba:	2401      	movs	r4, #1
10000abc:	4304      	orrs	r4, r0
10000abe:	f3ef 8105 	mrs	r1, IPSR
10000ac2:	f3ef 8c10 	mrs	ip, PRIMASK
10000ac6:	b672      	cpsid	i
10000ac8:	4a21      	ldr	r2, [pc, #132]	; (10000b50 <irq_add_tail_to_free_list+0x98>)
10000aca:	6813      	ldr	r3, [r2, #0]
10000acc:	2b00      	cmp	r3, #0
10000ace:	d0fc      	beq.n	10000aca <irq_add_tail_to_free_list+0x12>
10000ad0:	f3bf 8f5f 	dmb	sy
10000ad4:	4b1f      	ldr	r3, [pc, #124]	; (10000b54 <irq_add_tail_to_free_list+0x9c>)
10000ad6:	0005      	movs	r5, r0
10000ad8:	4a1f      	ldr	r2, [pc, #124]	; (10000b58 <irq_add_tail_to_free_list+0xa0>)
10000ada:	1aed      	subs	r5, r5, r3
10000adc:	416d      	adcs	r5, r5
10000ade:	436a      	muls	r2, r5
10000ae0:	0d12      	lsrs	r2, r2, #20
10000ae2:	4d1e      	ldr	r5, [pc, #120]	; (10000b5c <irq_add_tail_to_free_list+0xa4>)
10000ae4:	0089      	lsls	r1, r1, #2
10000ae6:	68ae      	ldr	r6, [r5, #8]
10000ae8:	b252      	sxtb	r2, r2
10000aea:	5876      	ldr	r6, [r6, r1]
10000aec:	42a6      	cmp	r6, r4
10000aee:	d01c      	beq.n	10000b2a <irq_add_tail_to_free_list+0x72>
10000af0:	2106      	movs	r1, #6
10000af2:	5659      	ldrsb	r1, [r3, r1]
10000af4:	4291      	cmp	r1, r2
10000af6:	d01c      	beq.n	10000b32 <irq_add_tail_to_free_list+0x7a>
10000af8:	2112      	movs	r1, #18
10000afa:	5659      	ldrsb	r1, [r3, r1]
10000afc:	4291      	cmp	r1, r2
10000afe:	d022      	beq.n	10000b46 <irq_add_tail_to_free_list+0x8e>
10000b00:	211e      	movs	r1, #30
10000b02:	5659      	ldrsb	r1, [r3, r1]
10000b04:	4291      	cmp	r1, r2
10000b06:	d020      	beq.n	10000b4a <irq_add_tail_to_free_list+0x92>
10000b08:	212a      	movs	r1, #42	; 0x2a
10000b0a:	5659      	ldrsb	r1, [r3, r1]
10000b0c:	2403      	movs	r4, #3
10000b0e:	4291      	cmp	r1, r2
10000b10:	d010      	beq.n	10000b34 <irq_add_tail_to_free_list+0x7c>
10000b12:	4b13      	ldr	r3, [pc, #76]	; (10000b60 <irq_add_tail_to_free_list+0xa8>)
10000b14:	7819      	ldrb	r1, [r3, #0]
10000b16:	701a      	strb	r2, [r3, #0]
10000b18:	7181      	strb	r1, [r0, #6]
10000b1a:	f3bf 8f5f 	dmb	sy
10000b1e:	2200      	movs	r2, #0
10000b20:	4b0b      	ldr	r3, [pc, #44]	; (10000b50 <irq_add_tail_to_free_list+0x98>)
10000b22:	601a      	str	r2, [r3, #0]
10000b24:	f38c 8810 	msr	PRIMASK, ip
10000b28:	bd70      	pop	{r4, r5, r6, pc}
10000b2a:	68ab      	ldr	r3, [r5, #8]
10000b2c:	4c0d      	ldr	r4, [pc, #52]	; (10000b64 <irq_add_tail_to_free_list+0xac>)
10000b2e:	505c      	str	r4, [r3, r1]
10000b30:	e7ef      	b.n	10000b12 <irq_add_tail_to_free_list+0x5a>
10000b32:	2400      	movs	r4, #0
10000b34:	0061      	lsls	r1, r4, #1
10000b36:	1909      	adds	r1, r1, r4
10000b38:	0089      	lsls	r1, r1, #2
10000b3a:	185b      	adds	r3, r3, r1
10000b3c:	21ff      	movs	r1, #255	; 0xff
10000b3e:	7199      	strb	r1, [r3, #6]
10000b40:	4909      	ldr	r1, [pc, #36]	; (10000b68 <irq_add_tail_to_free_list+0xb0>)
10000b42:	8099      	strh	r1, [r3, #4]
10000b44:	e7e5      	b.n	10000b12 <irq_add_tail_to_free_list+0x5a>
10000b46:	2401      	movs	r4, #1
10000b48:	e7f4      	b.n	10000b34 <irq_add_tail_to_free_list+0x7c>
10000b4a:	2402      	movs	r4, #2
10000b4c:	e7f2      	b.n	10000b34 <irq_add_tail_to_free_list+0x7c>
10000b4e:	46c0      	nop			; (mov r8, r8)
10000b50:	d0000124 	.word	0xd0000124
10000b54:	200004dc 	.word	0x200004dc
10000b58:	0000aaaa 	.word	0x0000aaaa
10000b5c:	e000ed00 	.word	0xe000ed00
10000b60:	200013f9 	.word	0x200013f9
10000b64:	100001c1 	.word	0x100001c1
10000b68:	ffffbd01 	.word	0xffffbd01

10000b6c <user_irq_unclaim>:
10000b6c:	211f      	movs	r1, #31
10000b6e:	b510      	push	{r4, lr}
10000b70:	1a09      	subs	r1, r1, r0
10000b72:	4802      	ldr	r0, [pc, #8]	; (10000b7c <user_irq_unclaim+0x10>)
10000b74:	f7ff fd2a 	bl	100005cc <hw_claim_clear>
10000b78:	bd10      	pop	{r4, pc}
10000b7a:	46c0      	nop			; (mov r8, r8)
10000b7c:	200013fa 	.word	0x200013fa

10000b80 <user_irq_claim_unused>:
10000b80:	b500      	push	{lr}
10000b82:	4b07      	ldr	r3, [pc, #28]	; (10000ba0 <user_irq_claim_unused+0x20>)
10000b84:	b083      	sub	sp, #12
10000b86:	0001      	movs	r1, r0
10000b88:	9300      	str	r3, [sp, #0]
10000b8a:	2200      	movs	r2, #0
10000b8c:	2305      	movs	r3, #5
10000b8e:	4805      	ldr	r0, [pc, #20]	; (10000ba4 <user_irq_claim_unused+0x24>)
10000b90:	f7ff fcce 	bl	10000530 <hw_claim_unused_from_range>
10000b94:	2800      	cmp	r0, #0
10000b96:	db01      	blt.n	10000b9c <user_irq_claim_unused+0x1c>
10000b98:	231f      	movs	r3, #31
10000b9a:	1a18      	subs	r0, r3, r0
10000b9c:	b003      	add	sp, #12
10000b9e:	bd00      	pop	{pc}
10000ba0:	10007b50 	.word	0x10007b50
10000ba4:	200013fa 	.word	0x200013fa

10000ba8 <sem_init>:
10000ba8:	b570      	push	{r4, r5, r6, lr}
10000baa:	0004      	movs	r4, r0
10000bac:	000e      	movs	r6, r1
10000bae:	0015      	movs	r5, r2
10000bb0:	f7ff fd28 	bl	10000604 <next_striped_spin_lock_num>
10000bb4:	0001      	movs	r1, r0
10000bb6:	0020      	movs	r0, r4
10000bb8:	f000 f806 	bl	10000bc8 <lock_init>
10000bbc:	80a6      	strh	r6, [r4, #4]
10000bbe:	80e5      	strh	r5, [r4, #6]
10000bc0:	f3bf 8f5f 	dmb	sy
10000bc4:	bd70      	pop	{r4, r5, r6, pc}
10000bc6:	46c0      	nop			; (mov r8, r8)

10000bc8 <lock_init>:
10000bc8:	4b02      	ldr	r3, [pc, #8]	; (10000bd4 <lock_init+0xc>)
10000bca:	469c      	mov	ip, r3
10000bcc:	4461      	add	r1, ip
10000bce:	0089      	lsls	r1, r1, #2
10000bd0:	6001      	str	r1, [r0, #0]
10000bd2:	4770      	bx	lr
10000bd4:	34000040 	.word	0x34000040

10000bd8 <runtime_init_mutex>:
10000bd8:	b5f8      	push	{r3, r4, r5, r6, r7, lr}
10000bda:	4d13      	ldr	r5, [pc, #76]	; (10000c28 <runtime_init_mutex+0x50>)
10000bdc:	4e13      	ldr	r6, [pc, #76]	; (10000c2c <runtime_init_mutex+0x54>)
10000bde:	002c      	movs	r4, r5
10000be0:	27ff      	movs	r7, #255	; 0xff
10000be2:	42b5      	cmp	r5, r6
10000be4:	d21e      	bcs.n	10000c24 <runtime_init_mutex+0x4c>
10000be6:	6823      	ldr	r3, [r4, #0]
10000be8:	2b00      	cmp	r3, #0
10000bea:	d00f      	beq.n	10000c0c <runtime_init_mutex+0x34>
10000bec:	f7ff fd0a 	bl	10000604 <next_striped_spin_lock_num>
10000bf0:	0001      	movs	r1, r0
10000bf2:	0028      	movs	r0, r5
10000bf4:	f7ff ffe8 	bl	10000bc8 <lock_init>
10000bf8:	80a7      	strh	r7, [r4, #4]
10000bfa:	f3bf 8f5f 	dmb	sy
10000bfe:	3408      	adds	r4, #8
10000c00:	42b4      	cmp	r4, r6
10000c02:	d20f      	bcs.n	10000c24 <runtime_init_mutex+0x4c>
10000c04:	6823      	ldr	r3, [r4, #0]
10000c06:	0025      	movs	r5, r4
10000c08:	2b00      	cmp	r3, #0
10000c0a:	d1ef      	bne.n	10000bec <runtime_init_mutex+0x14>
10000c0c:	f7ff fcfa 	bl	10000604 <next_striped_spin_lock_num>
10000c10:	0001      	movs	r1, r0
10000c12:	0028      	movs	r0, r5
10000c14:	f7ff ffd8 	bl	10000bc8 <lock_init>
10000c18:	7127      	strb	r7, [r4, #4]
10000c1a:	f3bf 8f5f 	dmb	sy
10000c1e:	3408      	adds	r4, #8
10000c20:	42b4      	cmp	r4, r6
10000c22:	d3ef      	bcc.n	10000c04 <runtime_init_mutex+0x2c>
10000c24:	bdf8      	pop	{r3, r4, r5, r6, r7, pc}
10000c26:	46c0      	nop			; (mov r8, r8)
10000c28:	20000588 	.word	0x20000588
10000c2c:	20000590 	.word	0x20000590

10000c30 <recursive_mutex_init>:
10000c30:	b510      	push	{r4, lr}
10000c32:	0004      	movs	r4, r0
10000c34:	f7ff fce6 	bl	10000604 <next_striped_spin_lock_num>
10000c38:	0001      	movs	r1, r0
10000c3a:	0020      	movs	r0, r4
10000c3c:	f7ff ffc4 	bl	10000bc8 <lock_init>
10000c40:	23ff      	movs	r3, #255	; 0xff
10000c42:	80a3      	strh	r3, [r4, #4]
10000c44:	f3bf 8f5f 	dmb	sy
10000c48:	bd10      	pop	{r4, pc}
10000c4a:	46c0      	nop			; (mov r8, r8)

10000c4c <sleep_until_callback>:
10000c4c:	4b0a      	ldr	r3, [pc, #40]	; (10000c78 <sleep_until_callback+0x2c>)
10000c4e:	6819      	ldr	r1, [r3, #0]
10000c50:	f3ef 8010 	mrs	r0, PRIMASK
10000c54:	b672      	cpsid	i
10000c56:	680a      	ldr	r2, [r1, #0]
10000c58:	2a00      	cmp	r2, #0
10000c5a:	d0fc      	beq.n	10000c56 <sleep_until_callback+0xa>
10000c5c:	f3bf 8f5f 	dmb	sy
10000c60:	681b      	ldr	r3, [r3, #0]
10000c62:	f3bf 8f5f 	dmb	sy
10000c66:	2200      	movs	r2, #0
10000c68:	601a      	str	r2, [r3, #0]
10000c6a:	f380 8810 	msr	PRIMASK, r0
10000c6e:	bf40      	sev
10000c70:	2000      	movs	r0, #0
10000c72:	2100      	movs	r1, #0
10000c74:	4770      	bx	lr
10000c76:	46c0      	nop			; (mov r8, r8)
10000c78:	200013f0 	.word	0x200013f0

10000c7c <alarm_pool_irq_handler>:
10000c7c:	b5f0      	push	{r4, r5, r6, r7, lr}
10000c7e:	46de      	mov	lr, fp
10000c80:	4657      	mov	r7, sl
10000c82:	464e      	mov	r6, r9
10000c84:	4645      	mov	r5, r8
10000c86:	b5e0      	push	{r5, r6, r7, lr}
10000c88:	b085      	sub	sp, #20
10000c8a:	f3ef 8205 	mrs	r2, IPSR
10000c8e:	2303      	movs	r3, #3
10000c90:	4013      	ands	r3, r2
10000c92:	009a      	lsls	r2, r3, #2
10000c94:	0011      	movs	r1, r2
10000c96:	9203      	str	r2, [sp, #12]
10000c98:	4ab6      	ldr	r2, [pc, #728]	; (10000f74 <alarm_pool_irq_handler+0x2f8>)
10000c9a:	5852      	ldr	r2, [r2, r1]
10000c9c:	4690      	mov	r8, r2
10000c9e:	2201      	movs	r2, #1
10000ca0:	409a      	lsls	r2, r3
10000ca2:	4691      	mov	r9, r2
10000ca4:	4bb4      	ldr	r3, [pc, #720]	; (10000f78 <alarm_pool_irq_handler+0x2fc>)
10000ca6:	601a      	str	r2, [r3, #0]
10000ca8:	464b      	mov	r3, r9
10000caa:	48b4      	ldr	r0, [pc, #720]	; (10000f7c <alarm_pool_irq_handler+0x300>)
10000cac:	6343      	str	r3, [r0, #52]	; 0x34
10000cae:	4643      	mov	r3, r8
10000cb0:	2208      	movs	r2, #8
10000cb2:	5e9b      	ldrsh	r3, [r3, r2]
10000cb4:	469a      	mov	sl, r3
10000cb6:	2b00      	cmp	r3, #0
10000cb8:	da3e      	bge.n	10000d38 <alarm_pool_irq_handler+0xbc>
10000cba:	4643      	mov	r3, r8
10000cbc:	889b      	ldrh	r3, [r3, #4]
10000cbe:	b21b      	sxth	r3, r3
10000cc0:	2b00      	cmp	r3, #0
10000cc2:	db00      	blt.n	10000cc6 <alarm_pool_irq_handler+0x4a>
10000cc4:	e0a2      	b.n	10000e0c <alarm_pool_irq_handler+0x190>
10000cc6:	4643      	mov	r3, r8
10000cc8:	799b      	ldrb	r3, [r3, #6]
10000cca:	2b00      	cmp	r3, #0
10000ccc:	d000      	beq.n	10000cd0 <alarm_pool_irq_handler+0x54>
10000cce:	e0f4      	b.n	10000eba <alarm_pool_irq_handler+0x23e>
10000cd0:	4643      	mov	r3, r8
10000cd2:	2408      	movs	r4, #8
10000cd4:	5f1c      	ldrsh	r4, [r3, r4]
10000cd6:	2c00      	cmp	r4, #0
10000cd8:	db24      	blt.n	10000d24 <alarm_pool_irq_handler+0xa8>
10000cda:	4642      	mov	r2, r8
10000cdc:	6952      	ldr	r2, [r2, #20]
10000cde:	0063      	lsls	r3, r4, #1
10000ce0:	4694      	mov	ip, r2
10000ce2:	191b      	adds	r3, r3, r4
10000ce4:	00db      	lsls	r3, r3, #3
10000ce6:	4463      	add	r3, ip
10000ce8:	689c      	ldr	r4, [r3, #8]
10000cea:	68dd      	ldr	r5, [r3, #12]
10000cec:	1c63      	adds	r3, r4, #1
10000cee:	d100      	bne.n	10000cf2 <alarm_pool_irq_handler+0x76>
10000cf0:	e110      	b.n	10000f14 <alarm_pool_irq_handler+0x298>
10000cf2:	48a2      	ldr	r0, [pc, #648]	; (10000f7c <alarm_pool_irq_handler+0x300>)
10000cf4:	9b03      	ldr	r3, [sp, #12]
10000cf6:	4684      	mov	ip, r0
10000cf8:	4463      	add	r3, ip
10000cfa:	6a82      	ldr	r2, [r0, #40]	; 0x28
10000cfc:	0019      	movs	r1, r3
10000cfe:	691b      	ldr	r3, [r3, #16]
10000d00:	1aa6      	subs	r6, r4, r2
10000d02:	1a9b      	subs	r3, r3, r2
10000d04:	429e      	cmp	r6, r3
10000d06:	d315      	bcc.n	10000d34 <alarm_pool_irq_handler+0xb8>
10000d08:	464a      	mov	r2, r9
10000d0a:	6a03      	ldr	r3, [r0, #32]
10000d0c:	421a      	tst	r2, r3
10000d0e:	d011      	beq.n	10000d34 <alarm_pool_irq_handler+0xb8>
10000d10:	489a      	ldr	r0, [pc, #616]	; (10000f7c <alarm_pool_irq_handler+0x300>)
10000d12:	f000 fbad 	bl	10001470 <timer_time_us_64>
10000d16:	1a24      	subs	r4, r4, r0
10000d18:	418d      	sbcs	r5, r1
10000d1a:	2d00      	cmp	r5, #0
10000d1c:	dc02      	bgt.n	10000d24 <alarm_pool_irq_handler+0xa8>
10000d1e:	d1c3      	bne.n	10000ca8 <alarm_pool_irq_handler+0x2c>
10000d20:	2c00      	cmp	r4, #0
10000d22:	d0c1      	beq.n	10000ca8 <alarm_pool_irq_handler+0x2c>
10000d24:	bf40      	sev
10000d26:	b005      	add	sp, #20
10000d28:	bcf0      	pop	{r4, r5, r6, r7}
10000d2a:	46bb      	mov	fp, r7
10000d2c:	46b2      	mov	sl, r6
10000d2e:	46a9      	mov	r9, r5
10000d30:	46a0      	mov	r8, r4
10000d32:	bdf0      	pop	{r4, r5, r6, r7, pc}
10000d34:	610c      	str	r4, [r1, #16]
10000d36:	e7eb      	b.n	10000d10 <alarm_pool_irq_handler+0x94>
10000d38:	4642      	mov	r2, r8
10000d3a:	6952      	ldr	r2, [r2, #20]
10000d3c:	005b      	lsls	r3, r3, #1
10000d3e:	4693      	mov	fp, r2
10000d40:	4453      	add	r3, sl
10000d42:	00db      	lsls	r3, r3, #3
10000d44:	449b      	add	fp, r3
10000d46:	465b      	mov	r3, fp
10000d48:	689e      	ldr	r6, [r3, #8]
10000d4a:	68df      	ldr	r7, [r3, #12]
10000d4c:	f000 fb90 	bl	10001470 <timer_time_us_64>
10000d50:	1b80      	subs	r0, r0, r6
10000d52:	41b9      	sbcs	r1, r7
10000d54:	2900      	cmp	r1, #0
10000d56:	dbb0      	blt.n	10000cba <alarm_pool_irq_handler+0x3e>
10000d58:	2f00      	cmp	r7, #0
10000d5a:	da00      	bge.n	10000d5e <alarm_pool_irq_handler+0xe2>
10000d5c:	e0e5      	b.n	10000f2a <alarm_pool_irq_handler+0x2ae>
10000d5e:	465b      	mov	r3, fp
10000d60:	4a87      	ldr	r2, [pc, #540]	; (10000f80 <alarm_pool_irq_handler+0x304>)
10000d62:	691b      	ldr	r3, [r3, #16]
10000d64:	4293      	cmp	r3, r2
10000d66:	d100      	bne.n	10000d6a <alarm_pool_irq_handler+0xee>
10000d68:	e0d8      	b.n	10000f1c <alarm_pool_irq_handler+0x2a0>
10000d6a:	4641      	mov	r1, r8
10000d6c:	465a      	mov	r2, fp
10000d6e:	2008      	movs	r0, #8
10000d70:	5e08      	ldrsh	r0, [r1, r0]
10000d72:	8852      	ldrh	r2, [r2, #2]
10000d74:	0400      	lsls	r0, r0, #16
10000d76:	4310      	orrs	r0, r2
10000d78:	465a      	mov	r2, fp
10000d7a:	6951      	ldr	r1, [r2, #20]
10000d7c:	4798      	blx	r3
10000d7e:	0004      	movs	r4, r0
10000d80:	000d      	movs	r5, r1
10000d82:	0023      	movs	r3, r4
10000d84:	432b      	orrs	r3, r5
10000d86:	d100      	bne.n	10000d8a <alarm_pool_irq_handler+0x10e>
10000d88:	e0cf      	b.n	10000f2a <alarm_pool_irq_handler+0x2ae>
10000d8a:	2d00      	cmp	r5, #0
10000d8c:	db00      	blt.n	10000d90 <alarm_pool_irq_handler+0x114>
10000d8e:	e0e8      	b.n	10000f62 <alarm_pool_irq_handler+0x2e6>
10000d90:	1b36      	subs	r6, r6, r4
10000d92:	41af      	sbcs	r7, r5
10000d94:	0034      	movs	r4, r6
10000d96:	003d      	movs	r5, r7
10000d98:	465b      	mov	r3, fp
10000d9a:	609c      	str	r4, [r3, #8]
10000d9c:	60dd      	str	r5, [r3, #12]
10000d9e:	2100      	movs	r1, #0
10000da0:	5e59      	ldrsh	r1, [r3, r1]
10000da2:	2900      	cmp	r1, #0
10000da4:	da00      	bge.n	10000da8 <alarm_pool_irq_handler+0x12c>
10000da6:	e788      	b.n	10000cba <alarm_pool_irq_handler+0x3e>
10000da8:	4643      	mov	r3, r8
10000daa:	695b      	ldr	r3, [r3, #20]
10000dac:	0022      	movs	r2, r4
10000dae:	469c      	mov	ip, r3
10000db0:	002b      	movs	r3, r5
10000db2:	0048      	lsls	r0, r1, #1
10000db4:	1840      	adds	r0, r0, r1
10000db6:	00c0      	lsls	r0, r0, #3
10000db8:	4460      	add	r0, ip
10000dba:	6886      	ldr	r6, [r0, #8]
10000dbc:	68c7      	ldr	r7, [r0, #12]
10000dbe:	1b92      	subs	r2, r2, r6
10000dc0:	41bb      	sbcs	r3, r7
10000dc2:	2b00      	cmp	r3, #0
10000dc4:	da00      	bge.n	10000dc8 <alarm_pool_irq_handler+0x14c>
10000dc6:	e778      	b.n	10000cba <alarm_pool_irq_handler+0x3e>
10000dc8:	4643      	mov	r3, r8
10000dca:	4666      	mov	r6, ip
10000dcc:	0002      	movs	r2, r0
10000dce:	9400      	str	r4, [sp, #0]
10000dd0:	9501      	str	r5, [sp, #4]
10000dd2:	8119      	strh	r1, [r3, #8]
10000dd4:	e00c      	b.n	10000df0 <alarm_pool_irq_handler+0x174>
10000dd6:	007b      	lsls	r3, r7, #1
10000dd8:	19db      	adds	r3, r3, r7
10000dda:	00db      	lsls	r3, r3, #3
10000ddc:	18f3      	adds	r3, r6, r3
10000dde:	9800      	ldr	r0, [sp, #0]
10000de0:	9901      	ldr	r1, [sp, #4]
10000de2:	689c      	ldr	r4, [r3, #8]
10000de4:	68dd      	ldr	r5, [r3, #12]
10000de6:	1b00      	subs	r0, r0, r4
10000de8:	41a9      	sbcs	r1, r5
10000dea:	2900      	cmp	r1, #0
10000dec:	db04      	blt.n	10000df8 <alarm_pool_irq_handler+0x17c>
10000dee:	001a      	movs	r2, r3
10000df0:	2300      	movs	r3, #0
10000df2:	5ed7      	ldrsh	r7, [r2, r3]
10000df4:	2f00      	cmp	r7, #0
10000df6:	daee      	bge.n	10000dd6 <alarm_pool_irq_handler+0x15a>
10000df8:	465b      	mov	r3, fp
10000dfa:	801f      	strh	r7, [r3, #0]
10000dfc:	4653      	mov	r3, sl
10000dfe:	8013      	strh	r3, [r2, #0]
10000e00:	4643      	mov	r3, r8
10000e02:	889b      	ldrh	r3, [r3, #4]
10000e04:	b21b      	sxth	r3, r3
10000e06:	2b00      	cmp	r3, #0
10000e08:	da00      	bge.n	10000e0c <alarm_pool_irq_handler+0x190>
10000e0a:	e75c      	b.n	10000cc6 <alarm_pool_irq_handler+0x4a>
10000e0c:	4643      	mov	r3, r8
10000e0e:	691a      	ldr	r2, [r3, #16]
10000e10:	f3ef 8110 	mrs	r1, PRIMASK
10000e14:	b672      	cpsid	i
10000e16:	6813      	ldr	r3, [r2, #0]
10000e18:	2b00      	cmp	r3, #0
10000e1a:	d0fc      	beq.n	10000e16 <alarm_pool_irq_handler+0x19a>
10000e1c:	f3bf 8f5f 	dmb	sy
10000e20:	4643      	mov	r3, r8
10000e22:	889b      	ldrh	r3, [r3, #4]
10000e24:	4642      	mov	r2, r8
10000e26:	b21b      	sxth	r3, r3
10000e28:	469a      	mov	sl, r3
10000e2a:	2301      	movs	r3, #1
10000e2c:	425b      	negs	r3, r3
10000e2e:	8093      	strh	r3, [r2, #4]
10000e30:	6913      	ldr	r3, [r2, #16]
10000e32:	f3bf 8f5f 	dmb	sy
10000e36:	2200      	movs	r2, #0
10000e38:	601a      	str	r2, [r3, #0]
10000e3a:	f381 8810 	msr	PRIMASK, r1
10000e3e:	4653      	mov	r3, sl
10000e40:	2b00      	cmp	r3, #0
10000e42:	da00      	bge.n	10000e46 <alarm_pool_irq_handler+0x1ca>
10000e44:	e73f      	b.n	10000cc6 <alarm_pool_irq_handler+0x4a>
10000e46:	4643      	mov	r3, r8
10000e48:	695b      	ldr	r3, [r3, #20]
10000e4a:	469c      	mov	ip, r3
10000e4c:	2308      	movs	r3, #8
10000e4e:	4443      	add	r3, r8
10000e50:	469b      	mov	fp, r3
10000e52:	4653      	mov	r3, sl
10000e54:	005f      	lsls	r7, r3, #1
10000e56:	4643      	mov	r3, r8
10000e58:	4457      	add	r7, sl
10000e5a:	00ff      	lsls	r7, r7, #3
10000e5c:	2208      	movs	r2, #8
10000e5e:	5e9a      	ldrsh	r2, [r3, r2]
10000e60:	4467      	add	r7, ip
10000e62:	465e      	mov	r6, fp
10000e64:	68bc      	ldr	r4, [r7, #8]
10000e66:	68fd      	ldr	r5, [r7, #12]
10000e68:	2a00      	cmp	r2, #0
10000e6a:	db19      	blt.n	10000ea0 <alarm_pool_irq_handler+0x224>
10000e6c:	003b      	movs	r3, r7
10000e6e:	9400      	str	r4, [sp, #0]
10000e70:	9501      	str	r5, [sp, #4]
10000e72:	4667      	mov	r7, ip
10000e74:	469c      	mov	ip, r3
10000e76:	e004      	b.n	10000e82 <alarm_pool_irq_handler+0x206>
10000e78:	001e      	movs	r6, r3
10000e7a:	2300      	movs	r3, #0
10000e7c:	5ef2      	ldrsh	r2, [r6, r3]
10000e7e:	2a00      	cmp	r2, #0
10000e80:	db0b      	blt.n	10000e9a <alarm_pool_irq_handler+0x21e>
10000e82:	9800      	ldr	r0, [sp, #0]
10000e84:	9901      	ldr	r1, [sp, #4]
10000e86:	0053      	lsls	r3, r2, #1
10000e88:	189b      	adds	r3, r3, r2
10000e8a:	00db      	lsls	r3, r3, #3
10000e8c:	18fb      	adds	r3, r7, r3
10000e8e:	689c      	ldr	r4, [r3, #8]
10000e90:	68dd      	ldr	r5, [r3, #12]
10000e92:	1b00      	subs	r0, r0, r4
10000e94:	41a9      	sbcs	r1, r5
10000e96:	2900      	cmp	r1, #0
10000e98:	daee      	bge.n	10000e78 <alarm_pool_irq_handler+0x1fc>
10000e9a:	4663      	mov	r3, ip
10000e9c:	46bc      	mov	ip, r7
10000e9e:	001f      	movs	r7, r3
10000ea0:	4653      	mov	r3, sl
10000ea2:	8033      	strh	r3, [r6, #0]
10000ea4:	2100      	movs	r1, #0
10000ea6:	5e7b      	ldrsh	r3, [r7, r1]
10000ea8:	803a      	strh	r2, [r7, #0]
10000eaa:	469a      	mov	sl, r3
10000eac:	2b00      	cmp	r3, #0
10000eae:	dad0      	bge.n	10000e52 <alarm_pool_irq_handler+0x1d6>
10000eb0:	4643      	mov	r3, r8
10000eb2:	799b      	ldrb	r3, [r3, #6]
10000eb4:	2b00      	cmp	r3, #0
10000eb6:	d100      	bne.n	10000eba <alarm_pool_irq_handler+0x23e>
10000eb8:	e70a      	b.n	10000cd0 <alarm_pool_irq_handler+0x54>
10000eba:	2300      	movs	r3, #0
10000ebc:	4642      	mov	r2, r8
10000ebe:	7193      	strb	r3, [r2, #6]
10000ec0:	4643      	mov	r3, r8
10000ec2:	4646      	mov	r6, r8
10000ec4:	2108      	movs	r1, #8
10000ec6:	5e59      	ldrsh	r1, [r3, r1]
10000ec8:	3608      	adds	r6, #8
10000eca:	1c4b      	adds	r3, r1, #1
10000ecc:	d100      	bne.n	10000ed0 <alarm_pool_irq_handler+0x254>
10000ece:	e729      	b.n	10000d24 <alarm_pool_irq_handler+0xa8>
10000ed0:	4647      	mov	r7, r8
10000ed2:	468c      	mov	ip, r1
10000ed4:	6955      	ldr	r5, [r2, #20]
10000ed6:	e002      	b.n	10000ede <alarm_pool_irq_handler+0x262>
10000ed8:	0006      	movs	r6, r0
10000eda:	1c4b      	adds	r3, r1, #1
10000edc:	d017      	beq.n	10000f0e <alarm_pool_irq_handler+0x292>
10000ede:	004b      	lsls	r3, r1, #1
10000ee0:	185b      	adds	r3, r3, r1
10000ee2:	00db      	lsls	r3, r3, #3
10000ee4:	18e8      	adds	r0, r5, r3
10000ee6:	000a      	movs	r2, r1
10000ee8:	5ee9      	ldrsh	r1, [r5, r3]
10000eea:	8843      	ldrh	r3, [r0, #2]
10000eec:	b21b      	sxth	r3, r3
10000eee:	2b00      	cmp	r3, #0
10000ef0:	daf2      	bge.n	10000ed8 <alarm_pool_irq_handler+0x25c>
10000ef2:	2301      	movs	r3, #1
10000ef4:	425b      	negs	r3, r3
10000ef6:	17dc      	asrs	r4, r3, #31
10000ef8:	6083      	str	r3, [r0, #8]
10000efa:	60c4      	str	r4, [r0, #12]
10000efc:	4562      	cmp	r2, ip
10000efe:	d0ec      	beq.n	10000eda <alarm_pool_irq_handler+0x25e>
10000f00:	8031      	strh	r1, [r6, #0]
10000f02:	893b      	ldrh	r3, [r7, #8]
10000f04:	4694      	mov	ip, r2
10000f06:	8003      	strh	r3, [r0, #0]
10000f08:	813a      	strh	r2, [r7, #8]
10000f0a:	1c4b      	adds	r3, r1, #1
10000f0c:	d1e7      	bne.n	10000ede <alarm_pool_irq_handler+0x262>
10000f0e:	46b8      	mov	r8, r7
10000f10:	4664      	mov	r4, ip
10000f12:	e6e0      	b.n	10000cd6 <alarm_pool_irq_handler+0x5a>
10000f14:	1c6b      	adds	r3, r5, #1
10000f16:	d000      	beq.n	10000f1a <alarm_pool_irq_handler+0x29e>
10000f18:	e6eb      	b.n	10000cf2 <alarm_pool_irq_handler+0x76>
10000f1a:	e6f9      	b.n	10000d10 <alarm_pool_irq_handler+0x94>
10000f1c:	465b      	mov	r3, fp
10000f1e:	695c      	ldr	r4, [r3, #20]
10000f20:	0020      	movs	r0, r4
10000f22:	6923      	ldr	r3, [r4, #16]
10000f24:	4798      	blx	r3
10000f26:	2800      	cmp	r0, #0
10000f28:	d121      	bne.n	10000f6e <alarm_pool_irq_handler+0x2f2>
10000f2a:	465b      	mov	r3, fp
10000f2c:	4642      	mov	r2, r8
10000f2e:	881b      	ldrh	r3, [r3, #0]
10000f30:	8113      	strh	r3, [r2, #8]
10000f32:	6912      	ldr	r2, [r2, #16]
10000f34:	f3ef 8310 	mrs	r3, PRIMASK
10000f38:	b672      	cpsid	i
10000f3a:	6811      	ldr	r1, [r2, #0]
10000f3c:	2900      	cmp	r1, #0
10000f3e:	d0fc      	beq.n	10000f3a <alarm_pool_irq_handler+0x2be>
10000f40:	f3bf 8f5f 	dmb	sy
10000f44:	4642      	mov	r2, r8
10000f46:	4659      	mov	r1, fp
10000f48:	8852      	ldrh	r2, [r2, #2]
10000f4a:	800a      	strh	r2, [r1, #0]
10000f4c:	4642      	mov	r2, r8
10000f4e:	4651      	mov	r1, sl
10000f50:	8051      	strh	r1, [r2, #2]
10000f52:	6912      	ldr	r2, [r2, #16]
10000f54:	f3bf 8f5f 	dmb	sy
10000f58:	2100      	movs	r1, #0
10000f5a:	6011      	str	r1, [r2, #0]
10000f5c:	f383 8810 	msr	PRIMASK, r3
10000f60:	e6ab      	b.n	10000cba <alarm_pool_irq_handler+0x3e>
10000f62:	4806      	ldr	r0, [pc, #24]	; (10000f7c <alarm_pool_irq_handler+0x300>)
10000f64:	f000 fa84 	bl	10001470 <timer_time_us_64>
10000f68:	1824      	adds	r4, r4, r0
10000f6a:	414d      	adcs	r5, r1
10000f6c:	e714      	b.n	10000d98 <alarm_pool_irq_handler+0x11c>
10000f6e:	6865      	ldr	r5, [r4, #4]
10000f70:	6824      	ldr	r4, [r4, #0]
10000f72:	e706      	b.n	10000d82 <alarm_pool_irq_handler+0x106>
10000f74:	200012cc 	.word	0x200012cc
10000f78:	4005703c 	.word	0x4005703c
10000f7c:	40054000 	.word	0x40054000
10000f80:	10000c7d 	.word	0x10000c7d

10000f84 <runtime_init_default_alarm_pool>:
10000f84:	b570      	push	{r4, r5, r6, lr}
10000f86:	4c2e      	ldr	r4, [pc, #184]	; (10001040 <runtime_init_default_alarm_pool+0xbc>)
10000f88:	6925      	ldr	r5, [r4, #16]
10000f8a:	2d00      	cmp	r5, #0
10000f8c:	d004      	beq.n	10000f98 <runtime_init_default_alarm_pool+0x14>
10000f8e:	210a      	movs	r1, #10
10000f90:	482c      	ldr	r0, [pc, #176]	; (10001044 <runtime_init_default_alarm_pool+0xc0>)
10000f92:	f7ff fe19 	bl	10000bc8 <lock_init>
10000f96:	bd70      	pop	{r4, r5, r6, pc}
10000f98:	4e2b      	ldr	r6, [pc, #172]	; (10001048 <runtime_init_default_alarm_pool+0xc4>)
10000f9a:	2103      	movs	r1, #3
10000f9c:	0030      	movs	r0, r6
10000f9e:	f000 fa5d 	bl	1000145c <timer_hardware_alarm_claim>
10000fa2:	60e6      	str	r6, [r4, #12]
10000fa4:	f7ff fb2e 	bl	10000604 <next_striped_spin_lock_num>
10000fa8:	4b28      	ldr	r3, [pc, #160]	; (1000104c <runtime_init_default_alarm_pool+0xc8>)
10000faa:	2203      	movs	r2, #3
10000fac:	469c      	mov	ip, r3
10000fae:	23d0      	movs	r3, #208	; 0xd0
10000fb0:	7022      	strb	r2, [r4, #0]
10000fb2:	061b      	lsls	r3, r3, #24
10000fb4:	681b      	ldr	r3, [r3, #0]
10000fb6:	2101      	movs	r1, #1
10000fb8:	7063      	strb	r3, [r4, #1]
10000fba:	4b25      	ldr	r3, [pc, #148]	; (10001050 <runtime_init_default_alarm_pool+0xcc>)
10000fbc:	4460      	add	r0, ip
10000fbe:	60a3      	str	r3, [r4, #8]
10000fc0:	230f      	movs	r3, #15
10000fc2:	0080      	lsls	r0, r0, #2
10000fc4:	6120      	str	r0, [r4, #16]
10000fc6:	2002      	movs	r0, #2
10000fc8:	8063      	strh	r3, [r4, #2]
10000fca:	6963      	ldr	r3, [r4, #20]
10000fcc:	4249      	negs	r1, r1
10000fce:	80a1      	strh	r1, [r4, #4]
10000fd0:	8019      	strh	r1, [r3, #0]
10000fd2:	3102      	adds	r1, #2
10000fd4:	8619      	strh	r1, [r3, #48]	; 0x30
10000fd6:	3147      	adds	r1, #71	; 0x47
10000fd8:	831d      	strh	r5, [r3, #24]
10000fda:	5258      	strh	r0, [r3, r1]
10000fdc:	3118      	adds	r1, #24
10000fde:	525a      	strh	r2, [r3, r1]
10000fe0:	3275      	adds	r2, #117	; 0x75
10000fe2:	395c      	subs	r1, #92	; 0x5c
10000fe4:	5299      	strh	r1, [r3, r2]
10000fe6:	3218      	adds	r2, #24
10000fe8:	3101      	adds	r1, #1
10000fea:	5299      	strh	r1, [r3, r2]
10000fec:	3218      	adds	r2, #24
10000fee:	3101      	adds	r1, #1
10000ff0:	5299      	strh	r1, [r3, r2]
10000ff2:	3218      	adds	r2, #24
10000ff4:	3101      	adds	r1, #1
10000ff6:	5299      	strh	r1, [r3, r2]
10000ff8:	3508      	adds	r5, #8
10000ffa:	3218      	adds	r2, #24
10000ffc:	529d      	strh	r5, [r3, r2]
10000ffe:	3102      	adds	r1, #2
10001000:	3218      	adds	r2, #24
10001002:	5299      	strh	r1, [r3, r2]
10001004:	3218      	adds	r2, #24
10001006:	3101      	adds	r1, #1
10001008:	5299      	strh	r1, [r3, r2]
1000100a:	3218      	adds	r2, #24
1000100c:	3101      	adds	r1, #1
1000100e:	5299      	strh	r1, [r3, r2]
10001010:	3218      	adds	r2, #24
10001012:	3101      	adds	r1, #1
10001014:	5299      	strh	r1, [r3, r2]
10001016:	3218      	adds	r2, #24
10001018:	3101      	adds	r1, #1
1000101a:	5299      	strh	r1, [r3, r2]
1000101c:	3218      	adds	r2, #24
1000101e:	3101      	adds	r1, #1
10001020:	5299      	strh	r1, [r3, r2]
10001022:	4b0c      	ldr	r3, [pc, #48]	; (10001054 <runtime_init_default_alarm_pool+0xd0>)
10001024:	490c      	ldr	r1, [pc, #48]	; (10001058 <runtime_init_default_alarm_pool+0xd4>)
10001026:	60dc      	str	r4, [r3, #12]
10001028:	3001      	adds	r0, #1
1000102a:	6235      	str	r5, [r6, #32]
1000102c:	f7ff fb30 	bl	10000690 <irq_set_exclusive_handler>
10001030:	2101      	movs	r1, #1
10001032:	2003      	movs	r0, #3
10001034:	f7ff fb12 	bl	1000065c <irq_set_enabled>
10001038:	4b08      	ldr	r3, [pc, #32]	; (1000105c <runtime_init_default_alarm_pool+0xd8>)
1000103a:	601d      	str	r5, [r3, #0]
1000103c:	e7a7      	b.n	10000f8e <runtime_init_default_alarm_pool+0xa>
1000103e:	46c0      	nop			; (mov r8, r8)
10001040:	20000524 	.word	0x20000524
10001044:	200013f0 	.word	0x200013f0
10001048:	40054000 	.word	0x40054000
1000104c:	34000040 	.word	0x34000040
10001050:	0010ffff 	.word	0x0010ffff
10001054:	200012cc 	.word	0x200012cc
10001058:	10000c7d 	.word	0x10000c7d
1000105c:	40056038 	.word	0x40056038

10001060 <alarm_pool_get_default>:
10001060:	4800      	ldr	r0, [pc, #0]	; (10001064 <alarm_pool_get_default+0x4>)
10001062:	4770      	bx	lr
10001064:	20000524 	.word	0x20000524

10001068 <alarm_pool_add_alarm_at>:
10001068:	b5f8      	push	{r3, r4, r5, r6, r7, lr}
1000106a:	001f      	movs	r7, r3
1000106c:	ab08      	add	r3, sp, #32
1000106e:	781b      	ldrb	r3, [r3, #0]
10001070:	0004      	movs	r4, r0
10001072:	0016      	movs	r6, r2
10001074:	2b00      	cmp	r3, #0
10001076:	d107      	bne.n	10001088 <alarm_pool_add_alarm_at+0x20>
10001078:	f000 fa02 	bl	10001480 <time_us_64>
1000107c:	0032      	movs	r2, r6
1000107e:	003b      	movs	r3, r7
10001080:	1a12      	subs	r2, r2, r0
10001082:	418b      	sbcs	r3, r1
10001084:	2b00      	cmp	r3, #0
10001086:	db4c      	blt.n	10001122 <alarm_pool_add_alarm_at+0xba>
10001088:	6922      	ldr	r2, [r4, #16]
1000108a:	f3ef 8010 	mrs	r0, PRIMASK
1000108e:	b672      	cpsid	i
10001090:	6813      	ldr	r3, [r2, #0]
10001092:	2b00      	cmp	r3, #0
10001094:	d0fc      	beq.n	10001090 <alarm_pool_add_alarm_at+0x28>
10001096:	f3bf 8f5f 	dmb	sy
1000109a:	6962      	ldr	r2, [r4, #20]
1000109c:	2302      	movs	r3, #2
1000109e:	5ee1      	ldrsh	r1, [r4, r3]
100010a0:	4694      	mov	ip, r2
100010a2:	004b      	lsls	r3, r1, #1
100010a4:	185b      	adds	r3, r3, r1
100010a6:	00db      	lsls	r3, r3, #3
100010a8:	4463      	add	r3, ip
100010aa:	2900      	cmp	r1, #0
100010ac:	db01      	blt.n	100010b2 <alarm_pool_add_alarm_at+0x4a>
100010ae:	881a      	ldrh	r2, [r3, #0]
100010b0:	8062      	strh	r2, [r4, #2]
100010b2:	6922      	ldr	r2, [r4, #16]
100010b4:	f3bf 8f5f 	dmb	sy
100010b8:	2500      	movs	r5, #0
100010ba:	6015      	str	r5, [r2, #0]
100010bc:	f380 8810 	msr	PRIMASK, r0
100010c0:	2900      	cmp	r1, #0
100010c2:	db30      	blt.n	10001126 <alarm_pool_add_alarm_at+0xbe>
100010c4:	9a06      	ldr	r2, [sp, #24]
100010c6:	609e      	str	r6, [r3, #8]
100010c8:	60df      	str	r7, [r3, #12]
100010ca:	611a      	str	r2, [r3, #16]
100010cc:	9a07      	ldr	r2, [sp, #28]
100010ce:	615a      	str	r2, [r3, #20]
100010d0:	885a      	ldrh	r2, [r3, #2]
100010d2:	3201      	adds	r2, #1
100010d4:	0452      	lsls	r2, r2, #17
100010d6:	0c52      	lsrs	r2, r2, #17
100010d8:	1c16      	adds	r6, r2, #0
100010da:	2a00      	cmp	r2, #0
100010dc:	d01f      	beq.n	1000111e <alarm_pool_add_alarm_at+0xb6>
100010de:	b2b0      	uxth	r0, r6
100010e0:	040a      	lsls	r2, r1, #16
100010e2:	805e      	strh	r6, [r3, #2]
100010e4:	4310      	orrs	r0, r2
100010e6:	6926      	ldr	r6, [r4, #16]
100010e8:	f3ef 8510 	mrs	r5, PRIMASK
100010ec:	b672      	cpsid	i
100010ee:	6832      	ldr	r2, [r6, #0]
100010f0:	2a00      	cmp	r2, #0
100010f2:	d0fc      	beq.n	100010ee <alarm_pool_add_alarm_at+0x86>
100010f4:	f3bf 8f5f 	dmb	sy
100010f8:	88a2      	ldrh	r2, [r4, #4]
100010fa:	801a      	strh	r2, [r3, #0]
100010fc:	80a1      	strh	r1, [r4, #4]
100010fe:	6923      	ldr	r3, [r4, #16]
10001100:	f3bf 8f5f 	dmb	sy
10001104:	2200      	movs	r2, #0
10001106:	601a      	str	r2, [r3, #0]
10001108:	f385 8810 	msr	PRIMASK, r5
1000110c:	4907      	ldr	r1, [pc, #28]	; (1000112c <alarm_pool_add_alarm_at+0xc4>)
1000110e:	7823      	ldrb	r3, [r4, #0]
10001110:	468c      	mov	ip, r1
10001112:	3201      	adds	r2, #1
10001114:	409a      	lsls	r2, r3
10001116:	68e3      	ldr	r3, [r4, #12]
10001118:	4463      	add	r3, ip
1000111a:	601a      	str	r2, [r3, #0]
1000111c:	bdf8      	pop	{r3, r4, r5, r6, r7, pc}
1000111e:	2601      	movs	r6, #1
10001120:	e7dd      	b.n	100010de <alarm_pool_add_alarm_at+0x76>
10001122:	2000      	movs	r0, #0
10001124:	e7fa      	b.n	1000111c <alarm_pool_add_alarm_at+0xb4>
10001126:	2001      	movs	r0, #1
10001128:	4240      	negs	r0, r0
1000112a:	e7f7      	b.n	1000111c <alarm_pool_add_alarm_at+0xb4>
1000112c:	0000203c 	.word	0x0000203c

10001130 <alarm_pool_add_alarm_at_force_in_context>:
10001130:	b570      	push	{r4, r5, r6, lr}
10001132:	46c6      	mov	lr, r8
10001134:	0001      	movs	r1, r0
10001136:	b500      	push	{lr}
10001138:	6904      	ldr	r4, [r0, #16]
1000113a:	f3ef 8c10 	mrs	ip, PRIMASK
1000113e:	b672      	cpsid	i
10001140:	6820      	ldr	r0, [r4, #0]
10001142:	2800      	cmp	r0, #0
10001144:	d0fc      	beq.n	10001140 <alarm_pool_add_alarm_at_force_in_context+0x10>
10001146:	f3bf 8f5f 	dmb	sy
1000114a:	2002      	movs	r0, #2
1000114c:	5e0d      	ldrsh	r5, [r1, r0]
1000114e:	6948      	ldr	r0, [r1, #20]
10001150:	006c      	lsls	r4, r5, #1
10001152:	4680      	mov	r8, r0
10001154:	1964      	adds	r4, r4, r5
10001156:	00e4      	lsls	r4, r4, #3
10001158:	4444      	add	r4, r8
1000115a:	2d00      	cmp	r5, #0
1000115c:	db01      	blt.n	10001162 <alarm_pool_add_alarm_at_force_in_context+0x32>
1000115e:	8820      	ldrh	r0, [r4, #0]
10001160:	8048      	strh	r0, [r1, #2]
10001162:	6908      	ldr	r0, [r1, #16]
10001164:	f3bf 8f5f 	dmb	sy
10001168:	2600      	movs	r6, #0
1000116a:	6006      	str	r6, [r0, #0]
1000116c:	f38c 8810 	msr	PRIMASK, ip
10001170:	2d00      	cmp	r5, #0
10001172:	db30      	blt.n	100011d6 <alarm_pool_add_alarm_at_force_in_context+0xa6>
10001174:	60e3      	str	r3, [r4, #12]
10001176:	8863      	ldrh	r3, [r4, #2]
10001178:	9805      	ldr	r0, [sp, #20]
1000117a:	3301      	adds	r3, #1
1000117c:	6120      	str	r0, [r4, #16]
1000117e:	045b      	lsls	r3, r3, #17
10001180:	9806      	ldr	r0, [sp, #24]
10001182:	0c5b      	lsrs	r3, r3, #17
10001184:	60a2      	str	r2, [r4, #8]
10001186:	6160      	str	r0, [r4, #20]
10001188:	1c1a      	adds	r2, r3, #0
1000118a:	2b00      	cmp	r3, #0
1000118c:	d021      	beq.n	100011d2 <alarm_pool_add_alarm_at_force_in_context+0xa2>
1000118e:	b290      	uxth	r0, r2
10001190:	042b      	lsls	r3, r5, #16
10001192:	8062      	strh	r2, [r4, #2]
10001194:	4318      	orrs	r0, r3
10001196:	690a      	ldr	r2, [r1, #16]
10001198:	f3ef 8610 	mrs	r6, PRIMASK
1000119c:	b672      	cpsid	i
1000119e:	6813      	ldr	r3, [r2, #0]
100011a0:	2b00      	cmp	r3, #0
100011a2:	d0fc      	beq.n	1000119e <alarm_pool_add_alarm_at_force_in_context+0x6e>
100011a4:	f3bf 8f5f 	dmb	sy
100011a8:	888b      	ldrh	r3, [r1, #4]
100011aa:	8023      	strh	r3, [r4, #0]
100011ac:	808d      	strh	r5, [r1, #4]
100011ae:	690b      	ldr	r3, [r1, #16]
100011b0:	f3bf 8f5f 	dmb	sy
100011b4:	2200      	movs	r2, #0
100011b6:	601a      	str	r2, [r3, #0]
100011b8:	f386 8810 	msr	PRIMASK, r6
100011bc:	780b      	ldrb	r3, [r1, #0]
100011be:	3201      	adds	r2, #1
100011c0:	409a      	lsls	r2, r3
100011c2:	68cb      	ldr	r3, [r1, #12]
100011c4:	4905      	ldr	r1, [pc, #20]	; (100011dc <alarm_pool_add_alarm_at_force_in_context+0xac>)
100011c6:	468c      	mov	ip, r1
100011c8:	4463      	add	r3, ip
100011ca:	601a      	str	r2, [r3, #0]
100011cc:	bc40      	pop	{r6}
100011ce:	46b0      	mov	r8, r6
100011d0:	bd70      	pop	{r4, r5, r6, pc}
100011d2:	2201      	movs	r2, #1
100011d4:	e7db      	b.n	1000118e <alarm_pool_add_alarm_at_force_in_context+0x5e>
100011d6:	2001      	movs	r0, #1
100011d8:	4240      	negs	r0, r0
100011da:	e7f7      	b.n	100011cc <alarm_pool_add_alarm_at_force_in_context+0x9c>
100011dc:	0000203c 	.word	0x0000203c

100011e0 <alarm_pool_cancel_alarm>:
100011e0:	b510      	push	{r4, lr}
100011e2:	8943      	ldrh	r3, [r0, #10]
100011e4:	140a      	asrs	r2, r1, #16
100011e6:	4293      	cmp	r3, r2
100011e8:	dd33      	ble.n	10001252 <alarm_pool_cancel_alarm+0x72>
100011ea:	0053      	lsls	r3, r2, #1
100011ec:	189b      	adds	r3, r3, r2
100011ee:	6942      	ldr	r2, [r0, #20]
100011f0:	00db      	lsls	r3, r3, #3
100011f2:	4694      	mov	ip, r2
100011f4:	6904      	ldr	r4, [r0, #16]
100011f6:	4463      	add	r3, ip
100011f8:	f3ef 8c10 	mrs	ip, PRIMASK
100011fc:	b672      	cpsid	i
100011fe:	6822      	ldr	r2, [r4, #0]
10001200:	2a00      	cmp	r2, #0
10001202:	d0fc      	beq.n	100011fe <alarm_pool_cancel_alarm+0x1e>
10001204:	f3bf 8f5f 	dmb	sy
10001208:	885a      	ldrh	r2, [r3, #2]
1000120a:	0409      	lsls	r1, r1, #16
1000120c:	b294      	uxth	r4, r2
1000120e:	0c09      	lsrs	r1, r1, #16
10001210:	428a      	cmp	r2, r1
10001212:	d008      	beq.n	10001226 <alarm_pool_cancel_alarm+0x46>
10001214:	6903      	ldr	r3, [r0, #16]
10001216:	f3bf 8f5f 	dmb	sy
1000121a:	2200      	movs	r2, #0
1000121c:	601a      	str	r2, [r3, #0]
1000121e:	f38c 8810 	msr	PRIMASK, ip
10001222:	2000      	movs	r0, #0
10001224:	bd10      	pop	{r4, pc}
10001226:	2280      	movs	r2, #128	; 0x80
10001228:	0212      	lsls	r2, r2, #8
1000122a:	4314      	orrs	r4, r2
1000122c:	805c      	strh	r4, [r3, #2]
1000122e:	2301      	movs	r3, #1
10001230:	6902      	ldr	r2, [r0, #16]
10001232:	7183      	strb	r3, [r0, #6]
10001234:	f3bf 8f5f 	dmb	sy
10001238:	2100      	movs	r1, #0
1000123a:	6011      	str	r1, [r2, #0]
1000123c:	f38c 8810 	msr	PRIMASK, ip
10001240:	4905      	ldr	r1, [pc, #20]	; (10001258 <alarm_pool_cancel_alarm+0x78>)
10001242:	7802      	ldrb	r2, [r0, #0]
10001244:	468c      	mov	ip, r1
10001246:	4093      	lsls	r3, r2
10001248:	68c2      	ldr	r2, [r0, #12]
1000124a:	2001      	movs	r0, #1
1000124c:	4462      	add	r2, ip
1000124e:	6013      	str	r3, [r2, #0]
10001250:	e7e8      	b.n	10001224 <alarm_pool_cancel_alarm+0x44>
10001252:	2000      	movs	r0, #0
10001254:	e7e6      	b.n	10001224 <alarm_pool_cancel_alarm+0x44>
10001256:	46c0      	nop			; (mov r8, r8)
10001258:	0000203c 	.word	0x0000203c

1000125c <sleep_until>:
1000125c:	b5f0      	push	{r4, r5, r6, r7, lr}
1000125e:	0004      	movs	r4, r0
10001260:	000d      	movs	r5, r1
10001262:	2606      	movs	r6, #6
10001264:	4276      	negs	r6, r6
10001266:	17f7      	asrs	r7, r6, #31
10001268:	46c6      	mov	lr, r8
1000126a:	1936      	adds	r6, r6, r4
1000126c:	416f      	adcs	r7, r5
1000126e:	b500      	push	{lr}
10001270:	b082      	sub	sp, #8
10001272:	428f      	cmp	r7, r1
10001274:	d814      	bhi.n	100012a0 <sleep_until+0x44>
10001276:	d011      	beq.n	1000129c <sleep_until+0x40>
10001278:	f000 f902 	bl	10001480 <time_us_64>
1000127c:	0032      	movs	r2, r6
1000127e:	003b      	movs	r3, r7
10001280:	1a12      	subs	r2, r2, r0
10001282:	418b      	sbcs	r3, r1
10001284:	2b00      	cmp	r3, #0
10001286:	dc15      	bgt.n	100012b4 <sleep_until+0x58>
10001288:	2b00      	cmp	r3, #0
1000128a:	d044      	beq.n	10001316 <sleep_until+0xba>
1000128c:	0020      	movs	r0, r4
1000128e:	0029      	movs	r1, r5
10001290:	f000 f900 	bl	10001494 <busy_wait_until>
10001294:	b002      	add	sp, #8
10001296:	bc80      	pop	{r7}
10001298:	46b8      	mov	r8, r7
1000129a:	bdf0      	pop	{r4, r5, r6, r7, pc}
1000129c:	4286      	cmp	r6, r0
1000129e:	d9eb      	bls.n	10001278 <sleep_until+0x1c>
100012a0:	2600      	movs	r6, #0
100012a2:	2700      	movs	r7, #0
100012a4:	f000 f8ec 	bl	10001480 <time_us_64>
100012a8:	0032      	movs	r2, r6
100012aa:	003b      	movs	r3, r7
100012ac:	1a12      	subs	r2, r2, r0
100012ae:	418b      	sbcs	r3, r1
100012b0:	2b00      	cmp	r3, #0
100012b2:	dde9      	ble.n	10001288 <sleep_until+0x2c>
100012b4:	f000 f8e4 	bl	10001480 <time_us_64>
100012b8:	0032      	movs	r2, r6
100012ba:	003b      	movs	r3, r7
100012bc:	1a12      	subs	r2, r2, r0
100012be:	418b      	sbcs	r3, r1
100012c0:	2b00      	cmp	r3, #0
100012c2:	db0a      	blt.n	100012da <sleep_until+0x7e>
100012c4:	2300      	movs	r3, #0
100012c6:	9301      	str	r3, [sp, #4]
100012c8:	4b14      	ldr	r3, [pc, #80]	; (1000131c <sleep_until+0xc0>)
100012ca:	0032      	movs	r2, r6
100012cc:	9300      	str	r3, [sp, #0]
100012ce:	4814      	ldr	r0, [pc, #80]	; (10001320 <sleep_until+0xc4>)
100012d0:	003b      	movs	r3, r7
100012d2:	f7ff ff2d 	bl	10001130 <alarm_pool_add_alarm_at_force_in_context>
100012d6:	2800      	cmp	r0, #0
100012d8:	dbd8      	blt.n	1000128c <sleep_until+0x30>
100012da:	46b0      	mov	r8, r6
100012dc:	2600      	movs	r6, #0
100012de:	46bc      	mov	ip, r7
100012e0:	4a10      	ldr	r2, [pc, #64]	; (10001324 <sleep_until+0xc8>)
100012e2:	4f11      	ldr	r7, [pc, #68]	; (10001328 <sleep_until+0xcc>)
100012e4:	6a7b      	ldr	r3, [r7, #36]	; 0x24
100012e6:	459c      	cmp	ip, r3
100012e8:	d804      	bhi.n	100012f4 <sleep_until+0x98>
100012ea:	6ab9      	ldr	r1, [r7, #40]	; 0x28
100012ec:	4588      	cmp	r8, r1
100012ee:	d9cd      	bls.n	1000128c <sleep_until+0x30>
100012f0:	459c      	cmp	ip, r3
100012f2:	d1cb      	bne.n	1000128c <sleep_until+0x30>
100012f4:	6811      	ldr	r1, [r2, #0]
100012f6:	f3ef 8010 	mrs	r0, PRIMASK
100012fa:	b672      	cpsid	i
100012fc:	680b      	ldr	r3, [r1, #0]
100012fe:	2b00      	cmp	r3, #0
10001300:	d0fc      	beq.n	100012fc <sleep_until+0xa0>
10001302:	f3bf 8f5f 	dmb	sy
10001306:	6813      	ldr	r3, [r2, #0]
10001308:	f3bf 8f5f 	dmb	sy
1000130c:	601e      	str	r6, [r3, #0]
1000130e:	f380 8810 	msr	PRIMASK, r0
10001312:	bf20      	wfe
10001314:	e7e6      	b.n	100012e4 <sleep_until+0x88>
10001316:	2a00      	cmp	r2, #0
10001318:	d0b8      	beq.n	1000128c <sleep_until+0x30>
1000131a:	e7cb      	b.n	100012b4 <sleep_until+0x58>
1000131c:	10000c4d 	.word	0x10000c4d
10001320:	20000524 	.word	0x20000524
10001324:	200013f0 	.word	0x200013f0
10001328:	40054000 	.word	0x40054000

1000132c <sleep_ms>:
1000132c:	b570      	push	{r4, r5, r6, lr}
1000132e:	0006      	movs	r6, r0
10001330:	f000 f8a6 	bl	10001480 <time_us_64>
10001334:	22fa      	movs	r2, #250	; 0xfa
10001336:	0004      	movs	r4, r0
10001338:	000d      	movs	r5, r1
1000133a:	2300      	movs	r3, #0
1000133c:	0030      	movs	r0, r6
1000133e:	2100      	movs	r1, #0
10001340:	0092      	lsls	r2, r2, #2
10001342:	f000 ff2b 	bl	1000219c <__wrap___aeabi_lmul>
10001346:	1900      	adds	r0, r0, r4
10001348:	4169      	adcs	r1, r5
1000134a:	2900      	cmp	r1, #0
1000134c:	db02      	blt.n	10001354 <sleep_ms+0x28>
1000134e:	f7ff ff85 	bl	1000125c <sleep_until>
10001352:	bd70      	pop	{r4, r5, r6, pc}
10001354:	2001      	movs	r0, #1
10001356:	4901      	ldr	r1, [pc, #4]	; (1000135c <sleep_ms+0x30>)
10001358:	4240      	negs	r0, r0
1000135a:	e7f8      	b.n	1000134e <sleep_ms+0x22>
1000135c:	7fffffff 	.word	0x7fffffff

10001360 <best_effort_wfe_or_timeout>:
10001360:	b5f0      	push	{r4, r5, r6, r7, lr}
10001362:	46ce      	mov	lr, r9
10001364:	4647      	mov	r7, r8
10001366:	b580      	push	{r7, lr}
10001368:	0004      	movs	r4, r0
1000136a:	000d      	movs	r5, r1
1000136c:	b083      	sub	sp, #12
1000136e:	f3ef 8705 	mrs	r7, IPSR
10001372:	2f00      	cmp	r7, #0
10001374:	d00d      	beq.n	10001392 <best_effort_wfe_or_timeout+0x32>
10001376:	4a36      	ldr	r2, [pc, #216]	; (10001450 <best_effort_wfe_or_timeout+0xf0>)
10001378:	2000      	movs	r0, #0
1000137a:	6a53      	ldr	r3, [r2, #36]	; 0x24
1000137c:	428b      	cmp	r3, r1
1000137e:	d303      	bcc.n	10001388 <best_effort_wfe_or_timeout+0x28>
10001380:	6a92      	ldr	r2, [r2, #40]	; 0x28
10001382:	3001      	adds	r0, #1
10001384:	42a2      	cmp	r2, r4
10001386:	d350      	bcc.n	1000142a <best_effort_wfe_or_timeout+0xca>
10001388:	b003      	add	sp, #12
1000138a:	bcc0      	pop	{r6, r7}
1000138c:	46b9      	mov	r9, r7
1000138e:	46b0      	mov	r8, r6
10001390:	bdf0      	pop	{r4, r5, r6, r7, pc}
10001392:	4b30      	ldr	r3, [pc, #192]	; (10001454 <best_effort_wfe_or_timeout+0xf4>)
10001394:	4698      	mov	r8, r3
10001396:	68db      	ldr	r3, [r3, #12]
10001398:	4699      	mov	r9, r3
1000139a:	4643      	mov	r3, r8
1000139c:	4648      	mov	r0, r9
1000139e:	781e      	ldrb	r6, [r3, #0]
100013a0:	f000 f866 	bl	10001470 <timer_time_us_64>
100013a4:	000b      	movs	r3, r1
100013a6:	4649      	mov	r1, r9
100013a8:	0002      	movs	r2, r0
100013aa:	3604      	adds	r6, #4
100013ac:	00b6      	lsls	r6, r6, #2
100013ae:	5871      	ldr	r1, [r6, r1]
100013b0:	0020      	movs	r0, r4
100013b2:	1a8e      	subs	r6, r1, r2
100013b4:	0029      	movs	r1, r5
100013b6:	1a80      	subs	r0, r0, r2
100013b8:	4199      	sbcs	r1, r3
100013ba:	428f      	cmp	r7, r1
100013bc:	dc11      	bgt.n	100013e2 <best_effort_wfe_or_timeout+0x82>
100013be:	d00e      	beq.n	100013de <best_effort_wfe_or_timeout+0x7e>
100013c0:	bf20      	wfe
100013c2:	4a23      	ldr	r2, [pc, #140]	; (10001450 <best_effort_wfe_or_timeout+0xf0>)
100013c4:	2000      	movs	r0, #0
100013c6:	6a53      	ldr	r3, [r2, #36]	; 0x24
100013c8:	42ab      	cmp	r3, r5
100013ca:	d3dd      	bcc.n	10001388 <best_effort_wfe_or_timeout+0x28>
100013cc:	6a92      	ldr	r2, [r2, #40]	; 0x28
100013ce:	3001      	adds	r0, #1
100013d0:	42a2      	cmp	r2, r4
100013d2:	d2d9      	bcs.n	10001388 <best_effort_wfe_or_timeout+0x28>
100013d4:	1ae8      	subs	r0, r5, r3
100013d6:	1e42      	subs	r2, r0, #1
100013d8:	4190      	sbcs	r0, r2
100013da:	b2c0      	uxtb	r0, r0
100013dc:	e7d4      	b.n	10001388 <best_effort_wfe_or_timeout+0x28>
100013de:	4286      	cmp	r6, r0
100013e0:	d9ee      	bls.n	100013c0 <best_effort_wfe_or_timeout+0x60>
100013e2:	f000 f84d 	bl	10001480 <time_us_64>
100013e6:	0022      	movs	r2, r4
100013e8:	002b      	movs	r3, r5
100013ea:	1a12      	subs	r2, r2, r0
100013ec:	418b      	sbcs	r3, r1
100013ee:	2b00      	cmp	r3, #0
100013f0:	db20      	blt.n	10001434 <best_effort_wfe_or_timeout+0xd4>
100013f2:	2300      	movs	r3, #0
100013f4:	9301      	str	r3, [sp, #4]
100013f6:	4b18      	ldr	r3, [pc, #96]	; (10001458 <best_effort_wfe_or_timeout+0xf8>)
100013f8:	0022      	movs	r2, r4
100013fa:	9300      	str	r3, [sp, #0]
100013fc:	4640      	mov	r0, r8
100013fe:	002b      	movs	r3, r5
10001400:	f7ff fe96 	bl	10001130 <alarm_pool_add_alarm_at_force_in_context>
10001404:	1e01      	subs	r1, r0, #0
10001406:	dd15      	ble.n	10001434 <best_effort_wfe_or_timeout+0xd4>
10001408:	4b11      	ldr	r3, [pc, #68]	; (10001450 <best_effort_wfe_or_timeout+0xf0>)
1000140a:	002e      	movs	r6, r5
1000140c:	6a5a      	ldr	r2, [r3, #36]	; 0x24
1000140e:	4295      	cmp	r5, r2
10001410:	d81c      	bhi.n	1000144c <best_effort_wfe_or_timeout+0xec>
10001412:	6a9b      	ldr	r3, [r3, #40]	; 0x28
10001414:	42a3      	cmp	r3, r4
10001416:	d317      	bcc.n	10001448 <best_effort_wfe_or_timeout+0xe8>
10001418:	4640      	mov	r0, r8
1000141a:	f7ff fee1 	bl	100011e0 <alarm_pool_cancel_alarm>
1000141e:	4a0c      	ldr	r2, [pc, #48]	; (10001450 <best_effort_wfe_or_timeout+0xf0>)
10001420:	2000      	movs	r0, #0
10001422:	6a53      	ldr	r3, [r2, #36]	; 0x24
10001424:	429e      	cmp	r6, r3
10001426:	d8af      	bhi.n	10001388 <best_effort_wfe_or_timeout+0x28>
10001428:	e7d0      	b.n	100013cc <best_effort_wfe_or_timeout+0x6c>
1000142a:	1a58      	subs	r0, r3, r1
1000142c:	1e42      	subs	r2, r0, #1
1000142e:	4190      	sbcs	r0, r2
10001430:	b2c0      	uxtb	r0, r0
10001432:	e7a9      	b.n	10001388 <best_effort_wfe_or_timeout+0x28>
10001434:	4a06      	ldr	r2, [pc, #24]	; (10001450 <best_effort_wfe_or_timeout+0xf0>)
10001436:	2000      	movs	r0, #0
10001438:	6a53      	ldr	r3, [r2, #36]	; 0x24
1000143a:	42ab      	cmp	r3, r5
1000143c:	d3a4      	bcc.n	10001388 <best_effort_wfe_or_timeout+0x28>
1000143e:	6a92      	ldr	r2, [r2, #40]	; 0x28
10001440:	2001      	movs	r0, #1
10001442:	42a2      	cmp	r2, r4
10001444:	d2a0      	bcs.n	10001388 <best_effort_wfe_or_timeout+0x28>
10001446:	e7c5      	b.n	100013d4 <best_effort_wfe_or_timeout+0x74>
10001448:	4295      	cmp	r5, r2
1000144a:	d1e5      	bne.n	10001418 <best_effort_wfe_or_timeout+0xb8>
1000144c:	bf20      	wfe
1000144e:	e7e3      	b.n	10001418 <best_effort_wfe_or_timeout+0xb8>
10001450:	40054000 	.word	0x40054000
10001454:	20000524 	.word	0x20000524
10001458:	10000c4d 	.word	0x10000c4d

1000145c <timer_hardware_alarm_claim>:
1000145c:	b510      	push	{r4, lr}
1000145e:	4a02      	ldr	r2, [pc, #8]	; (10001468 <timer_hardware_alarm_claim+0xc>)
10001460:	4802      	ldr	r0, [pc, #8]	; (1000146c <timer_hardware_alarm_claim+0x10>)
10001462:	f7ff f843 	bl	100004ec <hw_claim_or_assert>
10001466:	bd10      	pop	{r4, pc}
10001468:	10007b78 	.word	0x10007b78
1000146c:	200009a8 	.word	0x200009a8

10001470 <timer_time_us_64>:
10001470:	0003      	movs	r3, r0
10001472:	6a41      	ldr	r1, [r0, #36]	; 0x24
10001474:	000a      	movs	r2, r1
10001476:	6a98      	ldr	r0, [r3, #40]	; 0x28
10001478:	6a59      	ldr	r1, [r3, #36]	; 0x24
1000147a:	428a      	cmp	r2, r1
1000147c:	d1fa      	bne.n	10001474 <timer_time_us_64+0x4>
1000147e:	4770      	bx	lr

10001480 <time_us_64>:
10001480:	4b03      	ldr	r3, [pc, #12]	; (10001490 <time_us_64+0x10>)
10001482:	6a59      	ldr	r1, [r3, #36]	; 0x24
10001484:	000a      	movs	r2, r1
10001486:	6a98      	ldr	r0, [r3, #40]	; 0x28
10001488:	6a59      	ldr	r1, [r3, #36]	; 0x24
1000148a:	4291      	cmp	r1, r2
1000148c:	d1fa      	bne.n	10001484 <time_us_64+0x4>
1000148e:	4770      	bx	lr
10001490:	40054000 	.word	0x40054000

10001494 <busy_wait_until>:
10001494:	4a06      	ldr	r2, [pc, #24]	; (100014b0 <busy_wait_until+0x1c>)
10001496:	6a53      	ldr	r3, [r2, #36]	; 0x24
10001498:	4299      	cmp	r1, r3
1000149a:	d8fc      	bhi.n	10001496 <busy_wait_until+0x2>
1000149c:	d107      	bne.n	100014ae <busy_wait_until+0x1a>
1000149e:	4b04      	ldr	r3, [pc, #16]	; (100014b0 <busy_wait_until+0x1c>)
100014a0:	e002      	b.n	100014a8 <busy_wait_until+0x14>
100014a2:	6a5a      	ldr	r2, [r3, #36]	; 0x24
100014a4:	4291      	cmp	r1, r2
100014a6:	d102      	bne.n	100014ae <busy_wait_until+0x1a>
100014a8:	6a9a      	ldr	r2, [r3, #40]	; 0x28
100014aa:	4282      	cmp	r2, r0
100014ac:	d3f9      	bcc.n	100014a2 <busy_wait_until+0xe>
100014ae:	4770      	bx	lr
100014b0:	40054000 	.word	0x40054000

100014b4 <clock_configure_int_divider>:
100014b4:	b5f8      	push	{r3, r4, r5, r6, r7, lr}
100014b6:	46de      	mov	lr, fp
100014b8:	464e      	mov	r6, r9
100014ba:	4657      	mov	r7, sl
100014bc:	4645      	mov	r5, r8
100014be:	b5e0      	push	{r5, r6, r7, lr}
100014c0:	468b      	mov	fp, r1
100014c2:	0005      	movs	r5, r0
100014c4:	990a      	ldr	r1, [sp, #40]	; 0x28
100014c6:	0018      	movs	r0, r3
100014c8:	0016      	movs	r6, r2
100014ca:	f000 faeb 	bl	10001aa4 <__wrap___aeabi_uidiv>
100014ce:	9b0a      	ldr	r3, [sp, #40]	; 0x28
100014d0:	006c      	lsls	r4, r5, #1
100014d2:	021f      	lsls	r7, r3, #8
100014d4:	4b32      	ldr	r3, [pc, #200]	; (100015a0 <clock_configure_int_divider+0xec>)
100014d6:	1964      	adds	r4, r4, r5
100014d8:	469c      	mov	ip, r3
100014da:	00a4      	lsls	r4, r4, #2
100014dc:	4464      	add	r4, ip
100014de:	6863      	ldr	r3, [r4, #4]
100014e0:	4681      	mov	r9, r0
100014e2:	429f      	cmp	r7, r3
100014e4:	d900      	bls.n	100014e8 <clock_configure_int_divider+0x34>
100014e6:	6067      	str	r7, [r4, #4]
100014e8:	1f2b      	subs	r3, r5, #4
100014ea:	b2db      	uxtb	r3, r3
100014ec:	4698      	mov	r8, r3
100014ee:	2b01      	cmp	r3, #1
100014f0:	d930      	bls.n	10001554 <clock_configure_int_divider+0xa0>
100014f2:	23c0      	movs	r3, #192	; 0xc0
100014f4:	2280      	movs	r2, #128	; 0x80
100014f6:	019b      	lsls	r3, r3, #6
100014f8:	18e3      	adds	r3, r4, r3
100014fa:	0112      	lsls	r2, r2, #4
100014fc:	601a      	str	r2, [r3, #0]
100014fe:	4b29      	ldr	r3, [pc, #164]	; (100015a4 <clock_configure_int_divider+0xf0>)
10001500:	00ad      	lsls	r5, r5, #2
10001502:	5959      	ldr	r1, [r3, r5]
10001504:	469a      	mov	sl, r3
10001506:	2900      	cmp	r1, #0
10001508:	d11b      	bne.n	10001542 <clock_configure_int_divider+0x8e>
1000150a:	6822      	ldr	r2, [r4, #0]
1000150c:	0176      	lsls	r6, r6, #5
1000150e:	4072      	eors	r2, r6
10001510:	26e0      	movs	r6, #224	; 0xe0
10001512:	2380      	movs	r3, #128	; 0x80
10001514:	4016      	ands	r6, r2
10001516:	4642      	mov	r2, r8
10001518:	015b      	lsls	r3, r3, #5
1000151a:	18e3      	adds	r3, r4, r3
1000151c:	601e      	str	r6, [r3, #0]
1000151e:	2a01      	cmp	r2, #1
10001520:	d930      	bls.n	10001584 <clock_configure_int_divider+0xd0>
10001522:	2380      	movs	r3, #128	; 0x80
10001524:	2280      	movs	r2, #128	; 0x80
10001526:	019b      	lsls	r3, r3, #6
10001528:	18e3      	adds	r3, r4, r3
1000152a:	0112      	lsls	r2, r2, #4
1000152c:	601a      	str	r2, [r3, #0]
1000152e:	4653      	mov	r3, sl
10001530:	464a      	mov	r2, r9
10001532:	6067      	str	r7, [r4, #4]
10001534:	515a      	str	r2, [r3, r5]
10001536:	bcf0      	pop	{r4, r5, r6, r7}
10001538:	46bb      	mov	fp, r7
1000153a:	46b2      	mov	sl, r6
1000153c:	46a9      	mov	r9, r5
1000153e:	46a0      	mov	r8, r4
10001540:	bdf8      	pop	{r3, r4, r5, r6, r7, pc}
10001542:	6958      	ldr	r0, [r3, #20]
10001544:	f000 faae 	bl	10001aa4 <__wrap___aeabi_uidiv>
10001548:	1c43      	adds	r3, r0, #1
1000154a:	0058      	lsls	r0, r3, #1
1000154c:	18c0      	adds	r0, r0, r3
1000154e:	3803      	subs	r0, #3
10001550:	d2fd      	bcs.n	1000154e <clock_configure_int_divider+0x9a>
10001552:	e7da      	b.n	1000150a <clock_configure_int_divider+0x56>
10001554:	465b      	mov	r3, fp
10001556:	2b01      	cmp	r3, #1
10001558:	d1cb      	bne.n	100014f2 <clock_configure_int_divider+0x3e>
1000155a:	23c0      	movs	r3, #192	; 0xc0
1000155c:	2203      	movs	r2, #3
1000155e:	019b      	lsls	r3, r3, #6
10001560:	18e3      	adds	r3, r4, r3
10001562:	601a      	str	r2, [r3, #0]
10001564:	3a02      	subs	r2, #2
10001566:	68a3      	ldr	r3, [r4, #8]
10001568:	421a      	tst	r2, r3
1000156a:	d0fc      	beq.n	10001566 <clock_configure_int_divider+0xb2>
1000156c:	23e0      	movs	r3, #224	; 0xe0
1000156e:	6822      	ldr	r2, [r4, #0]
10001570:	0176      	lsls	r6, r6, #5
10001572:	4056      	eors	r6, r2
10001574:	401e      	ands	r6, r3
10001576:	2380      	movs	r3, #128	; 0x80
10001578:	4a0a      	ldr	r2, [pc, #40]	; (100015a4 <clock_configure_int_divider+0xf0>)
1000157a:	015b      	lsls	r3, r3, #5
1000157c:	4692      	mov	sl, r2
1000157e:	18e3      	adds	r3, r4, r3
10001580:	601e      	str	r6, [r3, #0]
10001582:	00ad      	lsls	r5, r5, #2
10001584:	465a      	mov	r2, fp
10001586:	6821      	ldr	r1, [r4, #0]
10001588:	4051      	eors	r1, r2
1000158a:	2203      	movs	r2, #3
1000158c:	400a      	ands	r2, r1
1000158e:	601a      	str	r2, [r3, #0]
10001590:	2201      	movs	r2, #1
10001592:	465b      	mov	r3, fp
10001594:	409a      	lsls	r2, r3
10001596:	68a3      	ldr	r3, [r4, #8]
10001598:	421a      	tst	r2, r3
1000159a:	d0fc      	beq.n	10001596 <clock_configure_int_divider+0xe2>
1000159c:	e7c1      	b.n	10001522 <clock_configure_int_divider+0x6e>
1000159e:	46c0      	nop			; (mov r8, r8)
100015a0:	40008000 	.word	0x40008000
100015a4:	200009b0 	.word	0x200009b0

100015a8 <clock_configure_undivided>:
100015a8:	b5f0      	push	{r4, r5, r6, r7, lr}
100015aa:	4646      	mov	r6, r8
100015ac:	464f      	mov	r7, r9
100015ae:	46d6      	mov	lr, sl
100015b0:	b5c0      	push	{r6, r7, lr}
100015b2:	001f      	movs	r7, r3
100015b4:	4b34      	ldr	r3, [pc, #208]	; (10001688 <clock_configure_undivided+0xe0>)
100015b6:	0044      	lsls	r4, r0, #1
100015b8:	469c      	mov	ip, r3
100015ba:	1824      	adds	r4, r4, r0
100015bc:	00a4      	lsls	r4, r4, #2
100015be:	4464      	add	r4, ip
100015c0:	6863      	ldr	r3, [r4, #4]
100015c2:	4688      	mov	r8, r1
100015c4:	0016      	movs	r6, r2
100015c6:	2bff      	cmp	r3, #255	; 0xff
100015c8:	d802      	bhi.n	100015d0 <clock_configure_undivided+0x28>
100015ca:	2380      	movs	r3, #128	; 0x80
100015cc:	005b      	lsls	r3, r3, #1
100015ce:	6063      	str	r3, [r4, #4]
100015d0:	1f03      	subs	r3, r0, #4
100015d2:	b2db      	uxtb	r3, r3
100015d4:	469a      	mov	sl, r3
100015d6:	2b01      	cmp	r3, #1
100015d8:	d930      	bls.n	1000163c <clock_configure_undivided+0x94>
100015da:	23c0      	movs	r3, #192	; 0xc0
100015dc:	2280      	movs	r2, #128	; 0x80
100015de:	019b      	lsls	r3, r3, #6
100015e0:	18e3      	adds	r3, r4, r3
100015e2:	0112      	lsls	r2, r2, #4
100015e4:	601a      	str	r2, [r3, #0]
100015e6:	4b29      	ldr	r3, [pc, #164]	; (1000168c <clock_configure_undivided+0xe4>)
100015e8:	0085      	lsls	r5, r0, #2
100015ea:	5959      	ldr	r1, [r3, r5]
100015ec:	4699      	mov	r9, r3
100015ee:	2900      	cmp	r1, #0
100015f0:	d11b      	bne.n	1000162a <clock_configure_undivided+0x82>
100015f2:	6822      	ldr	r2, [r4, #0]
100015f4:	0176      	lsls	r6, r6, #5
100015f6:	4072      	eors	r2, r6
100015f8:	26e0      	movs	r6, #224	; 0xe0
100015fa:	2380      	movs	r3, #128	; 0x80
100015fc:	4016      	ands	r6, r2
100015fe:	4652      	mov	r2, sl
10001600:	015b      	lsls	r3, r3, #5
10001602:	18e3      	adds	r3, r4, r3
10001604:	601e      	str	r6, [r3, #0]
10001606:	2a01      	cmp	r2, #1
10001608:	d930      	bls.n	1000166c <clock_configure_undivided+0xc4>
1000160a:	2380      	movs	r3, #128	; 0x80
1000160c:	2280      	movs	r2, #128	; 0x80
1000160e:	019b      	lsls	r3, r3, #6
10001610:	18e3      	adds	r3, r4, r3
10001612:	0112      	lsls	r2, r2, #4
10001614:	601a      	str	r2, [r3, #0]
10001616:	2380      	movs	r3, #128	; 0x80
10001618:	005b      	lsls	r3, r3, #1
1000161a:	6063      	str	r3, [r4, #4]
1000161c:	464b      	mov	r3, r9
1000161e:	515f      	str	r7, [r3, r5]
10001620:	bce0      	pop	{r5, r6, r7}
10001622:	46ba      	mov	sl, r7
10001624:	46b1      	mov	r9, r6
10001626:	46a8      	mov	r8, r5
10001628:	bdf0      	pop	{r4, r5, r6, r7, pc}
1000162a:	6958      	ldr	r0, [r3, #20]
1000162c:	f000 fa3a 	bl	10001aa4 <__wrap___aeabi_uidiv>
10001630:	1c43      	adds	r3, r0, #1
10001632:	0058      	lsls	r0, r3, #1
10001634:	18c0      	adds	r0, r0, r3
10001636:	3803      	subs	r0, #3
10001638:	d2fd      	bcs.n	10001636 <clock_configure_undivided+0x8e>
1000163a:	e7da      	b.n	100015f2 <clock_configure_undivided+0x4a>
1000163c:	4643      	mov	r3, r8
1000163e:	2b01      	cmp	r3, #1
10001640:	d1cb      	bne.n	100015da <clock_configure_undivided+0x32>
10001642:	23c0      	movs	r3, #192	; 0xc0
10001644:	2203      	movs	r2, #3
10001646:	019b      	lsls	r3, r3, #6
10001648:	18e3      	adds	r3, r4, r3
1000164a:	601a      	str	r2, [r3, #0]
1000164c:	3a02      	subs	r2, #2
1000164e:	68a3      	ldr	r3, [r4, #8]
10001650:	421a      	tst	r2, r3
10001652:	d0fc      	beq.n	1000164e <clock_configure_undivided+0xa6>
10001654:	23e0      	movs	r3, #224	; 0xe0
10001656:	6822      	ldr	r2, [r4, #0]
10001658:	0176      	lsls	r6, r6, #5
1000165a:	4056      	eors	r6, r2
1000165c:	401e      	ands	r6, r3
1000165e:	2380      	movs	r3, #128	; 0x80
10001660:	4a0a      	ldr	r2, [pc, #40]	; (1000168c <clock_configure_undivided+0xe4>)
10001662:	015b      	lsls	r3, r3, #5
10001664:	4691      	mov	r9, r2
10001666:	18e3      	adds	r3, r4, r3
10001668:	601e      	str	r6, [r3, #0]
1000166a:	0085      	lsls	r5, r0, #2
1000166c:	4642      	mov	r2, r8
1000166e:	6821      	ldr	r1, [r4, #0]
10001670:	4051      	eors	r1, r2
10001672:	2203      	movs	r2, #3
10001674:	400a      	ands	r2, r1
10001676:	601a      	str	r2, [r3, #0]
10001678:	2301      	movs	r3, #1
1000167a:	4642      	mov	r2, r8
1000167c:	4093      	lsls	r3, r2
1000167e:	68a2      	ldr	r2, [r4, #8]
10001680:	4213      	tst	r3, r2
10001682:	d0fc      	beq.n	1000167e <clock_configure_undivided+0xd6>
10001684:	e7c1      	b.n	1000160a <clock_configure_undivided+0x62>
10001686:	46c0      	nop			; (mov r8, r8)
10001688:	40008000 	.word	0x40008000
1000168c:	200009b0 	.word	0x200009b0

10001690 <clock_get_hz>:
10001690:	4b01      	ldr	r3, [pc, #4]	; (10001698 <clock_get_hz+0x8>)
10001692:	0080      	lsls	r0, r0, #2
10001694:	58c0      	ldr	r0, [r0, r3]
10001696:	4770      	bx	lr
10001698:	200009b0 	.word	0x200009b0

1000169c <pll_init>:
1000169c:	b5f8      	push	{r3, r4, r5, r6, r7, lr}
1000169e:	0004      	movs	r4, r0
100016a0:	4820      	ldr	r0, [pc, #128]	; (10001724 <pll_init+0x88>)
100016a2:	001d      	movs	r5, r3
100016a4:	0017      	movs	r7, r2
100016a6:	000e      	movs	r6, r1
100016a8:	f000 f9fc 	bl	10001aa4 <__wrap___aeabi_uidiv>
100016ac:	0001      	movs	r1, r0
100016ae:	0038      	movs	r0, r7
100016b0:	f000 f9f8 	bl	10001aa4 <__wrap___aeabi_uidiv>
100016b4:	9b06      	ldr	r3, [sp, #24]
100016b6:	0429      	lsls	r1, r5, #16
100016b8:	031b      	lsls	r3, r3, #12
100016ba:	4319      	orrs	r1, r3
100016bc:	6823      	ldr	r3, [r4, #0]
100016be:	2b00      	cmp	r3, #0
100016c0:	db1e      	blt.n	10001700 <pll_init+0x64>
100016c2:	4b19      	ldr	r3, [pc, #100]	; (10001728 <pll_init+0x8c>)
100016c4:	4d19      	ldr	r5, [pc, #100]	; (1000172c <pll_init+0x90>)
100016c6:	18e2      	adds	r2, r4, r3
100016c8:	4253      	negs	r3, r2
100016ca:	415a      	adcs	r2, r3
100016cc:	2380      	movs	r3, #128	; 0x80
100016ce:	015b      	lsls	r3, r3, #5
100016d0:	469c      	mov	ip, r3
100016d2:	0312      	lsls	r2, r2, #12
100016d4:	4b16      	ldr	r3, [pc, #88]	; (10001730 <pll_init+0x94>)
100016d6:	4462      	add	r2, ip
100016d8:	601a      	str	r2, [r3, #0]
100016da:	4b16      	ldr	r3, [pc, #88]	; (10001734 <pll_init+0x98>)
100016dc:	601a      	str	r2, [r3, #0]
100016de:	0017      	movs	r7, r2
100016e0:	682b      	ldr	r3, [r5, #0]
100016e2:	439f      	bics	r7, r3
100016e4:	d1fb      	bne.n	100016de <pll_init+0x42>
100016e6:	4b14      	ldr	r3, [pc, #80]	; (10001738 <pll_init+0x9c>)
100016e8:	6026      	str	r6, [r4, #0]
100016ea:	18e2      	adds	r2, r4, r3
100016ec:	2321      	movs	r3, #33	; 0x21
100016ee:	60a0      	str	r0, [r4, #8]
100016f0:	6013      	str	r3, [r2, #0]
100016f2:	6823      	ldr	r3, [r4, #0]
100016f4:	2b00      	cmp	r3, #0
100016f6:	dafc      	bge.n	100016f2 <pll_init+0x56>
100016f8:	2308      	movs	r3, #8
100016fa:	60e1      	str	r1, [r4, #12]
100016fc:	6013      	str	r3, [r2, #0]
100016fe:	bdf8      	pop	{r3, r4, r5, r6, r7, pc}
10001700:	233f      	movs	r3, #63	; 0x3f
10001702:	6822      	ldr	r2, [r4, #0]
10001704:	4013      	ands	r3, r2
10001706:	42b3      	cmp	r3, r6
10001708:	d1db      	bne.n	100016c2 <pll_init+0x26>
1000170a:	68a3      	ldr	r3, [r4, #8]
1000170c:	051b      	lsls	r3, r3, #20
1000170e:	0d1b      	lsrs	r3, r3, #20
10001710:	4283      	cmp	r3, r0
10001712:	d1d6      	bne.n	100016c2 <pll_init+0x26>
10001714:	22ee      	movs	r2, #238	; 0xee
10001716:	68e3      	ldr	r3, [r4, #12]
10001718:	02d2      	lsls	r2, r2, #11
1000171a:	4013      	ands	r3, r2
1000171c:	428b      	cmp	r3, r1
1000171e:	d1d0      	bne.n	100016c2 <pll_init+0x26>
10001720:	e7ed      	b.n	100016fe <pll_init+0x62>
10001722:	46c0      	nop			; (mov r8, r8)
10001724:	00b71b00 	.word	0x00b71b00
10001728:	bffd4000 	.word	0xbffd4000
1000172c:	4000c008 	.word	0x4000c008
10001730:	4000e000 	.word	0x4000e000
10001734:	4000f000 	.word	0x4000f000
10001738:	00003004 	.word	0x00003004

1000173c <tick_start>:
1000173c:	2380      	movs	r3, #128	; 0x80
1000173e:	4a02      	ldr	r2, [pc, #8]	; (10001748 <tick_start+0xc>)
10001740:	009b      	lsls	r3, r3, #2
10001742:	430b      	orrs	r3, r1
10001744:	62d3      	str	r3, [r2, #44]	; 0x2c
10001746:	4770      	bx	lr
10001748:	40058000 	.word	0x40058000

1000174c <rom_func_lookup>:
1000174c:	2314      	movs	r3, #20
1000174e:	b510      	push	{r4, lr}
10001750:	0001      	movs	r1, r0
10001752:	8818      	ldrh	r0, [r3, #0]
10001754:	3304      	adds	r3, #4
10001756:	881b      	ldrh	r3, [r3, #0]
10001758:	4798      	blx	r3
1000175a:	bd10      	pop	{r4, pc}

1000175c <rom_data_lookup>:
1000175c:	2316      	movs	r3, #22
1000175e:	b510      	push	{r4, lr}
10001760:	0001      	movs	r1, r0
10001762:	8818      	ldrh	r0, [r3, #0]
10001764:	3302      	adds	r3, #2
10001766:	881b      	ldrh	r3, [r3, #0]
10001768:	4798      	blx	r3
1000176a:	bd10      	pop	{r4, pc}

1000176c <rom_funcs_lookup>:
1000176c:	b5f8      	push	{r3, r4, r5, r6, r7, lr}
1000176e:	4647      	mov	r7, r8
10001770:	46ce      	mov	lr, r9
10001772:	b580      	push	{r7, lr}
10001774:	1e0f      	subs	r7, r1, #0
10001776:	d019      	beq.n	100017ac <rom_funcs_lookup+0x40>
10001778:	2314      	movs	r3, #20
1000177a:	4699      	mov	r9, r3
1000177c:	3304      	adds	r3, #4
1000177e:	0004      	movs	r4, r0
10001780:	2500      	movs	r5, #0
10001782:	2601      	movs	r6, #1
10001784:	4698      	mov	r8, r3
10001786:	464b      	mov	r3, r9
10001788:	8818      	ldrh	r0, [r3, #0]
1000178a:	4643      	mov	r3, r8
1000178c:	6821      	ldr	r1, [r4, #0]
1000178e:	881b      	ldrh	r3, [r3, #0]
10001790:	4798      	blx	r3
10001792:	c401      	stmia	r4!, {r0}
10001794:	1e43      	subs	r3, r0, #1
10001796:	4198      	sbcs	r0, r3
10001798:	3501      	adds	r5, #1
1000179a:	4240      	negs	r0, r0
1000179c:	4006      	ands	r6, r0
1000179e:	42af      	cmp	r7, r5
100017a0:	d1f1      	bne.n	10001786 <rom_funcs_lookup+0x1a>
100017a2:	0030      	movs	r0, r6
100017a4:	bcc0      	pop	{r6, r7}
100017a6:	46b9      	mov	r9, r7
100017a8:	46b0      	mov	r8, r6
100017aa:	bdf8      	pop	{r3, r4, r5, r6, r7, pc}
100017ac:	2601      	movs	r6, #1
100017ae:	e7f8      	b.n	100017a2 <rom_funcs_lookup+0x36>

100017b0 <xosc_init>:
100017b0:	23aa      	movs	r3, #170	; 0xaa
100017b2:	4a06      	ldr	r2, [pc, #24]	; (100017cc <xosc_init+0x1c>)
100017b4:	011b      	lsls	r3, r3, #4
100017b6:	6013      	str	r3, [r2, #0]
100017b8:	238d      	movs	r3, #141	; 0x8d
100017ba:	005b      	lsls	r3, r3, #1
100017bc:	60d3      	str	r3, [r2, #12]
100017be:	4904      	ldr	r1, [pc, #16]	; (100017d0 <xosc_init+0x20>)
100017c0:	4b04      	ldr	r3, [pc, #16]	; (100017d4 <xosc_init+0x24>)
100017c2:	6019      	str	r1, [r3, #0]
100017c4:	6853      	ldr	r3, [r2, #4]
100017c6:	2b00      	cmp	r3, #0
100017c8:	dafc      	bge.n	100017c4 <xosc_init+0x14>
100017ca:	4770      	bx	lr
100017cc:	40024000 	.word	0x40024000
100017d0:	00fab000 	.word	0x00fab000
100017d4:	40026000 	.word	0x40026000

100017d8 <first_per_core_initializer>:
100017d8:	4770      	bx	lr
100017da:	46c0      	nop			; (mov r8, r8)

100017dc <hard_assertion_failure>:
100017dc:	b510      	push	{r4, lr}
100017de:	4801      	ldr	r0, [pc, #4]	; (100017e4 <hard_assertion_failure+0x8>)
100017e0:	f7fe fe56 	bl	10000490 <panic>
100017e4:	10007b9c 	.word	0x10007b9c

100017e8 <runtime_run_initializers>:
100017e8:	b570      	push	{r4, r5, r6, lr}
100017ea:	4d07      	ldr	r5, [pc, #28]	; (10001808 <runtime_run_initializers+0x20>)
100017ec:	4e07      	ldr	r6, [pc, #28]	; (1000180c <runtime_run_initializers+0x24>)
100017ee:	42b5      	cmp	r5, r6
100017f0:	d209      	bcs.n	10001806 <runtime_run_initializers+0x1e>
100017f2:	2400      	movs	r4, #0
100017f4:	3e01      	subs	r6, #1
100017f6:	1b76      	subs	r6, r6, r5
100017f8:	08b6      	lsrs	r6, r6, #2
100017fa:	cd08      	ldmia	r5!, {r3}
100017fc:	4798      	blx	r3
100017fe:	0023      	movs	r3, r4
10001800:	3401      	adds	r4, #1
10001802:	42b3      	cmp	r3, r6
10001804:	d1f9      	bne.n	100017fa <runtime_run_initializers+0x12>
10001806:	bd70      	pop	{r4, r5, r6, pc}
10001808:	10007af8 	.word	0x10007af8
1000180c:	10007b34 	.word	0x10007b34

10001810 <runtime_init_early_resets>:
10001810:	4b05      	ldr	r3, [pc, #20]	; (10001828 <runtime_init_early_resets+0x18>)
10001812:	4a06      	ldr	r2, [pc, #24]	; (1000182c <runtime_init_early_resets+0x1c>)
10001814:	4906      	ldr	r1, [pc, #24]	; (10001830 <runtime_init_early_resets+0x20>)
10001816:	601a      	str	r2, [r3, #0]
10001818:	4a06      	ldr	r2, [pc, #24]	; (10001834 <runtime_init_early_resets+0x24>)
1000181a:	4b07      	ldr	r3, [pc, #28]	; (10001838 <runtime_init_early_resets+0x28>)
1000181c:	601a      	str	r2, [r3, #0]
1000181e:	0010      	movs	r0, r2
10001820:	680b      	ldr	r3, [r1, #0]
10001822:	4398      	bics	r0, r3
10001824:	d1fb      	bne.n	1000181e <runtime_init_early_resets+0xe>
10001826:	4770      	bx	lr
10001828:	4000e000 	.word	0x4000e000
1000182c:	fefbcdbf 	.word	0xfefbcdbf
10001830:	4000c008 	.word	0x4000c008
10001834:	003c7ffe 	.word	0x003c7ffe
10001838:	4000f000 	.word	0x4000f000

1000183c <runtime_init_usb_power_down>:
1000183c:	4b04      	ldr	r3, [pc, #16]	; (10001850 <runtime_init_usb_power_down+0x14>)
1000183e:	6cdb      	ldr	r3, [r3, #76]	; 0x4c
10001840:	2b00      	cmp	r3, #0
10001842:	d103      	bne.n	1000184c <runtime_init_usb_power_down+0x10>
10001844:	2280      	movs	r2, #128	; 0x80
10001846:	4b03      	ldr	r3, [pc, #12]	; (10001854 <runtime_init_usb_power_down+0x18>)
10001848:	02d2      	lsls	r2, r2, #11
1000184a:	601a      	str	r2, [r3, #0]
1000184c:	4770      	bx	lr
1000184e:	46c0      	nop			; (mov r8, r8)
10001850:	50110000 	.word	0x50110000
10001854:	5011204c 	.word	0x5011204c

10001858 <runtime_init_post_clock_resets>:
10001858:	4a04      	ldr	r2, [pc, #16]	; (1000186c <runtime_init_post_clock_resets+0x14>)
1000185a:	4b05      	ldr	r3, [pc, #20]	; (10001870 <runtime_init_post_clock_resets+0x18>)
1000185c:	601a      	str	r2, [r3, #0]
1000185e:	4a05      	ldr	r2, [pc, #20]	; (10001874 <runtime_init_post_clock_resets+0x1c>)
10001860:	6813      	ldr	r3, [r2, #0]
10001862:	01db      	lsls	r3, r3, #7
10001864:	3380      	adds	r3, #128	; 0x80
10001866:	d1fb      	bne.n	10001860 <runtime_init_post_clock_resets+0x8>
10001868:	4770      	bx	lr
1000186a:	46c0      	nop			; (mov r8, r8)
1000186c:	01ffffff 	.word	0x01ffffff
10001870:	4000f000 	.word	0x4000f000
10001874:	4000c008 	.word	0x4000c008

10001878 <runtime_init_rp2040_gpio_ie_disable>:
10001878:	2240      	movs	r2, #64	; 0x40
1000187a:	4b03      	ldr	r3, [pc, #12]	; (10001888 <runtime_init_rp2040_gpio_ie_disable+0x10>)
1000187c:	679a      	str	r2, [r3, #120]	; 0x78
1000187e:	675a      	str	r2, [r3, #116]	; 0x74
10001880:	671a      	str	r2, [r3, #112]	; 0x70
10001882:	66da      	str	r2, [r3, #108]	; 0x6c
10001884:	4770      	bx	lr
10001886:	46c0      	nop			; (mov r8, r8)
10001888:	4001f000 	.word	0x4001f000

1000188c <runtime_init_spin_locks_reset>:
1000188c:	b510      	push	{r4, lr}
1000188e:	f7fe fec5 	bl	1000061c <spin_locks_reset>
10001892:	bd10      	pop	{r4, pc}

10001894 <runtime_init_install_ram_vector_table>:
10001894:	b5f8      	push	{r3, r4, r5, r6, r7, lr}
10001896:	492d      	ldr	r1, [pc, #180]	; (1000194c <runtime_init_install_ram_vector_table+0xb8>)
10001898:	4c2d      	ldr	r4, [pc, #180]	; (10001950 <runtime_init_install_ram_vector_table+0xbc>)
1000189a:	4d2e      	ldr	r5, [pc, #184]	; (10001954 <runtime_init_install_ram_vector_table+0xc0>)
1000189c:	1a64      	subs	r4, r4, r1
1000189e:	10a6      	asrs	r6, r4, #2
100018a0:	0032      	movs	r2, r6
100018a2:	2e30      	cmp	r6, #48	; 0x30
100018a4:	d900      	bls.n	100018a8 <runtime_init_install_ram_vector_table+0x14>
100018a6:	2230      	movs	r2, #48	; 0x30
100018a8:	0028      	movs	r0, r5
100018aa:	0092      	lsls	r2, r2, #2
100018ac:	f000 fcd2 	bl	10002254 <__wrap___aeabi_memcpy>
100018b0:	2cbc      	cmp	r4, #188	; 0xbc
100018b2:	d841      	bhi.n	10001938 <runtime_init_install_ram_vector_table+0xa4>
100018b4:	2301      	movs	r3, #1
100018b6:	1c71      	adds	r1, r6, #1
100018b8:	0008      	movs	r0, r1
100018ba:	469c      	mov	ip, r3
100018bc:	4a26      	ldr	r2, [pc, #152]	; (10001958 <runtime_init_install_ram_vector_table+0xc4>)
100018be:	2930      	cmp	r1, #48	; 0x30
100018c0:	d93d      	bls.n	1000193e <runtime_init_install_ram_vector_table+0xaa>
100018c2:	272f      	movs	r7, #47	; 0x2f
100018c4:	192c      	adds	r4, r5, r4
100018c6:	0764      	lsls	r4, r4, #29
100018c8:	0fe3      	lsrs	r3, r4, #31
100018ca:	1bbf      	subs	r7, r7, r6
100018cc:	2f05      	cmp	r7, #5
100018ce:	d919      	bls.n	10001904 <runtime_init_install_ram_vector_table+0x70>
100018d0:	2930      	cmp	r1, #48	; 0x30
100018d2:	d817      	bhi.n	10001904 <runtime_init_install_ram_vector_table+0x70>
100018d4:	2b00      	cmp	r3, #0
100018d6:	d036      	beq.n	10001946 <runtime_init_install_ram_vector_table+0xb2>
100018d8:	00b1      	lsls	r1, r6, #2
100018da:	506a      	str	r2, [r5, r1]
100018dc:	4661      	mov	r1, ip
100018de:	1acc      	subs	r4, r1, r3
100018e0:	18f3      	adds	r3, r6, r3
100018e2:	009b      	lsls	r3, r3, #2
100018e4:	0861      	lsrs	r1, r4, #1
100018e6:	18eb      	adds	r3, r5, r3
100018e8:	00c9      	lsls	r1, r1, #3
100018ea:	18c9      	adds	r1, r1, r3
100018ec:	601a      	str	r2, [r3, #0]
100018ee:	605a      	str	r2, [r3, #4]
100018f0:	3308      	adds	r3, #8
100018f2:	428b      	cmp	r3, r1
100018f4:	d1fa      	bne.n	100018ec <runtime_init_install_ram_vector_table+0x58>
100018f6:	2301      	movs	r3, #1
100018f8:	0021      	movs	r1, r4
100018fa:	4399      	bics	r1, r3
100018fc:	1846      	adds	r6, r0, r1
100018fe:	428c      	cmp	r4, r1
10001900:	d01a      	beq.n	10001938 <runtime_init_install_ram_vector_table+0xa4>
10001902:	1c71      	adds	r1, r6, #1
10001904:	00b3      	lsls	r3, r6, #2
10001906:	50ea      	str	r2, [r5, r3]
10001908:	2930      	cmp	r1, #48	; 0x30
1000190a:	d015      	beq.n	10001938 <runtime_init_install_ram_vector_table+0xa4>
1000190c:	0089      	lsls	r1, r1, #2
1000190e:	506a      	str	r2, [r5, r1]
10001910:	1cb3      	adds	r3, r6, #2
10001912:	2e2e      	cmp	r6, #46	; 0x2e
10001914:	d010      	beq.n	10001938 <runtime_init_install_ram_vector_table+0xa4>
10001916:	009b      	lsls	r3, r3, #2
10001918:	50ea      	str	r2, [r5, r3]
1000191a:	1cf3      	adds	r3, r6, #3
1000191c:	2e2d      	cmp	r6, #45	; 0x2d
1000191e:	d00b      	beq.n	10001938 <runtime_init_install_ram_vector_table+0xa4>
10001920:	009b      	lsls	r3, r3, #2
10001922:	50ea      	str	r2, [r5, r3]
10001924:	1d33      	adds	r3, r6, #4
10001926:	2e2c      	cmp	r6, #44	; 0x2c
10001928:	d006      	beq.n	10001938 <runtime_init_install_ram_vector_table+0xa4>
1000192a:	009b      	lsls	r3, r3, #2
1000192c:	50ea      	str	r2, [r5, r3]
1000192e:	1d73      	adds	r3, r6, #5
10001930:	2e2b      	cmp	r6, #43	; 0x2b
10001932:	d001      	beq.n	10001938 <runtime_init_install_ram_vector_table+0xa4>
10001934:	009b      	lsls	r3, r3, #2
10001936:	50ea      	str	r2, [r5, r3]
10001938:	4b08      	ldr	r3, [pc, #32]	; (1000195c <runtime_init_install_ram_vector_table+0xc8>)
1000193a:	609d      	str	r5, [r3, #8]
1000193c:	bdf8      	pop	{r3, r4, r5, r6, r7, pc}
1000193e:	332f      	adds	r3, #47	; 0x2f
10001940:	1b9b      	subs	r3, r3, r6
10001942:	469c      	mov	ip, r3
10001944:	e7bd      	b.n	100018c2 <runtime_init_install_ram_vector_table+0x2e>
10001946:	0030      	movs	r0, r6
10001948:	e7c8      	b.n	100018dc <runtime_init_install_ram_vector_table+0x48>
1000194a:	46c0      	nop			; (mov r8, r8)
1000194c:	10000100 	.word	0x10000100
10001950:	100001c0 	.word	0x100001c0
10001954:	20000000 	.word	0x20000000
10001958:	100001c1 	.word	0x100001c1
1000195c:	e000ed00 	.word	0xe000ed00

10001960 <runtime_init_clocks>:
10001960:	2300      	movs	r3, #0
10001962:	b510      	push	{r4, lr}
10001964:	4c29      	ldr	r4, [pc, #164]	; (10001a0c <runtime_init_clocks+0xac>)
10001966:	b082      	sub	sp, #8
10001968:	67a3      	str	r3, [r4, #120]	; 0x78
1000196a:	f7ff ff21 	bl	100017b0 <xosc_init>
1000196e:	2201      	movs	r2, #1
10001970:	4b27      	ldr	r3, [pc, #156]	; (10001a10 <runtime_init_clocks+0xb0>)
10001972:	601a      	str	r2, [r3, #0]
10001974:	6c63      	ldr	r3, [r4, #68]	; 0x44
10001976:	2b01      	cmp	r3, #1
10001978:	d1fc      	bne.n	10001974 <runtime_init_clocks+0x14>
1000197a:	2203      	movs	r2, #3
1000197c:	4b25      	ldr	r3, [pc, #148]	; (10001a14 <runtime_init_clocks+0xb4>)
1000197e:	601a      	str	r2, [r3, #0]
10001980:	4a22      	ldr	r2, [pc, #136]	; (10001a0c <runtime_init_clocks+0xac>)
10001982:	6b93      	ldr	r3, [r2, #56]	; 0x38
10001984:	2b01      	cmp	r3, #1
10001986:	d1fc      	bne.n	10001982 <runtime_init_clocks+0x22>
10001988:	3301      	adds	r3, #1
1000198a:	9300      	str	r3, [sp, #0]
1000198c:	2101      	movs	r1, #1
1000198e:	4a22      	ldr	r2, [pc, #136]	; (10001a18 <runtime_init_clocks+0xb8>)
10001990:	4822      	ldr	r0, [pc, #136]	; (10001a1c <runtime_init_clocks+0xbc>)
10001992:	3304      	adds	r3, #4
10001994:	f7ff fe82 	bl	1000169c <pll_init>
10001998:	2305      	movs	r3, #5
1000199a:	2101      	movs	r1, #1
1000199c:	9300      	str	r3, [sp, #0]
1000199e:	4a20      	ldr	r2, [pc, #128]	; (10001a20 <runtime_init_clocks+0xc0>)
100019a0:	4820      	ldr	r0, [pc, #128]	; (10001a24 <runtime_init_clocks+0xc4>)
100019a2:	f7ff fe7b 	bl	1000169c <pll_init>
100019a6:	2200      	movs	r2, #0
100019a8:	2102      	movs	r1, #2
100019aa:	2004      	movs	r0, #4
100019ac:	4b1e      	ldr	r3, [pc, #120]	; (10001a28 <runtime_init_clocks+0xc8>)
100019ae:	f7ff fdfb 	bl	100015a8 <clock_configure_undivided>
100019b2:	2200      	movs	r2, #0
100019b4:	2101      	movs	r1, #1
100019b6:	2005      	movs	r0, #5
100019b8:	4b1c      	ldr	r3, [pc, #112]	; (10001a2c <runtime_init_clocks+0xcc>)
100019ba:	f7ff fdf5 	bl	100015a8 <clock_configure_undivided>
100019be:	2200      	movs	r2, #0
100019c0:	2100      	movs	r1, #0
100019c2:	2007      	movs	r0, #7
100019c4:	4b1a      	ldr	r3, [pc, #104]	; (10001a30 <runtime_init_clocks+0xd0>)
100019c6:	f7ff fdef 	bl	100015a8 <clock_configure_undivided>
100019ca:	2200      	movs	r2, #0
100019cc:	2100      	movs	r1, #0
100019ce:	2008      	movs	r0, #8
100019d0:	4b17      	ldr	r3, [pc, #92]	; (10001a30 <runtime_init_clocks+0xd0>)
100019d2:	f7ff fde9 	bl	100015a8 <clock_configure_undivided>
100019d6:	2380      	movs	r3, #128	; 0x80
100019d8:	00db      	lsls	r3, r3, #3
100019da:	9300      	str	r3, [sp, #0]
100019dc:	2200      	movs	r2, #0
100019de:	2100      	movs	r1, #0
100019e0:	2009      	movs	r0, #9
100019e2:	4b13      	ldr	r3, [pc, #76]	; (10001a30 <runtime_init_clocks+0xd0>)
100019e4:	f7ff fd66 	bl	100014b4 <clock_configure_int_divider>
100019e8:	2200      	movs	r2, #0
100019ea:	4b10      	ldr	r3, [pc, #64]	; (10001a2c <runtime_init_clocks+0xcc>)
100019ec:	2100      	movs	r1, #0
100019ee:	2006      	movs	r0, #6
100019f0:	f7ff fdda 	bl	100015a8 <clock_configure_undivided>
100019f4:	2004      	movs	r0, #4
100019f6:	f7ff fe4b 	bl	10001690 <clock_get_hz>
100019fa:	490e      	ldr	r1, [pc, #56]	; (10001a34 <runtime_init_clocks+0xd4>)
100019fc:	f000 f852 	bl	10001aa4 <__wrap___aeabi_uidiv>
10001a00:	0001      	movs	r1, r0
10001a02:	2000      	movs	r0, #0
10001a04:	f7ff fe9a 	bl	1000173c <tick_start>
10001a08:	b002      	add	sp, #8
10001a0a:	bd10      	pop	{r4, pc}
10001a0c:	40008000 	.word	0x40008000
10001a10:	4000b03c 	.word	0x4000b03c
10001a14:	4000b030 	.word	0x4000b030
10001a18:	59682f00 	.word	0x59682f00
10001a1c:	40028000 	.word	0x40028000
10001a20:	47868c00 	.word	0x47868c00
10001a24:	4002c000 	.word	0x4002c000
10001a28:	00b71b00 	.word	0x00b71b00
10001a2c:	07735940 	.word	0x07735940
10001a30:	02dc6c00 	.word	0x02dc6c00
10001a34:	000f4240 	.word	0x000f4240

10001a38 <__aeabi_bits_init>:
10001a38:	4801      	ldr	r0, [pc, #4]	; (10001a40 <__aeabi_bits_init+0x8>)
10001a3a:	2104      	movs	r1, #4
10001a3c:	4b01      	ldr	r3, [pc, #4]	; (10001a44 <__aeabi_bits_init+0xc>)
10001a3e:	4718      	bx	r3
10001a40:	20000540 	.word	0x20000540
10001a44:	1000176d 	.word	0x1000176d

10001a48 <__wrap___ctzsi2>:
10001a48:	4b01      	ldr	r3, [pc, #4]	; (10001a50 <__wrap___ctzsi2+0x8>)
10001a4a:	689b      	ldr	r3, [r3, #8]
10001a4c:	4718      	bx	r3
10001a4e:	0000      	.short	0x0000
10001a50:	20000540 	.word	0x20000540

10001a54 <__wrap___aeabi_idiv>:
10001a54:	4a12      	ldr	r2, [pc, #72]	; (10001aa0 <divmod_s32s32_savestate+0x18>)
10001a56:	6f93      	ldr	r3, [r2, #120]	; 0x78
10001a58:	089b      	lsrs	r3, r3, #2
10001a5a:	d215      	bcs.n	10001a88 <divmod_s32s32_savestate>

10001a5c <divmod_s32s32_unsafe>:
10001a5c:	6690      	str	r0, [r2, #104]	; 0x68
10001a5e:	66d1      	str	r1, [r2, #108]	; 0x6c
10001a60:	2900      	cmp	r1, #0
10001a62:	d005      	beq.n	10001a70 <divmod_s32s32_unsafe+0x14>
10001a64:	e7ff      	b.n	10001a66 <divmod_s32s32_unsafe+0xa>
10001a66:	e7ff      	b.n	10001a68 <divmod_s32s32_unsafe+0xc>
10001a68:	e7ff      	b.n	10001a6a <divmod_s32s32_unsafe+0xe>
10001a6a:	6f51      	ldr	r1, [r2, #116]	; 0x74
10001a6c:	6f10      	ldr	r0, [r2, #112]	; 0x70
10001a6e:	4770      	bx	lr
10001a70:	b504      	push	{r2, lr}
10001a72:	2180      	movs	r1, #128	; 0x80
10001a74:	0609      	lsls	r1, r1, #24
10001a76:	17c2      	asrs	r2, r0, #31
10001a78:	4051      	eors	r1, r2
10001a7a:	2800      	cmp	r0, #0
10001a7c:	d000      	beq.n	10001a80 <divmod_s32s32_unsafe+0x24>
10001a7e:	43c8      	mvns	r0, r1
10001a80:	f006 f812 	bl	10007aa8 <____aeabi_idiv0_veneer>
10001a84:	2100      	movs	r1, #0
10001a86:	bd04      	pop	{r2, pc}

10001a88 <divmod_s32s32_savestate>:
10001a88:	b5f0      	push	{r4, r5, r6, r7, lr}
10001a8a:	6e14      	ldr	r4, [r2, #96]	; 0x60
10001a8c:	6e55      	ldr	r5, [r2, #100]	; 0x64
10001a8e:	6f57      	ldr	r7, [r2, #116]	; 0x74
10001a90:	6f16      	ldr	r6, [r2, #112]	; 0x70
10001a92:	f7ff ffe3 	bl	10001a5c <divmod_s32s32_unsafe>
10001a96:	6614      	str	r4, [r2, #96]	; 0x60
10001a98:	6655      	str	r5, [r2, #100]	; 0x64
10001a9a:	6757      	str	r7, [r2, #116]	; 0x74
10001a9c:	6716      	str	r6, [r2, #112]	; 0x70
10001a9e:	bdf0      	pop	{r4, r5, r6, r7, pc}
10001aa0:	d0000000 	.word	0xd0000000

10001aa4 <__wrap___aeabi_uidiv>:
10001aa4:	4a11      	ldr	r2, [pc, #68]	; (10001aec <divmod_u32u32_savestate+0x18>)
10001aa6:	6f93      	ldr	r3, [r2, #120]	; 0x78
10001aa8:	089b      	lsrs	r3, r3, #2
10001aaa:	d213      	bcs.n	10001ad4 <divmod_u32u32_savestate>

10001aac <divmod_u32u32_unsafe>:
10001aac:	6610      	str	r0, [r2, #96]	; 0x60
10001aae:	6651      	str	r1, [r2, #100]	; 0x64
10001ab0:	2900      	cmp	r1, #0
10001ab2:	d005      	beq.n	10001ac0 <divmod_u32u32_unsafe+0x14>
10001ab4:	e7ff      	b.n	10001ab6 <divmod_u32u32_unsafe+0xa>
10001ab6:	e7ff      	b.n	10001ab8 <divmod_u32u32_unsafe+0xc>
10001ab8:	e7ff      	b.n	10001aba <divmod_u32u32_unsafe+0xe>
10001aba:	6f51      	ldr	r1, [r2, #116]	; 0x74
10001abc:	6f10      	ldr	r0, [r2, #112]	; 0x70
10001abe:	4770      	bx	lr
10001ac0:	b504      	push	{r2, lr}
10001ac2:	2800      	cmp	r0, #0
10001ac4:	d001      	beq.n	10001aca <divmod_u32u32_unsafe+0x1e>
10001ac6:	2000      	movs	r0, #0
10001ac8:	43c0      	mvns	r0, r0
10001aca:	f005 ffed 	bl	10007aa8 <____aeabi_idiv0_veneer>
10001ace:	2100      	movs	r1, #0
10001ad0:	bd04      	pop	{r2, pc}
10001ad2:	46c0      	nop			; (mov r8, r8)

10001ad4 <divmod_u32u32_savestate>:
10001ad4:	b5f0      	push	{r4, r5, r6, r7, lr}
10001ad6:	6e14      	ldr	r4, [r2, #96]	; 0x60
10001ad8:	6e55      	ldr	r5, [r2, #100]	; 0x64
10001ada:	6f57      	ldr	r7, [r2, #116]	; 0x74
10001adc:	6f16      	ldr	r6, [r2, #112]	; 0x70
10001ade:	f7ff ffe5 	bl	10001aac <divmod_u32u32_unsafe>
10001ae2:	6614      	str	r4, [r2, #96]	; 0x60
10001ae4:	6655      	str	r5, [r2, #100]	; 0x64
10001ae6:	6757      	str	r7, [r2, #116]	; 0x74
10001ae8:	6716      	str	r6, [r2, #112]	; 0x70
10001aea:	bdf0      	pop	{r4, r5, r6, r7, pc}
10001aec:	d0000000 	.word	0xd0000000

10001af0 <__wrap___aeabi_ldivmod>:
10001af0:	4694      	mov	ip, r2
10001af2:	4a4a      	ldr	r2, [pc, #296]	; (10001c1c <udiv0+0x1a>)
10001af4:	6f92      	ldr	r2, [r2, #120]	; 0x78
10001af6:	0892      	lsrs	r2, r2, #2
10001af8:	4662      	mov	r2, ip
10001afa:	d201      	bcs.n	10001b00 <divmod_s64s64_savestate>
10001afc:	e028      	b.n	10001b50 <divmod_s64s64_unsafe>
10001afe:	46c0      	nop			; (mov r8, r8)

10001b00 <divmod_s64s64_savestate>:
10001b00:	b5f0      	push	{r4, r5, r6, r7, lr}
10001b02:	4e46      	ldr	r6, [pc, #280]	; (10001c1c <udiv0+0x1a>)
10001b04:	6e34      	ldr	r4, [r6, #96]	; 0x60
10001b06:	6e75      	ldr	r5, [r6, #100]	; 0x64
10001b08:	6f77      	ldr	r7, [r6, #116]	; 0x74
10001b0a:	6f36      	ldr	r6, [r6, #112]	; 0x70
10001b0c:	f000 f820 	bl	10001b50 <divmod_s64s64_unsafe>
10001b10:	4694      	mov	ip, r2
10001b12:	4a42      	ldr	r2, [pc, #264]	; (10001c1c <udiv0+0x1a>)
10001b14:	6614      	str	r4, [r2, #96]	; 0x60
10001b16:	6655      	str	r5, [r2, #100]	; 0x64
10001b18:	6757      	str	r7, [r2, #116]	; 0x74
10001b1a:	6716      	str	r6, [r2, #112]	; 0x70
10001b1c:	4662      	mov	r2, ip
10001b1e:	bdf0      	pop	{r4, r5, r6, r7, pc}

10001b20 <__wrap___aeabi_uldivmod>:
10001b20:	4694      	mov	ip, r2
10001b22:	4a3e      	ldr	r2, [pc, #248]	; (10001c1c <udiv0+0x1a>)
10001b24:	6f92      	ldr	r2, [r2, #120]	; 0x78
10001b26:	0892      	lsrs	r2, r2, #2
10001b28:	4662      	mov	r2, ip
10001b2a:	d201      	bcs.n	10001b30 <divmod_u64u64_savestate>
10001b2c:	e054      	b.n	10001bd8 <divmod_u64u64_unsafe>
10001b2e:	46c0      	nop			; (mov r8, r8)

10001b30 <divmod_u64u64_savestate>:
10001b30:	b5f0      	push	{r4, r5, r6, r7, lr}
10001b32:	4e3a      	ldr	r6, [pc, #232]	; (10001c1c <udiv0+0x1a>)
10001b34:	6e34      	ldr	r4, [r6, #96]	; 0x60
10001b36:	6e75      	ldr	r5, [r6, #100]	; 0x64
10001b38:	6f77      	ldr	r7, [r6, #116]	; 0x74
10001b3a:	6f36      	ldr	r6, [r6, #112]	; 0x70
10001b3c:	f000 f84c 	bl	10001bd8 <divmod_u64u64_unsafe>
10001b40:	4694      	mov	ip, r2
10001b42:	4a36      	ldr	r2, [pc, #216]	; (10001c1c <udiv0+0x1a>)
10001b44:	6614      	str	r4, [r2, #96]	; 0x60
10001b46:	6655      	str	r5, [r2, #100]	; 0x64
10001b48:	6757      	str	r7, [r2, #116]	; 0x74
10001b4a:	6716      	str	r6, [r2, #112]	; 0x70
10001b4c:	4662      	mov	r2, ip
10001b4e:	bdf0      	pop	{r4, r5, r6, r7, pc}

10001b50 <divmod_s64s64_unsafe>:
10001b50:	2b00      	cmp	r3, #0
10001b52:	db24      	blt.n	10001b9e <l42_1+0x26>
10001b54:	d011      	beq.n	10001b7a <l42_1+0x2>
10001b56:	2900      	cmp	r1, #0
10001b58:	da3e      	bge.n	10001bd8 <divmod_u64u64_unsafe>
10001b5a:	b500      	push	{lr}
10001b5c:	43c9      	mvns	r1, r1
10001b5e:	4240      	negs	r0, r0
10001b60:	d100      	bne.n	10001b64 <l40_1>
10001b62:	3101      	adds	r1, #1

10001b64 <l40_1>:
10001b64:	f000 f838 	bl	10001bd8 <divmod_u64u64_unsafe>
10001b68:	43c9      	mvns	r1, r1
10001b6a:	4240      	negs	r0, r0
10001b6c:	d100      	bne.n	10001b70 <l41_1>
10001b6e:	3101      	adds	r1, #1

10001b70 <l41_1>:
10001b70:	43db      	mvns	r3, r3
10001b72:	4252      	negs	r2, r2
10001b74:	d100      	bne.n	10001b78 <l42_1>
10001b76:	3301      	adds	r3, #1

10001b78 <l42_1>:
10001b78:	bd00      	pop	{pc}
10001b7a:	2a00      	cmp	r2, #0
10001b7c:	d1eb      	bne.n	10001b56 <divmod_s64s64_unsafe+0x6>
10001b7e:	2800      	cmp	r0, #0
10001b80:	d101      	bne.n	10001b86 <l42_1+0xe>
10001b82:	2900      	cmp	r1, #0
10001b84:	d005      	beq.n	10001b92 <l42_1+0x1a>
10001b86:	2000      	movs	r0, #0
10001b88:	0fc9      	lsrs	r1, r1, #31
10001b8a:	07c9      	lsls	r1, r1, #31
10001b8c:	d101      	bne.n	10001b92 <l42_1+0x1a>
10001b8e:	43c0      	mvns	r0, r0
10001b90:	0841      	lsrs	r1, r0, #1
10001b92:	b500      	push	{lr}
10001b94:	f005 ff78 	bl	10007a88 <____aeabi_ldiv0_veneer>
10001b98:	2200      	movs	r2, #0
10001b9a:	2300      	movs	r3, #0
10001b9c:	bd00      	pop	{pc}
10001b9e:	b500      	push	{lr}
10001ba0:	2900      	cmp	r1, #0
10001ba2:	db0a      	blt.n	10001bba <l44_1+0x2>
10001ba4:	43db      	mvns	r3, r3
10001ba6:	4252      	negs	r2, r2
10001ba8:	d100      	bne.n	10001bac <l43_1>
10001baa:	3301      	adds	r3, #1

10001bac <l43_1>:
10001bac:	f000 f814 	bl	10001bd8 <divmod_u64u64_unsafe>
10001bb0:	43c9      	mvns	r1, r1
10001bb2:	4240      	negs	r0, r0
10001bb4:	d100      	bne.n	10001bb8 <l44_1>
10001bb6:	3101      	adds	r1, #1

10001bb8 <l44_1>:
10001bb8:	bd00      	pop	{pc}
10001bba:	43c9      	mvns	r1, r1
10001bbc:	4240      	negs	r0, r0
10001bbe:	d100      	bne.n	10001bc2 <l45_1>
10001bc0:	3101      	adds	r1, #1

10001bc2 <l45_1>:
10001bc2:	43db      	mvns	r3, r3
10001bc4:	4252      	negs	r2, r2
10001bc6:	d100      	bne.n	10001bca <l46_1>
10001bc8:	3301      	adds	r3, #1

10001bca <l46_1>:
10001bca:	f000 f805 	bl	10001bd8 <divmod_u64u64_unsafe>
10001bce:	43db      	mvns	r3, r3
10001bd0:	4252      	negs	r2, r2
10001bd2:	d100      	bne.n	10001bd6 <l47_1>
10001bd4:	3301      	adds	r3, #1

10001bd6 <l47_1>:
10001bd6:	bd00      	pop	{pc}

10001bd8 <divmod_u64u64_unsafe>:
10001bd8:	2900      	cmp	r1, #0
10001bda:	d123      	bne.n	10001c24 <y64>
10001bdc:	2b00      	cmp	r3, #0
10001bde:	d118      	bne.n	10001c12 <udiv0+0x10>
10001be0:	2a00      	cmp	r2, #0
10001be2:	d00c      	beq.n	10001bfe <divmod_u64u64_unsafe+0x26>
10001be4:	46bc      	mov	ip, r7
10001be6:	4f0d      	ldr	r7, [pc, #52]	; (10001c1c <udiv0+0x1a>)
10001be8:	6638      	str	r0, [r7, #96]	; 0x60
10001bea:	667a      	str	r2, [r7, #100]	; 0x64
10001bec:	2100      	movs	r1, #0
10001bee:	2300      	movs	r3, #0
10001bf0:	e7ff      	b.n	10001bf2 <divmod_u64u64_unsafe+0x1a>
10001bf2:	e7ff      	b.n	10001bf4 <divmod_u64u64_unsafe+0x1c>
10001bf4:	e7ff      	b.n	10001bf6 <divmod_u64u64_unsafe+0x1e>
10001bf6:	6f7a      	ldr	r2, [r7, #116]	; 0x74
10001bf8:	6f38      	ldr	r0, [r7, #112]	; 0x70
10001bfa:	4667      	mov	r7, ip
10001bfc:	4770      	bx	lr
10001bfe:	2800      	cmp	r0, #0
10001c00:	d001      	beq.n	10001c06 <udiv0+0x4>

10001c02 <udiv0>:
10001c02:	4807      	ldr	r0, [pc, #28]	; (10001c20 <udiv0+0x1e>)
10001c04:	0001      	movs	r1, r0
10001c06:	b500      	push	{lr}
10001c08:	f005 ff3e 	bl	10007a88 <____aeabi_ldiv0_veneer>
10001c0c:	2200      	movs	r2, #0
10001c0e:	2300      	movs	r3, #0
10001c10:	bd00      	pop	{pc}
10001c12:	0002      	movs	r2, r0
10001c14:	000b      	movs	r3, r1
10001c16:	2000      	movs	r0, #0
10001c18:	2100      	movs	r1, #0
10001c1a:	4770      	bx	lr
10001c1c:	d0000000 	.word	0xd0000000
10001c20:	ffffffff 	.word	0xffffffff

10001c24 <y64>:
10001c24:	2b00      	cmp	r3, #0
10001c26:	d000      	beq.n	10001c2a <y64+0x6>
10001c28:	e0bf      	b.n	10001daa <y64_x48>
10001c2a:	0c13      	lsrs	r3, r2, #16
10001c2c:	d128      	bne.n	10001c80 <y64_x32>
10001c2e:	2a00      	cmp	r2, #0
10001c30:	d0e7      	beq.n	10001c02 <udiv0>
10001c32:	b480      	push	{r7}
10001c34:	4f11      	ldr	r7, [pc, #68]	; (10001c7c <y64+0x58>)
10001c36:	6639      	str	r1, [r7, #96]	; 0x60
10001c38:	667a      	str	r2, [r7, #100]	; 0x64
10001c3a:	e7ff      	b.n	10001c3c <y64+0x18>
10001c3c:	e7ff      	b.n	10001c3e <y64+0x1a>
10001c3e:	b430      	push	{r4, r5}
10001c40:	0c04      	lsrs	r4, r0, #16
10001c42:	6f7b      	ldr	r3, [r7, #116]	; 0x74
10001c44:	6f39      	ldr	r1, [r7, #112]	; 0x70
10001c46:	041b      	lsls	r3, r3, #16
10001c48:	4323      	orrs	r3, r4
10001c4a:	663b      	str	r3, [r7, #96]	; 0x60
10001c4c:	667a      	str	r2, [r7, #100]	; 0x64
10001c4e:	e7ff      	b.n	10001c50 <y64+0x2c>
10001c50:	e7ff      	b.n	10001c52 <y64+0x2e>
10001c52:	e7ff      	b.n	10001c54 <y64+0x30>
10001c54:	46c0      	nop			; (mov r8, r8)
10001c56:	b284      	uxth	r4, r0
10001c58:	6f7b      	ldr	r3, [r7, #116]	; 0x74
10001c5a:	6f3d      	ldr	r5, [r7, #112]	; 0x70
10001c5c:	041b      	lsls	r3, r3, #16
10001c5e:	4323      	orrs	r3, r4
10001c60:	663b      	str	r3, [r7, #96]	; 0x60
10001c62:	667a      	str	r2, [r7, #100]	; 0x64
10001c64:	e7ff      	b.n	10001c66 <y64+0x42>
10001c66:	e7ff      	b.n	10001c68 <y64+0x44>
10001c68:	46c0      	nop			; (mov r8, r8)
10001c6a:	2300      	movs	r3, #0
10001c6c:	042c      	lsls	r4, r5, #16
10001c6e:	0c2d      	lsrs	r5, r5, #16
10001c70:	6f7a      	ldr	r2, [r7, #116]	; 0x74
10001c72:	6f38      	ldr	r0, [r7, #112]	; 0x70
10001c74:	1900      	adds	r0, r0, r4
10001c76:	4169      	adcs	r1, r5
10001c78:	bcb0      	pop	{r4, r5, r7}
10001c7a:	4770      	bx	lr
10001c7c:	d0000000 	.word	0xd0000000

10001c80 <y64_x32>:
10001c80:	b5f0      	push	{r4, r5, r6, r7, lr}
10001c82:	4694      	mov	ip, r2
10001c84:	2500      	movs	r5, #0
10001c86:	0e14      	lsrs	r4, r2, #24
10001c88:	d101      	bne.n	10001c8e <y64_x32+0xe>
10001c8a:	0212      	lsls	r2, r2, #8
10001c8c:	3508      	adds	r5, #8
10001c8e:	0f14      	lsrs	r4, r2, #28
10001c90:	d101      	bne.n	10001c96 <y64_x32+0x16>
10001c92:	0112      	lsls	r2, r2, #4
10001c94:	3504      	adds	r5, #4
10001c96:	0f94      	lsrs	r4, r2, #30
10001c98:	d101      	bne.n	10001c9e <y64_x32+0x1e>
10001c9a:	0092      	lsls	r2, r2, #2
10001c9c:	3502      	adds	r5, #2
10001c9e:	0fd4      	lsrs	r4, r2, #31
10001ca0:	d101      	bne.n	10001ca6 <y64_x32+0x26>
10001ca2:	0052      	lsls	r2, r2, #1
10001ca4:	3501      	adds	r5, #1
10001ca6:	0bd4      	lsrs	r4, r2, #15
10001ca8:	3401      	adds	r4, #1
10001caa:	4f25      	ldr	r7, [pc, #148]	; (10001d40 <y64_x32+0xc0>)
10001cac:	667c      	str	r4, [r7, #100]	; 0x64
10001cae:	4c25      	ldr	r4, [pc, #148]	; (10001d44 <y64_x32+0xc4>)
10001cb0:	663c      	str	r4, [r7, #96]	; 0x60
10001cb2:	0c0e      	lsrs	r6, r1, #16
10001cb4:	b293      	uxth	r3, r2
10001cb6:	e7ff      	b.n	10001cb8 <y64_x32+0x38>
10001cb8:	e7ff      	b.n	10001cba <y64_x32+0x3a>
10001cba:	e7ff      	b.n	10001cbc <y64_x32+0x3c>
10001cbc:	6f3c      	ldr	r4, [r7, #112]	; 0x70
10001cbe:	4366      	muls	r6, r4
10001cc0:	0c36      	lsrs	r6, r6, #16
10001cc2:	0377      	lsls	r7, r6, #13
10001cc4:	46be      	mov	lr, r7
10001cc6:	4373      	muls	r3, r6
10001cc8:	0bdf      	lsrs	r7, r3, #15
10001cca:	045b      	lsls	r3, r3, #17
10001ccc:	1ac0      	subs	r0, r0, r3
10001cce:	41b9      	sbcs	r1, r7
10001cd0:	0c13      	lsrs	r3, r2, #16
10001cd2:	4373      	muls	r3, r6
10001cd4:	18db      	adds	r3, r3, r3
10001cd6:	1ac9      	subs	r1, r1, r3
10001cd8:	08ce      	lsrs	r6, r1, #3
10001cda:	4366      	muls	r6, r4
10001cdc:	0c36      	lsrs	r6, r6, #16
10001cde:	44b6      	add	lr, r6
10001ce0:	b293      	uxth	r3, r2
10001ce2:	4373      	muls	r3, r6
10001ce4:	0f1f      	lsrs	r7, r3, #28
10001ce6:	011b      	lsls	r3, r3, #4
10001ce8:	1ac0      	subs	r0, r0, r3
10001cea:	41b9      	sbcs	r1, r7
10001cec:	0c13      	lsrs	r3, r2, #16
10001cee:	4373      	muls	r3, r6
10001cf0:	0b1f      	lsrs	r7, r3, #12
10001cf2:	051b      	lsls	r3, r3, #20
10001cf4:	1ac0      	subs	r0, r0, r3
10001cf6:	41b9      	sbcs	r1, r7
10001cf8:	0d86      	lsrs	r6, r0, #22
10001cfa:	028f      	lsls	r7, r1, #10
10001cfc:	433e      	orrs	r6, r7
10001cfe:	4366      	muls	r6, r4
10001d00:	0c36      	lsrs	r6, r6, #16
10001d02:	2d09      	cmp	r5, #9
10001d04:	db24      	blt.n	10001d50 <last0>
10001d06:	0a52      	lsrs	r2, r2, #9
10001d08:	4372      	muls	r2, r6
10001d0a:	1a80      	subs	r0, r0, r2
10001d0c:	0377      	lsls	r7, r6, #13
10001d0e:	0a46      	lsrs	r6, r0, #9
10001d10:	4366      	muls	r6, r4
10001d12:	0c36      	lsrs	r6, r6, #16
10001d14:	2316      	movs	r3, #22
10001d16:	1b5b      	subs	r3, r3, r5
10001d18:	40de      	lsrs	r6, r3
10001d1a:	40df      	lsrs	r7, r3
10001d1c:	19bf      	adds	r7, r7, r6
10001d1e:	4664      	mov	r4, ip
10001d20:	4366      	muls	r6, r4
10001d22:	1b82      	subs	r2, r0, r6
10001d24:	4670      	mov	r0, lr
10001d26:	3504      	adds	r5, #4
10001d28:	3306      	adds	r3, #6
10001d2a:	0001      	movs	r1, r0
10001d2c:	40d9      	lsrs	r1, r3
10001d2e:	40a8      	lsls	r0, r5
10001d30:	19c0      	adds	r0, r0, r7
10001d32:	d300      	bcc.n	10001d36 <y64_x32+0xb6>
10001d34:	3101      	adds	r1, #1
10001d36:	42a2      	cmp	r2, r4
10001d38:	d206      	bcs.n	10001d48 <y64_x32+0xc8>
10001d3a:	2300      	movs	r3, #0
10001d3c:	bdf0      	pop	{r4, r5, r6, r7, pc}
10001d3e:	0000      	.short	0x0000
10001d40:	d0000000 	.word	0xd0000000
10001d44:	ffffffff 	.word	0xffffffff
10001d48:	1b12      	subs	r2, r2, r4
10001d4a:	3001      	adds	r0, #1
10001d4c:	d3f3      	bcc.n	10001d36 <y64_x32+0xb6>
10001d4e:	e7f1      	b.n	10001d34 <y64_x32+0xb4>

10001d50 <last0>:
10001d50:	2709      	movs	r7, #9
10001d52:	1b7f      	subs	r7, r7, r5
10001d54:	40fe      	lsrs	r6, r7
10001d56:	4664      	mov	r4, ip
10001d58:	b2a2      	uxth	r2, r4
10001d5a:	4372      	muls	r2, r6
10001d5c:	1a80      	subs	r0, r0, r2
10001d5e:	d200      	bcs.n	10001d62 <last0+0x12>
10001d60:	3901      	subs	r1, #1
10001d62:	0c22      	lsrs	r2, r4, #16
10001d64:	4372      	muls	r2, r6
10001d66:	0c13      	lsrs	r3, r2, #16
10001d68:	0412      	lsls	r2, r2, #16
10001d6a:	1a82      	subs	r2, r0, r2
10001d6c:	4199      	sbcs	r1, r3
10001d6e:	000b      	movs	r3, r1
10001d70:	4670      	mov	r0, lr
10001d72:	3504      	adds	r5, #4
10001d74:	3713      	adds	r7, #19
10001d76:	0001      	movs	r1, r0
10001d78:	40f9      	lsrs	r1, r7
10001d7a:	40a8      	lsls	r0, r5
10001d7c:	1980      	adds	r0, r0, r6
10001d7e:	d300      	bcc.n	10001d82 <last0+0x32>
10001d80:	3101      	adds	r1, #1
10001d82:	2b00      	cmp	r3, #0
10001d84:	d102      	bne.n	10001d8c <last0+0x3c>
10001d86:	42a2      	cmp	r2, r4
10001d88:	d20a      	bcs.n	10001da0 <last0+0x50>
10001d8a:	bdf0      	pop	{r4, r5, r6, r7, pc}
10001d8c:	3001      	adds	r0, #1
10001d8e:	d300      	bcc.n	10001d92 <last0+0x42>
10001d90:	3101      	adds	r1, #1
10001d92:	1b12      	subs	r2, r2, r4
10001d94:	d2fa      	bcs.n	10001d8c <last0+0x3c>
10001d96:	3b01      	subs	r3, #1
10001d98:	d1f8      	bne.n	10001d8c <last0+0x3c>
10001d9a:	42a2      	cmp	r2, r4
10001d9c:	d200      	bcs.n	10001da0 <last0+0x50>
10001d9e:	bdf0      	pop	{r4, r5, r6, r7, pc}
10001da0:	3001      	adds	r0, #1
10001da2:	d300      	bcc.n	10001da6 <last0+0x56>
10001da4:	3101      	adds	r1, #1
10001da6:	1b12      	subs	r2, r2, r4
10001da8:	e7f7      	b.n	10001d9a <last0+0x4a>

10001daa <y64_x48>:
10001daa:	b5f0      	push	{r4, r5, r6, r7, lr}
10001dac:	0c1c      	lsrs	r4, r3, #16
10001dae:	d000      	beq.n	10001db2 <y64_x48+0x8>
10001db0:	e080      	b.n	10001eb4 <y64_x64>
10001db2:	b40c      	push	{r2, r3}
10001db4:	2500      	movs	r5, #0
10001db6:	0a1c      	lsrs	r4, r3, #8
10001db8:	d104      	bne.n	10001dc4 <y64_x48+0x1a>
10001dba:	021b      	lsls	r3, r3, #8
10001dbc:	0e16      	lsrs	r6, r2, #24
10001dbe:	4333      	orrs	r3, r6
10001dc0:	0212      	lsls	r2, r2, #8
10001dc2:	3508      	adds	r5, #8
10001dc4:	0b1c      	lsrs	r4, r3, #12
10001dc6:	d104      	bne.n	10001dd2 <y64_x48+0x28>
10001dc8:	011b      	lsls	r3, r3, #4
10001dca:	0f16      	lsrs	r6, r2, #28
10001dcc:	4333      	orrs	r3, r6
10001dce:	0112      	lsls	r2, r2, #4
10001dd0:	3504      	adds	r5, #4
10001dd2:	0b9c      	lsrs	r4, r3, #14
10001dd4:	d104      	bne.n	10001de0 <y64_x48+0x36>
10001dd6:	009b      	lsls	r3, r3, #2
10001dd8:	0f96      	lsrs	r6, r2, #30
10001dda:	4333      	orrs	r3, r6
10001ddc:	0092      	lsls	r2, r2, #2
10001dde:	3502      	adds	r5, #2
10001de0:	0bdc      	lsrs	r4, r3, #15
10001de2:	d102      	bne.n	10001dea <y64_x48+0x40>
10001de4:	1892      	adds	r2, r2, r2
10001de6:	415b      	adcs	r3, r3
10001de8:	3501      	adds	r5, #1
10001dea:	001c      	movs	r4, r3
10001dec:	1897      	adds	r7, r2, r2
10001dee:	4164      	adcs	r4, r4
10001df0:	3401      	adds	r4, #1
10001df2:	4f46      	ldr	r7, [pc, #280]	; (10001f0c <y64_x64+0x58>)
10001df4:	667c      	str	r4, [r7, #100]	; 0x64
10001df6:	4c46      	ldr	r4, [pc, #280]	; (10001f10 <y64_x64+0x5c>)
10001df8:	663c      	str	r4, [r7, #96]	; 0x60
10001dfa:	0c0e      	lsrs	r6, r1, #16
10001dfc:	e7ff      	b.n	10001dfe <y64_x48+0x54>
10001dfe:	e7ff      	b.n	10001e00 <y64_x48+0x56>
10001e00:	e7ff      	b.n	10001e02 <y64_x48+0x58>
10001e02:	46c0      	nop			; (mov r8, r8)
10001e04:	6f3c      	ldr	r4, [r7, #112]	; 0x70
10001e06:	4366      	muls	r6, r4
10001e08:	0c36      	lsrs	r6, r6, #16
10001e0a:	0377      	lsls	r7, r6, #13
10001e0c:	46be      	mov	lr, r7
10001e0e:	b297      	uxth	r7, r2
10001e10:	4377      	muls	r7, r6
10001e12:	1bc0      	subs	r0, r0, r7
10001e14:	d200      	bcs.n	10001e18 <y64_x48+0x6e>
10001e16:	3901      	subs	r1, #1
10001e18:	1bc0      	subs	r0, r0, r7
10001e1a:	d200      	bcs.n	10001e1e <y64_x48+0x74>
10001e1c:	3901      	subs	r1, #1
10001e1e:	b29f      	uxth	r7, r3
10001e20:	4377      	muls	r7, r6
10001e22:	1bc9      	subs	r1, r1, r7
10001e24:	1bc9      	subs	r1, r1, r7
10001e26:	0c17      	lsrs	r7, r2, #16
10001e28:	4377      	muls	r7, r6
10001e2a:	047e      	lsls	r6, r7, #17
10001e2c:	0bff      	lsrs	r7, r7, #15
10001e2e:	1b80      	subs	r0, r0, r6
10001e30:	41b9      	sbcs	r1, r7
10001e32:	08ce      	lsrs	r6, r1, #3
10001e34:	4366      	muls	r6, r4
10001e36:	0c36      	lsrs	r6, r6, #16
10001e38:	2d0c      	cmp	r5, #12
10001e3a:	db33      	blt.n	10001ea4 <last1>
10001e3c:	44b6      	add	lr, r6
10001e3e:	0b12      	lsrs	r2, r2, #12
10001e40:	051f      	lsls	r7, r3, #20
10001e42:	433a      	orrs	r2, r7
10001e44:	0b1b      	lsrs	r3, r3, #12
10001e46:	b297      	uxth	r7, r2
10001e48:	4377      	muls	r7, r6
10001e4a:	1bc0      	subs	r0, r0, r7
10001e4c:	d200      	bcs.n	10001e50 <y64_x48+0xa6>
10001e4e:	3901      	subs	r1, #1
10001e50:	b29f      	uxth	r7, r3
10001e52:	4377      	muls	r7, r6
10001e54:	1bc9      	subs	r1, r1, r7
10001e56:	0c17      	lsrs	r7, r2, #16
10001e58:	4377      	muls	r7, r6
10001e5a:	043e      	lsls	r6, r7, #16
10001e5c:	0c3f      	lsrs	r7, r7, #16
10001e5e:	1b80      	subs	r0, r0, r6
10001e60:	41b9      	sbcs	r1, r7
10001e62:	0d86      	lsrs	r6, r0, #22
10001e64:	028f      	lsls	r7, r1, #10
10001e66:	433e      	orrs	r6, r7
10001e68:	4366      	muls	r6, r4
10001e6a:	2729      	movs	r7, #41	; 0x29
10001e6c:	1b7f      	subs	r7, r7, r5
10001e6e:	40fe      	lsrs	r6, r7
10001e70:	3d0c      	subs	r5, #12
10001e72:	4677      	mov	r7, lr
10001e74:	40af      	lsls	r7, r5
10001e76:	19bf      	adds	r7, r7, r6
10001e78:	bc30      	pop	{r4, r5}
10001e7a:	b2a2      	uxth	r2, r4
10001e7c:	b2ab      	uxth	r3, r5
10001e7e:	4372      	muls	r2, r6
10001e80:	4373      	muls	r3, r6
10001e82:	1a80      	subs	r0, r0, r2
10001e84:	4199      	sbcs	r1, r3
10001e86:	0c22      	lsrs	r2, r4, #16
10001e88:	4372      	muls	r2, r6
10001e8a:	0c13      	lsrs	r3, r2, #16
10001e8c:	0412      	lsls	r2, r2, #16
10001e8e:	1a80      	subs	r0, r0, r2
10001e90:	4199      	sbcs	r1, r3
10001e92:	0002      	movs	r2, r0
10001e94:	000b      	movs	r3, r1
10001e96:	3701      	adds	r7, #1
10001e98:	1b00      	subs	r0, r0, r4
10001e9a:	41a9      	sbcs	r1, r5
10001e9c:	d2f9      	bcs.n	10001e92 <y64_x48+0xe8>
10001e9e:	1e78      	subs	r0, r7, #1
10001ea0:	2100      	movs	r1, #0
10001ea2:	bdf0      	pop	{r4, r5, r6, r7, pc}

10001ea4 <last1>:
10001ea4:	270c      	movs	r7, #12
10001ea6:	1b7f      	subs	r7, r7, r5
10001ea8:	40fe      	lsrs	r6, r7
10001eaa:	4677      	mov	r7, lr
10001eac:	0b7f      	lsrs	r7, r7, #13
10001eae:	40af      	lsls	r7, r5
10001eb0:	19ff      	adds	r7, r7, r7
10001eb2:	e7e0      	b.n	10001e76 <y64_x48+0xcc>

10001eb4 <y64_x64>:
10001eb4:	2400      	movs	r4, #0
10001eb6:	1c5d      	adds	r5, r3, #1
10001eb8:	d007      	beq.n	10001eca <y64_x64+0x16>
10001eba:	4f14      	ldr	r7, [pc, #80]	; (10001f0c <y64_x64+0x58>)
10001ebc:	667d      	str	r5, [r7, #100]	; 0x64
10001ebe:	6639      	str	r1, [r7, #96]	; 0x60
10001ec0:	e7ff      	b.n	10001ec2 <y64_x64+0xe>
10001ec2:	e7ff      	b.n	10001ec4 <y64_x64+0x10>
10001ec4:	e7ff      	b.n	10001ec6 <y64_x64+0x12>
10001ec6:	e7ff      	b.n	10001ec8 <y64_x64+0x14>
10001ec8:	6f3c      	ldr	r4, [r7, #112]	; 0x70
10001eca:	b295      	uxth	r5, r2
10001ecc:	b29e      	uxth	r6, r3
10001ece:	4365      	muls	r5, r4
10001ed0:	4366      	muls	r6, r4
10001ed2:	1b40      	subs	r0, r0, r5
10001ed4:	41b1      	sbcs	r1, r6
10001ed6:	0c15      	lsrs	r5, r2, #16
10001ed8:	0c1e      	lsrs	r6, r3, #16
10001eda:	4365      	muls	r5, r4
10001edc:	4366      	muls	r6, r4
10001ede:	0436      	lsls	r6, r6, #16
10001ee0:	0c2f      	lsrs	r7, r5, #16
10001ee2:	433e      	orrs	r6, r7
10001ee4:	042d      	lsls	r5, r5, #16
10001ee6:	1b40      	subs	r0, r0, r5
10001ee8:	41b1      	sbcs	r1, r6
10001eea:	4299      	cmp	r1, r3
10001eec:	d204      	bcs.n	10001ef8 <y64_x64+0x44>
10001eee:	0002      	movs	r2, r0
10001ef0:	000b      	movs	r3, r1
10001ef2:	0020      	movs	r0, r4
10001ef4:	2100      	movs	r1, #0
10001ef6:	bdf0      	pop	{r4, r5, r6, r7, pc}
10001ef8:	d101      	bne.n	10001efe <y64_x64+0x4a>
10001efa:	4290      	cmp	r0, r2
10001efc:	d3f7      	bcc.n	10001eee <y64_x64+0x3a>
10001efe:	1a80      	subs	r0, r0, r2
10001f00:	4199      	sbcs	r1, r3
10001f02:	3401      	adds	r4, #1
10001f04:	4299      	cmp	r1, r3
10001f06:	d3f2      	bcc.n	10001eee <y64_x64+0x3a>
10001f08:	e7f6      	b.n	10001ef8 <y64_x64+0x44>
10001f0a:	0000      	.short	0x0000
10001f0c:	d0000000 	.word	0xd0000000
10001f10:	ffffffff 	.word	0xffffffff

10001f14 <__wrap___aeabi_drsub>:
10001f14:	4048      	eors	r0, r1
10001f16:	4041      	eors	r1, r0
10001f18:	4048      	eors	r0, r1

10001f1a <__wrap___aeabi_dsub>:
10001f1a:	b418      	push	{r3, r4}
10001f1c:	4b13      	ldr	r3, [pc, #76]	; (10001f6c <__wrap___aeabi_dmul+0xa>)
10001f1e:	685b      	ldr	r3, [r3, #4]
10001f20:	9301      	str	r3, [sp, #4]
10001f22:	bd08      	pop	{r3, pc}

10001f24 <__wrap___aeabi_dadd>:
10001f24:	b418      	push	{r3, r4}
10001f26:	4b11      	ldr	r3, [pc, #68]	; (10001f6c <__wrap___aeabi_dmul+0xa>)
10001f28:	681b      	ldr	r3, [r3, #0]
10001f2a:	9301      	str	r3, [sp, #4]
10001f2c:	bd08      	pop	{r3, pc}

10001f2e <__wrap___aeabi_ddiv>:
10001f2e:	4694      	mov	ip, r2
10001f30:	4a0f      	ldr	r2, [pc, #60]	; (10001f70 <__wrap___aeabi_dmul+0xe>)
10001f32:	6f92      	ldr	r2, [r2, #120]	; 0x78
10001f34:	0892      	lsrs	r2, r2, #2
10001f36:	d205      	bcs.n	10001f44 <ddiv_save_state>
10001f38:	4662      	mov	r2, ip

10001f3a <ddiv_shim_call>:
10001f3a:	b418      	push	{r3, r4}
10001f3c:	4b0b      	ldr	r3, [pc, #44]	; (10001f6c <__wrap___aeabi_dmul+0xa>)
10001f3e:	68db      	ldr	r3, [r3, #12]
10001f40:	9301      	str	r3, [sp, #4]
10001f42:	bd08      	pop	{r3, pc}

10001f44 <ddiv_save_state>:
10001f44:	4a0a      	ldr	r2, [pc, #40]	; (10001f70 <__wrap___aeabi_dmul+0xe>)
10001f46:	b5f0      	push	{r4, r5, r6, r7, lr}
10001f48:	6e14      	ldr	r4, [r2, #96]	; 0x60
10001f4a:	6e55      	ldr	r5, [r2, #100]	; 0x64
10001f4c:	6f57      	ldr	r7, [r2, #116]	; 0x74
10001f4e:	6f16      	ldr	r6, [r2, #112]	; 0x70
10001f50:	4662      	mov	r2, ip
10001f52:	f7ff fff2 	bl	10001f3a <ddiv_shim_call>
10001f56:	4a06      	ldr	r2, [pc, #24]	; (10001f70 <__wrap___aeabi_dmul+0xe>)
10001f58:	6614      	str	r4, [r2, #96]	; 0x60
10001f5a:	6655      	str	r5, [r2, #100]	; 0x64
10001f5c:	6757      	str	r7, [r2, #116]	; 0x74
10001f5e:	6716      	str	r6, [r2, #112]	; 0x70
10001f60:	bdf0      	pop	{r4, r5, r6, r7, pc}

10001f62 <__wrap___aeabi_dmul>:
10001f62:	b418      	push	{r3, r4}
10001f64:	4b01      	ldr	r3, [pc, #4]	; (10001f6c <__wrap___aeabi_dmul+0xa>)
10001f66:	689b      	ldr	r3, [r3, #8]
10001f68:	9301      	str	r3, [sp, #4]
10001f6a:	bd08      	pop	{r3, pc}
10001f6c:	20000758 	.word	0x20000758
10001f70:	d0000000 	.word	0xd0000000

10001f74 <__wrap___aeabi_cdrcmple>:
10001f74:	b5ff      	push	{r0, r1, r2, r3, r4, r5, r6, r7, lr}
10001f76:	4050      	eors	r0, r2
10001f78:	4042      	eors	r2, r0
10001f7a:	4050      	eors	r0, r2
10001f7c:	4059      	eors	r1, r3
10001f7e:	404b      	eors	r3, r1
10001f80:	4059      	eors	r1, r3
10001f82:	e000      	b.n	10001f86 <__aeabi_dfcmple_guts>

10001f84 <__wrap___aeabi_cdcmpeq>:
10001f84:	b5ff      	push	{r0, r1, r2, r3, r4, r5, r6, r7, lr}

10001f86 <__aeabi_dfcmple_guts>:
10001f86:	4f15      	ldr	r7, [pc, #84]	; (10001fdc <__aeabi_dfcmple_guts+0x56>)
10001f88:	004c      	lsls	r4, r1, #1
10001f8a:	0d64      	lsrs	r4, r4, #21
10001f8c:	d003      	beq.n	10001f96 <__aeabi_dfcmple_guts+0x10>
10001f8e:	42bc      	cmp	r4, r7
10001f90:	d104      	bne.n	10001f9c <__aeabi_dfcmple_guts+0x16>
10001f92:	030c      	lsls	r4, r1, #12
10001f94:	d814      	bhi.n	10001fc0 <__aeabi_dfcmple_guts+0x3a>
10001f96:	2000      	movs	r0, #0
10001f98:	0d09      	lsrs	r1, r1, #20
10001f9a:	0509      	lsls	r1, r1, #20
10001f9c:	005c      	lsls	r4, r3, #1
10001f9e:	0d64      	lsrs	r4, r4, #21
10001fa0:	d003      	beq.n	10001faa <__aeabi_dfcmple_guts+0x24>
10001fa2:	42bc      	cmp	r4, r7
10001fa4:	d104      	bne.n	10001fb0 <__aeabi_dfcmple_guts+0x2a>
10001fa6:	031c      	lsls	r4, r3, #12
10001fa8:	d80a      	bhi.n	10001fc0 <__aeabi_dfcmple_guts+0x3a>
10001faa:	2200      	movs	r2, #0
10001fac:	0d1b      	lsrs	r3, r3, #20
10001fae:	051b      	lsls	r3, r3, #20
10001fb0:	2601      	movs	r6, #1
10001fb2:	404b      	eors	r3, r1
10001fb4:	d409      	bmi.n	10001fca <__aeabi_dfcmple_guts+0x44>
10001fb6:	404b      	eors	r3, r1
10001fb8:	d503      	bpl.n	10001fc2 <__aeabi_dfcmple_guts+0x3c>
10001fba:	428b      	cmp	r3, r1
10001fbc:	d100      	bne.n	10001fc0 <__aeabi_dfcmple_guts+0x3a>
10001fbe:	4282      	cmp	r2, r0
10001fc0:	bdff      	pop	{r0, r1, r2, r3, r4, r5, r6, r7, pc}
10001fc2:	4299      	cmp	r1, r3
10001fc4:	d1fc      	bne.n	10001fc0 <__aeabi_dfcmple_guts+0x3a>
10001fc6:	4290      	cmp	r0, r2
10001fc8:	bdff      	pop	{r0, r1, r2, r3, r4, r5, r6, r7, pc}
10001fca:	430b      	orrs	r3, r1
10001fcc:	18db      	adds	r3, r3, r3
10001fce:	4303      	orrs	r3, r0
10001fd0:	4313      	orrs	r3, r2
10001fd2:	d0f5      	beq.n	10001fc0 <__aeabi_dfcmple_guts+0x3a>
10001fd4:	43c9      	mvns	r1, r1
10001fd6:	1849      	adds	r1, r1, r1
10001fd8:	bdff      	pop	{r0, r1, r2, r3, r4, r5, r6, r7, pc}
10001fda:	0000      	.short	0x0000
10001fdc:	000007ff 	.word	0x000007ff

10001fe0 <__wrap___aeabi_dcmplt>:
10001fe0:	b500      	push	{lr}
10001fe2:	f7ff ffcf 	bl	10001f84 <__wrap___aeabi_cdcmpeq>
10001fe6:	4180      	sbcs	r0, r0
10001fe8:	bd00      	pop	{pc}
10001fea:	46c0      	nop			; (mov r8, r8)

10001fec <__wrap___aeabi_dcmple>:
10001fec:	b500      	push	{lr}
10001fee:	f7ff ffc9 	bl	10001f84 <__wrap___aeabi_cdcmpeq>
10001ff2:	d901      	bls.n	10001ff8 <__wrap___aeabi_dcmple+0xc>
10001ff4:	2000      	movs	r0, #0
10001ff6:	bd00      	pop	{pc}
10001ff8:	2001      	movs	r0, #1
10001ffa:	bd00      	pop	{pc}

10001ffc <__wrap___aeabi_dcmpge>:
10001ffc:	b500      	push	{lr}
10001ffe:	f7ff ffb9 	bl	10001f74 <__wrap___aeabi_cdrcmple>
10002002:	d901      	bls.n	10002008 <__wrap___aeabi_dcmpge+0xc>
10002004:	2000      	movs	r0, #0
10002006:	bd00      	pop	{pc}
10002008:	2001      	movs	r0, #1
1000200a:	bd00      	pop	{pc}

1000200c <__wrap___aeabi_dcmpgt>:
1000200c:	b500      	push	{lr}
1000200e:	f7ff ffb1 	bl	10001f74 <__wrap___aeabi_cdrcmple>
10002012:	4180      	sbcs	r0, r0
10002014:	bd00      	pop	{pc}

10002016 <__wrap___aeabi_dcmpun>:
10002016:	2001      	movs	r0, #1
10002018:	0540      	lsls	r0, r0, #21
1000201a:	004a      	lsls	r2, r1, #1
1000201c:	1812      	adds	r2, r2, r0
1000201e:	d804      	bhi.n	1000202a <__wrap___aeabi_dcmpun+0x14>
10002020:	005a      	lsls	r2, r3, #1
10002022:	1812      	adds	r2, r2, r0
10002024:	d801      	bhi.n	1000202a <__wrap___aeabi_dcmpun+0x14>
10002026:	2000      	movs	r0, #0
10002028:	4770      	bx	lr
1000202a:	2001      	movs	r0, #1
1000202c:	4770      	bx	lr
	...

10002030 <__wrap___aeabi_ui2d>:
10002030:	2100      	movs	r1, #0
10002032:	2800      	cmp	r0, #0
10002034:	d105      	bne.n	10002042 <__wrap___aeabi_i2d+0xa>
10002036:	4770      	bx	lr

10002038 <__wrap___aeabi_i2d>:
10002038:	17c1      	asrs	r1, r0, #31
1000203a:	4048      	eors	r0, r1
1000203c:	1a40      	subs	r0, r0, r1
1000203e:	d0fa      	beq.n	10002036 <__wrap___aeabi_ui2d+0x6>
10002040:	07c9      	lsls	r1, r1, #31
10002042:	b513      	push	{r0, r1, r4, lr}
10002044:	4b06      	ldr	r3, [pc, #24]	; (10002060 <__wrap___aeabi_i2d+0x28>)
10002046:	681b      	ldr	r3, [r3, #0]
10002048:	4798      	blx	r3
1000204a:	bc0c      	pop	{r2, r3}
1000204c:	1c44      	adds	r4, r0, #1
1000204e:	40a2      	lsls	r2, r4
10002050:	0510      	lsls	r0, r2, #20
10002052:	0b12      	lsrs	r2, r2, #12
10002054:	4903      	ldr	r1, [pc, #12]	; (10002064 <__wrap___aeabi_i2d+0x2c>)
10002056:	1b09      	subs	r1, r1, r4
10002058:	0509      	lsls	r1, r1, #20
1000205a:	4319      	orrs	r1, r3
1000205c:	4311      	orrs	r1, r2
1000205e:	bd10      	pop	{r4, pc}
10002060:	200012ec 	.word	0x200012ec
10002064:	0000041f 	.word	0x0000041f

10002068 <__wrap___aeabi_d2iz>:
10002068:	b510      	push	{r4, lr}
1000206a:	004c      	lsls	r4, r1, #1
1000206c:	0d62      	lsrs	r2, r4, #21
1000206e:	2380      	movs	r3, #128	; 0x80
10002070:	18d2      	adds	r2, r2, r3
10002072:	00db      	lsls	r3, r3, #3
10002074:	1ad2      	subs	r2, r2, r3
10002076:	055b      	lsls	r3, r3, #21
10002078:	2a7e      	cmp	r2, #126	; 0x7e
1000207a:	dd10      	ble.n	1000209e <__wrap___aeabi_d2iz+0x36>
1000207c:	3a9e      	subs	r2, #158	; 0x9e
1000207e:	da13      	bge.n	100020a8 <__wrap___aeabi_d2iz+0x40>
10002080:	17cc      	asrs	r4, r1, #31
10002082:	0309      	lsls	r1, r1, #12
10002084:	0849      	lsrs	r1, r1, #1
10002086:	4319      	orrs	r1, r3
10002088:	4252      	negs	r2, r2
1000208a:	40d1      	lsrs	r1, r2
1000208c:	0064      	lsls	r4, r4, #1
1000208e:	3401      	adds	r4, #1
10002090:	3215      	adds	r2, #21
10002092:	2a20      	cmp	r2, #32
10002094:	da05      	bge.n	100020a2 <__wrap___aeabi_d2iz+0x3a>
10002096:	40d0      	lsrs	r0, r2
10002098:	4308      	orrs	r0, r1
1000209a:	4360      	muls	r0, r4
1000209c:	bd10      	pop	{r4, pc}
1000209e:	2000      	movs	r0, #0
100020a0:	bd10      	pop	{r4, pc}
100020a2:	4608      	mov	r0, r1
100020a4:	4360      	muls	r0, r4
100020a6:	bd10      	pop	{r4, pc}
100020a8:	0fc8      	lsrs	r0, r1, #31
100020aa:	18c0      	adds	r0, r0, r3
100020ac:	3801      	subs	r0, #1
100020ae:	bd10      	pop	{r4, pc}

100020b0 <__wrap___aeabi_d2uiz>:
100020b0:	b418      	push	{r3, r4}
100020b2:	4b02      	ldr	r3, [pc, #8]	; (100020bc <__wrap___aeabi_d2uiz+0xc>)
100020b4:	6a5b      	ldr	r3, [r3, #36]	; 0x24
100020b6:	9301      	str	r3, [sp, #4]
100020b8:	bd08      	pop	{r3, pc}
100020ba:	0000      	.short	0x0000
100020bc:	20000758 	.word	0x20000758

100020c0 <missing_double_func_shim>:
100020c0:	b510      	push	{r4, lr}
100020c2:	4801      	ldr	r0, [pc, #4]	; (100020c8 <missing_double_func_shim+0x8>)
100020c4:	f7fe f9e4 	bl	10000490 <panic>
100020c8:	10007ba8 	.word	0x10007ba8

100020cc <__aeabi_double_init>:
100020cc:	2313      	movs	r3, #19
100020ce:	b570      	push	{r4, r5, r6, lr}
100020d0:	781d      	ldrb	r5, [r3, #0]
100020d2:	2d01      	cmp	r5, #1
100020d4:	d015      	beq.n	10002102 <__aeabi_double_init+0x36>
100020d6:	dd39      	ble.n	1000214c <__aeabi_double_init+0x80>
100020d8:	481e      	ldr	r0, [pc, #120]	; (10002154 <__aeabi_double_init+0x88>)
100020da:	f7ff fb3f 	bl	1000175c <rom_data_lookup>
100020de:	0006      	movs	r6, r0
100020e0:	481d      	ldr	r0, [pc, #116]	; (10002158 <__aeabi_double_init+0x8c>)
100020e2:	f7ff fb3b 	bl	1000175c <rom_data_lookup>
100020e6:	4c1d      	ldr	r4, [pc, #116]	; (1000215c <__aeabi_double_init+0x90>)
100020e8:	2280      	movs	r2, #128	; 0x80
100020ea:	0031      	movs	r1, r6
100020ec:	0020      	movs	r0, r4
100020ee:	f000 f8b1 	bl	10002254 <__wrap___aeabi_memcpy>
100020f2:	2d02      	cmp	r5, #2
100020f4:	d027      	beq.n	10002146 <__aeabi_double_init+0x7a>
100020f6:	481a      	ldr	r0, [pc, #104]	; (10002160 <__aeabi_double_init+0x94>)
100020f8:	f7ff fb28 	bl	1000174c <rom_func_lookup>
100020fc:	4b19      	ldr	r3, [pc, #100]	; (10002164 <__aeabi_double_init+0x98>)
100020fe:	6018      	str	r0, [r3, #0]
10002100:	bd70      	pop	{r4, r5, r6, pc}
10002102:	4b19      	ldr	r3, [pc, #100]	; (10002168 <__aeabi_double_init+0x9c>)
10002104:	4c15      	ldr	r4, [pc, #84]	; (1000215c <__aeabi_double_init+0x90>)
10002106:	6023      	str	r3, [r4, #0]
10002108:	6063      	str	r3, [r4, #4]
1000210a:	60a3      	str	r3, [r4, #8]
1000210c:	60e3      	str	r3, [r4, #12]
1000210e:	6123      	str	r3, [r4, #16]
10002110:	6163      	str	r3, [r4, #20]
10002112:	61a3      	str	r3, [r4, #24]
10002114:	61e3      	str	r3, [r4, #28]
10002116:	6223      	str	r3, [r4, #32]
10002118:	6263      	str	r3, [r4, #36]	; 0x24
1000211a:	62a3      	str	r3, [r4, #40]	; 0x28
1000211c:	62e3      	str	r3, [r4, #44]	; 0x2c
1000211e:	6323      	str	r3, [r4, #48]	; 0x30
10002120:	6363      	str	r3, [r4, #52]	; 0x34
10002122:	63a3      	str	r3, [r4, #56]	; 0x38
10002124:	63e3      	str	r3, [r4, #60]	; 0x3c
10002126:	6423      	str	r3, [r4, #64]	; 0x40
10002128:	6463      	str	r3, [r4, #68]	; 0x44
1000212a:	64a3      	str	r3, [r4, #72]	; 0x48
1000212c:	64e3      	str	r3, [r4, #76]	; 0x4c
1000212e:	6523      	str	r3, [r4, #80]	; 0x50
10002130:	6563      	str	r3, [r4, #84]	; 0x54
10002132:	65a3      	str	r3, [r4, #88]	; 0x58
10002134:	65e3      	str	r3, [r4, #92]	; 0x5c
10002136:	6623      	str	r3, [r4, #96]	; 0x60
10002138:	6663      	str	r3, [r4, #100]	; 0x64
1000213a:	66a3      	str	r3, [r4, #104]	; 0x68
1000213c:	66e3      	str	r3, [r4, #108]	; 0x6c
1000213e:	6723      	str	r3, [r4, #112]	; 0x70
10002140:	6763      	str	r3, [r4, #116]	; 0x74
10002142:	67a3      	str	r3, [r4, #120]	; 0x78
10002144:	67e3      	str	r3, [r4, #124]	; 0x7c
10002146:	4b09      	ldr	r3, [pc, #36]	; (1000216c <__aeabi_double_init+0xa0>)
10002148:	64a3      	str	r3, [r4, #72]	; 0x48
1000214a:	e7d4      	b.n	100020f6 <__aeabi_double_init+0x2a>
1000214c:	4c03      	ldr	r4, [pc, #12]	; (1000215c <__aeabi_double_init+0x90>)
1000214e:	4b07      	ldr	r3, [pc, #28]	; (1000216c <__aeabi_double_init+0xa0>)
10002150:	64a3      	str	r3, [r4, #72]	; 0x48
10002152:	e7d0      	b.n	100020f6 <__aeabi_double_init+0x2a>
10002154:	00004453 	.word	0x00004453
10002158:	00004653 	.word	0x00004653
1000215c:	20000758 	.word	0x20000758
10002160:	0000334c 	.word	0x0000334c
10002164:	200012ec 	.word	0x200012ec
10002168:	100020c1 	.word	0x100020c1
1000216c:	10002171 	.word	0x10002171

10002170 <double_table_shim_on_use_helper>:
10002170:	b507      	push	{r0, r1, r2, lr}
10002172:	4660      	mov	r0, ip
10002174:	8801      	ldrh	r1, [r0, #0]
10002176:	0a0a      	lsrs	r2, r1, #8
10002178:	3002      	adds	r0, #2
1000217a:	2adf      	cmp	r2, #223	; 0xdf
1000217c:	d1fa      	bne.n	10002174 <double_table_shim_on_use_helper+0x4>
1000217e:	b2c9      	uxtb	r1, r1
10002180:	0882      	lsrs	r2, r0, #2
10002182:	d304      	bcc.n	1000218e <double_table_shim_on_use_helper+0x1e>
10002184:	8802      	ldrh	r2, [r0, #0]
10002186:	8840      	ldrh	r0, [r0, #2]
10002188:	0400      	lsls	r0, r0, #16
1000218a:	4310      	orrs	r0, r2
1000218c:	e000      	b.n	10002190 <double_table_shim_on_use_helper+0x20>
1000218e:	6800      	ldr	r0, [r0, #0]
10002190:	4a01      	ldr	r2, [pc, #4]	; (10002198 <double_table_shim_on_use_helper+0x28>)
10002192:	5050      	str	r0, [r2, r1]
10002194:	9003      	str	r0, [sp, #12]
10002196:	bd07      	pop	{r0, r1, r2, pc}
10002198:	20000758 	.word	0x20000758

1000219c <__wrap___aeabi_lmul>:
1000219c:	4351      	muls	r1, r2
1000219e:	4343      	muls	r3, r0
100021a0:	18c9      	adds	r1, r1, r3
100021a2:	468c      	mov	ip, r1
100021a4:	0c11      	lsrs	r1, r2, #16
100021a6:	b283      	uxth	r3, r0
100021a8:	434b      	muls	r3, r1
100021aa:	b410      	push	{r4}
100021ac:	0c04      	lsrs	r4, r0, #16
100021ae:	4361      	muls	r1, r4
100021b0:	b292      	uxth	r2, r2
100021b2:	b280      	uxth	r0, r0
100021b4:	4350      	muls	r0, r2
100021b6:	4362      	muls	r2, r4
100021b8:	041c      	lsls	r4, r3, #16
100021ba:	0c1b      	lsrs	r3, r3, #16
100021bc:	1900      	adds	r0, r0, r4
100021be:	bc10      	pop	{r4}
100021c0:	4159      	adcs	r1, r3
100021c2:	0413      	lsls	r3, r2, #16
100021c4:	0c12      	lsrs	r2, r2, #16
100021c6:	18c0      	adds	r0, r0, r3
100021c8:	4151      	adcs	r1, r2
100021ca:	4461      	add	r1, ip
100021cc:	4770      	bx	lr
	...

100021d0 <missing_float_func_shim>:
100021d0:	b510      	push	{r4, lr}
100021d2:	4801      	ldr	r0, [pc, #4]	; (100021d8 <missing_float_func_shim+0x8>)
100021d4:	f7fe f95c 	bl	10000490 <panic>
100021d8:	10007f4c 	.word	0x10007f4c

100021dc <__aeabi_float_init>:
100021dc:	2313      	movs	r3, #19
100021de:	b510      	push	{r4, lr}
100021e0:	4810      	ldr	r0, [pc, #64]	; (10002224 <__aeabi_float_init+0x48>)
100021e2:	781c      	ldrb	r4, [r3, #0]
100021e4:	f7ff faba 	bl	1000175c <rom_data_lookup>
100021e8:	0001      	movs	r1, r0
100021ea:	2c01      	cmp	r4, #1
100021ec:	d00a      	beq.n	10002204 <__aeabi_float_init+0x28>
100021ee:	dd03      	ble.n	100021f8 <__aeabi_float_init+0x1c>
100021f0:	2280      	movs	r2, #128	; 0x80
100021f2:	480d      	ldr	r0, [pc, #52]	; (10002228 <__aeabi_float_init+0x4c>)
100021f4:	f000 f82e 	bl	10002254 <__wrap___aeabi_memcpy>
100021f8:	480c      	ldr	r0, [pc, #48]	; (1000222c <__aeabi_float_init+0x50>)
100021fa:	f7ff faa7 	bl	1000174c <rom_func_lookup>
100021fe:	4b0c      	ldr	r3, [pc, #48]	; (10002230 <__aeabi_float_init+0x54>)
10002200:	6018      	str	r0, [r3, #0]
10002202:	bd10      	pop	{r4, pc}
10002204:	4c08      	ldr	r4, [pc, #32]	; (10002228 <__aeabi_float_init+0x4c>)
10002206:	2254      	movs	r2, #84	; 0x54
10002208:	0020      	movs	r0, r4
1000220a:	f000 f823 	bl	10002254 <__wrap___aeabi_memcpy>
1000220e:	0023      	movs	r3, r4
10002210:	4a08      	ldr	r2, [pc, #32]	; (10002234 <__aeabi_float_init+0x58>)
10002212:	3380      	adds	r3, #128	; 0x80
10002214:	6821      	ldr	r1, [r4, #0]
10002216:	2900      	cmp	r1, #0
10002218:	d100      	bne.n	1000221c <__aeabi_float_init+0x40>
1000221a:	6022      	str	r2, [r4, #0]
1000221c:	3404      	adds	r4, #4
1000221e:	42a3      	cmp	r3, r4
10002220:	d1f8      	bne.n	10002214 <__aeabi_float_init+0x38>
10002222:	e7e9      	b.n	100021f8 <__aeabi_float_init+0x1c>
10002224:	00004653 	.word	0x00004653
10002228:	200012f0 	.word	0x200012f0
1000222c:	0000334c 	.word	0x0000334c
10002230:	200012ec 	.word	0x200012ec
10002234:	100021d1 	.word	0x100021d1

10002238 <__aeabi_mem_init>:
10002238:	4801      	ldr	r0, [pc, #4]	; (10002240 <__aeabi_mem_init+0x8>)
1000223a:	2104      	movs	r1, #4
1000223c:	4b01      	ldr	r3, [pc, #4]	; (10002244 <__aeabi_mem_init+0xc>)
1000223e:	4718      	bx	r3
10002240:	20000550 	.word	0x20000550
10002244:	1000176d 	.word	0x1000176d

10002248 <__wrap_memset>:
10002248:	4b01      	ldr	r3, [pc, #4]	; (10002250 <__wrap_memset+0x8>)
1000224a:	681b      	ldr	r3, [r3, #0]
1000224c:	4718      	bx	r3
1000224e:	0000      	.short	0x0000
10002250:	20000550 	.word	0x20000550

10002254 <__wrap___aeabi_memcpy>:
10002254:	4b01      	ldr	r3, [pc, #4]	; (1000225c <__wrap___aeabi_memcpy+0x8>)
10002256:	685b      	ldr	r3, [r3, #4]
10002258:	4718      	bx	r3
1000225a:	0000      	.short	0x0000
1000225c:	20000550 	.word	0x20000550

10002260 <_out_null>:
10002260:	4770      	bx	lr
10002262:	46c0      	nop			; (mov r8, r8)

10002264 <_out_rev>:
10002264:	b5f8      	push	{r3, r4, r5, r6, r7, lr}
10002266:	4657      	mov	r7, sl
10002268:	464e      	mov	r6, r9
1000226a:	4645      	mov	r5, r8
1000226c:	46de      	mov	lr, fp
1000226e:	b5e0      	push	{r5, r6, r7, lr}
10002270:	4699      	mov	r9, r3
10002272:	9b0a      	ldr	r3, [sp, #40]	; 0x28
10002274:	0007      	movs	r7, r0
10002276:	469a      	mov	sl, r3
10002278:	9b0d      	ldr	r3, [sp, #52]	; 0x34
1000227a:	4688      	mov	r8, r1
1000227c:	4693      	mov	fp, r2
1000227e:	0015      	movs	r5, r2
10002280:	9e0b      	ldr	r6, [sp, #44]	; 0x2c
10002282:	079b      	lsls	r3, r3, #30
10002284:	d110      	bne.n	100022a8 <_out_rev+0x44>
10002286:	9b0c      	ldr	r3, [sp, #48]	; 0x30
10002288:	429e      	cmp	r6, r3
1000228a:	d20d      	bcs.n	100022a8 <_out_rev+0x44>
1000228c:	1b9d      	subs	r5, r3, r6
1000228e:	0014      	movs	r4, r2
10002290:	000e      	movs	r6, r1
10002292:	445d      	add	r5, fp
10002294:	0022      	movs	r2, r4
10002296:	464b      	mov	r3, r9
10002298:	3401      	adds	r4, #1
1000229a:	0031      	movs	r1, r6
1000229c:	2020      	movs	r0, #32
1000229e:	47b8      	blx	r7
100022a0:	42a5      	cmp	r5, r4
100022a2:	d1f7      	bne.n	10002294 <_out_rev+0x30>
100022a4:	46b0      	mov	r8, r6
100022a6:	9e0b      	ldr	r6, [sp, #44]	; 0x2c
100022a8:	2e00      	cmp	r6, #0
100022aa:	d027      	beq.n	100022fc <_out_rev+0x98>
100022ac:	4644      	mov	r4, r8
100022ae:	1975      	adds	r5, r6, r5
100022b0:	4653      	mov	r3, sl
100022b2:	1baa      	subs	r2, r5, r6
100022b4:	3e01      	subs	r6, #1
100022b6:	5d98      	ldrb	r0, [r3, r6]
100022b8:	0021      	movs	r1, r4
100022ba:	464b      	mov	r3, r9
100022bc:	47b8      	blx	r7
100022be:	2e00      	cmp	r6, #0
100022c0:	d1f6      	bne.n	100022b0 <_out_rev+0x4c>
100022c2:	0023      	movs	r3, r4
100022c4:	002c      	movs	r4, r5
100022c6:	4698      	mov	r8, r3
100022c8:	9b0d      	ldr	r3, [sp, #52]	; 0x34
100022ca:	079b      	lsls	r3, r3, #30
100022cc:	d50f      	bpl.n	100022ee <_out_rev+0x8a>
100022ce:	465b      	mov	r3, fp
100022d0:	1ae5      	subs	r5, r4, r3
100022d2:	9b0c      	ldr	r3, [sp, #48]	; 0x30
100022d4:	42ab      	cmp	r3, r5
100022d6:	d90a      	bls.n	100022ee <_out_rev+0x8a>
100022d8:	4646      	mov	r6, r8
100022da:	4698      	mov	r8, r3
100022dc:	0022      	movs	r2, r4
100022de:	464b      	mov	r3, r9
100022e0:	0031      	movs	r1, r6
100022e2:	2020      	movs	r0, #32
100022e4:	3501      	adds	r5, #1
100022e6:	47b8      	blx	r7
100022e8:	3401      	adds	r4, #1
100022ea:	45a8      	cmp	r8, r5
100022ec:	d8f6      	bhi.n	100022dc <_out_rev+0x78>
100022ee:	0020      	movs	r0, r4
100022f0:	bcf0      	pop	{r4, r5, r6, r7}
100022f2:	46bb      	mov	fp, r7
100022f4:	46b2      	mov	sl, r6
100022f6:	46a9      	mov	r9, r5
100022f8:	46a0      	mov	r8, r4
100022fa:	bdf8      	pop	{r3, r4, r5, r6, r7, pc}
100022fc:	002c      	movs	r4, r5
100022fe:	e7e3      	b.n	100022c8 <_out_rev+0x64>

10002300 <_ntoa_format>:
10002300:	b5f0      	push	{r4, r5, r6, r7, lr}
10002302:	464f      	mov	r7, r9
10002304:	4646      	mov	r6, r8
10002306:	46d6      	mov	lr, sl
10002308:	b5c0      	push	{r6, r7, lr}
1000230a:	b084      	sub	sp, #16
1000230c:	4698      	mov	r8, r3
1000230e:	ab0e      	add	r3, sp, #56	; 0x38
10002310:	781b      	ldrb	r3, [r3, #0]
10002312:	9f12      	ldr	r7, [sp, #72]	; 0x48
10002314:	4699      	mov	r9, r3
10002316:	4694      	mov	ip, r2
10002318:	9c0d      	ldr	r4, [sp, #52]	; 0x34
1000231a:	9b10      	ldr	r3, [sp, #64]	; 0x40
1000231c:	9e11      	ldr	r6, [sp, #68]	; 0x44
1000231e:	07ba      	lsls	r2, r7, #30
10002320:	d425      	bmi.n	1000236e <_ntoa_format+0x6e>
10002322:	2e00      	cmp	r6, #0
10002324:	d14b      	bne.n	100023be <_ntoa_format+0xbe>
10002326:	429c      	cmp	r4, r3
10002328:	d300      	bcc.n	1000232c <_ntoa_format+0x2c>
1000232a:	e0bf      	b.n	100024ac <_ntoa_format+0x1ac>
1000232c:	2201      	movs	r2, #1
1000232e:	403a      	ands	r2, r7
10002330:	4692      	mov	sl, r2
10002332:	2c1f      	cmp	r4, #31
10002334:	d900      	bls.n	10002338 <_ntoa_format+0x38>
10002336:	e0b8      	b.n	100024aa <_ntoa_format+0x1aa>
10002338:	9a0c      	ldr	r2, [sp, #48]	; 0x30
1000233a:	1e55      	subs	r5, r2, #1
1000233c:	2230      	movs	r2, #48	; 0x30
1000233e:	e001      	b.n	10002344 <_ntoa_format+0x44>
10002340:	2c20      	cmp	r4, #32
10002342:	d003      	beq.n	1000234c <_ntoa_format+0x4c>
10002344:	3401      	adds	r4, #1
10002346:	552a      	strb	r2, [r5, r4]
10002348:	42a3      	cmp	r3, r4
1000234a:	d8f9      	bhi.n	10002340 <_ntoa_format+0x40>
1000234c:	4652      	mov	r2, sl
1000234e:	2a00      	cmp	r2, #0
10002350:	d00d      	beq.n	1000236e <_ntoa_format+0x6e>
10002352:	42a6      	cmp	r6, r4
10002354:	d90b      	bls.n	1000236e <_ntoa_format+0x6e>
10002356:	2c20      	cmp	r4, #32
10002358:	d044      	beq.n	100023e4 <_ntoa_format+0xe4>
1000235a:	9a0c      	ldr	r2, [sp, #48]	; 0x30
1000235c:	1e55      	subs	r5, r2, #1
1000235e:	2230      	movs	r2, #48	; 0x30
10002360:	e001      	b.n	10002366 <_ntoa_format+0x66>
10002362:	2c20      	cmp	r4, #32
10002364:	d03e      	beq.n	100023e4 <_ntoa_format+0xe4>
10002366:	3401      	adds	r4, #1
10002368:	552a      	strb	r2, [r5, r4]
1000236a:	42b4      	cmp	r4, r6
1000236c:	d1f9      	bne.n	10002362 <_ntoa_format+0x62>
1000236e:	06fa      	lsls	r2, r7, #27
10002370:	d54d      	bpl.n	1000240e <_ntoa_format+0x10e>
10002372:	057a      	lsls	r2, r7, #21
10002374:	d43f      	bmi.n	100023f6 <_ntoa_format+0xf6>
10002376:	2c00      	cmp	r4, #0
10002378:	d139      	bne.n	100023ee <_ntoa_format+0xee>
1000237a:	9b0f      	ldr	r3, [sp, #60]	; 0x3c
1000237c:	2b10      	cmp	r3, #16
1000237e:	d100      	bne.n	10002382 <_ntoa_format+0x82>
10002380:	e079      	b.n	10002476 <_ntoa_format+0x176>
10002382:	9b0f      	ldr	r3, [sp, #60]	; 0x3c
10002384:	2b02      	cmp	r3, #2
10002386:	d100      	bne.n	1000238a <_ntoa_format+0x8a>
10002388:	e08a      	b.n	100024a0 <_ntoa_format+0x1a0>
1000238a:	2330      	movs	r3, #48	; 0x30
1000238c:	9a0c      	ldr	r2, [sp, #48]	; 0x30
1000238e:	2401      	movs	r4, #1
10002390:	7013      	strb	r3, [r2, #0]
10002392:	464b      	mov	r3, r9
10002394:	2b00      	cmp	r3, #0
10002396:	d03f      	beq.n	10002418 <_ntoa_format+0x118>
10002398:	232d      	movs	r3, #45	; 0x2d
1000239a:	9a0c      	ldr	r2, [sp, #48]	; 0x30
1000239c:	5513      	strb	r3, [r2, r4]
1000239e:	3401      	adds	r4, #1
100023a0:	9b0c      	ldr	r3, [sp, #48]	; 0x30
100023a2:	4662      	mov	r2, ip
100023a4:	9300      	str	r3, [sp, #0]
100023a6:	9703      	str	r7, [sp, #12]
100023a8:	4643      	mov	r3, r8
100023aa:	9602      	str	r6, [sp, #8]
100023ac:	9401      	str	r4, [sp, #4]
100023ae:	f7ff ff59 	bl	10002264 <_out_rev>
100023b2:	b004      	add	sp, #16
100023b4:	bce0      	pop	{r5, r6, r7}
100023b6:	46ba      	mov	sl, r7
100023b8:	46b1      	mov	r9, r6
100023ba:	46a8      	mov	r8, r5
100023bc:	bdf0      	pop	{r4, r5, r6, r7, pc}
100023be:	2201      	movs	r2, #1
100023c0:	0015      	movs	r5, r2
100023c2:	403d      	ands	r5, r7
100023c4:	46aa      	mov	sl, r5
100023c6:	423a      	tst	r2, r7
100023c8:	d02f      	beq.n	1000242a <_ntoa_format+0x12a>
100023ca:	464a      	mov	r2, r9
100023cc:	2a00      	cmp	r2, #0
100023ce:	d102      	bne.n	100023d6 <_ntoa_format+0xd6>
100023d0:	320c      	adds	r2, #12
100023d2:	423a      	tst	r2, r7
100023d4:	d000      	beq.n	100023d8 <_ntoa_format+0xd8>
100023d6:	3e01      	subs	r6, #1
100023d8:	429c      	cmp	r4, r3
100023da:	d2ba      	bcs.n	10002352 <_ntoa_format+0x52>
100023dc:	2c1f      	cmp	r4, #31
100023de:	d9ab      	bls.n	10002338 <_ntoa_format+0x38>
100023e0:	2e20      	cmp	r6, #32
100023e2:	d927      	bls.n	10002434 <_ntoa_format+0x134>
100023e4:	2420      	movs	r4, #32
100023e6:	06fa      	lsls	r2, r7, #27
100023e8:	d5da      	bpl.n	100023a0 <_ntoa_format+0xa0>
100023ea:	057a      	lsls	r2, r7, #21
100023ec:	d403      	bmi.n	100023f6 <_ntoa_format+0xf6>
100023ee:	42a3      	cmp	r3, r4
100023f0:	d02d      	beq.n	1000244e <_ntoa_format+0x14e>
100023f2:	42a6      	cmp	r6, r4
100023f4:	d02b      	beq.n	1000244e <_ntoa_format+0x14e>
100023f6:	9b0f      	ldr	r3, [sp, #60]	; 0x3c
100023f8:	2b10      	cmp	r3, #16
100023fa:	d032      	beq.n	10002462 <_ntoa_format+0x162>
100023fc:	2b02      	cmp	r3, #2
100023fe:	d020      	beq.n	10002442 <_ntoa_format+0x142>
10002400:	2c20      	cmp	r4, #32
10002402:	d0cd      	beq.n	100023a0 <_ntoa_format+0xa0>
10002404:	2230      	movs	r2, #48	; 0x30
10002406:	9b0c      	ldr	r3, [sp, #48]	; 0x30
10002408:	191b      	adds	r3, r3, r4
1000240a:	701a      	strb	r2, [r3, #0]
1000240c:	3401      	adds	r4, #1
1000240e:	2c20      	cmp	r4, #32
10002410:	d0c6      	beq.n	100023a0 <_ntoa_format+0xa0>
10002412:	464b      	mov	r3, r9
10002414:	2b00      	cmp	r3, #0
10002416:	d1bf      	bne.n	10002398 <_ntoa_format+0x98>
10002418:	077b      	lsls	r3, r7, #29
1000241a:	d40d      	bmi.n	10002438 <_ntoa_format+0x138>
1000241c:	073b      	lsls	r3, r7, #28
1000241e:	d5bf      	bpl.n	100023a0 <_ntoa_format+0xa0>
10002420:	2320      	movs	r3, #32
10002422:	9a0c      	ldr	r2, [sp, #48]	; 0x30
10002424:	5513      	strb	r3, [r2, r4]
10002426:	3401      	adds	r4, #1
10002428:	e7ba      	b.n	100023a0 <_ntoa_format+0xa0>
1000242a:	429c      	cmp	r4, r3
1000242c:	d29f      	bcs.n	1000236e <_ntoa_format+0x6e>
1000242e:	2c1f      	cmp	r4, #31
10002430:	d800      	bhi.n	10002434 <_ntoa_format+0x134>
10002432:	e781      	b.n	10002338 <_ntoa_format+0x38>
10002434:	2420      	movs	r4, #32
10002436:	e79a      	b.n	1000236e <_ntoa_format+0x6e>
10002438:	232b      	movs	r3, #43	; 0x2b
1000243a:	9a0c      	ldr	r2, [sp, #48]	; 0x30
1000243c:	5513      	strb	r3, [r2, r4]
1000243e:	3401      	adds	r4, #1
10002440:	e7ae      	b.n	100023a0 <_ntoa_format+0xa0>
10002442:	2c20      	cmp	r4, #32
10002444:	d0ac      	beq.n	100023a0 <_ntoa_format+0xa0>
10002446:	9b0c      	ldr	r3, [sp, #48]	; 0x30
10002448:	191b      	adds	r3, r3, r4
1000244a:	3401      	adds	r4, #1
1000244c:	e03a      	b.n	100024c4 <_ntoa_format+0x1c4>
1000244e:	1e63      	subs	r3, r4, #1
10002450:	2c01      	cmp	r4, #1
10002452:	d092      	beq.n	1000237a <_ntoa_format+0x7a>
10002454:	9a0f      	ldr	r2, [sp, #60]	; 0x3c
10002456:	2a10      	cmp	r2, #16
10002458:	d02a      	beq.n	100024b0 <_ntoa_format+0x1b0>
1000245a:	2a02      	cmp	r2, #2
1000245c:	d02f      	beq.n	100024be <_ntoa_format+0x1be>
1000245e:	001c      	movs	r4, r3
10002460:	e7d0      	b.n	10002404 <_ntoa_format+0x104>
10002462:	06bb      	lsls	r3, r7, #26
10002464:	d40e      	bmi.n	10002484 <_ntoa_format+0x184>
10002466:	2c20      	cmp	r4, #32
10002468:	d09a      	beq.n	100023a0 <_ntoa_format+0xa0>
1000246a:	9b0c      	ldr	r3, [sp, #48]	; 0x30
1000246c:	191a      	adds	r2, r3, r4
1000246e:	3401      	adds	r4, #1
10002470:	2378      	movs	r3, #120	; 0x78
10002472:	7013      	strb	r3, [r2, #0]
10002474:	e7c4      	b.n	10002400 <_ntoa_format+0x100>
10002476:	06bb      	lsls	r3, r7, #26
10002478:	d40d      	bmi.n	10002496 <_ntoa_format+0x196>
1000247a:	2378      	movs	r3, #120	; 0x78
1000247c:	9a0c      	ldr	r2, [sp, #48]	; 0x30
1000247e:	2401      	movs	r4, #1
10002480:	7013      	strb	r3, [r2, #0]
10002482:	e7bf      	b.n	10002404 <_ntoa_format+0x104>
10002484:	2c20      	cmp	r4, #32
10002486:	d100      	bne.n	1000248a <_ntoa_format+0x18a>
10002488:	e78a      	b.n	100023a0 <_ntoa_format+0xa0>
1000248a:	2258      	movs	r2, #88	; 0x58
1000248c:	9b0c      	ldr	r3, [sp, #48]	; 0x30
1000248e:	191b      	adds	r3, r3, r4
10002490:	701a      	strb	r2, [r3, #0]
10002492:	3401      	adds	r4, #1
10002494:	e7b4      	b.n	10002400 <_ntoa_format+0x100>
10002496:	2358      	movs	r3, #88	; 0x58
10002498:	9a0c      	ldr	r2, [sp, #48]	; 0x30
1000249a:	2401      	movs	r4, #1
1000249c:	7013      	strb	r3, [r2, #0]
1000249e:	e7b1      	b.n	10002404 <_ntoa_format+0x104>
100024a0:	9a0c      	ldr	r2, [sp, #48]	; 0x30
100024a2:	3360      	adds	r3, #96	; 0x60
100024a4:	2401      	movs	r4, #1
100024a6:	7013      	strb	r3, [r2, #0]
100024a8:	e7ac      	b.n	10002404 <_ntoa_format+0x104>
100024aa:	2420      	movs	r4, #32
100024ac:	2600      	movs	r6, #0
100024ae:	e75e      	b.n	1000236e <_ntoa_format+0x6e>
100024b0:	3c02      	subs	r4, #2
100024b2:	06ba      	lsls	r2, r7, #26
100024b4:	d4e9      	bmi.n	1000248a <_ntoa_format+0x18a>
100024b6:	9a0c      	ldr	r2, [sp, #48]	; 0x30
100024b8:	1912      	adds	r2, r2, r4
100024ba:	001c      	movs	r4, r3
100024bc:	e7d8      	b.n	10002470 <_ntoa_format+0x170>
100024be:	9a0c      	ldr	r2, [sp, #48]	; 0x30
100024c0:	4692      	mov	sl, r2
100024c2:	4453      	add	r3, sl
100024c4:	2262      	movs	r2, #98	; 0x62
100024c6:	701a      	strb	r2, [r3, #0]
100024c8:	e79a      	b.n	10002400 <_ntoa_format+0x100>
100024ca:	46c0      	nop			; (mov r8, r8)

100024cc <_out_char>:
100024cc:	b510      	push	{r4, lr}
100024ce:	2800      	cmp	r0, #0
100024d0:	d100      	bne.n	100024d4 <_out_char+0x8>
100024d2:	bd10      	pop	{r4, pc}
100024d4:	f001 fad6 	bl	10003a84 <__wrap_putchar>
100024d8:	e7fb      	b.n	100024d2 <_out_char+0x6>
100024da:	46c0      	nop			; (mov r8, r8)

100024dc <_out_fct>:
100024dc:	000b      	movs	r3, r1
100024de:	b510      	push	{r4, lr}
100024e0:	2800      	cmp	r0, #0
100024e2:	d002      	beq.n	100024ea <_out_fct+0xe>
100024e4:	6849      	ldr	r1, [r1, #4]
100024e6:	681b      	ldr	r3, [r3, #0]
100024e8:	4798      	blx	r3
100024ea:	bd10      	pop	{r4, pc}

100024ec <_etoa>:
100024ec:	b5f0      	push	{r4, r5, r6, r7, lr}
100024ee:	46de      	mov	lr, fp
100024f0:	4657      	mov	r7, sl
100024f2:	464e      	mov	r6, r9
100024f4:	4645      	mov	r5, r8
100024f6:	b5e0      	push	{r5, r6, r7, lr}
100024f8:	b09b      	sub	sp, #108	; 0x6c
100024fa:	469b      	mov	fp, r3
100024fc:	9b24      	ldr	r3, [sp, #144]	; 0x90
100024fe:	4689      	mov	r9, r1
10002500:	4698      	mov	r8, r3
10002502:	9b25      	ldr	r3, [sp, #148]	; 0x94
10002504:	900b      	str	r0, [sp, #44]	; 0x2c
10002506:	920c      	str	r2, [sp, #48]	; 0x30
10002508:	4640      	mov	r0, r8
1000250a:	4642      	mov	r2, r8
1000250c:	0019      	movs	r1, r3
1000250e:	469a      	mov	sl, r3
10002510:	f7ff fd81 	bl	10002016 <__wrap___aeabi_dcmpun>
10002514:	2800      	cmp	r0, #0
10002516:	d000      	beq.n	1000251a <_etoa+0x2e>
10002518:	e0d9      	b.n	100026ce <_etoa+0x1e2>
1000251a:	2201      	movs	r2, #1
1000251c:	4640      	mov	r0, r8
1000251e:	4651      	mov	r1, sl
10002520:	4b77      	ldr	r3, [pc, #476]	; (10002700 <_etoa+0x214>)
10002522:	4252      	negs	r2, r2
10002524:	f7ff fd72 	bl	1000200c <__wrap___aeabi_dcmpgt>
10002528:	2800      	cmp	r0, #0
1000252a:	d000      	beq.n	1000252e <_etoa+0x42>
1000252c:	e0cf      	b.n	100026ce <_etoa+0x1e2>
1000252e:	2201      	movs	r2, #1
10002530:	4640      	mov	r0, r8
10002532:	4651      	mov	r1, sl
10002534:	4b73      	ldr	r3, [pc, #460]	; (10002704 <_etoa+0x218>)
10002536:	4252      	negs	r2, r2
10002538:	f7ff fd52 	bl	10001fe0 <__wrap___aeabi_dcmplt>
1000253c:	2800      	cmp	r0, #0
1000253e:	d000      	beq.n	10002542 <_etoa+0x56>
10002540:	e0c5      	b.n	100026ce <_etoa+0x1e2>
10002542:	2200      	movs	r2, #0
10002544:	2300      	movs	r3, #0
10002546:	4640      	mov	r0, r8
10002548:	4651      	mov	r1, sl
1000254a:	f7ff fd49 	bl	10001fe0 <__wrap___aeabi_dcmplt>
1000254e:	2800      	cmp	r0, #0
10002550:	d000      	beq.n	10002554 <_etoa+0x68>
10002552:	e1b9      	b.n	100028c8 <_etoa+0x3dc>
10002554:	4642      	mov	r2, r8
10002556:	4653      	mov	r3, sl
10002558:	920a      	str	r2, [sp, #40]	; 0x28
1000255a:	9309      	str	r3, [sp, #36]	; 0x24
1000255c:	2380      	movs	r3, #128	; 0x80
1000255e:	9a28      	ldr	r2, [sp, #160]	; 0xa0
10002560:	00db      	lsls	r3, r3, #3
10002562:	401a      	ands	r2, r3
10002564:	920e      	str	r2, [sp, #56]	; 0x38
10002566:	9a28      	ldr	r2, [sp, #160]	; 0xa0
10002568:	421a      	tst	r2, r3
1000256a:	d101      	bne.n	10002570 <_etoa+0x84>
1000256c:	2306      	movs	r3, #6
1000256e:	9326      	str	r3, [sp, #152]	; 0x98
10002570:	9a0a      	ldr	r2, [sp, #40]	; 0x28
10002572:	9b09      	ldr	r3, [sp, #36]	; 0x24
10002574:	0016      	movs	r6, r2
10002576:	4313      	orrs	r3, r2
10002578:	d000      	beq.n	1000257c <_etoa+0x90>
1000257a:	e0c7      	b.n	1000270c <_etoa+0x220>
1000257c:	9b28      	ldr	r3, [sp, #160]	; 0xa0
1000257e:	2500      	movs	r5, #0
10002580:	2600      	movs	r6, #0
10002582:	051b      	lsls	r3, r3, #20
10002584:	d400      	bmi.n	10002588 <_etoa+0x9c>
10002586:	e19b      	b.n	100028c0 <_etoa+0x3d4>
10002588:	2300      	movs	r3, #0
1000258a:	930d      	str	r3, [sp, #52]	; 0x34
1000258c:	9b26      	ldr	r3, [sp, #152]	; 0x98
1000258e:	0019      	movs	r1, r3
10002590:	9b0d      	ldr	r3, [sp, #52]	; 0x34
10002592:	4299      	cmp	r1, r3
10002594:	dc00      	bgt.n	10002598 <_etoa+0xac>
10002596:	e19e      	b.n	100028d6 <_etoa+0x3ea>
10002598:	1ac8      	subs	r0, r1, r3
1000259a:	1e43      	subs	r3, r0, #1
1000259c:	9326      	str	r3, [sp, #152]	; 0x98
1000259e:	2380      	movs	r3, #128	; 0x80
100025a0:	9a28      	ldr	r2, [sp, #160]	; 0xa0
100025a2:	00db      	lsls	r3, r3, #3
100025a4:	431a      	orrs	r2, r3
100025a6:	2300      	movs	r3, #0
100025a8:	2700      	movs	r7, #0
100025aa:	9228      	str	r2, [sp, #160]	; 0xa0
100025ac:	930d      	str	r3, [sp, #52]	; 0x34
100025ae:	9b27      	ldr	r3, [sp, #156]	; 0x9c
100025b0:	2400      	movs	r4, #0
100025b2:	42bb      	cmp	r3, r7
100025b4:	d900      	bls.n	100025b8 <_etoa+0xcc>
100025b6:	1bdc      	subs	r4, r3, r7
100025b8:	2302      	movs	r3, #2
100025ba:	9a28      	ldr	r2, [sp, #160]	; 0xa0
100025bc:	401a      	ands	r2, r3
100025be:	920e      	str	r2, [sp, #56]	; 0x38
100025c0:	9a28      	ldr	r2, [sp, #160]	; 0xa0
100025c2:	4213      	tst	r3, r2
100025c4:	d003      	beq.n	100025ce <_etoa+0xe2>
100025c6:	427b      	negs	r3, r7
100025c8:	417b      	adcs	r3, r7
100025ca:	425b      	negs	r3, r3
100025cc:	401c      	ands	r4, r3
100025ce:	9b0d      	ldr	r3, [sp, #52]	; 0x34
100025d0:	2b00      	cmp	r3, #0
100025d2:	d007      	beq.n	100025e4 <_etoa+0xf8>
100025d4:	980a      	ldr	r0, [sp, #40]	; 0x28
100025d6:	9909      	ldr	r1, [sp, #36]	; 0x24
100025d8:	002a      	movs	r2, r5
100025da:	0033      	movs	r3, r6
100025dc:	f7ff fca7 	bl	10001f2e <__wrap___aeabi_ddiv>
100025e0:	900a      	str	r0, [sp, #40]	; 0x28
100025e2:	9109      	str	r1, [sp, #36]	; 0x24
100025e4:	2200      	movs	r2, #0
100025e6:	2300      	movs	r3, #0
100025e8:	4640      	mov	r0, r8
100025ea:	4651      	mov	r1, sl
100025ec:	f7ff fcf8 	bl	10001fe0 <__wrap___aeabi_dcmplt>
100025f0:	2800      	cmp	r0, #0
100025f2:	d005      	beq.n	10002600 <_etoa+0x114>
100025f4:	2080      	movs	r0, #128	; 0x80
100025f6:	0600      	lsls	r0, r0, #24
100025f8:	4684      	mov	ip, r0
100025fa:	9909      	ldr	r1, [sp, #36]	; 0x24
100025fc:	4461      	add	r1, ip
100025fe:	9109      	str	r1, [sp, #36]	; 0x24
10002600:	9a28      	ldr	r2, [sp, #160]	; 0xa0
10002602:	4b41      	ldr	r3, [pc, #260]	; (10002708 <_etoa+0x21c>)
10002604:	9d0b      	ldr	r5, [sp, #44]	; 0x2c
10002606:	4013      	ands	r3, r2
10002608:	9304      	str	r3, [sp, #16]
1000260a:	9b26      	ldr	r3, [sp, #152]	; 0x98
1000260c:	9a0a      	ldr	r2, [sp, #40]	; 0x28
1000260e:	9302      	str	r3, [sp, #8]
10002610:	9b09      	ldr	r3, [sp, #36]	; 0x24
10002612:	9403      	str	r4, [sp, #12]
10002614:	9200      	str	r2, [sp, #0]
10002616:	9301      	str	r3, [sp, #4]
10002618:	4649      	mov	r1, r9
1000261a:	465b      	mov	r3, fp
1000261c:	0028      	movs	r0, r5
1000261e:	9a0c      	ldr	r2, [sp, #48]	; 0x30
10002620:	f000 f98a 	bl	10002938 <_ftoa>
10002624:	0004      	movs	r4, r0
10002626:	2f00      	cmp	r7, #0
10002628:	d062      	beq.n	100026f0 <_etoa+0x204>
1000262a:	9b28      	ldr	r3, [sp, #160]	; 0xa0
1000262c:	0022      	movs	r2, r4
1000262e:	0698      	lsls	r0, r3, #26
10002630:	231f      	movs	r3, #31
10002632:	17c0      	asrs	r0, r0, #31
10002634:	4398      	bics	r0, r3
10002636:	1c63      	adds	r3, r4, #1
10002638:	4698      	mov	r8, r3
1000263a:	4649      	mov	r1, r9
1000263c:	465b      	mov	r3, fp
1000263e:	3065      	adds	r0, #101	; 0x65
10002640:	47a8      	blx	r5
10002642:	9b0d      	ldr	r3, [sp, #52]	; 0x34
10002644:	2500      	movs	r5, #0
10002646:	17da      	asrs	r2, r3, #31
10002648:	189c      	adds	r4, r3, r2
1000264a:	0fdb      	lsrs	r3, r3, #31
1000264c:	469a      	mov	sl, r3
1000264e:	4054      	eors	r4, r2
10002650:	3f01      	subs	r7, #1
10002652:	e001      	b.n	10002658 <_etoa+0x16c>
10002654:	2d20      	cmp	r5, #32
10002656:	d013      	beq.n	10002680 <_etoa+0x194>
10002658:	aa0a      	add	r2, sp, #40	; 0x28
1000265a:	4694      	mov	ip, r2
1000265c:	231f      	movs	r3, #31
1000265e:	0020      	movs	r0, r4
10002660:	4463      	add	r3, ip
10002662:	210a      	movs	r1, #10
10002664:	3501      	adds	r5, #1
10002666:	195e      	adds	r6, r3, r5
10002668:	f7ff fa1c 	bl	10001aa4 <__wrap___aeabi_uidiv>
1000266c:	3130      	adds	r1, #48	; 0x30
1000266e:	7031      	strb	r1, [r6, #0]
10002670:	0020      	movs	r0, r4
10002672:	210a      	movs	r1, #10
10002674:	f7ff fa16 	bl	10001aa4 <__wrap___aeabi_uidiv>
10002678:	0026      	movs	r6, r4
1000267a:	0004      	movs	r4, r0
1000267c:	2e09      	cmp	r6, #9
1000267e:	d8e9      	bhi.n	10002654 <_etoa+0x168>
10002680:	2305      	movs	r3, #5
10002682:	9306      	str	r3, [sp, #24]
10002684:	2300      	movs	r3, #0
10002686:	9304      	str	r3, [sp, #16]
10002688:	330a      	adds	r3, #10
1000268a:	9303      	str	r3, [sp, #12]
1000268c:	4653      	mov	r3, sl
1000268e:	9705      	str	r7, [sp, #20]
10002690:	9f0b      	ldr	r7, [sp, #44]	; 0x2c
10002692:	9302      	str	r3, [sp, #8]
10002694:	ab12      	add	r3, sp, #72	; 0x48
10002696:	9300      	str	r3, [sp, #0]
10002698:	4642      	mov	r2, r8
1000269a:	465b      	mov	r3, fp
1000269c:	4649      	mov	r1, r9
1000269e:	0038      	movs	r0, r7
100026a0:	9501      	str	r5, [sp, #4]
100026a2:	f7ff fe2d 	bl	10002300 <_ntoa_format>
100026a6:	9b0e      	ldr	r3, [sp, #56]	; 0x38
100026a8:	0004      	movs	r4, r0
100026aa:	2b00      	cmp	r3, #0
100026ac:	d020      	beq.n	100026f0 <_etoa+0x204>
100026ae:	9b0c      	ldr	r3, [sp, #48]	; 0x30
100026b0:	1ac5      	subs	r5, r0, r3
100026b2:	9b27      	ldr	r3, [sp, #156]	; 0x9c
100026b4:	42ab      	cmp	r3, r5
100026b6:	d91b      	bls.n	100026f0 <_etoa+0x204>
100026b8:	001e      	movs	r6, r3
100026ba:	0022      	movs	r2, r4
100026bc:	465b      	mov	r3, fp
100026be:	4649      	mov	r1, r9
100026c0:	2020      	movs	r0, #32
100026c2:	3501      	adds	r5, #1
100026c4:	47b8      	blx	r7
100026c6:	3401      	adds	r4, #1
100026c8:	42ae      	cmp	r6, r5
100026ca:	d8f6      	bhi.n	100026ba <_etoa+0x1ce>
100026cc:	e010      	b.n	100026f0 <_etoa+0x204>
100026ce:	9b28      	ldr	r3, [sp, #160]	; 0xa0
100026d0:	4642      	mov	r2, r8
100026d2:	9304      	str	r3, [sp, #16]
100026d4:	9b27      	ldr	r3, [sp, #156]	; 0x9c
100026d6:	4649      	mov	r1, r9
100026d8:	9303      	str	r3, [sp, #12]
100026da:	9b26      	ldr	r3, [sp, #152]	; 0x98
100026dc:	980b      	ldr	r0, [sp, #44]	; 0x2c
100026de:	9302      	str	r3, [sp, #8]
100026e0:	4653      	mov	r3, sl
100026e2:	9200      	str	r2, [sp, #0]
100026e4:	9301      	str	r3, [sp, #4]
100026e6:	465b      	mov	r3, fp
100026e8:	9a0c      	ldr	r2, [sp, #48]	; 0x30
100026ea:	f000 f925 	bl	10002938 <_ftoa>
100026ee:	0004      	movs	r4, r0
100026f0:	0020      	movs	r0, r4
100026f2:	b01b      	add	sp, #108	; 0x6c
100026f4:	bcf0      	pop	{r4, r5, r6, r7}
100026f6:	46bb      	mov	fp, r7
100026f8:	46b2      	mov	sl, r6
100026fa:	46a9      	mov	r9, r5
100026fc:	46a0      	mov	r8, r4
100026fe:	bdf0      	pop	{r4, r5, r6, r7, pc}
10002700:	7fefffff 	.word	0x7fefffff
10002704:	ffefffff 	.word	0xffefffff
10002708:	fffff7ff 	.word	0xfffff7ff
1000270c:	4b73      	ldr	r3, [pc, #460]	; (100028dc <_etoa+0x3f0>)
1000270e:	9f09      	ldr	r7, [sp, #36]	; 0x24
10002710:	469c      	mov	ip, r3
10002712:	0078      	lsls	r0, r7, #1
10002714:	0d40      	lsrs	r0, r0, #21
10002716:	4460      	add	r0, ip
10002718:	f7ff fc8e 	bl	10002038 <__wrap___aeabi_i2d>
1000271c:	4a70      	ldr	r2, [pc, #448]	; (100028e0 <_etoa+0x3f4>)
1000271e:	4b71      	ldr	r3, [pc, #452]	; (100028e4 <_etoa+0x3f8>)
10002720:	f7ff fc1f 	bl	10001f62 <__wrap___aeabi_dmul>
10002724:	4a70      	ldr	r2, [pc, #448]	; (100028e8 <_etoa+0x3fc>)
10002726:	4b71      	ldr	r3, [pc, #452]	; (100028ec <_etoa+0x400>)
10002728:	f7ff fbfc 	bl	10001f24 <__wrap___aeabi_dadd>
1000272c:	033b      	lsls	r3, r7, #12
1000272e:	4a70      	ldr	r2, [pc, #448]	; (100028f0 <_etoa+0x404>)
10002730:	0b1b      	lsrs	r3, r3, #12
10002732:	431a      	orrs	r2, r3
10002734:	0004      	movs	r4, r0
10002736:	000d      	movs	r5, r1
10002738:	0030      	movs	r0, r6
1000273a:	0011      	movs	r1, r2
1000273c:	4b6d      	ldr	r3, [pc, #436]	; (100028f4 <_etoa+0x408>)
1000273e:	2200      	movs	r2, #0
10002740:	f7ff fbeb 	bl	10001f1a <__wrap___aeabi_dsub>
10002744:	4a6c      	ldr	r2, [pc, #432]	; (100028f8 <_etoa+0x40c>)
10002746:	4b6d      	ldr	r3, [pc, #436]	; (100028fc <_etoa+0x410>)
10002748:	f7ff fc0b 	bl	10001f62 <__wrap___aeabi_dmul>
1000274c:	0002      	movs	r2, r0
1000274e:	000b      	movs	r3, r1
10002750:	0020      	movs	r0, r4
10002752:	0029      	movs	r1, r5
10002754:	f7ff fbe6 	bl	10001f24 <__wrap___aeabi_dadd>
10002758:	f7ff fc86 	bl	10002068 <__wrap___aeabi_d2iz>
1000275c:	900d      	str	r0, [sp, #52]	; 0x34
1000275e:	f7ff fc6b 	bl	10002038 <__wrap___aeabi_i2d>
10002762:	4a67      	ldr	r2, [pc, #412]	; (10002900 <_etoa+0x414>)
10002764:	4b67      	ldr	r3, [pc, #412]	; (10002904 <_etoa+0x418>)
10002766:	0004      	movs	r4, r0
10002768:	000d      	movs	r5, r1
1000276a:	f7ff fbfa 	bl	10001f62 <__wrap___aeabi_dmul>
1000276e:	2200      	movs	r2, #0
10002770:	4b65      	ldr	r3, [pc, #404]	; (10002908 <_etoa+0x41c>)
10002772:	f7ff fbd7 	bl	10001f24 <__wrap___aeabi_dadd>
10002776:	f7ff fc77 	bl	10002068 <__wrap___aeabi_d2iz>
1000277a:	4a64      	ldr	r2, [pc, #400]	; (1000290c <_etoa+0x420>)
1000277c:	0006      	movs	r6, r0
1000277e:	4b64      	ldr	r3, [pc, #400]	; (10002910 <_etoa+0x424>)
10002780:	0020      	movs	r0, r4
10002782:	0029      	movs	r1, r5
10002784:	f7ff fbed 	bl	10001f62 <__wrap___aeabi_dmul>
10002788:	0004      	movs	r4, r0
1000278a:	0030      	movs	r0, r6
1000278c:	000d      	movs	r5, r1
1000278e:	960f      	str	r6, [sp, #60]	; 0x3c
10002790:	f7ff fc52 	bl	10002038 <__wrap___aeabi_i2d>
10002794:	4a5f      	ldr	r2, [pc, #380]	; (10002914 <_etoa+0x428>)
10002796:	4b60      	ldr	r3, [pc, #384]	; (10002918 <_etoa+0x42c>)
10002798:	f7ff fbe3 	bl	10001f62 <__wrap___aeabi_dmul>
1000279c:	0002      	movs	r2, r0
1000279e:	000b      	movs	r3, r1
100027a0:	0020      	movs	r0, r4
100027a2:	0029      	movs	r1, r5
100027a4:	f7ff fbb9 	bl	10001f1a <__wrap___aeabi_dsub>
100027a8:	0002      	movs	r2, r0
100027aa:	000b      	movs	r3, r1
100027ac:	0006      	movs	r6, r0
100027ae:	000f      	movs	r7, r1
100027b0:	f7ff fbd7 	bl	10001f62 <__wrap___aeabi_dmul>
100027b4:	0032      	movs	r2, r6
100027b6:	0004      	movs	r4, r0
100027b8:	000d      	movs	r5, r1
100027ba:	003b      	movs	r3, r7
100027bc:	0030      	movs	r0, r6
100027be:	0039      	movs	r1, r7
100027c0:	f7ff fbb0 	bl	10001f24 <__wrap___aeabi_dadd>
100027c4:	2200      	movs	r2, #0
100027c6:	9010      	str	r0, [sp, #64]	; 0x40
100027c8:	9111      	str	r1, [sp, #68]	; 0x44
100027ca:	4b54      	ldr	r3, [pc, #336]	; (1000291c <_etoa+0x430>)
100027cc:	0020      	movs	r0, r4
100027ce:	0029      	movs	r1, r5
100027d0:	f7ff fbad 	bl	10001f2e <__wrap___aeabi_ddiv>
100027d4:	2200      	movs	r2, #0
100027d6:	4b52      	ldr	r3, [pc, #328]	; (10002920 <_etoa+0x434>)
100027d8:	f7ff fba4 	bl	10001f24 <__wrap___aeabi_dadd>
100027dc:	0002      	movs	r2, r0
100027de:	000b      	movs	r3, r1
100027e0:	0020      	movs	r0, r4
100027e2:	0029      	movs	r1, r5
100027e4:	f7ff fba3 	bl	10001f2e <__wrap___aeabi_ddiv>
100027e8:	2200      	movs	r2, #0
100027ea:	4b4e      	ldr	r3, [pc, #312]	; (10002924 <_etoa+0x438>)
100027ec:	f7ff fb9a 	bl	10001f24 <__wrap___aeabi_dadd>
100027f0:	0002      	movs	r2, r0
100027f2:	000b      	movs	r3, r1
100027f4:	0020      	movs	r0, r4
100027f6:	0029      	movs	r1, r5
100027f8:	f7ff fb99 	bl	10001f2e <__wrap___aeabi_ddiv>
100027fc:	000d      	movs	r5, r1
100027fe:	2180      	movs	r1, #128	; 0x80
10002800:	0032      	movs	r2, r6
10002802:	0004      	movs	r4, r0
10002804:	003b      	movs	r3, r7
10002806:	2000      	movs	r0, #0
10002808:	05c9      	lsls	r1, r1, #23
1000280a:	f7ff fb86 	bl	10001f1a <__wrap___aeabi_dsub>
1000280e:	0002      	movs	r2, r0
10002810:	000b      	movs	r3, r1
10002812:	0020      	movs	r0, r4
10002814:	0029      	movs	r1, r5
10002816:	f7ff fb85 	bl	10001f24 <__wrap___aeabi_dadd>
1000281a:	0002      	movs	r2, r0
1000281c:	000b      	movs	r3, r1
1000281e:	9810      	ldr	r0, [sp, #64]	; 0x40
10002820:	9911      	ldr	r1, [sp, #68]	; 0x44
10002822:	f7ff fb84 	bl	10001f2e <__wrap___aeabi_ddiv>
10002826:	2200      	movs	r2, #0
10002828:	4b31      	ldr	r3, [pc, #196]	; (100028f0 <_etoa+0x404>)
1000282a:	f7ff fb7b 	bl	10001f24 <__wrap___aeabi_dadd>
1000282e:	4a3e      	ldr	r2, [pc, #248]	; (10002928 <_etoa+0x43c>)
10002830:	9b0f      	ldr	r3, [sp, #60]	; 0x3c
10002832:	4694      	mov	ip, r2
10002834:	4463      	add	r3, ip
10002836:	2200      	movs	r2, #0
10002838:	051b      	lsls	r3, r3, #20
1000283a:	f7ff fb92 	bl	10001f62 <__wrap___aeabi_dmul>
1000283e:	0005      	movs	r5, r0
10002840:	000e      	movs	r6, r1
10002842:	0002      	movs	r2, r0
10002844:	000b      	movs	r3, r1
10002846:	980a      	ldr	r0, [sp, #40]	; 0x28
10002848:	9909      	ldr	r1, [sp, #36]	; 0x24
1000284a:	f7ff fbc9 	bl	10001fe0 <__wrap___aeabi_dcmplt>
1000284e:	2800      	cmp	r0, #0
10002850:	d00a      	beq.n	10002868 <_etoa+0x37c>
10002852:	9b0d      	ldr	r3, [sp, #52]	; 0x34
10002854:	0028      	movs	r0, r5
10002856:	3b01      	subs	r3, #1
10002858:	0031      	movs	r1, r6
1000285a:	930d      	str	r3, [sp, #52]	; 0x34
1000285c:	2200      	movs	r2, #0
1000285e:	4b30      	ldr	r3, [pc, #192]	; (10002920 <_etoa+0x434>)
10002860:	f7ff fb65 	bl	10001f2e <__wrap___aeabi_ddiv>
10002864:	0005      	movs	r5, r0
10002866:	000e      	movs	r6, r1
10002868:	27c6      	movs	r7, #198	; 0xc6
1000286a:	990d      	ldr	r1, [sp, #52]	; 0x34
1000286c:	002b      	movs	r3, r5
1000286e:	3163      	adds	r1, #99	; 0x63
10002870:	428f      	cmp	r7, r1
10002872:	41bf      	sbcs	r7, r7
10002874:	9928      	ldr	r1, [sp, #160]	; 0xa0
10002876:	427f      	negs	r7, r7
10002878:	3704      	adds	r7, #4
1000287a:	0509      	lsls	r1, r1, #20
1000287c:	d400      	bmi.n	10002880 <_etoa+0x394>
1000287e:	e696      	b.n	100025ae <_etoa+0xc2>
10002880:	4333      	orrs	r3, r6
10002882:	d100      	bne.n	10002886 <_etoa+0x39a>
10002884:	e682      	b.n	1000258c <_etoa+0xa0>
10002886:	9c09      	ldr	r4, [sp, #36]	; 0x24
10002888:	4a28      	ldr	r2, [pc, #160]	; (1000292c <_etoa+0x440>)
1000288a:	0021      	movs	r1, r4
1000288c:	4b28      	ldr	r3, [pc, #160]	; (10002930 <_etoa+0x444>)
1000288e:	980a      	ldr	r0, [sp, #40]	; 0x28
10002890:	f7ff fbb4 	bl	10001ffc <__wrap___aeabi_dcmpge>
10002894:	2800      	cmp	r0, #0
10002896:	d008      	beq.n	100028aa <_etoa+0x3be>
10002898:	2200      	movs	r2, #0
1000289a:	0021      	movs	r1, r4
1000289c:	4b25      	ldr	r3, [pc, #148]	; (10002934 <_etoa+0x448>)
1000289e:	980a      	ldr	r0, [sp, #40]	; 0x28
100028a0:	f7ff fb9e 	bl	10001fe0 <__wrap___aeabi_dcmplt>
100028a4:	2800      	cmp	r0, #0
100028a6:	d000      	beq.n	100028aa <_etoa+0x3be>
100028a8:	e670      	b.n	1000258c <_etoa+0xa0>
100028aa:	9b26      	ldr	r3, [sp, #152]	; 0x98
100028ac:	2b00      	cmp	r3, #0
100028ae:	d100      	bne.n	100028b2 <_etoa+0x3c6>
100028b0:	e67d      	b.n	100025ae <_etoa+0xc2>
100028b2:	9b0e      	ldr	r3, [sp, #56]	; 0x38
100028b4:	1e5a      	subs	r2, r3, #1
100028b6:	4193      	sbcs	r3, r2
100028b8:	9a26      	ldr	r2, [sp, #152]	; 0x98
100028ba:	1ad3      	subs	r3, r2, r3
100028bc:	9326      	str	r3, [sp, #152]	; 0x98
100028be:	e676      	b.n	100025ae <_etoa+0xc2>
100028c0:	2300      	movs	r3, #0
100028c2:	2704      	movs	r7, #4
100028c4:	930d      	str	r3, [sp, #52]	; 0x34
100028c6:	e672      	b.n	100025ae <_etoa+0xc2>
100028c8:	4643      	mov	r3, r8
100028ca:	930a      	str	r3, [sp, #40]	; 0x28
100028cc:	2380      	movs	r3, #128	; 0x80
100028ce:	061b      	lsls	r3, r3, #24
100028d0:	4453      	add	r3, sl
100028d2:	9309      	str	r3, [sp, #36]	; 0x24
100028d4:	e642      	b.n	1000255c <_etoa+0x70>
100028d6:	2300      	movs	r3, #0
100028d8:	9326      	str	r3, [sp, #152]	; 0x98
100028da:	e660      	b.n	1000259e <_etoa+0xb2>
100028dc:	fffffc01 	.word	0xfffffc01
100028e0:	509f79fb 	.word	0x509f79fb
100028e4:	3fd34413 	.word	0x3fd34413
100028e8:	8b60c8b3 	.word	0x8b60c8b3
100028ec:	3fc68a28 	.word	0x3fc68a28
100028f0:	3ff00000 	.word	0x3ff00000
100028f4:	3ff80000 	.word	0x3ff80000
100028f8:	636f4361 	.word	0x636f4361
100028fc:	3fd287a7 	.word	0x3fd287a7
10002900:	0979a371 	.word	0x0979a371
10002904:	400a934f 	.word	0x400a934f
10002908:	3fe00000 	.word	0x3fe00000
1000290c:	bbb55516 	.word	0xbbb55516
10002910:	40026bb1 	.word	0x40026bb1
10002914:	fefa39ef 	.word	0xfefa39ef
10002918:	3fe62e42 	.word	0x3fe62e42
1000291c:	402c0000 	.word	0x402c0000
10002920:	40240000 	.word	0x40240000
10002924:	40180000 	.word	0x40180000
10002928:	000003ff 	.word	0x000003ff
1000292c:	eb1c432d 	.word	0xeb1c432d
10002930:	3f1a36e2 	.word	0x3f1a36e2
10002934:	412e8480 	.word	0x412e8480

10002938 <_ftoa>:
10002938:	b5f0      	push	{r4, r5, r6, r7, lr}
1000293a:	464e      	mov	r6, r9
1000293c:	46de      	mov	lr, fp
1000293e:	4657      	mov	r7, sl
10002940:	4645      	mov	r5, r8
10002942:	b5e0      	push	{r5, r6, r7, lr}
10002944:	b097      	sub	sp, #92	; 0x5c
10002946:	4699      	mov	r9, r3
10002948:	9e20      	ldr	r6, [sp, #128]	; 0x80
1000294a:	9f21      	ldr	r7, [sp, #132]	; 0x84
1000294c:	9b22      	ldr	r3, [sp, #136]	; 0x88
1000294e:	4683      	mov	fp, r0
10002950:	4698      	mov	r8, r3
10002952:	9107      	str	r1, [sp, #28]
10002954:	920c      	str	r2, [sp, #48]	; 0x30
10002956:	003b      	movs	r3, r7
10002958:	0032      	movs	r2, r6
1000295a:	0030      	movs	r0, r6
1000295c:	0039      	movs	r1, r7
1000295e:	f7ff fb5a 	bl	10002016 <__wrap___aeabi_dcmpun>
10002962:	2800      	cmp	r0, #0
10002964:	d000      	beq.n	10002968 <_ftoa+0x30>
10002966:	e1a9      	b.n	10002cbc <_ftoa+0x384>
10002968:	2201      	movs	r2, #1
1000296a:	0030      	movs	r0, r6
1000296c:	0039      	movs	r1, r7
1000296e:	4bca      	ldr	r3, [pc, #808]	; (10002c98 <_ftoa+0x360>)
10002970:	4252      	negs	r2, r2
10002972:	f7ff fb35 	bl	10001fe0 <__wrap___aeabi_dcmplt>
10002976:	2800      	cmp	r0, #0
10002978:	d000      	beq.n	1000297c <_ftoa+0x44>
1000297a:	e0e1      	b.n	10002b40 <_ftoa+0x208>
1000297c:	2201      	movs	r2, #1
1000297e:	0030      	movs	r0, r6
10002980:	0039      	movs	r1, r7
10002982:	4bc6      	ldr	r3, [pc, #792]	; (10002c9c <_ftoa+0x364>)
10002984:	4252      	negs	r2, r2
10002986:	f7ff fb41 	bl	1000200c <__wrap___aeabi_dcmpgt>
1000298a:	2800      	cmp	r0, #0
1000298c:	d000      	beq.n	10002990 <_ftoa+0x58>
1000298e:	e0b7      	b.n	10002b00 <_ftoa+0x1c8>
10002990:	2200      	movs	r2, #0
10002992:	0030      	movs	r0, r6
10002994:	0039      	movs	r1, r7
10002996:	4bc2      	ldr	r3, [pc, #776]	; (10002ca0 <_ftoa+0x368>)
10002998:	f7ff fb38 	bl	1000200c <__wrap___aeabi_dcmpgt>
1000299c:	2800      	cmp	r0, #0
1000299e:	d000      	beq.n	100029a2 <_ftoa+0x6a>
100029a0:	e099      	b.n	10002ad6 <_ftoa+0x19e>
100029a2:	2200      	movs	r2, #0
100029a4:	0030      	movs	r0, r6
100029a6:	0039      	movs	r1, r7
100029a8:	4bbe      	ldr	r3, [pc, #760]	; (10002ca4 <_ftoa+0x36c>)
100029aa:	f7ff fb19 	bl	10001fe0 <__wrap___aeabi_dcmplt>
100029ae:	2800      	cmp	r0, #0
100029b0:	d000      	beq.n	100029b4 <_ftoa+0x7c>
100029b2:	e090      	b.n	10002ad6 <_ftoa+0x19e>
100029b4:	2200      	movs	r2, #0
100029b6:	2300      	movs	r3, #0
100029b8:	0030      	movs	r0, r6
100029ba:	0039      	movs	r1, r7
100029bc:	f7ff fb10 	bl	10001fe0 <__wrap___aeabi_dcmplt>
100029c0:	2800      	cmp	r0, #0
100029c2:	d000      	beq.n	100029c6 <_ftoa+0x8e>
100029c4:	e0b1      	b.n	10002b2a <_ftoa+0x1f2>
100029c6:	2300      	movs	r3, #0
100029c8:	930d      	str	r3, [sp, #52]	; 0x34
100029ca:	9b24      	ldr	r3, [sp, #144]	; 0x90
100029cc:	055b      	lsls	r3, r3, #21
100029ce:	d401      	bmi.n	100029d4 <_ftoa+0x9c>
100029d0:	2306      	movs	r3, #6
100029d2:	4698      	mov	r8, r3
100029d4:	ab08      	add	r3, sp, #32
100029d6:	469c      	mov	ip, r3
100029d8:	2217      	movs	r2, #23
100029da:	2400      	movs	r4, #0
100029dc:	2330      	movs	r3, #48	; 0x30
100029de:	4641      	mov	r1, r8
100029e0:	4462      	add	r2, ip
100029e2:	e004      	b.n	100029ee <_ftoa+0xb6>
100029e4:	3401      	adds	r4, #1
100029e6:	5513      	strb	r3, [r2, r4]
100029e8:	3901      	subs	r1, #1
100029ea:	2c20      	cmp	r4, #32
100029ec:	d001      	beq.n	100029f2 <_ftoa+0xba>
100029ee:	2909      	cmp	r1, #9
100029f0:	d8f8      	bhi.n	100029e4 <_ftoa+0xac>
100029f2:	4688      	mov	r8, r1
100029f4:	0030      	movs	r0, r6
100029f6:	0039      	movs	r1, r7
100029f8:	f7ff fb36 	bl	10002068 <__wrap___aeabi_d2iz>
100029fc:	4643      	mov	r3, r8
100029fe:	00da      	lsls	r2, r3, #3
10002a00:	4ba9      	ldr	r3, [pc, #676]	; (10002ca8 <_ftoa+0x370>)
10002a02:	0005      	movs	r5, r0
10002a04:	189b      	adds	r3, r3, r2
10002a06:	681a      	ldr	r2, [r3, #0]
10002a08:	685b      	ldr	r3, [r3, #4]
10002a0a:	9208      	str	r2, [sp, #32]
10002a0c:	9309      	str	r3, [sp, #36]	; 0x24
10002a0e:	f7ff fb13 	bl	10002038 <__wrap___aeabi_i2d>
10002a12:	0002      	movs	r2, r0
10002a14:	000b      	movs	r3, r1
10002a16:	0030      	movs	r0, r6
10002a18:	0039      	movs	r1, r7
10002a1a:	f7ff fa7e 	bl	10001f1a <__wrap___aeabi_dsub>
10002a1e:	9a08      	ldr	r2, [sp, #32]
10002a20:	9b09      	ldr	r3, [sp, #36]	; 0x24
10002a22:	f7ff fa9e 	bl	10001f62 <__wrap___aeabi_dmul>
10002a26:	900a      	str	r0, [sp, #40]	; 0x28
10002a28:	910b      	str	r1, [sp, #44]	; 0x2c
10002a2a:	f7ff fb41 	bl	100020b0 <__wrap___aeabi_d2uiz>
10002a2e:	4682      	mov	sl, r0
10002a30:	f7ff fafe 	bl	10002030 <__wrap___aeabi_ui2d>
10002a34:	0002      	movs	r2, r0
10002a36:	000b      	movs	r3, r1
10002a38:	980a      	ldr	r0, [sp, #40]	; 0x28
10002a3a:	990b      	ldr	r1, [sp, #44]	; 0x2c
10002a3c:	f7ff fa6d 	bl	10001f1a <__wrap___aeabi_dsub>
10002a40:	2200      	movs	r2, #0
10002a42:	4b9a      	ldr	r3, [pc, #616]	; (10002cac <_ftoa+0x374>)
10002a44:	900a      	str	r0, [sp, #40]	; 0x28
10002a46:	910b      	str	r1, [sp, #44]	; 0x2c
10002a48:	f7ff fae0 	bl	1000200c <__wrap___aeabi_dcmpgt>
10002a4c:	2800      	cmp	r0, #0
10002a4e:	d100      	bne.n	10002a52 <_ftoa+0x11a>
10002a50:	e0c0      	b.n	10002bd4 <_ftoa+0x29c>
10002a52:	2301      	movs	r3, #1
10002a54:	469c      	mov	ip, r3
10002a56:	44e2      	add	sl, ip
10002a58:	4650      	mov	r0, sl
10002a5a:	f7ff fae9 	bl	10002030 <__wrap___aeabi_ui2d>
10002a5e:	0002      	movs	r2, r0
10002a60:	000b      	movs	r3, r1
10002a62:	9808      	ldr	r0, [sp, #32]
10002a64:	9909      	ldr	r1, [sp, #36]	; 0x24
10002a66:	f7ff fac1 	bl	10001fec <__wrap___aeabi_dcmple>
10002a6a:	2800      	cmp	r0, #0
10002a6c:	d002      	beq.n	10002a74 <_ftoa+0x13c>
10002a6e:	2300      	movs	r3, #0
10002a70:	469a      	mov	sl, r3
10002a72:	3501      	adds	r5, #1
10002a74:	4643      	mov	r3, r8
10002a76:	2b00      	cmp	r3, #0
10002a78:	d06a      	beq.n	10002b50 <_ftoa+0x218>
10002a7a:	ab08      	add	r3, sp, #32
10002a7c:	2617      	movs	r6, #23
10002a7e:	469c      	mov	ip, r3
10002a80:	9508      	str	r5, [sp, #32]
10002a82:	4466      	add	r6, ip
10002a84:	4655      	mov	r5, sl
10002a86:	e014      	b.n	10002ab2 <_ftoa+0x17a>
10002a88:	2301      	movs	r3, #1
10002a8a:	425b      	negs	r3, r3
10002a8c:	4443      	add	r3, r8
10002a8e:	210a      	movs	r1, #10
10002a90:	0028      	movs	r0, r5
10002a92:	469a      	mov	sl, r3
10002a94:	f7ff f806 	bl	10001aa4 <__wrap___aeabi_uidiv>
10002a98:	3401      	adds	r4, #1
10002a9a:	3130      	adds	r1, #48	; 0x30
10002a9c:	1937      	adds	r7, r6, r4
10002a9e:	7039      	strb	r1, [r7, #0]
10002aa0:	0028      	movs	r0, r5
10002aa2:	210a      	movs	r1, #10
10002aa4:	f7fe fffe 	bl	10001aa4 <__wrap___aeabi_uidiv>
10002aa8:	2d09      	cmp	r5, #9
10002aaa:	d800      	bhi.n	10002aae <_ftoa+0x176>
10002aac:	e0d0      	b.n	10002c50 <_ftoa+0x318>
10002aae:	46d0      	mov	r8, sl
10002ab0:	0005      	movs	r5, r0
10002ab2:	2c20      	cmp	r4, #32
10002ab4:	d1e8      	bne.n	10002a88 <_ftoa+0x150>
10002ab6:	ab0e      	add	r3, sp, #56	; 0x38
10002ab8:	4698      	mov	r8, r3
10002aba:	2303      	movs	r3, #3
10002abc:	9a24      	ldr	r2, [sp, #144]	; 0x90
10002abe:	4013      	ands	r3, r2
10002ac0:	2b01      	cmp	r3, #1
10002ac2:	d100      	bne.n	10002ac6 <_ftoa+0x18e>
10002ac4:	e096      	b.n	10002bf4 <_ftoa+0x2bc>
10002ac6:	2320      	movs	r3, #32
10002ac8:	9a24      	ldr	r2, [sp, #144]	; 0x90
10002aca:	9301      	str	r3, [sp, #4]
10002acc:	9203      	str	r2, [sp, #12]
10002ace:	9a23      	ldr	r2, [sp, #140]	; 0x8c
10002ad0:	4643      	mov	r3, r8
10002ad2:	9202      	str	r2, [sp, #8]
10002ad4:	e01e      	b.n	10002b14 <_ftoa+0x1dc>
10002ad6:	9b24      	ldr	r3, [sp, #144]	; 0x90
10002ad8:	4658      	mov	r0, fp
10002ada:	9304      	str	r3, [sp, #16]
10002adc:	9b23      	ldr	r3, [sp, #140]	; 0x8c
10002ade:	9600      	str	r6, [sp, #0]
10002ae0:	9701      	str	r7, [sp, #4]
10002ae2:	9303      	str	r3, [sp, #12]
10002ae4:	4643      	mov	r3, r8
10002ae6:	9a0c      	ldr	r2, [sp, #48]	; 0x30
10002ae8:	9302      	str	r3, [sp, #8]
10002aea:	9907      	ldr	r1, [sp, #28]
10002aec:	464b      	mov	r3, r9
10002aee:	f7ff fcfd 	bl	100024ec <_etoa>
10002af2:	b017      	add	sp, #92	; 0x5c
10002af4:	bcf0      	pop	{r4, r5, r6, r7}
10002af6:	46bb      	mov	fp, r7
10002af8:	46b2      	mov	sl, r6
10002afa:	46a9      	mov	r9, r5
10002afc:	46a0      	mov	r8, r4
10002afe:	bdf0      	pop	{r4, r5, r6, r7, pc}
10002b00:	9b24      	ldr	r3, [sp, #144]	; 0x90
10002b02:	075b      	lsls	r3, r3, #29
10002b04:	d40e      	bmi.n	10002b24 <_ftoa+0x1ec>
10002b06:	2203      	movs	r2, #3
10002b08:	4b69      	ldr	r3, [pc, #420]	; (10002cb0 <_ftoa+0x378>)
10002b0a:	9924      	ldr	r1, [sp, #144]	; 0x90
10002b0c:	9201      	str	r2, [sp, #4]
10002b0e:	9103      	str	r1, [sp, #12]
10002b10:	9923      	ldr	r1, [sp, #140]	; 0x8c
10002b12:	9102      	str	r1, [sp, #8]
10002b14:	9300      	str	r3, [sp, #0]
10002b16:	4658      	mov	r0, fp
10002b18:	464b      	mov	r3, r9
10002b1a:	9a0c      	ldr	r2, [sp, #48]	; 0x30
10002b1c:	9907      	ldr	r1, [sp, #28]
10002b1e:	f7ff fba1 	bl	10002264 <_out_rev>
10002b22:	e7e6      	b.n	10002af2 <_ftoa+0x1ba>
10002b24:	2204      	movs	r2, #4
10002b26:	4b63      	ldr	r3, [pc, #396]	; (10002cb4 <_ftoa+0x37c>)
10002b28:	e7ef      	b.n	10002b0a <_ftoa+0x1d2>
10002b2a:	003b      	movs	r3, r7
10002b2c:	0032      	movs	r2, r6
10002b2e:	2000      	movs	r0, #0
10002b30:	2100      	movs	r1, #0
10002b32:	f7ff f9f2 	bl	10001f1a <__wrap___aeabi_dsub>
10002b36:	2301      	movs	r3, #1
10002b38:	0006      	movs	r6, r0
10002b3a:	000f      	movs	r7, r1
10002b3c:	930d      	str	r3, [sp, #52]	; 0x34
10002b3e:	e744      	b.n	100029ca <_ftoa+0x92>
10002b40:	9b24      	ldr	r3, [sp, #144]	; 0x90
10002b42:	9303      	str	r3, [sp, #12]
10002b44:	9b23      	ldr	r3, [sp, #140]	; 0x8c
10002b46:	9302      	str	r3, [sp, #8]
10002b48:	2304      	movs	r3, #4
10002b4a:	9301      	str	r3, [sp, #4]
10002b4c:	4b5a      	ldr	r3, [pc, #360]	; (10002cb8 <_ftoa+0x380>)
10002b4e:	e7e1      	b.n	10002b14 <_ftoa+0x1dc>
10002b50:	0028      	movs	r0, r5
10002b52:	f7ff fa71 	bl	10002038 <__wrap___aeabi_i2d>
10002b56:	0002      	movs	r2, r0
10002b58:	000b      	movs	r3, r1
10002b5a:	0030      	movs	r0, r6
10002b5c:	0039      	movs	r1, r7
10002b5e:	f7ff f9dc 	bl	10001f1a <__wrap___aeabi_dsub>
10002b62:	4b52      	ldr	r3, [pc, #328]	; (10002cac <_ftoa+0x374>)
10002b64:	2200      	movs	r2, #0
10002b66:	0006      	movs	r6, r0
10002b68:	000f      	movs	r7, r1
10002b6a:	f7ff fa39 	bl	10001fe0 <__wrap___aeabi_dcmplt>
10002b6e:	ab0e      	add	r3, sp, #56	; 0x38
10002b70:	4698      	mov	r8, r3
10002b72:	2800      	cmp	r0, #0
10002b74:	d10a      	bne.n	10002b8c <_ftoa+0x254>
10002b76:	2200      	movs	r2, #0
10002b78:	0030      	movs	r0, r6
10002b7a:	0039      	movs	r1, r7
10002b7c:	4b4b      	ldr	r3, [pc, #300]	; (10002cac <_ftoa+0x374>)
10002b7e:	f7ff fa45 	bl	1000200c <__wrap___aeabi_dcmpgt>
10002b82:	2800      	cmp	r0, #0
10002b84:	d102      	bne.n	10002b8c <_ftoa+0x254>
10002b86:	07eb      	lsls	r3, r5, #31
10002b88:	d500      	bpl.n	10002b8c <_ftoa+0x254>
10002b8a:	3501      	adds	r5, #1
10002b8c:	2c20      	cmp	r4, #32
10002b8e:	d094      	beq.n	10002aba <_ftoa+0x182>
10002b90:	aa08      	add	r2, sp, #32
10002b92:	4694      	mov	ip, r2
10002b94:	2317      	movs	r3, #23
10002b96:	0028      	movs	r0, r5
10002b98:	4463      	add	r3, ip
10002b9a:	210a      	movs	r1, #10
10002b9c:	3401      	adds	r4, #1
10002b9e:	191e      	adds	r6, r3, r4
10002ba0:	f7fe ff58 	bl	10001a54 <__wrap___aeabi_idiv>
10002ba4:	3130      	adds	r1, #48	; 0x30
10002ba6:	0028      	movs	r0, r5
10002ba8:	7031      	strb	r1, [r6, #0]
10002baa:	210a      	movs	r1, #10
10002bac:	f7fe ff52 	bl	10001a54 <__wrap___aeabi_idiv>
10002bb0:	1e05      	subs	r5, r0, #0
10002bb2:	d1eb      	bne.n	10002b8c <_ftoa+0x254>
10002bb4:	2303      	movs	r3, #3
10002bb6:	9a24      	ldr	r2, [sp, #144]	; 0x90
10002bb8:	4013      	ands	r3, r2
10002bba:	2b01      	cmp	r3, #1
10002bbc:	d01b      	beq.n	10002bf6 <_ftoa+0x2be>
10002bbe:	2c20      	cmp	r4, #32
10002bc0:	d100      	bne.n	10002bc4 <_ftoa+0x28c>
10002bc2:	e780      	b.n	10002ac6 <_ftoa+0x18e>
10002bc4:	9b0d      	ldr	r3, [sp, #52]	; 0x34
10002bc6:	2b00      	cmp	r3, #0
10002bc8:	d035      	beq.n	10002c36 <_ftoa+0x2fe>
10002bca:	222d      	movs	r2, #45	; 0x2d
10002bcc:	4641      	mov	r1, r8
10002bce:	1c63      	adds	r3, r4, #1
10002bd0:	550a      	strb	r2, [r1, r4]
10002bd2:	e779      	b.n	10002ac8 <_ftoa+0x190>
10002bd4:	2200      	movs	r2, #0
10002bd6:	980a      	ldr	r0, [sp, #40]	; 0x28
10002bd8:	990b      	ldr	r1, [sp, #44]	; 0x2c
10002bda:	4b34      	ldr	r3, [pc, #208]	; (10002cac <_ftoa+0x374>)
10002bdc:	f7ff fa00 	bl	10001fe0 <__wrap___aeabi_dcmplt>
10002be0:	2800      	cmp	r0, #0
10002be2:	d000      	beq.n	10002be6 <_ftoa+0x2ae>
10002be4:	e746      	b.n	10002a74 <_ftoa+0x13c>
10002be6:	4653      	mov	r3, sl
10002be8:	2b00      	cmp	r3, #0
10002bea:	d151      	bne.n	10002c90 <_ftoa+0x358>
10002bec:	2301      	movs	r3, #1
10002bee:	469c      	mov	ip, r3
10002bf0:	44e2      	add	sl, ip
10002bf2:	e73f      	b.n	10002a74 <_ftoa+0x13c>
10002bf4:	2420      	movs	r4, #32
10002bf6:	9b23      	ldr	r3, [sp, #140]	; 0x8c
10002bf8:	2b00      	cmp	r3, #0
10002bfa:	d0e0      	beq.n	10002bbe <_ftoa+0x286>
10002bfc:	9b0d      	ldr	r3, [sp, #52]	; 0x34
10002bfe:	2b00      	cmp	r3, #0
10002c00:	d103      	bne.n	10002c0a <_ftoa+0x2d2>
10002c02:	9a24      	ldr	r2, [sp, #144]	; 0x90
10002c04:	330c      	adds	r3, #12
10002c06:	4213      	tst	r3, r2
10002c08:	d002      	beq.n	10002c10 <_ftoa+0x2d8>
10002c0a:	9b23      	ldr	r3, [sp, #140]	; 0x8c
10002c0c:	3b01      	subs	r3, #1
10002c0e:	9323      	str	r3, [sp, #140]	; 0x8c
10002c10:	9b23      	ldr	r3, [sp, #140]	; 0x8c
10002c12:	42a3      	cmp	r3, r4
10002c14:	d9d3      	bls.n	10002bbe <_ftoa+0x286>
10002c16:	ab08      	add	r3, sp, #32
10002c18:	469c      	mov	ip, r3
10002c1a:	2217      	movs	r2, #23
10002c1c:	2330      	movs	r3, #48	; 0x30
10002c1e:	4462      	add	r2, ip
10002c20:	2c20      	cmp	r4, #32
10002c22:	d100      	bne.n	10002c26 <_ftoa+0x2ee>
10002c24:	e74f      	b.n	10002ac6 <_ftoa+0x18e>
10002c26:	9923      	ldr	r1, [sp, #140]	; 0x8c
10002c28:	3401      	adds	r4, #1
10002c2a:	5513      	strb	r3, [r2, r4]
10002c2c:	428c      	cmp	r4, r1
10002c2e:	d0c6      	beq.n	10002bbe <_ftoa+0x286>
10002c30:	2c20      	cmp	r4, #32
10002c32:	d1f8      	bne.n	10002c26 <_ftoa+0x2ee>
10002c34:	e747      	b.n	10002ac6 <_ftoa+0x18e>
10002c36:	9b24      	ldr	r3, [sp, #144]	; 0x90
10002c38:	075b      	lsls	r3, r3, #29
10002c3a:	d424      	bmi.n	10002c86 <_ftoa+0x34e>
10002c3c:	9a24      	ldr	r2, [sp, #144]	; 0x90
10002c3e:	0023      	movs	r3, r4
10002c40:	0712      	lsls	r2, r2, #28
10002c42:	d400      	bmi.n	10002c46 <_ftoa+0x30e>
10002c44:	e740      	b.n	10002ac8 <_ftoa+0x190>
10002c46:	2220      	movs	r2, #32
10002c48:	4641      	mov	r1, r8
10002c4a:	3301      	adds	r3, #1
10002c4c:	550a      	strb	r2, [r1, r4]
10002c4e:	e73b      	b.n	10002ac8 <_ftoa+0x190>
10002c50:	4657      	mov	r7, sl
10002c52:	9d08      	ldr	r5, [sp, #32]
10002c54:	2c20      	cmp	r4, #32
10002c56:	d100      	bne.n	10002c5a <_ftoa+0x322>
10002c58:	e72d      	b.n	10002ab6 <_ftoa+0x17e>
10002c5a:	0022      	movs	r2, r4
10002c5c:	2130      	movs	r1, #48	; 0x30
10002c5e:	4640      	mov	r0, r8
10002c60:	2f00      	cmp	r7, #0
10002c62:	d009      	beq.n	10002c78 <_ftoa+0x340>
10002c64:	3201      	adds	r2, #1
10002c66:	54b1      	strb	r1, [r6, r2]
10002c68:	2a20      	cmp	r2, #32
10002c6a:	d100      	bne.n	10002c6e <_ftoa+0x336>
10002c6c:	e723      	b.n	10002ab6 <_ftoa+0x17e>
10002c6e:	43d3      	mvns	r3, r2
10002c70:	191b      	adds	r3, r3, r4
10002c72:	181b      	adds	r3, r3, r0
10002c74:	2b00      	cmp	r3, #0
10002c76:	d1f5      	bne.n	10002c64 <_ftoa+0x32c>
10002c78:	ab0e      	add	r3, sp, #56	; 0x38
10002c7a:	4698      	mov	r8, r3
10002c7c:	232e      	movs	r3, #46	; 0x2e
10002c7e:	4641      	mov	r1, r8
10002c80:	1c54      	adds	r4, r2, #1
10002c82:	548b      	strb	r3, [r1, r2]
10002c84:	e782      	b.n	10002b8c <_ftoa+0x254>
10002c86:	222b      	movs	r2, #43	; 0x2b
10002c88:	4641      	mov	r1, r8
10002c8a:	1c63      	adds	r3, r4, #1
10002c8c:	550a      	strb	r2, [r1, r4]
10002c8e:	e71b      	b.n	10002ac8 <_ftoa+0x190>
10002c90:	07db      	lsls	r3, r3, #31
10002c92:	d400      	bmi.n	10002c96 <_ftoa+0x35e>
10002c94:	e6ee      	b.n	10002a74 <_ftoa+0x13c>
10002c96:	e7a9      	b.n	10002bec <_ftoa+0x2b4>
10002c98:	ffefffff 	.word	0xffefffff
10002c9c:	7fefffff 	.word	0x7fefffff
10002ca0:	41cdcd65 	.word	0x41cdcd65
10002ca4:	c1cdcd65 	.word	0xc1cdcd65
10002ca8:	10007e50 	.word	0x10007e50
10002cac:	3fe00000 	.word	0x3fe00000
10002cb0:	10007c58 	.word	0x10007c58
10002cb4:	10007c5c 	.word	0x10007c5c
10002cb8:	10007c68 	.word	0x10007c68
10002cbc:	9b24      	ldr	r3, [sp, #144]	; 0x90
10002cbe:	9303      	str	r3, [sp, #12]
10002cc0:	9b23      	ldr	r3, [sp, #140]	; 0x8c
10002cc2:	9302      	str	r3, [sp, #8]
10002cc4:	2303      	movs	r3, #3
10002cc6:	9301      	str	r3, [sp, #4]
10002cc8:	4b00      	ldr	r3, [pc, #0]	; (10002ccc <_ftoa+0x394>)
10002cca:	e723      	b.n	10002b14 <_ftoa+0x1dc>
10002ccc:	10007c64 	.word	0x10007c64

10002cd0 <_vsnprintf>:
10002cd0:	b5f0      	push	{r4, r5, r6, r7, lr}
10002cd2:	46de      	mov	lr, fp
10002cd4:	464e      	mov	r6, r9
10002cd6:	4657      	mov	r7, sl
10002cd8:	4645      	mov	r5, r8
10002cda:	b5e0      	push	{r5, r6, r7, lr}
10002cdc:	b09f      	sub	sp, #124	; 0x7c
10002cde:	001c      	movs	r4, r3
10002ce0:	9b28      	ldr	r3, [sp, #160]	; 0xa0
10002ce2:	4691      	mov	r9, r2
10002ce4:	9309      	str	r3, [sp, #36]	; 0x24
10002ce6:	4ac9      	ldr	r2, [pc, #804]	; (1000300c <_vsnprintf+0x33c>)
10002ce8:	4bc9      	ldr	r3, [pc, #804]	; (10003010 <_vsnprintf+0x340>)
10002cea:	468b      	mov	fp, r1
10002cec:	9008      	str	r0, [sp, #32]
10002cee:	601a      	str	r2, [r3, #0]
10002cf0:	2900      	cmp	r1, #0
10002cf2:	d100      	bne.n	10002cf6 <_vsnprintf+0x26>
10002cf4:	e218      	b.n	10003128 <_vsnprintf+0x458>
10002cf6:	2300      	movs	r3, #0
10002cf8:	7820      	ldrb	r0, [r4, #0]
10002cfa:	469a      	mov	sl, r3
10002cfc:	2800      	cmp	r0, #0
10002cfe:	d100      	bne.n	10002d02 <_vsnprintf+0x32>
10002d00:	e21a      	b.n	10003138 <_vsnprintf+0x468>
10002d02:	0026      	movs	r6, r4
10002d04:	001d      	movs	r5, r3
10002d06:	465c      	mov	r4, fp
10002d08:	e00a      	b.n	10002d20 <_vsnprintf+0x50>
10002d0a:	002a      	movs	r2, r5
10002d0c:	1c6f      	adds	r7, r5, #1
10002d0e:	464b      	mov	r3, r9
10002d10:	9d08      	ldr	r5, [sp, #32]
10002d12:	0021      	movs	r1, r4
10002d14:	47a8      	blx	r5
10002d16:	003d      	movs	r5, r7
10002d18:	3601      	adds	r6, #1
10002d1a:	7830      	ldrb	r0, [r6, #0]
10002d1c:	2800      	cmp	r0, #0
10002d1e:	d070      	beq.n	10002e02 <_vsnprintf+0x132>
10002d20:	2825      	cmp	r0, #37	; 0x25
10002d22:	d1f2      	bne.n	10002d0a <_vsnprintf+0x3a>
10002d24:	2310      	movs	r3, #16
10002d26:	469b      	mov	fp, r3
10002d28:	3b08      	subs	r3, #8
10002d2a:	469a      	mov	sl, r3
10002d2c:	3b04      	subs	r3, #4
10002d2e:	4698      	mov	r8, r3
10002d30:	3b02      	subs	r3, #2
10002d32:	2100      	movs	r1, #0
10002d34:	469c      	mov	ip, r3
10002d36:	1c72      	adds	r2, r6, #1
10002d38:	7810      	ldrb	r0, [r2, #0]
10002d3a:	0016      	movs	r6, r2
10002d3c:	0003      	movs	r3, r0
10002d3e:	3b20      	subs	r3, #32
10002d40:	b2db      	uxtb	r3, r3
10002d42:	2b10      	cmp	r3, #16
10002d44:	d803      	bhi.n	10002d4e <_vsnprintf+0x7e>
10002d46:	4fb3      	ldr	r7, [pc, #716]	; (10003014 <_vsnprintf+0x344>)
10002d48:	009b      	lsls	r3, r3, #2
10002d4a:	58fb      	ldr	r3, [r7, r3]
10002d4c:	469f      	mov	pc, r3
10002d4e:	0003      	movs	r3, r0
10002d50:	3b30      	subs	r3, #48	; 0x30
10002d52:	2b09      	cmp	r3, #9
10002d54:	d932      	bls.n	10002dbc <_vsnprintf+0xec>
10002d56:	2300      	movs	r3, #0
10002d58:	930a      	str	r3, [sp, #40]	; 0x28
10002d5a:	282a      	cmp	r0, #42	; 0x2a
10002d5c:	d068      	beq.n	10002e30 <_vsnprintf+0x160>
10002d5e:	2300      	movs	r3, #0
10002d60:	4698      	mov	r8, r3
10002d62:	282e      	cmp	r0, #46	; 0x2e
10002d64:	d03e      	beq.n	10002de4 <_vsnprintf+0x114>
10002d66:	0003      	movs	r3, r0
10002d68:	3b68      	subs	r3, #104	; 0x68
10002d6a:	b2db      	uxtb	r3, r3
10002d6c:	2b12      	cmp	r3, #18
10002d6e:	d81c      	bhi.n	10002daa <_vsnprintf+0xda>
10002d70:	4aa9      	ldr	r2, [pc, #676]	; (10003018 <_vsnprintf+0x348>)
10002d72:	009b      	lsls	r3, r3, #2
10002d74:	58d3      	ldr	r3, [r2, r3]
10002d76:	469f      	mov	pc, r3
10002d78:	2301      	movs	r3, #1
10002d7a:	3201      	adds	r2, #1
10002d7c:	4319      	orrs	r1, r3
10002d7e:	e7db      	b.n	10002d38 <_vsnprintf+0x68>
10002d80:	4663      	mov	r3, ip
10002d82:	3201      	adds	r2, #1
10002d84:	4319      	orrs	r1, r3
10002d86:	e7d7      	b.n	10002d38 <_vsnprintf+0x68>
10002d88:	4643      	mov	r3, r8
10002d8a:	3201      	adds	r2, #1
10002d8c:	4319      	orrs	r1, r3
10002d8e:	e7d3      	b.n	10002d38 <_vsnprintf+0x68>
10002d90:	465b      	mov	r3, fp
10002d92:	3201      	adds	r2, #1
10002d94:	4319      	orrs	r1, r3
10002d96:	e7cf      	b.n	10002d38 <_vsnprintf+0x68>
10002d98:	4653      	mov	r3, sl
10002d9a:	3201      	adds	r2, #1
10002d9c:	4319      	orrs	r1, r3
10002d9e:	e7cb      	b.n	10002d38 <_vsnprintf+0x68>
10002da0:	2380      	movs	r3, #128	; 0x80
10002da2:	005b      	lsls	r3, r3, #1
10002da4:	7870      	ldrb	r0, [r6, #1]
10002da6:	4319      	orrs	r1, r3
10002da8:	3601      	adds	r6, #1
10002daa:	0003      	movs	r3, r0
10002dac:	3b25      	subs	r3, #37	; 0x25
10002dae:	b2db      	uxtb	r3, r3
10002db0:	2b53      	cmp	r3, #83	; 0x53
10002db2:	d8aa      	bhi.n	10002d0a <_vsnprintf+0x3a>
10002db4:	4a99      	ldr	r2, [pc, #612]	; (1000301c <_vsnprintf+0x34c>)
10002db6:	009b      	lsls	r3, r3, #2
10002db8:	58d3      	ldr	r3, [r2, r3]
10002dba:	469f      	mov	pc, r3
10002dbc:	2700      	movs	r7, #0
10002dbe:	0003      	movs	r3, r0
10002dc0:	00b8      	lsls	r0, r7, #2
10002dc2:	19c0      	adds	r0, r0, r7
10002dc4:	3601      	adds	r6, #1
10002dc6:	0040      	lsls	r0, r0, #1
10002dc8:	18c0      	adds	r0, r0, r3
10002dca:	7833      	ldrb	r3, [r6, #0]
10002dcc:	3830      	subs	r0, #48	; 0x30
10002dce:	001a      	movs	r2, r3
10002dd0:	3a30      	subs	r2, #48	; 0x30
10002dd2:	0007      	movs	r7, r0
10002dd4:	2a09      	cmp	r2, #9
10002dd6:	d9f3      	bls.n	10002dc0 <_vsnprintf+0xf0>
10002dd8:	900a      	str	r0, [sp, #40]	; 0x28
10002dda:	0018      	movs	r0, r3
10002ddc:	2300      	movs	r3, #0
10002dde:	4698      	mov	r8, r3
10002de0:	282e      	cmp	r0, #46	; 0x2e
10002de2:	d1c0      	bne.n	10002d66 <_vsnprintf+0x96>
10002de4:	2380      	movs	r3, #128	; 0x80
10002de6:	7870      	ldrb	r0, [r6, #1]
10002de8:	00db      	lsls	r3, r3, #3
10002dea:	4319      	orrs	r1, r3
10002dec:	0003      	movs	r3, r0
10002dee:	3b30      	subs	r3, #48	; 0x30
10002df0:	1c72      	adds	r2, r6, #1
10002df2:	2b09      	cmp	r3, #9
10002df4:	d800      	bhi.n	10002df8 <_vsnprintf+0x128>
10002df6:	e1a1      	b.n	1000313c <_vsnprintf+0x46c>
10002df8:	282a      	cmp	r0, #42	; 0x2a
10002dfa:	d100      	bne.n	10002dfe <_vsnprintf+0x12e>
10002dfc:	e1b2      	b.n	10003164 <_vsnprintf+0x494>
10002dfe:	0016      	movs	r6, r2
10002e00:	e7b1      	b.n	10002d66 <_vsnprintf+0x96>
10002e02:	46a3      	mov	fp, r4
10002e04:	46aa      	mov	sl, r5
10002e06:	002c      	movs	r4, r5
10002e08:	45d1      	cmp	r9, sl
10002e0a:	d803      	bhi.n	10002e14 <_vsnprintf+0x144>
10002e0c:	2301      	movs	r3, #1
10002e0e:	425b      	negs	r3, r3
10002e10:	444b      	add	r3, r9
10002e12:	469a      	mov	sl, r3
10002e14:	464b      	mov	r3, r9
10002e16:	4652      	mov	r2, sl
10002e18:	4659      	mov	r1, fp
10002e1a:	2000      	movs	r0, #0
10002e1c:	9d08      	ldr	r5, [sp, #32]
10002e1e:	47a8      	blx	r5
10002e20:	0020      	movs	r0, r4
10002e22:	b01f      	add	sp, #124	; 0x7c
10002e24:	bcf0      	pop	{r4, r5, r6, r7}
10002e26:	46bb      	mov	fp, r7
10002e28:	46b2      	mov	sl, r6
10002e2a:	46a9      	mov	r9, r5
10002e2c:	46a0      	mov	r8, r4
10002e2e:	bdf0      	pop	{r4, r5, r6, r7, pc}
10002e30:	9b09      	ldr	r3, [sp, #36]	; 0x24
10002e32:	cb40      	ldmia	r3!, {r6}
10002e34:	960a      	str	r6, [sp, #40]	; 0x28
10002e36:	2e00      	cmp	r6, #0
10002e38:	db03      	blt.n	10002e42 <_vsnprintf+0x172>
10002e3a:	7850      	ldrb	r0, [r2, #1]
10002e3c:	9309      	str	r3, [sp, #36]	; 0x24
10002e3e:	1c56      	adds	r6, r2, #1
10002e40:	e78d      	b.n	10002d5e <_vsnprintf+0x8e>
10002e42:	3828      	subs	r0, #40	; 0x28
10002e44:	4301      	orrs	r1, r0
10002e46:	4270      	negs	r0, r6
10002e48:	900a      	str	r0, [sp, #40]	; 0x28
10002e4a:	9309      	str	r3, [sp, #36]	; 0x24
10002e4c:	7850      	ldrb	r0, [r2, #1]
10002e4e:	1c56      	adds	r6, r2, #1
10002e50:	e785      	b.n	10002d5e <_vsnprintf+0x8e>
10002e52:	2878      	cmp	r0, #120	; 0x78
10002e54:	d100      	bne.n	10002e58 <_vsnprintf+0x188>
10002e56:	e1df      	b.n	10003218 <_vsnprintf+0x548>
10002e58:	2858      	cmp	r0, #88	; 0x58
10002e5a:	d100      	bne.n	10002e5e <_vsnprintf+0x18e>
10002e5c:	e24c      	b.n	100032f8 <_vsnprintf+0x628>
10002e5e:	286f      	cmp	r0, #111	; 0x6f
10002e60:	d100      	bne.n	10002e64 <_vsnprintf+0x194>
10002e62:	e34f      	b.n	10003504 <_vsnprintf+0x834>
10002e64:	2862      	cmp	r0, #98	; 0x62
10002e66:	d101      	bne.n	10002e6c <_vsnprintf+0x19c>
10002e68:	f000 fc30 	bl	100036cc <_vsnprintf+0x9fc>
10002e6c:	2310      	movs	r3, #16
10002e6e:	000a      	movs	r2, r1
10002e70:	439a      	bics	r2, r3
10002e72:	920b      	str	r2, [sp, #44]	; 0x2c
10002e74:	2869      	cmp	r0, #105	; 0x69
10002e76:	d001      	beq.n	10002e7c <_vsnprintf+0x1ac>
10002e78:	f000 fca9 	bl	100037ce <_vsnprintf+0xafe>
10002e7c:	230a      	movs	r3, #10
10002e7e:	930c      	str	r3, [sp, #48]	; 0x30
10002e80:	054b      	lsls	r3, r1, #21
10002e82:	d500      	bpl.n	10002e86 <_vsnprintf+0x1b6>
10002e84:	e1d0      	b.n	10003228 <_vsnprintf+0x558>
10002e86:	9a0b      	ldr	r2, [sp, #44]	; 0x2c
10002e88:	2380      	movs	r3, #128	; 0x80
10002e8a:	0011      	movs	r1, r2
10002e8c:	009b      	lsls	r3, r3, #2
10002e8e:	4019      	ands	r1, r3
10002e90:	468b      	mov	fp, r1
10002e92:	421a      	tst	r2, r3
10002e94:	d000      	beq.n	10002e98 <_vsnprintf+0x1c8>
10002e96:	e2a1      	b.n	100033dc <_vsnprintf+0x70c>
10002e98:	2380      	movs	r3, #128	; 0x80
10002e9a:	0011      	movs	r1, r2
10002e9c:	005b      	lsls	r3, r3, #1
10002e9e:	4019      	ands	r1, r3
10002ea0:	468a      	mov	sl, r1
10002ea2:	421a      	tst	r2, r3
10002ea4:	d000      	beq.n	10002ea8 <_vsnprintf+0x1d8>
10002ea6:	e3b6      	b.n	10003616 <_vsnprintf+0x946>
10002ea8:	0013      	movs	r3, r2
10002eaa:	065b      	lsls	r3, r3, #25
10002eac:	d500      	bpl.n	10002eb0 <_vsnprintf+0x1e0>
10002eae:	e2ed      	b.n	1000348c <_vsnprintf+0x7bc>
10002eb0:	0013      	movs	r3, r2
10002eb2:	9909      	ldr	r1, [sp, #36]	; 0x24
10002eb4:	061b      	lsls	r3, r3, #24
10002eb6:	d401      	bmi.n	10002ebc <_vsnprintf+0x1ec>
10002eb8:	f000 fc76 	bl	100037a8 <_vsnprintf+0xad8>
10002ebc:	c908      	ldmia	r1!, {r3}
10002ebe:	b21b      	sxth	r3, r3
10002ec0:	17d8      	asrs	r0, r3, #31
10002ec2:	181a      	adds	r2, r3, r0
10002ec4:	4042      	eors	r2, r0
10002ec6:	b292      	uxth	r2, r2
10002ec8:	9109      	str	r1, [sp, #36]	; 0x24
10002eca:	4693      	mov	fp, r2
10002ecc:	0fda      	lsrs	r2, r3, #31
10002ece:	9212      	str	r2, [sp, #72]	; 0x48
10002ed0:	2b00      	cmp	r3, #0
10002ed2:	d109      	bne.n	10002ee8 <_vsnprintf+0x218>
10002ed4:	2380      	movs	r3, #128	; 0x80
10002ed6:	2210      	movs	r2, #16
10002ed8:	990b      	ldr	r1, [sp, #44]	; 0x2c
10002eda:	00db      	lsls	r3, r3, #3
10002edc:	400b      	ands	r3, r1
10002ede:	4391      	bics	r1, r2
10002ee0:	910b      	str	r1, [sp, #44]	; 0x2c
10002ee2:	2b00      	cmp	r3, #0
10002ee4:	d000      	beq.n	10002ee8 <_vsnprintf+0x218>
10002ee6:	e2e4      	b.n	100034b2 <_vsnprintf+0x7e2>
10002ee8:	9a0b      	ldr	r2, [sp, #44]	; 0x2c
10002eea:	2361      	movs	r3, #97	; 0x61
10002eec:	0692      	lsls	r2, r2, #26
10002eee:	d500      	bpl.n	10002ef2 <_vsnprintf+0x222>
10002ef0:	2341      	movs	r3, #65	; 0x41
10002ef2:	a90e      	add	r1, sp, #56	; 0x38
10002ef4:	221f      	movs	r2, #31
10002ef6:	468c      	mov	ip, r1
10002ef8:	b2db      	uxtb	r3, r3
10002efa:	4462      	add	r2, ip
10002efc:	3b0a      	subs	r3, #10
10002efe:	465f      	mov	r7, fp
10002f00:	9513      	str	r5, [sp, #76]	; 0x4c
10002f02:	46a3      	mov	fp, r4
10002f04:	4655      	mov	r5, sl
10002f06:	9c0c      	ldr	r4, [sp, #48]	; 0x30
10002f08:	46b2      	mov	sl, r6
10002f0a:	930d      	str	r3, [sp, #52]	; 0x34
10002f0c:	0016      	movs	r6, r2
10002f0e:	e00a      	b.n	10002f26 <_vsnprintf+0x256>
10002f10:	3330      	adds	r3, #48	; 0x30
10002f12:	b2db      	uxtb	r3, r3
10002f14:	3501      	adds	r5, #1
10002f16:	5573      	strb	r3, [r6, r5]
10002f18:	42a7      	cmp	r7, r4
10002f1a:	d200      	bcs.n	10002f1e <_vsnprintf+0x24e>
10002f1c:	e2ed      	b.n	100034fa <_vsnprintf+0x82a>
10002f1e:	2d20      	cmp	r5, #32
10002f20:	d100      	bne.n	10002f24 <_vsnprintf+0x254>
10002f22:	e2ea      	b.n	100034fa <_vsnprintf+0x82a>
10002f24:	0007      	movs	r7, r0
10002f26:	0021      	movs	r1, r4
10002f28:	0038      	movs	r0, r7
10002f2a:	f7fe fdbb 	bl	10001aa4 <__wrap___aeabi_uidiv>
10002f2e:	b2cb      	uxtb	r3, r1
10002f30:	2909      	cmp	r1, #9
10002f32:	d9ed      	bls.n	10002f10 <_vsnprintf+0x240>
10002f34:	9a0d      	ldr	r2, [sp, #52]	; 0x34
10002f36:	4694      	mov	ip, r2
10002f38:	4463      	add	r3, ip
10002f3a:	b2db      	uxtb	r3, r3
10002f3c:	e7ea      	b.n	10002f14 <_vsnprintf+0x244>
10002f3e:	2380      	movs	r3, #128	; 0x80
10002f40:	009b      	lsls	r3, r3, #2
10002f42:	7870      	ldrb	r0, [r6, #1]
10002f44:	4319      	orrs	r1, r3
10002f46:	3601      	adds	r6, #1
10002f48:	e72f      	b.n	10002daa <_vsnprintf+0xda>
10002f4a:	7870      	ldrb	r0, [r6, #1]
10002f4c:	2868      	cmp	r0, #104	; 0x68
10002f4e:	d100      	bne.n	10002f52 <_vsnprintf+0x282>
10002f50:	e1cd      	b.n	100032ee <_vsnprintf+0x61e>
10002f52:	2380      	movs	r3, #128	; 0x80
10002f54:	3601      	adds	r6, #1
10002f56:	4319      	orrs	r1, r3
10002f58:	e727      	b.n	10002daa <_vsnprintf+0xda>
10002f5a:	7870      	ldrb	r0, [r6, #1]
10002f5c:	286c      	cmp	r0, #108	; 0x6c
10002f5e:	d100      	bne.n	10002f62 <_vsnprintf+0x292>
10002f60:	e1bf      	b.n	100032e2 <_vsnprintf+0x612>
10002f62:	2380      	movs	r3, #128	; 0x80
10002f64:	005b      	lsls	r3, r3, #1
10002f66:	4319      	orrs	r1, r3
10002f68:	3601      	adds	r6, #1
10002f6a:	e71e      	b.n	10002daa <_vsnprintf+0xda>
10002f6c:	2846      	cmp	r0, #70	; 0x46
10002f6e:	d100      	bne.n	10002f72 <_vsnprintf+0x2a2>
10002f70:	e19b      	b.n	100032aa <_vsnprintf+0x5da>
10002f72:	2207      	movs	r2, #7
10002f74:	9b09      	ldr	r3, [sp, #36]	; 0x24
10002f76:	9104      	str	r1, [sp, #16]
10002f78:	3307      	adds	r3, #7
10002f7a:	4393      	bics	r3, r2
10002f7c:	9a0a      	ldr	r2, [sp, #40]	; 0x28
10002f7e:	0019      	movs	r1, r3
10002f80:	9203      	str	r2, [sp, #12]
10002f82:	4642      	mov	r2, r8
10002f84:	9202      	str	r2, [sp, #8]
10002f86:	c90c      	ldmia	r1!, {r2, r3}
10002f88:	9808      	ldr	r0, [sp, #32]
10002f8a:	9200      	str	r2, [sp, #0]
10002f8c:	9301      	str	r3, [sp, #4]
10002f8e:	9109      	str	r1, [sp, #36]	; 0x24
10002f90:	002a      	movs	r2, r5
10002f92:	464b      	mov	r3, r9
10002f94:	0021      	movs	r1, r4
10002f96:	f7ff fccf 	bl	10002938 <_ftoa>
10002f9a:	3601      	adds	r6, #1
10002f9c:	0005      	movs	r5, r0
10002f9e:	e6bc      	b.n	10002d1a <_vsnprintf+0x4a>
10002fa0:	002a      	movs	r2, r5
10002fa2:	1c6f      	adds	r7, r5, #1
10002fa4:	464b      	mov	r3, r9
10002fa6:	9d08      	ldr	r5, [sp, #32]
10002fa8:	0021      	movs	r1, r4
10002faa:	2025      	movs	r0, #37	; 0x25
10002fac:	47a8      	blx	r5
10002fae:	3601      	adds	r6, #1
10002fb0:	003d      	movs	r5, r7
10002fb2:	e6b2      	b.n	10002d1a <_vsnprintf+0x4a>
10002fb4:	078b      	lsls	r3, r1, #30
10002fb6:	d400      	bmi.n	10002fba <_vsnprintf+0x2ea>
10002fb8:	e1ad      	b.n	10003316 <_vsnprintf+0x646>
10002fba:	9b09      	ldr	r3, [sp, #36]	; 0x24
10002fbc:	002a      	movs	r2, r5
10002fbe:	469a      	mov	sl, r3
10002fc0:	1c6b      	adds	r3, r5, #1
10002fc2:	4698      	mov	r8, r3
10002fc4:	4653      	mov	r3, sl
10002fc6:	cb01      	ldmia	r3!, {r0}
10002fc8:	0021      	movs	r1, r4
10002fca:	469a      	mov	sl, r3
10002fcc:	9f08      	ldr	r7, [sp, #32]
10002fce:	464b      	mov	r3, r9
10002fd0:	b2c0      	uxtb	r0, r0
10002fd2:	47b8      	blx	r7
10002fd4:	9b0a      	ldr	r3, [sp, #40]	; 0x28
10002fd6:	469c      	mov	ip, r3
10002fd8:	4465      	add	r5, ip
10002fda:	2b01      	cmp	r3, #1
10002fdc:	d800      	bhi.n	10002fe0 <_vsnprintf+0x310>
10002fde:	e286      	b.n	100034ee <_vsnprintf+0x81e>
10002fe0:	9b08      	ldr	r3, [sp, #32]
10002fe2:	4647      	mov	r7, r8
10002fe4:	46b0      	mov	r8, r6
10002fe6:	0026      	movs	r6, r4
10002fe8:	464c      	mov	r4, r9
10002fea:	4699      	mov	r9, r3
10002fec:	003a      	movs	r2, r7
10002fee:	0023      	movs	r3, r4
10002ff0:	3701      	adds	r7, #1
10002ff2:	0031      	movs	r1, r6
10002ff4:	2020      	movs	r0, #32
10002ff6:	47c8      	blx	r9
10002ff8:	42af      	cmp	r7, r5
10002ffa:	d1f7      	bne.n	10002fec <_vsnprintf+0x31c>
10002ffc:	46a1      	mov	r9, r4
10002ffe:	4653      	mov	r3, sl
10003000:	0034      	movs	r4, r6
10003002:	4646      	mov	r6, r8
10003004:	9309      	str	r3, [sp, #36]	; 0x24
10003006:	3601      	adds	r6, #1
10003008:	e687      	b.n	10002d1a <_vsnprintf+0x4a>
1000300a:	46c0      	nop			; (mov r8, r8)
1000300c:	10002cd1 	.word	0x10002cd1
10003010:	200012c8 	.word	0x200012c8
10003014:	10007c70 	.word	0x10007c70
10003018:	10007cb4 	.word	0x10007cb4
1000301c:	10007d00 	.word	0x10007d00
10003020:	9b09      	ldr	r3, [sp, #36]	; 0x24
10003022:	cb04      	ldmia	r3!, {r2}
10003024:	469b      	mov	fp, r3
10003026:	4643      	mov	r3, r8
10003028:	9209      	str	r2, [sp, #36]	; 0x24
1000302a:	2b00      	cmp	r3, #0
1000302c:	d100      	bne.n	10003030 <_vsnprintf+0x360>
1000302e:	e0c6      	b.n	100031be <_vsnprintf+0x4ee>
10003030:	7813      	ldrb	r3, [r2, #0]
10003032:	469c      	mov	ip, r3
10003034:	2b00      	cmp	r3, #0
10003036:	d100      	bne.n	1000303a <_vsnprintf+0x36a>
10003038:	e3bd      	b.n	100037b6 <_vsnprintf+0xae6>
1000303a:	4643      	mov	r3, r8
1000303c:	3b01      	subs	r3, #1
1000303e:	9a09      	ldr	r2, [sp, #36]	; 0x24
10003040:	3301      	adds	r3, #1
10003042:	18d0      	adds	r0, r2, r3
10003044:	9f0a      	ldr	r7, [sp, #40]	; 0x28
10003046:	0013      	movs	r3, r2
10003048:	e001      	b.n	1000304e <_vsnprintf+0x37e>
1000304a:	4283      	cmp	r3, r0
1000304c:	d003      	beq.n	10003056 <_vsnprintf+0x386>
1000304e:	785a      	ldrb	r2, [r3, #1]
10003050:	3301      	adds	r3, #1
10003052:	2a00      	cmp	r2, #0
10003054:	d1f9      	bne.n	1000304a <_vsnprintf+0x37a>
10003056:	9a09      	ldr	r2, [sp, #36]	; 0x24
10003058:	970a      	str	r7, [sp, #40]	; 0x28
1000305a:	1a9b      	subs	r3, r3, r2
1000305c:	930b      	str	r3, [sp, #44]	; 0x2c
1000305e:	2380      	movs	r3, #128	; 0x80
10003060:	000a      	movs	r2, r1
10003062:	00db      	lsls	r3, r3, #3
10003064:	401a      	ands	r2, r3
10003066:	920c      	str	r2, [sp, #48]	; 0x30
10003068:	4219      	tst	r1, r3
1000306a:	d004      	beq.n	10003076 <_vsnprintf+0x3a6>
1000306c:	9b0b      	ldr	r3, [sp, #44]	; 0x2c
1000306e:	4543      	cmp	r3, r8
10003070:	d901      	bls.n	10003076 <_vsnprintf+0x3a6>
10003072:	4643      	mov	r3, r8
10003074:	930b      	str	r3, [sp, #44]	; 0x2c
10003076:	2302      	movs	r3, #2
10003078:	001a      	movs	r2, r3
1000307a:	400a      	ands	r2, r1
1000307c:	920d      	str	r2, [sp, #52]	; 0x34
1000307e:	420b      	tst	r3, r1
10003080:	d100      	bne.n	10003084 <_vsnprintf+0x3b4>
10003082:	e187      	b.n	10003394 <_vsnprintf+0x6c4>
10003084:	4660      	mov	r0, ip
10003086:	2800      	cmp	r0, #0
10003088:	d100      	bne.n	1000308c <_vsnprintf+0x3bc>
1000308a:	e168      	b.n	1000335e <_vsnprintf+0x68e>
1000308c:	9b0c      	ldr	r3, [sp, #48]	; 0x30
1000308e:	2b00      	cmp	r3, #0
10003090:	d100      	bne.n	10003094 <_vsnprintf+0x3c4>
10003092:	e10d      	b.n	100032b0 <_vsnprintf+0x5e0>
10003094:	44a8      	add	r8, r5
10003096:	46c2      	mov	sl, r8
10003098:	9b09      	ldr	r3, [sp, #36]	; 0x24
1000309a:	4657      	mov	r7, sl
1000309c:	1b5b      	subs	r3, r3, r5
1000309e:	4698      	mov	r8, r3
100030a0:	9b08      	ldr	r3, [sp, #32]
100030a2:	46b2      	mov	sl, r6
100030a4:	002a      	movs	r2, r5
100030a6:	0026      	movs	r6, r4
100030a8:	464c      	mov	r4, r9
100030aa:	4699      	mov	r9, r3
100030ac:	e009      	b.n	100030c2 <_vsnprintf+0x3f2>
100030ae:	0023      	movs	r3, r4
100030b0:	0031      	movs	r1, r6
100030b2:	1c55      	adds	r5, r2, #1
100030b4:	47c8      	blx	r9
100030b6:	4643      	mov	r3, r8
100030b8:	5d58      	ldrb	r0, [r3, r5]
100030ba:	2800      	cmp	r0, #0
100030bc:	d100      	bne.n	100030c0 <_vsnprintf+0x3f0>
100030be:	e126      	b.n	1000330e <_vsnprintf+0x63e>
100030c0:	002a      	movs	r2, r5
100030c2:	4297      	cmp	r7, r2
100030c4:	d1f3      	bne.n	100030ae <_vsnprintf+0x3de>
100030c6:	46a1      	mov	r9, r4
100030c8:	003d      	movs	r5, r7
100030ca:	0034      	movs	r4, r6
100030cc:	4656      	mov	r6, sl
100030ce:	9b0d      	ldr	r3, [sp, #52]	; 0x34
100030d0:	2b00      	cmp	r3, #0
100030d2:	d000      	beq.n	100030d6 <_vsnprintf+0x406>
100030d4:	e143      	b.n	1000335e <_vsnprintf+0x68e>
100030d6:	465b      	mov	r3, fp
100030d8:	3601      	adds	r6, #1
100030da:	9309      	str	r3, [sp, #36]	; 0x24
100030dc:	e61d      	b.n	10002d1a <_vsnprintf+0x4a>
100030de:	9b09      	ldr	r3, [sp, #36]	; 0x24
100030e0:	001a      	movs	r2, r3
100030e2:	ca08      	ldmia	r2!, {r3}
100030e4:	4692      	mov	sl, r2
100030e6:	2b00      	cmp	r3, #0
100030e8:	d048      	beq.n	1000317c <_vsnprintf+0x4ac>
100030ea:	2221      	movs	r2, #33	; 0x21
100030ec:	4311      	orrs	r1, r2
100030ee:	468b      	mov	fp, r1
100030f0:	a80e      	add	r0, sp, #56	; 0x38
100030f2:	4684      	mov	ip, r0
100030f4:	211f      	movs	r1, #31
100030f6:	4461      	add	r1, ip
100030f8:	9509      	str	r5, [sp, #36]	; 0x24
100030fa:	2200      	movs	r2, #0
100030fc:	270f      	movs	r7, #15
100030fe:	46a4      	mov	ip, r4
10003100:	000d      	movs	r5, r1
10003102:	e002      	b.n	1000310a <_vsnprintf+0x43a>
10003104:	2a20      	cmp	r2, #32
10003106:	d00c      	beq.n	10003122 <_vsnprintf+0x452>
10003108:	000b      	movs	r3, r1
1000310a:	003c      	movs	r4, r7
1000310c:	401c      	ands	r4, r3
1000310e:	0020      	movs	r0, r4
10003110:	3037      	adds	r0, #55	; 0x37
10003112:	2c09      	cmp	r4, #9
10003114:	d800      	bhi.n	10003118 <_vsnprintf+0x448>
10003116:	3807      	subs	r0, #7
10003118:	3201      	adds	r2, #1
1000311a:	54a8      	strb	r0, [r5, r2]
1000311c:	0919      	lsrs	r1, r3, #4
1000311e:	2b0f      	cmp	r3, #15
10003120:	d8f0      	bhi.n	10003104 <_vsnprintf+0x434>
10003122:	4664      	mov	r4, ip
10003124:	9d09      	ldr	r5, [sp, #36]	; 0x24
10003126:	e032      	b.n	1000318e <_vsnprintf+0x4be>
10003128:	4bdc      	ldr	r3, [pc, #880]	; (1000349c <_vsnprintf+0x7cc>)
1000312a:	7820      	ldrb	r0, [r4, #0]
1000312c:	9308      	str	r3, [sp, #32]
1000312e:	2300      	movs	r3, #0
10003130:	469a      	mov	sl, r3
10003132:	2800      	cmp	r0, #0
10003134:	d000      	beq.n	10003138 <_vsnprintf+0x468>
10003136:	e5e4      	b.n	10002d02 <_vsnprintf+0x32>
10003138:	2400      	movs	r4, #0
1000313a:	e665      	b.n	10002e08 <_vsnprintf+0x138>
1000313c:	4643      	mov	r3, r8
1000313e:	0006      	movs	r6, r0
10003140:	9f0a      	ldr	r7, [sp, #40]	; 0x28
10003142:	0098      	lsls	r0, r3, #2
10003144:	18c0      	adds	r0, r0, r3
10003146:	3201      	adds	r2, #1
10003148:	0040      	lsls	r0, r0, #1
1000314a:	1980      	adds	r0, r0, r6
1000314c:	7816      	ldrb	r6, [r2, #0]
1000314e:	0003      	movs	r3, r0
10003150:	0030      	movs	r0, r6
10003152:	3830      	subs	r0, #48	; 0x30
10003154:	3b30      	subs	r3, #48	; 0x30
10003156:	2809      	cmp	r0, #9
10003158:	d9f3      	bls.n	10003142 <_vsnprintf+0x472>
1000315a:	0030      	movs	r0, r6
1000315c:	4698      	mov	r8, r3
1000315e:	0016      	movs	r6, r2
10003160:	970a      	str	r7, [sp, #40]	; 0x28
10003162:	e600      	b.n	10002d66 <_vsnprintf+0x96>
10003164:	9b09      	ldr	r3, [sp, #36]	; 0x24
10003166:	3602      	adds	r6, #2
10003168:	cb04      	ldmia	r3!, {r2}
1000316a:	4690      	mov	r8, r2
1000316c:	43d2      	mvns	r2, r2
1000316e:	4640      	mov	r0, r8
10003170:	17d2      	asrs	r2, r2, #31
10003172:	4010      	ands	r0, r2
10003174:	4680      	mov	r8, r0
10003176:	9309      	str	r3, [sp, #36]	; 0x24
10003178:	7830      	ldrb	r0, [r6, #0]
1000317a:	e5f4      	b.n	10002d66 <_vsnprintf+0x96>
1000317c:	2210      	movs	r2, #16
1000317e:	0008      	movs	r0, r1
10003180:	4390      	bics	r0, r2
10003182:	3211      	adds	r2, #17
10003184:	4310      	orrs	r0, r2
10003186:	4683      	mov	fp, r0
10003188:	2200      	movs	r2, #0
1000318a:	0549      	lsls	r1, r1, #21
1000318c:	d5b0      	bpl.n	100030f0 <_vsnprintf+0x420>
1000318e:	465b      	mov	r3, fp
10003190:	9306      	str	r3, [sp, #24]
10003192:	2308      	movs	r3, #8
10003194:	9305      	str	r3, [sp, #20]
10003196:	4643      	mov	r3, r8
10003198:	9304      	str	r3, [sp, #16]
1000319a:	2310      	movs	r3, #16
1000319c:	9303      	str	r3, [sp, #12]
1000319e:	2300      	movs	r3, #0
100031a0:	9302      	str	r3, [sp, #8]
100031a2:	ab16      	add	r3, sp, #88	; 0x58
100031a4:	9201      	str	r2, [sp, #4]
100031a6:	9300      	str	r3, [sp, #0]
100031a8:	002a      	movs	r2, r5
100031aa:	464b      	mov	r3, r9
100031ac:	0021      	movs	r1, r4
100031ae:	9808      	ldr	r0, [sp, #32]
100031b0:	f7ff f8a6 	bl	10002300 <_ntoa_format>
100031b4:	4653      	mov	r3, sl
100031b6:	0005      	movs	r5, r0
100031b8:	3601      	adds	r6, #1
100031ba:	9309      	str	r3, [sp, #36]	; 0x24
100031bc:	e5ad      	b.n	10002d1a <_vsnprintf+0x4a>
100031be:	7813      	ldrb	r3, [r2, #0]
100031c0:	469c      	mov	ip, r3
100031c2:	2b00      	cmp	r3, #0
100031c4:	d100      	bne.n	100031c8 <_vsnprintf+0x4f8>
100031c6:	e2f7      	b.n	100037b8 <_vsnprintf+0xae8>
100031c8:	2302      	movs	r3, #2
100031ca:	425b      	negs	r3, r3
100031cc:	e737      	b.n	1000303e <_vsnprintf+0x36e>
100031ce:	2320      	movs	r3, #32
100031d0:	0002      	movs	r2, r0
100031d2:	439a      	bics	r2, r3
100031d4:	2a47      	cmp	r2, #71	; 0x47
100031d6:	d104      	bne.n	100031e2 <_vsnprintf+0x512>
100031d8:	2380      	movs	r3, #128	; 0x80
100031da:	011b      	lsls	r3, r3, #4
100031dc:	4319      	orrs	r1, r3
100031de:	2302      	movs	r3, #2
100031e0:	4398      	bics	r0, r3
100031e2:	2845      	cmp	r0, #69	; 0x45
100031e4:	d101      	bne.n	100031ea <_vsnprintf+0x51a>
100031e6:	2320      	movs	r3, #32
100031e8:	4319      	orrs	r1, r3
100031ea:	2207      	movs	r2, #7
100031ec:	9b09      	ldr	r3, [sp, #36]	; 0x24
100031ee:	9104      	str	r1, [sp, #16]
100031f0:	3307      	adds	r3, #7
100031f2:	4393      	bics	r3, r2
100031f4:	9a0a      	ldr	r2, [sp, #40]	; 0x28
100031f6:	0019      	movs	r1, r3
100031f8:	9203      	str	r2, [sp, #12]
100031fa:	4642      	mov	r2, r8
100031fc:	9202      	str	r2, [sp, #8]
100031fe:	c90c      	ldmia	r1!, {r2, r3}
10003200:	9808      	ldr	r0, [sp, #32]
10003202:	9200      	str	r2, [sp, #0]
10003204:	9301      	str	r3, [sp, #4]
10003206:	9109      	str	r1, [sp, #36]	; 0x24
10003208:	002a      	movs	r2, r5
1000320a:	464b      	mov	r3, r9
1000320c:	0021      	movs	r1, r4
1000320e:	f7ff f96d 	bl	100024ec <_etoa>
10003212:	3601      	adds	r6, #1
10003214:	0005      	movs	r5, r0
10003216:	e580      	b.n	10002d1a <_vsnprintf+0x4a>
10003218:	2310      	movs	r3, #16
1000321a:	930c      	str	r3, [sp, #48]	; 0x30
1000321c:	230c      	movs	r3, #12
1000321e:	000a      	movs	r2, r1
10003220:	439a      	bics	r2, r3
10003222:	920b      	str	r2, [sp, #44]	; 0x2c
10003224:	054b      	lsls	r3, r1, #21
10003226:	d503      	bpl.n	10003230 <_vsnprintf+0x560>
10003228:	2301      	movs	r3, #1
1000322a:	9a0b      	ldr	r2, [sp, #44]	; 0x2c
1000322c:	439a      	bics	r2, r3
1000322e:	920b      	str	r2, [sp, #44]	; 0x2c
10003230:	2869      	cmp	r0, #105	; 0x69
10003232:	d100      	bne.n	10003236 <_vsnprintf+0x566>
10003234:	e627      	b.n	10002e86 <_vsnprintf+0x1b6>
10003236:	2864      	cmp	r0, #100	; 0x64
10003238:	d100      	bne.n	1000323c <_vsnprintf+0x56c>
1000323a:	e624      	b.n	10002e86 <_vsnprintf+0x1b6>
1000323c:	9a0b      	ldr	r2, [sp, #44]	; 0x2c
1000323e:	2380      	movs	r3, #128	; 0x80
10003240:	0011      	movs	r1, r2
10003242:	009b      	lsls	r3, r3, #2
10003244:	4019      	ands	r1, r3
10003246:	468b      	mov	fp, r1
10003248:	421a      	tst	r2, r3
1000324a:	d000      	beq.n	1000324e <_vsnprintf+0x57e>
1000324c:	e166      	b.n	1000351c <_vsnprintf+0x84c>
1000324e:	2380      	movs	r3, #128	; 0x80
10003250:	0011      	movs	r1, r2
10003252:	005b      	lsls	r3, r3, #1
10003254:	4019      	ands	r1, r3
10003256:	468a      	mov	sl, r1
10003258:	421a      	tst	r2, r3
1000325a:	d000      	beq.n	1000325e <_vsnprintf+0x58e>
1000325c:	e239      	b.n	100036d2 <_vsnprintf+0xa02>
1000325e:	0013      	movs	r3, r2
10003260:	065b      	lsls	r3, r3, #25
10003262:	d500      	bpl.n	10003266 <_vsnprintf+0x596>
10003264:	e13c      	b.n	100034e0 <_vsnprintf+0x810>
10003266:	0013      	movs	r3, r2
10003268:	061b      	lsls	r3, r3, #24
1000326a:	d400      	bmi.n	1000326e <_vsnprintf+0x59e>
1000326c:	e2a6      	b.n	100037bc <_vsnprintf+0xaec>
1000326e:	9b09      	ldr	r3, [sp, #36]	; 0x24
10003270:	cb04      	ldmia	r3!, {r2}
10003272:	0412      	lsls	r2, r2, #16
10003274:	0c12      	lsrs	r2, r2, #16
10003276:	4693      	mov	fp, r2
10003278:	9309      	str	r3, [sp, #36]	; 0x24
1000327a:	465b      	mov	r3, fp
1000327c:	2b00      	cmp	r3, #0
1000327e:	d000      	beq.n	10003282 <_vsnprintf+0x5b2>
10003280:	e19a      	b.n	100035b8 <_vsnprintf+0x8e8>
10003282:	9a0b      	ldr	r2, [sp, #44]	; 0x2c
10003284:	3310      	adds	r3, #16
10003286:	0011      	movs	r1, r2
10003288:	4399      	bics	r1, r3
1000328a:	910b      	str	r1, [sp, #44]	; 0x2c
1000328c:	0552      	lsls	r2, r2, #21
1000328e:	d400      	bmi.n	10003292 <_vsnprintf+0x5c2>
10003290:	e192      	b.n	100035b8 <_vsnprintf+0x8e8>
10003292:	2300      	movs	r3, #0
10003294:	469a      	mov	sl, r3
10003296:	9b0b      	ldr	r3, [sp, #44]	; 0x2c
10003298:	9306      	str	r3, [sp, #24]
1000329a:	9b0a      	ldr	r3, [sp, #40]	; 0x28
1000329c:	9305      	str	r3, [sp, #20]
1000329e:	4643      	mov	r3, r8
100032a0:	9304      	str	r3, [sp, #16]
100032a2:	9b0c      	ldr	r3, [sp, #48]	; 0x30
100032a4:	9303      	str	r3, [sp, #12]
100032a6:	2300      	movs	r3, #0
100032a8:	e10c      	b.n	100034c4 <_vsnprintf+0x7f4>
100032aa:	2320      	movs	r3, #32
100032ac:	4319      	orrs	r1, r3
100032ae:	e660      	b.n	10002f72 <_vsnprintf+0x2a2>
100032b0:	9b09      	ldr	r3, [sp, #36]	; 0x24
100032b2:	9a0a      	ldr	r2, [sp, #40]	; 0x28
100032b4:	1b5b      	subs	r3, r3, r5
100032b6:	4698      	mov	r8, r3
100032b8:	464b      	mov	r3, r9
100032ba:	4691      	mov	r9, r2
100032bc:	001f      	movs	r7, r3
100032be:	46b2      	mov	sl, r6
100032c0:	0026      	movs	r6, r4
100032c2:	9c08      	ldr	r4, [sp, #32]
100032c4:	002a      	movs	r2, r5
100032c6:	003b      	movs	r3, r7
100032c8:	0031      	movs	r1, r6
100032ca:	47a0      	blx	r4
100032cc:	4643      	mov	r3, r8
100032ce:	3501      	adds	r5, #1
100032d0:	5d58      	ldrb	r0, [r3, r5]
100032d2:	2800      	cmp	r0, #0
100032d4:	d1f6      	bne.n	100032c4 <_vsnprintf+0x5f4>
100032d6:	464a      	mov	r2, r9
100032d8:	0034      	movs	r4, r6
100032da:	46b9      	mov	r9, r7
100032dc:	4656      	mov	r6, sl
100032de:	920a      	str	r2, [sp, #40]	; 0x28
100032e0:	e6f5      	b.n	100030ce <_vsnprintf+0x3fe>
100032e2:	23c0      	movs	r3, #192	; 0xc0
100032e4:	009b      	lsls	r3, r3, #2
100032e6:	78b0      	ldrb	r0, [r6, #2]
100032e8:	4319      	orrs	r1, r3
100032ea:	3602      	adds	r6, #2
100032ec:	e55d      	b.n	10002daa <_vsnprintf+0xda>
100032ee:	23c0      	movs	r3, #192	; 0xc0
100032f0:	78b0      	ldrb	r0, [r6, #2]
100032f2:	4319      	orrs	r1, r3
100032f4:	3602      	adds	r6, #2
100032f6:	e558      	b.n	10002daa <_vsnprintf+0xda>
100032f8:	230c      	movs	r3, #12
100032fa:	000a      	movs	r2, r1
100032fc:	439a      	bics	r2, r3
100032fe:	3314      	adds	r3, #20
10003300:	431a      	orrs	r2, r3
10003302:	3b10      	subs	r3, #16
10003304:	920b      	str	r2, [sp, #44]	; 0x2c
10003306:	930c      	str	r3, [sp, #48]	; 0x30
10003308:	054b      	lsls	r3, r1, #21
1000330a:	d48d      	bmi.n	10003228 <_vsnprintf+0x558>
1000330c:	e796      	b.n	1000323c <_vsnprintf+0x56c>
1000330e:	46a1      	mov	r9, r4
10003310:	0034      	movs	r4, r6
10003312:	4656      	mov	r6, sl
10003314:	e6db      	b.n	100030ce <_vsnprintf+0x3fe>
10003316:	9a0a      	ldr	r2, [sp, #40]	; 0x28
10003318:	2a01      	cmp	r2, #1
1000331a:	d800      	bhi.n	1000331e <_vsnprintf+0x64e>
1000331c:	e253      	b.n	100037c6 <_vsnprintf+0xaf6>
1000331e:	1e6b      	subs	r3, r5, #1
10003320:	189f      	adds	r7, r3, r2
10003322:	9b08      	ldr	r3, [sp, #32]
10003324:	46b0      	mov	r8, r6
10003326:	0026      	movs	r6, r4
10003328:	464c      	mov	r4, r9
1000332a:	4699      	mov	r9, r3
1000332c:	002a      	movs	r2, r5
1000332e:	0023      	movs	r3, r4
10003330:	3501      	adds	r5, #1
10003332:	0031      	movs	r1, r6
10003334:	2020      	movs	r0, #32
10003336:	47c8      	blx	r9
10003338:	42bd      	cmp	r5, r7
1000333a:	d1f7      	bne.n	1000332c <_vsnprintf+0x65c>
1000333c:	46a1      	mov	r9, r4
1000333e:	0034      	movs	r4, r6
10003340:	4646      	mov	r6, r8
10003342:	9b09      	ldr	r3, [sp, #36]	; 0x24
10003344:	003a      	movs	r2, r7
10003346:	cb01      	ldmia	r3!, {r0}
10003348:	0021      	movs	r1, r4
1000334a:	4698      	mov	r8, r3
1000334c:	1c7d      	adds	r5, r7, #1
1000334e:	464b      	mov	r3, r9
10003350:	9f08      	ldr	r7, [sp, #32]
10003352:	b2c0      	uxtb	r0, r0
10003354:	47b8      	blx	r7
10003356:	4643      	mov	r3, r8
10003358:	3601      	adds	r6, #1
1000335a:	9309      	str	r3, [sp, #36]	; 0x24
1000335c:	e4dd      	b.n	10002d1a <_vsnprintf+0x4a>
1000335e:	9b0b      	ldr	r3, [sp, #44]	; 0x2c
10003360:	990a      	ldr	r1, [sp, #40]	; 0x28
10003362:	46a8      	mov	r8, r5
10003364:	4299      	cmp	r1, r3
10003366:	d800      	bhi.n	1000336a <_vsnprintf+0x69a>
10003368:	e6b5      	b.n	100030d6 <_vsnprintf+0x406>
1000336a:	468c      	mov	ip, r1
1000336c:	4465      	add	r5, ip
1000336e:	1aed      	subs	r5, r5, r3
10003370:	9b08      	ldr	r3, [sp, #32]
10003372:	4647      	mov	r7, r8
10003374:	46b0      	mov	r8, r6
10003376:	0026      	movs	r6, r4
10003378:	464c      	mov	r4, r9
1000337a:	4699      	mov	r9, r3
1000337c:	003a      	movs	r2, r7
1000337e:	0023      	movs	r3, r4
10003380:	3701      	adds	r7, #1
10003382:	0031      	movs	r1, r6
10003384:	2020      	movs	r0, #32
10003386:	47c8      	blx	r9
10003388:	42af      	cmp	r7, r5
1000338a:	d1f7      	bne.n	1000337c <_vsnprintf+0x6ac>
1000338c:	46a1      	mov	r9, r4
1000338e:	0034      	movs	r4, r6
10003390:	4646      	mov	r6, r8
10003392:	e6a0      	b.n	100030d6 <_vsnprintf+0x406>
10003394:	9a0b      	ldr	r2, [sp, #44]	; 0x2c
10003396:	980a      	ldr	r0, [sp, #40]	; 0x28
10003398:	1c53      	adds	r3, r2, #1
1000339a:	4290      	cmp	r0, r2
1000339c:	d800      	bhi.n	100033a0 <_vsnprintf+0x6d0>
1000339e:	e214      	b.n	100037ca <_vsnprintf+0xafa>
100033a0:	1943      	adds	r3, r0, r5
100033a2:	1a9b      	subs	r3, r3, r2
100033a4:	001f      	movs	r7, r3
100033a6:	9b08      	ldr	r3, [sp, #32]
100033a8:	46b2      	mov	sl, r6
100033aa:	0026      	movs	r6, r4
100033ac:	464c      	mov	r4, r9
100033ae:	4699      	mov	r9, r3
100033b0:	002a      	movs	r2, r5
100033b2:	0023      	movs	r3, r4
100033b4:	3501      	adds	r5, #1
100033b6:	0031      	movs	r1, r6
100033b8:	2020      	movs	r0, #32
100033ba:	47c8      	blx	r9
100033bc:	42bd      	cmp	r5, r7
100033be:	d1f7      	bne.n	100033b0 <_vsnprintf+0x6e0>
100033c0:	9b0a      	ldr	r3, [sp, #40]	; 0x28
100033c2:	46a1      	mov	r9, r4
100033c4:	3301      	adds	r3, #1
100033c6:	930b      	str	r3, [sp, #44]	; 0x2c
100033c8:	9b09      	ldr	r3, [sp, #36]	; 0x24
100033ca:	0034      	movs	r4, r6
100033cc:	781b      	ldrb	r3, [r3, #0]
100033ce:	4656      	mov	r6, sl
100033d0:	469c      	mov	ip, r3
100033d2:	4660      	mov	r0, ip
100033d4:	2800      	cmp	r0, #0
100033d6:	d000      	beq.n	100033da <_vsnprintf+0x70a>
100033d8:	e658      	b.n	1000308c <_vsnprintf+0x3bc>
100033da:	e67c      	b.n	100030d6 <_vsnprintf+0x406>
100033dc:	2207      	movs	r2, #7
100033de:	9b09      	ldr	r3, [sp, #36]	; 0x24
100033e0:	3307      	adds	r3, #7
100033e2:	4393      	bics	r3, r2
100033e4:	3201      	adds	r2, #1
100033e6:	4694      	mov	ip, r2
100033e8:	449c      	add	ip, r3
100033ea:	4662      	mov	r2, ip
100033ec:	685f      	ldr	r7, [r3, #4]
100033ee:	9209      	str	r2, [sp, #36]	; 0x24
100033f0:	681a      	ldr	r2, [r3, #0]
100033f2:	17fb      	asrs	r3, r7, #31
100033f4:	9310      	str	r3, [sp, #64]	; 0x40
100033f6:	9311      	str	r3, [sp, #68]	; 0x44
100033f8:	9810      	ldr	r0, [sp, #64]	; 0x40
100033fa:	9911      	ldr	r1, [sp, #68]	; 0x44
100033fc:	0003      	movs	r3, r0
100033fe:	4053      	eors	r3, r2
10003400:	930e      	str	r3, [sp, #56]	; 0x38
10003402:	000b      	movs	r3, r1
10003404:	407b      	eors	r3, r7
10003406:	930f      	str	r3, [sp, #60]	; 0x3c
10003408:	4694      	mov	ip, r2
1000340a:	9a0e      	ldr	r2, [sp, #56]	; 0x38
1000340c:	9b0f      	ldr	r3, [sp, #60]	; 0x3c
1000340e:	1a12      	subs	r2, r2, r0
10003410:	418b      	sbcs	r3, r1
10003412:	920e      	str	r2, [sp, #56]	; 0x38
10003414:	930f      	str	r3, [sp, #60]	; 0x3c
10003416:	0ffb      	lsrs	r3, r7, #31
10003418:	4662      	mov	r2, ip
1000341a:	9312      	str	r3, [sp, #72]	; 0x48
1000341c:	2300      	movs	r3, #0
1000341e:	433a      	orrs	r2, r7
10003420:	469b      	mov	fp, r3
10003422:	d03d      	beq.n	100034a0 <_vsnprintf+0x7d0>
10003424:	9a0b      	ldr	r2, [sp, #44]	; 0x2c
10003426:	2361      	movs	r3, #97	; 0x61
10003428:	0692      	lsls	r2, r2, #26
1000342a:	d500      	bpl.n	1000342e <_vsnprintf+0x75e>
1000342c:	2341      	movs	r3, #65	; 0x41
1000342e:	2200      	movs	r2, #0
10003430:	b2db      	uxtb	r3, r3
10003432:	a90e      	add	r1, sp, #56	; 0x38
10003434:	3b0a      	subs	r3, #10
10003436:	468c      	mov	ip, r1
10003438:	4692      	mov	sl, r2
1000343a:	930d      	str	r3, [sp, #52]	; 0x34
1000343c:	4643      	mov	r3, r8
1000343e:	321f      	adds	r2, #31
10003440:	4462      	add	r2, ip
10003442:	9513      	str	r5, [sp, #76]	; 0x4c
10003444:	9615      	str	r6, [sp, #84]	; 0x54
10003446:	4655      	mov	r5, sl
10003448:	9e0e      	ldr	r6, [sp, #56]	; 0x38
1000344a:	9f0f      	ldr	r7, [sp, #60]	; 0x3c
1000344c:	46a2      	mov	sl, r4
1000344e:	4690      	mov	r8, r2
10003450:	9c0c      	ldr	r4, [sp, #48]	; 0x30
10003452:	9314      	str	r3, [sp, #80]	; 0x50
10003454:	e00c      	b.n	10003470 <_vsnprintf+0x7a0>
10003456:	3230      	adds	r2, #48	; 0x30
10003458:	b2d2      	uxtb	r2, r2
1000345a:	4643      	mov	r3, r8
1000345c:	3501      	adds	r5, #1
1000345e:	555a      	strb	r2, [r3, r5]
10003460:	45bb      	cmp	fp, r7
10003462:	d100      	bne.n	10003466 <_vsnprintf+0x796>
10003464:	e18a      	b.n	1000377c <_vsnprintf+0xaac>
10003466:	2d20      	cmp	r5, #32
10003468:	d100      	bne.n	1000346c <_vsnprintf+0x79c>
1000346a:	e18a      	b.n	10003782 <_vsnprintf+0xab2>
1000346c:	0006      	movs	r6, r0
1000346e:	000f      	movs	r7, r1
10003470:	0022      	movs	r2, r4
10003472:	2300      	movs	r3, #0
10003474:	0030      	movs	r0, r6
10003476:	0039      	movs	r1, r7
10003478:	f7fe fb52 	bl	10001b20 <__wrap___aeabi_uldivmod>
1000347c:	b2d2      	uxtb	r2, r2
1000347e:	2a09      	cmp	r2, #9
10003480:	d9e9      	bls.n	10003456 <_vsnprintf+0x786>
10003482:	9b0d      	ldr	r3, [sp, #52]	; 0x34
10003484:	469c      	mov	ip, r3
10003486:	4462      	add	r2, ip
10003488:	b2d2      	uxtb	r2, r2
1000348a:	e7e6      	b.n	1000345a <_vsnprintf+0x78a>
1000348c:	23ff      	movs	r3, #255	; 0xff
1000348e:	9909      	ldr	r1, [sp, #36]	; 0x24
10003490:	c904      	ldmia	r1!, {r2}
10003492:	4013      	ands	r3, r2
10003494:	001a      	movs	r2, r3
10003496:	9109      	str	r1, [sp, #36]	; 0x24
10003498:	e517      	b.n	10002eca <_vsnprintf+0x1fa>
1000349a:	46c0      	nop			; (mov r8, r8)
1000349c:	10002261 	.word	0x10002261
100034a0:	9a0b      	ldr	r2, [sp, #44]	; 0x2c
100034a2:	3310      	adds	r3, #16
100034a4:	0011      	movs	r1, r2
100034a6:	4399      	bics	r1, r3
100034a8:	910b      	str	r1, [sp, #44]	; 0x2c
100034aa:	0552      	lsls	r2, r2, #21
100034ac:	d5ba      	bpl.n	10003424 <_vsnprintf+0x754>
100034ae:	2300      	movs	r3, #0
100034b0:	469a      	mov	sl, r3
100034b2:	9b0b      	ldr	r3, [sp, #44]	; 0x2c
100034b4:	9306      	str	r3, [sp, #24]
100034b6:	9b0a      	ldr	r3, [sp, #40]	; 0x28
100034b8:	9305      	str	r3, [sp, #20]
100034ba:	4643      	mov	r3, r8
100034bc:	9304      	str	r3, [sp, #16]
100034be:	9b0c      	ldr	r3, [sp, #48]	; 0x30
100034c0:	9303      	str	r3, [sp, #12]
100034c2:	9b12      	ldr	r3, [sp, #72]	; 0x48
100034c4:	9302      	str	r3, [sp, #8]
100034c6:	4653      	mov	r3, sl
100034c8:	9301      	str	r3, [sp, #4]
100034ca:	ab16      	add	r3, sp, #88	; 0x58
100034cc:	002a      	movs	r2, r5
100034ce:	9300      	str	r3, [sp, #0]
100034d0:	0021      	movs	r1, r4
100034d2:	464b      	mov	r3, r9
100034d4:	9808      	ldr	r0, [sp, #32]
100034d6:	f7fe ff13 	bl	10002300 <_ntoa_format>
100034da:	3601      	adds	r6, #1
100034dc:	0005      	movs	r5, r0
100034de:	e41c      	b.n	10002d1a <_vsnprintf+0x4a>
100034e0:	22ff      	movs	r2, #255	; 0xff
100034e2:	9b09      	ldr	r3, [sp, #36]	; 0x24
100034e4:	cb02      	ldmia	r3!, {r1}
100034e6:	4011      	ands	r1, r2
100034e8:	468b      	mov	fp, r1
100034ea:	9309      	str	r3, [sp, #36]	; 0x24
100034ec:	e6c5      	b.n	1000327a <_vsnprintf+0x5aa>
100034ee:	4653      	mov	r3, sl
100034f0:	4645      	mov	r5, r8
100034f2:	9309      	str	r3, [sp, #36]	; 0x24
100034f4:	3601      	adds	r6, #1
100034f6:	f7ff fc10 	bl	10002d1a <_vsnprintf+0x4a>
100034fa:	4656      	mov	r6, sl
100034fc:	465c      	mov	r4, fp
100034fe:	46aa      	mov	sl, r5
10003500:	9d13      	ldr	r5, [sp, #76]	; 0x4c
10003502:	e7d6      	b.n	100034b2 <_vsnprintf+0x7e2>
10003504:	2308      	movs	r3, #8
10003506:	930c      	str	r3, [sp, #48]	; 0x30
10003508:	910b      	str	r1, [sp, #44]	; 0x2c
1000350a:	990b      	ldr	r1, [sp, #44]	; 0x2c
1000350c:	2864      	cmp	r0, #100	; 0x64
1000350e:	d000      	beq.n	10003512 <_vsnprintf+0x842>
10003510:	e684      	b.n	1000321c <_vsnprintf+0x54c>
10003512:	9b0b      	ldr	r3, [sp, #44]	; 0x2c
10003514:	055b      	lsls	r3, r3, #21
10003516:	d500      	bpl.n	1000351a <_vsnprintf+0x84a>
10003518:	e686      	b.n	10003228 <_vsnprintf+0x558>
1000351a:	e4b4      	b.n	10002e86 <_vsnprintf+0x1b6>
1000351c:	2207      	movs	r2, #7
1000351e:	9b09      	ldr	r3, [sp, #36]	; 0x24
10003520:	3307      	adds	r3, #7
10003522:	4393      	bics	r3, r2
10003524:	3201      	adds	r2, #1
10003526:	4694      	mov	ip, r2
10003528:	449c      	add	ip, r3
1000352a:	4662      	mov	r2, ip
1000352c:	9209      	str	r2, [sp, #36]	; 0x24
1000352e:	681a      	ldr	r2, [r3, #0]
10003530:	685b      	ldr	r3, [r3, #4]
10003532:	0010      	movs	r0, r2
10003534:	469b      	mov	fp, r3
10003536:	0013      	movs	r3, r2
10003538:	465a      	mov	r2, fp
1000353a:	4313      	orrs	r3, r2
1000353c:	d107      	bne.n	1000354e <_vsnprintf+0x87e>
1000353e:	9a0b      	ldr	r2, [sp, #44]	; 0x2c
10003540:	3310      	adds	r3, #16
10003542:	0011      	movs	r1, r2
10003544:	4399      	bics	r1, r3
10003546:	910b      	str	r1, [sp, #44]	; 0x2c
10003548:	0552      	lsls	r2, r2, #21
1000354a:	d500      	bpl.n	1000354e <_vsnprintf+0x87e>
1000354c:	e6a1      	b.n	10003292 <_vsnprintf+0x5c2>
1000354e:	9a0b      	ldr	r2, [sp, #44]	; 0x2c
10003550:	2361      	movs	r3, #97	; 0x61
10003552:	0692      	lsls	r2, r2, #26
10003554:	d500      	bpl.n	10003558 <_vsnprintf+0x888>
10003556:	2341      	movs	r3, #65	; 0x41
10003558:	2200      	movs	r2, #0
1000355a:	b2db      	uxtb	r3, r3
1000355c:	a90e      	add	r1, sp, #56	; 0x38
1000355e:	3b0a      	subs	r3, #10
10003560:	468c      	mov	ip, r1
10003562:	4692      	mov	sl, r2
10003564:	930d      	str	r3, [sp, #52]	; 0x34
10003566:	4643      	mov	r3, r8
10003568:	321f      	adds	r2, #31
1000356a:	4462      	add	r2, ip
1000356c:	465f      	mov	r7, fp
1000356e:	9512      	str	r5, [sp, #72]	; 0x48
10003570:	46a3      	mov	fp, r4
10003572:	4655      	mov	r5, sl
10003574:	0004      	movs	r4, r0
10003576:	46b2      	mov	sl, r6
10003578:	4690      	mov	r8, r2
1000357a:	9e0c      	ldr	r6, [sp, #48]	; 0x30
1000357c:	9313      	str	r3, [sp, #76]	; 0x4c
1000357e:	e00d      	b.n	1000359c <_vsnprintf+0x8cc>
10003580:	3230      	adds	r2, #48	; 0x30
10003582:	b2d2      	uxtb	r2, r2
10003584:	4643      	mov	r3, r8
10003586:	3501      	adds	r5, #1
10003588:	555a      	strb	r2, [r3, r5]
1000358a:	2300      	movs	r3, #0
1000358c:	42bb      	cmp	r3, r7
1000358e:	d100      	bne.n	10003592 <_vsnprintf+0x8c2>
10003590:	e100      	b.n	10003794 <_vsnprintf+0xac4>
10003592:	2d20      	cmp	r5, #32
10003594:	d100      	bne.n	10003598 <_vsnprintf+0x8c8>
10003596:	e100      	b.n	1000379a <_vsnprintf+0xaca>
10003598:	0004      	movs	r4, r0
1000359a:	000f      	movs	r7, r1
1000359c:	0032      	movs	r2, r6
1000359e:	2300      	movs	r3, #0
100035a0:	0020      	movs	r0, r4
100035a2:	0039      	movs	r1, r7
100035a4:	f7fe fabc 	bl	10001b20 <__wrap___aeabi_uldivmod>
100035a8:	b2d2      	uxtb	r2, r2
100035aa:	2a09      	cmp	r2, #9
100035ac:	d9e8      	bls.n	10003580 <_vsnprintf+0x8b0>
100035ae:	9b0d      	ldr	r3, [sp, #52]	; 0x34
100035b0:	469c      	mov	ip, r3
100035b2:	4462      	add	r2, ip
100035b4:	b2d2      	uxtb	r2, r2
100035b6:	e7e5      	b.n	10003584 <_vsnprintf+0x8b4>
100035b8:	9a0b      	ldr	r2, [sp, #44]	; 0x2c
100035ba:	2361      	movs	r3, #97	; 0x61
100035bc:	0692      	lsls	r2, r2, #26
100035be:	d500      	bpl.n	100035c2 <_vsnprintf+0x8f2>
100035c0:	2341      	movs	r3, #65	; 0x41
100035c2:	b2db      	uxtb	r3, r3
100035c4:	a90e      	add	r1, sp, #56	; 0x38
100035c6:	3b0a      	subs	r3, #10
100035c8:	221f      	movs	r2, #31
100035ca:	468c      	mov	ip, r1
100035cc:	930d      	str	r3, [sp, #52]	; 0x34
100035ce:	0023      	movs	r3, r4
100035d0:	4462      	add	r2, ip
100035d2:	465c      	mov	r4, fp
100035d4:	9512      	str	r5, [sp, #72]	; 0x48
100035d6:	0017      	movs	r7, r2
100035d8:	4655      	mov	r5, sl
100035da:	469b      	mov	fp, r3
100035dc:	46b2      	mov	sl, r6
100035de:	9e0c      	ldr	r6, [sp, #48]	; 0x30
100035e0:	e008      	b.n	100035f4 <_vsnprintf+0x924>
100035e2:	3330      	adds	r3, #48	; 0x30
100035e4:	b2db      	uxtb	r3, r3
100035e6:	3501      	adds	r5, #1
100035e8:	557b      	strb	r3, [r7, r5]
100035ea:	42b4      	cmp	r4, r6
100035ec:	d30e      	bcc.n	1000360c <_vsnprintf+0x93c>
100035ee:	2d20      	cmp	r5, #32
100035f0:	d00c      	beq.n	1000360c <_vsnprintf+0x93c>
100035f2:	0004      	movs	r4, r0
100035f4:	0031      	movs	r1, r6
100035f6:	0020      	movs	r0, r4
100035f8:	f7fe fa54 	bl	10001aa4 <__wrap___aeabi_uidiv>
100035fc:	b2cb      	uxtb	r3, r1
100035fe:	2909      	cmp	r1, #9
10003600:	d9ef      	bls.n	100035e2 <_vsnprintf+0x912>
10003602:	9a0d      	ldr	r2, [sp, #52]	; 0x34
10003604:	4694      	mov	ip, r2
10003606:	4463      	add	r3, ip
10003608:	b2db      	uxtb	r3, r3
1000360a:	e7ec      	b.n	100035e6 <_vsnprintf+0x916>
1000360c:	4656      	mov	r6, sl
1000360e:	465c      	mov	r4, fp
10003610:	46aa      	mov	sl, r5
10003612:	9d12      	ldr	r5, [sp, #72]	; 0x48
10003614:	e63f      	b.n	10003296 <_vsnprintf+0x5c6>
10003616:	9b09      	ldr	r3, [sp, #36]	; 0x24
10003618:	001a      	movs	r2, r3
1000361a:	ca08      	ldmia	r2!, {r3}
1000361c:	17d9      	asrs	r1, r3, #31
1000361e:	9213      	str	r2, [sp, #76]	; 0x4c
10003620:	185a      	adds	r2, r3, r1
10003622:	404a      	eors	r2, r1
10003624:	4692      	mov	sl, r2
10003626:	0fda      	lsrs	r2, r3, #31
10003628:	9212      	str	r2, [sp, #72]	; 0x48
1000362a:	2b00      	cmp	r3, #0
1000362c:	d108      	bne.n	10003640 <_vsnprintf+0x970>
1000362e:	2380      	movs	r3, #128	; 0x80
10003630:	2210      	movs	r2, #16
10003632:	990b      	ldr	r1, [sp, #44]	; 0x2c
10003634:	00db      	lsls	r3, r3, #3
10003636:	400b      	ands	r3, r1
10003638:	4391      	bics	r1, r2
1000363a:	910b      	str	r1, [sp, #44]	; 0x2c
1000363c:	2b00      	cmp	r3, #0
1000363e:	d12b      	bne.n	10003698 <_vsnprintf+0x9c8>
10003640:	9a0b      	ldr	r2, [sp, #44]	; 0x2c
10003642:	2361      	movs	r3, #97	; 0x61
10003644:	0692      	lsls	r2, r2, #26
10003646:	d500      	bpl.n	1000364a <_vsnprintf+0x97a>
10003648:	2341      	movs	r3, #65	; 0x41
1000364a:	aa0e      	add	r2, sp, #56	; 0x38
1000364c:	271f      	movs	r7, #31
1000364e:	4694      	mov	ip, r2
10003650:	b2db      	uxtb	r3, r3
10003652:	3b0a      	subs	r3, #10
10003654:	950d      	str	r5, [sp, #52]	; 0x34
10003656:	4467      	add	r7, ip
10003658:	465d      	mov	r5, fp
1000365a:	9309      	str	r3, [sp, #36]	; 0x24
1000365c:	46a3      	mov	fp, r4
1000365e:	4654      	mov	r4, sl
10003660:	46b2      	mov	sl, r6
10003662:	9e0c      	ldr	r6, [sp, #48]	; 0x30
10003664:	e008      	b.n	10003678 <_vsnprintf+0x9a8>
10003666:	3330      	adds	r3, #48	; 0x30
10003668:	b2db      	uxtb	r3, r3
1000366a:	3501      	adds	r5, #1
1000366c:	557b      	strb	r3, [r7, r5]
1000366e:	42b4      	cmp	r4, r6
10003670:	d30e      	bcc.n	10003690 <_vsnprintf+0x9c0>
10003672:	2d20      	cmp	r5, #32
10003674:	d00c      	beq.n	10003690 <_vsnprintf+0x9c0>
10003676:	0004      	movs	r4, r0
10003678:	0031      	movs	r1, r6
1000367a:	0020      	movs	r0, r4
1000367c:	f7fe fa12 	bl	10001aa4 <__wrap___aeabi_uidiv>
10003680:	b2cb      	uxtb	r3, r1
10003682:	2909      	cmp	r1, #9
10003684:	d9ef      	bls.n	10003666 <_vsnprintf+0x996>
10003686:	9a09      	ldr	r2, [sp, #36]	; 0x24
10003688:	4694      	mov	ip, r2
1000368a:	4463      	add	r3, ip
1000368c:	b2db      	uxtb	r3, r3
1000368e:	e7ec      	b.n	1000366a <_vsnprintf+0x99a>
10003690:	4656      	mov	r6, sl
10003692:	465c      	mov	r4, fp
10003694:	46ab      	mov	fp, r5
10003696:	9d0d      	ldr	r5, [sp, #52]	; 0x34
10003698:	9b0b      	ldr	r3, [sp, #44]	; 0x2c
1000369a:	002a      	movs	r2, r5
1000369c:	9306      	str	r3, [sp, #24]
1000369e:	9b0a      	ldr	r3, [sp, #40]	; 0x28
100036a0:	0021      	movs	r1, r4
100036a2:	9305      	str	r3, [sp, #20]
100036a4:	4643      	mov	r3, r8
100036a6:	9304      	str	r3, [sp, #16]
100036a8:	9b0c      	ldr	r3, [sp, #48]	; 0x30
100036aa:	9808      	ldr	r0, [sp, #32]
100036ac:	9303      	str	r3, [sp, #12]
100036ae:	9b12      	ldr	r3, [sp, #72]	; 0x48
100036b0:	3601      	adds	r6, #1
100036b2:	9302      	str	r3, [sp, #8]
100036b4:	465b      	mov	r3, fp
100036b6:	9301      	str	r3, [sp, #4]
100036b8:	ab16      	add	r3, sp, #88	; 0x58
100036ba:	9300      	str	r3, [sp, #0]
100036bc:	464b      	mov	r3, r9
100036be:	f7fe fe1f 	bl	10002300 <_ntoa_format>
100036c2:	9b13      	ldr	r3, [sp, #76]	; 0x4c
100036c4:	0005      	movs	r5, r0
100036c6:	9309      	str	r3, [sp, #36]	; 0x24
100036c8:	f7ff fb27 	bl	10002d1a <_vsnprintf+0x4a>
100036cc:	2302      	movs	r3, #2
100036ce:	930c      	str	r3, [sp, #48]	; 0x30
100036d0:	e71a      	b.n	10003508 <_vsnprintf+0x838>
100036d2:	9b09      	ldr	r3, [sp, #36]	; 0x24
100036d4:	cb04      	ldmia	r3!, {r2}
100036d6:	4692      	mov	sl, r2
100036d8:	9312      	str	r3, [sp, #72]	; 0x48
100036da:	2a00      	cmp	r2, #0
100036dc:	d108      	bne.n	100036f0 <_vsnprintf+0xa20>
100036de:	2380      	movs	r3, #128	; 0x80
100036e0:	2210      	movs	r2, #16
100036e2:	990b      	ldr	r1, [sp, #44]	; 0x2c
100036e4:	00db      	lsls	r3, r3, #3
100036e6:	400b      	ands	r3, r1
100036e8:	4391      	bics	r1, r2
100036ea:	910b      	str	r1, [sp, #44]	; 0x2c
100036ec:	2b00      	cmp	r3, #0
100036ee:	d12b      	bne.n	10003748 <_vsnprintf+0xa78>
100036f0:	9a0b      	ldr	r2, [sp, #44]	; 0x2c
100036f2:	2361      	movs	r3, #97	; 0x61
100036f4:	0692      	lsls	r2, r2, #26
100036f6:	d500      	bpl.n	100036fa <_vsnprintf+0xa2a>
100036f8:	2341      	movs	r3, #65	; 0x41
100036fa:	aa0e      	add	r2, sp, #56	; 0x38
100036fc:	271f      	movs	r7, #31
100036fe:	4694      	mov	ip, r2
10003700:	b2db      	uxtb	r3, r3
10003702:	3b0a      	subs	r3, #10
10003704:	950d      	str	r5, [sp, #52]	; 0x34
10003706:	4467      	add	r7, ip
10003708:	465d      	mov	r5, fp
1000370a:	9309      	str	r3, [sp, #36]	; 0x24
1000370c:	46a3      	mov	fp, r4
1000370e:	4654      	mov	r4, sl
10003710:	46b2      	mov	sl, r6
10003712:	9e0c      	ldr	r6, [sp, #48]	; 0x30
10003714:	e008      	b.n	10003728 <_vsnprintf+0xa58>
10003716:	3330      	adds	r3, #48	; 0x30
10003718:	b2db      	uxtb	r3, r3
1000371a:	3501      	adds	r5, #1
1000371c:	557b      	strb	r3, [r7, r5]
1000371e:	42b4      	cmp	r4, r6
10003720:	d30e      	bcc.n	10003740 <_vsnprintf+0xa70>
10003722:	2d20      	cmp	r5, #32
10003724:	d00c      	beq.n	10003740 <_vsnprintf+0xa70>
10003726:	0004      	movs	r4, r0
10003728:	0031      	movs	r1, r6
1000372a:	0020      	movs	r0, r4
1000372c:	f7fe f9ba 	bl	10001aa4 <__wrap___aeabi_uidiv>
10003730:	b2cb      	uxtb	r3, r1
10003732:	2909      	cmp	r1, #9
10003734:	d9ef      	bls.n	10003716 <_vsnprintf+0xa46>
10003736:	9a09      	ldr	r2, [sp, #36]	; 0x24
10003738:	4694      	mov	ip, r2
1000373a:	4463      	add	r3, ip
1000373c:	b2db      	uxtb	r3, r3
1000373e:	e7ec      	b.n	1000371a <_vsnprintf+0xa4a>
10003740:	4656      	mov	r6, sl
10003742:	465c      	mov	r4, fp
10003744:	46ab      	mov	fp, r5
10003746:	9d0d      	ldr	r5, [sp, #52]	; 0x34
10003748:	9b0b      	ldr	r3, [sp, #44]	; 0x2c
1000374a:	002a      	movs	r2, r5
1000374c:	9306      	str	r3, [sp, #24]
1000374e:	9b0a      	ldr	r3, [sp, #40]	; 0x28
10003750:	0021      	movs	r1, r4
10003752:	9305      	str	r3, [sp, #20]
10003754:	4643      	mov	r3, r8
10003756:	9304      	str	r3, [sp, #16]
10003758:	9b0c      	ldr	r3, [sp, #48]	; 0x30
1000375a:	9808      	ldr	r0, [sp, #32]
1000375c:	9303      	str	r3, [sp, #12]
1000375e:	2300      	movs	r3, #0
10003760:	9302      	str	r3, [sp, #8]
10003762:	465b      	mov	r3, fp
10003764:	9301      	str	r3, [sp, #4]
10003766:	ab16      	add	r3, sp, #88	; 0x58
10003768:	9300      	str	r3, [sp, #0]
1000376a:	464b      	mov	r3, r9
1000376c:	f7fe fdc8 	bl	10002300 <_ntoa_format>
10003770:	9b12      	ldr	r3, [sp, #72]	; 0x48
10003772:	0005      	movs	r5, r0
10003774:	9309      	str	r3, [sp, #36]	; 0x24
10003776:	3601      	adds	r6, #1
10003778:	f7ff facf 	bl	10002d1a <_vsnprintf+0x4a>
1000377c:	42b4      	cmp	r4, r6
1000377e:	d800      	bhi.n	10003782 <_vsnprintf+0xab2>
10003780:	e671      	b.n	10003466 <_vsnprintf+0x796>
10003782:	9b14      	ldr	r3, [sp, #80]	; 0x50
10003784:	4654      	mov	r4, sl
10003786:	960e      	str	r6, [sp, #56]	; 0x38
10003788:	970f      	str	r7, [sp, #60]	; 0x3c
1000378a:	46aa      	mov	sl, r5
1000378c:	4698      	mov	r8, r3
1000378e:	9e15      	ldr	r6, [sp, #84]	; 0x54
10003790:	9d13      	ldr	r5, [sp, #76]	; 0x4c
10003792:	e68e      	b.n	100034b2 <_vsnprintf+0x7e2>
10003794:	42a6      	cmp	r6, r4
10003796:	d800      	bhi.n	1000379a <_vsnprintf+0xaca>
10003798:	e6fb      	b.n	10003592 <_vsnprintf+0x8c2>
1000379a:	9b13      	ldr	r3, [sp, #76]	; 0x4c
1000379c:	4656      	mov	r6, sl
1000379e:	4698      	mov	r8, r3
100037a0:	46aa      	mov	sl, r5
100037a2:	465c      	mov	r4, fp
100037a4:	9d12      	ldr	r5, [sp, #72]	; 0x48
100037a6:	e576      	b.n	10003296 <_vsnprintf+0x5c6>
100037a8:	c908      	ldmia	r1!, {r3}
100037aa:	17d8      	asrs	r0, r3, #31
100037ac:	181a      	adds	r2, r3, r0
100037ae:	4042      	eors	r2, r0
100037b0:	9109      	str	r1, [sp, #36]	; 0x24
100037b2:	f7ff fb8a 	bl	10002eca <_vsnprintf+0x1fa>
100037b6:	2300      	movs	r3, #0
100037b8:	930b      	str	r3, [sp, #44]	; 0x2c
100037ba:	e450      	b.n	1000305e <_vsnprintf+0x38e>
100037bc:	9b09      	ldr	r3, [sp, #36]	; 0x24
100037be:	cb04      	ldmia	r3!, {r2}
100037c0:	4693      	mov	fp, r2
100037c2:	9309      	str	r3, [sp, #36]	; 0x24
100037c4:	e559      	b.n	1000327a <_vsnprintf+0x5aa>
100037c6:	002f      	movs	r7, r5
100037c8:	e5bb      	b.n	10003342 <_vsnprintf+0x672>
100037ca:	930b      	str	r3, [sp, #44]	; 0x2c
100037cc:	e601      	b.n	100033d2 <_vsnprintf+0x702>
100037ce:	3b06      	subs	r3, #6
100037d0:	930c      	str	r3, [sp, #48]	; 0x30
100037d2:	e69a      	b.n	1000350a <_vsnprintf+0x83a>

100037d4 <vfctprintf>:
100037d4:	b500      	push	{lr}
100037d6:	b085      	sub	sp, #20
100037d8:	9103      	str	r1, [sp, #12]
100037da:	2101      	movs	r1, #1
100037dc:	9002      	str	r0, [sp, #8]
100037de:	9300      	str	r3, [sp, #0]
100037e0:	4803      	ldr	r0, [pc, #12]	; (100037f0 <vfctprintf+0x1c>)
100037e2:	0013      	movs	r3, r2
100037e4:	424a      	negs	r2, r1
100037e6:	a902      	add	r1, sp, #8
100037e8:	f7ff fa72 	bl	10002cd0 <_vsnprintf>
100037ec:	b005      	add	sp, #20
100037ee:	bd00      	pop	{pc}
100037f0:	100024dd 	.word	0x100024dd

100037f4 <weak_raw_vprintf>:
100037f4:	b510      	push	{r4, lr}
100037f6:	4a09      	ldr	r2, [pc, #36]	; (1000381c <weak_raw_vprintf+0x28>)
100037f8:	0003      	movs	r3, r0
100037fa:	6814      	ldr	r4, [r2, #0]
100037fc:	b084      	sub	sp, #16
100037fe:	2c00      	cmp	r4, #0
10003800:	d008      	beq.n	10003814 <weak_raw_vprintf+0x20>
10003802:	2201      	movs	r2, #1
10003804:	9100      	str	r1, [sp, #0]
10003806:	4806      	ldr	r0, [pc, #24]	; (10003820 <weak_raw_vprintf+0x2c>)
10003808:	4252      	negs	r2, r2
1000380a:	a903      	add	r1, sp, #12
1000380c:	47a0      	blx	r4
1000380e:	2001      	movs	r0, #1
10003810:	b004      	add	sp, #16
10003812:	bd10      	pop	{r4, pc}
10003814:	f000 f982 	bl	10003b1c <__wrap_puts>
10003818:	2000      	movs	r0, #0
1000381a:	e7f9      	b.n	10003810 <weak_raw_vprintf+0x1c>
1000381c:	200012c8 	.word	0x200012c8
10003820:	100024cd 	.word	0x100024cd

10003824 <_exit>:
10003824:	be00      	bkpt	0x0000
10003826:	e7fd      	b.n	10003824 <_exit>

10003828 <exit>:
10003828:	b510      	push	{r4, lr}
1000382a:	f7ff fffb 	bl	10003824 <_exit>
1000382e:	46c0      	nop			; (mov r8, r8)

10003830 <runtime_init>:
10003830:	b570      	push	{r4, r5, r6, lr}
10003832:	f7fd ffd9 	bl	100017e8 <runtime_run_initializers>
10003836:	4d07      	ldr	r5, [pc, #28]	; (10003854 <runtime_init+0x24>)
10003838:	4e07      	ldr	r6, [pc, #28]	; (10003858 <runtime_init+0x28>)
1000383a:	42b5      	cmp	r5, r6
1000383c:	d209      	bcs.n	10003852 <runtime_init+0x22>
1000383e:	2400      	movs	r4, #0
10003840:	3e01      	subs	r6, #1
10003842:	1b76      	subs	r6, r6, r5
10003844:	08b6      	lsrs	r6, r6, #2
10003846:	cd08      	ldmia	r5!, {r3}
10003848:	4798      	blx	r3
1000384a:	0023      	movs	r3, r4
1000384c:	3401      	adds	r4, #1
1000384e:	42b3      	cmp	r3, r6
10003850:	d1f9      	bne.n	10003846 <runtime_init+0x16>
10003852:	bd70      	pop	{r4, r5, r6, pc}
10003854:	10007b34 	.word	0x10007b34
10003858:	10007b3c 	.word	0x10007b3c

1000385c <stdio_out_chars_no_crlf>:
1000385c:	0003      	movs	r3, r0
1000385e:	b510      	push	{r4, lr}
10003860:	0008      	movs	r0, r1
10003862:	0011      	movs	r1, r2
10003864:	681b      	ldr	r3, [r3, #0]
10003866:	4798      	blx	r3
10003868:	bd10      	pop	{r4, pc}
1000386a:	46c0      	nop			; (mov r8, r8)

1000386c <stdio_out_chars_crlf>:
1000386c:	b5f0      	push	{r4, r5, r6, r7, lr}
1000386e:	4646      	mov	r6, r8
10003870:	464f      	mov	r7, r9
10003872:	46d6      	mov	lr, sl
10003874:	b5c0      	push	{r6, r7, lr}
10003876:	7d43      	ldrb	r3, [r0, #21]
10003878:	4680      	mov	r8, r0
1000387a:	000e      	movs	r6, r1
1000387c:	0017      	movs	r7, r2
1000387e:	2b00      	cmp	r3, #0
10003880:	d046      	beq.n	10003910 <stdio_out_chars_crlf+0xa4>
10003882:	2a00      	cmp	r2, #0
10003884:	dd3f      	ble.n	10003906 <stdio_out_chars_crlf+0x9a>
10003886:	1e4b      	subs	r3, r1, #1
10003888:	4699      	mov	r9, r3
1000388a:	4b24      	ldr	r3, [pc, #144]	; (1000391c <stdio_out_chars_crlf+0xb0>)
1000388c:	2501      	movs	r5, #1
1000388e:	2400      	movs	r4, #0
10003890:	2000      	movs	r0, #0
10003892:	469a      	mov	sl, r3
10003894:	e00d      	b.n	100038b2 <stdio_out_chars_crlf+0x46>
10003896:	464b      	mov	r3, r9
10003898:	5d1b      	ldrb	r3, [r3, r4]
1000389a:	3b0d      	subs	r3, #13
1000389c:	425a      	negs	r2, r3
1000389e:	4153      	adcs	r3, r2
100038a0:	5d32      	ldrb	r2, [r6, r4]
100038a2:	b2db      	uxtb	r3, r3
100038a4:	2a0a      	cmp	r2, #10
100038a6:	d00b      	beq.n	100038c0 <stdio_out_chars_crlf+0x54>
100038a8:	002b      	movs	r3, r5
100038aa:	3401      	adds	r4, #1
100038ac:	3501      	adds	r5, #1
100038ae:	429f      	cmp	r7, r3
100038b0:	dd1a      	ble.n	100038e8 <stdio_out_chars_crlf+0x7c>
100038b2:	2c00      	cmp	r4, #0
100038b4:	d1ef      	bne.n	10003896 <stdio_out_chars_crlf+0x2a>
100038b6:	4643      	mov	r3, r8
100038b8:	5d32      	ldrb	r2, [r6, r4]
100038ba:	7d1b      	ldrb	r3, [r3, #20]
100038bc:	2a0a      	cmp	r2, #10
100038be:	d1f3      	bne.n	100038a8 <stdio_out_chars_crlf+0x3c>
100038c0:	2b00      	cmp	r3, #0
100038c2:	d1f1      	bne.n	100038a8 <stdio_out_chars_crlf+0x3c>
100038c4:	42a0      	cmp	r0, r4
100038c6:	da04      	bge.n	100038d2 <stdio_out_chars_crlf+0x66>
100038c8:	4643      	mov	r3, r8
100038ca:	1a21      	subs	r1, r4, r0
100038cc:	681b      	ldr	r3, [r3, #0]
100038ce:	1830      	adds	r0, r6, r0
100038d0:	4798      	blx	r3
100038d2:	4643      	mov	r3, r8
100038d4:	4650      	mov	r0, sl
100038d6:	681b      	ldr	r3, [r3, #0]
100038d8:	2102      	movs	r1, #2
100038da:	4798      	blx	r3
100038dc:	3401      	adds	r4, #1
100038de:	0028      	movs	r0, r5
100038e0:	002b      	movs	r3, r5
100038e2:	3501      	adds	r5, #1
100038e4:	429f      	cmp	r7, r3
100038e6:	dce4      	bgt.n	100038b2 <stdio_out_chars_crlf+0x46>
100038e8:	4287      	cmp	r7, r0
100038ea:	dd04      	ble.n	100038f6 <stdio_out_chars_crlf+0x8a>
100038ec:	4643      	mov	r3, r8
100038ee:	1a39      	subs	r1, r7, r0
100038f0:	681b      	ldr	r3, [r3, #0]
100038f2:	1830      	adds	r0, r6, r0
100038f4:	4798      	blx	r3
100038f6:	19f6      	adds	r6, r6, r7
100038f8:	3e01      	subs	r6, #1
100038fa:	7833      	ldrb	r3, [r6, #0]
100038fc:	3b0d      	subs	r3, #13
100038fe:	425a      	negs	r2, r3
10003900:	4153      	adcs	r3, r2
10003902:	4642      	mov	r2, r8
10003904:	7513      	strb	r3, [r2, #20]
10003906:	bce0      	pop	{r5, r6, r7}
10003908:	46ba      	mov	sl, r7
1000390a:	46b1      	mov	r9, r6
1000390c:	46a8      	mov	r8, r5
1000390e:	bdf0      	pop	{r4, r5, r6, r7, pc}
10003910:	6803      	ldr	r3, [r0, #0]
10003912:	0011      	movs	r1, r2
10003914:	0030      	movs	r0, r6
10003916:	4798      	blx	r3
10003918:	e7f5      	b.n	10003906 <stdio_out_chars_crlf+0x9a>
1000391a:	46c0      	nop			; (mov r8, r8)
1000391c:	10007ea0 	.word	0x10007ea0

10003920 <stdio_buffered_printer>:
10003920:	b5f0      	push	{r4, r5, r6, r7, lr}
10003922:	46c6      	mov	lr, r8
10003924:	000c      	movs	r4, r1
10003926:	6809      	ldr	r1, [r1, #0]
10003928:	0006      	movs	r6, r0
1000392a:	b500      	push	{lr}
1000392c:	2980      	cmp	r1, #128	; 0x80
1000392e:	d006      	beq.n	1000393e <stdio_buffered_printer+0x1e>
10003930:	1c4b      	adds	r3, r1, #1
10003932:	6023      	str	r3, [r4, #0]
10003934:	1864      	adds	r4, r4, r1
10003936:	7126      	strb	r6, [r4, #4]
10003938:	bc80      	pop	{r7}
1000393a:	46b8      	mov	r8, r7
1000393c:	bdf0      	pop	{r4, r5, r6, r7, pc}
1000393e:	4b0f      	ldr	r3, [pc, #60]	; (1000397c <stdio_buffered_printer+0x5c>)
10003940:	681d      	ldr	r5, [r3, #0]
10003942:	2d00      	cmp	r5, #0
10003944:	d016      	beq.n	10003974 <stdio_buffered_printer+0x54>
10003946:	1d23      	adds	r3, r4, #4
10003948:	4698      	mov	r8, r3
1000394a:	4f0d      	ldr	r7, [pc, #52]	; (10003980 <stdio_buffered_printer+0x60>)
1000394c:	e002      	b.n	10003954 <stdio_buffered_printer+0x34>
1000394e:	692d      	ldr	r5, [r5, #16]
10003950:	2d00      	cmp	r5, #0
10003952:	d00f      	beq.n	10003974 <stdio_buffered_printer+0x54>
10003954:	682b      	ldr	r3, [r5, #0]
10003956:	2b00      	cmp	r3, #0
10003958:	d0f9      	beq.n	1000394e <stdio_buffered_printer+0x2e>
1000395a:	683b      	ldr	r3, [r7, #0]
1000395c:	2b00      	cmp	r3, #0
1000395e:	d001      	beq.n	10003964 <stdio_buffered_printer+0x44>
10003960:	42ab      	cmp	r3, r5
10003962:	d1f4      	bne.n	1000394e <stdio_buffered_printer+0x2e>
10003964:	0028      	movs	r0, r5
10003966:	4641      	mov	r1, r8
10003968:	6822      	ldr	r2, [r4, #0]
1000396a:	f7ff ff7f 	bl	1000386c <stdio_out_chars_crlf>
1000396e:	692d      	ldr	r5, [r5, #16]
10003970:	2d00      	cmp	r5, #0
10003972:	d1ef      	bne.n	10003954 <stdio_buffered_printer+0x34>
10003974:	2301      	movs	r3, #1
10003976:	2100      	movs	r1, #0
10003978:	e7db      	b.n	10003932 <stdio_buffered_printer+0x12>
1000397a:	46c0      	nop			; (mov r8, r8)
1000397c:	200012c0 	.word	0x200012c0
10003980:	200012c4 	.word	0x200012c4

10003984 <stdio_put_string>:
10003984:	b5f0      	push	{r4, r5, r6, r7, lr}
10003986:	46de      	mov	lr, fp
10003988:	4657      	mov	r7, sl
1000398a:	464e      	mov	r6, r9
1000398c:	4645      	mov	r5, r8
1000398e:	b5e0      	push	{r5, r6, r7, lr}
10003990:	b085      	sub	sp, #20
10003992:	0017      	movs	r7, r2
10003994:	001c      	movs	r4, r3
10003996:	0006      	movs	r6, r0
10003998:	000d      	movs	r5, r1
1000399a:	f7fd fd71 	bl	10001480 <time_us_64>
1000399e:	2300      	movs	r3, #0
100039a0:	4a31      	ldr	r2, [pc, #196]	; (10003a68 <stdio_put_string+0xe4>)
100039a2:	1812      	adds	r2, r2, r0
100039a4:	414b      	adcs	r3, r1
100039a6:	2b00      	cmp	r3, #0
100039a8:	db59      	blt.n	10003a5e <stdio_put_string+0xda>
100039aa:	4930      	ldr	r1, [pc, #192]	; (10003a6c <stdio_put_string+0xe8>)
100039ac:	0008      	movs	r0, r1
100039ae:	468a      	mov	sl, r1
100039b0:	f004 f88a 	bl	10007ac8 <__mutex_try_enter_block_until_veneer>
100039b4:	9001      	str	r0, [sp, #4]
100039b6:	1c6b      	adds	r3, r5, #1
100039b8:	d103      	bne.n	100039c2 <stdio_put_string+0x3e>
100039ba:	0030      	movs	r0, r6
100039bc:	f003 ffe2 	bl	10007984 <strlen>
100039c0:	0005      	movs	r5, r0
100039c2:	2c00      	cmp	r4, #0
100039c4:	d126      	bne.n	10003a14 <stdio_put_string+0x90>
100039c6:	4b2a      	ldr	r3, [pc, #168]	; (10003a70 <stdio_put_string+0xec>)
100039c8:	4698      	mov	r8, r3
100039ca:	4b2a      	ldr	r3, [pc, #168]	; (10003a74 <stdio_put_string+0xf0>)
100039cc:	681c      	ldr	r4, [r3, #0]
100039ce:	2c00      	cmp	r4, #0
100039d0:	d015      	beq.n	100039fe <stdio_put_string+0x7a>
100039d2:	2f00      	cmp	r7, #0
100039d4:	d121      	bne.n	10003a1a <stdio_put_string+0x96>
100039d6:	4f28      	ldr	r7, [pc, #160]	; (10003a78 <stdio_put_string+0xf4>)
100039d8:	e002      	b.n	100039e0 <stdio_put_string+0x5c>
100039da:	6924      	ldr	r4, [r4, #16]
100039dc:	2c00      	cmp	r4, #0
100039de:	d00e      	beq.n	100039fe <stdio_put_string+0x7a>
100039e0:	6823      	ldr	r3, [r4, #0]
100039e2:	2b00      	cmp	r3, #0
100039e4:	d0f9      	beq.n	100039da <stdio_put_string+0x56>
100039e6:	683b      	ldr	r3, [r7, #0]
100039e8:	2b00      	cmp	r3, #0
100039ea:	d001      	beq.n	100039f0 <stdio_put_string+0x6c>
100039ec:	42a3      	cmp	r3, r4
100039ee:	d1f4      	bne.n	100039da <stdio_put_string+0x56>
100039f0:	0020      	movs	r0, r4
100039f2:	002a      	movs	r2, r5
100039f4:	0031      	movs	r1, r6
100039f6:	47c0      	blx	r8
100039f8:	6924      	ldr	r4, [r4, #16]
100039fa:	2c00      	cmp	r4, #0
100039fc:	d1f0      	bne.n	100039e0 <stdio_put_string+0x5c>
100039fe:	9b01      	ldr	r3, [sp, #4]
10003a00:	2b00      	cmp	r3, #0
10003a02:	d128      	bne.n	10003a56 <stdio_put_string+0xd2>
10003a04:	0028      	movs	r0, r5
10003a06:	b005      	add	sp, #20
10003a08:	bcf0      	pop	{r4, r5, r6, r7}
10003a0a:	46bb      	mov	fp, r7
10003a0c:	46b2      	mov	sl, r6
10003a0e:	46a9      	mov	r9, r5
10003a10:	46a0      	mov	r8, r4
10003a12:	bdf0      	pop	{r4, r5, r6, r7, pc}
10003a14:	4b19      	ldr	r3, [pc, #100]	; (10003a7c <stdio_put_string+0xf8>)
10003a16:	4698      	mov	r8, r3
10003a18:	e7d7      	b.n	100039ca <stdio_put_string+0x46>
10003a1a:	4b17      	ldr	r3, [pc, #92]	; (10003a78 <stdio_put_string+0xf4>)
10003a1c:	4699      	mov	r9, r3
10003a1e:	ab02      	add	r3, sp, #8
10003a20:	1ddf      	adds	r7, r3, #7
10003a22:	230a      	movs	r3, #10
10003a24:	469b      	mov	fp, r3
10003a26:	e002      	b.n	10003a2e <stdio_put_string+0xaa>
10003a28:	6924      	ldr	r4, [r4, #16]
10003a2a:	2c00      	cmp	r4, #0
10003a2c:	d0e7      	beq.n	100039fe <stdio_put_string+0x7a>
10003a2e:	6823      	ldr	r3, [r4, #0]
10003a30:	2b00      	cmp	r3, #0
10003a32:	d0f9      	beq.n	10003a28 <stdio_put_string+0xa4>
10003a34:	464b      	mov	r3, r9
10003a36:	681b      	ldr	r3, [r3, #0]
10003a38:	2b00      	cmp	r3, #0
10003a3a:	d001      	beq.n	10003a40 <stdio_put_string+0xbc>
10003a3c:	42a3      	cmp	r3, r4
10003a3e:	d1f3      	bne.n	10003a28 <stdio_put_string+0xa4>
10003a40:	002a      	movs	r2, r5
10003a42:	0031      	movs	r1, r6
10003a44:	0020      	movs	r0, r4
10003a46:	47c0      	blx	r8
10003a48:	465b      	mov	r3, fp
10003a4a:	2201      	movs	r2, #1
10003a4c:	0039      	movs	r1, r7
10003a4e:	0020      	movs	r0, r4
10003a50:	703b      	strb	r3, [r7, #0]
10003a52:	47c0      	blx	r8
10003a54:	e7e8      	b.n	10003a28 <stdio_put_string+0xa4>
10003a56:	4650      	mov	r0, sl
10003a58:	f004 f80e 	bl	10007a78 <__mutex_exit_veneer>
10003a5c:	e7d2      	b.n	10003a04 <stdio_put_string+0x80>
10003a5e:	2201      	movs	r2, #1
10003a60:	4b07      	ldr	r3, [pc, #28]	; (10003a80 <stdio_put_string+0xfc>)
10003a62:	4252      	negs	r2, r2
10003a64:	e7a1      	b.n	100039aa <stdio_put_string+0x26>
10003a66:	46c0      	nop			; (mov r8, r8)
10003a68:	000f4240 	.word	0x000f4240
10003a6c:	20000588 	.word	0x20000588
10003a70:	1000385d 	.word	0x1000385d
10003a74:	200012c0 	.word	0x200012c0
10003a78:	200012c4 	.word	0x200012c4
10003a7c:	1000386d 	.word	0x1000386d
10003a80:	7fffffff 	.word	0x7fffffff

10003a84 <__wrap_putchar>:
10003a84:	b5f0      	push	{r4, r5, r6, r7, lr}
10003a86:	46ce      	mov	lr, r9
10003a88:	4647      	mov	r7, r8
10003a8a:	b580      	push	{r7, lr}
10003a8c:	b083      	sub	sp, #12
10003a8e:	466b      	mov	r3, sp
10003a90:	0006      	movs	r6, r0
10003a92:	1ddd      	adds	r5, r3, #7
10003a94:	7028      	strb	r0, [r5, #0]
10003a96:	f7fd fcf3 	bl	10001480 <time_us_64>
10003a9a:	2300      	movs	r3, #0
10003a9c:	4a1a      	ldr	r2, [pc, #104]	; (10003b08 <__wrap_putchar+0x84>)
10003a9e:	1812      	adds	r2, r2, r0
10003aa0:	414b      	adcs	r3, r1
10003aa2:	2b00      	cmp	r3, #0
10003aa4:	db2b      	blt.n	10003afe <__wrap_putchar+0x7a>
10003aa6:	4919      	ldr	r1, [pc, #100]	; (10003b0c <__wrap_putchar+0x88>)
10003aa8:	0008      	movs	r0, r1
10003aaa:	4688      	mov	r8, r1
10003aac:	f004 f80c 	bl	10007ac8 <__mutex_try_enter_block_until_veneer>
10003ab0:	4b17      	ldr	r3, [pc, #92]	; (10003b10 <__wrap_putchar+0x8c>)
10003ab2:	4681      	mov	r9, r0
10003ab4:	681c      	ldr	r4, [r3, #0]
10003ab6:	2c00      	cmp	r4, #0
10003ab8:	d014      	beq.n	10003ae4 <__wrap_putchar+0x60>
10003aba:	4f16      	ldr	r7, [pc, #88]	; (10003b14 <__wrap_putchar+0x90>)
10003abc:	e002      	b.n	10003ac4 <__wrap_putchar+0x40>
10003abe:	6924      	ldr	r4, [r4, #16]
10003ac0:	2c00      	cmp	r4, #0
10003ac2:	d00f      	beq.n	10003ae4 <__wrap_putchar+0x60>
10003ac4:	6823      	ldr	r3, [r4, #0]
10003ac6:	2b00      	cmp	r3, #0
10003ac8:	d0f9      	beq.n	10003abe <__wrap_putchar+0x3a>
10003aca:	683b      	ldr	r3, [r7, #0]
10003acc:	2b00      	cmp	r3, #0
10003ace:	d001      	beq.n	10003ad4 <__wrap_putchar+0x50>
10003ad0:	42a3      	cmp	r3, r4
10003ad2:	d1f4      	bne.n	10003abe <__wrap_putchar+0x3a>
10003ad4:	0020      	movs	r0, r4
10003ad6:	2201      	movs	r2, #1
10003ad8:	0029      	movs	r1, r5
10003ada:	f7ff fec7 	bl	1000386c <stdio_out_chars_crlf>
10003ade:	6924      	ldr	r4, [r4, #16]
10003ae0:	2c00      	cmp	r4, #0
10003ae2:	d1ef      	bne.n	10003ac4 <__wrap_putchar+0x40>
10003ae4:	464b      	mov	r3, r9
10003ae6:	2b00      	cmp	r3, #0
10003ae8:	d105      	bne.n	10003af6 <__wrap_putchar+0x72>
10003aea:	0030      	movs	r0, r6
10003aec:	b003      	add	sp, #12
10003aee:	bcc0      	pop	{r6, r7}
10003af0:	46b9      	mov	r9, r7
10003af2:	46b0      	mov	r8, r6
10003af4:	bdf0      	pop	{r4, r5, r6, r7, pc}
10003af6:	4640      	mov	r0, r8
10003af8:	f003 ffbe 	bl	10007a78 <__mutex_exit_veneer>
10003afc:	e7f5      	b.n	10003aea <__wrap_putchar+0x66>
10003afe:	2201      	movs	r2, #1
10003b00:	4b05      	ldr	r3, [pc, #20]	; (10003b18 <__wrap_putchar+0x94>)
10003b02:	4252      	negs	r2, r2
10003b04:	e7cf      	b.n	10003aa6 <__wrap_putchar+0x22>
10003b06:	46c0      	nop			; (mov r8, r8)
10003b08:	000f4240 	.word	0x000f4240
10003b0c:	20000588 	.word	0x20000588
10003b10:	200012c0 	.word	0x200012c0
10003b14:	200012c4 	.word	0x200012c4
10003b18:	7fffffff 	.word	0x7fffffff

10003b1c <__wrap_puts>:
10003b1c:	b570      	push	{r4, r5, r6, lr}
10003b1e:	0004      	movs	r4, r0
10003b20:	f003 ff30 	bl	10007984 <strlen>
10003b24:	2301      	movs	r3, #1
10003b26:	0001      	movs	r1, r0
10003b28:	0005      	movs	r5, r0
10003b2a:	2201      	movs	r2, #1
10003b2c:	0020      	movs	r0, r4
10003b2e:	f7ff ff29 	bl	10003984 <stdio_put_string>
10003b32:	4b08      	ldr	r3, [pc, #32]	; (10003b54 <__wrap_puts+0x38>)
10003b34:	681c      	ldr	r4, [r3, #0]
10003b36:	2c00      	cmp	r4, #0
10003b38:	d006      	beq.n	10003b48 <__wrap_puts+0x2c>
10003b3a:	6863      	ldr	r3, [r4, #4]
10003b3c:	2b00      	cmp	r3, #0
10003b3e:	d005      	beq.n	10003b4c <__wrap_puts+0x30>
10003b40:	4798      	blx	r3
10003b42:	6924      	ldr	r4, [r4, #16]
10003b44:	2c00      	cmp	r4, #0
10003b46:	d1f8      	bne.n	10003b3a <__wrap_puts+0x1e>
10003b48:	0028      	movs	r0, r5
10003b4a:	bd70      	pop	{r4, r5, r6, pc}
10003b4c:	6924      	ldr	r4, [r4, #16]
10003b4e:	2c00      	cmp	r4, #0
10003b50:	d1f3      	bne.n	10003b3a <__wrap_puts+0x1e>
10003b52:	e7f9      	b.n	10003b48 <__wrap_puts+0x2c>
10003b54:	200012c0 	.word	0x200012c0

10003b58 <__wrap_vprintf>:
10003b58:	b5f0      	push	{r4, r5, r6, r7, lr}
10003b5a:	46ce      	mov	lr, r9
10003b5c:	4647      	mov	r7, r8
10003b5e:	b580      	push	{r7, lr}
10003b60:	b0a5      	sub	sp, #148	; 0x94
10003b62:	0004      	movs	r4, r0
10003b64:	000d      	movs	r5, r1
10003b66:	f7fd fc8b 	bl	10001480 <time_us_64>
10003b6a:	2300      	movs	r3, #0
10003b6c:	4a2a      	ldr	r2, [pc, #168]	; (10003c18 <__wrap_vprintf+0xc0>)
10003b6e:	1812      	adds	r2, r2, r0
10003b70:	414b      	adcs	r3, r1
10003b72:	2b00      	cmp	r3, #0
10003b74:	db49      	blt.n	10003c0a <__wrap_vprintf+0xb2>
10003b76:	4e29      	ldr	r6, [pc, #164]	; (10003c1c <__wrap_vprintf+0xc4>)
10003b78:	0030      	movs	r0, r6
10003b7a:	f003 ffa5 	bl	10007ac8 <__mutex_try_enter_block_until_veneer>
10003b7e:	2300      	movs	r3, #0
10003b80:	0007      	movs	r7, r0
10003b82:	9303      	str	r3, [sp, #12]
10003b84:	0022      	movs	r2, r4
10003b86:	002b      	movs	r3, r5
10003b88:	4825      	ldr	r0, [pc, #148]	; (10003c20 <__wrap_vprintf+0xc8>)
10003b8a:	a903      	add	r1, sp, #12
10003b8c:	f7ff fe22 	bl	100037d4 <vfctprintf>
10003b90:	9b03      	ldr	r3, [sp, #12]
10003b92:	4680      	mov	r8, r0
10003b94:	2b00      	cmp	r3, #0
10003b96:	d114      	bne.n	10003bc2 <__wrap_vprintf+0x6a>
10003b98:	4b22      	ldr	r3, [pc, #136]	; (10003c24 <__wrap_vprintf+0xcc>)
10003b9a:	681c      	ldr	r4, [r3, #0]
10003b9c:	2c00      	cmp	r4, #0
10003b9e:	d006      	beq.n	10003bae <__wrap_vprintf+0x56>
10003ba0:	6863      	ldr	r3, [r4, #4]
10003ba2:	2b00      	cmp	r3, #0
10003ba4:	d00b      	beq.n	10003bbe <__wrap_vprintf+0x66>
10003ba6:	4798      	blx	r3
10003ba8:	6924      	ldr	r4, [r4, #16]
10003baa:	2c00      	cmp	r4, #0
10003bac:	d1f8      	bne.n	10003ba0 <__wrap_vprintf+0x48>
10003bae:	2f00      	cmp	r7, #0
10003bb0:	d127      	bne.n	10003c02 <__wrap_vprintf+0xaa>
10003bb2:	4640      	mov	r0, r8
10003bb4:	b025      	add	sp, #148	; 0x94
10003bb6:	bcc0      	pop	{r6, r7}
10003bb8:	46b9      	mov	r9, r7
10003bba:	46b0      	mov	r8, r6
10003bbc:	bdf0      	pop	{r4, r5, r6, r7, pc}
10003bbe:	6924      	ldr	r4, [r4, #16]
10003bc0:	e7ec      	b.n	10003b9c <__wrap_vprintf+0x44>
10003bc2:	4b18      	ldr	r3, [pc, #96]	; (10003c24 <__wrap_vprintf+0xcc>)
10003bc4:	681d      	ldr	r5, [r3, #0]
10003bc6:	4699      	mov	r9, r3
10003bc8:	2d00      	cmp	r5, #0
10003bca:	d022      	beq.n	10003c12 <__wrap_vprintf+0xba>
10003bcc:	4c16      	ldr	r4, [pc, #88]	; (10003c28 <__wrap_vprintf+0xd0>)
10003bce:	e002      	b.n	10003bd6 <__wrap_vprintf+0x7e>
10003bd0:	692d      	ldr	r5, [r5, #16]
10003bd2:	2d00      	cmp	r5, #0
10003bd4:	d011      	beq.n	10003bfa <__wrap_vprintf+0xa2>
10003bd6:	682b      	ldr	r3, [r5, #0]
10003bd8:	2b00      	cmp	r3, #0
10003bda:	d0f9      	beq.n	10003bd0 <__wrap_vprintf+0x78>
10003bdc:	6823      	ldr	r3, [r4, #0]
10003bde:	2b00      	cmp	r3, #0
10003be0:	d001      	beq.n	10003be6 <__wrap_vprintf+0x8e>
10003be2:	429d      	cmp	r5, r3
10003be4:	d1f4      	bne.n	10003bd0 <__wrap_vprintf+0x78>
10003be6:	9b03      	ldr	r3, [sp, #12]
10003be8:	0028      	movs	r0, r5
10003bea:	001a      	movs	r2, r3
10003bec:	a904      	add	r1, sp, #16
10003bee:	9301      	str	r3, [sp, #4]
10003bf0:	f7ff fe3c 	bl	1000386c <stdio_out_chars_crlf>
10003bf4:	692d      	ldr	r5, [r5, #16]
10003bf6:	2d00      	cmp	r5, #0
10003bf8:	d1ed      	bne.n	10003bd6 <__wrap_vprintf+0x7e>
10003bfa:	464b      	mov	r3, r9
10003bfc:	9503      	str	r5, [sp, #12]
10003bfe:	681c      	ldr	r4, [r3, #0]
10003c00:	e7cc      	b.n	10003b9c <__wrap_vprintf+0x44>
10003c02:	0030      	movs	r0, r6
10003c04:	f003 ff38 	bl	10007a78 <__mutex_exit_veneer>
10003c08:	e7d3      	b.n	10003bb2 <__wrap_vprintf+0x5a>
10003c0a:	2201      	movs	r2, #1
10003c0c:	4b07      	ldr	r3, [pc, #28]	; (10003c2c <__wrap_vprintf+0xd4>)
10003c0e:	4252      	negs	r2, r2
10003c10:	e7b1      	b.n	10003b76 <__wrap_vprintf+0x1e>
10003c12:	9503      	str	r5, [sp, #12]
10003c14:	e7cb      	b.n	10003bae <__wrap_vprintf+0x56>
10003c16:	46c0      	nop			; (mov r8, r8)
10003c18:	000f4240 	.word	0x000f4240
10003c1c:	20000588 	.word	0x20000588
10003c20:	10003921 	.word	0x10003921
10003c24:	200012c0 	.word	0x200012c0
10003c28:	200012c4 	.word	0x200012c4
10003c2c:	7fffffff 	.word	0x7fffffff

10003c30 <__wrap_printf>:
10003c30:	b40f      	push	{r0, r1, r2, r3}
10003c32:	b500      	push	{lr}
10003c34:	b083      	sub	sp, #12
10003c36:	a904      	add	r1, sp, #16
10003c38:	c901      	ldmia	r1!, {r0}
10003c3a:	9101      	str	r1, [sp, #4]
10003c3c:	f7ff ff8c 	bl	10003b58 <__wrap_vprintf>
10003c40:	b003      	add	sp, #12
10003c42:	bc08      	pop	{r3}
10003c44:	b004      	add	sp, #16
10003c46:	4718      	bx	r3

10003c48 <_retrieve_unique_id_on_boot>:
10003c48:	b510      	push	{r4, lr}
10003c4a:	4802      	ldr	r0, [pc, #8]	; (10003c54 <_retrieve_unique_id_on_boot+0xc>)
10003c4c:	f000 f80c 	bl	10003c68 <flash_get_unique_id>
10003c50:	bd10      	pop	{r4, pc}
10003c52:	46c0      	nop			; (mov r8, r8)
10003c54:	200012e4 	.word	0x200012e4

10003c58 <pico_get_unique_board_id>:
10003c58:	b510      	push	{r4, lr}
10003c5a:	2208      	movs	r2, #8
10003c5c:	4901      	ldr	r1, [pc, #4]	; (10003c64 <pico_get_unique_board_id+0xc>)
10003c5e:	f7fe faf9 	bl	10002254 <__wrap___aeabi_memcpy>
10003c62:	bd10      	pop	{r4, pc}
10003c64:	200012e4 	.word	0x200012e4

10003c68 <flash_get_unique_id>:
10003c68:	b530      	push	{r4, r5, lr}
10003c6a:	2500      	movs	r5, #0
10003c6c:	b089      	sub	sp, #36	; 0x24
10003c6e:	0004      	movs	r4, r0
10003c70:	2209      	movs	r2, #9
10003c72:	2100      	movs	r1, #0
10003c74:	a801      	add	r0, sp, #4
10003c76:	9500      	str	r5, [sp, #0]
10003c78:	f7fe fae6 	bl	10002248 <__wrap_memset>
10003c7c:	2209      	movs	r2, #9
10003c7e:	2100      	movs	r1, #0
10003c80:	a805      	add	r0, sp, #20
10003c82:	9504      	str	r5, [sp, #16]
10003c84:	f7fe fae0 	bl	10002248 <__wrap_memset>
10003c88:	234b      	movs	r3, #75	; 0x4b
10003c8a:	466a      	mov	r2, sp
10003c8c:	4668      	mov	r0, sp
10003c8e:	7013      	strb	r3, [r2, #0]
10003c90:	a904      	add	r1, sp, #16
10003c92:	220d      	movs	r2, #13
10003c94:	f003 fee8 	bl	10007a68 <__flash_do_cmd_veneer>
10003c98:	2115      	movs	r1, #21
10003c9a:	2208      	movs	r2, #8
10003c9c:	0020      	movs	r0, r4
10003c9e:	4469      	add	r1, sp
10003ca0:	f7fe fad8 	bl	10002254 <__wrap___aeabi_memcpy>
10003ca4:	b009      	add	sp, #36	; 0x24
10003ca6:	bd30      	pop	{r4, r5, pc}

10003ca8 <cyw43_arch_set_async_context>:
10003ca8:	4b01      	ldr	r3, [pc, #4]	; (10003cb0 <cyw43_arch_set_async_context+0x8>)
10003caa:	6018      	str	r0, [r3, #0]
10003cac:	4770      	bx	lr
10003cae:	46c0      	nop			; (mov r8, r8)
10003cb0:	2000087c 	.word	0x2000087c

10003cb4 <cyw43_arch_gpio_put>:
10003cb4:	b510      	push	{r4, lr}
10003cb6:	000a      	movs	r2, r1
10003cb8:	0001      	movs	r1, r0
10003cba:	4802      	ldr	r0, [pc, #8]	; (10003cc4 <cyw43_arch_gpio_put+0x10>)
10003cbc:	f002 ffde 	bl	10006c7c <cyw43_gpio_set>
10003cc0:	bd10      	pop	{r4, pc}
10003cc2:	46c0      	nop			; (mov r8, r8)
10003cc4:	200009e4 	.word	0x200009e4

10003cc8 <cyw43_arch_async_context>:
10003cc8:	4b01      	ldr	r3, [pc, #4]	; (10003cd0 <cyw43_arch_async_context+0x8>)
10003cca:	6818      	ldr	r0, [r3, #0]
10003ccc:	4770      	bx	lr
10003cce:	46c0      	nop			; (mov r8, r8)
10003cd0:	2000087c 	.word	0x2000087c

10003cd4 <cyw43_arch_init>:
10003cd4:	b510      	push	{r4, lr}
10003cd6:	b082      	sub	sp, #8
10003cd8:	f7ff fff6 	bl	10003cc8 <cyw43_arch_async_context>
10003cdc:	2800      	cmp	r0, #0
10003cde:	d007      	beq.n	10003cf0 <cyw43_arch_init+0x1c>
10003ce0:	f003 fa96 	bl	10007210 <cyw43_driver_init>
10003ce4:	0003      	movs	r3, r0
10003ce6:	2000      	movs	r0, #0
10003ce8:	2b00      	cmp	r3, #0
10003cea:	d012      	beq.n	10003d12 <cyw43_arch_init+0x3e>
10003cec:	b002      	add	sp, #8
10003cee:	bd10      	pop	{r4, pc}
10003cf0:	4668      	mov	r0, sp
10003cf2:	f003 fce3 	bl	100076bc <async_context_threadsafe_background_default_config>
10003cf6:	4c11      	ldr	r4, [pc, #68]	; (10003d3c <cyw43_arch_init+0x68>)
10003cf8:	4669      	mov	r1, sp
10003cfa:	0020      	movs	r0, r4
10003cfc:	f003 fce4 	bl	100076c8 <async_context_threadsafe_background_init>
10003d00:	2800      	cmp	r0, #0
10003d02:	d004      	beq.n	10003d0e <cyw43_arch_init+0x3a>
10003d04:	0020      	movs	r0, r4
10003d06:	f7ff ffcf 	bl	10003ca8 <cyw43_arch_set_async_context>
10003d0a:	0020      	movs	r0, r4
10003d0c:	e7e8      	b.n	10003ce0 <cyw43_arch_init+0xc>
10003d0e:	3801      	subs	r0, #1
10003d10:	e7ec      	b.n	10003cec <cyw43_arch_init+0x18>
10003d12:	f7ff ffd9 	bl	10003cc8 <cyw43_arch_async_context>
10003d16:	0004      	movs	r4, r0
10003d18:	f003 fa96 	bl	10007248 <cyw43_driver_deinit>
10003d1c:	4b07      	ldr	r3, [pc, #28]	; (10003d3c <cyw43_arch_init+0x68>)
10003d1e:	429c      	cmp	r4, r3
10003d20:	d002      	beq.n	10003d28 <cyw43_arch_init+0x54>
10003d22:	2001      	movs	r0, #1
10003d24:	4240      	negs	r0, r0
10003d26:	e7e1      	b.n	10003cec <cyw43_arch_init+0x18>
10003d28:	6823      	ldr	r3, [r4, #0]
10003d2a:	0020      	movs	r0, r4
10003d2c:	6b5b      	ldr	r3, [r3, #52]	; 0x34
10003d2e:	4798      	blx	r3
10003d30:	2000      	movs	r0, #0
10003d32:	f7ff ffb9 	bl	10003ca8 <cyw43_arch_set_async_context>
10003d36:	2001      	movs	r0, #1
10003d38:	4240      	negs	r0, r0
10003d3a:	e7d7      	b.n	10003cec <cyw43_arch_init+0x18>
10003d3c:	20000590 	.word	0x20000590

10003d40 <ns_delay.constprop.0>:
10003d40:	b510      	push	{r4, lr}
10003d42:	2005      	movs	r0, #5
10003d44:	f7fd fca4 	bl	10001690 <clock_get_hz>
10003d48:	0c03      	lsrs	r3, r0, #16
10003d4a:	2064      	movs	r0, #100	; 0x64
10003d4c:	4903      	ldr	r1, [pc, #12]	; (10003d5c <ns_delay.constprop.0+0x1c>)
10003d4e:	4358      	muls	r0, r3
10003d50:	f7fd fea8 	bl	10001aa4 <__wrap___aeabi_uidiv>
10003d54:	3803      	subs	r0, #3
10003d56:	d2fd      	bcs.n	10003d54 <ns_delay.constprop.0+0x14>
10003d58:	bd10      	pop	{r4, pc}
10003d5a:	46c0      	nop			; (mov r8, r8)
10003d5c:	00003b9a 	.word	0x00003b9a

10003d60 <cyw43_spi_deinit>:
10003d60:	4b18      	ldr	r3, [pc, #96]	; (10003dc4 <cyw43_spi_deinit+0x64>)
10003d62:	b570      	push	{r4, r5, r6, lr}
10003d64:	58c4      	ldr	r4, [r0, r3]
10003d66:	0005      	movs	r5, r0
10003d68:	2c00      	cmp	r4, #0
10003d6a:	d014      	beq.n	10003d96 <cyw43_spi_deinit+0x36>
10003d6c:	6821      	ldr	r1, [r4, #0]
10003d6e:	2900      	cmp	r1, #0
10003d70:	d006      	beq.n	10003d80 <cyw43_spi_deinit+0x20>
10003d72:	6863      	ldr	r3, [r4, #4]
10003d74:	68a2      	ldr	r2, [r4, #8]
10003d76:	4814      	ldr	r0, [pc, #80]	; (10003dc8 <cyw43_spi_deinit+0x68>)
10003d78:	f003 f948 	bl	1000700c <pio_remove_program_and_unclaim_sm>
10003d7c:	2300      	movs	r3, #0
10003d7e:	6023      	str	r3, [r4, #0]
10003d80:	200c      	movs	r0, #12
10003d82:	5620      	ldrsb	r0, [r4, r0]
10003d84:	2800      	cmp	r0, #0
10003d86:	da10      	bge.n	10003daa <cyw43_spi_deinit+0x4a>
10003d88:	200d      	movs	r0, #13
10003d8a:	5620      	ldrsb	r0, [r4, r0]
10003d8c:	2800      	cmp	r0, #0
10003d8e:	da03      	bge.n	10003d98 <cyw43_spi_deinit+0x38>
10003d90:	2200      	movs	r2, #0
10003d92:	4b0c      	ldr	r3, [pc, #48]	; (10003dc4 <cyw43_spi_deinit+0x64>)
10003d94:	50ea      	str	r2, [r5, r3]
10003d96:	bd70      	pop	{r4, r5, r6, pc}
10003d98:	f003 f970 	bl	1000707c <dma_channel_cleanup>
10003d9c:	200d      	movs	r0, #13
10003d9e:	5620      	ldrsb	r0, [r4, r0]
10003da0:	f003 f954 	bl	1000704c <dma_channel_unclaim>
10003da4:	23ff      	movs	r3, #255	; 0xff
10003da6:	7363      	strb	r3, [r4, #13]
10003da8:	e7f2      	b.n	10003d90 <cyw43_spi_deinit+0x30>
10003daa:	f003 f967 	bl	1000707c <dma_channel_cleanup>
10003dae:	200c      	movs	r0, #12
10003db0:	5620      	ldrsb	r0, [r4, r0]
10003db2:	f003 f94b 	bl	1000704c <dma_channel_unclaim>
10003db6:	23ff      	movs	r3, #255	; 0xff
10003db8:	200d      	movs	r0, #13
10003dba:	7323      	strb	r3, [r4, #12]
10003dbc:	5620      	ldrsb	r0, [r4, r0]
10003dbe:	2800      	cmp	r0, #0
10003dc0:	dbe6      	blt.n	10003d90 <cyw43_spi_deinit+0x30>
10003dc2:	e7e9      	b.n	10003d98 <cyw43_spi_deinit+0x38>
10003dc4:	0000084c 	.word	0x0000084c
10003dc8:	10007ec0 	.word	0x10007ec0

10003dcc <cyw43_spi_init>:
10003dcc:	b5f0      	push	{r4, r5, r6, r7, lr}
10003dce:	46c6      	mov	lr, r8
10003dd0:	4c3f      	ldr	r4, [pc, #252]	; (10003ed0 <cyw43_spi_init+0x104>)
10003dd2:	4b40      	ldr	r3, [pc, #256]	; (10003ed4 <cyw43_spi_init+0x108>)
10003dd4:	b500      	push	{lr}
10003dd6:	50c4      	str	r4, [r0, r3]
10003dd8:	2300      	movs	r3, #0
10003dda:	2106      	movs	r1, #6
10003ddc:	0022      	movs	r2, r4
10003dde:	2601      	movs	r6, #1
10003de0:	b084      	sub	sp, #16
10003de2:	6023      	str	r3, [r4, #0]
10003de4:	3b01      	subs	r3, #1
10003de6:	81a3      	strh	r3, [r4, #12]
10003de8:	9101      	str	r1, [sp, #4]
10003dea:	3112      	adds	r1, #18
10003dec:	0005      	movs	r5, r0
10003dee:	9100      	str	r1, [sp, #0]
10003df0:	4839      	ldr	r0, [pc, #228]	; (10003ed8 <cyw43_spi_init+0x10c>)
10003df2:	0021      	movs	r1, r4
10003df4:	1d23      	adds	r3, r4, #4
10003df6:	3208      	adds	r2, #8
10003df8:	9602      	str	r6, [sp, #8]
10003dfa:	f003 f83f 	bl	10006e7c <pio_claim_free_sm_and_add_program_for_gpio_range>
10003dfe:	2800      	cmp	r0, #0
10003e00:	d05f      	beq.n	10003ec2 <cyw43_spi_init+0xf6>
10003e02:	6863      	ldr	r3, [r4, #4]
10003e04:	4835      	ldr	r0, [pc, #212]	; (10003edc <cyw43_spi_init+0x110>)
10003e06:	1d5a      	adds	r2, r3, #5
10003e08:	0312      	lsls	r2, r2, #12
10003e0a:	01db      	lsls	r3, r3, #7
10003e0c:	431a      	orrs	r2, r3
10003e0e:	4b34      	ldr	r3, [pc, #208]	; (10003ee0 <cyw43_spi_init+0x114>)
10003e10:	6801      	ldr	r1, [r0, #0]
10003e12:	401a      	ands	r2, r3
10003e14:	2330      	movs	r3, #48	; 0x30
10003e16:	438b      	bics	r3, r1
10003e18:	4932      	ldr	r1, [pc, #200]	; (10003ee4 <cyw43_spi_init+0x118>)
10003e1a:	4690      	mov	r8, r2
10003e1c:	600b      	str	r3, [r1, #0]
10003e1e:	6803      	ldr	r3, [r0, #0]
10003e20:	0030      	movs	r0, r6
10003e22:	4398      	bics	r0, r3
10003e24:	6008      	str	r0, [r1, #0]
10003e26:	2180      	movs	r1, #128	; 0x80
10003e28:	6820      	ldr	r0, [r4, #0]
10003e2a:	4b2f      	ldr	r3, [pc, #188]	; (10003ee8 <cyw43_spi_init+0x11c>)
10003e2c:	0449      	lsls	r1, r1, #17
10003e2e:	18c3      	adds	r3, r0, r3
10003e30:	6019      	str	r1, [r3, #0]
10003e32:	68a1      	ldr	r1, [r4, #8]
10003e34:	2280      	movs	r2, #128	; 0x80
10003e36:	004b      	lsls	r3, r1, #1
10003e38:	185b      	adds	r3, r3, r1
10003e3a:	00db      	lsls	r3, r3, #3
10003e3c:	18c3      	adds	r3, r0, r3
10003e3e:	001f      	movs	r7, r3
10003e40:	0292      	lsls	r2, r2, #10
10003e42:	37c8      	adds	r7, #200	; 0xc8
10003e44:	603a      	str	r2, [r7, #0]
10003e46:	22c0      	movs	r2, #192	; 0xc0
10003e48:	0292      	lsls	r2, r2, #10
10003e4a:	60ba      	str	r2, [r7, #8]
10003e4c:	4642      	mov	r2, r8
10003e4e:	607a      	str	r2, [r7, #4]
10003e50:	4a26      	ldr	r2, [pc, #152]	; (10003eec <cyw43_spi_init+0x120>)
10003e52:	33dc      	adds	r3, #220	; 0xdc
10003e54:	601a      	str	r2, [r3, #0]
10003e56:	2301      	movs	r3, #1
10003e58:	221d      	movs	r2, #29
10003e5a:	9600      	str	r6, [sp, #0]
10003e5c:	f002 ffb0 	bl	10006dc0 <pio_sm_set_consecutive_pindirs>
10003e60:	4a23      	ldr	r2, [pc, #140]	; (10003ef0 <cyw43_spi_init+0x124>)
10003e62:	6823      	ldr	r3, [r4, #0]
10003e64:	4694      	mov	ip, r2
10003e66:	4463      	add	r3, ip
10003e68:	0d19      	lsrs	r1, r3, #20
10003e6a:	3106      	adds	r1, #6
10003e6c:	2018      	movs	r0, #24
10003e6e:	b2c9      	uxtb	r1, r1
10003e70:	f7fc fa48 	bl	10000304 <gpio_set_function>
10003e74:	2201      	movs	r2, #1
10003e76:	2100      	movs	r1, #0
10003e78:	2018      	movs	r0, #24
10003e7a:	f7fc fa5d 	bl	10000338 <gpio_set_pulls>
10003e7e:	2101      	movs	r1, #1
10003e80:	2018      	movs	r0, #24
10003e82:	f7fc fa73 	bl	1000036c <gpio_set_input_hysteresis_enabled>
10003e86:	68a2      	ldr	r2, [r4, #8]
10003e88:	2000      	movs	r0, #0
10003e8a:	0053      	lsls	r3, r2, #1
10003e8c:	189b      	adds	r3, r3, r2
10003e8e:	6822      	ldr	r2, [r4, #0]
10003e90:	00db      	lsls	r3, r3, #3
10003e92:	4694      	mov	ip, r2
10003e94:	4a17      	ldr	r2, [pc, #92]	; (10003ef4 <cyw43_spi_init+0x128>)
10003e96:	4463      	add	r3, ip
10003e98:	33d8      	adds	r3, #216	; 0xd8
10003e9a:	601a      	str	r2, [r3, #0]
10003e9c:	f003 f8de 	bl	1000705c <dma_claim_unused_channel>
10003ea0:	7320      	strb	r0, [r4, #12]
10003ea2:	2000      	movs	r0, #0
10003ea4:	f003 f8da 	bl	1000705c <dma_claim_unused_channel>
10003ea8:	7b23      	ldrb	r3, [r4, #12]
10003eaa:	b240      	sxtb	r0, r0
10003eac:	3704      	adds	r7, #4
10003eae:	7360      	strb	r0, [r4, #13]
10003eb0:	2b7f      	cmp	r3, #127	; 0x7f
10003eb2:	d806      	bhi.n	10003ec2 <cyw43_spi_init+0xf6>
10003eb4:	2800      	cmp	r0, #0
10003eb6:	db04      	blt.n	10003ec2 <cyw43_spi_init+0xf6>
10003eb8:	2000      	movs	r0, #0
10003eba:	b004      	add	sp, #16
10003ebc:	bc80      	pop	{r7}
10003ebe:	46b8      	mov	r8, r7
10003ec0:	bdf0      	pop	{r4, r5, r6, r7, pc}
10003ec2:	0028      	movs	r0, r5
10003ec4:	f7ff ff4c 	bl	10003d60 <cyw43_spi_deinit>
10003ec8:	2006      	movs	r0, #6
10003eca:	4240      	negs	r0, r0
10003ecc:	e7f5      	b.n	10003eba <cyw43_spi_init+0xee>
10003ece:	46c0      	nop			; (mov r8, r8)
10003ed0:	20000998 	.word	0x20000998
10003ed4:	0000084c 	.word	0x0000084c
10003ed8:	10007ec0 	.word	0x10007ec0
10003edc:	4001c078 	.word	0x4001c078
10003ee0:	9fffffff 	.word	0x9fffffff
10003ee4:	4001d078 	.word	0x4001d078
10003ee8:	00002038 	.word	0x00002038
10003eec:	241c7718 	.word	0x241c7718
10003ef0:	afe00000 	.word	0xafe00000
10003ef4:	0000e001 	.word	0x0000e001

10003ef8 <cyw43_spi_transfer>:
10003ef8:	b5f0      	push	{r4, r5, r6, r7, lr}
10003efa:	464e      	mov	r6, r9
10003efc:	4645      	mov	r5, r8
10003efe:	46de      	mov	lr, fp
10003f00:	4657      	mov	r7, sl
10003f02:	b5e0      	push	{r5, r6, r7, lr}
10003f04:	4689      	mov	r9, r1
10003f06:	0016      	movs	r6, r2
10003f08:	4698      	mov	r8, r3
10003f0a:	b087      	sub	sp, #28
10003f0c:	2900      	cmp	r1, #0
10003f0e:	d100      	bne.n	10003f12 <cyw43_spi_transfer+0x1a>
10003f10:	e11f      	b.n	10004152 <cyw43_spi_transfer+0x25a>
10003f12:	4a93      	ldr	r2, [pc, #588]	; (10004160 <cyw43_spi_transfer+0x268>)
10003f14:	4b93      	ldr	r3, [pc, #588]	; (10004164 <cyw43_spi_transfer+0x26c>)
10003f16:	4694      	mov	ip, r2
10003f18:	58c4      	ldr	r4, [r0, r3]
10003f1a:	2018      	movs	r0, #24
10003f1c:	6823      	ldr	r3, [r4, #0]
10003f1e:	4463      	add	r3, ip
10003f20:	0d19      	lsrs	r1, r3, #20
10003f22:	3106      	adds	r1, #6
10003f24:	b2c9      	uxtb	r1, r1
10003f26:	f7fc f9ed 	bl	10000304 <gpio_set_function>
10003f2a:	4a8d      	ldr	r2, [pc, #564]	; (10004160 <cyw43_spi_transfer+0x268>)
10003f2c:	6823      	ldr	r3, [r4, #0]
10003f2e:	4694      	mov	ip, r2
10003f30:	4463      	add	r3, ip
10003f32:	0d19      	lsrs	r1, r3, #20
10003f34:	3106      	adds	r1, #6
10003f36:	201d      	movs	r0, #29
10003f38:	b2c9      	uxtb	r1, r1
10003f3a:	f7fc f9e3 	bl	10000304 <gpio_set_function>
10003f3e:	2201      	movs	r2, #1
10003f40:	2100      	movs	r1, #0
10003f42:	201d      	movs	r0, #29
10003f44:	f7fc f9f8 	bl	10000338 <gpio_set_pulls>
10003f48:	23d0      	movs	r3, #208	; 0xd0
10003f4a:	2280      	movs	r2, #128	; 0x80
10003f4c:	061b      	lsls	r3, r3, #24
10003f4e:	0492      	lsls	r2, r2, #18
10003f50:	619a      	str	r2, [r3, #24]
10003f52:	4643      	mov	r3, r8
10003f54:	2b00      	cmp	r3, #0
10003f56:	d100      	bne.n	10003f5a <cyw43_spi_transfer+0x62>
10003f58:	e11c      	b.n	10004194 <cyw43_spi_transfer+0x29c>
10003f5a:	464b      	mov	r3, r9
10003f5c:	2b00      	cmp	r3, #0
10003f5e:	d100      	bne.n	10003f62 <cyw43_spi_transfer+0x6a>
10003f60:	e0f5      	b.n	1000414e <cyw43_spi_transfer+0x256>
10003f62:	2501      	movs	r5, #1
10003f64:	002a      	movs	r2, r5
10003f66:	27cc      	movs	r7, #204	; 0xcc
10003f68:	68a1      	ldr	r1, [r4, #8]
10003f6a:	46bc      	mov	ip, r7
10003f6c:	408a      	lsls	r2, r1
10003f6e:	6820      	ldr	r0, [r4, #0]
10003f70:	4f7d      	ldr	r7, [pc, #500]	; (10004168 <cyw43_spi_transfer+0x270>)
10003f72:	6803      	ldr	r3, [r0, #0]
10003f74:	4393      	bics	r3, r2
10003f76:	6003      	str	r3, [r0, #0]
10003f78:	004b      	lsls	r3, r1, #1
10003f7a:	185b      	adds	r3, r3, r1
10003f7c:	00db      	lsls	r3, r3, #3
10003f7e:	18c2      	adds	r2, r0, r3
10003f80:	4494      	add	ip, r2
10003f82:	4662      	mov	r2, ip
10003f84:	6812      	ldr	r2, [r2, #0]
10003f86:	18c3      	adds	r3, r0, r3
10003f88:	4692      	mov	sl, r2
10003f8a:	6862      	ldr	r2, [r4, #4]
10003f8c:	3205      	adds	r2, #5
10003f8e:	0312      	lsls	r2, r2, #12
10003f90:	4693      	mov	fp, r2
10003f92:	4652      	mov	r2, sl
10003f94:	4017      	ands	r7, r2
10003f96:	465a      	mov	r2, fp
10003f98:	433a      	orrs	r2, r7
10003f9a:	6867      	ldr	r7, [r4, #4]
10003f9c:	01ff      	lsls	r7, r7, #7
10003f9e:	433a      	orrs	r2, r7
10003fa0:	4667      	mov	r7, ip
10003fa2:	603a      	str	r2, [r7, #0]
10003fa4:	4a71      	ldr	r2, [pc, #452]	; (1000416c <cyw43_spi_transfer+0x274>)
10003fa6:	002f      	movs	r7, r5
10003fa8:	4694      	mov	ip, r2
10003faa:	2280      	movs	r2, #128	; 0x80
10003fac:	4463      	add	r3, ip
10003fae:	0612      	lsls	r2, r2, #24
10003fb0:	601a      	str	r2, [r3, #0]
10003fb2:	601a      	str	r2, [r3, #0]
10003fb4:	2280      	movs	r2, #128	; 0x80
10003fb6:	2300      	movs	r3, #0
10003fb8:	0452      	lsls	r2, r2, #17
10003fba:	9200      	str	r2, [sp, #0]
10003fbc:	9301      	str	r3, [sp, #4]
10003fbe:	f002 fead 	bl	10006d1c <pio_sm_set_pindirs_with_mask64>
10003fc2:	0028      	movs	r0, r5
10003fc4:	68a1      	ldr	r1, [r4, #8]
10003fc6:	6823      	ldr	r3, [r4, #0]
10003fc8:	1d0a      	adds	r2, r1, #4
10003fca:	4090      	lsls	r0, r2
10003fcc:	9204      	str	r2, [sp, #16]
10003fce:	2280      	movs	r2, #128	; 0x80
10003fd0:	0192      	lsls	r2, r2, #6
10003fd2:	189a      	adds	r2, r3, r2
10003fd4:	6010      	str	r0, [r2, #0]
10003fd6:	0008      	movs	r0, r1
10003fd8:	3008      	adds	r0, #8
10003fda:	4087      	lsls	r7, r0
10003fdc:	0088      	lsls	r0, r1, #2
10003fde:	6017      	str	r7, [r2, #0]
10003fe0:	00f2      	lsls	r2, r6, #3
10003fe2:	1818      	adds	r0, r3, r0
10003fe4:	3a01      	subs	r2, #1
10003fe6:	6102      	str	r2, [r0, #16]
10003fe8:	004a      	lsls	r2, r1, #1
10003fea:	1852      	adds	r2, r2, r1
10003fec:	00d2      	lsls	r2, r2, #3
10003fee:	4f60      	ldr	r7, [pc, #384]	; (10004170 <cyw43_spi_transfer+0x278>)
10003ff0:	189a      	adds	r2, r3, r2
10003ff2:	32d8      	adds	r2, #216	; 0xd8
10003ff4:	6017      	str	r7, [r2, #0]
10003ff6:	9f10      	ldr	r7, [sp, #64]	; 0x40
10003ff8:	1bbf      	subs	r7, r7, r6
10003ffa:	00ff      	lsls	r7, r7, #3
10003ffc:	3f01      	subs	r7, #1
10003ffe:	6107      	str	r7, [r0, #16]
10004000:	485c      	ldr	r0, [pc, #368]	; (10004174 <cyw43_spi_transfer+0x27c>)
10004002:	6867      	ldr	r7, [r4, #4]
10004004:	6010      	str	r0, [r2, #0]
10004006:	201f      	movs	r0, #31
10004008:	4038      	ands	r0, r7
1000400a:	6010      	str	r0, [r2, #0]
1000400c:	220c      	movs	r2, #12
1000400e:	56a2      	ldrsb	r2, [r4, r2]
10004010:	4f59      	ldr	r7, [pc, #356]	; (10004178 <cyw43_spi_transfer+0x280>)
10004012:	4693      	mov	fp, r2
10004014:	002a      	movs	r2, r5
10004016:	4658      	mov	r0, fp
10004018:	25a0      	movs	r5, #160	; 0xa0
1000401a:	4082      	lsls	r2, r0
1000401c:	4857      	ldr	r0, [pc, #348]	; (1000417c <cyw43_spi_transfer+0x284>)
1000401e:	05ed      	lsls	r5, r5, #23
10004020:	502a      	str	r2, [r5, r0]
10004022:	465a      	mov	r2, fp
10004024:	0192      	lsls	r2, r2, #6
10004026:	4694      	mov	ip, r2
10004028:	2080      	movs	r0, #128	; 0x80
1000402a:	4467      	add	r7, ip
1000402c:	0440      	lsls	r0, r0, #17
1000402e:	683a      	ldr	r2, [r7, #0]
10004030:	4202      	tst	r2, r0
10004032:	d1fc      	bne.n	1000402e <cyw43_spi_transfer+0x136>
10004034:	4660      	mov	r0, ip
10004036:	270d      	movs	r7, #13
10004038:	2201      	movs	r2, #1
1000403a:	9003      	str	r0, [sp, #12]
1000403c:	57e7      	ldrsb	r7, [r4, r7]
1000403e:	484f      	ldr	r0, [pc, #316]	; (1000417c <cyw43_spi_transfer+0x284>)
10004040:	40ba      	lsls	r2, r7
10004042:	502a      	str	r2, [r5, r0]
10004044:	22a0      	movs	r2, #160	; 0xa0
10004046:	05d2      	lsls	r2, r2, #23
10004048:	4692      	mov	sl, r2
1000404a:	4a4b      	ldr	r2, [pc, #300]	; (10004178 <cyw43_spi_transfer+0x280>)
1000404c:	9803      	ldr	r0, [sp, #12]
1000404e:	4694      	mov	ip, r2
10004050:	01bd      	lsls	r5, r7, #6
10004052:	2280      	movs	r2, #128	; 0x80
10004054:	44aa      	add	sl, r5
10004056:	4465      	add	r5, ip
10004058:	4684      	mov	ip, r0
1000405a:	0452      	lsls	r2, r2, #17
1000405c:	6828      	ldr	r0, [r5, #0]
1000405e:	4210      	tst	r0, r2
10004060:	d1fc      	bne.n	1000405c <cyw43_spi_transfer+0x164>
10004062:	4662      	mov	r2, ip
10004064:	9203      	str	r2, [sp, #12]
10004066:	4a3e      	ldr	r2, [pc, #248]	; (10004160 <cyw43_spi_transfer+0x268>)
10004068:	4845      	ldr	r0, [pc, #276]	; (10004180 <cyw43_spi_transfer+0x288>)
1000406a:	189a      	adds	r2, r3, r2
1000406c:	0d12      	lsrs	r2, r2, #20
1000406e:	00d5      	lsls	r5, r2, #3
10004070:	465a      	mov	r2, fp
10004072:	02d2      	lsls	r2, r2, #11
10004074:	4002      	ands	r2, r0
10004076:	20a0      	movs	r0, #160	; 0xa0
10004078:	9505      	str	r5, [sp, #20]
1000407a:	194d      	adds	r5, r1, r5
1000407c:	03ed      	lsls	r5, r5, #15
1000407e:	432a      	orrs	r2, r5
10004080:	4d40      	ldr	r5, [pc, #256]	; (10004184 <cyw43_spi_transfer+0x28c>)
10004082:	05c0      	lsls	r0, r0, #23
10004084:	4315      	orrs	r5, r2
10004086:	9a04      	ldr	r2, [sp, #16]
10004088:	4684      	mov	ip, r0
1000408a:	46ab      	mov	fp, r5
1000408c:	0095      	lsls	r5, r2, #2
1000408e:	464a      	mov	r2, r9
10004090:	9803      	ldr	r0, [sp, #12]
10004092:	02ff      	lsls	r7, r7, #11
10004094:	4460      	add	r0, ip
10004096:	6002      	str	r2, [r0, #0]
10004098:	4684      	mov	ip, r0
1000409a:	1958      	adds	r0, r3, r5
1000409c:	4681      	mov	r9, r0
1000409e:	4660      	mov	r0, ip
100040a0:	464a      	mov	r2, r9
100040a2:	6042      	str	r2, [r0, #4]
100040a4:	08b2      	lsrs	r2, r6, #2
100040a6:	6082      	str	r2, [r0, #8]
100040a8:	465a      	mov	r2, fp
100040aa:	60c2      	str	r2, [r0, #12]
100040ac:	4834      	ldr	r0, [pc, #208]	; (10004180 <cyw43_spi_transfer+0x288>)
100040ae:	9a10      	ldr	r2, [sp, #64]	; 0x40
100040b0:	4038      	ands	r0, r7
100040b2:	9f05      	ldr	r7, [sp, #20]
100040b4:	3510      	adds	r5, #16
100040b6:	46b9      	mov	r9, r7
100040b8:	9f04      	ldr	r7, [sp, #16]
100040ba:	195d      	adds	r5, r3, r5
100040bc:	46bc      	mov	ip, r7
100040be:	44e1      	add	r9, ip
100040c0:	464f      	mov	r7, r9
100040c2:	03ff      	lsls	r7, r7, #15
100040c4:	4338      	orrs	r0, r7
100040c6:	4f30      	ldr	r7, [pc, #192]	; (10004188 <cyw43_spi_transfer+0x290>)
100040c8:	4338      	orrs	r0, r7
100040ca:	0897      	lsrs	r7, r2, #2
100040cc:	08b2      	lsrs	r2, r6, #2
100040ce:	1aba      	subs	r2, r7, r2
100040d0:	4657      	mov	r7, sl
100040d2:	603d      	str	r5, [r7, #0]
100040d4:	4645      	mov	r5, r8
100040d6:	19ad      	adds	r5, r5, r6
100040d8:	607d      	str	r5, [r7, #4]
100040da:	60ba      	str	r2, [r7, #8]
100040dc:	2201      	movs	r2, #1
100040de:	408a      	lsls	r2, r1
100040e0:	60f8      	str	r0, [r7, #12]
100040e2:	6818      	ldr	r0, [r3, #0]
100040e4:	4302      	orrs	r2, r0
100040e6:	601a      	str	r2, [r3, #0]
100040e8:	220c      	movs	r2, #12
100040ea:	4b28      	ldr	r3, [pc, #160]	; (1000418c <cyw43_spi_transfer+0x294>)
100040ec:	2180      	movs	r1, #128	; 0x80
100040ee:	469c      	mov	ip, r3
100040f0:	56a2      	ldrsb	r2, [r4, r2]
100040f2:	0449      	lsls	r1, r1, #17
100040f4:	0192      	lsls	r2, r2, #6
100040f6:	4462      	add	r2, ip
100040f8:	6813      	ldr	r3, [r2, #0]
100040fa:	420b      	tst	r3, r1
100040fc:	d1fc      	bne.n	100040f8 <cyw43_spi_transfer+0x200>
100040fe:	220d      	movs	r2, #13
10004100:	4b22      	ldr	r3, [pc, #136]	; (1000418c <cyw43_spi_transfer+0x294>)
10004102:	2180      	movs	r1, #128	; 0x80
10004104:	469c      	mov	ip, r3
10004106:	56a2      	ldrsb	r2, [r4, r2]
10004108:	0449      	lsls	r1, r1, #17
1000410a:	0192      	lsls	r2, r2, #6
1000410c:	4462      	add	r2, ip
1000410e:	6813      	ldr	r3, [r2, #0]
10004110:	420b      	tst	r3, r1
10004112:	d1fc      	bne.n	1000410e <cyw43_spi_transfer+0x216>
10004114:	2100      	movs	r1, #0
10004116:	0032      	movs	r2, r6
10004118:	4640      	mov	r0, r8
1000411a:	f7fe f895 	bl	10002248 <__wrap_memset>
1000411e:	68a1      	ldr	r1, [r4, #8]
10004120:	6823      	ldr	r3, [r4, #0]
10004122:	004a      	lsls	r2, r1, #1
10004124:	1852      	adds	r2, r2, r1
10004126:	00d2      	lsls	r2, r2, #3
10004128:	189b      	adds	r3, r3, r2
1000412a:	4a19      	ldr	r2, [pc, #100]	; (10004190 <cyw43_spi_transfer+0x298>)
1000412c:	33d8      	adds	r3, #216	; 0xd8
1000412e:	601a      	str	r2, [r3, #0]
10004130:	23d0      	movs	r3, #208	; 0xd0
10004132:	2280      	movs	r2, #128	; 0x80
10004134:	061b      	lsls	r3, r3, #24
10004136:	0492      	lsls	r2, r2, #18
10004138:	615a      	str	r2, [r3, #20]
1000413a:	f7ff fe01 	bl	10003d40 <ns_delay.constprop.0>
1000413e:	2000      	movs	r0, #0
10004140:	b007      	add	sp, #28
10004142:	bcf0      	pop	{r4, r5, r6, r7}
10004144:	46bb      	mov	fp, r7
10004146:	46b2      	mov	sl, r6
10004148:	46a9      	mov	r9, r5
1000414a:	46a0      	mov	r8, r4
1000414c:	bdf0      	pop	{r4, r5, r6, r7, pc}
1000414e:	46c1      	mov	r9, r8
10004150:	e707      	b.n	10003f62 <cyw43_spi_transfer+0x6a>
10004152:	4643      	mov	r3, r8
10004154:	2b00      	cmp	r3, #0
10004156:	d000      	beq.n	1000415a <cyw43_spi_transfer+0x262>
10004158:	e6db      	b.n	10003f12 <cyw43_spi_transfer+0x1a>
1000415a:	2005      	movs	r0, #5
1000415c:	4240      	negs	r0, r0
1000415e:	e7ef      	b.n	10004140 <cyw43_spi_transfer+0x248>
10004160:	afe00000 	.word	0xafe00000
10004164:	0000084c 	.word	0x0000084c
10004168:	fffe007f 	.word	0xfffe007f
1000416c:	000010d0 	.word	0x000010d0
10004170:	00006020 	.word	0x00006020
10004174:	00006040 	.word	0x00006040
10004178:	5000000c 	.word	0x5000000c
1000417c:	00000444 	.word	0x00000444
10004180:	ff007ffd 	.word	0xff007ffd
10004184:	00400019 	.word	0x00400019
10004188:	00400029 	.word	0x00400029
1000418c:	50000010 	.word	0x50000010
10004190:	0000a003 	.word	0x0000a003
10004194:	464b      	mov	r3, r9
10004196:	2b00      	cmp	r3, #0
10004198:	d0c1      	beq.n	1000411e <cyw43_spi_transfer+0x226>
1000419a:	2701      	movs	r7, #1
1000419c:	003a      	movs	r2, r7
1000419e:	25cc      	movs	r5, #204	; 0xcc
100041a0:	68a1      	ldr	r1, [r4, #8]
100041a2:	46ac      	mov	ip, r5
100041a4:	408a      	lsls	r2, r1
100041a6:	6820      	ldr	r0, [r4, #0]
100041a8:	4d4d      	ldr	r5, [pc, #308]	; (100042e0 <cyw43_spi_transfer+0x3e8>)
100041aa:	6803      	ldr	r3, [r0, #0]
100041ac:	4393      	bics	r3, r2
100041ae:	6003      	str	r3, [r0, #0]
100041b0:	004b      	lsls	r3, r1, #1
100041b2:	185b      	adds	r3, r3, r1
100041b4:	00db      	lsls	r3, r3, #3
100041b6:	18c2      	adds	r2, r0, r3
100041b8:	4494      	add	ip, r2
100041ba:	4662      	mov	r2, ip
100041bc:	6812      	ldr	r2, [r2, #0]
100041be:	18c3      	adds	r3, r0, r3
100041c0:	4692      	mov	sl, r2
100041c2:	6862      	ldr	r2, [r4, #4]
100041c4:	3201      	adds	r2, #1
100041c6:	0312      	lsls	r2, r2, #12
100041c8:	4693      	mov	fp, r2
100041ca:	4652      	mov	r2, sl
100041cc:	4015      	ands	r5, r2
100041ce:	465a      	mov	r2, fp
100041d0:	432a      	orrs	r2, r5
100041d2:	6865      	ldr	r5, [r4, #4]
100041d4:	01ed      	lsls	r5, r5, #7
100041d6:	432a      	orrs	r2, r5
100041d8:	4665      	mov	r5, ip
100041da:	602a      	str	r2, [r5, #0]
100041dc:	4a41      	ldr	r2, [pc, #260]	; (100042e4 <cyw43_spi_transfer+0x3ec>)
100041de:	003d      	movs	r5, r7
100041e0:	4694      	mov	ip, r2
100041e2:	2280      	movs	r2, #128	; 0x80
100041e4:	4463      	add	r3, ip
100041e6:	0612      	lsls	r2, r2, #24
100041e8:	601a      	str	r2, [r3, #0]
100041ea:	601a      	str	r2, [r3, #0]
100041ec:	2280      	movs	r2, #128	; 0x80
100041ee:	2300      	movs	r3, #0
100041f0:	0452      	lsls	r2, r2, #17
100041f2:	9200      	str	r2, [sp, #0]
100041f4:	9301      	str	r3, [sp, #4]
100041f6:	f002 fd91 	bl	10006d1c <pio_sm_set_pindirs_with_mask64>
100041fa:	003a      	movs	r2, r7
100041fc:	68a0      	ldr	r0, [r4, #8]
100041fe:	6821      	ldr	r1, [r4, #0]
10004200:	1d03      	adds	r3, r0, #4
10004202:	409a      	lsls	r2, r3
10004204:	469a      	mov	sl, r3
10004206:	2380      	movs	r3, #128	; 0x80
10004208:	019b      	lsls	r3, r3, #6
1000420a:	18cb      	adds	r3, r1, r3
1000420c:	601a      	str	r2, [r3, #0]
1000420e:	0002      	movs	r2, r0
10004210:	3208      	adds	r2, #8
10004212:	4095      	lsls	r5, r2
10004214:	0082      	lsls	r2, r0, #2
10004216:	601d      	str	r5, [r3, #0]
10004218:	00f3      	lsls	r3, r6, #3
1000421a:	188a      	adds	r2, r1, r2
1000421c:	3b01      	subs	r3, #1
1000421e:	6113      	str	r3, [r2, #16]
10004220:	0043      	lsls	r3, r0, #1
10004222:	181b      	adds	r3, r3, r0
10004224:	00db      	lsls	r3, r3, #3
10004226:	4d30      	ldr	r5, [pc, #192]	; (100042e8 <cyw43_spi_transfer+0x3f0>)
10004228:	18cb      	adds	r3, r1, r3
1000422a:	33d8      	adds	r3, #216	; 0xd8
1000422c:	601d      	str	r5, [r3, #0]
1000422e:	4645      	mov	r5, r8
10004230:	6115      	str	r5, [r2, #16]
10004232:	4a2e      	ldr	r2, [pc, #184]	; (100042ec <cyw43_spi_transfer+0x3f4>)
10004234:	6865      	ldr	r5, [r4, #4]
10004236:	601a      	str	r2, [r3, #0]
10004238:	221f      	movs	r2, #31
1000423a:	402a      	ands	r2, r5
1000423c:	601a      	str	r2, [r3, #0]
1000423e:	230c      	movs	r3, #12
10004240:	56e3      	ldrsb	r3, [r4, r3]
10004242:	22a0      	movs	r2, #160	; 0xa0
10004244:	409f      	lsls	r7, r3
10004246:	469c      	mov	ip, r3
10004248:	4b29      	ldr	r3, [pc, #164]	; (100042f0 <cyw43_spi_transfer+0x3f8>)
1000424a:	05d2      	lsls	r2, r2, #23
1000424c:	50d7      	str	r7, [r2, r3]
1000424e:	4663      	mov	r3, ip
10004250:	019b      	lsls	r3, r3, #6
10004252:	469b      	mov	fp, r3
10004254:	0017      	movs	r7, r2
10004256:	2580      	movs	r5, #128	; 0x80
10004258:	4a26      	ldr	r2, [pc, #152]	; (100042f4 <cyw43_spi_transfer+0x3fc>)
1000425a:	445f      	add	r7, fp
1000425c:	445a      	add	r2, fp
1000425e:	046d      	lsls	r5, r5, #17
10004260:	6813      	ldr	r3, [r2, #0]
10004262:	422b      	tst	r3, r5
10004264:	d1fc      	bne.n	10004260 <cyw43_spi_transfer+0x368>
10004266:	4662      	mov	r2, ip
10004268:	02d2      	lsls	r2, r2, #11
1000426a:	4694      	mov	ip, r2
1000426c:	4a22      	ldr	r2, [pc, #136]	; (100042f8 <cyw43_spi_transfer+0x400>)
1000426e:	4b23      	ldr	r3, [pc, #140]	; (100042fc <cyw43_spi_transfer+0x404>)
10004270:	4690      	mov	r8, r2
10004272:	4662      	mov	r2, ip
10004274:	4645      	mov	r5, r8
10004276:	18cb      	adds	r3, r1, r3
10004278:	0d1b      	lsrs	r3, r3, #20
1000427a:	00db      	lsls	r3, r3, #3
1000427c:	181b      	adds	r3, r3, r0
1000427e:	402a      	ands	r2, r5
10004280:	03db      	lsls	r3, r3, #15
10004282:	4313      	orrs	r3, r2
10004284:	4a1e      	ldr	r2, [pc, #120]	; (10004300 <cyw43_spi_transfer+0x408>)
10004286:	08b6      	lsrs	r6, r6, #2
10004288:	4313      	orrs	r3, r2
1000428a:	464a      	mov	r2, r9
1000428c:	603a      	str	r2, [r7, #0]
1000428e:	4652      	mov	r2, sl
10004290:	0095      	lsls	r5, r2, #2
10004292:	194d      	adds	r5, r1, r5
10004294:	607d      	str	r5, [r7, #4]
10004296:	60be      	str	r6, [r7, #8]
10004298:	60fb      	str	r3, [r7, #12]
1000429a:	2301      	movs	r3, #1
1000429c:	4083      	lsls	r3, r0
1000429e:	680d      	ldr	r5, [r1, #0]
100042a0:	4a18      	ldr	r2, [pc, #96]	; (10004304 <cyw43_spi_transfer+0x40c>)
100042a2:	432b      	orrs	r3, r5
100042a4:	600b      	str	r3, [r1, #0]
100042a6:	2180      	movs	r1, #128	; 0x80
100042a8:	445a      	add	r2, fp
100042aa:	0449      	lsls	r1, r1, #17
100042ac:	6813      	ldr	r3, [r2, #0]
100042ae:	420b      	tst	r3, r1
100042b0:	d1fc      	bne.n	100042ac <cyw43_spi_transfer+0x3b4>
100042b2:	2201      	movs	r2, #1
100042b4:	68a3      	ldr	r3, [r4, #8]
100042b6:	6821      	ldr	r1, [r4, #0]
100042b8:	3318      	adds	r3, #24
100042ba:	409a      	lsls	r2, r3
100042bc:	608a      	str	r2, [r1, #8]
100042be:	688b      	ldr	r3, [r1, #8]
100042c0:	421a      	tst	r2, r3
100042c2:	d0fc      	beq.n	100042be <cyw43_spi_transfer+0x3c6>
100042c4:	2201      	movs	r2, #1
100042c6:	68a1      	ldr	r1, [r4, #8]
100042c8:	6820      	ldr	r0, [r4, #0]
100042ca:	408a      	lsls	r2, r1
100042cc:	6803      	ldr	r3, [r0, #0]
100042ce:	4393      	bics	r3, r2
100042d0:	6003      	str	r3, [r0, #0]
100042d2:	2300      	movs	r3, #0
100042d4:	2218      	movs	r2, #24
100042d6:	9300      	str	r3, [sp, #0]
100042d8:	3301      	adds	r3, #1
100042da:	f002 fd71 	bl	10006dc0 <pio_sm_set_consecutive_pindirs>
100042de:	e71e      	b.n	1000411e <cyw43_spi_transfer+0x226>
100042e0:	fffe007f 	.word	0xfffe007f
100042e4:	000010d0 	.word	0x000010d0
100042e8:	00006020 	.word	0x00006020
100042ec:	00006040 	.word	0x00006040
100042f0:	00000444 	.word	0x00000444
100042f4:	5000000c 	.word	0x5000000c
100042f8:	ff007ffd 	.word	0xff007ffd
100042fc:	afe00000 	.word	0xafe00000
10004300:	00400019 	.word	0x00400019
10004304:	50000010 	.word	0x50000010

10004308 <cyw43_spi_gpio_setup>:
10004308:	b510      	push	{r4, lr}
1000430a:	2017      	movs	r0, #23
1000430c:	f7fc f8a0 	bl	10000450 <gpio_init>
10004310:	24d0      	movs	r4, #208	; 0xd0
10004312:	2380      	movs	r3, #128	; 0x80
10004314:	0624      	lsls	r4, r4, #24
10004316:	041b      	lsls	r3, r3, #16
10004318:	2200      	movs	r2, #0
1000431a:	2101      	movs	r1, #1
1000431c:	6263      	str	r3, [r4, #36]	; 0x24
1000431e:	2017      	movs	r0, #23
10004320:	f7fc f80a 	bl	10000338 <gpio_set_pulls>
10004324:	2018      	movs	r0, #24
10004326:	f7fc f893 	bl	10000450 <gpio_init>
1000432a:	2380      	movs	r3, #128	; 0x80
1000432c:	045b      	lsls	r3, r3, #17
1000432e:	6263      	str	r3, [r4, #36]	; 0x24
10004330:	2019      	movs	r0, #25
10004332:	61a3      	str	r3, [r4, #24]
10004334:	f7fc f88c 	bl	10000450 <gpio_init>
10004338:	2380      	movs	r3, #128	; 0x80
1000433a:	049b      	lsls	r3, r3, #18
1000433c:	6263      	str	r3, [r4, #36]	; 0x24
1000433e:	6163      	str	r3, [r4, #20]
10004340:	bd10      	pop	{r4, pc}
10004342:	46c0      	nop			; (mov r8, r8)

10004344 <cyw43_spi_reset>:
10004344:	b570      	push	{r4, r5, r6, lr}
10004346:	24d0      	movs	r4, #208	; 0xd0
10004348:	2580      	movs	r5, #128	; 0x80
1000434a:	0624      	lsls	r4, r4, #24
1000434c:	042d      	lsls	r5, r5, #16
1000434e:	61a5      	str	r5, [r4, #24]
10004350:	2014      	movs	r0, #20
10004352:	f002 fff7 	bl	10007344 <cyw43_delay_ms>
10004356:	6165      	str	r5, [r4, #20]
10004358:	20fa      	movs	r0, #250	; 0xfa
1000435a:	f002 fff3 	bl	10007344 <cyw43_delay_ms>
1000435e:	2018      	movs	r0, #24
10004360:	f7fc f876 	bl	10000450 <gpio_init>
10004364:	2380      	movs	r3, #128	; 0x80
10004366:	045b      	lsls	r3, r3, #17
10004368:	62a3      	str	r3, [r4, #40]	; 0x28
1000436a:	bd70      	pop	{r4, r5, r6, pc}

1000436c <read_reg_u32_swap>:
1000436c:	2300      	movs	r3, #0
1000436e:	b500      	push	{lr}
10004370:	b085      	sub	sp, #20
10004372:	9303      	str	r3, [sp, #12]
10004374:	4b0a      	ldr	r3, [pc, #40]	; (100043a0 <read_reg_u32_swap+0x34>)
10004376:	02d2      	lsls	r2, r2, #11
10004378:	401a      	ands	r2, r3
1000437a:	2308      	movs	r3, #8
1000437c:	0709      	lsls	r1, r1, #28
1000437e:	430a      	orrs	r2, r1
10004380:	4908      	ldr	r1, [pc, #32]	; (100043a4 <read_reg_u32_swap+0x38>)
10004382:	9300      	str	r3, [sp, #0]
10004384:	4311      	orrs	r1, r2
10004386:	ab02      	add	r3, sp, #8
10004388:	ba49      	rev16	r1, r1
1000438a:	2204      	movs	r2, #4
1000438c:	9102      	str	r1, [sp, #8]
1000438e:	2100      	movs	r1, #0
10004390:	f7ff fdb2 	bl	10003ef8 <cyw43_spi_transfer>
10004394:	2800      	cmp	r0, #0
10004396:	d101      	bne.n	1000439c <read_reg_u32_swap+0x30>
10004398:	9803      	ldr	r0, [sp, #12]
1000439a:	ba40      	rev16	r0, r0
1000439c:	b005      	add	sp, #20
1000439e:	bd00      	pop	{pc}
100043a0:	0ffff800 	.word	0x0ffff800
100043a4:	40000004 	.word	0x40000004

100043a8 <cyw43_read_reg_u32>:
100043a8:	b510      	push	{r4, lr}
100043aa:	b088      	sub	sp, #32
100043ac:	2901      	cmp	r1, #1
100043ae:	d016      	beq.n	100043de <cyw43_read_reg_u32+0x36>
100043b0:	4b15      	ldr	r3, [pc, #84]	; (10004408 <cyw43_read_reg_u32+0x60>)
100043b2:	02d2      	lsls	r2, r2, #11
100043b4:	401a      	ands	r2, r3
100043b6:	2308      	movs	r3, #8
100043b8:	0709      	lsls	r1, r1, #28
100043ba:	430a      	orrs	r2, r1
100043bc:	4913      	ldr	r1, [pc, #76]	; (1000440c <cyw43_read_reg_u32+0x64>)
100043be:	ac02      	add	r4, sp, #8
100043c0:	430a      	orrs	r2, r1
100043c2:	9202      	str	r2, [sp, #8]
100043c4:	9300      	str	r3, [sp, #0]
100043c6:	2204      	movs	r2, #4
100043c8:	0023      	movs	r3, r4
100043ca:	2100      	movs	r1, #0
100043cc:	f7ff fd94 	bl	10003ef8 <cyw43_spi_transfer>
100043d0:	2301      	movs	r3, #1
100043d2:	2800      	cmp	r0, #0
100043d4:	d101      	bne.n	100043da <cyw43_read_reg_u32+0x32>
100043d6:	009b      	lsls	r3, r3, #2
100043d8:	58e0      	ldr	r0, [r4, r3]
100043da:	b008      	add	sp, #32
100043dc:	bd10      	pop	{r4, pc}
100043de:	4b0a      	ldr	r3, [pc, #40]	; (10004408 <cyw43_read_reg_u32+0x60>)
100043e0:	02d2      	lsls	r2, r2, #11
100043e2:	401a      	ands	r2, r3
100043e4:	4b0a      	ldr	r3, [pc, #40]	; (10004410 <cyw43_read_reg_u32+0x68>)
100043e6:	ac02      	add	r4, sp, #8
100043e8:	431a      	orrs	r2, r3
100043ea:	2318      	movs	r3, #24
100043ec:	9202      	str	r2, [sp, #8]
100043ee:	9300      	str	r3, [sp, #0]
100043f0:	2204      	movs	r2, #4
100043f2:	0023      	movs	r3, r4
100043f4:	2100      	movs	r1, #0
100043f6:	f7ff fd7f 	bl	10003ef8 <cyw43_spi_transfer>
100043fa:	2800      	cmp	r0, #0
100043fc:	d1ed      	bne.n	100043da <cyw43_read_reg_u32+0x32>
100043fe:	2305      	movs	r3, #5
10004400:	009b      	lsls	r3, r3, #2
10004402:	58e0      	ldr	r0, [r4, r3]
10004404:	e7e9      	b.n	100043da <cyw43_read_reg_u32+0x32>
10004406:	46c0      	nop			; (mov r8, r8)
10004408:	0ffff800 	.word	0x0ffff800
1000440c:	40000004 	.word	0x40000004
10004410:	50000004 	.word	0x50000004

10004414 <cyw43_read_reg_u16>:
10004414:	b510      	push	{r4, lr}
10004416:	b088      	sub	sp, #32
10004418:	2901      	cmp	r1, #1
1000441a:	d016      	beq.n	1000444a <cyw43_read_reg_u16+0x36>
1000441c:	4b15      	ldr	r3, [pc, #84]	; (10004474 <cyw43_read_reg_u16+0x60>)
1000441e:	02d2      	lsls	r2, r2, #11
10004420:	401a      	ands	r2, r3
10004422:	2308      	movs	r3, #8
10004424:	0709      	lsls	r1, r1, #28
10004426:	430a      	orrs	r2, r1
10004428:	4913      	ldr	r1, [pc, #76]	; (10004478 <cyw43_read_reg_u16+0x64>)
1000442a:	ac02      	add	r4, sp, #8
1000442c:	430a      	orrs	r2, r1
1000442e:	9202      	str	r2, [sp, #8]
10004430:	9300      	str	r3, [sp, #0]
10004432:	2204      	movs	r2, #4
10004434:	0023      	movs	r3, r4
10004436:	2100      	movs	r1, #0
10004438:	f7ff fd5e 	bl	10003ef8 <cyw43_spi_transfer>
1000443c:	2301      	movs	r3, #1
1000443e:	2800      	cmp	r0, #0
10004440:	d101      	bne.n	10004446 <cyw43_read_reg_u16+0x32>
10004442:	009b      	lsls	r3, r3, #2
10004444:	58e0      	ldr	r0, [r4, r3]
10004446:	b008      	add	sp, #32
10004448:	bd10      	pop	{r4, pc}
1000444a:	4b0a      	ldr	r3, [pc, #40]	; (10004474 <cyw43_read_reg_u16+0x60>)
1000444c:	02d2      	lsls	r2, r2, #11
1000444e:	401a      	ands	r2, r3
10004450:	4b0a      	ldr	r3, [pc, #40]	; (1000447c <cyw43_read_reg_u16+0x68>)
10004452:	ac02      	add	r4, sp, #8
10004454:	431a      	orrs	r2, r3
10004456:	2318      	movs	r3, #24
10004458:	9202      	str	r2, [sp, #8]
1000445a:	9300      	str	r3, [sp, #0]
1000445c:	2204      	movs	r2, #4
1000445e:	0023      	movs	r3, r4
10004460:	2100      	movs	r1, #0
10004462:	f7ff fd49 	bl	10003ef8 <cyw43_spi_transfer>
10004466:	2800      	cmp	r0, #0
10004468:	d1ed      	bne.n	10004446 <cyw43_read_reg_u16+0x32>
1000446a:	2305      	movs	r3, #5
1000446c:	009b      	lsls	r3, r3, #2
1000446e:	58e0      	ldr	r0, [r4, r3]
10004470:	e7e9      	b.n	10004446 <cyw43_read_reg_u16+0x32>
10004472:	46c0      	nop			; (mov r8, r8)
10004474:	0ffff800 	.word	0x0ffff800
10004478:	40000002 	.word	0x40000002
1000447c:	50000002 	.word	0x50000002

10004480 <cyw43_read_reg_u8>:
10004480:	b510      	push	{r4, lr}
10004482:	b088      	sub	sp, #32
10004484:	2901      	cmp	r1, #1
10004486:	d016      	beq.n	100044b6 <cyw43_read_reg_u8+0x36>
10004488:	4b15      	ldr	r3, [pc, #84]	; (100044e0 <cyw43_read_reg_u8+0x60>)
1000448a:	02d2      	lsls	r2, r2, #11
1000448c:	401a      	ands	r2, r3
1000448e:	2308      	movs	r3, #8
10004490:	0709      	lsls	r1, r1, #28
10004492:	430a      	orrs	r2, r1
10004494:	4913      	ldr	r1, [pc, #76]	; (100044e4 <cyw43_read_reg_u8+0x64>)
10004496:	ac02      	add	r4, sp, #8
10004498:	430a      	orrs	r2, r1
1000449a:	9202      	str	r2, [sp, #8]
1000449c:	9300      	str	r3, [sp, #0]
1000449e:	2204      	movs	r2, #4
100044a0:	0023      	movs	r3, r4
100044a2:	2100      	movs	r1, #0
100044a4:	f7ff fd28 	bl	10003ef8 <cyw43_spi_transfer>
100044a8:	2301      	movs	r3, #1
100044aa:	2800      	cmp	r0, #0
100044ac:	d101      	bne.n	100044b2 <cyw43_read_reg_u8+0x32>
100044ae:	009b      	lsls	r3, r3, #2
100044b0:	58e0      	ldr	r0, [r4, r3]
100044b2:	b008      	add	sp, #32
100044b4:	bd10      	pop	{r4, pc}
100044b6:	4b0a      	ldr	r3, [pc, #40]	; (100044e0 <cyw43_read_reg_u8+0x60>)
100044b8:	02d2      	lsls	r2, r2, #11
100044ba:	401a      	ands	r2, r3
100044bc:	4b0a      	ldr	r3, [pc, #40]	; (100044e8 <cyw43_read_reg_u8+0x68>)
100044be:	ac02      	add	r4, sp, #8
100044c0:	431a      	orrs	r2, r3
100044c2:	2318      	movs	r3, #24
100044c4:	9202      	str	r2, [sp, #8]
100044c6:	9300      	str	r3, [sp, #0]
100044c8:	2204      	movs	r2, #4
100044ca:	0023      	movs	r3, r4
100044cc:	2100      	movs	r1, #0
100044ce:	f7ff fd13 	bl	10003ef8 <cyw43_spi_transfer>
100044d2:	2800      	cmp	r0, #0
100044d4:	d1ed      	bne.n	100044b2 <cyw43_read_reg_u8+0x32>
100044d6:	2305      	movs	r3, #5
100044d8:	009b      	lsls	r3, r3, #2
100044da:	58e0      	ldr	r0, [r4, r3]
100044dc:	e7e9      	b.n	100044b2 <cyw43_read_reg_u8+0x32>
100044de:	46c0      	nop			; (mov r8, r8)
100044e0:	0ffff800 	.word	0x0ffff800
100044e4:	40000001 	.word	0x40000001
100044e8:	50000001 	.word	0x50000001

100044ec <write_reg_u32_swap>:
100044ec:	b5f0      	push	{r4, r5, r6, r7, lr}
100044ee:	ba5b      	rev16	r3, r3
100044f0:	46d6      	mov	lr, sl
100044f2:	464f      	mov	r7, r9
100044f4:	4646      	mov	r6, r8
100044f6:	b5c0      	push	{r6, r7, lr}
100044f8:	4c70      	ldr	r4, [pc, #448]	; (100046bc <write_reg_u32_swap+0x1d0>)
100044fa:	02d2      	lsls	r2, r2, #11
100044fc:	4022      	ands	r2, r4
100044fe:	0709      	lsls	r1, r1, #28
10004500:	430a      	orrs	r2, r1
10004502:	496f      	ldr	r1, [pc, #444]	; (100046c0 <write_reg_u32_swap+0x1d4>)
10004504:	b084      	sub	sp, #16
10004506:	4311      	orrs	r1, r2
10004508:	aa02      	add	r2, sp, #8
1000450a:	4692      	mov	sl, r2
1000450c:	ba49      	rev16	r1, r1
1000450e:	4a6d      	ldr	r2, [pc, #436]	; (100046c4 <write_reg_u32_swap+0x1d8>)
10004510:	9303      	str	r3, [sp, #12]
10004512:	4694      	mov	ip, r2
10004514:	4b6c      	ldr	r3, [pc, #432]	; (100046c8 <write_reg_u32_swap+0x1dc>)
10004516:	9102      	str	r1, [sp, #8]
10004518:	58c4      	ldr	r4, [r0, r3]
1000451a:	2018      	movs	r0, #24
1000451c:	6823      	ldr	r3, [r4, #0]
1000451e:	2701      	movs	r7, #1
10004520:	4463      	add	r3, ip
10004522:	0d19      	lsrs	r1, r3, #20
10004524:	3106      	adds	r1, #6
10004526:	b2c9      	uxtb	r1, r1
10004528:	f7fb feec 	bl	10000304 <gpio_set_function>
1000452c:	4a65      	ldr	r2, [pc, #404]	; (100046c4 <write_reg_u32_swap+0x1d8>)
1000452e:	6823      	ldr	r3, [r4, #0]
10004530:	4694      	mov	ip, r2
10004532:	4463      	add	r3, ip
10004534:	0d19      	lsrs	r1, r3, #20
10004536:	3106      	adds	r1, #6
10004538:	201d      	movs	r0, #29
1000453a:	b2c9      	uxtb	r1, r1
1000453c:	f7fb fee2 	bl	10000304 <gpio_set_function>
10004540:	2201      	movs	r2, #1
10004542:	2100      	movs	r1, #0
10004544:	201d      	movs	r0, #29
10004546:	f7fb fef7 	bl	10000338 <gpio_set_pulls>
1000454a:	23d0      	movs	r3, #208	; 0xd0
1000454c:	2280      	movs	r2, #128	; 0x80
1000454e:	061b      	lsls	r3, r3, #24
10004550:	0492      	lsls	r2, r2, #18
10004552:	619a      	str	r2, [r3, #24]
10004554:	003a      	movs	r2, r7
10004556:	68a1      	ldr	r1, [r4, #8]
10004558:	6820      	ldr	r0, [r4, #0]
1000455a:	408a      	lsls	r2, r1
1000455c:	6803      	ldr	r3, [r0, #0]
1000455e:	4e5b      	ldr	r6, [pc, #364]	; (100046cc <write_reg_u32_swap+0x1e0>)
10004560:	4393      	bics	r3, r2
10004562:	6003      	str	r3, [r0, #0]
10004564:	004b      	lsls	r3, r1, #1
10004566:	185b      	adds	r3, r3, r1
10004568:	00db      	lsls	r3, r3, #3
1000456a:	18c5      	adds	r5, r0, r3
1000456c:	35cc      	adds	r5, #204	; 0xcc
1000456e:	682a      	ldr	r2, [r5, #0]
10004570:	18c3      	adds	r3, r0, r3
10004572:	4690      	mov	r8, r2
10004574:	6862      	ldr	r2, [r4, #4]
10004576:	3201      	adds	r2, #1
10004578:	0312      	lsls	r2, r2, #12
1000457a:	4694      	mov	ip, r2
1000457c:	4642      	mov	r2, r8
1000457e:	4016      	ands	r6, r2
10004580:	4662      	mov	r2, ip
10004582:	4332      	orrs	r2, r6
10004584:	6866      	ldr	r6, [r4, #4]
10004586:	01f6      	lsls	r6, r6, #7
10004588:	4332      	orrs	r2, r6
1000458a:	602a      	str	r2, [r5, #0]
1000458c:	4a50      	ldr	r2, [pc, #320]	; (100046d0 <write_reg_u32_swap+0x1e4>)
1000458e:	003d      	movs	r5, r7
10004590:	4694      	mov	ip, r2
10004592:	2280      	movs	r2, #128	; 0x80
10004594:	4463      	add	r3, ip
10004596:	0612      	lsls	r2, r2, #24
10004598:	601a      	str	r2, [r3, #0]
1000459a:	601a      	str	r2, [r3, #0]
1000459c:	2280      	movs	r2, #128	; 0x80
1000459e:	2300      	movs	r3, #0
100045a0:	0452      	lsls	r2, r2, #17
100045a2:	9200      	str	r2, [sp, #0]
100045a4:	9301      	str	r3, [sp, #4]
100045a6:	f002 fbb9 	bl	10006d1c <pio_sm_set_pindirs_with_mask64>
100045aa:	003a      	movs	r2, r7
100045ac:	68a0      	ldr	r0, [r4, #8]
100045ae:	6821      	ldr	r1, [r4, #0]
100045b0:	1d03      	adds	r3, r0, #4
100045b2:	409a      	lsls	r2, r3
100045b4:	4699      	mov	r9, r3
100045b6:	2380      	movs	r3, #128	; 0x80
100045b8:	019b      	lsls	r3, r3, #6
100045ba:	18cb      	adds	r3, r1, r3
100045bc:	601a      	str	r2, [r3, #0]
100045be:	0002      	movs	r2, r0
100045c0:	3208      	adds	r2, #8
100045c2:	4095      	lsls	r5, r2
100045c4:	601d      	str	r5, [r3, #0]
100045c6:	233f      	movs	r3, #63	; 0x3f
100045c8:	0082      	lsls	r2, r0, #2
100045ca:	188a      	adds	r2, r1, r2
100045cc:	6113      	str	r3, [r2, #16]
100045ce:	0043      	lsls	r3, r0, #1
100045d0:	181b      	adds	r3, r3, r0
100045d2:	00db      	lsls	r3, r3, #3
100045d4:	4d3f      	ldr	r5, [pc, #252]	; (100046d4 <write_reg_u32_swap+0x1e8>)
100045d6:	18cb      	adds	r3, r1, r3
100045d8:	33d8      	adds	r3, #216	; 0xd8
100045da:	601d      	str	r5, [r3, #0]
100045dc:	2500      	movs	r5, #0
100045de:	6115      	str	r5, [r2, #16]
100045e0:	4a3d      	ldr	r2, [pc, #244]	; (100046d8 <write_reg_u32_swap+0x1ec>)
100045e2:	6865      	ldr	r5, [r4, #4]
100045e4:	601a      	str	r2, [r3, #0]
100045e6:	221f      	movs	r2, #31
100045e8:	402a      	ands	r2, r5
100045ea:	601a      	str	r2, [r3, #0]
100045ec:	230c      	movs	r3, #12
100045ee:	56e3      	ldrsb	r3, [r4, r3]
100045f0:	22a0      	movs	r2, #160	; 0xa0
100045f2:	409f      	lsls	r7, r3
100045f4:	469c      	mov	ip, r3
100045f6:	4b39      	ldr	r3, [pc, #228]	; (100046dc <write_reg_u32_swap+0x1f0>)
100045f8:	05d2      	lsls	r2, r2, #23
100045fa:	50d7      	str	r7, [r2, r3]
100045fc:	4663      	mov	r3, ip
100045fe:	019a      	lsls	r2, r3, #6
10004600:	23a0      	movs	r3, #160	; 0xa0
10004602:	2680      	movs	r6, #128	; 0x80
10004604:	05db      	lsls	r3, r3, #23
10004606:	18d7      	adds	r7, r2, r3
10004608:	4b35      	ldr	r3, [pc, #212]	; (100046e0 <write_reg_u32_swap+0x1f4>)
1000460a:	0476      	lsls	r6, r6, #17
1000460c:	18d5      	adds	r5, r2, r3
1000460e:	682b      	ldr	r3, [r5, #0]
10004610:	4233      	tst	r3, r6
10004612:	d1fc      	bne.n	1000460e <write_reg_u32_swap+0x122>
10004614:	4665      	mov	r5, ip
10004616:	02ed      	lsls	r5, r5, #11
10004618:	46ac      	mov	ip, r5
1000461a:	4d32      	ldr	r5, [pc, #200]	; (100046e4 <write_reg_u32_swap+0x1f8>)
1000461c:	4b29      	ldr	r3, [pc, #164]	; (100046c4 <write_reg_u32_swap+0x1d8>)
1000461e:	46a8      	mov	r8, r5
10004620:	4665      	mov	r5, ip
10004622:	4646      	mov	r6, r8
10004624:	18cb      	adds	r3, r1, r3
10004626:	0d1b      	lsrs	r3, r3, #20
10004628:	00db      	lsls	r3, r3, #3
1000462a:	181b      	adds	r3, r3, r0
1000462c:	4035      	ands	r5, r6
1000462e:	03db      	lsls	r3, r3, #15
10004630:	432b      	orrs	r3, r5
10004632:	4d2d      	ldr	r5, [pc, #180]	; (100046e8 <write_reg_u32_swap+0x1fc>)
10004634:	432b      	orrs	r3, r5
10004636:	4655      	mov	r5, sl
10004638:	603d      	str	r5, [r7, #0]
1000463a:	464d      	mov	r5, r9
1000463c:	00ae      	lsls	r6, r5, #2
1000463e:	2502      	movs	r5, #2
10004640:	198e      	adds	r6, r1, r6
10004642:	607e      	str	r6, [r7, #4]
10004644:	60bd      	str	r5, [r7, #8]
10004646:	60fb      	str	r3, [r7, #12]
10004648:	2301      	movs	r3, #1
1000464a:	4083      	lsls	r3, r0
1000464c:	680d      	ldr	r5, [r1, #0]
1000464e:	432b      	orrs	r3, r5
10004650:	600b      	str	r3, [r1, #0]
10004652:	4b26      	ldr	r3, [pc, #152]	; (100046ec <write_reg_u32_swap+0x200>)
10004654:	2180      	movs	r1, #128	; 0x80
10004656:	469c      	mov	ip, r3
10004658:	0449      	lsls	r1, r1, #17
1000465a:	4462      	add	r2, ip
1000465c:	6813      	ldr	r3, [r2, #0]
1000465e:	420b      	tst	r3, r1
10004660:	d1fc      	bne.n	1000465c <write_reg_u32_swap+0x170>
10004662:	2201      	movs	r2, #1
10004664:	68a3      	ldr	r3, [r4, #8]
10004666:	6821      	ldr	r1, [r4, #0]
10004668:	3318      	adds	r3, #24
1000466a:	409a      	lsls	r2, r3
1000466c:	608a      	str	r2, [r1, #8]
1000466e:	688b      	ldr	r3, [r1, #8]
10004670:	4213      	tst	r3, r2
10004672:	d0fc      	beq.n	1000466e <write_reg_u32_swap+0x182>
10004674:	2201      	movs	r2, #1
10004676:	68a1      	ldr	r1, [r4, #8]
10004678:	6820      	ldr	r0, [r4, #0]
1000467a:	408a      	lsls	r2, r1
1000467c:	6803      	ldr	r3, [r0, #0]
1000467e:	4393      	bics	r3, r2
10004680:	6003      	str	r3, [r0, #0]
10004682:	2300      	movs	r3, #0
10004684:	2218      	movs	r2, #24
10004686:	9300      	str	r3, [sp, #0]
10004688:	3301      	adds	r3, #1
1000468a:	f002 fb99 	bl	10006dc0 <pio_sm_set_consecutive_pindirs>
1000468e:	68a1      	ldr	r1, [r4, #8]
10004690:	6823      	ldr	r3, [r4, #0]
10004692:	004a      	lsls	r2, r1, #1
10004694:	1852      	adds	r2, r2, r1
10004696:	00d2      	lsls	r2, r2, #3
10004698:	189b      	adds	r3, r3, r2
1000469a:	4a15      	ldr	r2, [pc, #84]	; (100046f0 <write_reg_u32_swap+0x204>)
1000469c:	33d8      	adds	r3, #216	; 0xd8
1000469e:	601a      	str	r2, [r3, #0]
100046a0:	23d0      	movs	r3, #208	; 0xd0
100046a2:	2280      	movs	r2, #128	; 0x80
100046a4:	061b      	lsls	r3, r3, #24
100046a6:	0492      	lsls	r2, r2, #18
100046a8:	615a      	str	r2, [r3, #20]
100046aa:	f7ff fb49 	bl	10003d40 <ns_delay.constprop.0>
100046ae:	2000      	movs	r0, #0
100046b0:	b004      	add	sp, #16
100046b2:	bce0      	pop	{r5, r6, r7}
100046b4:	46ba      	mov	sl, r7
100046b6:	46b1      	mov	r9, r6
100046b8:	46a8      	mov	r8, r5
100046ba:	bdf0      	pop	{r4, r5, r6, r7, pc}
100046bc:	0ffff800 	.word	0x0ffff800
100046c0:	c0000004 	.word	0xc0000004
100046c4:	afe00000 	.word	0xafe00000
100046c8:	0000084c 	.word	0x0000084c
100046cc:	fffe007f 	.word	0xfffe007f
100046d0:	000010d0 	.word	0x000010d0
100046d4:	00006020 	.word	0x00006020
100046d8:	00006040 	.word	0x00006040
100046dc:	00000444 	.word	0x00000444
100046e0:	5000000c 	.word	0x5000000c
100046e4:	ff007ffd 	.word	0xff007ffd
100046e8:	00400019 	.word	0x00400019
100046ec:	50000010 	.word	0x50000010
100046f0:	0000a003 	.word	0x0000a003

100046f4 <cyw43_write_reg_u32>:
100046f4:	b5f0      	push	{r4, r5, r6, r7, lr}
100046f6:	46d6      	mov	lr, sl
100046f8:	464f      	mov	r7, r9
100046fa:	4646      	mov	r6, r8
100046fc:	b5c0      	push	{r6, r7, lr}
100046fe:	b084      	sub	sp, #16
10004700:	ac02      	add	r4, sp, #8
10004702:	46a2      	mov	sl, r4
10004704:	4c6f      	ldr	r4, [pc, #444]	; (100048c4 <cyw43_write_reg_u32+0x1d0>)
10004706:	02d2      	lsls	r2, r2, #11
10004708:	4022      	ands	r2, r4
1000470a:	0709      	lsls	r1, r1, #28
1000470c:	430a      	orrs	r2, r1
1000470e:	496e      	ldr	r1, [pc, #440]	; (100048c8 <cyw43_write_reg_u32+0x1d4>)
10004710:	2701      	movs	r7, #1
10004712:	430a      	orrs	r2, r1
10004714:	9202      	str	r2, [sp, #8]
10004716:	4652      	mov	r2, sl
10004718:	6053      	str	r3, [r2, #4]
1000471a:	4a6c      	ldr	r2, [pc, #432]	; (100048cc <cyw43_write_reg_u32+0x1d8>)
1000471c:	4b6c      	ldr	r3, [pc, #432]	; (100048d0 <cyw43_write_reg_u32+0x1dc>)
1000471e:	4694      	mov	ip, r2
10004720:	58c4      	ldr	r4, [r0, r3]
10004722:	2018      	movs	r0, #24
10004724:	6823      	ldr	r3, [r4, #0]
10004726:	4e6b      	ldr	r6, [pc, #428]	; (100048d4 <cyw43_write_reg_u32+0x1e0>)
10004728:	4463      	add	r3, ip
1000472a:	0d19      	lsrs	r1, r3, #20
1000472c:	3106      	adds	r1, #6
1000472e:	b2c9      	uxtb	r1, r1
10004730:	f7fb fde8 	bl	10000304 <gpio_set_function>
10004734:	4a65      	ldr	r2, [pc, #404]	; (100048cc <cyw43_write_reg_u32+0x1d8>)
10004736:	6823      	ldr	r3, [r4, #0]
10004738:	4694      	mov	ip, r2
1000473a:	4463      	add	r3, ip
1000473c:	0d19      	lsrs	r1, r3, #20
1000473e:	3106      	adds	r1, #6
10004740:	201d      	movs	r0, #29
10004742:	b2c9      	uxtb	r1, r1
10004744:	f7fb fdde 	bl	10000304 <gpio_set_function>
10004748:	2201      	movs	r2, #1
1000474a:	2100      	movs	r1, #0
1000474c:	201d      	movs	r0, #29
1000474e:	f7fb fdf3 	bl	10000338 <gpio_set_pulls>
10004752:	23d0      	movs	r3, #208	; 0xd0
10004754:	2280      	movs	r2, #128	; 0x80
10004756:	061b      	lsls	r3, r3, #24
10004758:	0492      	lsls	r2, r2, #18
1000475a:	619a      	str	r2, [r3, #24]
1000475c:	003a      	movs	r2, r7
1000475e:	68a1      	ldr	r1, [r4, #8]
10004760:	6820      	ldr	r0, [r4, #0]
10004762:	408a      	lsls	r2, r1
10004764:	6803      	ldr	r3, [r0, #0]
10004766:	4393      	bics	r3, r2
10004768:	6003      	str	r3, [r0, #0]
1000476a:	004b      	lsls	r3, r1, #1
1000476c:	185b      	adds	r3, r3, r1
1000476e:	00db      	lsls	r3, r3, #3
10004770:	18c5      	adds	r5, r0, r3
10004772:	35cc      	adds	r5, #204	; 0xcc
10004774:	682a      	ldr	r2, [r5, #0]
10004776:	18c3      	adds	r3, r0, r3
10004778:	4690      	mov	r8, r2
1000477a:	6862      	ldr	r2, [r4, #4]
1000477c:	3201      	adds	r2, #1
1000477e:	0312      	lsls	r2, r2, #12
10004780:	4694      	mov	ip, r2
10004782:	4642      	mov	r2, r8
10004784:	4016      	ands	r6, r2
10004786:	4662      	mov	r2, ip
10004788:	4332      	orrs	r2, r6
1000478a:	6866      	ldr	r6, [r4, #4]
1000478c:	01f6      	lsls	r6, r6, #7
1000478e:	4332      	orrs	r2, r6
10004790:	602a      	str	r2, [r5, #0]
10004792:	4a51      	ldr	r2, [pc, #324]	; (100048d8 <cyw43_write_reg_u32+0x1e4>)
10004794:	003d      	movs	r5, r7
10004796:	4694      	mov	ip, r2
10004798:	2280      	movs	r2, #128	; 0x80
1000479a:	4463      	add	r3, ip
1000479c:	0612      	lsls	r2, r2, #24
1000479e:	601a      	str	r2, [r3, #0]
100047a0:	601a      	str	r2, [r3, #0]
100047a2:	2280      	movs	r2, #128	; 0x80
100047a4:	2300      	movs	r3, #0
100047a6:	0452      	lsls	r2, r2, #17
100047a8:	9200      	str	r2, [sp, #0]
100047aa:	9301      	str	r3, [sp, #4]
100047ac:	f002 fab6 	bl	10006d1c <pio_sm_set_pindirs_with_mask64>
100047b0:	003a      	movs	r2, r7
100047b2:	68a0      	ldr	r0, [r4, #8]
100047b4:	6821      	ldr	r1, [r4, #0]
100047b6:	1d03      	adds	r3, r0, #4
100047b8:	409a      	lsls	r2, r3
100047ba:	4699      	mov	r9, r3
100047bc:	2380      	movs	r3, #128	; 0x80
100047be:	019b      	lsls	r3, r3, #6
100047c0:	18cb      	adds	r3, r1, r3
100047c2:	601a      	str	r2, [r3, #0]
100047c4:	0002      	movs	r2, r0
100047c6:	3208      	adds	r2, #8
100047c8:	4095      	lsls	r5, r2
100047ca:	601d      	str	r5, [r3, #0]
100047cc:	233f      	movs	r3, #63	; 0x3f
100047ce:	0082      	lsls	r2, r0, #2
100047d0:	188a      	adds	r2, r1, r2
100047d2:	6113      	str	r3, [r2, #16]
100047d4:	0043      	lsls	r3, r0, #1
100047d6:	181b      	adds	r3, r3, r0
100047d8:	00db      	lsls	r3, r3, #3
100047da:	4d40      	ldr	r5, [pc, #256]	; (100048dc <cyw43_write_reg_u32+0x1e8>)
100047dc:	18cb      	adds	r3, r1, r3
100047de:	33d8      	adds	r3, #216	; 0xd8
100047e0:	601d      	str	r5, [r3, #0]
100047e2:	2500      	movs	r5, #0
100047e4:	6115      	str	r5, [r2, #16]
100047e6:	4a3e      	ldr	r2, [pc, #248]	; (100048e0 <cyw43_write_reg_u32+0x1ec>)
100047e8:	6865      	ldr	r5, [r4, #4]
100047ea:	601a      	str	r2, [r3, #0]
100047ec:	221f      	movs	r2, #31
100047ee:	402a      	ands	r2, r5
100047f0:	601a      	str	r2, [r3, #0]
100047f2:	230c      	movs	r3, #12
100047f4:	56e3      	ldrsb	r3, [r4, r3]
100047f6:	22a0      	movs	r2, #160	; 0xa0
100047f8:	409f      	lsls	r7, r3
100047fa:	469c      	mov	ip, r3
100047fc:	4b39      	ldr	r3, [pc, #228]	; (100048e4 <cyw43_write_reg_u32+0x1f0>)
100047fe:	05d2      	lsls	r2, r2, #23
10004800:	50d7      	str	r7, [r2, r3]
10004802:	4663      	mov	r3, ip
10004804:	019a      	lsls	r2, r3, #6
10004806:	23a0      	movs	r3, #160	; 0xa0
10004808:	2680      	movs	r6, #128	; 0x80
1000480a:	05db      	lsls	r3, r3, #23
1000480c:	18d7      	adds	r7, r2, r3
1000480e:	4b36      	ldr	r3, [pc, #216]	; (100048e8 <cyw43_write_reg_u32+0x1f4>)
10004810:	0476      	lsls	r6, r6, #17
10004812:	18d5      	adds	r5, r2, r3
10004814:	682b      	ldr	r3, [r5, #0]
10004816:	4233      	tst	r3, r6
10004818:	d1fc      	bne.n	10004814 <cyw43_write_reg_u32+0x120>
1000481a:	4665      	mov	r5, ip
1000481c:	02ed      	lsls	r5, r5, #11
1000481e:	46ac      	mov	ip, r5
10004820:	4d32      	ldr	r5, [pc, #200]	; (100048ec <cyw43_write_reg_u32+0x1f8>)
10004822:	4b2a      	ldr	r3, [pc, #168]	; (100048cc <cyw43_write_reg_u32+0x1d8>)
10004824:	46a8      	mov	r8, r5
10004826:	4665      	mov	r5, ip
10004828:	4646      	mov	r6, r8
1000482a:	18cb      	adds	r3, r1, r3
1000482c:	0d1b      	lsrs	r3, r3, #20
1000482e:	00db      	lsls	r3, r3, #3
10004830:	181b      	adds	r3, r3, r0
10004832:	4035      	ands	r5, r6
10004834:	03db      	lsls	r3, r3, #15
10004836:	432b      	orrs	r3, r5
10004838:	4d2d      	ldr	r5, [pc, #180]	; (100048f0 <cyw43_write_reg_u32+0x1fc>)
1000483a:	432b      	orrs	r3, r5
1000483c:	4655      	mov	r5, sl
1000483e:	603d      	str	r5, [r7, #0]
10004840:	464d      	mov	r5, r9
10004842:	00ae      	lsls	r6, r5, #2
10004844:	2502      	movs	r5, #2
10004846:	198e      	adds	r6, r1, r6
10004848:	607e      	str	r6, [r7, #4]
1000484a:	60bd      	str	r5, [r7, #8]
1000484c:	60fb      	str	r3, [r7, #12]
1000484e:	2301      	movs	r3, #1
10004850:	4083      	lsls	r3, r0
10004852:	680d      	ldr	r5, [r1, #0]
10004854:	432b      	orrs	r3, r5
10004856:	600b      	str	r3, [r1, #0]
10004858:	4b26      	ldr	r3, [pc, #152]	; (100048f4 <cyw43_write_reg_u32+0x200>)
1000485a:	2180      	movs	r1, #128	; 0x80
1000485c:	469c      	mov	ip, r3
1000485e:	0449      	lsls	r1, r1, #17
10004860:	4462      	add	r2, ip
10004862:	6813      	ldr	r3, [r2, #0]
10004864:	420b      	tst	r3, r1
10004866:	d1fc      	bne.n	10004862 <cyw43_write_reg_u32+0x16e>
10004868:	2201      	movs	r2, #1
1000486a:	68a3      	ldr	r3, [r4, #8]
1000486c:	6821      	ldr	r1, [r4, #0]
1000486e:	3318      	adds	r3, #24
10004870:	409a      	lsls	r2, r3
10004872:	608a      	str	r2, [r1, #8]
10004874:	688b      	ldr	r3, [r1, #8]
10004876:	4213      	tst	r3, r2
10004878:	d0fc      	beq.n	10004874 <cyw43_write_reg_u32+0x180>
1000487a:	2201      	movs	r2, #1
1000487c:	68a1      	ldr	r1, [r4, #8]
1000487e:	6820      	ldr	r0, [r4, #0]
10004880:	408a      	lsls	r2, r1
10004882:	6803      	ldr	r3, [r0, #0]
10004884:	4393      	bics	r3, r2
10004886:	6003      	str	r3, [r0, #0]
10004888:	2300      	movs	r3, #0
1000488a:	2218      	movs	r2, #24
1000488c:	9300      	str	r3, [sp, #0]
1000488e:	3301      	adds	r3, #1
10004890:	f002 fa96 	bl	10006dc0 <pio_sm_set_consecutive_pindirs>
10004894:	68a1      	ldr	r1, [r4, #8]
10004896:	6823      	ldr	r3, [r4, #0]
10004898:	004a      	lsls	r2, r1, #1
1000489a:	1852      	adds	r2, r2, r1
1000489c:	00d2      	lsls	r2, r2, #3
1000489e:	189b      	adds	r3, r3, r2
100048a0:	4a15      	ldr	r2, [pc, #84]	; (100048f8 <cyw43_write_reg_u32+0x204>)
100048a2:	33d8      	adds	r3, #216	; 0xd8
100048a4:	601a      	str	r2, [r3, #0]
100048a6:	23d0      	movs	r3, #208	; 0xd0
100048a8:	2280      	movs	r2, #128	; 0x80
100048aa:	061b      	lsls	r3, r3, #24
100048ac:	0492      	lsls	r2, r2, #18
100048ae:	615a      	str	r2, [r3, #20]
100048b0:	f7ff fa46 	bl	10003d40 <ns_delay.constprop.0>
100048b4:	2000      	movs	r0, #0
100048b6:	b004      	add	sp, #16
100048b8:	bce0      	pop	{r5, r6, r7}
100048ba:	46ba      	mov	sl, r7
100048bc:	46b1      	mov	r9, r6
100048be:	46a8      	mov	r8, r5
100048c0:	bdf0      	pop	{r4, r5, r6, r7, pc}
100048c2:	46c0      	nop			; (mov r8, r8)
100048c4:	0ffff800 	.word	0x0ffff800
100048c8:	c0000004 	.word	0xc0000004
100048cc:	afe00000 	.word	0xafe00000
100048d0:	0000084c 	.word	0x0000084c
100048d4:	fffe007f 	.word	0xfffe007f
100048d8:	000010d0 	.word	0x000010d0
100048dc:	00006020 	.word	0x00006020
100048e0:	00006040 	.word	0x00006040
100048e4:	00000444 	.word	0x00000444
100048e8:	5000000c 	.word	0x5000000c
100048ec:	ff007ffd 	.word	0xff007ffd
100048f0:	00400019 	.word	0x00400019
100048f4:	50000010 	.word	0x50000010
100048f8:	0000a003 	.word	0x0000a003

100048fc <cyw43_write_reg_u16>:
100048fc:	b5f0      	push	{r4, r5, r6, r7, lr}
100048fe:	46d6      	mov	lr, sl
10004900:	464f      	mov	r7, r9
10004902:	4646      	mov	r6, r8
10004904:	b5c0      	push	{r6, r7, lr}
10004906:	b084      	sub	sp, #16
10004908:	ac02      	add	r4, sp, #8
1000490a:	46a2      	mov	sl, r4
1000490c:	4c6f      	ldr	r4, [pc, #444]	; (10004acc <cyw43_write_reg_u16+0x1d0>)
1000490e:	02d2      	lsls	r2, r2, #11
10004910:	4022      	ands	r2, r4
10004912:	0709      	lsls	r1, r1, #28
10004914:	430a      	orrs	r2, r1
10004916:	496e      	ldr	r1, [pc, #440]	; (10004ad0 <cyw43_write_reg_u16+0x1d4>)
10004918:	2701      	movs	r7, #1
1000491a:	430a      	orrs	r2, r1
1000491c:	9202      	str	r2, [sp, #8]
1000491e:	4652      	mov	r2, sl
10004920:	6053      	str	r3, [r2, #4]
10004922:	4a6c      	ldr	r2, [pc, #432]	; (10004ad4 <cyw43_write_reg_u16+0x1d8>)
10004924:	4b6c      	ldr	r3, [pc, #432]	; (10004ad8 <cyw43_write_reg_u16+0x1dc>)
10004926:	4694      	mov	ip, r2
10004928:	58c4      	ldr	r4, [r0, r3]
1000492a:	2018      	movs	r0, #24
1000492c:	6823      	ldr	r3, [r4, #0]
1000492e:	4e6b      	ldr	r6, [pc, #428]	; (10004adc <cyw43_write_reg_u16+0x1e0>)
10004930:	4463      	add	r3, ip
10004932:	0d19      	lsrs	r1, r3, #20
10004934:	3106      	adds	r1, #6
10004936:	b2c9      	uxtb	r1, r1
10004938:	f7fb fce4 	bl	10000304 <gpio_set_function>
1000493c:	4a65      	ldr	r2, [pc, #404]	; (10004ad4 <cyw43_write_reg_u16+0x1d8>)
1000493e:	6823      	ldr	r3, [r4, #0]
10004940:	4694      	mov	ip, r2
10004942:	4463      	add	r3, ip
10004944:	0d19      	lsrs	r1, r3, #20
10004946:	3106      	adds	r1, #6
10004948:	201d      	movs	r0, #29
1000494a:	b2c9      	uxtb	r1, r1
1000494c:	f7fb fcda 	bl	10000304 <gpio_set_function>
10004950:	2201      	movs	r2, #1
10004952:	2100      	movs	r1, #0
10004954:	201d      	movs	r0, #29
10004956:	f7fb fcef 	bl	10000338 <gpio_set_pulls>
1000495a:	23d0      	movs	r3, #208	; 0xd0
1000495c:	2280      	movs	r2, #128	; 0x80
1000495e:	061b      	lsls	r3, r3, #24
10004960:	0492      	lsls	r2, r2, #18
10004962:	619a      	str	r2, [r3, #24]
10004964:	003a      	movs	r2, r7
10004966:	68a1      	ldr	r1, [r4, #8]
10004968:	6820      	ldr	r0, [r4, #0]
1000496a:	408a      	lsls	r2, r1
1000496c:	6803      	ldr	r3, [r0, #0]
1000496e:	4393      	bics	r3, r2
10004970:	6003      	str	r3, [r0, #0]
10004972:	004b      	lsls	r3, r1, #1
10004974:	185b      	adds	r3, r3, r1
10004976:	00db      	lsls	r3, r3, #3
10004978:	18c5      	adds	r5, r0, r3
1000497a:	35cc      	adds	r5, #204	; 0xcc
1000497c:	682a      	ldr	r2, [r5, #0]
1000497e:	18c3      	adds	r3, r0, r3
10004980:	4690      	mov	r8, r2
10004982:	6862      	ldr	r2, [r4, #4]
10004984:	3201      	adds	r2, #1
10004986:	0312      	lsls	r2, r2, #12
10004988:	4694      	mov	ip, r2
1000498a:	4642      	mov	r2, r8
1000498c:	4016      	ands	r6, r2
1000498e:	4662      	mov	r2, ip
10004990:	4332      	orrs	r2, r6
10004992:	6866      	ldr	r6, [r4, #4]
10004994:	01f6      	lsls	r6, r6, #7
10004996:	4332      	orrs	r2, r6
10004998:	602a      	str	r2, [r5, #0]
1000499a:	4a51      	ldr	r2, [pc, #324]	; (10004ae0 <cyw43_write_reg_u16+0x1e4>)
1000499c:	003d      	movs	r5, r7
1000499e:	4694      	mov	ip, r2
100049a0:	2280      	movs	r2, #128	; 0x80
100049a2:	4463      	add	r3, ip
100049a4:	0612      	lsls	r2, r2, #24
100049a6:	601a      	str	r2, [r3, #0]
100049a8:	601a      	str	r2, [r3, #0]
100049aa:	2280      	movs	r2, #128	; 0x80
100049ac:	2300      	movs	r3, #0
100049ae:	0452      	lsls	r2, r2, #17
100049b0:	9200      	str	r2, [sp, #0]
100049b2:	9301      	str	r3, [sp, #4]
100049b4:	f002 f9b2 	bl	10006d1c <pio_sm_set_pindirs_with_mask64>
100049b8:	003a      	movs	r2, r7
100049ba:	68a0      	ldr	r0, [r4, #8]
100049bc:	6821      	ldr	r1, [r4, #0]
100049be:	1d03      	adds	r3, r0, #4
100049c0:	409a      	lsls	r2, r3
100049c2:	4699      	mov	r9, r3
100049c4:	2380      	movs	r3, #128	; 0x80
100049c6:	019b      	lsls	r3, r3, #6
100049c8:	18cb      	adds	r3, r1, r3
100049ca:	601a      	str	r2, [r3, #0]
100049cc:	0002      	movs	r2, r0
100049ce:	3208      	adds	r2, #8
100049d0:	4095      	lsls	r5, r2
100049d2:	601d      	str	r5, [r3, #0]
100049d4:	233f      	movs	r3, #63	; 0x3f
100049d6:	0082      	lsls	r2, r0, #2
100049d8:	188a      	adds	r2, r1, r2
100049da:	6113      	str	r3, [r2, #16]
100049dc:	0043      	lsls	r3, r0, #1
100049de:	181b      	adds	r3, r3, r0
100049e0:	00db      	lsls	r3, r3, #3
100049e2:	4d40      	ldr	r5, [pc, #256]	; (10004ae4 <cyw43_write_reg_u16+0x1e8>)
100049e4:	18cb      	adds	r3, r1, r3
100049e6:	33d8      	adds	r3, #216	; 0xd8
100049e8:	601d      	str	r5, [r3, #0]
100049ea:	2500      	movs	r5, #0
100049ec:	6115      	str	r5, [r2, #16]
100049ee:	4a3e      	ldr	r2, [pc, #248]	; (10004ae8 <cyw43_write_reg_u16+0x1ec>)
100049f0:	6865      	ldr	r5, [r4, #4]
100049f2:	601a      	str	r2, [r3, #0]
100049f4:	221f      	movs	r2, #31
100049f6:	402a      	ands	r2, r5
100049f8:	601a      	str	r2, [r3, #0]
100049fa:	230c      	movs	r3, #12
100049fc:	56e3      	ldrsb	r3, [r4, r3]
100049fe:	22a0      	movs	r2, #160	; 0xa0
10004a00:	409f      	lsls	r7, r3
10004a02:	469c      	mov	ip, r3
10004a04:	4b39      	ldr	r3, [pc, #228]	; (10004aec <cyw43_write_reg_u16+0x1f0>)
10004a06:	05d2      	lsls	r2, r2, #23
10004a08:	50d7      	str	r7, [r2, r3]
10004a0a:	4663      	mov	r3, ip
10004a0c:	019a      	lsls	r2, r3, #6
10004a0e:	23a0      	movs	r3, #160	; 0xa0
10004a10:	2680      	movs	r6, #128	; 0x80
10004a12:	05db      	lsls	r3, r3, #23
10004a14:	18d7      	adds	r7, r2, r3
10004a16:	4b36      	ldr	r3, [pc, #216]	; (10004af0 <cyw43_write_reg_u16+0x1f4>)
10004a18:	0476      	lsls	r6, r6, #17
10004a1a:	18d5      	adds	r5, r2, r3
10004a1c:	682b      	ldr	r3, [r5, #0]
10004a1e:	4233      	tst	r3, r6
10004a20:	d1fc      	bne.n	10004a1c <cyw43_write_reg_u16+0x120>
10004a22:	4665      	mov	r5, ip
10004a24:	02ed      	lsls	r5, r5, #11
10004a26:	46ac      	mov	ip, r5
10004a28:	4d32      	ldr	r5, [pc, #200]	; (10004af4 <cyw43_write_reg_u16+0x1f8>)
10004a2a:	4b2a      	ldr	r3, [pc, #168]	; (10004ad4 <cyw43_write_reg_u16+0x1d8>)
10004a2c:	46a8      	mov	r8, r5
10004a2e:	4665      	mov	r5, ip
10004a30:	4646      	mov	r6, r8
10004a32:	18cb      	adds	r3, r1, r3
10004a34:	0d1b      	lsrs	r3, r3, #20
10004a36:	00db      	lsls	r3, r3, #3
10004a38:	181b      	adds	r3, r3, r0
10004a3a:	4035      	ands	r5, r6
10004a3c:	03db      	lsls	r3, r3, #15
10004a3e:	432b      	orrs	r3, r5
10004a40:	4d2d      	ldr	r5, [pc, #180]	; (10004af8 <cyw43_write_reg_u16+0x1fc>)
10004a42:	432b      	orrs	r3, r5
10004a44:	4655      	mov	r5, sl
10004a46:	603d      	str	r5, [r7, #0]
10004a48:	464d      	mov	r5, r9
10004a4a:	00ae      	lsls	r6, r5, #2
10004a4c:	2502      	movs	r5, #2
10004a4e:	198e      	adds	r6, r1, r6
10004a50:	607e      	str	r6, [r7, #4]
10004a52:	60bd      	str	r5, [r7, #8]
10004a54:	60fb      	str	r3, [r7, #12]
10004a56:	2301      	movs	r3, #1
10004a58:	4083      	lsls	r3, r0
10004a5a:	680d      	ldr	r5, [r1, #0]
10004a5c:	432b      	orrs	r3, r5
10004a5e:	600b      	str	r3, [r1, #0]
10004a60:	4b26      	ldr	r3, [pc, #152]	; (10004afc <cyw43_write_reg_u16+0x200>)
10004a62:	2180      	movs	r1, #128	; 0x80
10004a64:	469c      	mov	ip, r3
10004a66:	0449      	lsls	r1, r1, #17
10004a68:	4462      	add	r2, ip
10004a6a:	6813      	ldr	r3, [r2, #0]
10004a6c:	420b      	tst	r3, r1
10004a6e:	d1fc      	bne.n	10004a6a <cyw43_write_reg_u16+0x16e>
10004a70:	2201      	movs	r2, #1
10004a72:	68a3      	ldr	r3, [r4, #8]
10004a74:	6821      	ldr	r1, [r4, #0]
10004a76:	3318      	adds	r3, #24
10004a78:	409a      	lsls	r2, r3
10004a7a:	608a      	str	r2, [r1, #8]
10004a7c:	688b      	ldr	r3, [r1, #8]
10004a7e:	4213      	tst	r3, r2
10004a80:	d0fc      	beq.n	10004a7c <cyw43_write_reg_u16+0x180>
10004a82:	2201      	movs	r2, #1
10004a84:	68a1      	ldr	r1, [r4, #8]
10004a86:	6820      	ldr	r0, [r4, #0]
10004a88:	408a      	lsls	r2, r1
10004a8a:	6803      	ldr	r3, [r0, #0]
10004a8c:	4393      	bics	r3, r2
10004a8e:	6003      	str	r3, [r0, #0]
10004a90:	2300      	movs	r3, #0
10004a92:	2218      	movs	r2, #24
10004a94:	9300      	str	r3, [sp, #0]
10004a96:	3301      	adds	r3, #1
10004a98:	f002 f992 	bl	10006dc0 <pio_sm_set_consecutive_pindirs>
10004a9c:	68a1      	ldr	r1, [r4, #8]
10004a9e:	6823      	ldr	r3, [r4, #0]
10004aa0:	004a      	lsls	r2, r1, #1
10004aa2:	1852      	adds	r2, r2, r1
10004aa4:	00d2      	lsls	r2, r2, #3
10004aa6:	189b      	adds	r3, r3, r2
10004aa8:	4a15      	ldr	r2, [pc, #84]	; (10004b00 <cyw43_write_reg_u16+0x204>)
10004aaa:	33d8      	adds	r3, #216	; 0xd8
10004aac:	601a      	str	r2, [r3, #0]
10004aae:	23d0      	movs	r3, #208	; 0xd0
10004ab0:	2280      	movs	r2, #128	; 0x80
10004ab2:	061b      	lsls	r3, r3, #24
10004ab4:	0492      	lsls	r2, r2, #18
10004ab6:	615a      	str	r2, [r3, #20]
10004ab8:	f7ff f942 	bl	10003d40 <ns_delay.constprop.0>
10004abc:	2000      	movs	r0, #0
10004abe:	b004      	add	sp, #16
10004ac0:	bce0      	pop	{r5, r6, r7}
10004ac2:	46ba      	mov	sl, r7
10004ac4:	46b1      	mov	r9, r6
10004ac6:	46a8      	mov	r8, r5
10004ac8:	bdf0      	pop	{r4, r5, r6, r7, pc}
10004aca:	46c0      	nop			; (mov r8, r8)
10004acc:	0ffff800 	.word	0x0ffff800
10004ad0:	c0000002 	.word	0xc0000002
10004ad4:	afe00000 	.word	0xafe00000
10004ad8:	0000084c 	.word	0x0000084c
10004adc:	fffe007f 	.word	0xfffe007f
10004ae0:	000010d0 	.word	0x000010d0
10004ae4:	00006020 	.word	0x00006020
10004ae8:	00006040 	.word	0x00006040
10004aec:	00000444 	.word	0x00000444
10004af0:	5000000c 	.word	0x5000000c
10004af4:	ff007ffd 	.word	0xff007ffd
10004af8:	00400019 	.word	0x00400019
10004afc:	50000010 	.word	0x50000010
10004b00:	0000a003 	.word	0x0000a003

10004b04 <cyw43_write_reg_u8>:
10004b04:	b5f0      	push	{r4, r5, r6, r7, lr}
10004b06:	46d6      	mov	lr, sl
10004b08:	464f      	mov	r7, r9
10004b0a:	4646      	mov	r6, r8
10004b0c:	b5c0      	push	{r6, r7, lr}
10004b0e:	b084      	sub	sp, #16
10004b10:	ac02      	add	r4, sp, #8
10004b12:	46a2      	mov	sl, r4
10004b14:	4c6f      	ldr	r4, [pc, #444]	; (10004cd4 <cyw43_write_reg_u8+0x1d0>)
10004b16:	02d2      	lsls	r2, r2, #11
10004b18:	4022      	ands	r2, r4
10004b1a:	0709      	lsls	r1, r1, #28
10004b1c:	430a      	orrs	r2, r1
10004b1e:	496e      	ldr	r1, [pc, #440]	; (10004cd8 <cyw43_write_reg_u8+0x1d4>)
10004b20:	2701      	movs	r7, #1
10004b22:	430a      	orrs	r2, r1
10004b24:	9202      	str	r2, [sp, #8]
10004b26:	4652      	mov	r2, sl
10004b28:	6053      	str	r3, [r2, #4]
10004b2a:	4a6c      	ldr	r2, [pc, #432]	; (10004cdc <cyw43_write_reg_u8+0x1d8>)
10004b2c:	4b6c      	ldr	r3, [pc, #432]	; (10004ce0 <cyw43_write_reg_u8+0x1dc>)
10004b2e:	4694      	mov	ip, r2
10004b30:	58c4      	ldr	r4, [r0, r3]
10004b32:	2018      	movs	r0, #24
10004b34:	6823      	ldr	r3, [r4, #0]
10004b36:	4e6b      	ldr	r6, [pc, #428]	; (10004ce4 <cyw43_write_reg_u8+0x1e0>)
10004b38:	4463      	add	r3, ip
10004b3a:	0d19      	lsrs	r1, r3, #20
10004b3c:	3106      	adds	r1, #6
10004b3e:	b2c9      	uxtb	r1, r1
10004b40:	f7fb fbe0 	bl	10000304 <gpio_set_function>
10004b44:	4a65      	ldr	r2, [pc, #404]	; (10004cdc <cyw43_write_reg_u8+0x1d8>)
10004b46:	6823      	ldr	r3, [r4, #0]
10004b48:	4694      	mov	ip, r2
10004b4a:	4463      	add	r3, ip
10004b4c:	0d19      	lsrs	r1, r3, #20
10004b4e:	3106      	adds	r1, #6
10004b50:	201d      	movs	r0, #29
10004b52:	b2c9      	uxtb	r1, r1
10004b54:	f7fb fbd6 	bl	10000304 <gpio_set_function>
10004b58:	2201      	movs	r2, #1
10004b5a:	2100      	movs	r1, #0
10004b5c:	201d      	movs	r0, #29
10004b5e:	f7fb fbeb 	bl	10000338 <gpio_set_pulls>
10004b62:	23d0      	movs	r3, #208	; 0xd0
10004b64:	2280      	movs	r2, #128	; 0x80
10004b66:	061b      	lsls	r3, r3, #24
10004b68:	0492      	lsls	r2, r2, #18
10004b6a:	619a      	str	r2, [r3, #24]
10004b6c:	003a      	movs	r2, r7
10004b6e:	68a1      	ldr	r1, [r4, #8]
10004b70:	6820      	ldr	r0, [r4, #0]
10004b72:	408a      	lsls	r2, r1
10004b74:	6803      	ldr	r3, [r0, #0]
10004b76:	4393      	bics	r3, r2
10004b78:	6003      	str	r3, [r0, #0]
10004b7a:	004b      	lsls	r3, r1, #1
10004b7c:	185b      	adds	r3, r3, r1
10004b7e:	00db      	lsls	r3, r3, #3
10004b80:	18c5      	adds	r5, r0, r3
10004b82:	35cc      	adds	r5, #204	; 0xcc
10004b84:	682a      	ldr	r2, [r5, #0]
10004b86:	18c3      	adds	r3, r0, r3
10004b88:	4690      	mov	r8, r2
10004b8a:	6862      	ldr	r2, [r4, #4]
10004b8c:	3201      	adds	r2, #1
10004b8e:	0312      	lsls	r2, r2, #12
10004b90:	4694      	mov	ip, r2
10004b92:	4642      	mov	r2, r8
10004b94:	4016      	ands	r6, r2
10004b96:	4662      	mov	r2, ip
10004b98:	4332      	orrs	r2, r6
10004b9a:	6866      	ldr	r6, [r4, #4]
10004b9c:	01f6      	lsls	r6, r6, #7
10004b9e:	4332      	orrs	r2, r6
10004ba0:	602a      	str	r2, [r5, #0]
10004ba2:	4a51      	ldr	r2, [pc, #324]	; (10004ce8 <cyw43_write_reg_u8+0x1e4>)
10004ba4:	003d      	movs	r5, r7
10004ba6:	4694      	mov	ip, r2
10004ba8:	2280      	movs	r2, #128	; 0x80
10004baa:	4463      	add	r3, ip
10004bac:	0612      	lsls	r2, r2, #24
10004bae:	601a      	str	r2, [r3, #0]
10004bb0:	601a      	str	r2, [r3, #0]
10004bb2:	2280      	movs	r2, #128	; 0x80
10004bb4:	2300      	movs	r3, #0
10004bb6:	0452      	lsls	r2, r2, #17
10004bb8:	9200      	str	r2, [sp, #0]
10004bba:	9301      	str	r3, [sp, #4]
10004bbc:	f002 f8ae 	bl	10006d1c <pio_sm_set_pindirs_with_mask64>
10004bc0:	003a      	movs	r2, r7
10004bc2:	68a0      	ldr	r0, [r4, #8]
10004bc4:	6821      	ldr	r1, [r4, #0]
10004bc6:	1d03      	adds	r3, r0, #4
10004bc8:	409a      	lsls	r2, r3
10004bca:	4699      	mov	r9, r3
10004bcc:	2380      	movs	r3, #128	; 0x80
10004bce:	019b      	lsls	r3, r3, #6
10004bd0:	18cb      	adds	r3, r1, r3
10004bd2:	601a      	str	r2, [r3, #0]
10004bd4:	0002      	movs	r2, r0
10004bd6:	3208      	adds	r2, #8
10004bd8:	4095      	lsls	r5, r2
10004bda:	601d      	str	r5, [r3, #0]
10004bdc:	233f      	movs	r3, #63	; 0x3f
10004bde:	0082      	lsls	r2, r0, #2
10004be0:	188a      	adds	r2, r1, r2
10004be2:	6113      	str	r3, [r2, #16]
10004be4:	0043      	lsls	r3, r0, #1
10004be6:	181b      	adds	r3, r3, r0
10004be8:	00db      	lsls	r3, r3, #3
10004bea:	4d40      	ldr	r5, [pc, #256]	; (10004cec <cyw43_write_reg_u8+0x1e8>)
10004bec:	18cb      	adds	r3, r1, r3
10004bee:	33d8      	adds	r3, #216	; 0xd8
10004bf0:	601d      	str	r5, [r3, #0]
10004bf2:	2500      	movs	r5, #0
10004bf4:	6115      	str	r5, [r2, #16]
10004bf6:	4a3e      	ldr	r2, [pc, #248]	; (10004cf0 <cyw43_write_reg_u8+0x1ec>)
10004bf8:	6865      	ldr	r5, [r4, #4]
10004bfa:	601a      	str	r2, [r3, #0]
10004bfc:	221f      	movs	r2, #31
10004bfe:	402a      	ands	r2, r5
10004c00:	601a      	str	r2, [r3, #0]
10004c02:	230c      	movs	r3, #12
10004c04:	56e3      	ldrsb	r3, [r4, r3]
10004c06:	22a0      	movs	r2, #160	; 0xa0
10004c08:	409f      	lsls	r7, r3
10004c0a:	469c      	mov	ip, r3
10004c0c:	4b39      	ldr	r3, [pc, #228]	; (10004cf4 <cyw43_write_reg_u8+0x1f0>)
10004c0e:	05d2      	lsls	r2, r2, #23
10004c10:	50d7      	str	r7, [r2, r3]
10004c12:	4663      	mov	r3, ip
10004c14:	019a      	lsls	r2, r3, #6
10004c16:	23a0      	movs	r3, #160	; 0xa0
10004c18:	2680      	movs	r6, #128	; 0x80
10004c1a:	05db      	lsls	r3, r3, #23
10004c1c:	18d7      	adds	r7, r2, r3
10004c1e:	4b36      	ldr	r3, [pc, #216]	; (10004cf8 <cyw43_write_reg_u8+0x1f4>)
10004c20:	0476      	lsls	r6, r6, #17
10004c22:	18d5      	adds	r5, r2, r3
10004c24:	682b      	ldr	r3, [r5, #0]
10004c26:	4233      	tst	r3, r6
10004c28:	d1fc      	bne.n	10004c24 <cyw43_write_reg_u8+0x120>
10004c2a:	4665      	mov	r5, ip
10004c2c:	02ed      	lsls	r5, r5, #11
10004c2e:	46ac      	mov	ip, r5
10004c30:	4d32      	ldr	r5, [pc, #200]	; (10004cfc <cyw43_write_reg_u8+0x1f8>)
10004c32:	4b2a      	ldr	r3, [pc, #168]	; (10004cdc <cyw43_write_reg_u8+0x1d8>)
10004c34:	46a8      	mov	r8, r5
10004c36:	4665      	mov	r5, ip
10004c38:	4646      	mov	r6, r8
10004c3a:	18cb      	adds	r3, r1, r3
10004c3c:	0d1b      	lsrs	r3, r3, #20
10004c3e:	00db      	lsls	r3, r3, #3
10004c40:	181b      	adds	r3, r3, r0
10004c42:	4035      	ands	r5, r6
10004c44:	03db      	lsls	r3, r3, #15
10004c46:	432b      	orrs	r3, r5
10004c48:	4d2d      	ldr	r5, [pc, #180]	; (10004d00 <cyw43_write_reg_u8+0x1fc>)
10004c4a:	432b      	orrs	r3, r5
10004c4c:	4655      	mov	r5, sl
10004c4e:	603d      	str	r5, [r7, #0]
10004c50:	464d      	mov	r5, r9
10004c52:	00ae      	lsls	r6, r5, #2
10004c54:	2502      	movs	r5, #2
10004c56:	198e      	adds	r6, r1, r6
10004c58:	607e      	str	r6, [r7, #4]
10004c5a:	60bd      	str	r5, [r7, #8]
10004c5c:	60fb      	str	r3, [r7, #12]
10004c5e:	2301      	movs	r3, #1
10004c60:	4083      	lsls	r3, r0
10004c62:	680d      	ldr	r5, [r1, #0]
10004c64:	432b      	orrs	r3, r5
10004c66:	600b      	str	r3, [r1, #0]
10004c68:	4b26      	ldr	r3, [pc, #152]	; (10004d04 <cyw43_write_reg_u8+0x200>)
10004c6a:	2180      	movs	r1, #128	; 0x80
10004c6c:	469c      	mov	ip, r3
10004c6e:	0449      	lsls	r1, r1, #17
10004c70:	4462      	add	r2, ip
10004c72:	6813      	ldr	r3, [r2, #0]
10004c74:	420b      	tst	r3, r1
10004c76:	d1fc      	bne.n	10004c72 <cyw43_write_reg_u8+0x16e>
10004c78:	2201      	movs	r2, #1
10004c7a:	68a3      	ldr	r3, [r4, #8]
10004c7c:	6821      	ldr	r1, [r4, #0]
10004c7e:	3318      	adds	r3, #24
10004c80:	409a      	lsls	r2, r3
10004c82:	608a      	str	r2, [r1, #8]
10004c84:	688b      	ldr	r3, [r1, #8]
10004c86:	4213      	tst	r3, r2
10004c88:	d0fc      	beq.n	10004c84 <cyw43_write_reg_u8+0x180>
10004c8a:	2201      	movs	r2, #1
10004c8c:	68a1      	ldr	r1, [r4, #8]
10004c8e:	6820      	ldr	r0, [r4, #0]
10004c90:	408a      	lsls	r2, r1
10004c92:	6803      	ldr	r3, [r0, #0]
10004c94:	4393      	bics	r3, r2
10004c96:	6003      	str	r3, [r0, #0]
10004c98:	2300      	movs	r3, #0
10004c9a:	2218      	movs	r2, #24
10004c9c:	9300      	str	r3, [sp, #0]
10004c9e:	3301      	adds	r3, #1
10004ca0:	f002 f88e 	bl	10006dc0 <pio_sm_set_consecutive_pindirs>
10004ca4:	68a1      	ldr	r1, [r4, #8]
10004ca6:	6823      	ldr	r3, [r4, #0]
10004ca8:	004a      	lsls	r2, r1, #1
10004caa:	1852      	adds	r2, r2, r1
10004cac:	00d2      	lsls	r2, r2, #3
10004cae:	189b      	adds	r3, r3, r2
10004cb0:	4a15      	ldr	r2, [pc, #84]	; (10004d08 <cyw43_write_reg_u8+0x204>)
10004cb2:	33d8      	adds	r3, #216	; 0xd8
10004cb4:	601a      	str	r2, [r3, #0]
10004cb6:	23d0      	movs	r3, #208	; 0xd0
10004cb8:	2280      	movs	r2, #128	; 0x80
10004cba:	061b      	lsls	r3, r3, #24
10004cbc:	0492      	lsls	r2, r2, #18
10004cbe:	615a      	str	r2, [r3, #20]
10004cc0:	f7ff f83e 	bl	10003d40 <ns_delay.constprop.0>
10004cc4:	2000      	movs	r0, #0
10004cc6:	b004      	add	sp, #16
10004cc8:	bce0      	pop	{r5, r6, r7}
10004cca:	46ba      	mov	sl, r7
10004ccc:	46b1      	mov	r9, r6
10004cce:	46a8      	mov	r8, r5
10004cd0:	bdf0      	pop	{r4, r5, r6, r7, pc}
10004cd2:	46c0      	nop			; (mov r8, r8)
10004cd4:	0ffff800 	.word	0x0ffff800
10004cd8:	c0000001 	.word	0xc0000001
10004cdc:	afe00000 	.word	0xafe00000
10004ce0:	0000084c 	.word	0x0000084c
10004ce4:	fffe007f 	.word	0xfffe007f
10004ce8:	000010d0 	.word	0x000010d0
10004cec:	00006020 	.word	0x00006020
10004cf0:	00006040 	.word	0x00006040
10004cf4:	00000444 	.word	0x00000444
10004cf8:	5000000c 	.word	0x5000000c
10004cfc:	ff007ffd 	.word	0xff007ffd
10004d00:	00400019 	.word	0x00400019
10004d04:	50000010 	.word	0x50000010
10004d08:	0000a003 	.word	0x0000a003

10004d0c <cyw43_read_bytes>:
10004d0c:	b5f0      	push	{r4, r5, r6, r7, lr}
10004d0e:	1cde      	adds	r6, r3, #3
10004d10:	001d      	movs	r5, r3
10004d12:	2303      	movs	r3, #3
10004d14:	0004      	movs	r4, r0
10004d16:	b083      	sub	sp, #12
10004d18:	439e      	bics	r6, r3
10004d1a:	2901      	cmp	r1, #1
10004d1c:	d024      	beq.n	10004d68 <cyw43_read_bytes+0x5c>
10004d1e:	2004      	movs	r0, #4
10004d20:	3321      	adds	r3, #33	; 0x21
10004d22:	4f16      	ldr	r7, [pc, #88]	; (10004d7c <cyw43_read_bytes+0x70>)
10004d24:	02d2      	lsls	r2, r2, #11
10004d26:	403a      	ands	r2, r7
10004d28:	0709      	lsls	r1, r1, #28
10004d2a:	432a      	orrs	r2, r5
10004d2c:	430a      	orrs	r2, r1
10004d2e:	2180      	movs	r1, #128	; 0x80
10004d30:	3004      	adds	r0, #4
10004d32:	05c9      	lsls	r1, r1, #23
10004d34:	0080      	lsls	r0, r0, #2
10004d36:	430a      	orrs	r2, r1
10004d38:	1820      	adds	r0, r4, r0
10004d3a:	3604      	adds	r6, #4
10004d3c:	6042      	str	r2, [r0, #4]
10004d3e:	2100      	movs	r1, #0
10004d40:	9600      	str	r6, [sp, #0]
10004d42:	2204      	movs	r2, #4
10004d44:	0020      	movs	r0, r4
10004d46:	18e3      	adds	r3, r4, r3
10004d48:	f7ff f8d6 	bl	10003ef8 <cyw43_spi_transfer>
10004d4c:	1e06      	subs	r6, r0, #0
10004d4e:	d10f      	bne.n	10004d70 <cyw43_read_bytes+0x64>
10004d50:	0021      	movs	r1, r4
10004d52:	9b08      	ldr	r3, [sp, #32]
10004d54:	3128      	adds	r1, #40	; 0x28
10004d56:	4299      	cmp	r1, r3
10004d58:	d003      	beq.n	10004d62 <cyw43_read_bytes+0x56>
10004d5a:	002a      	movs	r2, r5
10004d5c:	0018      	movs	r0, r3
10004d5e:	f7fd fa79 	bl	10002254 <__wrap___aeabi_memcpy>
10004d62:	0030      	movs	r0, r6
10004d64:	b003      	add	sp, #12
10004d66:	bdf0      	pop	{r4, r5, r6, r7, pc}
10004d68:	2000      	movs	r0, #0
10004d6a:	3610      	adds	r6, #16
10004d6c:	3311      	adds	r3, #17
10004d6e:	e7d8      	b.n	10004d22 <cyw43_read_bytes+0x16>
10004d70:	0001      	movs	r1, r0
10004d72:	4803      	ldr	r0, [pc, #12]	; (10004d80 <cyw43_read_bytes+0x74>)
10004d74:	f7fe ff5c 	bl	10003c30 <__wrap_printf>
10004d78:	e7f3      	b.n	10004d62 <cyw43_read_bytes+0x56>
10004d7a:	46c0      	nop			; (mov r8, r8)
10004d7c:	0ffff800 	.word	0x0ffff800
10004d80:	10007ea4 	.word	0x10007ea4

10004d84 <cyw43_write_bytes>:
10004d84:	b5f0      	push	{r4, r5, r6, r7, lr}
10004d86:	4645      	mov	r5, r8
10004d88:	4657      	mov	r7, sl
10004d8a:	46de      	mov	lr, fp
10004d8c:	464e      	mov	r6, r9
10004d8e:	b5e0      	push	{r5, r6, r7, lr}
10004d90:	b08d      	sub	sp, #52	; 0x34
10004d92:	af02      	add	r7, sp, #8
10004d94:	4698      	mov	r8, r3
10004d96:	60ba      	str	r2, [r7, #8]
10004d98:	1cda      	adds	r2, r3, #3
10004d9a:	2303      	movs	r3, #3
10004d9c:	439a      	bics	r2, r3
10004d9e:	0005      	movs	r5, r0
10004da0:	60fa      	str	r2, [r7, #12]
10004da2:	2902      	cmp	r1, #2
10004da4:	d025      	beq.n	10004df2 <cyw43_write_bytes+0x6e>
10004da6:	0028      	movs	r0, r5
10004da8:	6d3b      	ldr	r3, [r7, #80]	; 0x50
10004daa:	3028      	adds	r0, #40	; 0x28
10004dac:	4298      	cmp	r0, r3
10004dae:	d048      	beq.n	10004e42 <cyw43_write_bytes+0xbe>
10004db0:	4643      	mov	r3, r8
10004db2:	0709      	lsls	r1, r1, #28
10004db4:	4319      	orrs	r1, r3
10004db6:	68bb      	ldr	r3, [r7, #8]
10004db8:	02da      	lsls	r2, r3, #11
10004dba:	4b29      	ldr	r3, [pc, #164]	; (10004e60 <cyw43_write_bytes+0xdc>)
10004dbc:	401a      	ands	r2, r3
10004dbe:	23c0      	movs	r3, #192	; 0xc0
10004dc0:	4311      	orrs	r1, r2
10004dc2:	061b      	lsls	r3, r3, #24
10004dc4:	4319      	orrs	r1, r3
10004dc6:	6269      	str	r1, [r5, #36]	; 0x24
10004dc8:	4642      	mov	r2, r8
10004dca:	6d39      	ldr	r1, [r7, #80]	; 0x50
10004dcc:	f7fd fa42 	bl	10002254 <__wrap___aeabi_memcpy>
10004dd0:	0029      	movs	r1, r5
10004dd2:	2300      	movs	r3, #0
10004dd4:	68fa      	ldr	r2, [r7, #12]
10004dd6:	0028      	movs	r0, r5
10004dd8:	3204      	adds	r2, #4
10004dda:	3124      	adds	r1, #36	; 0x24
10004ddc:	9300      	str	r3, [sp, #0]
10004dde:	f7ff f88b 	bl	10003ef8 <cyw43_spi_transfer>
10004de2:	46bd      	mov	sp, r7
10004de4:	b00b      	add	sp, #44	; 0x2c
10004de6:	bcf0      	pop	{r4, r5, r6, r7}
10004de8:	46bb      	mov	fp, r7
10004dea:	46b2      	mov	sl, r6
10004dec:	46a9      	mov	r9, r5
10004dee:	46a0      	mov	r8, r4
10004df0:	bdf0      	pop	{r4, r5, r6, r7, pc}
10004df2:	4b1c      	ldr	r3, [pc, #112]	; (10004e64 <cyw43_write_bytes+0xe0>)
10004df4:	4c1c      	ldr	r4, [pc, #112]	; (10004e68 <cyw43_write_bytes+0xe4>)
10004df6:	469b      	mov	fp, r3
10004df8:	2308      	movs	r3, #8
10004dfa:	469a      	mov	sl, r3
10004dfc:	3318      	adds	r3, #24
10004dfe:	4699      	mov	r9, r3
10004e00:	6079      	str	r1, [r7, #4]
10004e02:	e001      	b.n	10004e08 <cyw43_write_bytes+0x84>
10004e04:	3c01      	subs	r4, #1
10004e06:	d316      	bcc.n	10004e36 <cyw43_write_bytes+0xb2>
10004e08:	465b      	mov	r3, fp
10004e0a:	613b      	str	r3, [r7, #16]
10004e0c:	4653      	mov	r3, sl
10004e0e:	9300      	str	r3, [sp, #0]
10004e10:	2310      	movs	r3, #16
10004e12:	2204      	movs	r2, #4
10004e14:	2100      	movs	r1, #0
10004e16:	0028      	movs	r0, r5
10004e18:	18fb      	adds	r3, r7, r3
10004e1a:	466e      	mov	r6, sp
10004e1c:	f7ff f86c 	bl	10003ef8 <cyw43_spi_transfer>
10004e20:	2800      	cmp	r0, #0
10004e22:	d100      	bne.n	10004e26 <cyw43_write_bytes+0xa2>
10004e24:	6978      	ldr	r0, [r7, #20]
10004e26:	464b      	mov	r3, r9
10004e28:	46b5      	mov	sp, r6
10004e2a:	4203      	tst	r3, r0
10004e2c:	d0ea      	beq.n	10004e04 <cyw43_write_bytes+0x80>
10004e2e:	687b      	ldr	r3, [r7, #4]
10004e30:	0019      	movs	r1, r3
10004e32:	2c00      	cmp	r4, #0
10004e34:	d1b7      	bne.n	10004da6 <cyw43_write_bytes+0x22>
10004e36:	480d      	ldr	r0, [pc, #52]	; (10004e6c <cyw43_write_bytes+0xe8>)
10004e38:	f7fe fe70 	bl	10003b1c <__wrap_puts>
10004e3c:	2006      	movs	r0, #6
10004e3e:	4240      	negs	r0, r0
10004e40:	e7cf      	b.n	10004de2 <cyw43_write_bytes+0x5e>
10004e42:	68bb      	ldr	r3, [r7, #8]
10004e44:	0709      	lsls	r1, r1, #28
10004e46:	02da      	lsls	r2, r3, #11
10004e48:	4b05      	ldr	r3, [pc, #20]	; (10004e60 <cyw43_write_bytes+0xdc>)
10004e4a:	401a      	ands	r2, r3
10004e4c:	4643      	mov	r3, r8
10004e4e:	430b      	orrs	r3, r1
10004e50:	4313      	orrs	r3, r2
10004e52:	001a      	movs	r2, r3
10004e54:	23c0      	movs	r3, #192	; 0xc0
10004e56:	061b      	lsls	r3, r3, #24
10004e58:	431a      	orrs	r2, r3
10004e5a:	626a      	str	r2, [r5, #36]	; 0x24
10004e5c:	e7b8      	b.n	10004dd0 <cyw43_write_bytes+0x4c>
10004e5e:	46c0      	nop			; (mov r8, r8)
10004e60:	0ffff800 	.word	0x0ffff800
10004e64:	40004004 	.word	0x40004004
10004e68:	000003e7 	.word	0x000003e7
10004e6c:	100080ec 	.word	0x100080ec

10004e70 <cyw43_set_backplane_window>:
10004e70:	6883      	ldr	r3, [r0, #8]
10004e72:	b570      	push	{r4, r5, r6, lr}
10004e74:	0bcc      	lsrs	r4, r1, #15
10004e76:	0005      	movs	r5, r0
10004e78:	03e4      	lsls	r4, r4, #15
10004e7a:	42a3      	cmp	r3, r4
10004e7c:	d00b      	beq.n	10004e96 <cyw43_set_backplane_window+0x26>
10004e7e:	4063      	eors	r3, r4
10004e80:	0e1a      	lsrs	r2, r3, #24
10004e82:	d119      	bne.n	10004eb8 <cyw43_set_backplane_window+0x48>
10004e84:	22ff      	movs	r2, #255	; 0xff
10004e86:	0412      	lsls	r2, r2, #16
10004e88:	4213      	tst	r3, r2
10004e8a:	d10c      	bne.n	10004ea6 <cyw43_set_backplane_window+0x36>
10004e8c:	22ff      	movs	r2, #255	; 0xff
10004e8e:	0212      	lsls	r2, r2, #8
10004e90:	4213      	tst	r3, r2
10004e92:	d101      	bne.n	10004e98 <cyw43_set_backplane_window+0x28>
10004e94:	60ac      	str	r4, [r5, #8]
10004e96:	bd70      	pop	{r4, r5, r6, pc}
10004e98:	2101      	movs	r1, #1
10004e9a:	0028      	movs	r0, r5
10004e9c:	4a0a      	ldr	r2, [pc, #40]	; (10004ec8 <cyw43_set_backplane_window+0x58>)
10004e9e:	0a23      	lsrs	r3, r4, #8
10004ea0:	f7ff fe30 	bl	10004b04 <cyw43_write_reg_u8>
10004ea4:	e7f6      	b.n	10004e94 <cyw43_set_backplane_window+0x24>
10004ea6:	0c23      	lsrs	r3, r4, #16
10004ea8:	2101      	movs	r1, #1
10004eaa:	0028      	movs	r0, r5
10004eac:	4a07      	ldr	r2, [pc, #28]	; (10004ecc <cyw43_set_backplane_window+0x5c>)
10004eae:	f7ff fe29 	bl	10004b04 <cyw43_write_reg_u8>
10004eb2:	68ab      	ldr	r3, [r5, #8]
10004eb4:	4063      	eors	r3, r4
10004eb6:	e7e9      	b.n	10004e8c <cyw43_set_backplane_window+0x1c>
10004eb8:	0e23      	lsrs	r3, r4, #24
10004eba:	2101      	movs	r1, #1
10004ebc:	4a04      	ldr	r2, [pc, #16]	; (10004ed0 <cyw43_set_backplane_window+0x60>)
10004ebe:	f7ff fe21 	bl	10004b04 <cyw43_write_reg_u8>
10004ec2:	68ab      	ldr	r3, [r5, #8]
10004ec4:	4063      	eors	r3, r4
10004ec6:	e7dd      	b.n	10004e84 <cyw43_set_backplane_window+0x14>
10004ec8:	0001000a 	.word	0x0001000a
10004ecc:	0001000b 	.word	0x0001000b
10004ed0:	0001000c 	.word	0x0001000c

10004ed4 <cyw43_ll_parse_async_event>:
10004ed4:	b5f0      	push	{r4, r5, r6, r7, lr}
10004ed6:	46c6      	mov	lr, r8
10004ed8:	3003      	adds	r0, #3
10004eda:	0883      	lsrs	r3, r0, #2
10004edc:	469c      	mov	ip, r3
10004ede:	b500      	push	{lr}
10004ee0:	1e8e      	subs	r6, r1, #2
10004ee2:	2b00      	cmp	r3, #0
10004ee4:	d01d      	beq.n	10004f22 <cyw43_ll_parse_async_event+0x4e>
10004ee6:	000b      	movs	r3, r1
10004ee8:	4333      	orrs	r3, r6
10004eea:	075b      	lsls	r3, r3, #29
10004eec:	d154      	bne.n	10004f98 <cyw43_ll_parse_async_event+0xc4>
10004eee:	4663      	mov	r3, ip
10004ef0:	3b01      	subs	r3, #1
10004ef2:	2b0a      	cmp	r3, #10
10004ef4:	d950      	bls.n	10004f98 <cyw43_ll_parse_async_event+0xc4>
10004ef6:	08c3      	lsrs	r3, r0, #3
10004ef8:	4698      	mov	r8, r3
10004efa:	4642      	mov	r2, r8
10004efc:	0030      	movs	r0, r6
10004efe:	000b      	movs	r3, r1
10004f00:	00d2      	lsls	r2, r2, #3
10004f02:	188f      	adds	r7, r1, r2
10004f04:	cb30      	ldmia	r3!, {r4, r5}
10004f06:	c030      	stmia	r0!, {r4, r5}
10004f08:	429f      	cmp	r7, r3
10004f0a:	d1fb      	bne.n	10004f04 <cyw43_ll_parse_async_event+0x30>
10004f0c:	4643      	mov	r3, r8
10004f0e:	18b4      	adds	r4, r6, r2
10004f10:	005f      	lsls	r7, r3, #1
10004f12:	188a      	adds	r2, r1, r2
10004f14:	45bc      	cmp	ip, r7
10004f16:	d004      	beq.n	10004f22 <cyw43_ll_parse_async_event+0x4e>
10004f18:	8853      	ldrh	r3, [r2, #2]
10004f1a:	8810      	ldrh	r0, [r2, #0]
10004f1c:	041b      	lsls	r3, r3, #16
10004f1e:	4303      	orrs	r3, r0
10004f20:	6023      	str	r3, [r4, #0]
10004f22:	0008      	movs	r0, r1
10004f24:	880b      	ldrh	r3, [r1, #0]
10004f26:	1d8a      	adds	r2, r1, #6
10004f28:	ba5b      	rev16	r3, r3
10004f2a:	8073      	strh	r3, [r6, #2]
10004f2c:	1c8b      	adds	r3, r1, #2
10004f2e:	681b      	ldr	r3, [r3, #0]
10004f30:	300a      	adds	r0, #10
10004f32:	ba1b      	rev	r3, r3
10004f34:	6073      	str	r3, [r6, #4]
10004f36:	6812      	ldr	r2, [r2, #0]
10004f38:	ba12      	rev	r2, r2
10004f3a:	60b2      	str	r2, [r6, #8]
10004f3c:	6800      	ldr	r0, [r0, #0]
10004f3e:	ba00      	rev	r0, r0
10004f40:	60f0      	str	r0, [r6, #12]
10004f42:	2b45      	cmp	r3, #69	; 0x45
10004f44:	d003      	beq.n	10004f4e <cyw43_ll_parse_async_event+0x7a>
10004f46:	0030      	movs	r0, r6
10004f48:	bc80      	pop	{r7}
10004f4a:	46b8      	mov	r8, r7
10004f4c:	bdf0      	pop	{r4, r5, r6, r7, pc}
10004f4e:	2a08      	cmp	r2, #8
10004f50:	d1f9      	bne.n	10004f46 <cyw43_ll_parse_async_event+0x72>
10004f52:	000b      	movs	r3, r1
10004f54:	000a      	movs	r2, r1
10004f56:	000c      	movs	r4, r1
10004f58:	32b2      	adds	r2, #178	; 0xb2
10004f5a:	33ae      	adds	r3, #174	; 0xae
10004f5c:	881b      	ldrh	r3, [r3, #0]
10004f5e:	6810      	ldr	r0, [r2, #0]
10004f60:	342e      	adds	r4, #46	; 0x2e
10004f62:	6925      	ldr	r5, [r4, #16]
10004f64:	181a      	adds	r2, r3, r0
10004f66:	42aa      	cmp	r2, r5
10004f68:	d822      	bhi.n	10004fb0 <cyw43_ll_parse_async_event+0xdc>
10004f6a:	313a      	adds	r1, #58	; 0x3a
10004f6c:	18c9      	adds	r1, r1, r3
10004f6e:	1808      	adds	r0, r1, r0
10004f70:	4281      	cmp	r1, r0
10004f72:	d24a      	bcs.n	1000500a <cyw43_ll_parse_async_event+0x136>
10004f74:	2700      	movs	r7, #0
10004f76:	2500      	movs	r5, #0
10004f78:	e004      	b.n	10004f84 <cyw43_ll_parse_async_event+0xb0>
10004f7a:	2add      	cmp	r2, #221	; 0xdd
10004f7c:	d01c      	beq.n	10004fb8 <cyw43_ll_parse_async_event+0xe4>
10004f7e:	18c9      	adds	r1, r1, r3
10004f80:	4288      	cmp	r0, r1
10004f82:	d92c      	bls.n	10004fde <cyw43_ll_parse_async_event+0x10a>
10004f84:	784b      	ldrb	r3, [r1, #1]
10004f86:	3302      	adds	r3, #2
10004f88:	18ca      	adds	r2, r1, r3
10004f8a:	4290      	cmp	r0, r2
10004f8c:	d3f7      	bcc.n	10004f7e <cyw43_ll_parse_async_event+0xaa>
10004f8e:	780a      	ldrb	r2, [r1, #0]
10004f90:	2a30      	cmp	r2, #48	; 0x30
10004f92:	d1f2      	bne.n	10004f7a <cyw43_ll_parse_async_event+0xa6>
10004f94:	000d      	movs	r5, r1
10004f96:	e7f2      	b.n	10004f7e <cyw43_ll_parse_async_event+0xaa>
10004f98:	4663      	mov	r3, ip
10004f9a:	0032      	movs	r2, r6
10004f9c:	0098      	lsls	r0, r3, #2
10004f9e:	1830      	adds	r0, r6, r0
10004fa0:	8893      	ldrh	r3, [r2, #4]
10004fa2:	8854      	ldrh	r4, [r2, #2]
10004fa4:	041b      	lsls	r3, r3, #16
10004fa6:	4323      	orrs	r3, r4
10004fa8:	c208      	stmia	r2!, {r3}
10004faa:	4282      	cmp	r2, r0
10004fac:	d1f8      	bne.n	10004fa0 <cyw43_ll_parse_async_event+0xcc>
10004fae:	e7b8      	b.n	10004f22 <cyw43_ll_parse_async_event+0x4e>
10004fb0:	2301      	movs	r3, #1
10004fb2:	425b      	negs	r3, r3
10004fb4:	60b3      	str	r3, [r6, #8]
10004fb6:	e7c6      	b.n	10004f46 <cyw43_ll_parse_async_event+0x72>
10004fb8:	1c8a      	adds	r2, r1, #2
10004fba:	4690      	mov	r8, r2
10004fbc:	788a      	ldrb	r2, [r1, #2]
10004fbe:	2a00      	cmp	r2, #0
10004fc0:	d1dd      	bne.n	10004f7e <cyw43_ll_parse_async_event+0xaa>
10004fc2:	4642      	mov	r2, r8
10004fc4:	7852      	ldrb	r2, [r2, #1]
10004fc6:	2a50      	cmp	r2, #80	; 0x50
10004fc8:	d1d9      	bne.n	10004f7e <cyw43_ll_parse_async_event+0xaa>
10004fca:	4642      	mov	r2, r8
10004fcc:	7892      	ldrb	r2, [r2, #2]
10004fce:	2af2      	cmp	r2, #242	; 0xf2
10004fd0:	d1d5      	bne.n	10004f7e <cyw43_ll_parse_async_event+0xaa>
10004fd2:	4642      	mov	r2, r8
10004fd4:	78d2      	ldrb	r2, [r2, #3]
10004fd6:	2a01      	cmp	r2, #1
10004fd8:	d1d1      	bne.n	10004f7e <cyw43_ll_parse_async_event+0xaa>
10004fda:	000f      	movs	r7, r1
10004fdc:	e7cf      	b.n	10004f7e <cyw43_ll_parse_async_event+0xaa>
10004fde:	2d00      	cmp	r5, #0
10004fe0:	d010      	beq.n	10005004 <cyw43_ll_parse_async_event+0x130>
10004fe2:	2306      	movs	r3, #6
10004fe4:	2204      	movs	r2, #4
10004fe6:	2f00      	cmp	r7, #0
10004fe8:	d00a      	beq.n	10005000 <cyw43_ll_parse_async_event+0x12c>
10004fea:	8ba2      	ldrh	r2, [r4, #28]
10004fec:	06d2      	lsls	r2, r2, #27
10004fee:	d501      	bpl.n	10004ff4 <cyw43_ll_parse_async_event+0x120>
10004ff0:	2201      	movs	r2, #1
10004ff2:	4313      	orrs	r3, r2
10004ff4:	2284      	movs	r2, #132	; 0x84
10004ff6:	5cb1      	ldrb	r1, [r6, r2]
10004ff8:	52b1      	strh	r1, [r6, r2]
10004ffa:	3204      	adds	r2, #4
10004ffc:	54b3      	strb	r3, [r6, r2]
10004ffe:	e7a2      	b.n	10004f46 <cyw43_ll_parse_async_event+0x72>
10005000:	0013      	movs	r3, r2
10005002:	e7f2      	b.n	10004fea <cyw43_ll_parse_async_event+0x116>
10005004:	2302      	movs	r3, #2
10005006:	2200      	movs	r2, #0
10005008:	e7ed      	b.n	10004fe6 <cyw43_ll_parse_async_event+0x112>
1000500a:	2300      	movs	r3, #0
1000500c:	e7ed      	b.n	10004fea <cyw43_ll_parse_async_event+0x116>
1000500e:	46c0      	nop			; (mov r8, r8)

10005010 <cyw43_kso_set>:
10005010:	b5f8      	push	{r3, r4, r5, r6, r7, lr}
10005012:	46ce      	mov	lr, r9
10005014:	4647      	mov	r7, r8
10005016:	0005      	movs	r5, r0
10005018:	4689      	mov	r9, r1
1000501a:	b580      	push	{r7, lr}
1000501c:	2900      	cmp	r1, #0
1000501e:	d032      	beq.n	10005086 <cyw43_kso_set+0x76>
10005020:	2301      	movs	r3, #1
10005022:	2101      	movs	r1, #1
10005024:	4a20      	ldr	r2, [pc, #128]	; (100050a8 <cyw43_kso_set+0x98>)
10005026:	f7ff fd6d 	bl	10004b04 <cyw43_write_reg_u8>
1000502a:	2301      	movs	r3, #1
1000502c:	2101      	movs	r1, #1
1000502e:	0028      	movs	r0, r5
10005030:	4a1d      	ldr	r2, [pc, #116]	; (100050a8 <cyw43_kso_set+0x98>)
10005032:	f7ff fd67 	bl	10004b04 <cyw43_write_reg_u8>
10005036:	2303      	movs	r3, #3
10005038:	2703      	movs	r7, #3
1000503a:	4698      	mov	r8, r3
1000503c:	2601      	movs	r6, #1
1000503e:	2440      	movs	r4, #64	; 0x40
10005040:	e00b      	b.n	1000505a <cyw43_kso_set+0x4a>
10005042:	2001      	movs	r0, #1
10005044:	f002 f97e 	bl	10007344 <cyw43_delay_ms>
10005048:	3c01      	subs	r4, #1
1000504a:	0033      	movs	r3, r6
1000504c:	2101      	movs	r1, #1
1000504e:	0028      	movs	r0, r5
10005050:	4a15      	ldr	r2, [pc, #84]	; (100050a8 <cyw43_kso_set+0x98>)
10005052:	f7ff fd57 	bl	10004b04 <cyw43_write_reg_u8>
10005056:	2c00      	cmp	r4, #0
10005058:	d010      	beq.n	1000507c <cyw43_kso_set+0x6c>
1000505a:	2101      	movs	r1, #1
1000505c:	0028      	movs	r0, r5
1000505e:	4a12      	ldr	r2, [pc, #72]	; (100050a8 <cyw43_kso_set+0x98>)
10005060:	f7ff fa0e 	bl	10004480 <cyw43_read_reg_u8>
10005064:	2800      	cmp	r0, #0
10005066:	dbec      	blt.n	10005042 <cyw43_kso_set+0x32>
10005068:	003b      	movs	r3, r7
1000506a:	4003      	ands	r3, r0
1000506c:	4543      	cmp	r3, r8
1000506e:	d1e8      	bne.n	10005042 <cyw43_kso_set+0x32>
10005070:	28ff      	cmp	r0, #255	; 0xff
10005072:	d0e6      	beq.n	10005042 <cyw43_kso_set+0x32>
10005074:	bcc0      	pop	{r6, r7}
10005076:	46b9      	mov	r9, r7
10005078:	46b0      	mov	r8, r6
1000507a:	bdf8      	pop	{r3, r4, r5, r6, r7, pc}
1000507c:	4649      	mov	r1, r9
1000507e:	480b      	ldr	r0, [pc, #44]	; (100050ac <cyw43_kso_set+0x9c>)
10005080:	f7fe fdd6 	bl	10003c30 <__wrap_printf>
10005084:	e7f6      	b.n	10005074 <cyw43_kso_set+0x64>
10005086:	2300      	movs	r3, #0
10005088:	2101      	movs	r1, #1
1000508a:	4a07      	ldr	r2, [pc, #28]	; (100050a8 <cyw43_kso_set+0x98>)
1000508c:	f7ff fd3a 	bl	10004b04 <cyw43_write_reg_u8>
10005090:	2300      	movs	r3, #0
10005092:	2101      	movs	r1, #1
10005094:	0028      	movs	r0, r5
10005096:	4a04      	ldr	r2, [pc, #16]	; (100050a8 <cyw43_kso_set+0x98>)
10005098:	f7ff fd34 	bl	10004b04 <cyw43_write_reg_u8>
1000509c:	2300      	movs	r3, #0
1000509e:	2701      	movs	r7, #1
100050a0:	4698      	mov	r8, r3
100050a2:	2600      	movs	r6, #0
100050a4:	e7cb      	b.n	1000503e <cyw43_kso_set+0x2e>
100050a6:	46c0      	nop			; (mov r8, r8)
100050a8:	0001001f 	.word	0x0001001f
100050ac:	10007ed4 	.word	0x10007ed4

100050b0 <cyw43_ll_sdpcm_poll_device>:
100050b0:	b5f0      	push	{r4, r5, r6, r7, lr}
100050b2:	46d6      	mov	lr, sl
100050b4:	464f      	mov	r7, r9
100050b6:	4646      	mov	r6, r8
100050b8:	b5c0      	push	{r6, r7, lr}
100050ba:	7cc3      	ldrb	r3, [r0, #19]
100050bc:	0005      	movs	r5, r0
100050be:	000f      	movs	r7, r1
100050c0:	4692      	mov	sl, r2
100050c2:	b082      	sub	sp, #8
100050c4:	2b00      	cmp	r3, #0
100050c6:	d104      	bne.n	100050d2 <cyw43_ll_sdpcm_poll_device+0x22>
100050c8:	6800      	ldr	r0, [r0, #0]
100050ca:	f001 fcb1 	bl	10006a30 <cyw43_cb_read_host_interrupt_pin>
100050ce:	2801      	cmp	r0, #1
100050d0:	d163      	bne.n	1000519a <cyw43_ll_sdpcm_poll_device+0xea>
100050d2:	0028      	movs	r0, r5
100050d4:	f001 fcb2 	bl	10006a3c <cyw43_cb_ensure_awake>
100050d8:	7cab      	ldrb	r3, [r5, #18]
100050da:	2b00      	cmp	r3, #0
100050dc:	d105      	bne.n	100050ea <cyw43_ll_sdpcm_poll_device+0x3a>
100050de:	2101      	movs	r1, #1
100050e0:	0028      	movs	r0, r5
100050e2:	f7ff ff95 	bl	10005010 <cyw43_kso_set>
100050e6:	2301      	movs	r3, #1
100050e8:	74ab      	strb	r3, [r5, #18]
100050ea:	7ceb      	ldrb	r3, [r5, #19]
100050ec:	2b00      	cmp	r3, #0
100050ee:	d061      	beq.n	100051b4 <cyw43_ll_sdpcm_poll_device+0x104>
100050f0:	24fa      	movs	r4, #250	; 0xfa
100050f2:	00a4      	lsls	r4, r4, #2
100050f4:	e002      	b.n	100050fc <cyw43_ll_sdpcm_poll_device+0x4c>
100050f6:	3c01      	subs	r4, #1
100050f8:	2c00      	cmp	r4, #0
100050fa:	d04e      	beq.n	1000519a <cyw43_ll_sdpcm_poll_device+0xea>
100050fc:	2208      	movs	r2, #8
100050fe:	2100      	movs	r1, #0
10005100:	0028      	movs	r0, r5
10005102:	f7ff f951 	bl	100043a8 <cyw43_read_reg_u32>
10005106:	1c43      	adds	r3, r0, #1
10005108:	d0f5      	beq.n	100050f6 <cyw43_ll_sdpcm_poll_device+0x46>
1000510a:	05c3      	lsls	r3, r0, #23
1000510c:	d543      	bpl.n	10005196 <cyw43_ll_sdpcm_poll_device+0xe6>
1000510e:	22c0      	movs	r2, #192	; 0xc0
10005110:	0303      	lsls	r3, r0, #12
10005112:	0d5b      	lsrs	r3, r3, #21
10005114:	1e59      	subs	r1, r3, #1
10005116:	00d2      	lsls	r2, r2, #3
10005118:	4291      	cmp	r1, r2
1000511a:	d300      	bcc.n	1000511e <cyw43_ll_sdpcm_poll_device+0x6e>
1000511c:	e0b1      	b.n	10005282 <cyw43_ll_sdpcm_poll_device+0x1d2>
1000511e:	0782      	lsls	r2, r0, #30
10005120:	d500      	bpl.n	10005124 <cyw43_ll_sdpcm_poll_device+0x74>
10005122:	e0ae      	b.n	10005282 <cyw43_ll_sdpcm_poll_device+0x1d2>
10005124:	002c      	movs	r4, r5
10005126:	3428      	adds	r4, #40	; 0x28
10005128:	2200      	movs	r2, #0
1000512a:	2102      	movs	r1, #2
1000512c:	0028      	movs	r0, r5
1000512e:	9400      	str	r4, [sp, #0]
10005130:	f7ff fdec 	bl	10004d0c <cyw43_read_bytes>
10005134:	2800      	cmp	r0, #0
10005136:	d126      	bne.n	10005186 <cyw43_ll_sdpcm_poll_device+0xd6>
10005138:	8d29      	ldrh	r1, [r5, #40]	; 0x28
1000513a:	8d6a      	ldrh	r2, [r5, #42]	; 0x2a
1000513c:	2900      	cmp	r1, #0
1000513e:	d028      	beq.n	10005192 <cyw43_ll_sdpcm_poll_device+0xe2>
10005140:	2301      	movs	r3, #1
10005142:	74eb      	strb	r3, [r5, #19]
10005144:	4b63      	ldr	r3, [pc, #396]	; (100052d4 <cyw43_ll_sdpcm_poll_device+0x224>)
10005146:	469c      	mov	ip, r3
10005148:	000b      	movs	r3, r1
1000514a:	4053      	eors	r3, r2
1000514c:	4563      	cmp	r3, ip
1000514e:	d000      	beq.n	10005152 <cyw43_ll_sdpcm_poll_device+0xa2>
10005150:	e09e      	b.n	10005290 <cyw43_ll_sdpcm_poll_device+0x1e0>
10005152:	43d2      	mvns	r2, r2
10005154:	b292      	uxth	r2, r2
10005156:	4291      	cmp	r1, r2
10005158:	d000      	beq.n	1000515c <cyw43_ll_sdpcm_poll_device+0xac>
1000515a:	e09f      	b.n	1000529c <cyw43_ll_sdpcm_poll_device+0x1ec>
1000515c:	290b      	cmp	r1, #11
1000515e:	d800      	bhi.n	10005162 <cyw43_ll_sdpcm_poll_device+0xb2>
10005160:	e0a2      	b.n	100052a8 <cyw43_ll_sdpcm_poll_device+0x1f8>
10005162:	7a23      	ldrb	r3, [r4, #8]
10005164:	73ab      	strb	r3, [r5, #14]
10005166:	230f      	movs	r3, #15
10005168:	7962      	ldrb	r2, [r4, #5]
1000516a:	4013      	ands	r3, r2
1000516c:	2b02      	cmp	r3, #2
1000516e:	d917      	bls.n	100051a0 <cyw43_ll_sdpcm_poll_device+0xf0>
10005170:	290c      	cmp	r1, #12
10005172:	d100      	bne.n	10005176 <cyw43_ll_sdpcm_poll_device+0xc6>
10005174:	e0a4      	b.n	100052c0 <cyw43_ll_sdpcm_poll_device+0x210>
10005176:	2b01      	cmp	r3, #1
10005178:	d058      	beq.n	1000522c <cyw43_ll_sdpcm_poll_device+0x17c>
1000517a:	2b02      	cmp	r3, #2
1000517c:	d035      	beq.n	100051ea <cyw43_ll_sdpcm_poll_device+0x13a>
1000517e:	2b00      	cmp	r3, #0
10005180:	d045      	beq.n	1000520e <cyw43_ll_sdpcm_poll_device+0x15e>
10005182:	200b      	movs	r0, #11
10005184:	4240      	negs	r0, r0
10005186:	b002      	add	sp, #8
10005188:	bce0      	pop	{r5, r6, r7}
1000518a:	46ba      	mov	sl, r7
1000518c:	46b1      	mov	r9, r6
1000518e:	46a8      	mov	r8, r5
10005190:	bdf0      	pop	{r4, r5, r6, r7, pc}
10005192:	2a00      	cmp	r2, #0
10005194:	d1d4      	bne.n	10005140 <cyw43_ll_sdpcm_poll_device+0x90>
10005196:	2300      	movs	r3, #0
10005198:	74eb      	strb	r3, [r5, #19]
1000519a:	2001      	movs	r0, #1
1000519c:	4240      	negs	r0, r0
1000519e:	e7f2      	b.n	10005186 <cyw43_ll_sdpcm_poll_device+0xd6>
100051a0:	7a62      	ldrb	r2, [r4, #9]
100051a2:	4694      	mov	ip, r2
100051a4:	4666      	mov	r6, ip
100051a6:	7b6a      	ldrb	r2, [r5, #13]
100051a8:	1ab2      	subs	r2, r6, r2
100051aa:	b2d2      	uxtb	r2, r2
100051ac:	2a14      	cmp	r2, #20
100051ae:	d8df      	bhi.n	10005170 <cyw43_ll_sdpcm_poll_device+0xc0>
100051b0:	736e      	strb	r6, [r5, #13]
100051b2:	e7dd      	b.n	10005170 <cyw43_ll_sdpcm_poll_device+0xc0>
100051b4:	2204      	movs	r2, #4
100051b6:	2100      	movs	r1, #0
100051b8:	0028      	movs	r0, r5
100051ba:	f7ff f92b 	bl	10004414 <cyw43_read_reg_u16>
100051be:	b283      	uxth	r3, r0
100051c0:	4698      	mov	r8, r3
100051c2:	4b45      	ldr	r3, [pc, #276]	; (100052d8 <cyw43_ll_sdpcm_poll_device+0x228>)
100051c4:	0400      	lsls	r0, r0, #16
100051c6:	4699      	mov	r9, r3
100051c8:	881b      	ldrh	r3, [r3, #0]
100051ca:	0c04      	lsrs	r4, r0, #16
100051cc:	4543      	cmp	r3, r8
100051ce:	d002      	beq.n	100051d6 <cyw43_ll_sdpcm_poll_device+0x126>
100051d0:	2386      	movs	r3, #134	; 0x86
100051d2:	4223      	tst	r3, r4
100051d4:	d14a      	bne.n	1000526c <cyw43_ll_sdpcm_poll_device+0x1bc>
100051d6:	4643      	mov	r3, r8
100051d8:	2b00      	cmp	r3, #0
100051da:	d14c      	bne.n	10005276 <cyw43_ll_sdpcm_poll_device+0x1c6>
100051dc:	464b      	mov	r3, r9
100051de:	4642      	mov	r2, r8
100051e0:	801a      	strh	r2, [r3, #0]
100051e2:	06a3      	lsls	r3, r4, #26
100051e4:	d500      	bpl.n	100051e8 <cyw43_ll_sdpcm_poll_device+0x138>
100051e6:	e783      	b.n	100050f0 <cyw43_ll_sdpcm_poll_device+0x40>
100051e8:	e7d7      	b.n	1000519a <cyw43_ll_sdpcm_poll_device+0xea>
100051ea:	2910      	cmp	r1, #16
100051ec:	d965      	bls.n	100052ba <cyw43_ll_sdpcm_poll_device+0x20a>
100051ee:	79e2      	ldrb	r2, [r4, #7]
100051f0:	2002      	movs	r0, #2
100051f2:	18a2      	adds	r2, r4, r2
100051f4:	78d3      	ldrb	r3, [r2, #3]
100051f6:	009b      	lsls	r3, r3, #2
100051f8:	3304      	adds	r3, #4
100051fa:	18d3      	adds	r3, r2, r3
100051fc:	1b1c      	subs	r4, r3, r4
100051fe:	1b0c      	subs	r4, r1, r4
10005200:	7891      	ldrb	r1, [r2, #2]
10005202:	4652      	mov	r2, sl
10005204:	07c9      	lsls	r1, r1, #31
10005206:	430c      	orrs	r4, r1
10005208:	603c      	str	r4, [r7, #0]
1000520a:	6013      	str	r3, [r2, #0]
1000520c:	e7bb      	b.n	10005186 <cyw43_ll_sdpcm_poll_device+0xd6>
1000520e:	291b      	cmp	r1, #27
10005210:	d95c      	bls.n	100052cc <cyw43_ll_sdpcm_poll_device+0x21c>
10005212:	79e3      	ldrb	r3, [r4, #7]
10005214:	8a2d      	ldrh	r5, [r5, #16]
10005216:	18e3      	adds	r3, r4, r3
10005218:	895a      	ldrh	r2, [r3, #10]
1000521a:	4295      	cmp	r5, r2
1000521c:	d14a      	bne.n	100052b4 <cyw43_ll_sdpcm_poll_device+0x204>
1000521e:	4652      	mov	r2, sl
10005220:	3310      	adds	r3, #16
10005222:	1b1c      	subs	r4, r3, r4
10005224:	1b0c      	subs	r4, r1, r4
10005226:	603c      	str	r4, [r7, #0]
10005228:	6013      	str	r3, [r2, #0]
1000522a:	e7ac      	b.n	10005186 <cyw43_ll_sdpcm_poll_device+0xd6>
1000522c:	2910      	cmp	r1, #16
1000522e:	d94a      	bls.n	100052c6 <cyw43_ll_sdpcm_poll_device+0x216>
10005230:	79e3      	ldrb	r3, [r4, #7]
10005232:	18e3      	adds	r3, r4, r3
10005234:	78da      	ldrb	r2, [r3, #3]
10005236:	0092      	lsls	r2, r2, #2
10005238:	3204      	adds	r2, #4
1000523a:	189b      	adds	r3, r3, r2
1000523c:	7b1a      	ldrb	r2, [r3, #12]
1000523e:	1b1c      	subs	r4, r3, r4
10005240:	1b09      	subs	r1, r1, r4
10005242:	2a88      	cmp	r2, #136	; 0x88
10005244:	d133      	bne.n	100052ae <cyw43_ll_sdpcm_poll_device+0x1fe>
10005246:	7b5a      	ldrb	r2, [r3, #13]
10005248:	2a6c      	cmp	r2, #108	; 0x6c
1000524a:	d130      	bne.n	100052ae <cyw43_ll_sdpcm_poll_device+0x1fe>
1000524c:	7cda      	ldrb	r2, [r3, #19]
1000524e:	2a00      	cmp	r2, #0
10005250:	d127      	bne.n	100052a2 <cyw43_ll_sdpcm_poll_device+0x1f2>
10005252:	7d1a      	ldrb	r2, [r3, #20]
10005254:	2a10      	cmp	r2, #16
10005256:	d124      	bne.n	100052a2 <cyw43_ll_sdpcm_poll_device+0x1f2>
10005258:	7d5a      	ldrb	r2, [r3, #21]
1000525a:	2a18      	cmp	r2, #24
1000525c:	d121      	bne.n	100052a2 <cyw43_ll_sdpcm_poll_device+0x1f2>
1000525e:	4652      	mov	r2, sl
10005260:	3918      	subs	r1, #24
10005262:	3318      	adds	r3, #24
10005264:	6039      	str	r1, [r7, #0]
10005266:	2001      	movs	r0, #1
10005268:	6013      	str	r3, [r2, #0]
1000526a:	e78c      	b.n	10005186 <cyw43_ll_sdpcm_poll_device+0xd6>
1000526c:	0021      	movs	r1, r4
1000526e:	481b      	ldr	r0, [pc, #108]	; (100052dc <cyw43_ll_sdpcm_poll_device+0x22c>)
10005270:	f7fe fcde 	bl	10003c30 <__wrap_printf>
10005274:	e7af      	b.n	100051d6 <cyw43_ll_sdpcm_poll_device+0x126>
10005276:	2204      	movs	r2, #4
10005278:	2100      	movs	r1, #0
1000527a:	0028      	movs	r0, r5
1000527c:	f7ff fb3e 	bl	100048fc <cyw43_write_reg_u16>
10005280:	e7ac      	b.n	100051dc <cyw43_ll_sdpcm_poll_device+0x12c>
10005282:	2301      	movs	r3, #1
10005284:	2101      	movs	r1, #1
10005286:	0028      	movs	r0, r5
10005288:	4a15      	ldr	r2, [pc, #84]	; (100052e0 <cyw43_ll_sdpcm_poll_device+0x230>)
1000528a:	f7ff fc3b 	bl	10004b04 <cyw43_write_reg_u8>
1000528e:	e782      	b.n	10005196 <cyw43_ll_sdpcm_poll_device+0xe6>
10005290:	4814      	ldr	r0, [pc, #80]	; (100052e4 <cyw43_ll_sdpcm_poll_device+0x234>)
10005292:	f7fe fccd 	bl	10003c30 <__wrap_printf>
10005296:	2001      	movs	r0, #1
10005298:	4240      	negs	r0, r0
1000529a:	e774      	b.n	10005186 <cyw43_ll_sdpcm_poll_device+0xd6>
1000529c:	2002      	movs	r0, #2
1000529e:	4240      	negs	r0, r0
100052a0:	e771      	b.n	10005186 <cyw43_ll_sdpcm_poll_device+0xd6>
100052a2:	200a      	movs	r0, #10
100052a4:	4240      	negs	r0, r0
100052a6:	e76e      	b.n	10005186 <cyw43_ll_sdpcm_poll_device+0xd6>
100052a8:	2003      	movs	r0, #3
100052aa:	4240      	negs	r0, r0
100052ac:	e76b      	b.n	10005186 <cyw43_ll_sdpcm_poll_device+0xd6>
100052ae:	2009      	movs	r0, #9
100052b0:	4240      	negs	r0, r0
100052b2:	e768      	b.n	10005186 <cyw43_ll_sdpcm_poll_device+0xd6>
100052b4:	2006      	movs	r0, #6
100052b6:	4240      	negs	r0, r0
100052b8:	e765      	b.n	10005186 <cyw43_ll_sdpcm_poll_device+0xd6>
100052ba:	2007      	movs	r0, #7
100052bc:	4240      	negs	r0, r0
100052be:	e762      	b.n	10005186 <cyw43_ll_sdpcm_poll_device+0xd6>
100052c0:	2004      	movs	r0, #4
100052c2:	4240      	negs	r0, r0
100052c4:	e75f      	b.n	10005186 <cyw43_ll_sdpcm_poll_device+0xd6>
100052c6:	2008      	movs	r0, #8
100052c8:	4240      	negs	r0, r0
100052ca:	e75c      	b.n	10005186 <cyw43_ll_sdpcm_poll_device+0xd6>
100052cc:	2005      	movs	r0, #5
100052ce:	4240      	negs	r0, r0
100052d0:	e759      	b.n	10005186 <cyw43_ll_sdpcm_poll_device+0xd6>
100052d2:	46c0      	nop			; (mov r8, r8)
100052d4:	0000ffff 	.word	0x0000ffff
100052d8:	200013f6 	.word	0x200013f6
100052dc:	10007ef8 	.word	0x10007ef8
100052e0:	0001000d 	.word	0x0001000d
100052e4:	10007f24 	.word	0x10007f24

100052e8 <cyw43_sdpcm_send_common>:
100052e8:	b5f0      	push	{r4, r5, r6, r7, lr}
100052ea:	46de      	mov	lr, fp
100052ec:	4657      	mov	r7, sl
100052ee:	464e      	mov	r6, r9
100052f0:	4645      	mov	r5, r8
100052f2:	0004      	movs	r4, r0
100052f4:	b5e0      	push	{r5, r6, r7, lr}
100052f6:	b085      	sub	sp, #20
100052f8:	469a      	mov	sl, r3
100052fa:	4689      	mov	r9, r1
100052fc:	4693      	mov	fp, r2
100052fe:	f001 fb9d 	bl	10006a3c <cyw43_cb_ensure_awake>
10005302:	7ca3      	ldrb	r3, [r4, #18]
10005304:	2b00      	cmp	r3, #0
10005306:	d105      	bne.n	10005314 <cyw43_sdpcm_send_common+0x2c>
10005308:	2101      	movs	r1, #1
1000530a:	0020      	movs	r0, r4
1000530c:	f7ff fe80 	bl	10005010 <cyw43_kso_set>
10005310:	2301      	movs	r3, #1
10005312:	74a3      	strb	r3, [r4, #18]
10005314:	7ba3      	ldrb	r3, [r4, #14]
10005316:	2b00      	cmp	r3, #0
10005318:	d024      	beq.n	10005364 <cyw43_sdpcm_send_common+0x7c>
1000531a:	4e2e      	ldr	r6, [pc, #184]	; (100053d4 <cyw43_sdpcm_send_common+0xec>)
1000531c:	4f2e      	ldr	r7, [pc, #184]	; (100053d8 <cyw43_sdpcm_send_common+0xf0>)
1000531e:	6ab3      	ldr	r3, [r6, #40]	; 0x28
10005320:	4698      	mov	r8, r3
10005322:	e00e      	b.n	10005342 <cyw43_sdpcm_send_common+0x5a>
10005324:	7ba1      	ldrb	r1, [r4, #14]
10005326:	2900      	cmp	r1, #0
10005328:	d103      	bne.n	10005332 <cyw43_sdpcm_send_common+0x4a>
1000532a:	7b23      	ldrb	r3, [r4, #12]
1000532c:	7b62      	ldrb	r2, [r4, #13]
1000532e:	429a      	cmp	r2, r3
10005330:	d11c      	bne.n	1000536c <cyw43_sdpcm_send_common+0x84>
10005332:	4643      	mov	r3, r8
10005334:	1aed      	subs	r5, r5, r3
10005336:	42bd      	cmp	r5, r7
10005338:	d843      	bhi.n	100053c2 <cyw43_sdpcm_send_common+0xda>
1000533a:	20fa      	movs	r0, #250	; 0xfa
1000533c:	0080      	lsls	r0, r0, #2
1000533e:	f001 ffd1 	bl	100072e4 <cyw43_await_background_or_timeout_us>
10005342:	0020      	movs	r0, r4
10005344:	aa03      	add	r2, sp, #12
10005346:	a902      	add	r1, sp, #8
10005348:	6ab5      	ldr	r5, [r6, #40]	; 0x28
1000534a:	f7ff feb1 	bl	100050b0 <cyw43_ll_sdpcm_poll_device>
1000534e:	2801      	cmp	r0, #1
10005350:	d1e8      	bne.n	10005324 <cyw43_sdpcm_send_common+0x3c>
10005352:	9903      	ldr	r1, [sp, #12]
10005354:	9802      	ldr	r0, [sp, #8]
10005356:	f7ff fdbd 	bl	10004ed4 <cyw43_ll_parse_async_event>
1000535a:	0001      	movs	r1, r0
1000535c:	0020      	movs	r0, r4
1000535e:	f001 fb73 	bl	10006a48 <cyw43_cb_process_async_event>
10005362:	e7df      	b.n	10005324 <cyw43_sdpcm_send_common+0x3c>
10005364:	7b23      	ldrb	r3, [r4, #12]
10005366:	7b62      	ldrb	r2, [r4, #13]
10005368:	429a      	cmp	r2, r3
1000536a:	d0d6      	beq.n	1000531a <cyw43_sdpcm_send_common+0x32>
1000536c:	465a      	mov	r2, fp
1000536e:	4651      	mov	r1, sl
10005370:	320c      	adds	r2, #12
10005372:	b292      	uxth	r2, r2
10005374:	800a      	strh	r2, [r1, #0]
10005376:	43d2      	mvns	r2, r2
10005378:	710b      	strb	r3, [r1, #4]
1000537a:	804a      	strh	r2, [r1, #2]
1000537c:	4652      	mov	r2, sl
1000537e:	4649      	mov	r1, r9
10005380:	7151      	strb	r1, [r2, #5]
10005382:	2200      	movs	r2, #0
10005384:	4651      	mov	r1, sl
10005386:	718a      	strb	r2, [r1, #6]
10005388:	4649      	mov	r1, r9
1000538a:	3902      	subs	r1, #2
1000538c:	4248      	negs	r0, r1
1000538e:	4141      	adcs	r1, r0
10005390:	4650      	mov	r0, sl
10005392:	0049      	lsls	r1, r1, #1
10005394:	310c      	adds	r1, #12
10005396:	3301      	adds	r3, #1
10005398:	71c1      	strb	r1, [r0, #7]
1000539a:	8102      	strh	r2, [r0, #8]
1000539c:	8142      	strh	r2, [r0, #10]
1000539e:	7323      	strb	r3, [r4, #12]
100053a0:	465b      	mov	r3, fp
100053a2:	3203      	adds	r2, #3
100053a4:	330f      	adds	r3, #15
100053a6:	4393      	bics	r3, r2
100053a8:	9000      	str	r0, [sp, #0]
100053aa:	2200      	movs	r2, #0
100053ac:	2102      	movs	r1, #2
100053ae:	0020      	movs	r0, r4
100053b0:	f7ff fce8 	bl	10004d84 <cyw43_write_bytes>
100053b4:	b005      	add	sp, #20
100053b6:	bcf0      	pop	{r4, r5, r6, r7}
100053b8:	46bb      	mov	fp, r7
100053ba:	46b2      	mov	sl, r6
100053bc:	46a9      	mov	r9, r5
100053be:	46a0      	mov	r8, r4
100053c0:	bdf0      	pop	{r4, r5, r6, r7, pc}
100053c2:	7b63      	ldrb	r3, [r4, #13]
100053c4:	7b22      	ldrb	r2, [r4, #12]
100053c6:	4805      	ldr	r0, [pc, #20]	; (100053dc <cyw43_sdpcm_send_common+0xf4>)
100053c8:	f7fe fc32 	bl	10003c30 <__wrap_printf>
100053cc:	2002      	movs	r0, #2
100053ce:	4240      	negs	r0, r0
100053d0:	e7f0      	b.n	100053b4 <cyw43_sdpcm_send_common+0xcc>
100053d2:	46c0      	nop			; (mov r8, r8)
100053d4:	40054000 	.word	0x40054000
100053d8:	000f4240 	.word	0x000f4240
100053dc:	10007f50 	.word	0x10007f50

100053e0 <cyw43_do_ioctl.part.0>:
100053e0:	b5f0      	push	{r4, r5, r6, r7, lr}
100053e2:	4657      	mov	r7, sl
100053e4:	464e      	mov	r6, r9
100053e6:	4645      	mov	r5, r8
100053e8:	46de      	mov	lr, fp
100053ea:	b5e0      	push	{r5, r6, r7, lr}
100053ec:	4e29      	ldr	r6, [pc, #164]	; (10005494 <cyw43_do_ioctl.part.0+0xb4>)
100053ee:	4692      	mov	sl, r2
100053f0:	6ab7      	ldr	r7, [r6, #40]	; 0x28
100053f2:	4698      	mov	r8, r3
100053f4:	4a28      	ldr	r2, [pc, #160]	; (10005498 <cyw43_do_ioctl.part.0+0xb8>)
100053f6:	6ab3      	ldr	r3, [r6, #40]	; 0x28
100053f8:	0005      	movs	r5, r0
100053fa:	4689      	mov	r9, r1
100053fc:	b083      	sub	sp, #12
100053fe:	1bdb      	subs	r3, r3, r7
10005400:	4293      	cmp	r3, r2
10005402:	d82e      	bhi.n	10005462 <cyw43_do_ioctl.part.0+0x82>
10005404:	4b25      	ldr	r3, [pc, #148]	; (1000549c <cyw43_do_ioctl.part.0+0xbc>)
10005406:	469b      	mov	fp, r3
10005408:	e010      	b.n	1000542c <cyw43_do_ioctl.part.0+0x4c>
1000540a:	2802      	cmp	r0, #2
1000540c:	d020      	beq.n	10005450 <cyw43_do_ioctl.part.0+0x70>
1000540e:	2800      	cmp	r0, #0
10005410:	db03      	blt.n	1000541a <cyw43_do_ioctl.part.0+0x3a>
10005412:	0001      	movs	r1, r0
10005414:	4658      	mov	r0, fp
10005416:	f7fe fc0b 	bl	10003c30 <__wrap_printf>
1000541a:	20fa      	movs	r0, #250	; 0xfa
1000541c:	0080      	lsls	r0, r0, #2
1000541e:	f001 ff61 	bl	100072e4 <cyw43_await_background_or_timeout_us>
10005422:	6ab3      	ldr	r3, [r6, #40]	; 0x28
10005424:	4a1c      	ldr	r2, [pc, #112]	; (10005498 <cyw43_do_ioctl.part.0+0xb8>)
10005426:	1bdb      	subs	r3, r3, r7
10005428:	4293      	cmp	r3, r2
1000542a:	d81a      	bhi.n	10005462 <cyw43_do_ioctl.part.0+0x82>
1000542c:	4669      	mov	r1, sp
1000542e:	0028      	movs	r0, r5
10005430:	aa01      	add	r2, sp, #4
10005432:	f7ff fe3d 	bl	100050b0 <cyw43_ll_sdpcm_poll_device>
10005436:	1e04      	subs	r4, r0, #0
10005438:	d023      	beq.n	10005482 <cyw43_do_ioctl.part.0+0xa2>
1000543a:	2801      	cmp	r0, #1
1000543c:	d1e5      	bne.n	1000540a <cyw43_do_ioctl.part.0+0x2a>
1000543e:	9901      	ldr	r1, [sp, #4]
10005440:	9800      	ldr	r0, [sp, #0]
10005442:	f7ff fd47 	bl	10004ed4 <cyw43_ll_parse_async_event>
10005446:	0001      	movs	r1, r0
10005448:	0028      	movs	r0, r5
1000544a:	f001 fafd 	bl	10006a48 <cyw43_cb_process_async_event>
1000544e:	e7e4      	b.n	1000541a <cyw43_do_ioctl.part.0+0x3a>
10005450:	9900      	ldr	r1, [sp, #0]
10005452:	9b01      	ldr	r3, [sp, #4]
10005454:	004a      	lsls	r2, r1, #1
10005456:	6828      	ldr	r0, [r5, #0]
10005458:	0852      	lsrs	r2, r2, #1
1000545a:	0fc9      	lsrs	r1, r1, #31
1000545c:	f001 ffa2 	bl	100073a4 <cyw43_cb_process_ethernet>
10005460:	e7db      	b.n	1000541a <cyw43_do_ioctl.part.0+0x3a>
10005462:	4643      	mov	r3, r8
10005464:	4652      	mov	r2, sl
10005466:	4649      	mov	r1, r9
10005468:	2402      	movs	r4, #2
1000546a:	480d      	ldr	r0, [pc, #52]	; (100054a0 <cyw43_do_ioctl.part.0+0xc0>)
1000546c:	f7fe fbe0 	bl	10003c30 <__wrap_printf>
10005470:	4264      	negs	r4, r4
10005472:	0020      	movs	r0, r4
10005474:	b003      	add	sp, #12
10005476:	bcf0      	pop	{r4, r5, r6, r7}
10005478:	46bb      	mov	fp, r7
1000547a:	46b2      	mov	sl, r6
1000547c:	46a9      	mov	r9, r5
1000547e:	46a0      	mov	r8, r4
10005480:	bdf0      	pop	{r4, r5, r6, r7, pc}
10005482:	9a00      	ldr	r2, [sp, #0]
10005484:	4542      	cmp	r2, r8
10005486:	d900      	bls.n	1000548a <cyw43_do_ioctl.part.0+0xaa>
10005488:	4642      	mov	r2, r8
1000548a:	9901      	ldr	r1, [sp, #4]
1000548c:	980c      	ldr	r0, [sp, #48]	; 0x30
1000548e:	f002 fa23 	bl	100078d8 <memmove>
10005492:	e7ee      	b.n	10005472 <cyw43_do_ioctl.part.0+0x92>
10005494:	40054000 	.word	0x40054000
10005498:	000f423f 	.word	0x000f423f
1000549c:	10007f74 	.word	0x10007f74
100054a0:	10007fa0 	.word	0x10007fa0

100054a4 <cyw43_download_resource>:
100054a4:	b5f0      	push	{r4, r5, r6, r7, lr}
100054a6:	4645      	mov	r5, r8
100054a8:	4690      	mov	r8, r2
100054aa:	2240      	movs	r2, #64	; 0x40
100054ac:	4657      	mov	r7, sl
100054ae:	464e      	mov	r6, r9
100054b0:	46de      	mov	lr, fp
100054b2:	4691      	mov	r9, r2
100054b4:	3a80      	subs	r2, #128	; 0x80
100054b6:	4693      	mov	fp, r2
100054b8:	4692      	mov	sl, r2
100054ba:	b5e0      	push	{r5, r6, r7, lr}
100054bc:	0007      	movs	r7, r0
100054be:	2640      	movs	r6, #64	; 0x40
100054c0:	b083      	sub	sp, #12
100054c2:	448b      	add	fp, r1
100054c4:	449a      	add	sl, r3
100054c6:	465b      	mov	r3, fp
100054c8:	199c      	adds	r4, r3, r6
100054ca:	68bb      	ldr	r3, [r7, #8]
100054cc:	0be5      	lsrs	r5, r4, #15
100054ce:	03ed      	lsls	r5, r5, #15
100054d0:	429d      	cmp	r5, r3
100054d2:	d00b      	beq.n	100054ec <cyw43_download_resource+0x48>
100054d4:	406b      	eors	r3, r5
100054d6:	0e1a      	lsrs	r2, r3, #24
100054d8:	d136      	bne.n	10005548 <cyw43_download_resource+0xa4>
100054da:	22ff      	movs	r2, #255	; 0xff
100054dc:	0412      	lsls	r2, r2, #16
100054de:	4213      	tst	r3, r2
100054e0:	d129      	bne.n	10005536 <cyw43_download_resource+0x92>
100054e2:	22ff      	movs	r2, #255	; 0xff
100054e4:	0212      	lsls	r2, r2, #8
100054e6:	4213      	tst	r3, r2
100054e8:	d11e      	bne.n	10005528 <cyw43_download_resource+0x84>
100054ea:	60bd      	str	r5, [r7, #8]
100054ec:	0462      	lsls	r2, r4, #17
100054ee:	4653      	mov	r3, sl
100054f0:	2480      	movs	r4, #128	; 0x80
100054f2:	199b      	adds	r3, r3, r6
100054f4:	0c52      	lsrs	r2, r2, #17
100054f6:	0224      	lsls	r4, r4, #8
100054f8:	9300      	str	r3, [sp, #0]
100054fa:	2101      	movs	r1, #1
100054fc:	464b      	mov	r3, r9
100054fe:	0038      	movs	r0, r7
10005500:	4322      	orrs	r2, r4
10005502:	f7ff fc3f 	bl	10004d84 <cyw43_write_bytes>
10005506:	2800      	cmp	r0, #0
10005508:	d127      	bne.n	1000555a <cyw43_download_resource+0xb6>
1000550a:	45b0      	cmp	r8, r6
1000550c:	d925      	bls.n	1000555a <cyw43_download_resource+0xb6>
1000550e:	0033      	movs	r3, r6
10005510:	2240      	movs	r2, #64	; 0x40
10005512:	3340      	adds	r3, #64	; 0x40
10005514:	4691      	mov	r9, r2
10005516:	4543      	cmp	r3, r8
10005518:	d801      	bhi.n	1000551e <cyw43_download_resource+0x7a>
1000551a:	001e      	movs	r6, r3
1000551c:	e7d3      	b.n	100054c6 <cyw43_download_resource+0x22>
1000551e:	4642      	mov	r2, r8
10005520:	1b92      	subs	r2, r2, r6
10005522:	4691      	mov	r9, r2
10005524:	001e      	movs	r6, r3
10005526:	e7ce      	b.n	100054c6 <cyw43_download_resource+0x22>
10005528:	2101      	movs	r1, #1
1000552a:	0038      	movs	r0, r7
1000552c:	4a0e      	ldr	r2, [pc, #56]	; (10005568 <cyw43_download_resource+0xc4>)
1000552e:	0a2b      	lsrs	r3, r5, #8
10005530:	f7ff fae8 	bl	10004b04 <cyw43_write_reg_u8>
10005534:	e7d9      	b.n	100054ea <cyw43_download_resource+0x46>
10005536:	0c2b      	lsrs	r3, r5, #16
10005538:	2101      	movs	r1, #1
1000553a:	0038      	movs	r0, r7
1000553c:	4a0b      	ldr	r2, [pc, #44]	; (1000556c <cyw43_download_resource+0xc8>)
1000553e:	f7ff fae1 	bl	10004b04 <cyw43_write_reg_u8>
10005542:	68bb      	ldr	r3, [r7, #8]
10005544:	406b      	eors	r3, r5
10005546:	e7cc      	b.n	100054e2 <cyw43_download_resource+0x3e>
10005548:	2300      	movs	r3, #0
1000554a:	2101      	movs	r1, #1
1000554c:	0038      	movs	r0, r7
1000554e:	4a08      	ldr	r2, [pc, #32]	; (10005570 <cyw43_download_resource+0xcc>)
10005550:	f7ff fad8 	bl	10004b04 <cyw43_write_reg_u8>
10005554:	68bb      	ldr	r3, [r7, #8]
10005556:	406b      	eors	r3, r5
10005558:	e7bf      	b.n	100054da <cyw43_download_resource+0x36>
1000555a:	b003      	add	sp, #12
1000555c:	bcf0      	pop	{r4, r5, r6, r7}
1000555e:	46bb      	mov	fp, r7
10005560:	46b2      	mov	sl, r6
10005562:	46a9      	mov	r9, r5
10005564:	46a0      	mov	r8, r4
10005566:	bdf0      	pop	{r4, r5, r6, r7, pc}
10005568:	0001000a 	.word	0x0001000a
1000556c:	0001000b 	.word	0x0001000b
10005570:	0001000c 	.word	0x0001000c

10005574 <cyw43_write_iovar_n>:
10005574:	b5f0      	push	{r4, r5, r6, r7, lr}
10005576:	46ce      	mov	lr, r9
10005578:	4647      	mov	r7, r8
1000557a:	b580      	push	{r7, lr}
1000557c:	0006      	movs	r6, r0
1000557e:	b083      	sub	sp, #12
10005580:	0004      	movs	r4, r0
10005582:	0008      	movs	r0, r1
10005584:	4699      	mov	r9, r3
10005586:	4688      	mov	r8, r1
10005588:	0017      	movs	r7, r2
1000558a:	f002 f9fb 	bl	10007984 <strlen>
1000558e:	3644      	adds	r6, #68	; 0x44
10005590:	1c45      	adds	r5, r0, #1
10005592:	003a      	movs	r2, r7
10005594:	4649      	mov	r1, r9
10005596:	1970      	adds	r0, r6, r5
10005598:	f002 f99e 	bl	100078d8 <memmove>
1000559c:	002a      	movs	r2, r5
1000559e:	4641      	mov	r1, r8
100055a0:	0030      	movs	r0, r6
100055a2:	19ed      	adds	r5, r5, r7
100055a4:	f7fc fe56 	bl	10002254 <__wrap___aeabi_memcpy>
100055a8:	002a      	movs	r2, r5
100055aa:	2380      	movs	r3, #128	; 0x80
100055ac:	321c      	adds	r2, #28
100055ae:	011b      	lsls	r3, r3, #4
100055b0:	429a      	cmp	r2, r3
100055b2:	d820      	bhi.n	100055f6 <cyw43_write_iovar_n+0x82>
100055b4:	8a21      	ldrh	r1, [r4, #16]
100055b6:	9b0a      	ldr	r3, [sp, #40]	; 0x28
100055b8:	3101      	adds	r1, #1
100055ba:	b289      	uxth	r1, r1
100055bc:	031b      	lsls	r3, r3, #12
100055be:	8221      	strh	r1, [r4, #16]
100055c0:	0409      	lsls	r1, r1, #16
100055c2:	4319      	orrs	r1, r3
100055c4:	2302      	movs	r3, #2
100055c6:	4319      	orrs	r1, r3
100055c8:	2300      	movs	r3, #0
100055ca:	2708      	movs	r7, #8
100055cc:	6423      	str	r3, [r4, #64]	; 0x40
100055ce:	0023      	movs	r3, r4
100055d0:	37ff      	adds	r7, #255	; 0xff
100055d2:	63e1      	str	r1, [r4, #60]	; 0x3c
100055d4:	0020      	movs	r0, r4
100055d6:	2100      	movs	r1, #0
100055d8:	6367      	str	r7, [r4, #52]	; 0x34
100055da:	63a5      	str	r5, [r4, #56]	; 0x38
100055dc:	3328      	adds	r3, #40	; 0x28
100055de:	3a0c      	subs	r2, #12
100055e0:	f7ff fe82 	bl	100052e8 <cyw43_sdpcm_send_common>
100055e4:	2800      	cmp	r0, #0
100055e6:	d106      	bne.n	100055f6 <cyw43_write_iovar_n+0x82>
100055e8:	002b      	movs	r3, r5
100055ea:	003a      	movs	r2, r7
100055ec:	2102      	movs	r1, #2
100055ee:	0020      	movs	r0, r4
100055f0:	9600      	str	r6, [sp, #0]
100055f2:	f7ff fef5 	bl	100053e0 <cyw43_do_ioctl.part.0>
100055f6:	b003      	add	sp, #12
100055f8:	bcc0      	pop	{r6, r7}
100055fa:	46b9      	mov	r9, r7
100055fc:	46b0      	mov	r8, r6
100055fe:	bdf0      	pop	{r4, r5, r6, r7, pc}

10005600 <cyw43_write_iovar_u32>:
10005600:	b5f0      	push	{r4, r5, r6, r7, lr}
10005602:	46d6      	mov	lr, sl
10005604:	464f      	mov	r7, r9
10005606:	4646      	mov	r6, r8
10005608:	b5c0      	push	{r6, r7, lr}
1000560a:	0004      	movs	r4, r0
1000560c:	0006      	movs	r6, r0
1000560e:	b082      	sub	sp, #8
10005610:	0008      	movs	r0, r1
10005612:	0017      	movs	r7, r2
10005614:	468a      	mov	sl, r1
10005616:	4699      	mov	r9, r3
10005618:	f002 f9b4 	bl	10007984 <strlen>
1000561c:	1c43      	adds	r3, r0, #1
1000561e:	4698      	mov	r8, r3
10005620:	3644      	adds	r6, #68	; 0x44
10005622:	0005      	movs	r5, r0
10005624:	001a      	movs	r2, r3
10005626:	4651      	mov	r1, sl
10005628:	0030      	movs	r0, r6
1000562a:	f7fc fe13 	bl	10002254 <__wrap___aeabi_memcpy>
1000562e:	4643      	mov	r3, r8
10005630:	18f2      	adds	r2, r6, r3
10005632:	0a3b      	lsrs	r3, r7, #8
10005634:	7017      	strb	r7, [r2, #0]
10005636:	7053      	strb	r3, [r2, #1]
10005638:	0c3b      	lsrs	r3, r7, #16
1000563a:	0e3f      	lsrs	r7, r7, #24
1000563c:	7093      	strb	r3, [r2, #2]
1000563e:	70d7      	strb	r7, [r2, #3]
10005640:	002a      	movs	r2, r5
10005642:	2380      	movs	r3, #128	; 0x80
10005644:	3221      	adds	r2, #33	; 0x21
10005646:	1d6f      	adds	r7, r5, #5
10005648:	011b      	lsls	r3, r3, #4
1000564a:	429a      	cmp	r2, r3
1000564c:	d823      	bhi.n	10005696 <cyw43_write_iovar_u32+0x96>
1000564e:	2308      	movs	r3, #8
10005650:	33ff      	adds	r3, #255	; 0xff
10005652:	4698      	mov	r8, r3
10005654:	6363      	str	r3, [r4, #52]	; 0x34
10005656:	043b      	lsls	r3, r7, #16
10005658:	0c1b      	lsrs	r3, r3, #16
1000565a:	63a3      	str	r3, [r4, #56]	; 0x38
1000565c:	464b      	mov	r3, r9
1000565e:	8a21      	ldrh	r1, [r4, #16]
10005660:	031b      	lsls	r3, r3, #12
10005662:	3101      	adds	r1, #1
10005664:	b289      	uxth	r1, r1
10005666:	8221      	strh	r1, [r4, #16]
10005668:	0409      	lsls	r1, r1, #16
1000566a:	4319      	orrs	r1, r3
1000566c:	2302      	movs	r3, #2
1000566e:	4319      	orrs	r1, r3
10005670:	2300      	movs	r3, #0
10005672:	6423      	str	r3, [r4, #64]	; 0x40
10005674:	0023      	movs	r3, r4
10005676:	63e1      	str	r1, [r4, #60]	; 0x3c
10005678:	0020      	movs	r0, r4
1000567a:	2100      	movs	r1, #0
1000567c:	3a0c      	subs	r2, #12
1000567e:	3328      	adds	r3, #40	; 0x28
10005680:	f7ff fe32 	bl	100052e8 <cyw43_sdpcm_send_common>
10005684:	2800      	cmp	r0, #0
10005686:	d106      	bne.n	10005696 <cyw43_write_iovar_u32+0x96>
10005688:	003b      	movs	r3, r7
1000568a:	4642      	mov	r2, r8
1000568c:	2102      	movs	r1, #2
1000568e:	0020      	movs	r0, r4
10005690:	9600      	str	r6, [sp, #0]
10005692:	f7ff fea5 	bl	100053e0 <cyw43_do_ioctl.part.0>
10005696:	b002      	add	sp, #8
10005698:	bce0      	pop	{r5, r6, r7}
1000569a:	46ba      	mov	sl, r7
1000569c:	46b1      	mov	r9, r6
1000569e:	46a8      	mov	r8, r5
100056a0:	bdf0      	pop	{r4, r5, r6, r7, pc}
100056a2:	46c0      	nop			; (mov r8, r8)

100056a4 <cyw43_read_backplane.constprop.0>:
100056a4:	6883      	ldr	r3, [r0, #8]
100056a6:	b570      	push	{r4, r5, r6, lr}
100056a8:	0bce      	lsrs	r6, r1, #15
100056aa:	0004      	movs	r4, r0
100056ac:	000d      	movs	r5, r1
100056ae:	03f6      	lsls	r6, r6, #15
100056b0:	429e      	cmp	r6, r3
100056b2:	d00b      	beq.n	100056cc <cyw43_read_backplane.constprop.0+0x28>
100056b4:	4073      	eors	r3, r6
100056b6:	0e1a      	lsrs	r2, r3, #24
100056b8:	d137      	bne.n	1000572a <cyw43_read_backplane.constprop.0+0x86>
100056ba:	22ff      	movs	r2, #255	; 0xff
100056bc:	0412      	lsls	r2, r2, #16
100056be:	4213      	tst	r3, r2
100056c0:	d12a      	bne.n	10005718 <cyw43_read_backplane.constprop.0+0x74>
100056c2:	22ff      	movs	r2, #255	; 0xff
100056c4:	0212      	lsls	r2, r2, #8
100056c6:	4213      	tst	r3, r2
100056c8:	d11f      	bne.n	1000570a <cyw43_read_backplane.constprop.0+0x66>
100056ca:	60a6      	str	r6, [r4, #8]
100056cc:	046a      	lsls	r2, r5, #17
100056ce:	2580      	movs	r5, #128	; 0x80
100056d0:	0c52      	lsrs	r2, r2, #17
100056d2:	022d      	lsls	r5, r5, #8
100056d4:	432a      	orrs	r2, r5
100056d6:	2101      	movs	r1, #1
100056d8:	0020      	movs	r0, r4
100056da:	f7fe fed1 	bl	10004480 <cyw43_read_reg_u8>
100056de:	25c0      	movs	r5, #192	; 0xc0
100056e0:	68a3      	ldr	r3, [r4, #8]
100056e2:	0006      	movs	r6, r0
100056e4:	056d      	lsls	r5, r5, #21
100056e6:	42ab      	cmp	r3, r5
100056e8:	d00d      	beq.n	10005706 <cyw43_read_backplane.constprop.0+0x62>
100056ea:	406b      	eors	r3, r5
100056ec:	0e1a      	lsrs	r2, r3, #24
100056ee:	d138      	bne.n	10005762 <cyw43_read_backplane.constprop.0+0xbe>
100056f0:	22ff      	movs	r2, #255	; 0xff
100056f2:	0412      	lsls	r2, r2, #16
100056f4:	4213      	tst	r3, r2
100056f6:	d128      	bne.n	1000574a <cyw43_read_backplane.constprop.0+0xa6>
100056f8:	22ff      	movs	r2, #255	; 0xff
100056fa:	0212      	lsls	r2, r2, #8
100056fc:	4213      	tst	r3, r2
100056fe:	d11c      	bne.n	1000573a <cyw43_read_backplane.constprop.0+0x96>
10005700:	23c0      	movs	r3, #192	; 0xc0
10005702:	055b      	lsls	r3, r3, #21
10005704:	60a3      	str	r3, [r4, #8]
10005706:	0030      	movs	r0, r6
10005708:	bd70      	pop	{r4, r5, r6, pc}
1000570a:	2101      	movs	r1, #1
1000570c:	0020      	movs	r0, r4
1000570e:	4a19      	ldr	r2, [pc, #100]	; (10005774 <cyw43_read_backplane.constprop.0+0xd0>)
10005710:	0a33      	lsrs	r3, r6, #8
10005712:	f7ff f9f7 	bl	10004b04 <cyw43_write_reg_u8>
10005716:	e7d8      	b.n	100056ca <cyw43_read_backplane.constprop.0+0x26>
10005718:	0c33      	lsrs	r3, r6, #16
1000571a:	2101      	movs	r1, #1
1000571c:	0020      	movs	r0, r4
1000571e:	4a16      	ldr	r2, [pc, #88]	; (10005778 <cyw43_read_backplane.constprop.0+0xd4>)
10005720:	f7ff f9f0 	bl	10004b04 <cyw43_write_reg_u8>
10005724:	68a3      	ldr	r3, [r4, #8]
10005726:	4073      	eors	r3, r6
10005728:	e7cb      	b.n	100056c2 <cyw43_read_backplane.constprop.0+0x1e>
1000572a:	0e33      	lsrs	r3, r6, #24
1000572c:	2101      	movs	r1, #1
1000572e:	4a13      	ldr	r2, [pc, #76]	; (1000577c <cyw43_read_backplane.constprop.0+0xd8>)
10005730:	f7ff f9e8 	bl	10004b04 <cyw43_write_reg_u8>
10005734:	68a3      	ldr	r3, [r4, #8]
10005736:	4073      	eors	r3, r6
10005738:	e7bf      	b.n	100056ba <cyw43_read_backplane.constprop.0+0x16>
1000573a:	23c0      	movs	r3, #192	; 0xc0
1000573c:	2101      	movs	r1, #1
1000573e:	0020      	movs	r0, r4
10005740:	4a0c      	ldr	r2, [pc, #48]	; (10005774 <cyw43_read_backplane.constprop.0+0xd0>)
10005742:	035b      	lsls	r3, r3, #13
10005744:	f7ff f9de 	bl	10004b04 <cyw43_write_reg_u8>
10005748:	e7da      	b.n	10005700 <cyw43_read_backplane.constprop.0+0x5c>
1000574a:	23c0      	movs	r3, #192	; 0xc0
1000574c:	4a0a      	ldr	r2, [pc, #40]	; (10005778 <cyw43_read_backplane.constprop.0+0xd4>)
1000574e:	015b      	lsls	r3, r3, #5
10005750:	2101      	movs	r1, #1
10005752:	0020      	movs	r0, r4
10005754:	f7ff f9d6 	bl	10004b04 <cyw43_write_reg_u8>
10005758:	23c0      	movs	r3, #192	; 0xc0
1000575a:	68a2      	ldr	r2, [r4, #8]
1000575c:	055b      	lsls	r3, r3, #21
1000575e:	4053      	eors	r3, r2
10005760:	e7ca      	b.n	100056f8 <cyw43_read_backplane.constprop.0+0x54>
10005762:	2318      	movs	r3, #24
10005764:	2101      	movs	r1, #1
10005766:	0020      	movs	r0, r4
10005768:	4a04      	ldr	r2, [pc, #16]	; (1000577c <cyw43_read_backplane.constprop.0+0xd8>)
1000576a:	f7ff f9cb 	bl	10004b04 <cyw43_write_reg_u8>
1000576e:	68a3      	ldr	r3, [r4, #8]
10005770:	406b      	eors	r3, r5
10005772:	e7bd      	b.n	100056f0 <cyw43_read_backplane.constprop.0+0x4c>
10005774:	0001000a 	.word	0x0001000a
10005778:	0001000b 	.word	0x0001000b
1000577c:	0001000c 	.word	0x0001000c

10005780 <cyw43_write_backplane>:
10005780:	b5f0      	push	{r4, r5, r6, r7, lr}
10005782:	46c6      	mov	lr, r8
10005784:	0bcf      	lsrs	r7, r1, #15
10005786:	000d      	movs	r5, r1
10005788:	6881      	ldr	r1, [r0, #8]
1000578a:	0004      	movs	r4, r0
1000578c:	4690      	mov	r8, r2
1000578e:	001e      	movs	r6, r3
10005790:	b500      	push	{lr}
10005792:	03ff      	lsls	r7, r7, #15
10005794:	428f      	cmp	r7, r1
10005796:	d00b      	beq.n	100057b0 <cyw43_write_backplane+0x30>
10005798:	4079      	eors	r1, r7
1000579a:	0e0b      	lsrs	r3, r1, #24
1000579c:	d164      	bne.n	10005868 <cyw43_write_backplane+0xe8>
1000579e:	23ff      	movs	r3, #255	; 0xff
100057a0:	041b      	lsls	r3, r3, #16
100057a2:	4219      	tst	r1, r3
100057a4:	d157      	bne.n	10005856 <cyw43_write_backplane+0xd6>
100057a6:	23ff      	movs	r3, #255	; 0xff
100057a8:	021b      	lsls	r3, r3, #8
100057aa:	4219      	tst	r1, r3
100057ac:	d123      	bne.n	100057f6 <cyw43_write_backplane+0x76>
100057ae:	60a7      	str	r7, [r4, #8]
100057b0:	2280      	movs	r2, #128	; 0x80
100057b2:	4643      	mov	r3, r8
100057b4:	046d      	lsls	r5, r5, #17
100057b6:	0c6d      	lsrs	r5, r5, #17
100057b8:	0212      	lsls	r2, r2, #8
100057ba:	432a      	orrs	r2, r5
100057bc:	2b01      	cmp	r3, #1
100057be:	d021      	beq.n	10005804 <cyw43_write_backplane+0x84>
100057c0:	0033      	movs	r3, r6
100057c2:	2101      	movs	r1, #1
100057c4:	0020      	movs	r0, r4
100057c6:	f7fe ff95 	bl	100046f4 <cyw43_write_reg_u32>
100057ca:	25c0      	movs	r5, #192	; 0xc0
100057cc:	68a3      	ldr	r3, [r4, #8]
100057ce:	056d      	lsls	r5, r5, #21
100057d0:	42ab      	cmp	r3, r5
100057d2:	d00d      	beq.n	100057f0 <cyw43_write_backplane+0x70>
100057d4:	406b      	eors	r3, r5
100057d6:	0e1a      	lsrs	r2, r3, #24
100057d8:	d11a      	bne.n	10005810 <cyw43_write_backplane+0x90>
100057da:	22ff      	movs	r2, #255	; 0xff
100057dc:	0412      	lsls	r2, r2, #16
100057de:	4213      	tst	r3, r2
100057e0:	d122      	bne.n	10005828 <cyw43_write_backplane+0xa8>
100057e2:	22ff      	movs	r2, #255	; 0xff
100057e4:	0212      	lsls	r2, r2, #8
100057e6:	4213      	tst	r3, r2
100057e8:	d12d      	bne.n	10005846 <cyw43_write_backplane+0xc6>
100057ea:	23c0      	movs	r3, #192	; 0xc0
100057ec:	055b      	lsls	r3, r3, #21
100057ee:	60a3      	str	r3, [r4, #8]
100057f0:	bc80      	pop	{r7}
100057f2:	46b8      	mov	r8, r7
100057f4:	bdf0      	pop	{r4, r5, r6, r7, pc}
100057f6:	2101      	movs	r1, #1
100057f8:	0020      	movs	r0, r4
100057fa:	4a1f      	ldr	r2, [pc, #124]	; (10005878 <cyw43_write_backplane+0xf8>)
100057fc:	0a3b      	lsrs	r3, r7, #8
100057fe:	f7ff f981 	bl	10004b04 <cyw43_write_reg_u8>
10005802:	e7d4      	b.n	100057ae <cyw43_write_backplane+0x2e>
10005804:	0033      	movs	r3, r6
10005806:	2101      	movs	r1, #1
10005808:	0020      	movs	r0, r4
1000580a:	f7ff f97b 	bl	10004b04 <cyw43_write_reg_u8>
1000580e:	e7dc      	b.n	100057ca <cyw43_write_backplane+0x4a>
10005810:	2318      	movs	r3, #24
10005812:	4a1a      	ldr	r2, [pc, #104]	; (1000587c <cyw43_write_backplane+0xfc>)
10005814:	2101      	movs	r1, #1
10005816:	0020      	movs	r0, r4
10005818:	f7ff f974 	bl	10004b04 <cyw43_write_reg_u8>
1000581c:	22ff      	movs	r2, #255	; 0xff
1000581e:	68a3      	ldr	r3, [r4, #8]
10005820:	0412      	lsls	r2, r2, #16
10005822:	406b      	eors	r3, r5
10005824:	4213      	tst	r3, r2
10005826:	d0dc      	beq.n	100057e2 <cyw43_write_backplane+0x62>
10005828:	23c0      	movs	r3, #192	; 0xc0
1000582a:	4a15      	ldr	r2, [pc, #84]	; (10005880 <cyw43_write_backplane+0x100>)
1000582c:	015b      	lsls	r3, r3, #5
1000582e:	2101      	movs	r1, #1
10005830:	0020      	movs	r0, r4
10005832:	f7ff f967 	bl	10004b04 <cyw43_write_reg_u8>
10005836:	23c0      	movs	r3, #192	; 0xc0
10005838:	68a2      	ldr	r2, [r4, #8]
1000583a:	055b      	lsls	r3, r3, #21
1000583c:	4053      	eors	r3, r2
1000583e:	22ff      	movs	r2, #255	; 0xff
10005840:	0212      	lsls	r2, r2, #8
10005842:	4213      	tst	r3, r2
10005844:	d0d1      	beq.n	100057ea <cyw43_write_backplane+0x6a>
10005846:	23c0      	movs	r3, #192	; 0xc0
10005848:	2101      	movs	r1, #1
1000584a:	0020      	movs	r0, r4
1000584c:	4a0a      	ldr	r2, [pc, #40]	; (10005878 <cyw43_write_backplane+0xf8>)
1000584e:	035b      	lsls	r3, r3, #13
10005850:	f7ff f958 	bl	10004b04 <cyw43_write_reg_u8>
10005854:	e7c9      	b.n	100057ea <cyw43_write_backplane+0x6a>
10005856:	2101      	movs	r1, #1
10005858:	0020      	movs	r0, r4
1000585a:	4a09      	ldr	r2, [pc, #36]	; (10005880 <cyw43_write_backplane+0x100>)
1000585c:	0c3b      	lsrs	r3, r7, #16
1000585e:	f7ff f951 	bl	10004b04 <cyw43_write_reg_u8>
10005862:	68a1      	ldr	r1, [r4, #8]
10005864:	4079      	eors	r1, r7
10005866:	e79e      	b.n	100057a6 <cyw43_write_backplane+0x26>
10005868:	2101      	movs	r1, #1
1000586a:	4a04      	ldr	r2, [pc, #16]	; (1000587c <cyw43_write_backplane+0xfc>)
1000586c:	0e3b      	lsrs	r3, r7, #24
1000586e:	f7ff f949 	bl	10004b04 <cyw43_write_reg_u8>
10005872:	68a1      	ldr	r1, [r4, #8]
10005874:	4079      	eors	r1, r7
10005876:	e792      	b.n	1000579e <cyw43_write_backplane+0x1e>
10005878:	0001000a 	.word	0x0001000a
1000587c:	0001000c 	.word	0x0001000c
10005880:	0001000b 	.word	0x0001000b

10005884 <reset_device_core.constprop.0>:
10005884:	b5f8      	push	{r3, r4, r5, r6, r7, lr}
10005886:	46ce      	mov	lr, r9
10005888:	4647      	mov	r7, r8
1000588a:	0004      	movs	r4, r0
1000588c:	000d      	movs	r5, r1
1000588e:	b580      	push	{r7, lr}
10005890:	2901      	cmp	r1, #1
10005892:	d100      	bne.n	10005896 <reset_device_core.constprop.0+0x12>
10005894:	e1d4      	b.n	10005c40 <reset_device_core.constprop.0+0x3bc>
10005896:	4bd0      	ldr	r3, [pc, #832]	; (10005bd8 <reset_device_core.constprop.0+0x354>)
10005898:	27c8      	movs	r7, #200	; 0xc8
1000589a:	4698      	mov	r8, r3
1000589c:	023f      	lsls	r7, r7, #8
1000589e:	26c0      	movs	r6, #192	; 0xc0
100058a0:	4641      	mov	r1, r8
100058a2:	0020      	movs	r0, r4
100058a4:	f7ff fae4 	bl	10004e70 <cyw43_set_backplane_window>
100058a8:	003a      	movs	r2, r7
100058aa:	2101      	movs	r1, #1
100058ac:	0020      	movs	r0, r4
100058ae:	f7fe fde7 	bl	10004480 <cyw43_read_reg_u8>
100058b2:	68a3      	ldr	r3, [r4, #8]
100058b4:	0576      	lsls	r6, r6, #21
100058b6:	42b3      	cmp	r3, r6
100058b8:	d010      	beq.n	100058dc <reset_device_core.constprop.0+0x58>
100058ba:	4073      	eors	r3, r6
100058bc:	0e1a      	lsrs	r2, r3, #24
100058be:	d000      	beq.n	100058c2 <reset_device_core.constprop.0+0x3e>
100058c0:	e0db      	b.n	10005a7a <reset_device_core.constprop.0+0x1f6>
100058c2:	22ff      	movs	r2, #255	; 0xff
100058c4:	0412      	lsls	r2, r2, #16
100058c6:	4213      	tst	r3, r2
100058c8:	d000      	beq.n	100058cc <reset_device_core.constprop.0+0x48>
100058ca:	e0e3      	b.n	10005a94 <reset_device_core.constprop.0+0x210>
100058cc:	22ff      	movs	r2, #255	; 0xff
100058ce:	0212      	lsls	r2, r2, #8
100058d0:	4213      	tst	r3, r2
100058d2:	d000      	beq.n	100058d6 <reset_device_core.constprop.0+0x52>
100058d4:	e0ee      	b.n	10005ab4 <reset_device_core.constprop.0+0x230>
100058d6:	23c0      	movs	r3, #192	; 0xc0
100058d8:	055b      	lsls	r3, r3, #21
100058da:	60a3      	str	r3, [r4, #8]
100058dc:	4641      	mov	r1, r8
100058de:	0020      	movs	r0, r4
100058e0:	f7ff fac6 	bl	10004e70 <cyw43_set_backplane_window>
100058e4:	003a      	movs	r2, r7
100058e6:	2101      	movs	r1, #1
100058e8:	0020      	movs	r0, r4
100058ea:	f7fe fdc9 	bl	10004480 <cyw43_read_reg_u8>
100058ee:	22c0      	movs	r2, #192	; 0xc0
100058f0:	68a3      	ldr	r3, [r4, #8]
100058f2:	0552      	lsls	r2, r2, #21
100058f4:	0006      	movs	r6, r0
100058f6:	4691      	mov	r9, r2
100058f8:	4293      	cmp	r3, r2
100058fa:	d010      	beq.n	1000591e <reset_device_core.constprop.0+0x9a>
100058fc:	4053      	eors	r3, r2
100058fe:	0e1a      	lsrs	r2, r3, #24
10005900:	d000      	beq.n	10005904 <reset_device_core.constprop.0+0x80>
10005902:	e193      	b.n	10005c2c <reset_device_core.constprop.0+0x3a8>
10005904:	22ff      	movs	r2, #255	; 0xff
10005906:	0412      	lsls	r2, r2, #16
10005908:	4213      	tst	r3, r2
1000590a:	d000      	beq.n	1000590e <reset_device_core.constprop.0+0x8a>
1000590c:	e182      	b.n	10005c14 <reset_device_core.constprop.0+0x390>
1000590e:	22ff      	movs	r2, #255	; 0xff
10005910:	0212      	lsls	r2, r2, #8
10005912:	4213      	tst	r3, r2
10005914:	d000      	beq.n	10005918 <reset_device_core.constprop.0+0x94>
10005916:	e175      	b.n	10005c04 <reset_device_core.constprop.0+0x380>
10005918:	23c0      	movs	r3, #192	; 0xc0
1000591a:	055b      	lsls	r3, r3, #21
1000591c:	60a3      	str	r3, [r4, #8]
1000591e:	07f3      	lsls	r3, r6, #31
10005920:	d400      	bmi.n	10005924 <reset_device_core.constprop.0+0xa0>
10005922:	e195      	b.n	10005c50 <reset_device_core.constprop.0+0x3cc>
10005924:	2d01      	cmp	r5, #1
10005926:	d100      	bne.n	1000592a <reset_device_core.constprop.0+0xa6>
10005928:	e18f      	b.n	10005c4a <reset_device_core.constprop.0+0x3c6>
1000592a:	4dac      	ldr	r5, [pc, #688]	; (10005bdc <reset_device_core.constprop.0+0x358>)
1000592c:	4eac      	ldr	r6, [pc, #688]	; (10005be0 <reset_device_core.constprop.0+0x35c>)
1000592e:	0031      	movs	r1, r6
10005930:	0020      	movs	r0, r4
10005932:	f7ff fa9d 	bl	10004e70 <cyw43_set_backplane_window>
10005936:	2303      	movs	r3, #3
10005938:	002a      	movs	r2, r5
1000593a:	2101      	movs	r1, #1
1000593c:	0020      	movs	r0, r4
1000593e:	f7ff f8e1 	bl	10004b04 <cyw43_write_reg_u8>
10005942:	22c0      	movs	r2, #192	; 0xc0
10005944:	68a3      	ldr	r3, [r4, #8]
10005946:	0552      	lsls	r2, r2, #21
10005948:	4691      	mov	r9, r2
1000594a:	4293      	cmp	r3, r2
1000594c:	d010      	beq.n	10005970 <reset_device_core.constprop.0+0xec>
1000594e:	4053      	eors	r3, r2
10005950:	0e1a      	lsrs	r2, r3, #24
10005952:	d000      	beq.n	10005956 <reset_device_core.constprop.0+0xd2>
10005954:	e14c      	b.n	10005bf0 <reset_device_core.constprop.0+0x36c>
10005956:	22ff      	movs	r2, #255	; 0xff
10005958:	0412      	lsls	r2, r2, #16
1000595a:	4213      	tst	r3, r2
1000595c:	d000      	beq.n	10005960 <reset_device_core.constprop.0+0xdc>
1000595e:	e12e      	b.n	10005bbe <reset_device_core.constprop.0+0x33a>
10005960:	22ff      	movs	r2, #255	; 0xff
10005962:	0212      	lsls	r2, r2, #8
10005964:	4213      	tst	r3, r2
10005966:	d000      	beq.n	1000596a <reset_device_core.constprop.0+0xe6>
10005968:	e121      	b.n	10005bae <reset_device_core.constprop.0+0x32a>
1000596a:	23c0      	movs	r3, #192	; 0xc0
1000596c:	055b      	lsls	r3, r3, #21
1000596e:	60a3      	str	r3, [r4, #8]
10005970:	0031      	movs	r1, r6
10005972:	0020      	movs	r0, r4
10005974:	f7ff fa7c 	bl	10004e70 <cyw43_set_backplane_window>
10005978:	002a      	movs	r2, r5
1000597a:	2101      	movs	r1, #1
1000597c:	0020      	movs	r0, r4
1000597e:	f7fe fd7f 	bl	10004480 <cyw43_read_reg_u8>
10005982:	22c0      	movs	r2, #192	; 0xc0
10005984:	68a3      	ldr	r3, [r4, #8]
10005986:	0552      	lsls	r2, r2, #21
10005988:	4691      	mov	r9, r2
1000598a:	4293      	cmp	r3, r2
1000598c:	d010      	beq.n	100059b0 <reset_device_core.constprop.0+0x12c>
1000598e:	4053      	eors	r3, r2
10005990:	0e1a      	lsrs	r2, r3, #24
10005992:	d000      	beq.n	10005996 <reset_device_core.constprop.0+0x112>
10005994:	e101      	b.n	10005b9a <reset_device_core.constprop.0+0x316>
10005996:	22ff      	movs	r2, #255	; 0xff
10005998:	0412      	lsls	r2, r2, #16
1000599a:	4213      	tst	r3, r2
1000599c:	d000      	beq.n	100059a0 <reset_device_core.constprop.0+0x11c>
1000599e:	e0f0      	b.n	10005b82 <reset_device_core.constprop.0+0x2fe>
100059a0:	22ff      	movs	r2, #255	; 0xff
100059a2:	0212      	lsls	r2, r2, #8
100059a4:	4213      	tst	r3, r2
100059a6:	d000      	beq.n	100059aa <reset_device_core.constprop.0+0x126>
100059a8:	e0e3      	b.n	10005b72 <reset_device_core.constprop.0+0x2ee>
100059aa:	23c0      	movs	r3, #192	; 0xc0
100059ac:	055b      	lsls	r3, r3, #21
100059ae:	60a3      	str	r3, [r4, #8]
100059b0:	4641      	mov	r1, r8
100059b2:	0020      	movs	r0, r4
100059b4:	f7ff fa5c 	bl	10004e70 <cyw43_set_backplane_window>
100059b8:	003a      	movs	r2, r7
100059ba:	27c0      	movs	r7, #192	; 0xc0
100059bc:	2300      	movs	r3, #0
100059be:	2101      	movs	r1, #1
100059c0:	0020      	movs	r0, r4
100059c2:	f7ff f89f 	bl	10004b04 <cyw43_write_reg_u8>
100059c6:	68a3      	ldr	r3, [r4, #8]
100059c8:	057f      	lsls	r7, r7, #21
100059ca:	42bb      	cmp	r3, r7
100059cc:	d010      	beq.n	100059f0 <reset_device_core.constprop.0+0x16c>
100059ce:	407b      	eors	r3, r7
100059d0:	0e1a      	lsrs	r2, r3, #24
100059d2:	d000      	beq.n	100059d6 <reset_device_core.constprop.0+0x152>
100059d4:	e0c4      	b.n	10005b60 <reset_device_core.constprop.0+0x2dc>
100059d6:	22ff      	movs	r2, #255	; 0xff
100059d8:	0412      	lsls	r2, r2, #16
100059da:	4213      	tst	r3, r2
100059dc:	d000      	beq.n	100059e0 <reset_device_core.constprop.0+0x15c>
100059de:	e0b3      	b.n	10005b48 <reset_device_core.constprop.0+0x2c4>
100059e0:	22ff      	movs	r2, #255	; 0xff
100059e2:	0212      	lsls	r2, r2, #8
100059e4:	4213      	tst	r3, r2
100059e6:	d000      	beq.n	100059ea <reset_device_core.constprop.0+0x166>
100059e8:	e0a6      	b.n	10005b38 <reset_device_core.constprop.0+0x2b4>
100059ea:	23c0      	movs	r3, #192	; 0xc0
100059ec:	055b      	lsls	r3, r3, #21
100059ee:	60a3      	str	r3, [r4, #8]
100059f0:	27c0      	movs	r7, #192	; 0xc0
100059f2:	2001      	movs	r0, #1
100059f4:	f001 fca6 	bl	10007344 <cyw43_delay_ms>
100059f8:	0031      	movs	r1, r6
100059fa:	0020      	movs	r0, r4
100059fc:	f7ff fa38 	bl	10004e70 <cyw43_set_backplane_window>
10005a00:	2301      	movs	r3, #1
10005a02:	002a      	movs	r2, r5
10005a04:	2101      	movs	r1, #1
10005a06:	0020      	movs	r0, r4
10005a08:	f7ff f87c 	bl	10004b04 <cyw43_write_reg_u8>
10005a0c:	68a3      	ldr	r3, [r4, #8]
10005a0e:	057f      	lsls	r7, r7, #21
10005a10:	42bb      	cmp	r3, r7
10005a12:	d00f      	beq.n	10005a34 <reset_device_core.constprop.0+0x1b0>
10005a14:	407b      	eors	r3, r7
10005a16:	0e1a      	lsrs	r2, r3, #24
10005a18:	d000      	beq.n	10005a1c <reset_device_core.constprop.0+0x198>
10005a1a:	e084      	b.n	10005b26 <reset_device_core.constprop.0+0x2a2>
10005a1c:	22ff      	movs	r2, #255	; 0xff
10005a1e:	0412      	lsls	r2, r2, #16
10005a20:	4213      	tst	r3, r2
10005a22:	d000      	beq.n	10005a26 <reset_device_core.constprop.0+0x1a2>
10005a24:	e073      	b.n	10005b0e <reset_device_core.constprop.0+0x28a>
10005a26:	22ff      	movs	r2, #255	; 0xff
10005a28:	0212      	lsls	r2, r2, #8
10005a2a:	4213      	tst	r3, r2
10005a2c:	d167      	bne.n	10005afe <reset_device_core.constprop.0+0x27a>
10005a2e:	23c0      	movs	r3, #192	; 0xc0
10005a30:	055b      	lsls	r3, r3, #21
10005a32:	60a3      	str	r3, [r4, #8]
10005a34:	0031      	movs	r1, r6
10005a36:	0020      	movs	r0, r4
10005a38:	f7ff fa1a 	bl	10004e70 <cyw43_set_backplane_window>
10005a3c:	002a      	movs	r2, r5
10005a3e:	25c0      	movs	r5, #192	; 0xc0
10005a40:	2101      	movs	r1, #1
10005a42:	0020      	movs	r0, r4
10005a44:	f7fe fd1c 	bl	10004480 <cyw43_read_reg_u8>
10005a48:	68a3      	ldr	r3, [r4, #8]
10005a4a:	056d      	lsls	r5, r5, #21
10005a4c:	42ab      	cmp	r3, r5
10005a4e:	d00d      	beq.n	10005a6c <reset_device_core.constprop.0+0x1e8>
10005a50:	406b      	eors	r3, r5
10005a52:	0e1a      	lsrs	r2, r3, #24
10005a54:	d14a      	bne.n	10005aec <reset_device_core.constprop.0+0x268>
10005a56:	22ff      	movs	r2, #255	; 0xff
10005a58:	0412      	lsls	r2, r2, #16
10005a5a:	4213      	tst	r3, r2
10005a5c:	d13a      	bne.n	10005ad4 <reset_device_core.constprop.0+0x250>
10005a5e:	22ff      	movs	r2, #255	; 0xff
10005a60:	0212      	lsls	r2, r2, #8
10005a62:	4213      	tst	r3, r2
10005a64:	d12e      	bne.n	10005ac4 <reset_device_core.constprop.0+0x240>
10005a66:	23c0      	movs	r3, #192	; 0xc0
10005a68:	055b      	lsls	r3, r3, #21
10005a6a:	60a3      	str	r3, [r4, #8]
10005a6c:	2001      	movs	r0, #1
10005a6e:	f001 fc69 	bl	10007344 <cyw43_delay_ms>
10005a72:	bcc0      	pop	{r6, r7}
10005a74:	46b9      	mov	r9, r7
10005a76:	46b0      	mov	r8, r6
10005a78:	bdf8      	pop	{r3, r4, r5, r6, r7, pc}
10005a7a:	2318      	movs	r3, #24
10005a7c:	4a59      	ldr	r2, [pc, #356]	; (10005be4 <reset_device_core.constprop.0+0x360>)
10005a7e:	2101      	movs	r1, #1
10005a80:	0020      	movs	r0, r4
10005a82:	f7ff f83f 	bl	10004b04 <cyw43_write_reg_u8>
10005a86:	22ff      	movs	r2, #255	; 0xff
10005a88:	68a3      	ldr	r3, [r4, #8]
10005a8a:	0412      	lsls	r2, r2, #16
10005a8c:	4073      	eors	r3, r6
10005a8e:	4213      	tst	r3, r2
10005a90:	d100      	bne.n	10005a94 <reset_device_core.constprop.0+0x210>
10005a92:	e71b      	b.n	100058cc <reset_device_core.constprop.0+0x48>
10005a94:	23c0      	movs	r3, #192	; 0xc0
10005a96:	4a54      	ldr	r2, [pc, #336]	; (10005be8 <reset_device_core.constprop.0+0x364>)
10005a98:	015b      	lsls	r3, r3, #5
10005a9a:	2101      	movs	r1, #1
10005a9c:	0020      	movs	r0, r4
10005a9e:	f7ff f831 	bl	10004b04 <cyw43_write_reg_u8>
10005aa2:	23c0      	movs	r3, #192	; 0xc0
10005aa4:	68a2      	ldr	r2, [r4, #8]
10005aa6:	055b      	lsls	r3, r3, #21
10005aa8:	4053      	eors	r3, r2
10005aaa:	22ff      	movs	r2, #255	; 0xff
10005aac:	0212      	lsls	r2, r2, #8
10005aae:	4213      	tst	r3, r2
10005ab0:	d100      	bne.n	10005ab4 <reset_device_core.constprop.0+0x230>
10005ab2:	e710      	b.n	100058d6 <reset_device_core.constprop.0+0x52>
10005ab4:	23c0      	movs	r3, #192	; 0xc0
10005ab6:	2101      	movs	r1, #1
10005ab8:	0020      	movs	r0, r4
10005aba:	4a4c      	ldr	r2, [pc, #304]	; (10005bec <reset_device_core.constprop.0+0x368>)
10005abc:	035b      	lsls	r3, r3, #13
10005abe:	f7ff f821 	bl	10004b04 <cyw43_write_reg_u8>
10005ac2:	e708      	b.n	100058d6 <reset_device_core.constprop.0+0x52>
10005ac4:	23c0      	movs	r3, #192	; 0xc0
10005ac6:	2101      	movs	r1, #1
10005ac8:	0020      	movs	r0, r4
10005aca:	4a48      	ldr	r2, [pc, #288]	; (10005bec <reset_device_core.constprop.0+0x368>)
10005acc:	035b      	lsls	r3, r3, #13
10005ace:	f7ff f819 	bl	10004b04 <cyw43_write_reg_u8>
10005ad2:	e7c8      	b.n	10005a66 <reset_device_core.constprop.0+0x1e2>
10005ad4:	23c0      	movs	r3, #192	; 0xc0
10005ad6:	4a44      	ldr	r2, [pc, #272]	; (10005be8 <reset_device_core.constprop.0+0x364>)
10005ad8:	015b      	lsls	r3, r3, #5
10005ada:	2101      	movs	r1, #1
10005adc:	0020      	movs	r0, r4
10005ade:	f7ff f811 	bl	10004b04 <cyw43_write_reg_u8>
10005ae2:	23c0      	movs	r3, #192	; 0xc0
10005ae4:	68a2      	ldr	r2, [r4, #8]
10005ae6:	055b      	lsls	r3, r3, #21
10005ae8:	4053      	eors	r3, r2
10005aea:	e7b8      	b.n	10005a5e <reset_device_core.constprop.0+0x1da>
10005aec:	2318      	movs	r3, #24
10005aee:	2101      	movs	r1, #1
10005af0:	0020      	movs	r0, r4
10005af2:	4a3c      	ldr	r2, [pc, #240]	; (10005be4 <reset_device_core.constprop.0+0x360>)
10005af4:	f7ff f806 	bl	10004b04 <cyw43_write_reg_u8>
10005af8:	68a3      	ldr	r3, [r4, #8]
10005afa:	406b      	eors	r3, r5
10005afc:	e7ab      	b.n	10005a56 <reset_device_core.constprop.0+0x1d2>
10005afe:	23c0      	movs	r3, #192	; 0xc0
10005b00:	2101      	movs	r1, #1
10005b02:	0020      	movs	r0, r4
10005b04:	4a39      	ldr	r2, [pc, #228]	; (10005bec <reset_device_core.constprop.0+0x368>)
10005b06:	035b      	lsls	r3, r3, #13
10005b08:	f7fe fffc 	bl	10004b04 <cyw43_write_reg_u8>
10005b0c:	e78f      	b.n	10005a2e <reset_device_core.constprop.0+0x1aa>
10005b0e:	23c0      	movs	r3, #192	; 0xc0
10005b10:	4a35      	ldr	r2, [pc, #212]	; (10005be8 <reset_device_core.constprop.0+0x364>)
10005b12:	015b      	lsls	r3, r3, #5
10005b14:	2101      	movs	r1, #1
10005b16:	0020      	movs	r0, r4
10005b18:	f7fe fff4 	bl	10004b04 <cyw43_write_reg_u8>
10005b1c:	23c0      	movs	r3, #192	; 0xc0
10005b1e:	68a2      	ldr	r2, [r4, #8]
10005b20:	055b      	lsls	r3, r3, #21
10005b22:	4053      	eors	r3, r2
10005b24:	e77f      	b.n	10005a26 <reset_device_core.constprop.0+0x1a2>
10005b26:	2318      	movs	r3, #24
10005b28:	2101      	movs	r1, #1
10005b2a:	0020      	movs	r0, r4
10005b2c:	4a2d      	ldr	r2, [pc, #180]	; (10005be4 <reset_device_core.constprop.0+0x360>)
10005b2e:	f7fe ffe9 	bl	10004b04 <cyw43_write_reg_u8>
10005b32:	68a3      	ldr	r3, [r4, #8]
10005b34:	407b      	eors	r3, r7
10005b36:	e771      	b.n	10005a1c <reset_device_core.constprop.0+0x198>
10005b38:	23c0      	movs	r3, #192	; 0xc0
10005b3a:	2101      	movs	r1, #1
10005b3c:	0020      	movs	r0, r4
10005b3e:	4a2b      	ldr	r2, [pc, #172]	; (10005bec <reset_device_core.constprop.0+0x368>)
10005b40:	035b      	lsls	r3, r3, #13
10005b42:	f7fe ffdf 	bl	10004b04 <cyw43_write_reg_u8>
10005b46:	e750      	b.n	100059ea <reset_device_core.constprop.0+0x166>
10005b48:	23c0      	movs	r3, #192	; 0xc0
10005b4a:	4a27      	ldr	r2, [pc, #156]	; (10005be8 <reset_device_core.constprop.0+0x364>)
10005b4c:	015b      	lsls	r3, r3, #5
10005b4e:	2101      	movs	r1, #1
10005b50:	0020      	movs	r0, r4
10005b52:	f7fe ffd7 	bl	10004b04 <cyw43_write_reg_u8>
10005b56:	23c0      	movs	r3, #192	; 0xc0
10005b58:	68a2      	ldr	r2, [r4, #8]
10005b5a:	055b      	lsls	r3, r3, #21
10005b5c:	4053      	eors	r3, r2
10005b5e:	e73f      	b.n	100059e0 <reset_device_core.constprop.0+0x15c>
10005b60:	2318      	movs	r3, #24
10005b62:	2101      	movs	r1, #1
10005b64:	0020      	movs	r0, r4
10005b66:	4a1f      	ldr	r2, [pc, #124]	; (10005be4 <reset_device_core.constprop.0+0x360>)
10005b68:	f7fe ffcc 	bl	10004b04 <cyw43_write_reg_u8>
10005b6c:	68a3      	ldr	r3, [r4, #8]
10005b6e:	407b      	eors	r3, r7
10005b70:	e731      	b.n	100059d6 <reset_device_core.constprop.0+0x152>
10005b72:	23c0      	movs	r3, #192	; 0xc0
10005b74:	2101      	movs	r1, #1
10005b76:	0020      	movs	r0, r4
10005b78:	4a1c      	ldr	r2, [pc, #112]	; (10005bec <reset_device_core.constprop.0+0x368>)
10005b7a:	035b      	lsls	r3, r3, #13
10005b7c:	f7fe ffc2 	bl	10004b04 <cyw43_write_reg_u8>
10005b80:	e713      	b.n	100059aa <reset_device_core.constprop.0+0x126>
10005b82:	23c0      	movs	r3, #192	; 0xc0
10005b84:	4a18      	ldr	r2, [pc, #96]	; (10005be8 <reset_device_core.constprop.0+0x364>)
10005b86:	015b      	lsls	r3, r3, #5
10005b88:	2101      	movs	r1, #1
10005b8a:	0020      	movs	r0, r4
10005b8c:	f7fe ffba 	bl	10004b04 <cyw43_write_reg_u8>
10005b90:	23c0      	movs	r3, #192	; 0xc0
10005b92:	68a2      	ldr	r2, [r4, #8]
10005b94:	055b      	lsls	r3, r3, #21
10005b96:	4053      	eors	r3, r2
10005b98:	e702      	b.n	100059a0 <reset_device_core.constprop.0+0x11c>
10005b9a:	2318      	movs	r3, #24
10005b9c:	4a11      	ldr	r2, [pc, #68]	; (10005be4 <reset_device_core.constprop.0+0x360>)
10005b9e:	2101      	movs	r1, #1
10005ba0:	0020      	movs	r0, r4
10005ba2:	f7fe ffaf 	bl	10004b04 <cyw43_write_reg_u8>
10005ba6:	464b      	mov	r3, r9
10005ba8:	68a2      	ldr	r2, [r4, #8]
10005baa:	4053      	eors	r3, r2
10005bac:	e6f3      	b.n	10005996 <reset_device_core.constprop.0+0x112>
10005bae:	23c0      	movs	r3, #192	; 0xc0
10005bb0:	2101      	movs	r1, #1
10005bb2:	0020      	movs	r0, r4
10005bb4:	4a0d      	ldr	r2, [pc, #52]	; (10005bec <reset_device_core.constprop.0+0x368>)
10005bb6:	035b      	lsls	r3, r3, #13
10005bb8:	f7fe ffa4 	bl	10004b04 <cyw43_write_reg_u8>
10005bbc:	e6d5      	b.n	1000596a <reset_device_core.constprop.0+0xe6>
10005bbe:	23c0      	movs	r3, #192	; 0xc0
10005bc0:	4a09      	ldr	r2, [pc, #36]	; (10005be8 <reset_device_core.constprop.0+0x364>)
10005bc2:	015b      	lsls	r3, r3, #5
10005bc4:	2101      	movs	r1, #1
10005bc6:	0020      	movs	r0, r4
10005bc8:	f7fe ff9c 	bl	10004b04 <cyw43_write_reg_u8>
10005bcc:	23c0      	movs	r3, #192	; 0xc0
10005bce:	68a2      	ldr	r2, [r4, #8]
10005bd0:	055b      	lsls	r3, r3, #21
10005bd2:	4053      	eors	r3, r2
10005bd4:	e6c4      	b.n	10005960 <reset_device_core.constprop.0+0xdc>
10005bd6:	46c0      	nop			; (mov r8, r8)
10005bd8:	18104800 	.word	0x18104800
10005bdc:	0000c408 	.word	0x0000c408
10005be0:	18104408 	.word	0x18104408
10005be4:	0001000c 	.word	0x0001000c
10005be8:	0001000b 	.word	0x0001000b
10005bec:	0001000a 	.word	0x0001000a
10005bf0:	2318      	movs	r3, #24
10005bf2:	4a19      	ldr	r2, [pc, #100]	; (10005c58 <reset_device_core.constprop.0+0x3d4>)
10005bf4:	2101      	movs	r1, #1
10005bf6:	0020      	movs	r0, r4
10005bf8:	f7fe ff84 	bl	10004b04 <cyw43_write_reg_u8>
10005bfc:	464b      	mov	r3, r9
10005bfe:	68a2      	ldr	r2, [r4, #8]
10005c00:	4053      	eors	r3, r2
10005c02:	e6a8      	b.n	10005956 <reset_device_core.constprop.0+0xd2>
10005c04:	23c0      	movs	r3, #192	; 0xc0
10005c06:	2101      	movs	r1, #1
10005c08:	0020      	movs	r0, r4
10005c0a:	4a14      	ldr	r2, [pc, #80]	; (10005c5c <reset_device_core.constprop.0+0x3d8>)
10005c0c:	035b      	lsls	r3, r3, #13
10005c0e:	f7fe ff79 	bl	10004b04 <cyw43_write_reg_u8>
10005c12:	e681      	b.n	10005918 <reset_device_core.constprop.0+0x94>
10005c14:	23c0      	movs	r3, #192	; 0xc0
10005c16:	4a12      	ldr	r2, [pc, #72]	; (10005c60 <reset_device_core.constprop.0+0x3dc>)
10005c18:	015b      	lsls	r3, r3, #5
10005c1a:	2101      	movs	r1, #1
10005c1c:	0020      	movs	r0, r4
10005c1e:	f7fe ff71 	bl	10004b04 <cyw43_write_reg_u8>
10005c22:	23c0      	movs	r3, #192	; 0xc0
10005c24:	68a2      	ldr	r2, [r4, #8]
10005c26:	055b      	lsls	r3, r3, #21
10005c28:	4053      	eors	r3, r2
10005c2a:	e670      	b.n	1000590e <reset_device_core.constprop.0+0x8a>
10005c2c:	2318      	movs	r3, #24
10005c2e:	4a0a      	ldr	r2, [pc, #40]	; (10005c58 <reset_device_core.constprop.0+0x3d4>)
10005c30:	2101      	movs	r1, #1
10005c32:	0020      	movs	r0, r4
10005c34:	f7fe ff66 	bl	10004b04 <cyw43_write_reg_u8>
10005c38:	464b      	mov	r3, r9
10005c3a:	68a2      	ldr	r2, [r4, #8]
10005c3c:	4053      	eors	r3, r2
10005c3e:	e661      	b.n	10005904 <reset_device_core.constprop.0+0x80>
10005c40:	27b8      	movs	r7, #184	; 0xb8
10005c42:	4b08      	ldr	r3, [pc, #32]	; (10005c64 <reset_device_core.constprop.0+0x3e0>)
10005c44:	023f      	lsls	r7, r7, #8
10005c46:	4698      	mov	r8, r3
10005c48:	e629      	b.n	1000589e <reset_device_core.constprop.0+0x1a>
10005c4a:	4d07      	ldr	r5, [pc, #28]	; (10005c68 <reset_device_core.constprop.0+0x3e4>)
10005c4c:	4e07      	ldr	r6, [pc, #28]	; (10005c6c <reset_device_core.constprop.0+0x3e8>)
10005c4e:	e66e      	b.n	1000592e <reset_device_core.constprop.0+0xaa>
10005c50:	4807      	ldr	r0, [pc, #28]	; (10005c70 <reset_device_core.constprop.0+0x3ec>)
10005c52:	f7fd ff63 	bl	10003b1c <__wrap_puts>
10005c56:	e665      	b.n	10005924 <reset_device_core.constprop.0+0xa0>
10005c58:	0001000c 	.word	0x0001000c
10005c5c:	0001000a 	.word	0x0001000a
10005c60:	0001000b 	.word	0x0001000b
10005c64:	18103800 	.word	0x18103800
10005c68:	0000b408 	.word	0x0000b408
10005c6c:	18103408 	.word	0x18103408
10005c70:	10007fc8 	.word	0x10007fc8

10005c74 <cyw43_ll_init>:
10005c74:	2280      	movs	r2, #128	; 0x80
10005c76:	2300      	movs	r3, #0
10005c78:	0052      	lsls	r2, r2, #1
10005c7a:	8182      	strh	r2, [r0, #12]
10005c7c:	4a03      	ldr	r2, [pc, #12]	; (10005c8c <cyw43_ll_init+0x18>)
10005c7e:	6001      	str	r1, [r0, #0]
10005c80:	6083      	str	r3, [r0, #8]
10005c82:	7383      	strb	r3, [r0, #14]
10005c84:	6103      	str	r3, [r0, #16]
10005c86:	5083      	str	r3, [r0, r2]
10005c88:	4770      	bx	lr
10005c8a:	46c0      	nop			; (mov r8, r8)
10005c8c:	0000084c 	.word	0x0000084c

10005c90 <cyw43_ll_deinit>:
10005c90:	b510      	push	{r4, lr}
10005c92:	f7fe f865 	bl	10003d60 <cyw43_spi_deinit>
10005c96:	bd10      	pop	{r4, pc}

10005c98 <cyw43_ll_process_packets>:
10005c98:	b510      	push	{r4, lr}
10005c9a:	0004      	movs	r4, r0
10005c9c:	b082      	sub	sp, #8
10005c9e:	4669      	mov	r1, sp
10005ca0:	0020      	movs	r0, r4
10005ca2:	aa01      	add	r2, sp, #4
10005ca4:	f7ff fa04 	bl	100050b0 <cyw43_ll_sdpcm_poll_device>
10005ca8:	1c43      	adds	r3, r0, #1
10005caa:	d014      	beq.n	10005cd6 <cyw43_ll_process_packets+0x3e>
10005cac:	1d03      	adds	r3, r0, #4
10005cae:	d0f6      	beq.n	10005c9e <cyw43_ll_process_packets+0x6>
10005cb0:	2801      	cmp	r0, #1
10005cb2:	d012      	beq.n	10005cda <cyw43_ll_process_packets+0x42>
10005cb4:	2802      	cmp	r0, #2
10005cb6:	d1f2      	bne.n	10005c9e <cyw43_ll_process_packets+0x6>
10005cb8:	9900      	ldr	r1, [sp, #0]
10005cba:	9b01      	ldr	r3, [sp, #4]
10005cbc:	004a      	lsls	r2, r1, #1
10005cbe:	6820      	ldr	r0, [r4, #0]
10005cc0:	0852      	lsrs	r2, r2, #1
10005cc2:	0fc9      	lsrs	r1, r1, #31
10005cc4:	f001 fb6e 	bl	100073a4 <cyw43_cb_process_ethernet>
10005cc8:	4669      	mov	r1, sp
10005cca:	0020      	movs	r0, r4
10005ccc:	aa01      	add	r2, sp, #4
10005cce:	f7ff f9ef 	bl	100050b0 <cyw43_ll_sdpcm_poll_device>
10005cd2:	1c43      	adds	r3, r0, #1
10005cd4:	d1ea      	bne.n	10005cac <cyw43_ll_process_packets+0x14>
10005cd6:	b002      	add	sp, #8
10005cd8:	bd10      	pop	{r4, pc}
10005cda:	9901      	ldr	r1, [sp, #4]
10005cdc:	9800      	ldr	r0, [sp, #0]
10005cde:	f7ff f8f9 	bl	10004ed4 <cyw43_ll_parse_async_event>
10005ce2:	0001      	movs	r1, r0
10005ce4:	0020      	movs	r0, r4
10005ce6:	f000 feaf 	bl	10006a48 <cyw43_cb_process_async_event>
10005cea:	e7d8      	b.n	10005c9e <cyw43_ll_process_packets+0x6>

10005cec <cyw43_ll_ioctl>:
10005cec:	b5f0      	push	{r4, r5, r6, r7, lr}
10005cee:	2702      	movs	r7, #2
10005cf0:	46c6      	mov	lr, r8
10005cf2:	4698      	mov	r8, r3
10005cf4:	004b      	lsls	r3, r1, #1
10005cf6:	401f      	ands	r7, r3
10005cf8:	2380      	movs	r3, #128	; 0x80
10005cfa:	b500      	push	{lr}
10005cfc:	0016      	movs	r6, r2
10005cfe:	321c      	adds	r2, #28
10005d00:	0004      	movs	r4, r0
10005d02:	b082      	sub	sp, #8
10005d04:	084d      	lsrs	r5, r1, #1
10005d06:	011b      	lsls	r3, r3, #4
10005d08:	429a      	cmp	r2, r3
10005d0a:	d82b      	bhi.n	10005d64 <cyw43_ll_ioctl+0x78>
10005d0c:	0433      	lsls	r3, r6, #16
10005d0e:	8a00      	ldrh	r0, [r0, #16]
10005d10:	0c1b      	lsrs	r3, r3, #16
10005d12:	63a3      	str	r3, [r4, #56]	; 0x38
10005d14:	9b08      	ldr	r3, [sp, #32]
10005d16:	3001      	adds	r0, #1
10005d18:	b280      	uxth	r0, r0
10005d1a:	031b      	lsls	r3, r3, #12
10005d1c:	8220      	strh	r0, [r4, #16]
10005d1e:	433b      	orrs	r3, r7
10005d20:	0400      	lsls	r0, r0, #16
10005d22:	4318      	orrs	r0, r3
10005d24:	63e0      	str	r0, [r4, #60]	; 0x3c
10005d26:	2300      	movs	r3, #0
10005d28:	0020      	movs	r0, r4
10005d2a:	0032      	movs	r2, r6
10005d2c:	4641      	mov	r1, r8
10005d2e:	6423      	str	r3, [r4, #64]	; 0x40
10005d30:	6365      	str	r5, [r4, #52]	; 0x34
10005d32:	3044      	adds	r0, #68	; 0x44
10005d34:	f001 fdd0 	bl	100078d8 <memmove>
10005d38:	0023      	movs	r3, r4
10005d3a:	0032      	movs	r2, r6
10005d3c:	2100      	movs	r1, #0
10005d3e:	0020      	movs	r0, r4
10005d40:	3328      	adds	r3, #40	; 0x28
10005d42:	3210      	adds	r2, #16
10005d44:	f7ff fad0 	bl	100052e8 <cyw43_sdpcm_send_common>
10005d48:	2800      	cmp	r0, #0
10005d4a:	d107      	bne.n	10005d5c <cyw43_ll_ioctl+0x70>
10005d4c:	4643      	mov	r3, r8
10005d4e:	002a      	movs	r2, r5
10005d50:	9300      	str	r3, [sp, #0]
10005d52:	0039      	movs	r1, r7
10005d54:	0033      	movs	r3, r6
10005d56:	0020      	movs	r0, r4
10005d58:	f7ff fb42 	bl	100053e0 <cyw43_do_ioctl.part.0>
10005d5c:	b002      	add	sp, #8
10005d5e:	bc80      	pop	{r7}
10005d60:	46b8      	mov	r8, r7
10005d62:	bdf0      	pop	{r4, r5, r6, r7, pc}
10005d64:	2005      	movs	r0, #5
10005d66:	4240      	negs	r0, r0
10005d68:	e7f8      	b.n	10005d5c <cyw43_ll_ioctl+0x70>
10005d6a:	46c0      	nop			; (mov r8, r8)

10005d6c <cyw43_ll_bus_sleep>:
10005d6c:	b510      	push	{r4, lr}
10005d6e:	0004      	movs	r4, r0
10005d70:	2900      	cmp	r1, #0
10005d72:	d009      	beq.n	10005d88 <cyw43_ll_bus_sleep+0x1c>
10005d74:	7c83      	ldrb	r3, [r0, #18]
10005d76:	2b00      	cmp	r3, #0
10005d78:	d100      	bne.n	10005d7c <cyw43_ll_bus_sleep+0x10>
10005d7a:	bd10      	pop	{r4, pc}
10005d7c:	2300      	movs	r3, #0
10005d7e:	2100      	movs	r1, #0
10005d80:	7483      	strb	r3, [r0, #18]
10005d82:	f7ff f945 	bl	10005010 <cyw43_kso_set>
10005d86:	e7f8      	b.n	10005d7a <cyw43_ll_bus_sleep+0xe>
10005d88:	f000 fe58 	bl	10006a3c <cyw43_cb_ensure_awake>
10005d8c:	7ca3      	ldrb	r3, [r4, #18]
10005d8e:	2b00      	cmp	r3, #0
10005d90:	d1f3      	bne.n	10005d7a <cyw43_ll_bus_sleep+0xe>
10005d92:	2101      	movs	r1, #1
10005d94:	0020      	movs	r0, r4
10005d96:	f7ff f93b 	bl	10005010 <cyw43_kso_set>
10005d9a:	2301      	movs	r3, #1
10005d9c:	74a3      	strb	r3, [r4, #18]
10005d9e:	e7ec      	b.n	10005d7a <cyw43_ll_bus_sleep+0xe>

10005da0 <cyw43_ll_wifi_get_mac>:
10005da0:	b5f0      	push	{r4, r5, r6, r7, lr}
10005da2:	46c6      	mov	lr, r8
10005da4:	0007      	movs	r7, r0
10005da6:	0004      	movs	r4, r0
10005da8:	b500      	push	{lr}
10005daa:	000e      	movs	r6, r1
10005dac:	4918      	ldr	r1, [pc, #96]	; (10005e10 <cyw43_ll_wifi_get_mac+0x70>)
10005dae:	3744      	adds	r7, #68	; 0x44
10005db0:	2214      	movs	r2, #20
10005db2:	b082      	sub	sp, #8
10005db4:	3114      	adds	r1, #20
10005db6:	0038      	movs	r0, r7
10005db8:	f7fc fa4c 	bl	10002254 <__wrap___aeabi_memcpy>
10005dbc:	8a23      	ldrh	r3, [r4, #16]
10005dbe:	2283      	movs	r2, #131	; 0x83
10005dc0:	3301      	adds	r3, #1
10005dc2:	b29b      	uxth	r3, r3
10005dc4:	8223      	strh	r3, [r4, #16]
10005dc6:	041b      	lsls	r3, r3, #16
10005dc8:	63e3      	str	r3, [r4, #60]	; 0x3c
10005dca:	2300      	movs	r3, #0
10005dcc:	6423      	str	r3, [r4, #64]	; 0x40
10005dce:	0023      	movs	r3, r4
10005dd0:	0052      	lsls	r2, r2, #1
10005dd2:	6362      	str	r2, [r4, #52]	; 0x34
10005dd4:	4690      	mov	r8, r2
10005dd6:	3af2      	subs	r2, #242	; 0xf2
10005dd8:	63a2      	str	r2, [r4, #56]	; 0x38
10005dda:	2100      	movs	r1, #0
10005ddc:	0020      	movs	r0, r4
10005dde:	3328      	adds	r3, #40	; 0x28
10005de0:	3210      	adds	r2, #16
10005de2:	f7ff fa81 	bl	100052e8 <cyw43_sdpcm_send_common>
10005de6:	1e05      	subs	r5, r0, #0
10005de8:	d10d      	bne.n	10005e06 <cyw43_ll_wifi_get_mac+0x66>
10005dea:	2314      	movs	r3, #20
10005dec:	4642      	mov	r2, r8
10005dee:	2100      	movs	r1, #0
10005df0:	0020      	movs	r0, r4
10005df2:	9700      	str	r7, [sp, #0]
10005df4:	f7ff faf4 	bl	100053e0 <cyw43_do_ioctl.part.0>
10005df8:	1e05      	subs	r5, r0, #0
10005dfa:	d104      	bne.n	10005e06 <cyw43_ll_wifi_get_mac+0x66>
10005dfc:	2206      	movs	r2, #6
10005dfe:	0039      	movs	r1, r7
10005e00:	0030      	movs	r0, r6
10005e02:	f7fc fa27 	bl	10002254 <__wrap___aeabi_memcpy>
10005e06:	0028      	movs	r0, r5
10005e08:	b002      	add	sp, #8
10005e0a:	bc80      	pop	{r7}
10005e0c:	46b8      	mov	r8, r7
10005e0e:	bdf0      	pop	{r4, r5, r6, r7, pc}
10005e10:	1000812c 	.word	0x1000812c

10005e14 <cyw43_ll_bus_init>:
10005e14:	b5f0      	push	{r4, r5, r6, r7, lr}
10005e16:	4657      	mov	r7, sl
10005e18:	46de      	mov	lr, fp
10005e1a:	464e      	mov	r6, r9
10005e1c:	4645      	mov	r5, r8
10005e1e:	b5e0      	push	{r5, r6, r7, lr}
10005e20:	4bb1      	ldr	r3, [pc, #708]	; (100060e8 <cyw43_ll_bus_init+0x2d4>)
10005e22:	b087      	sub	sp, #28
10005e24:	6a9b      	ldr	r3, [r3, #40]	; 0x28
10005e26:	0004      	movs	r4, r0
10005e28:	6043      	str	r3, [r0, #4]
10005e2a:	000f      	movs	r7, r1
10005e2c:	f7fd ffce 	bl	10003dcc <cyw43_spi_init>
10005e30:	2800      	cmp	r0, #0
10005e32:	d112      	bne.n	10005e5a <cyw43_ll_bus_init+0x46>
10005e34:	f7fe fa68 	bl	10004308 <cyw43_spi_gpio_setup>
10005e38:	250a      	movs	r5, #10
10005e3a:	f7fe fa83 	bl	10004344 <cyw43_spi_reset>
10005e3e:	4eab      	ldr	r6, [pc, #684]	; (100060ec <cyw43_ll_bus_init+0x2d8>)
10005e40:	2214      	movs	r2, #20
10005e42:	2100      	movs	r1, #0
10005e44:	0020      	movs	r0, r4
10005e46:	f7fe fa91 	bl	1000436c <read_reg_u32_swap>
10005e4a:	42b0      	cmp	r0, r6
10005e4c:	d012      	beq.n	10005e74 <cyw43_ll_bus_init+0x60>
10005e4e:	2001      	movs	r0, #1
10005e50:	3d01      	subs	r5, #1
10005e52:	f001 fa77 	bl	10007344 <cyw43_delay_ms>
10005e56:	2d00      	cmp	r5, #0
10005e58:	d1f2      	bne.n	10005e40 <cyw43_ll_bus_init+0x2c>
10005e5a:	2506      	movs	r5, #6
10005e5c:	48a4      	ldr	r0, [pc, #656]	; (100060f0 <cyw43_ll_bus_init+0x2dc>)
10005e5e:	f7fd fe5d 	bl	10003b1c <__wrap_puts>
10005e62:	426d      	negs	r5, r5
10005e64:	0028      	movs	r0, r5
10005e66:	b007      	add	sp, #28
10005e68:	bcf0      	pop	{r4, r5, r6, r7}
10005e6a:	46bb      	mov	fp, r7
10005e6c:	46b2      	mov	sl, r6
10005e6e:	46a9      	mov	r9, r5
10005e70:	46a0      	mov	r8, r4
10005e72:	bdf0      	pop	{r4, r5, r6, r7, pc}
10005e74:	2200      	movs	r2, #0
10005e76:	2100      	movs	r1, #0
10005e78:	0020      	movs	r0, r4
10005e7a:	4b9e      	ldr	r3, [pc, #632]	; (100060f4 <cyw43_ll_bus_init+0x2e0>)
10005e7c:	f7fe fb36 	bl	100044ec <write_reg_u32_swap>
10005e80:	2800      	cmp	r0, #0
10005e82:	d1ea      	bne.n	10005e5a <cyw43_ll_bus_init+0x46>
10005e84:	2200      	movs	r2, #0
10005e86:	2100      	movs	r1, #0
10005e88:	0020      	movs	r0, r4
10005e8a:	f7fe fa8d 	bl	100043a8 <cyw43_read_reg_u32>
10005e8e:	2310      	movs	r3, #16
10005e90:	221d      	movs	r2, #29
10005e92:	2100      	movs	r1, #0
10005e94:	0020      	movs	r0, r4
10005e96:	f7fe fe35 	bl	10004b04 <cyw43_write_reg_u8>
10005e9a:	2800      	cmp	r0, #0
10005e9c:	d1dd      	bne.n	10005e5a <cyw43_ll_bus_init+0x46>
10005e9e:	2399      	movs	r3, #153	; 0x99
10005ea0:	2204      	movs	r2, #4
10005ea2:	2100      	movs	r1, #0
10005ea4:	0020      	movs	r0, r4
10005ea6:	f7fe fe2d 	bl	10004b04 <cyw43_write_reg_u8>
10005eaa:	2800      	cmp	r0, #0
10005eac:	d1d5      	bne.n	10005e5a <cyw43_ll_bus_init+0x46>
10005eae:	23be      	movs	r3, #190	; 0xbe
10005eb0:	2206      	movs	r2, #6
10005eb2:	2100      	movs	r1, #0
10005eb4:	0020      	movs	r0, r4
10005eb6:	f7fe fd21 	bl	100048fc <cyw43_write_reg_u16>
10005eba:	2800      	cmp	r0, #0
10005ebc:	d1cd      	bne.n	10005e5a <cyw43_ll_bus_init+0x46>
10005ebe:	2308      	movs	r3, #8
10005ec0:	2101      	movs	r1, #1
10005ec2:	0020      	movs	r0, r4
10005ec4:	4a8c      	ldr	r2, [pc, #560]	; (100060f8 <cyw43_ll_bus_init+0x2e4>)
10005ec6:	f7fe fe1d 	bl	10004b04 <cyw43_write_reg_u8>
10005eca:	250a      	movs	r5, #10
10005ecc:	2640      	movs	r6, #64	; 0x40
10005ece:	2101      	movs	r1, #1
10005ed0:	0020      	movs	r0, r4
10005ed2:	4a89      	ldr	r2, [pc, #548]	; (100060f8 <cyw43_ll_bus_init+0x2e4>)
10005ed4:	f7fe fad4 	bl	10004480 <cyw43_read_reg_u8>
10005ed8:	4206      	tst	r6, r0
10005eda:	d10a      	bne.n	10005ef2 <cyw43_ll_bus_init+0xde>
10005edc:	2001      	movs	r0, #1
10005ede:	3d01      	subs	r5, #1
10005ee0:	f001 fa30 	bl	10007344 <cyw43_delay_ms>
10005ee4:	2d00      	cmp	r5, #0
10005ee6:	d1f2      	bne.n	10005ece <cyw43_ll_bus_init+0xba>
10005ee8:	4884      	ldr	r0, [pc, #528]	; (100060fc <cyw43_ll_bus_init+0x2e8>)
10005eea:	f7fd fe17 	bl	10003b1c <__wrap_puts>
10005eee:	3d06      	subs	r5, #6
10005ef0:	e7b8      	b.n	10005e64 <cyw43_ll_bus_init+0x50>
10005ef2:	2300      	movs	r3, #0
10005ef4:	4a80      	ldr	r2, [pc, #512]	; (100060f8 <cyw43_ll_bus_init+0x2e4>)
10005ef6:	2101      	movs	r1, #1
10005ef8:	0020      	movs	r0, r4
10005efa:	f7fe fe03 	bl	10004b04 <cyw43_write_reg_u8>
10005efe:	0020      	movs	r0, r4
10005f00:	497f      	ldr	r1, [pc, #508]	; (10006100 <cyw43_ll_bus_init+0x2ec>)
10005f02:	f7fe ffb5 	bl	10004e70 <cyw43_set_backplane_window>
10005f06:	22b8      	movs	r2, #184	; 0xb8
10005f08:	25c0      	movs	r5, #192	; 0xc0
10005f0a:	2101      	movs	r1, #1
10005f0c:	0020      	movs	r0, r4
10005f0e:	0212      	lsls	r2, r2, #8
10005f10:	f7fe fab6 	bl	10004480 <cyw43_read_reg_u8>
10005f14:	68a3      	ldr	r3, [r4, #8]
10005f16:	056d      	lsls	r5, r5, #21
10005f18:	42ab      	cmp	r3, r5
10005f1a:	d010      	beq.n	10005f3e <cyw43_ll_bus_init+0x12a>
10005f1c:	406b      	eors	r3, r5
10005f1e:	0e1a      	lsrs	r2, r3, #24
10005f20:	d000      	beq.n	10005f24 <cyw43_ll_bus_init+0x110>
10005f22:	e32a      	b.n	1000657a <cyw43_ll_bus_init+0x766>
10005f24:	22ff      	movs	r2, #255	; 0xff
10005f26:	0412      	lsls	r2, r2, #16
10005f28:	4213      	tst	r3, r2
10005f2a:	d000      	beq.n	10005f2e <cyw43_ll_bus_init+0x11a>
10005f2c:	e319      	b.n	10006562 <cyw43_ll_bus_init+0x74e>
10005f2e:	22ff      	movs	r2, #255	; 0xff
10005f30:	0212      	lsls	r2, r2, #8
10005f32:	4213      	tst	r3, r2
10005f34:	d000      	beq.n	10005f38 <cyw43_ll_bus_init+0x124>
10005f36:	e30c      	b.n	10006552 <cyw43_ll_bus_init+0x73e>
10005f38:	23c0      	movs	r3, #192	; 0xc0
10005f3a:	055b      	lsls	r3, r3, #21
10005f3c:	60a3      	str	r3, [r4, #8]
10005f3e:	0020      	movs	r0, r4
10005f40:	496f      	ldr	r1, [pc, #444]	; (10006100 <cyw43_ll_bus_init+0x2ec>)
10005f42:	f7fe ff95 	bl	10004e70 <cyw43_set_backplane_window>
10005f46:	22b8      	movs	r2, #184	; 0xb8
10005f48:	2101      	movs	r1, #1
10005f4a:	0020      	movs	r0, r4
10005f4c:	0212      	lsls	r2, r2, #8
10005f4e:	f7fe fa97 	bl	10004480 <cyw43_read_reg_u8>
10005f52:	26c0      	movs	r6, #192	; 0xc0
10005f54:	68a3      	ldr	r3, [r4, #8]
10005f56:	0005      	movs	r5, r0
10005f58:	0576      	lsls	r6, r6, #21
10005f5a:	42b3      	cmp	r3, r6
10005f5c:	d010      	beq.n	10005f80 <cyw43_ll_bus_init+0x16c>
10005f5e:	4073      	eors	r3, r6
10005f60:	0e1a      	lsrs	r2, r3, #24
10005f62:	d000      	beq.n	10005f66 <cyw43_ll_bus_init+0x152>
10005f64:	e2ec      	b.n	10006540 <cyw43_ll_bus_init+0x72c>
10005f66:	22ff      	movs	r2, #255	; 0xff
10005f68:	0412      	lsls	r2, r2, #16
10005f6a:	4213      	tst	r3, r2
10005f6c:	d000      	beq.n	10005f70 <cyw43_ll_bus_init+0x15c>
10005f6e:	e2db      	b.n	10006528 <cyw43_ll_bus_init+0x714>
10005f70:	22ff      	movs	r2, #255	; 0xff
10005f72:	0212      	lsls	r2, r2, #8
10005f74:	4213      	tst	r3, r2
10005f76:	d000      	beq.n	10005f7a <cyw43_ll_bus_init+0x166>
10005f78:	e29e      	b.n	100064b8 <cyw43_ll_bus_init+0x6a4>
10005f7a:	23c0      	movs	r3, #192	; 0xc0
10005f7c:	055b      	lsls	r3, r3, #21
10005f7e:	60a3      	str	r3, [r4, #8]
10005f80:	07eb      	lsls	r3, r5, #31
10005f82:	d400      	bmi.n	10005f86 <cyw43_ll_bus_init+0x172>
10005f84:	e3b2      	b.n	100066ec <cyw43_ll_bus_init+0x8d8>
10005f86:	0020      	movs	r0, r4
10005f88:	495e      	ldr	r1, [pc, #376]	; (10006104 <cyw43_ll_bus_init+0x2f0>)
10005f8a:	f7fe ff71 	bl	10004e70 <cyw43_set_backplane_window>
10005f8e:	22c8      	movs	r2, #200	; 0xc8
10005f90:	25c0      	movs	r5, #192	; 0xc0
10005f92:	2101      	movs	r1, #1
10005f94:	0020      	movs	r0, r4
10005f96:	0212      	lsls	r2, r2, #8
10005f98:	f7fe fa72 	bl	10004480 <cyw43_read_reg_u8>
10005f9c:	68a3      	ldr	r3, [r4, #8]
10005f9e:	056d      	lsls	r5, r5, #21
10005fa0:	42ab      	cmp	r3, r5
10005fa2:	d010      	beq.n	10005fc6 <cyw43_ll_bus_init+0x1b2>
10005fa4:	406b      	eors	r3, r5
10005fa6:	0e1a      	lsrs	r2, r3, #24
10005fa8:	d000      	beq.n	10005fac <cyw43_ll_bus_init+0x198>
10005faa:	e27c      	b.n	100064a6 <cyw43_ll_bus_init+0x692>
10005fac:	22ff      	movs	r2, #255	; 0xff
10005fae:	0412      	lsls	r2, r2, #16
10005fb0:	4213      	tst	r3, r2
10005fb2:	d000      	beq.n	10005fb6 <cyw43_ll_bus_init+0x1a2>
10005fb4:	e307      	b.n	100065c6 <cyw43_ll_bus_init+0x7b2>
10005fb6:	22ff      	movs	r2, #255	; 0xff
10005fb8:	0212      	lsls	r2, r2, #8
10005fba:	4213      	tst	r3, r2
10005fbc:	d000      	beq.n	10005fc0 <cyw43_ll_bus_init+0x1ac>
10005fbe:	e2fa      	b.n	100065b6 <cyw43_ll_bus_init+0x7a2>
10005fc0:	23c0      	movs	r3, #192	; 0xc0
10005fc2:	055b      	lsls	r3, r3, #21
10005fc4:	60a3      	str	r3, [r4, #8]
10005fc6:	0020      	movs	r0, r4
10005fc8:	494e      	ldr	r1, [pc, #312]	; (10006104 <cyw43_ll_bus_init+0x2f0>)
10005fca:	f7fe ff51 	bl	10004e70 <cyw43_set_backplane_window>
10005fce:	22c8      	movs	r2, #200	; 0xc8
10005fd0:	2101      	movs	r1, #1
10005fd2:	0020      	movs	r0, r4
10005fd4:	0212      	lsls	r2, r2, #8
10005fd6:	f7fe fa53 	bl	10004480 <cyw43_read_reg_u8>
10005fda:	26c0      	movs	r6, #192	; 0xc0
10005fdc:	68a3      	ldr	r3, [r4, #8]
10005fde:	0005      	movs	r5, r0
10005fe0:	0576      	lsls	r6, r6, #21
10005fe2:	42b3      	cmp	r3, r6
10005fe4:	d010      	beq.n	10006008 <cyw43_ll_bus_init+0x1f4>
10005fe6:	4073      	eors	r3, r6
10005fe8:	0e1a      	lsrs	r2, r3, #24
10005fea:	d000      	beq.n	10005fee <cyw43_ll_bus_init+0x1da>
10005fec:	e2da      	b.n	100065a4 <cyw43_ll_bus_init+0x790>
10005fee:	22ff      	movs	r2, #255	; 0xff
10005ff0:	0412      	lsls	r2, r2, #16
10005ff2:	4213      	tst	r3, r2
10005ff4:	d000      	beq.n	10005ff8 <cyw43_ll_bus_init+0x1e4>
10005ff6:	e2c9      	b.n	1000658c <cyw43_ll_bus_init+0x778>
10005ff8:	22ff      	movs	r2, #255	; 0xff
10005ffa:	0212      	lsls	r2, r2, #8
10005ffc:	4213      	tst	r3, r2
10005ffe:	d000      	beq.n	10006002 <cyw43_ll_bus_init+0x1ee>
10006000:	e2ed      	b.n	100065de <cyw43_ll_bus_init+0x7ca>
10006002:	23c0      	movs	r3, #192	; 0xc0
10006004:	055b      	lsls	r3, r3, #21
10006006:	60a3      	str	r3, [r4, #8]
10006008:	07eb      	lsls	r3, r5, #31
1000600a:	d400      	bmi.n	1000600e <cyw43_ll_bus_init+0x1fa>
1000600c:	e372      	b.n	100066f4 <cyw43_ll_bus_init+0x8e0>
1000600e:	25c0      	movs	r5, #192	; 0xc0
10006010:	2102      	movs	r1, #2
10006012:	0020      	movs	r0, r4
10006014:	f7ff fc36 	bl	10005884 <reset_device_core.constprop.0>
10006018:	68a3      	ldr	r3, [r4, #8]
1000601a:	056d      	lsls	r5, r5, #21
1000601c:	42ab      	cmp	r3, r5
1000601e:	d010      	beq.n	10006042 <cyw43_ll_bus_init+0x22e>
10006020:	406b      	eors	r3, r5
10006022:	0e1a      	lsrs	r2, r3, #24
10006024:	d000      	beq.n	10006028 <cyw43_ll_bus_init+0x214>
10006026:	e1f3      	b.n	10006410 <cyw43_ll_bus_init+0x5fc>
10006028:	22ff      	movs	r2, #255	; 0xff
1000602a:	0412      	lsls	r2, r2, #16
1000602c:	4213      	tst	r3, r2
1000602e:	d000      	beq.n	10006032 <cyw43_ll_bus_init+0x21e>
10006030:	e1e2      	b.n	100063f8 <cyw43_ll_bus_init+0x5e4>
10006032:	22ff      	movs	r2, #255	; 0xff
10006034:	0212      	lsls	r2, r2, #8
10006036:	4213      	tst	r3, r2
10006038:	d000      	beq.n	1000603c <cyw43_ll_bus_init+0x228>
1000603a:	e20f      	b.n	1000645c <cyw43_ll_bus_init+0x648>
1000603c:	23c0      	movs	r3, #192	; 0xc0
1000603e:	055b      	lsls	r3, r3, #21
10006040:	60a3      	str	r3, [r4, #8]
10006042:	25c0      	movs	r5, #192	; 0xc0
10006044:	2303      	movs	r3, #3
10006046:	2101      	movs	r1, #1
10006048:	0020      	movs	r0, r4
1000604a:	4a2f      	ldr	r2, [pc, #188]	; (10006108 <cyw43_ll_bus_init+0x2f4>)
1000604c:	f7fe fb52 	bl	100046f4 <cyw43_write_reg_u32>
10006050:	68a3      	ldr	r3, [r4, #8]
10006052:	056d      	lsls	r5, r5, #21
10006054:	42ab      	cmp	r3, r5
10006056:	d010      	beq.n	1000607a <cyw43_ll_bus_init+0x266>
10006058:	406b      	eors	r3, r5
1000605a:	0e1a      	lsrs	r2, r3, #24
1000605c:	d000      	beq.n	10006060 <cyw43_ll_bus_init+0x24c>
1000605e:	e1f4      	b.n	1000644a <cyw43_ll_bus_init+0x636>
10006060:	22ff      	movs	r2, #255	; 0xff
10006062:	0412      	lsls	r2, r2, #16
10006064:	4213      	tst	r3, r2
10006066:	d000      	beq.n	1000606a <cyw43_ll_bus_init+0x256>
10006068:	e1e3      	b.n	10006432 <cyw43_ll_bus_init+0x61e>
1000606a:	22ff      	movs	r2, #255	; 0xff
1000606c:	0212      	lsls	r2, r2, #8
1000606e:	4213      	tst	r3, r2
10006070:	d000      	beq.n	10006074 <cyw43_ll_bus_init+0x260>
10006072:	e1d6      	b.n	10006422 <cyw43_ll_bus_init+0x60e>
10006074:	23c0      	movs	r3, #192	; 0xc0
10006076:	055b      	lsls	r3, r3, #21
10006078:	60a3      	str	r3, [r4, #8]
1000607a:	25c0      	movs	r5, #192	; 0xc0
1000607c:	2300      	movs	r3, #0
1000607e:	2101      	movs	r1, #1
10006080:	0020      	movs	r0, r4
10006082:	4a22      	ldr	r2, [pc, #136]	; (1000610c <cyw43_ll_bus_init+0x2f8>)
10006084:	f7fe fb36 	bl	100046f4 <cyw43_write_reg_u32>
10006088:	68a3      	ldr	r3, [r4, #8]
1000608a:	056d      	lsls	r5, r5, #21
1000608c:	42ab      	cmp	r3, r5
1000608e:	d010      	beq.n	100060b2 <cyw43_ll_bus_init+0x29e>
10006090:	406b      	eors	r3, r5
10006092:	0e1a      	lsrs	r2, r3, #24
10006094:	d000      	beq.n	10006098 <cyw43_ll_bus_init+0x284>
10006096:	e1f5      	b.n	10006484 <cyw43_ll_bus_init+0x670>
10006098:	22ff      	movs	r2, #255	; 0xff
1000609a:	0412      	lsls	r2, r2, #16
1000609c:	4213      	tst	r3, r2
1000609e:	d000      	beq.n	100060a2 <cyw43_ll_bus_init+0x28e>
100060a0:	e1e4      	b.n	1000646c <cyw43_ll_bus_init+0x658>
100060a2:	22ff      	movs	r2, #255	; 0xff
100060a4:	0212      	lsls	r2, r2, #8
100060a6:	4213      	tst	r3, r2
100060a8:	d000      	beq.n	100060ac <cyw43_ll_bus_init+0x298>
100060aa:	e1f4      	b.n	10006496 <cyw43_ll_bus_init+0x682>
100060ac:	23c0      	movs	r3, #192	; 0xc0
100060ae:	055b      	lsls	r3, r3, #21
100060b0:	60a3      	str	r3, [r4, #8]
100060b2:	4b17      	ldr	r3, [pc, #92]	; (10006110 <cyw43_ll_bus_init+0x2fc>)
100060b4:	4a17      	ldr	r2, [pc, #92]	; (10006114 <cyw43_ll_bus_init+0x300>)
100060b6:	469a      	mov	sl, r3
100060b8:	4b17      	ldr	r3, [pc, #92]	; (10006118 <cyw43_ll_bus_init+0x304>)
100060ba:	4453      	add	r3, sl
100060bc:	5a9e      	ldrh	r6, [r3, r2]
100060be:	3a1b      	subs	r2, #27
100060c0:	3aff      	subs	r2, #255	; 0xff
100060c2:	4296      	cmp	r6, r2
100060c4:	db00      	blt.n	100060c8 <cyw43_ll_bus_init+0x2b4>
100060c6:	e191      	b.n	100063ec <cyw43_ll_bus_init+0x5d8>
100060c8:	4a14      	ldr	r2, [pc, #80]	; (1000611c <cyw43_ll_bus_init+0x308>)
100060ca:	5c9b      	ldrb	r3, [r3, r2]
100060cc:	2b00      	cmp	r3, #0
100060ce:	d000      	beq.n	100060d2 <cyw43_ll_bus_init+0x2be>
100060d0:	e18c      	b.n	100063ec <cyw43_ll_bus_init+0x5d8>
100060d2:	2e50      	cmp	r6, #80	; 0x50
100060d4:	dc00      	bgt.n	100060d8 <cyw43_ll_bus_init+0x2c4>
100060d6:	e189      	b.n	100063ec <cyw43_ll_bus_init+0x5d8>
100060d8:	4b11      	ldr	r3, [pc, #68]	; (10006120 <cyw43_ll_bus_init+0x30c>)
100060da:	2550      	movs	r5, #80	; 0x50
100060dc:	4699      	mov	r9, r3
100060de:	4b11      	ldr	r3, [pc, #68]	; (10006124 <cyw43_ll_bus_init+0x310>)
100060e0:	4453      	add	r3, sl
100060e2:	4698      	mov	r8, r3
100060e4:	e024      	b.n	10006130 <cyw43_ll_bus_init+0x31c>
100060e6:	46c0      	nop			; (mov r8, r8)
100060e8:	40054000 	.word	0x40054000
100060ec:	feedbead 	.word	0xfeedbead
100060f0:	10008038 	.word	0x10008038
100060f4:	000204b3 	.word	0x000204b3
100060f8:	0001000e 	.word	0x0001000e
100060fc:	1000808c 	.word	0x1000808c
10006100:	18103800 	.word	0x18103800
10006104:	18104800 	.word	0x18104800
10006108:	0000c010 	.word	0x0000c010
1000610c:	0000c044 	.word	0x0000c044
10006110:	100081a0 	.word	0x100081a0
10006114:	0000030e 	.word	0x0000030e
10006118:	0003689e 	.word	0x0003689e
1000611c:	0000030d 	.word	0x0000030d
10006120:	10008058 	.word	0x10008058
10006124:	00036bab 	.word	0x00036bab
10006128:	3501      	adds	r5, #1
1000612a:	42ae      	cmp	r6, r5
1000612c:	dc00      	bgt.n	10006130 <cyw43_ll_bus_init+0x31c>
1000612e:	e15d      	b.n	100063ec <cyw43_ll_bus_init+0x5d8>
10006130:	4643      	mov	r3, r8
10006132:	2209      	movs	r2, #9
10006134:	4649      	mov	r1, r9
10006136:	1b58      	subs	r0, r3, r5
10006138:	f001 fc52 	bl	100079e0 <strncmp>
1000613c:	2800      	cmp	r0, #0
1000613e:	d1f3      	bne.n	10006128 <cyw43_ll_bus_init+0x314>
10006140:	4653      	mov	r3, sl
10006142:	2100      	movs	r1, #0
10006144:	0020      	movs	r0, r4
10006146:	4ae0      	ldr	r2, [pc, #896]	; (100064c8 <cyw43_ll_bus_init+0x6b4>)
10006148:	f7ff f9ac 	bl	100054a4 <cyw43_download_resource>
1000614c:	1e05      	subs	r5, r0, #0
1000614e:	d000      	beq.n	10006152 <cyw43_ll_bus_init+0x33e>
10006150:	e688      	b.n	10005e64 <cyw43_ll_bus_init+0x50>
10006152:	22ba      	movs	r2, #186	; 0xba
10006154:	4bdd      	ldr	r3, [pc, #884]	; (100064cc <cyw43_ll_bus_init+0x6b8>)
10006156:	49de      	ldr	r1, [pc, #888]	; (100064d0 <cyw43_ll_bus_init+0x6bc>)
10006158:	0092      	lsls	r2, r2, #2
1000615a:	0020      	movs	r0, r4
1000615c:	f7ff f9a2 	bl	100054a4 <cyw43_download_resource>
10006160:	4bdc      	ldr	r3, [pc, #880]	; (100064d4 <cyw43_ll_bus_init+0x6c0>)
10006162:	2204      	movs	r2, #4
10006164:	0020      	movs	r0, r4
10006166:	49dc      	ldr	r1, [pc, #880]	; (100064d8 <cyw43_ll_bus_init+0x6c4>)
10006168:	f7ff fb0a 	bl	10005780 <cyw43_write_backplane>
1000616c:	2101      	movs	r1, #1
1000616e:	0020      	movs	r0, r4
10006170:	f7ff fb88 	bl	10005884 <reset_device_core.constprop.0>
10006174:	0020      	movs	r0, r4
10006176:	49d9      	ldr	r1, [pc, #868]	; (100064dc <cyw43_ll_bus_init+0x6c8>)
10006178:	f7ff fa94 	bl	100056a4 <cyw43_read_backplane.constprop.0>
1000617c:	2303      	movs	r3, #3
1000617e:	4003      	ands	r3, r0
10006180:	2b01      	cmp	r3, #1
10006182:	d002      	beq.n	1000618a <cyw43_ll_bus_init+0x376>
10006184:	48d6      	ldr	r0, [pc, #856]	; (100064e0 <cyw43_ll_bus_init+0x6cc>)
10006186:	f7fd fcc9 	bl	10003b1c <__wrap_puts>
1000618a:	0020      	movs	r0, r4
1000618c:	49d5      	ldr	r1, [pc, #852]	; (100064e4 <cyw43_ll_bus_init+0x6d0>)
1000618e:	f7ff fa89 	bl	100056a4 <cyw43_read_backplane.constprop.0>
10006192:	07c3      	lsls	r3, r0, #31
10006194:	d500      	bpl.n	10006198 <cyw43_ll_bus_init+0x384>
10006196:	e22a      	b.n	100065ee <cyw43_ll_bus_init+0x7da>
10006198:	26fa      	movs	r6, #250	; 0xfa
1000619a:	2380      	movs	r3, #128	; 0x80
1000619c:	00b6      	lsls	r6, r6, #2
1000619e:	4698      	mov	r8, r3
100061a0:	e006      	b.n	100061b0 <cyw43_ll_bus_init+0x39c>
100061a2:	2001      	movs	r0, #1
100061a4:	3e01      	subs	r6, #1
100061a6:	f001 f8cd 	bl	10007344 <cyw43_delay_ms>
100061aa:	2e00      	cmp	r6, #0
100061ac:	d100      	bne.n	100061b0 <cyw43_ll_bus_init+0x39c>
100061ae:	e270      	b.n	10006692 <cyw43_ll_bus_init+0x87e>
100061b0:	2101      	movs	r1, #1
100061b2:	0020      	movs	r0, r4
100061b4:	4acc      	ldr	r2, [pc, #816]	; (100064e8 <cyw43_ll_bus_init+0x6d4>)
100061b6:	f7fe f963 	bl	10004480 <cyw43_read_reg_u8>
100061ba:	4643      	mov	r3, r8
100061bc:	4203      	tst	r3, r0
100061be:	d0f0      	beq.n	100061a2 <cyw43_ll_bus_init+0x38e>
100061c0:	23f0      	movs	r3, #240	; 0xf0
100061c2:	2204      	movs	r2, #4
100061c4:	0020      	movs	r0, r4
100061c6:	49c9      	ldr	r1, [pc, #804]	; (100064ec <cyw43_ll_bus_init+0x6d8>)
100061c8:	f7ff fada 	bl	10005780 <cyw43_write_backplane>
100061cc:	2320      	movs	r3, #32
100061ce:	2101      	movs	r1, #1
100061d0:	0020      	movs	r0, r4
100061d2:	4ac7      	ldr	r2, [pc, #796]	; (100064f0 <cyw43_ll_bus_init+0x6dc>)
100061d4:	f7fe fc96 	bl	10004b04 <cyw43_write_reg_u8>
100061d8:	26fa      	movs	r6, #250	; 0xfa
100061da:	2320      	movs	r3, #32
100061dc:	00b6      	lsls	r6, r6, #2
100061de:	4698      	mov	r8, r3
100061e0:	e006      	b.n	100061f0 <cyw43_ll_bus_init+0x3dc>
100061e2:	2001      	movs	r0, #1
100061e4:	3e01      	subs	r6, #1
100061e6:	f001 f8ad 	bl	10007344 <cyw43_delay_ms>
100061ea:	2e00      	cmp	r6, #0
100061ec:	d100      	bne.n	100061f0 <cyw43_ll_bus_init+0x3dc>
100061ee:	e276      	b.n	100066de <cyw43_ll_bus_init+0x8ca>
100061f0:	2208      	movs	r2, #8
100061f2:	2100      	movs	r1, #0
100061f4:	0020      	movs	r0, r4
100061f6:	f7fe f8d7 	bl	100043a8 <cyw43_read_reg_u32>
100061fa:	4643      	mov	r3, r8
100061fc:	4203      	tst	r3, r0
100061fe:	d0f0      	beq.n	100061e2 <cyw43_ll_bus_init+0x3ce>
10006200:	2101      	movs	r1, #1
10006202:	4abc      	ldr	r2, [pc, #752]	; (100064f4 <cyw43_ll_bus_init+0x6e0>)
10006204:	0020      	movs	r0, r4
10006206:	f7fe f93b 	bl	10004480 <cyw43_read_reg_u8>
1000620a:	2202      	movs	r2, #2
1000620c:	b2c3      	uxtb	r3, r0
1000620e:	4313      	orrs	r3, r2
10006210:	2101      	movs	r1, #1
10006212:	4ab8      	ldr	r2, [pc, #736]	; (100064f4 <cyw43_ll_bus_init+0x6e0>)
10006214:	0020      	movs	r0, r4
10006216:	f7fe fc75 	bl	10004b04 <cyw43_write_reg_u8>
1000621a:	2308      	movs	r3, #8
1000621c:	22f0      	movs	r2, #240	; 0xf0
1000621e:	2100      	movs	r1, #0
10006220:	0020      	movs	r0, r4
10006222:	f7fe fc6f 	bl	10004b04 <cyw43_write_reg_u8>
10006226:	2302      	movs	r3, #2
10006228:	2101      	movs	r1, #1
1000622a:	4aaf      	ldr	r2, [pc, #700]	; (100064e8 <cyw43_ll_bus_init+0x6d4>)
1000622c:	0020      	movs	r0, r4
1000622e:	f7fe fc69 	bl	10004b04 <cyw43_write_reg_u8>
10006232:	2101      	movs	r1, #1
10006234:	0020      	movs	r0, r4
10006236:	4ab0      	ldr	r2, [pc, #704]	; (100064f8 <cyw43_ll_bus_init+0x6e4>)
10006238:	f7fe f922 	bl	10004480 <cyw43_read_reg_u8>
1000623c:	07c3      	lsls	r3, r0, #31
1000623e:	d400      	bmi.n	10006242 <cyw43_ll_bus_init+0x42e>
10006240:	e1dd      	b.n	100065fe <cyw43_ll_bus_init+0x7ea>
10006242:	230f      	movs	r3, #15
10006244:	2101      	movs	r1, #1
10006246:	4aad      	ldr	r2, [pc, #692]	; (100064fc <cyw43_ll_bus_init+0x6e8>)
10006248:	0020      	movs	r0, r4
1000624a:	f7fe fc5b 	bl	10004b04 <cyw43_write_reg_u8>
1000624e:	2300      	movs	r3, #0
10006250:	2101      	movs	r1, #1
10006252:	4aaa      	ldr	r2, [pc, #680]	; (100064fc <cyw43_ll_bus_init+0x6e8>)
10006254:	0020      	movs	r0, r4
10006256:	f7fe fc55 	bl	10004b04 <cyw43_write_reg_u8>
1000625a:	2101      	movs	r1, #1
1000625c:	4aa7      	ldr	r2, [pc, #668]	; (100064fc <cyw43_ll_bus_init+0x6e8>)
1000625e:	0020      	movs	r0, r4
10006260:	f7fe f90e 	bl	10004480 <cyw43_read_reg_u8>
10006264:	2204      	movs	r2, #4
10006266:	2100      	movs	r1, #0
10006268:	0020      	movs	r0, r4
1000626a:	f7fe f8d3 	bl	10004414 <cyw43_read_reg_u16>
1000626e:	07c3      	lsls	r3, r0, #31
10006270:	d500      	bpl.n	10006274 <cyw43_ll_bus_init+0x460>
10006272:	e1cd      	b.n	10006610 <cyw43_ll_bus_init+0x7fc>
10006274:	26c0      	movs	r6, #192	; 0xc0
10006276:	68a3      	ldr	r3, [r4, #8]
10006278:	0576      	lsls	r6, r6, #21
1000627a:	42b3      	cmp	r3, r6
1000627c:	d010      	beq.n	100062a0 <cyw43_ll_bus_init+0x48c>
1000627e:	4073      	eors	r3, r6
10006280:	0e1a      	lsrs	r2, r3, #24
10006282:	d000      	beq.n	10006286 <cyw43_ll_bus_init+0x472>
10006284:	e1fc      	b.n	10006680 <cyw43_ll_bus_init+0x86c>
10006286:	22ff      	movs	r2, #255	; 0xff
10006288:	0412      	lsls	r2, r2, #16
1000628a:	4213      	tst	r3, r2
1000628c:	d000      	beq.n	10006290 <cyw43_ll_bus_init+0x47c>
1000628e:	e1eb      	b.n	10006668 <cyw43_ll_bus_init+0x854>
10006290:	22ff      	movs	r2, #255	; 0xff
10006292:	0212      	lsls	r2, r2, #8
10006294:	4213      	tst	r3, r2
10006296:	d000      	beq.n	1000629a <cyw43_ll_bus_init+0x486>
10006298:	e1de      	b.n	10006658 <cyw43_ll_bus_init+0x844>
1000629a:	23c0      	movs	r3, #192	; 0xc0
1000629c:	055b      	lsls	r3, r3, #21
1000629e:	60a3      	str	r3, [r4, #8]
100062a0:	26c0      	movs	r6, #192	; 0xc0
100062a2:	2101      	movs	r1, #1
100062a4:	0020      	movs	r0, r4
100062a6:	4a96      	ldr	r2, [pc, #600]	; (10006500 <cyw43_ll_bus_init+0x6ec>)
100062a8:	f7fe f87e 	bl	100043a8 <cyw43_read_reg_u32>
100062ac:	68a3      	ldr	r3, [r4, #8]
100062ae:	0576      	lsls	r6, r6, #21
100062b0:	42b3      	cmp	r3, r6
100062b2:	d010      	beq.n	100062d6 <cyw43_ll_bus_init+0x4c2>
100062b4:	4073      	eors	r3, r6
100062b6:	0e1a      	lsrs	r2, r3, #24
100062b8:	d000      	beq.n	100062bc <cyw43_ll_bus_init+0x4a8>
100062ba:	e1c4      	b.n	10006646 <cyw43_ll_bus_init+0x832>
100062bc:	22ff      	movs	r2, #255	; 0xff
100062be:	0412      	lsls	r2, r2, #16
100062c0:	4213      	tst	r3, r2
100062c2:	d000      	beq.n	100062c6 <cyw43_ll_bus_init+0x4b2>
100062c4:	e1b3      	b.n	1000662e <cyw43_ll_bus_init+0x81a>
100062c6:	22ff      	movs	r2, #255	; 0xff
100062c8:	0212      	lsls	r2, r2, #8
100062ca:	4213      	tst	r3, r2
100062cc:	d000      	beq.n	100062d0 <cyw43_ll_bus_init+0x4bc>
100062ce:	e1a6      	b.n	1000661e <cyw43_ll_bus_init+0x80a>
100062d0:	23c0      	movs	r3, #192	; 0xc0
100062d2:	055b      	lsls	r3, r3, #21
100062d4:	60a3      	str	r3, [r4, #8]
100062d6:	0020      	movs	r0, r4
100062d8:	f000 fbb0 	bl	10006a3c <cyw43_cb_ensure_awake>
100062dc:	7ca3      	ldrb	r3, [r4, #18]
100062de:	2b00      	cmp	r3, #0
100062e0:	d105      	bne.n	100062ee <cyw43_ll_bus_init+0x4da>
100062e2:	2101      	movs	r1, #1
100062e4:	0020      	movs	r0, r4
100062e6:	f7fe fe93 	bl	10005010 <cyw43_kso_set>
100062ea:	2301      	movs	r3, #1
100062ec:	74a3      	strb	r3, [r4, #18]
100062ee:	2344      	movs	r3, #68	; 0x44
100062f0:	4e84      	ldr	r6, [pc, #528]	; (10006504 <cyw43_ll_bus_init+0x6f0>)
100062f2:	4698      	mov	r8, r3
100062f4:	0031      	movs	r1, r6
100062f6:	44a0      	add	r8, r4
100062f8:	2208      	movs	r2, #8
100062fa:	312c      	adds	r1, #44	; 0x2c
100062fc:	4640      	mov	r0, r8
100062fe:	f7fb ffa9 	bl	10002254 <__wrap___aeabi_memcpy>
10006302:	4b81      	ldr	r3, [pc, #516]	; (10006508 <cyw43_ll_bus_init+0x6f4>)
10006304:	22f6      	movs	r2, #246	; 0xf6
10006306:	21db      	movs	r1, #219	; 0xdb
10006308:	64e3      	str	r3, [r4, #76]	; 0x4c
1000630a:	0020      	movs	r0, r4
1000630c:	2300      	movs	r3, #0
1000630e:	0092      	lsls	r2, r2, #2
10006310:	0289      	lsls	r1, r1, #10
10006312:	4451      	add	r1, sl
10006314:	6522      	str	r2, [r4, #80]	; 0x50
10006316:	6563      	str	r3, [r4, #84]	; 0x54
10006318:	3058      	adds	r0, #88	; 0x58
1000631a:	4699      	mov	r9, r3
1000631c:	f7fb ff9a 	bl	10002254 <__wrap___aeabi_memcpy>
10006320:	2208      	movs	r2, #8
10006322:	32ff      	adds	r2, #255	; 0xff
10006324:	4692      	mov	sl, r2
10006326:	6362      	str	r2, [r4, #52]	; 0x34
10006328:	22fc      	movs	r2, #252	; 0xfc
1000632a:	0092      	lsls	r2, r2, #2
1000632c:	4693      	mov	fp, r2
1000632e:	63a2      	str	r2, [r4, #56]	; 0x38
10006330:	2202      	movs	r2, #2
10006332:	8a23      	ldrh	r3, [r4, #16]
10006334:	2100      	movs	r1, #0
10006336:	3301      	adds	r3, #1
10006338:	b29b      	uxth	r3, r3
1000633a:	8223      	strh	r3, [r4, #16]
1000633c:	041b      	lsls	r3, r3, #16
1000633e:	4313      	orrs	r3, r2
10006340:	63e3      	str	r3, [r4, #60]	; 0x3c
10006342:	464b      	mov	r3, r9
10006344:	6423      	str	r3, [r4, #64]	; 0x40
10006346:	3328      	adds	r3, #40	; 0x28
10006348:	4699      	mov	r9, r3
1000634a:	2280      	movs	r2, #128	; 0x80
1000634c:	44a1      	add	r9, r4
1000634e:	464b      	mov	r3, r9
10006350:	0020      	movs	r0, r4
10006352:	00d2      	lsls	r2, r2, #3
10006354:	f7fe ffc8 	bl	100052e8 <cyw43_sdpcm_send_common>
10006358:	2800      	cmp	r0, #0
1000635a:	d107      	bne.n	1000636c <cyw43_ll_bus_init+0x558>
1000635c:	4643      	mov	r3, r8
1000635e:	4652      	mov	r2, sl
10006360:	9300      	str	r3, [sp, #0]
10006362:	2102      	movs	r1, #2
10006364:	465b      	mov	r3, fp
10006366:	0020      	movs	r0, r4
10006368:	f7ff f83a 	bl	100053e0 <cyw43_do_ioctl.part.0>
1000636c:	0031      	movs	r1, r6
1000636e:	2213      	movs	r2, #19
10006370:	3138      	adds	r1, #56	; 0x38
10006372:	4640      	mov	r0, r8
10006374:	f7fb ff6e 	bl	10002254 <__wrap___aeabi_memcpy>
10006378:	8a23      	ldrh	r3, [r4, #16]
1000637a:	2283      	movs	r2, #131	; 0x83
1000637c:	3301      	adds	r3, #1
1000637e:	b29b      	uxth	r3, r3
10006380:	8223      	strh	r3, [r4, #16]
10006382:	041b      	lsls	r3, r3, #16
10006384:	63e3      	str	r3, [r4, #60]	; 0x3c
10006386:	2300      	movs	r3, #0
10006388:	0052      	lsls	r2, r2, #1
1000638a:	4692      	mov	sl, r2
1000638c:	6362      	str	r2, [r4, #52]	; 0x34
1000638e:	3af3      	subs	r2, #243	; 0xf3
10006390:	63a2      	str	r2, [r4, #56]	; 0x38
10006392:	6423      	str	r3, [r4, #64]	; 0x40
10006394:	2100      	movs	r1, #0
10006396:	464b      	mov	r3, r9
10006398:	0020      	movs	r0, r4
1000639a:	3210      	adds	r2, #16
1000639c:	f7fe ffa4 	bl	100052e8 <cyw43_sdpcm_send_common>
100063a0:	2800      	cmp	r0, #0
100063a2:	d107      	bne.n	100063b4 <cyw43_ll_bus_init+0x5a0>
100063a4:	4643      	mov	r3, r8
100063a6:	4652      	mov	r2, sl
100063a8:	9300      	str	r3, [sp, #0]
100063aa:	2100      	movs	r1, #0
100063ac:	2313      	movs	r3, #19
100063ae:	0020      	movs	r0, r4
100063b0:	f7ff f816 	bl	100053e0 <cyw43_do_ioctl.part.0>
100063b4:	6c63      	ldr	r3, [r4, #68]	; 0x44
100063b6:	2b00      	cmp	r3, #0
100063b8:	d000      	beq.n	100063bc <cyw43_ll_bus_init+0x5a8>
100063ba:	e11c      	b.n	100065f6 <cyw43_ll_bus_init+0x7e2>
100063bc:	2300      	movs	r3, #0
100063be:	2200      	movs	r2, #0
100063c0:	0020      	movs	r0, r4
100063c2:	4952      	ldr	r1, [pc, #328]	; (1000650c <cyw43_ll_bus_init+0x6f8>)
100063c4:	f7ff f91c 	bl	10005600 <cyw43_write_iovar_u32>
100063c8:	2300      	movs	r3, #0
100063ca:	2201      	movs	r2, #1
100063cc:	0020      	movs	r0, r4
100063ce:	4950      	ldr	r1, [pc, #320]	; (10006510 <cyw43_ll_bus_init+0x6fc>)
100063d0:	f7ff f916 	bl	10005600 <cyw43_write_iovar_u32>
100063d4:	2f00      	cmp	r7, #0
100063d6:	d100      	bne.n	100063da <cyw43_ll_bus_init+0x5c6>
100063d8:	e162      	b.n	100066a0 <cyw43_ll_bus_init+0x88c>
100063da:	2300      	movs	r3, #0
100063dc:	2206      	movs	r2, #6
100063de:	9300      	str	r3, [sp, #0]
100063e0:	0020      	movs	r0, r4
100063e2:	003b      	movs	r3, r7
100063e4:	494b      	ldr	r1, [pc, #300]	; (10006514 <cyw43_ll_bus_init+0x700>)
100063e6:	f7ff f8c5 	bl	10005574 <cyw43_write_iovar_n>
100063ea:	e53b      	b.n	10005e64 <cyw43_ll_bus_init+0x50>
100063ec:	2506      	movs	r5, #6
100063ee:	484a      	ldr	r0, [pc, #296]	; (10006518 <cyw43_ll_bus_init+0x704>)
100063f0:	f7fd fb94 	bl	10003b1c <__wrap_puts>
100063f4:	426d      	negs	r5, r5
100063f6:	e535      	b.n	10005e64 <cyw43_ll_bus_init+0x50>
100063f8:	23c0      	movs	r3, #192	; 0xc0
100063fa:	4a48      	ldr	r2, [pc, #288]	; (1000651c <cyw43_ll_bus_init+0x708>)
100063fc:	015b      	lsls	r3, r3, #5
100063fe:	2101      	movs	r1, #1
10006400:	0020      	movs	r0, r4
10006402:	f7fe fb7f 	bl	10004b04 <cyw43_write_reg_u8>
10006406:	23c0      	movs	r3, #192	; 0xc0
10006408:	68a2      	ldr	r2, [r4, #8]
1000640a:	055b      	lsls	r3, r3, #21
1000640c:	4053      	eors	r3, r2
1000640e:	e610      	b.n	10006032 <cyw43_ll_bus_init+0x21e>
10006410:	2318      	movs	r3, #24
10006412:	2101      	movs	r1, #1
10006414:	0020      	movs	r0, r4
10006416:	4a42      	ldr	r2, [pc, #264]	; (10006520 <cyw43_ll_bus_init+0x70c>)
10006418:	f7fe fb74 	bl	10004b04 <cyw43_write_reg_u8>
1000641c:	68a3      	ldr	r3, [r4, #8]
1000641e:	406b      	eors	r3, r5
10006420:	e602      	b.n	10006028 <cyw43_ll_bus_init+0x214>
10006422:	23c0      	movs	r3, #192	; 0xc0
10006424:	2101      	movs	r1, #1
10006426:	0020      	movs	r0, r4
10006428:	4a3e      	ldr	r2, [pc, #248]	; (10006524 <cyw43_ll_bus_init+0x710>)
1000642a:	035b      	lsls	r3, r3, #13
1000642c:	f7fe fb6a 	bl	10004b04 <cyw43_write_reg_u8>
10006430:	e620      	b.n	10006074 <cyw43_ll_bus_init+0x260>
10006432:	23c0      	movs	r3, #192	; 0xc0
10006434:	4a39      	ldr	r2, [pc, #228]	; (1000651c <cyw43_ll_bus_init+0x708>)
10006436:	015b      	lsls	r3, r3, #5
10006438:	2101      	movs	r1, #1
1000643a:	0020      	movs	r0, r4
1000643c:	f7fe fb62 	bl	10004b04 <cyw43_write_reg_u8>
10006440:	23c0      	movs	r3, #192	; 0xc0
10006442:	68a2      	ldr	r2, [r4, #8]
10006444:	055b      	lsls	r3, r3, #21
10006446:	4053      	eors	r3, r2
10006448:	e60f      	b.n	1000606a <cyw43_ll_bus_init+0x256>
1000644a:	2318      	movs	r3, #24
1000644c:	2101      	movs	r1, #1
1000644e:	0020      	movs	r0, r4
10006450:	4a33      	ldr	r2, [pc, #204]	; (10006520 <cyw43_ll_bus_init+0x70c>)
10006452:	f7fe fb57 	bl	10004b04 <cyw43_write_reg_u8>
10006456:	68a3      	ldr	r3, [r4, #8]
10006458:	406b      	eors	r3, r5
1000645a:	e601      	b.n	10006060 <cyw43_ll_bus_init+0x24c>
1000645c:	23c0      	movs	r3, #192	; 0xc0
1000645e:	2101      	movs	r1, #1
10006460:	0020      	movs	r0, r4
10006462:	4a30      	ldr	r2, [pc, #192]	; (10006524 <cyw43_ll_bus_init+0x710>)
10006464:	035b      	lsls	r3, r3, #13
10006466:	f7fe fb4d 	bl	10004b04 <cyw43_write_reg_u8>
1000646a:	e5e7      	b.n	1000603c <cyw43_ll_bus_init+0x228>
1000646c:	23c0      	movs	r3, #192	; 0xc0
1000646e:	4a2b      	ldr	r2, [pc, #172]	; (1000651c <cyw43_ll_bus_init+0x708>)
10006470:	015b      	lsls	r3, r3, #5
10006472:	2101      	movs	r1, #1
10006474:	0020      	movs	r0, r4
10006476:	f7fe fb45 	bl	10004b04 <cyw43_write_reg_u8>
1000647a:	23c0      	movs	r3, #192	; 0xc0
1000647c:	68a2      	ldr	r2, [r4, #8]
1000647e:	055b      	lsls	r3, r3, #21
10006480:	4053      	eors	r3, r2
10006482:	e60e      	b.n	100060a2 <cyw43_ll_bus_init+0x28e>
10006484:	2318      	movs	r3, #24
10006486:	2101      	movs	r1, #1
10006488:	0020      	movs	r0, r4
1000648a:	4a25      	ldr	r2, [pc, #148]	; (10006520 <cyw43_ll_bus_init+0x70c>)
1000648c:	f7fe fb3a 	bl	10004b04 <cyw43_write_reg_u8>
10006490:	68a3      	ldr	r3, [r4, #8]
10006492:	406b      	eors	r3, r5
10006494:	e600      	b.n	10006098 <cyw43_ll_bus_init+0x284>
10006496:	23c0      	movs	r3, #192	; 0xc0
10006498:	2101      	movs	r1, #1
1000649a:	0020      	movs	r0, r4
1000649c:	4a21      	ldr	r2, [pc, #132]	; (10006524 <cyw43_ll_bus_init+0x710>)
1000649e:	035b      	lsls	r3, r3, #13
100064a0:	f7fe fb30 	bl	10004b04 <cyw43_write_reg_u8>
100064a4:	e602      	b.n	100060ac <cyw43_ll_bus_init+0x298>
100064a6:	2318      	movs	r3, #24
100064a8:	2101      	movs	r1, #1
100064aa:	0020      	movs	r0, r4
100064ac:	4a1c      	ldr	r2, [pc, #112]	; (10006520 <cyw43_ll_bus_init+0x70c>)
100064ae:	f7fe fb29 	bl	10004b04 <cyw43_write_reg_u8>
100064b2:	68a3      	ldr	r3, [r4, #8]
100064b4:	406b      	eors	r3, r5
100064b6:	e579      	b.n	10005fac <cyw43_ll_bus_init+0x198>
100064b8:	23c0      	movs	r3, #192	; 0xc0
100064ba:	2101      	movs	r1, #1
100064bc:	0020      	movs	r0, r4
100064be:	4a19      	ldr	r2, [pc, #100]	; (10006524 <cyw43_ll_bus_init+0x710>)
100064c0:	035b      	lsls	r3, r3, #13
100064c2:	f7fe fb1f 	bl	10004b04 <cyw43_write_reg_u8>
100064c6:	e558      	b.n	10005f7a <cyw43_ll_bus_init+0x166>
100064c8:	00036bc0 	.word	0x00036bc0
100064cc:	1003f178 	.word	0x1003f178
100064d0:	0007fd14 	.word	0x0007fd14
100064d4:	ff4500ba 	.word	0xff4500ba
100064d8:	0007fffc 	.word	0x0007fffc
100064dc:	18103408 	.word	0x18103408
100064e0:	100080b8 	.word	0x100080b8
100064e4:	18103800 	.word	0x18103800
100064e8:	0001000e 	.word	0x0001000e
100064ec:	18002024 	.word	0x18002024
100064f0:	00010008 	.word	0x00010008
100064f4:	0001001e 	.word	0x0001001e
100064f8:	0001001f 	.word	0x0001001f
100064fc:	0001000f 	.word	0x0001000f
10006500:	00008508 	.word	0x00008508
10006504:	1000812c 	.word	0x1000812c
10006508:	00021006 	.word	0x00021006
1000650c:	10007fe4 	.word	0x10007fe4
10006510:	10007ff0 	.word	0x10007ff0
10006514:	10008114 	.word	0x10008114
10006518:	10008064 	.word	0x10008064
1000651c:	0001000b 	.word	0x0001000b
10006520:	0001000c 	.word	0x0001000c
10006524:	0001000a 	.word	0x0001000a
10006528:	23c0      	movs	r3, #192	; 0xc0
1000652a:	4a74      	ldr	r2, [pc, #464]	; (100066fc <cyw43_ll_bus_init+0x8e8>)
1000652c:	015b      	lsls	r3, r3, #5
1000652e:	2101      	movs	r1, #1
10006530:	0020      	movs	r0, r4
10006532:	f7fe fae7 	bl	10004b04 <cyw43_write_reg_u8>
10006536:	23c0      	movs	r3, #192	; 0xc0
10006538:	68a2      	ldr	r2, [r4, #8]
1000653a:	055b      	lsls	r3, r3, #21
1000653c:	4053      	eors	r3, r2
1000653e:	e517      	b.n	10005f70 <cyw43_ll_bus_init+0x15c>
10006540:	2318      	movs	r3, #24
10006542:	2101      	movs	r1, #1
10006544:	0020      	movs	r0, r4
10006546:	4a6e      	ldr	r2, [pc, #440]	; (10006700 <cyw43_ll_bus_init+0x8ec>)
10006548:	f7fe fadc 	bl	10004b04 <cyw43_write_reg_u8>
1000654c:	68a3      	ldr	r3, [r4, #8]
1000654e:	4073      	eors	r3, r6
10006550:	e509      	b.n	10005f66 <cyw43_ll_bus_init+0x152>
10006552:	23c0      	movs	r3, #192	; 0xc0
10006554:	2101      	movs	r1, #1
10006556:	0020      	movs	r0, r4
10006558:	4a6a      	ldr	r2, [pc, #424]	; (10006704 <cyw43_ll_bus_init+0x8f0>)
1000655a:	035b      	lsls	r3, r3, #13
1000655c:	f7fe fad2 	bl	10004b04 <cyw43_write_reg_u8>
10006560:	e4ea      	b.n	10005f38 <cyw43_ll_bus_init+0x124>
10006562:	23c0      	movs	r3, #192	; 0xc0
10006564:	4a65      	ldr	r2, [pc, #404]	; (100066fc <cyw43_ll_bus_init+0x8e8>)
10006566:	015b      	lsls	r3, r3, #5
10006568:	2101      	movs	r1, #1
1000656a:	0020      	movs	r0, r4
1000656c:	f7fe faca 	bl	10004b04 <cyw43_write_reg_u8>
10006570:	23c0      	movs	r3, #192	; 0xc0
10006572:	68a2      	ldr	r2, [r4, #8]
10006574:	055b      	lsls	r3, r3, #21
10006576:	4053      	eors	r3, r2
10006578:	e4d9      	b.n	10005f2e <cyw43_ll_bus_init+0x11a>
1000657a:	2318      	movs	r3, #24
1000657c:	2101      	movs	r1, #1
1000657e:	0020      	movs	r0, r4
10006580:	4a5f      	ldr	r2, [pc, #380]	; (10006700 <cyw43_ll_bus_init+0x8ec>)
10006582:	f7fe fabf 	bl	10004b04 <cyw43_write_reg_u8>
10006586:	68a3      	ldr	r3, [r4, #8]
10006588:	406b      	eors	r3, r5
1000658a:	e4cb      	b.n	10005f24 <cyw43_ll_bus_init+0x110>
1000658c:	23c0      	movs	r3, #192	; 0xc0
1000658e:	4a5b      	ldr	r2, [pc, #364]	; (100066fc <cyw43_ll_bus_init+0x8e8>)
10006590:	015b      	lsls	r3, r3, #5
10006592:	2101      	movs	r1, #1
10006594:	0020      	movs	r0, r4
10006596:	f7fe fab5 	bl	10004b04 <cyw43_write_reg_u8>
1000659a:	23c0      	movs	r3, #192	; 0xc0
1000659c:	68a2      	ldr	r2, [r4, #8]
1000659e:	055b      	lsls	r3, r3, #21
100065a0:	4053      	eors	r3, r2
100065a2:	e529      	b.n	10005ff8 <cyw43_ll_bus_init+0x1e4>
100065a4:	2318      	movs	r3, #24
100065a6:	2101      	movs	r1, #1
100065a8:	0020      	movs	r0, r4
100065aa:	4a55      	ldr	r2, [pc, #340]	; (10006700 <cyw43_ll_bus_init+0x8ec>)
100065ac:	f7fe faaa 	bl	10004b04 <cyw43_write_reg_u8>
100065b0:	68a3      	ldr	r3, [r4, #8]
100065b2:	4073      	eors	r3, r6
100065b4:	e51b      	b.n	10005fee <cyw43_ll_bus_init+0x1da>
100065b6:	23c0      	movs	r3, #192	; 0xc0
100065b8:	2101      	movs	r1, #1
100065ba:	0020      	movs	r0, r4
100065bc:	4a51      	ldr	r2, [pc, #324]	; (10006704 <cyw43_ll_bus_init+0x8f0>)
100065be:	035b      	lsls	r3, r3, #13
100065c0:	f7fe faa0 	bl	10004b04 <cyw43_write_reg_u8>
100065c4:	e4fc      	b.n	10005fc0 <cyw43_ll_bus_init+0x1ac>
100065c6:	23c0      	movs	r3, #192	; 0xc0
100065c8:	4a4c      	ldr	r2, [pc, #304]	; (100066fc <cyw43_ll_bus_init+0x8e8>)
100065ca:	015b      	lsls	r3, r3, #5
100065cc:	2101      	movs	r1, #1
100065ce:	0020      	movs	r0, r4
100065d0:	f7fe fa98 	bl	10004b04 <cyw43_write_reg_u8>
100065d4:	23c0      	movs	r3, #192	; 0xc0
100065d6:	68a2      	ldr	r2, [r4, #8]
100065d8:	055b      	lsls	r3, r3, #21
100065da:	4053      	eors	r3, r2
100065dc:	e4eb      	b.n	10005fb6 <cyw43_ll_bus_init+0x1a2>
100065de:	23c0      	movs	r3, #192	; 0xc0
100065e0:	2101      	movs	r1, #1
100065e2:	0020      	movs	r0, r4
100065e4:	4a47      	ldr	r2, [pc, #284]	; (10006704 <cyw43_ll_bus_init+0x8f0>)
100065e6:	035b      	lsls	r3, r3, #13
100065e8:	f7fe fa8c 	bl	10004b04 <cyw43_write_reg_u8>
100065ec:	e509      	b.n	10006002 <cyw43_ll_bus_init+0x1ee>
100065ee:	4846      	ldr	r0, [pc, #280]	; (10006708 <cyw43_ll_bus_init+0x8f4>)
100065f0:	f7fd fa94 	bl	10003b1c <__wrap_puts>
100065f4:	e5d0      	b.n	10006198 <cyw43_ll_bus_init+0x384>
100065f6:	4845      	ldr	r0, [pc, #276]	; (1000670c <cyw43_ll_bus_init+0x8f8>)
100065f8:	f7fd fa90 	bl	10003b1c <__wrap_puts>
100065fc:	e6de      	b.n	100063bc <cyw43_ll_bus_init+0x5a8>
100065fe:	2301      	movs	r3, #1
10006600:	b2c0      	uxtb	r0, r0
10006602:	4303      	orrs	r3, r0
10006604:	2101      	movs	r1, #1
10006606:	0020      	movs	r0, r4
10006608:	4a41      	ldr	r2, [pc, #260]	; (10006710 <cyw43_ll_bus_init+0x8fc>)
1000660a:	f7fe fa7b 	bl	10004b04 <cyw43_write_reg_u8>
1000660e:	e618      	b.n	10006242 <cyw43_ll_bus_init+0x42e>
10006610:	b283      	uxth	r3, r0
10006612:	2204      	movs	r2, #4
10006614:	2100      	movs	r1, #0
10006616:	0020      	movs	r0, r4
10006618:	f7fe f970 	bl	100048fc <cyw43_write_reg_u16>
1000661c:	e62a      	b.n	10006274 <cyw43_ll_bus_init+0x460>
1000661e:	23c0      	movs	r3, #192	; 0xc0
10006620:	2101      	movs	r1, #1
10006622:	0020      	movs	r0, r4
10006624:	4a37      	ldr	r2, [pc, #220]	; (10006704 <cyw43_ll_bus_init+0x8f0>)
10006626:	035b      	lsls	r3, r3, #13
10006628:	f7fe fa6c 	bl	10004b04 <cyw43_write_reg_u8>
1000662c:	e650      	b.n	100062d0 <cyw43_ll_bus_init+0x4bc>
1000662e:	23c0      	movs	r3, #192	; 0xc0
10006630:	4a32      	ldr	r2, [pc, #200]	; (100066fc <cyw43_ll_bus_init+0x8e8>)
10006632:	015b      	lsls	r3, r3, #5
10006634:	2101      	movs	r1, #1
10006636:	0020      	movs	r0, r4
10006638:	f7fe fa64 	bl	10004b04 <cyw43_write_reg_u8>
1000663c:	23c0      	movs	r3, #192	; 0xc0
1000663e:	68a2      	ldr	r2, [r4, #8]
10006640:	055b      	lsls	r3, r3, #21
10006642:	4053      	eors	r3, r2
10006644:	e63f      	b.n	100062c6 <cyw43_ll_bus_init+0x4b2>
10006646:	2318      	movs	r3, #24
10006648:	2101      	movs	r1, #1
1000664a:	0020      	movs	r0, r4
1000664c:	4a2c      	ldr	r2, [pc, #176]	; (10006700 <cyw43_ll_bus_init+0x8ec>)
1000664e:	f7fe fa59 	bl	10004b04 <cyw43_write_reg_u8>
10006652:	68a3      	ldr	r3, [r4, #8]
10006654:	4073      	eors	r3, r6
10006656:	e631      	b.n	100062bc <cyw43_ll_bus_init+0x4a8>
10006658:	23c0      	movs	r3, #192	; 0xc0
1000665a:	2101      	movs	r1, #1
1000665c:	0020      	movs	r0, r4
1000665e:	4a29      	ldr	r2, [pc, #164]	; (10006704 <cyw43_ll_bus_init+0x8f0>)
10006660:	035b      	lsls	r3, r3, #13
10006662:	f7fe fa4f 	bl	10004b04 <cyw43_write_reg_u8>
10006666:	e618      	b.n	1000629a <cyw43_ll_bus_init+0x486>
10006668:	23c0      	movs	r3, #192	; 0xc0
1000666a:	4a24      	ldr	r2, [pc, #144]	; (100066fc <cyw43_ll_bus_init+0x8e8>)
1000666c:	015b      	lsls	r3, r3, #5
1000666e:	2101      	movs	r1, #1
10006670:	0020      	movs	r0, r4
10006672:	f7fe fa47 	bl	10004b04 <cyw43_write_reg_u8>
10006676:	23c0      	movs	r3, #192	; 0xc0
10006678:	68a2      	ldr	r2, [r4, #8]
1000667a:	055b      	lsls	r3, r3, #21
1000667c:	4053      	eors	r3, r2
1000667e:	e607      	b.n	10006290 <cyw43_ll_bus_init+0x47c>
10006680:	2318      	movs	r3, #24
10006682:	2101      	movs	r1, #1
10006684:	0020      	movs	r0, r4
10006686:	4a1e      	ldr	r2, [pc, #120]	; (10006700 <cyw43_ll_bus_init+0x8ec>)
10006688:	f7fe fa3c 	bl	10004b04 <cyw43_write_reg_u8>
1000668c:	68a3      	ldr	r3, [r4, #8]
1000668e:	4073      	eors	r3, r6
10006690:	e5f9      	b.n	10006286 <cyw43_ll_bus_init+0x472>
10006692:	2506      	movs	r5, #6
10006694:	481f      	ldr	r0, [pc, #124]	; (10006714 <cyw43_ll_bus_init+0x900>)
10006696:	f7fd fa41 	bl	10003b1c <__wrap_puts>
1000669a:	426d      	negs	r5, r5
1000669c:	f7ff fbe2 	bl	10005e64 <cyw43_ll_bus_init+0x50>
100066a0:	0033      	movs	r3, r6
100066a2:	6cf2      	ldr	r2, [r6, #76]	; 0x4c
100066a4:	334c      	adds	r3, #76	; 0x4c
100066a6:	9204      	str	r2, [sp, #16]
100066a8:	889b      	ldrh	r3, [r3, #4]
100066aa:	af04      	add	r7, sp, #16
100066ac:	ae02      	add	r6, sp, #8
100066ae:	0031      	movs	r1, r6
100066b0:	0020      	movs	r0, r4
100066b2:	80bb      	strh	r3, [r7, #4]
100066b4:	f7ff fb74 	bl	10005da0 <cyw43_ll_wifi_get_mac>
100066b8:	2800      	cmp	r0, #0
100066ba:	d10a      	bne.n	100066d2 <cyw43_ll_bus_init+0x8be>
100066bc:	9b02      	ldr	r3, [sp, #8]
100066be:	9a04      	ldr	r2, [sp, #16]
100066c0:	4293      	cmp	r3, r2
100066c2:	d002      	beq.n	100066ca <cyw43_ll_bus_init+0x8b6>
100066c4:	2500      	movs	r5, #0
100066c6:	f7ff fbcd 	bl	10005e64 <cyw43_ll_bus_init+0x50>
100066ca:	88b2      	ldrh	r2, [r6, #4]
100066cc:	88bb      	ldrh	r3, [r7, #4]
100066ce:	429a      	cmp	r2, r3
100066d0:	d1f8      	bne.n	100066c4 <cyw43_ll_bus_init+0x8b0>
100066d2:	0031      	movs	r1, r6
100066d4:	2000      	movs	r0, #0
100066d6:	f000 fddd 	bl	10007294 <cyw43_hal_generate_laa_mac>
100066da:	0037      	movs	r7, r6
100066dc:	e67d      	b.n	100063da <cyw43_ll_bus_init+0x5c6>
100066de:	2506      	movs	r5, #6
100066e0:	480d      	ldr	r0, [pc, #52]	; (10006718 <cyw43_ll_bus_init+0x904>)
100066e2:	f7fd fa1b 	bl	10003b1c <__wrap_puts>
100066e6:	426d      	negs	r5, r5
100066e8:	f7ff fbbc 	bl	10005e64 <cyw43_ll_bus_init+0x50>
100066ec:	480b      	ldr	r0, [pc, #44]	; (1000671c <cyw43_ll_bus_init+0x908>)
100066ee:	f7fd fa15 	bl	10003b1c <__wrap_puts>
100066f2:	e448      	b.n	10005f86 <cyw43_ll_bus_init+0x172>
100066f4:	4809      	ldr	r0, [pc, #36]	; (1000671c <cyw43_ll_bus_init+0x908>)
100066f6:	f7fd fa11 	bl	10003b1c <__wrap_puts>
100066fa:	e488      	b.n	1000600e <cyw43_ll_bus_init+0x1fa>
100066fc:	0001000b 	.word	0x0001000b
10006700:	0001000c 	.word	0x0001000c
10006704:	0001000a 	.word	0x0001000a
10006708:	100080b8 	.word	0x100080b8
1000670c:	100080fc 	.word	0x100080fc
10006710:	0001001f 	.word	0x0001001f
10006714:	100080cc 	.word	0x100080cc
10006718:	100080e4 	.word	0x100080e4
1000671c:	10007fc8 	.word	0x10007fc8

10006720 <cyw43_ll_wifi_set_wpa_auth>:
10006720:	2204      	movs	r2, #4
10006722:	b530      	push	{r4, r5, lr}
10006724:	8a03      	ldrh	r3, [r0, #16]
10006726:	6442      	str	r2, [r0, #68]	; 0x44
10006728:	3301      	adds	r3, #1
1000672a:	b29b      	uxth	r3, r3
1000672c:	8203      	strh	r3, [r0, #16]
1000672e:	6382      	str	r2, [r0, #56]	; 0x38
10006730:	041b      	lsls	r3, r3, #16
10006732:	3a02      	subs	r2, #2
10006734:	4313      	orrs	r3, r2
10006736:	63c3      	str	r3, [r0, #60]	; 0x3c
10006738:	2300      	movs	r3, #0
1000673a:	21a5      	movs	r1, #165	; 0xa5
1000673c:	6403      	str	r3, [r0, #64]	; 0x40
1000673e:	0003      	movs	r3, r0
10006740:	0005      	movs	r5, r0
10006742:	b083      	sub	sp, #12
10006744:	6341      	str	r1, [r0, #52]	; 0x34
10006746:	3328      	adds	r3, #40	; 0x28
10006748:	2100      	movs	r1, #0
1000674a:	3212      	adds	r2, #18
1000674c:	0004      	movs	r4, r0
1000674e:	3544      	adds	r5, #68	; 0x44
10006750:	f7fe fdca 	bl	100052e8 <cyw43_sdpcm_send_common>
10006754:	2800      	cmp	r0, #0
10006756:	d106      	bne.n	10006766 <cyw43_ll_wifi_set_wpa_auth+0x46>
10006758:	2304      	movs	r3, #4
1000675a:	22a5      	movs	r2, #165	; 0xa5
1000675c:	2102      	movs	r1, #2
1000675e:	0020      	movs	r0, r4
10006760:	9500      	str	r5, [sp, #0]
10006762:	f7fe fe3d 	bl	100053e0 <cyw43_do_ioctl.part.0>
10006766:	b003      	add	sp, #12
10006768:	bd30      	pop	{r4, r5, pc}
1000676a:	46c0      	nop			; (mov r8, r8)

1000676c <cyw43_ll_wifi_rejoin>:
1000676c:	221a      	movs	r2, #26
1000676e:	b530      	push	{r4, r5, lr}
10006770:	4b13      	ldr	r3, [pc, #76]	; (100067c0 <cyw43_ll_wifi_rejoin+0x54>)
10006772:	6342      	str	r2, [r0, #52]	; 0x34
10006774:	18c5      	adds	r5, r0, r3
10006776:	8a03      	ldrh	r3, [r0, #16]
10006778:	320a      	adds	r2, #10
1000677a:	3301      	adds	r3, #1
1000677c:	b29b      	uxth	r3, r3
1000677e:	8203      	strh	r3, [r0, #16]
10006780:	6382      	str	r2, [r0, #56]	; 0x38
10006782:	041b      	lsls	r3, r3, #16
10006784:	3a22      	subs	r2, #34	; 0x22
10006786:	4313      	orrs	r3, r2
10006788:	63c3      	str	r3, [r0, #60]	; 0x3c
1000678a:	2300      	movs	r3, #0
1000678c:	0004      	movs	r4, r0
1000678e:	6403      	str	r3, [r0, #64]	; 0x40
10006790:	0029      	movs	r1, r5
10006792:	b083      	sub	sp, #12
10006794:	3222      	adds	r2, #34	; 0x22
10006796:	3044      	adds	r0, #68	; 0x44
10006798:	f7fb fd5c 	bl	10002254 <__wrap___aeabi_memcpy>
1000679c:	0023      	movs	r3, r4
1000679e:	2234      	movs	r2, #52	; 0x34
100067a0:	2100      	movs	r1, #0
100067a2:	0020      	movs	r0, r4
100067a4:	3328      	adds	r3, #40	; 0x28
100067a6:	f7fe fd9f 	bl	100052e8 <cyw43_sdpcm_send_common>
100067aa:	2800      	cmp	r0, #0
100067ac:	d106      	bne.n	100067bc <cyw43_ll_wifi_rejoin+0x50>
100067ae:	2324      	movs	r3, #36	; 0x24
100067b0:	221a      	movs	r2, #26
100067b2:	2102      	movs	r1, #2
100067b4:	0020      	movs	r0, r4
100067b6:	9500      	str	r5, [sp, #0]
100067b8:	f7fe fe12 	bl	100053e0 <cyw43_do_ioctl.part.0>
100067bc:	b003      	add	sp, #12
100067be:	bd30      	pop	{r4, r5, pc}
100067c0:	00000828 	.word	0x00000828

100067c4 <cyw43_ll_gpio_set>:
100067c4:	b5f0      	push	{r4, r5, r6, r7, lr}
100067c6:	0004      	movs	r4, r0
100067c8:	b083      	sub	sp, #12
100067ca:	2902      	cmp	r1, #2
100067cc:	d843      	bhi.n	10006856 <cyw43_ll_gpio_set+0x92>
100067ce:	2301      	movs	r3, #1
100067d0:	408b      	lsls	r3, r1
100067d2:	2a00      	cmp	r2, #0
100067d4:	d13a      	bne.n	1000684c <cyw43_ll_gpio_set+0x88>
100067d6:	2700      	movs	r7, #0
100067d8:	b2de      	uxtb	r6, r3
100067da:	0025      	movs	r5, r4
100067dc:	3544      	adds	r5, #68	; 0x44
100067de:	2208      	movs	r2, #8
100067e0:	491e      	ldr	r1, [pc, #120]	; (1000685c <cyw43_ll_gpio_set+0x98>)
100067e2:	0028      	movs	r0, r5
100067e4:	f7fb fd36 	bl	10002254 <__wrap___aeabi_memcpy>
100067e8:	234c      	movs	r3, #76	; 0x4c
100067ea:	2200      	movs	r2, #0
100067ec:	2110      	movs	r1, #16
100067ee:	54e6      	strb	r6, [r4, r3]
100067f0:	3301      	adds	r3, #1
100067f2:	54e2      	strb	r2, [r4, r3]
100067f4:	3301      	adds	r3, #1
100067f6:	54e2      	strb	r2, [r4, r3]
100067f8:	3301      	adds	r3, #1
100067fa:	54e2      	strb	r2, [r4, r3]
100067fc:	3301      	adds	r3, #1
100067fe:	54e7      	strb	r7, [r4, r3]
10006800:	3301      	adds	r3, #1
10006802:	54e2      	strb	r2, [r4, r3]
10006804:	3301      	adds	r3, #1
10006806:	54e2      	strb	r2, [r4, r3]
10006808:	3301      	adds	r3, #1
1000680a:	54e2      	strb	r2, [r4, r3]
1000680c:	8a23      	ldrh	r3, [r4, #16]
1000680e:	63a1      	str	r1, [r4, #56]	; 0x38
10006810:	3301      	adds	r3, #1
10006812:	b29b      	uxth	r3, r3
10006814:	8223      	strh	r3, [r4, #16]
10006816:	390e      	subs	r1, #14
10006818:	041b      	lsls	r3, r3, #16
1000681a:	430b      	orrs	r3, r1
1000681c:	2708      	movs	r7, #8
1000681e:	63e3      	str	r3, [r4, #60]	; 0x3c
10006820:	0023      	movs	r3, r4
10006822:	37ff      	adds	r7, #255	; 0xff
10006824:	6422      	str	r2, [r4, #64]	; 0x40
10006826:	2100      	movs	r1, #0
10006828:	0020      	movs	r0, r4
1000682a:	6367      	str	r7, [r4, #52]	; 0x34
1000682c:	3328      	adds	r3, #40	; 0x28
1000682e:	3220      	adds	r2, #32
10006830:	f7fe fd5a 	bl	100052e8 <cyw43_sdpcm_send_common>
10006834:	1e06      	subs	r6, r0, #0
10006836:	d10c      	bne.n	10006852 <cyw43_ll_gpio_set+0x8e>
10006838:	2310      	movs	r3, #16
1000683a:	003a      	movs	r2, r7
1000683c:	2102      	movs	r1, #2
1000683e:	0020      	movs	r0, r4
10006840:	9500      	str	r5, [sp, #0]
10006842:	f7fe fdcd 	bl	100053e0 <cyw43_do_ioctl.part.0>
10006846:	0030      	movs	r0, r6
10006848:	b003      	add	sp, #12
1000684a:	bdf0      	pop	{r4, r5, r6, r7, pc}
1000684c:	b2df      	uxtb	r7, r3
1000684e:	003e      	movs	r6, r7
10006850:	e7c3      	b.n	100067da <cyw43_ll_gpio_set+0x16>
10006852:	2600      	movs	r6, #0
10006854:	e7f7      	b.n	10006846 <cyw43_ll_gpio_set+0x82>
10006856:	2601      	movs	r6, #1
10006858:	4276      	negs	r6, r6
1000685a:	e7f4      	b.n	10006846 <cyw43_ll_gpio_set+0x82>
1000685c:	10008124 	.word	0x10008124

10006860 <cyw43_ll_has_work>:
10006860:	b510      	push	{r4, lr}
10006862:	6800      	ldr	r0, [r0, #0]
10006864:	f000 f8e4 	bl	10006a30 <cyw43_cb_read_host_interrupt_pin>
10006868:	3801      	subs	r0, #1
1000686a:	4243      	negs	r3, r0
1000686c:	4158      	adcs	r0, r3
1000686e:	b2c0      	uxtb	r0, r0
10006870:	bd10      	pop	{r4, pc}
10006872:	46c0      	nop			; (mov r8, r8)

10006874 <cyw43_poll_func>:
10006874:	b510      	push	{r4, lr}
10006876:	4b28      	ldr	r3, [pc, #160]	; (10006918 <cyw43_poll_func+0xa4>)
10006878:	b082      	sub	sp, #8
1000687a:	681b      	ldr	r3, [r3, #0]
1000687c:	2b00      	cmp	r3, #0
1000687e:	d017      	beq.n	100068b0 <cyw43_poll_func+0x3c>
10006880:	4c26      	ldr	r4, [pc, #152]	; (1000691c <cyw43_poll_func+0xa8>)
10006882:	0020      	movs	r0, r4
10006884:	f7ff ffec 	bl	10006860 <cyw43_ll_has_work>
10006888:	2800      	cmp	r0, #0
1000688a:	d13c      	bne.n	10006906 <cyw43_poll_func+0x92>
1000688c:	4b24      	ldr	r3, [pc, #144]	; (10006920 <cyw43_poll_func+0xac>)
1000688e:	5ce2      	ldrb	r2, [r4, r3]
10006890:	2a00      	cmp	r2, #0
10006892:	d12b      	bne.n	100068ec <cyw43_poll_func+0x78>
10006894:	4b23      	ldr	r3, [pc, #140]	; (10006924 <cyw43_poll_func+0xb0>)
10006896:	5ce2      	ldrb	r2, [r4, r3]
10006898:	2a00      	cmp	r2, #0
1000689a:	d11d      	bne.n	100068d8 <cyw43_poll_func+0x64>
1000689c:	4b22      	ldr	r3, [pc, #136]	; (10006928 <cyw43_poll_func+0xb4>)
1000689e:	5ce2      	ldrb	r2, [r4, r3]
100068a0:	2a00      	cmp	r2, #0
100068a2:	d10c      	bne.n	100068be <cyw43_poll_func+0x4a>
100068a4:	4b21      	ldr	r3, [pc, #132]	; (1000692c <cyw43_poll_func+0xb8>)
100068a6:	681b      	ldr	r3, [r3, #0]
100068a8:	2b00      	cmp	r3, #0
100068aa:	d003      	beq.n	100068b4 <cyw43_poll_func+0x40>
100068ac:	f000 fc9c 	bl	100071e8 <cyw43_post_poll_hook>
100068b0:	b002      	add	sp, #8
100068b2:	bd10      	pop	{r4, pc}
100068b4:	2101      	movs	r1, #1
100068b6:	0020      	movs	r0, r4
100068b8:	f7ff fa58 	bl	10005d6c <cyw43_ll_bus_sleep>
100068bc:	e7f6      	b.n	100068ac <cyw43_poll_func+0x38>
100068be:	2200      	movs	r2, #0
100068c0:	0020      	movs	r0, r4
100068c2:	54e2      	strb	r2, [r4, r3]
100068c4:	f7ff ff52 	bl	1000676c <cyw43_ll_wifi_rejoin>
100068c8:	2201      	movs	r2, #1
100068ca:	4b19      	ldr	r3, [pc, #100]	; (10006930 <cyw43_poll_func+0xbc>)
100068cc:	50e2      	str	r2, [r4, r3]
100068ce:	4b17      	ldr	r3, [pc, #92]	; (1000692c <cyw43_poll_func+0xb8>)
100068d0:	681b      	ldr	r3, [r3, #0]
100068d2:	2b00      	cmp	r3, #0
100068d4:	d1ea      	bne.n	100068ac <cyw43_poll_func+0x38>
100068d6:	e7ed      	b.n	100068b4 <cyw43_poll_func+0x40>
100068d8:	2200      	movs	r2, #0
100068da:	0020      	movs	r0, r4
100068dc:	54e2      	strb	r2, [r4, r3]
100068de:	f7ff ff1f 	bl	10006720 <cyw43_ll_wifi_set_wpa_auth>
100068e2:	4b11      	ldr	r3, [pc, #68]	; (10006928 <cyw43_poll_func+0xb4>)
100068e4:	5ce2      	ldrb	r2, [r4, r3]
100068e6:	2a00      	cmp	r2, #0
100068e8:	d0dc      	beq.n	100068a4 <cyw43_poll_func+0x30>
100068ea:	e7e8      	b.n	100068be <cyw43_poll_func+0x4a>
100068ec:	2200      	movs	r2, #0
100068ee:	2169      	movs	r1, #105	; 0x69
100068f0:	54e2      	strb	r2, [r4, r3]
100068f2:	0020      	movs	r0, r4
100068f4:	2300      	movs	r3, #0
100068f6:	9200      	str	r2, [sp, #0]
100068f8:	f7ff f9f8 	bl	10005cec <cyw43_ll_ioctl>
100068fc:	4b09      	ldr	r3, [pc, #36]	; (10006924 <cyw43_poll_func+0xb0>)
100068fe:	5ce2      	ldrb	r2, [r4, r3]
10006900:	2a00      	cmp	r2, #0
10006902:	d0cb      	beq.n	1000689c <cyw43_poll_func+0x28>
10006904:	e7e8      	b.n	100068d8 <cyw43_poll_func+0x64>
10006906:	0020      	movs	r0, r4
10006908:	f7ff f9c6 	bl	10005c98 <cyw43_ll_process_packets>
1000690c:	4b04      	ldr	r3, [pc, #16]	; (10006920 <cyw43_poll_func+0xac>)
1000690e:	5ce2      	ldrb	r2, [r4, r3]
10006910:	2a00      	cmp	r2, #0
10006912:	d0bf      	beq.n	10006894 <cyw43_poll_func+0x20>
10006914:	e7ea      	b.n	100068ec <cyw43_poll_func+0x78>
10006916:	46c0      	nop			; (mov r8, r8)
10006918:	200009dc 	.word	0x200009dc
1000691c:	200009e4 	.word	0x200009e4
10006920:	00000869 	.word	0x00000869
10006924:	0000086b 	.word	0x0000086b
10006928:	0000086a 	.word	0x0000086a
1000692c:	200009e0 	.word	0x200009e0
10006930:	0000085c 	.word	0x0000085c

10006934 <cyw43_init>:
10006934:	b570      	push	{r4, r5, r6, lr}
10006936:	2380      	movs	r3, #128	; 0x80
10006938:	25d0      	movs	r5, #208	; 0xd0
1000693a:	2680      	movs	r6, #128	; 0x80
1000693c:	0004      	movs	r4, r0
1000693e:	062d      	lsls	r5, r5, #24
10006940:	045b      	lsls	r3, r3, #17
10006942:	62ab      	str	r3, [r5, #40]	; 0x28
10006944:	0436      	lsls	r6, r6, #16
10006946:	2200      	movs	r2, #0
10006948:	2100      	movs	r1, #0
1000694a:	2018      	movs	r0, #24
1000694c:	f7f9 fcf4 	bl	10000338 <gpio_set_pulls>
10006950:	626e      	str	r6, [r5, #36]	; 0x24
10006952:	2200      	movs	r2, #0
10006954:	2100      	movs	r1, #0
10006956:	2017      	movs	r0, #23
10006958:	f7f9 fcee 	bl	10000338 <gpio_set_pulls>
1000695c:	61ae      	str	r6, [r5, #24]
1000695e:	0021      	movs	r1, r4
10006960:	0020      	movs	r0, r4
10006962:	f7ff f987 	bl	10005c74 <cyw43_ll_init>
10006966:	2285      	movs	r2, #133	; 0x85
10006968:	2300      	movs	r3, #0
1000696a:	2103      	movs	r1, #3
1000696c:	0112      	lsls	r2, r2, #4
1000696e:	54a3      	strb	r3, [r4, r2]
10006970:	4a06      	ldr	r2, [pc, #24]	; (1000698c <cyw43_init+0x58>)
10006972:	50a3      	str	r3, [r4, r2]
10006974:	4a06      	ldr	r2, [pc, #24]	; (10006990 <cyw43_init+0x5c>)
10006976:	50a3      	str	r3, [r4, r2]
10006978:	3214      	adds	r2, #20
1000697a:	52a1      	strh	r1, [r4, r2]
1000697c:	4a05      	ldr	r2, [pc, #20]	; (10006994 <cyw43_init+0x60>)
1000697e:	54a3      	strb	r3, [r4, r2]
10006980:	4a05      	ldr	r2, [pc, #20]	; (10006998 <cyw43_init+0x64>)
10006982:	6013      	str	r3, [r2, #0]
10006984:	2201      	movs	r2, #1
10006986:	4b05      	ldr	r3, [pc, #20]	; (1000699c <cyw43_init+0x68>)
10006988:	50e2      	str	r2, [r4, r3]
1000698a:	bd70      	pop	{r4, r5, r6, pc}
1000698c:	00000858 	.word	0x00000858
10006990:	0000085c 	.word	0x0000085c
10006994:	00000872 	.word	0x00000872
10006998:	200009dc 	.word	0x200009dc
1000699c:	00000868 	.word	0x00000868

100069a0 <cyw43_deinit>:
100069a0:	b5f8      	push	{r3, r4, r5, r6, r7, lr}
100069a2:	0004      	movs	r4, r0
100069a4:	f000 fc8a 	bl	100072bc <cyw43_thread_enter>
100069a8:	4e1c      	ldr	r6, [pc, #112]	; (10006a1c <cyw43_deinit+0x7c>)
100069aa:	6833      	ldr	r3, [r6, #0]
100069ac:	2b00      	cmp	r3, #0
100069ae:	d032      	beq.n	10006a16 <cyw43_deinit+0x76>
100069b0:	2100      	movs	r1, #0
100069b2:	0020      	movs	r0, r4
100069b4:	f000 fce8 	bl	10007388 <cyw43_cb_tcpip_deinit>
100069b8:	2101      	movs	r1, #1
100069ba:	0020      	movs	r0, r4
100069bc:	f000 fce4 	bl	10007388 <cyw43_cb_tcpip_deinit>
100069c0:	0020      	movs	r0, r4
100069c2:	f7ff f965 	bl	10005c90 <cyw43_ll_deinit>
100069c6:	25d0      	movs	r5, #208	; 0xd0
100069c8:	2380      	movs	r3, #128	; 0x80
100069ca:	2780      	movs	r7, #128	; 0x80
100069cc:	045b      	lsls	r3, r3, #17
100069ce:	062d      	lsls	r5, r5, #24
100069d0:	62ab      	str	r3, [r5, #40]	; 0x28
100069d2:	2200      	movs	r2, #0
100069d4:	2100      	movs	r1, #0
100069d6:	2018      	movs	r0, #24
100069d8:	043f      	lsls	r7, r7, #16
100069da:	f7f9 fcad 	bl	10000338 <gpio_set_pulls>
100069de:	2200      	movs	r2, #0
100069e0:	2100      	movs	r1, #0
100069e2:	2017      	movs	r0, #23
100069e4:	626f      	str	r7, [r5, #36]	; 0x24
100069e6:	f7f9 fca7 	bl	10000338 <gpio_set_pulls>
100069ea:	0021      	movs	r1, r4
100069ec:	0020      	movs	r0, r4
100069ee:	61af      	str	r7, [r5, #24]
100069f0:	f7ff f940 	bl	10005c74 <cyw43_ll_init>
100069f4:	2285      	movs	r2, #133	; 0x85
100069f6:	2300      	movs	r3, #0
100069f8:	2103      	movs	r1, #3
100069fa:	0112      	lsls	r2, r2, #4
100069fc:	54a3      	strb	r3, [r4, r2]
100069fe:	4a08      	ldr	r2, [pc, #32]	; (10006a20 <cyw43_deinit+0x80>)
10006a00:	6033      	str	r3, [r6, #0]
10006a02:	50a3      	str	r3, [r4, r2]
10006a04:	4a07      	ldr	r2, [pc, #28]	; (10006a24 <cyw43_deinit+0x84>)
10006a06:	50a3      	str	r3, [r4, r2]
10006a08:	3214      	adds	r2, #20
10006a0a:	52a1      	strh	r1, [r4, r2]
10006a0c:	4a06      	ldr	r2, [pc, #24]	; (10006a28 <cyw43_deinit+0x88>)
10006a0e:	54a3      	strb	r3, [r4, r2]
10006a10:	2201      	movs	r2, #1
10006a12:	4b06      	ldr	r3, [pc, #24]	; (10006a2c <cyw43_deinit+0x8c>)
10006a14:	50e2      	str	r2, [r4, r3]
10006a16:	f000 fc5b 	bl	100072d0 <cyw43_thread_exit>
10006a1a:	bdf8      	pop	{r3, r4, r5, r6, r7, pc}
10006a1c:	200009dc 	.word	0x200009dc
10006a20:	00000858 	.word	0x00000858
10006a24:	0000085c 	.word	0x0000085c
10006a28:	00000872 	.word	0x00000872
10006a2c:	00000868 	.word	0x00000868

10006a30 <cyw43_cb_read_host_interrupt_pin>:
10006a30:	23d0      	movs	r3, #208	; 0xd0
10006a32:	061b      	lsls	r3, r3, #24
10006a34:	6858      	ldr	r0, [r3, #4]
10006a36:	01c0      	lsls	r0, r0, #7
10006a38:	0fc0      	lsrs	r0, r0, #31
10006a3a:	4770      	bx	lr

10006a3c <cyw43_cb_ensure_awake>:
10006a3c:	2232      	movs	r2, #50	; 0x32
10006a3e:	4b01      	ldr	r3, [pc, #4]	; (10006a44 <cyw43_cb_ensure_awake+0x8>)
10006a40:	601a      	str	r2, [r3, #0]
10006a42:	4770      	bx	lr
10006a44:	200009e0 	.word	0x200009e0

10006a48 <cyw43_cb_process_async_event>:
10006a48:	4b7f      	ldr	r3, [pc, #508]	; (10006c48 <cyw43_cb_process_async_event+0x200>)
10006a4a:	b570      	push	{r4, r5, r6, lr}
10006a4c:	58c3      	ldr	r3, [r0, r3]
10006a4e:	0005      	movs	r5, r0
10006a50:	000c      	movs	r4, r1
10006a52:	07db      	lsls	r3, r3, #31
10006a54:	d42f      	bmi.n	10006ab6 <cyw43_cb_process_async_event+0x6e>
10006a56:	6863      	ldr	r3, [r4, #4]
10006a58:	2b45      	cmp	r3, #69	; 0x45
10006a5a:	d01d      	beq.n	10006a98 <cyw43_cb_process_async_event+0x50>
10006a5c:	2b0b      	cmp	r3, #11
10006a5e:	d054      	beq.n	10006b0a <cyw43_cb_process_async_event+0xc2>
10006a60:	2b17      	cmp	r3, #23
10006a62:	d00b      	beq.n	10006a7c <cyw43_cb_process_async_event+0x34>
10006a64:	2b00      	cmp	r3, #0
10006a66:	d000      	beq.n	10006a6a <cyw43_cb_process_async_event+0x22>
10006a68:	e06d      	b.n	10006b46 <cyw43_cb_process_async_event+0xfe>
10006a6a:	68a3      	ldr	r3, [r4, #8]
10006a6c:	2b00      	cmp	r3, #0
10006a6e:	d164      	bne.n	10006b3a <cyw43_cb_process_async_event+0xf2>
10006a70:	4b76      	ldr	r3, [pc, #472]	; (10006c4c <cyw43_cb_process_async_event+0x204>)
10006a72:	58eb      	ldr	r3, [r5, r3]
10006a74:	4a76      	ldr	r2, [pc, #472]	; (10006c50 <cyw43_cb_process_async_event+0x208>)
10006a76:	4293      	cmp	r3, r2
10006a78:	d03f      	beq.n	10006afa <cyw43_cb_process_async_event+0xb2>
10006a7a:	bd70      	pop	{r4, r5, r6, pc}
10006a7c:	68a3      	ldr	r3, [r4, #8]
10006a7e:	2b00      	cmp	r3, #0
10006a80:	d1f6      	bne.n	10006a70 <cyw43_cb_process_async_event+0x28>
10006a82:	68e3      	ldr	r3, [r4, #12]
10006a84:	2b08      	cmp	r3, #8
10006a86:	d1f3      	bne.n	10006a70 <cyw43_cb_process_async_event+0x28>
10006a88:	2202      	movs	r2, #2
10006a8a:	4b72      	ldr	r3, [pc, #456]	; (10006c54 <cyw43_cb_process_async_event+0x20c>)
10006a8c:	32ff      	adds	r2, #255	; 0xff
10006a8e:	4872      	ldr	r0, [pc, #456]	; (10006c58 <cyw43_cb_process_async_event+0x210>)
10006a90:	52ea      	strh	r2, [r5, r3]
10006a92:	f000 fbb1 	bl	100071f8 <cyw43_schedule_internal_poll_dispatch>
10006a96:	e7eb      	b.n	10006a70 <cyw43_cb_process_async_event+0x28>
10006a98:	4b70      	ldr	r3, [pc, #448]	; (10006c5c <cyw43_cb_process_async_event+0x214>)
10006a9a:	58ea      	ldr	r2, [r5, r3]
10006a9c:	2a01      	cmp	r2, #1
10006a9e:	d1e7      	bne.n	10006a70 <cyw43_cb_process_async_event+0x28>
10006aa0:	68a2      	ldr	r2, [r4, #8]
10006aa2:	2a08      	cmp	r2, #8
10006aa4:	d100      	bne.n	10006aa8 <cyw43_cb_process_async_event+0x60>
10006aa6:	e0a8      	b.n	10006bfa <cyw43_cb_process_async_event+0x1b2>
10006aa8:	2a00      	cmp	r2, #0
10006aaa:	d1e1      	bne.n	10006a70 <cyw43_cb_process_async_event+0x28>
10006aac:	3202      	adds	r2, #2
10006aae:	50ea      	str	r2, [r5, r3]
10006ab0:	4b66      	ldr	r3, [pc, #408]	; (10006c4c <cyw43_cb_process_async_event+0x204>)
10006ab2:	58eb      	ldr	r3, [r5, r3]
10006ab4:	e7de      	b.n	10006a74 <cyw43_cb_process_async_event+0x2c>
10006ab6:	f7fa fce3 	bl	10001480 <time_us_64>
10006aba:	2900      	cmp	r1, #0
10006abc:	d02d      	beq.n	10006b1a <cyw43_cb_process_async_event+0xd2>
10006abe:	22fa      	movs	r2, #250	; 0xfa
10006ac0:	2300      	movs	r3, #0
10006ac2:	0092      	lsls	r2, r2, #2
10006ac4:	f7fb f82c 	bl	10001b20 <__wrap___aeabi_uldivmod>
10006ac8:	8862      	ldrh	r2, [r4, #2]
10006aca:	0001      	movs	r1, r0
10006acc:	4864      	ldr	r0, [pc, #400]	; (10006c60 <cyw43_cb_process_async_event+0x218>)
10006ace:	f7fd f8af 	bl	10003c30 <__wrap_printf>
10006ad2:	6861      	ldr	r1, [r4, #4]
10006ad4:	2958      	cmp	r1, #88	; 0x58
10006ad6:	d82c      	bhi.n	10006b32 <cyw43_cb_process_async_event+0xea>
10006ad8:	4b62      	ldr	r3, [pc, #392]	; (10006c64 <cyw43_cb_process_async_event+0x21c>)
10006ada:	008a      	lsls	r2, r1, #2
10006adc:	58d3      	ldr	r3, [r2, r3]
10006ade:	2b00      	cmp	r3, #0
10006ae0:	d027      	beq.n	10006b32 <cyw43_cb_process_async_event+0xea>
10006ae2:	0019      	movs	r1, r3
10006ae4:	4860      	ldr	r0, [pc, #384]	; (10006c68 <cyw43_cb_process_async_event+0x220>)
10006ae6:	f7fd f8a3 	bl	10003c30 <__wrap_printf>
10006aea:	232e      	movs	r3, #46	; 0x2e
10006aec:	68e2      	ldr	r2, [r4, #12]
10006aee:	5ce3      	ldrb	r3, [r4, r3]
10006af0:	68a1      	ldr	r1, [r4, #8]
10006af2:	485e      	ldr	r0, [pc, #376]	; (10006c6c <cyw43_cb_process_async_event+0x224>)
10006af4:	f7fd f89c 	bl	10003c30 <__wrap_printf>
10006af8:	e7ad      	b.n	10006a56 <cyw43_cb_process_async_event+0xe>
10006afa:	2201      	movs	r2, #1
10006afc:	4b53      	ldr	r3, [pc, #332]	; (10006c4c <cyw43_cb_process_async_event+0x204>)
10006afe:	2100      	movs	r1, #0
10006b00:	0028      	movs	r0, r5
10006b02:	50ea      	str	r2, [r5, r3]
10006b04:	f000 fc42 	bl	1000738c <cyw43_cb_tcpip_set_link_up>
10006b08:	e7b7      	b.n	10006a7a <cyw43_cb_process_async_event+0x32>
10006b0a:	2100      	movs	r1, #0
10006b0c:	0028      	movs	r0, r5
10006b0e:	f000 fc43 	bl	10007398 <cyw43_cb_tcpip_set_link_down>
10006b12:	2200      	movs	r2, #0
10006b14:	4b4d      	ldr	r3, [pc, #308]	; (10006c4c <cyw43_cb_process_async_event+0x204>)
10006b16:	50ea      	str	r2, [r5, r3]
10006b18:	e7af      	b.n	10006a7a <cyw43_cb_process_async_event+0x32>
10006b1a:	21fa      	movs	r1, #250	; 0xfa
10006b1c:	0089      	lsls	r1, r1, #2
10006b1e:	f7fa ffc1 	bl	10001aa4 <__wrap___aeabi_uidiv>
10006b22:	8862      	ldrh	r2, [r4, #2]
10006b24:	0001      	movs	r1, r0
10006b26:	484e      	ldr	r0, [pc, #312]	; (10006c60 <cyw43_cb_process_async_event+0x218>)
10006b28:	f7fd f882 	bl	10003c30 <__wrap_printf>
10006b2c:	6861      	ldr	r1, [r4, #4]
10006b2e:	2958      	cmp	r1, #88	; 0x58
10006b30:	d9d2      	bls.n	10006ad8 <cyw43_cb_process_async_event+0x90>
10006b32:	484f      	ldr	r0, [pc, #316]	; (10006c70 <cyw43_cb_process_async_event+0x228>)
10006b34:	f7fd f87c 	bl	10003c30 <__wrap_printf>
10006b38:	e7d7      	b.n	10006aea <cyw43_cb_process_async_event+0xa2>
10006b3a:	2b03      	cmp	r3, #3
10006b3c:	d057      	beq.n	10006bee <cyw43_cb_process_async_event+0x1a6>
10006b3e:	2202      	movs	r2, #2
10006b40:	4b42      	ldr	r3, [pc, #264]	; (10006c4c <cyw43_cb_process_async_event+0x204>)
10006b42:	50ea      	str	r2, [r5, r3]
10006b44:	e799      	b.n	10006a7a <cyw43_cb_process_async_event+0x32>
10006b46:	2b03      	cmp	r3, #3
10006b48:	d015      	beq.n	10006b76 <cyw43_cb_process_async_event+0x12e>
10006b4a:	2b06      	cmp	r3, #6
10006b4c:	d027      	beq.n	10006b9e <cyw43_cb_process_async_event+0x156>
10006b4e:	2b10      	cmp	r3, #16
10006b50:	d136      	bne.n	10006bc0 <cyw43_cb_process_async_event+0x178>
10006b52:	68a3      	ldr	r3, [r4, #8]
10006b54:	2b00      	cmp	r3, #0
10006b56:	d000      	beq.n	10006b5a <cyw43_cb_process_async_event+0x112>
10006b58:	e78a      	b.n	10006a70 <cyw43_cb_process_async_event+0x28>
10006b5a:	8863      	ldrh	r3, [r4, #2]
10006b5c:	07db      	lsls	r3, r3, #31
10006b5e:	d564      	bpl.n	10006c2a <cyw43_cb_process_async_event+0x1e2>
10006b60:	232e      	movs	r3, #46	; 0x2e
10006b62:	5ce1      	ldrb	r1, [r4, r3]
10006b64:	2900      	cmp	r1, #0
10006b66:	d168      	bne.n	10006c3a <cyw43_cb_process_async_event+0x1f2>
10006b68:	2380      	movs	r3, #128	; 0x80
10006b6a:	4a38      	ldr	r2, [pc, #224]	; (10006c4c <cyw43_cb_process_async_event+0x204>)
10006b6c:	00db      	lsls	r3, r3, #3
10006b6e:	58a9      	ldr	r1, [r5, r2]
10006b70:	430b      	orrs	r3, r1
10006b72:	50ab      	str	r3, [r5, r2]
10006b74:	e77e      	b.n	10006a74 <cyw43_cb_process_async_event+0x2c>
10006b76:	68a3      	ldr	r3, [r4, #8]
10006b78:	2b00      	cmp	r3, #0
10006b7a:	d11a      	bne.n	10006bb2 <cyw43_cb_process_async_event+0x16a>
10006b7c:	4b33      	ldr	r3, [pc, #204]	; (10006c4c <cyw43_cb_process_async_event+0x204>)
10006b7e:	58ea      	ldr	r2, [r5, r3]
10006b80:	230f      	movs	r3, #15
10006b82:	0019      	movs	r1, r3
10006b84:	4011      	ands	r1, r2
10006b86:	2904      	cmp	r1, #4
10006b88:	d103      	bne.n	10006b92 <cyw43_cb_process_async_event+0x14a>
10006b8a:	439a      	bics	r2, r3
10006b8c:	0013      	movs	r3, r2
10006b8e:	2201      	movs	r2, #1
10006b90:	431a      	orrs	r2, r3
10006b92:	2380      	movs	r3, #128	; 0x80
10006b94:	009b      	lsls	r3, r3, #2
10006b96:	4313      	orrs	r3, r2
10006b98:	4a2c      	ldr	r2, [pc, #176]	; (10006c4c <cyw43_cb_process_async_event+0x204>)
10006b9a:	50ab      	str	r3, [r5, r2]
10006b9c:	e76a      	b.n	10006a74 <cyw43_cb_process_async_event+0x2c>
10006b9e:	68a3      	ldr	r3, [r4, #8]
10006ba0:	2b00      	cmp	r3, #0
10006ba2:	d000      	beq.n	10006ba6 <cyw43_cb_process_async_event+0x15e>
10006ba4:	e764      	b.n	10006a70 <cyw43_cb_process_async_event+0x28>
10006ba6:	68e3      	ldr	r3, [r4, #12]
10006ba8:	2b02      	cmp	r3, #2
10006baa:	d000      	beq.n	10006bae <cyw43_cb_process_async_event+0x166>
10006bac:	e760      	b.n	10006a70 <cyw43_cb_process_async_event+0x28>
10006bae:	4b31      	ldr	r3, [pc, #196]	; (10006c74 <cyw43_cb_process_async_event+0x22c>)
10006bb0:	e015      	b.n	10006bde <cyw43_cb_process_async_event+0x196>
10006bb2:	2b06      	cmp	r3, #6
10006bb4:	d100      	bne.n	10006bb8 <cyw43_cb_process_async_event+0x170>
10006bb6:	e75b      	b.n	10006a70 <cyw43_cb_process_async_event+0x28>
10006bb8:	2204      	movs	r2, #4
10006bba:	4b24      	ldr	r3, [pc, #144]	; (10006c4c <cyw43_cb_process_async_event+0x204>)
10006bbc:	50ea      	str	r2, [r5, r3]
10006bbe:	e75c      	b.n	10006a7a <cyw43_cb_process_async_event+0x32>
10006bc0:	2b2e      	cmp	r3, #46	; 0x2e
10006bc2:	d125      	bne.n	10006c10 <cyw43_cb_process_async_event+0x1c8>
10006bc4:	68a3      	ldr	r3, [r4, #8]
10006bc6:	2b06      	cmp	r3, #6
10006bc8:	d028      	beq.n	10006c1c <cyw43_cb_process_async_event+0x1d4>
10006bca:	2b04      	cmp	r3, #4
10006bcc:	d003      	beq.n	10006bd6 <cyw43_cb_process_async_event+0x18e>
10006bce:	2202      	movs	r2, #2
10006bd0:	4393      	bics	r3, r2
10006bd2:	2b08      	cmp	r3, #8
10006bd4:	d1f0      	bne.n	10006bb8 <cyw43_cb_process_async_event+0x170>
10006bd6:	68e3      	ldr	r3, [r4, #12]
10006bd8:	2b0f      	cmp	r3, #15
10006bda:	d1ed      	bne.n	10006bb8 <cyw43_cb_process_async_event+0x170>
10006bdc:	4b1d      	ldr	r3, [pc, #116]	; (10006c54 <cyw43_cb_process_async_event+0x20c>)
10006bde:	2201      	movs	r2, #1
10006be0:	481d      	ldr	r0, [pc, #116]	; (10006c58 <cyw43_cb_process_async_event+0x210>)
10006be2:	54ea      	strb	r2, [r5, r3]
10006be4:	f000 fb08 	bl	100071f8 <cyw43_schedule_internal_poll_dispatch>
10006be8:	4b18      	ldr	r3, [pc, #96]	; (10006c4c <cyw43_cb_process_async_event+0x204>)
10006bea:	58eb      	ldr	r3, [r5, r3]
10006bec:	e742      	b.n	10006a74 <cyw43_cb_process_async_event+0x2c>
10006bee:	68e2      	ldr	r2, [r4, #12]
10006bf0:	2a00      	cmp	r2, #0
10006bf2:	d1a4      	bne.n	10006b3e <cyw43_cb_process_async_event+0xf6>
10006bf4:	4a15      	ldr	r2, [pc, #84]	; (10006c4c <cyw43_cb_process_async_event+0x204>)
10006bf6:	50ab      	str	r3, [r5, r2]
10006bf8:	e73f      	b.n	10006a7a <cyw43_cb_process_async_event+0x32>
10006bfa:	2386      	movs	r3, #134	; 0x86
10006bfc:	0021      	movs	r1, r4
10006bfe:	011b      	lsls	r3, r3, #4
10006c00:	58e8      	ldr	r0, [r5, r3]
10006c02:	4b1d      	ldr	r3, [pc, #116]	; (10006c78 <cyw43_cb_process_async_event+0x230>)
10006c04:	3130      	adds	r1, #48	; 0x30
10006c06:	58eb      	ldr	r3, [r5, r3]
10006c08:	4798      	blx	r3
10006c0a:	4b10      	ldr	r3, [pc, #64]	; (10006c4c <cyw43_cb_process_async_event+0x204>)
10006c0c:	58eb      	ldr	r3, [r5, r3]
10006c0e:	e731      	b.n	10006a74 <cyw43_cb_process_async_event+0x2c>
10006c10:	2b31      	cmp	r3, #49	; 0x31
10006c12:	d000      	beq.n	10006c16 <cyw43_cb_process_async_event+0x1ce>
10006c14:	e72c      	b.n	10006a70 <cyw43_cb_process_async_event+0x28>
10006c16:	2201      	movs	r2, #1
10006c18:	4b0e      	ldr	r3, [pc, #56]	; (10006c54 <cyw43_cb_process_async_event+0x20c>)
10006c1a:	e738      	b.n	10006a8e <cyw43_cb_process_async_event+0x46>
10006c1c:	2380      	movs	r3, #128	; 0x80
10006c1e:	4a0b      	ldr	r2, [pc, #44]	; (10006c4c <cyw43_cb_process_async_event+0x204>)
10006c20:	011b      	lsls	r3, r3, #4
10006c22:	58a9      	ldr	r1, [r5, r2]
10006c24:	430b      	orrs	r3, r1
10006c26:	50ab      	str	r3, [r5, r2]
10006c28:	e724      	b.n	10006a74 <cyw43_cb_process_async_event+0x2c>
10006c2a:	232e      	movs	r3, #46	; 0x2e
10006c2c:	0028      	movs	r0, r5
10006c2e:	5ce1      	ldrb	r1, [r4, r3]
10006c30:	f000 fbb2 	bl	10007398 <cyw43_cb_tcpip_set_link_down>
10006c34:	4b05      	ldr	r3, [pc, #20]	; (10006c4c <cyw43_cb_process_async_event+0x204>)
10006c36:	58eb      	ldr	r3, [r5, r3]
10006c38:	e71c      	b.n	10006a74 <cyw43_cb_process_async_event+0x2c>
10006c3a:	0028      	movs	r0, r5
10006c3c:	f000 fba6 	bl	1000738c <cyw43_cb_tcpip_set_link_up>
10006c40:	4b02      	ldr	r3, [pc, #8]	; (10006c4c <cyw43_cb_process_async_event+0x204>)
10006c42:	58eb      	ldr	r3, [r5, r3]
10006c44:	e716      	b.n	10006a74 <cyw43_cb_process_async_event+0x2c>
10006c46:	46c0      	nop			; (mov r8, r8)
10006c48:	00000854 	.word	0x00000854
10006c4c:	0000085c 	.word	0x0000085c
10006c50:	00000e01 	.word	0x00000e01
10006c54:	0000086a 	.word	0x0000086a
10006c58:	10006875 	.word	0x10006875
10006c5c:	00000858 	.word	0x00000858
10006c60:	1003f460 	.word	0x1003f460
10006c64:	1003f528 	.word	0x1003f528
10006c68:	1003f474 	.word	0x1003f474
10006c6c:	1003f47c 	.word	0x1003f47c
10006c70:	1003f478 	.word	0x1003f478
10006c74:	00000869 	.word	0x00000869
10006c78:	00000864 	.word	0x00000864

10006c7c <cyw43_gpio_set>:
10006c7c:	b5f8      	push	{r3, r4, r5, r6, r7, lr}
10006c7e:	4647      	mov	r7, r8
10006c80:	46ce      	mov	lr, r9
10006c82:	0004      	movs	r4, r0
10006c84:	b580      	push	{r7, lr}
10006c86:	4688      	mov	r8, r1
10006c88:	0016      	movs	r6, r2
10006c8a:	f000 fb17 	bl	100072bc <cyw43_thread_enter>
10006c8e:	4f1f      	ldr	r7, [pc, #124]	; (10006d0c <cyw43_gpio_set+0x90>)
10006c90:	2100      	movs	r1, #0
10006c92:	683d      	ldr	r5, [r7, #0]
10006c94:	0020      	movs	r0, r4
10006c96:	2d00      	cmp	r5, #0
10006c98:	d00e      	beq.n	10006cb8 <cyw43_gpio_set+0x3c>
10006c9a:	f7ff f867 	bl	10005d6c <cyw43_ll_bus_sleep>
10006c9e:	0032      	movs	r2, r6
10006ca0:	4641      	mov	r1, r8
10006ca2:	0020      	movs	r0, r4
10006ca4:	f7ff fd8e 	bl	100067c4 <cyw43_ll_gpio_set>
10006ca8:	0005      	movs	r5, r0
10006caa:	f000 fb11 	bl	100072d0 <cyw43_thread_exit>
10006cae:	0028      	movs	r0, r5
10006cb0:	bcc0      	pop	{r6, r7}
10006cb2:	46b9      	mov	r9, r7
10006cb4:	46b0      	mov	r8, r6
10006cb6:	bdf8      	pop	{r3, r4, r5, r6, r7, pc}
10006cb8:	f000 fb66 	bl	10007388 <cyw43_cb_tcpip_deinit>
10006cbc:	2101      	movs	r1, #1
10006cbe:	0020      	movs	r0, r4
10006cc0:	f000 fb62 	bl	10007388 <cyw43_cb_tcpip_deinit>
10006cc4:	2385      	movs	r3, #133	; 0x85
10006cc6:	011b      	lsls	r3, r3, #4
10006cc8:	54e5      	strb	r5, [r4, r3]
10006cca:	2380      	movs	r3, #128	; 0x80
10006ccc:	25d0      	movs	r5, #208	; 0xd0
10006cce:	041b      	lsls	r3, r3, #16
10006cd0:	4699      	mov	r9, r3
10006cd2:	062d      	lsls	r5, r5, #24
10006cd4:	61ab      	str	r3, [r5, #24]
10006cd6:	2014      	movs	r0, #20
10006cd8:	f000 fb34 	bl	10007344 <cyw43_delay_ms>
10006cdc:	464b      	mov	r3, r9
10006cde:	2032      	movs	r0, #50	; 0x32
10006ce0:	616b      	str	r3, [r5, #20]
10006ce2:	f000 fb2f 	bl	10007344 <cyw43_delay_ms>
10006ce6:	2100      	movs	r1, #0
10006ce8:	0020      	movs	r0, r4
10006cea:	f7ff f893 	bl	10005e14 <cyw43_ll_bus_init>
10006cee:	1e05      	subs	r5, r0, #0
10006cf0:	d1db      	bne.n	10006caa <cyw43_gpio_set+0x2e>
10006cf2:	4b07      	ldr	r3, [pc, #28]	; (10006d10 <cyw43_gpio_set+0x94>)
10006cf4:	0020      	movs	r0, r4
10006cf6:	18e1      	adds	r1, r4, r3
10006cf8:	f7ff f852 	bl	10005da0 <cyw43_ll_wifi_get_mac>
10006cfc:	2232      	movs	r2, #50	; 0x32
10006cfe:	4b05      	ldr	r3, [pc, #20]	; (10006d14 <cyw43_gpio_set+0x98>)
10006d00:	4805      	ldr	r0, [pc, #20]	; (10006d18 <cyw43_gpio_set+0x9c>)
10006d02:	601a      	str	r2, [r3, #0]
10006d04:	6038      	str	r0, [r7, #0]
10006d06:	f000 fa77 	bl	100071f8 <cyw43_schedule_internal_poll_dispatch>
10006d0a:	e7c8      	b.n	10006c9e <cyw43_gpio_set+0x22>
10006d0c:	200009dc 	.word	0x200009dc
10006d10:	000008d3 	.word	0x000008d3
10006d14:	200009e0 	.word	0x200009e0
10006d18:	10006875 	.word	0x10006875

10006d1c <pio_sm_set_pindirs_with_mask64>:
10006d1c:	b5f0      	push	{r4, r5, r6, r7, lr}
10006d1e:	46de      	mov	lr, fp
10006d20:	4657      	mov	r7, sl
10006d22:	464e      	mov	r6, r9
10006d24:	4645      	mov	r5, r8
10006d26:	468b      	mov	fp, r1
10006d28:	b5e0      	push	{r5, r6, r7, lr}
10006d2a:	004b      	lsls	r3, r1, #1
10006d2c:	b085      	sub	sp, #20
10006d2e:	9303      	str	r3, [sp, #12]
10006d30:	445b      	add	r3, fp
10006d32:	00db      	lsls	r3, r3, #3
10006d34:	18c5      	adds	r5, r0, r3
10006d36:	002f      	movs	r7, r5
10006d38:	37dc      	adds	r7, #220	; 0xdc
10006d3a:	0016      	movs	r6, r2
10006d3c:	683a      	ldr	r2, [r7, #0]
10006d3e:	002b      	movs	r3, r5
10006d40:	9200      	str	r2, [sp, #0]
10006d42:	002a      	movs	r2, r5
10006d44:	32cc      	adds	r2, #204	; 0xcc
10006d46:	6812      	ldr	r2, [r2, #0]
10006d48:	9c0e      	ldr	r4, [sp, #56]	; 0x38
10006d4a:	9201      	str	r2, [sp, #4]
10006d4c:	4a1a      	ldr	r2, [pc, #104]	; (10006db8 <pio_sm_set_pindirs_with_mask64+0x9c>)
10006d4e:	9002      	str	r0, [sp, #8]
10006d50:	4694      	mov	ip, r2
10006d52:	2280      	movs	r2, #128	; 0x80
10006d54:	4463      	add	r3, ip
10006d56:	0292      	lsls	r2, r2, #10
10006d58:	601a      	str	r2, [r3, #0]
10006d5a:	2c00      	cmp	r4, #0
10006d5c:	d018      	beq.n	10006d90 <pio_sm_set_pindirs_with_mask64+0x74>
10006d5e:	2380      	movs	r3, #128	; 0x80
10006d60:	04db      	lsls	r3, r3, #19
10006d62:	469a      	mov	sl, r3
10006d64:	2301      	movs	r3, #1
10006d66:	4699      	mov	r9, r3
10006d68:	4b14      	ldr	r3, [pc, #80]	; (10006dbc <pio_sm_set_pindirs_with_mask64+0xa0>)
10006d6a:	35d8      	adds	r5, #216	; 0xd8
10006d6c:	4698      	mov	r8, r3
10006d6e:	0020      	movs	r0, r4
10006d70:	f7fa fe6a 	bl	10001a48 <__wrap___ctzsi2>
10006d74:	4652      	mov	r2, sl
10006d76:	0143      	lsls	r3, r0, #5
10006d78:	4313      	orrs	r3, r2
10006d7a:	603b      	str	r3, [r7, #0]
10006d7c:	0033      	movs	r3, r6
10006d7e:	464a      	mov	r2, r9
10006d80:	40c3      	lsrs	r3, r0
10006d82:	4013      	ands	r3, r2
10006d84:	4642      	mov	r2, r8
10006d86:	4313      	orrs	r3, r2
10006d88:	602b      	str	r3, [r5, #0]
10006d8a:	1e63      	subs	r3, r4, #1
10006d8c:	401c      	ands	r4, r3
10006d8e:	d1ee      	bne.n	10006d6e <pio_sm_set_pindirs_with_mask64+0x52>
10006d90:	9b03      	ldr	r3, [sp, #12]
10006d92:	9a00      	ldr	r2, [sp, #0]
10006d94:	445b      	add	r3, fp
10006d96:	00d8      	lsls	r0, r3, #3
10006d98:	9b02      	ldr	r3, [sp, #8]
10006d9a:	469c      	mov	ip, r3
10006d9c:	4460      	add	r0, ip
10006d9e:	0003      	movs	r3, r0
10006da0:	33dc      	adds	r3, #220	; 0xdc
10006da2:	601a      	str	r2, [r3, #0]
10006da4:	9b01      	ldr	r3, [sp, #4]
10006da6:	30cc      	adds	r0, #204	; 0xcc
10006da8:	6003      	str	r3, [r0, #0]
10006daa:	b005      	add	sp, #20
10006dac:	bcf0      	pop	{r4, r5, r6, r7}
10006dae:	46bb      	mov	fp, r7
10006db0:	46b2      	mov	sl, r6
10006db2:	46a9      	mov	r9, r5
10006db4:	46a0      	mov	r8, r4
10006db6:	bdf0      	pop	{r4, r5, r6, r7, pc}
10006db8:	000030cc 	.word	0x000030cc
10006dbc:	0000e080 	.word	0x0000e080

10006dc0 <pio_sm_set_consecutive_pindirs>:
10006dc0:	b5f0      	push	{r4, r5, r6, r7, lr}
10006dc2:	464e      	mov	r6, r9
10006dc4:	4645      	mov	r5, r8
10006dc6:	46de      	mov	lr, fp
10006dc8:	4657      	mov	r7, sl
10006dca:	b5e0      	push	{r5, r6, r7, lr}
10006dcc:	b083      	sub	sp, #12
10006dce:	4689      	mov	r9, r1
10006dd0:	a90c      	add	r1, sp, #48	; 0x30
10006dd2:	780d      	ldrb	r5, [r1, #0]
10006dd4:	9001      	str	r0, [sp, #4]
10006dd6:	2a1f      	cmp	r2, #31
10006dd8:	d848      	bhi.n	10006e6c <pio_sm_set_consecutive_pindirs+0xac>
10006dda:	4649      	mov	r1, r9
10006ddc:	0049      	lsls	r1, r1, #1
10006dde:	4688      	mov	r8, r1
10006de0:	4449      	add	r1, r9
10006de2:	00c9      	lsls	r1, r1, #3
10006de4:	1846      	adds	r6, r0, r1
10006de6:	0037      	movs	r7, r6
10006de8:	0034      	movs	r4, r6
10006dea:	37dc      	adds	r7, #220	; 0xdc
10006dec:	6838      	ldr	r0, [r7, #0]
10006dee:	34cc      	adds	r4, #204	; 0xcc
10006df0:	4683      	mov	fp, r0
10006df2:	6820      	ldr	r0, [r4, #0]
10006df4:	0031      	movs	r1, r6
10006df6:	4682      	mov	sl, r0
10006df8:	481e      	ldr	r0, [pc, #120]	; (10006e74 <pio_sm_set_consecutive_pindirs+0xb4>)
10006dfa:	2480      	movs	r4, #128	; 0x80
10006dfc:	4684      	mov	ip, r0
10006dfe:	02a4      	lsls	r4, r4, #10
10006e00:	4461      	add	r1, ip
10006e02:	600c      	str	r4, [r1, #0]
10006e04:	1e69      	subs	r1, r5, #1
10006e06:	418d      	sbcs	r5, r1
10006e08:	211f      	movs	r1, #31
10006e0a:	426d      	negs	r5, r5
10006e0c:	400d      	ands	r5, r1
10006e0e:	491a      	ldr	r1, [pc, #104]	; (10006e78 <pio_sm_set_consecutive_pindirs+0xb8>)
10006e10:	468c      	mov	ip, r1
10006e12:	4465      	add	r5, ip
10006e14:	2b05      	cmp	r3, #5
10006e16:	d90e      	bls.n	10006e36 <pio_sm_set_consecutive_pindirs+0x76>
10006e18:	21a0      	movs	r1, #160	; 0xa0
10006e1a:	0549      	lsls	r1, r1, #21
10006e1c:	468c      	mov	ip, r1
10006e1e:	211f      	movs	r1, #31
10006e20:	36d8      	adds	r6, #216	; 0xd8
10006e22:	4660      	mov	r0, ip
10006e24:	0154      	lsls	r4, r2, #5
10006e26:	4304      	orrs	r4, r0
10006e28:	3205      	adds	r2, #5
10006e2a:	3b05      	subs	r3, #5
10006e2c:	603c      	str	r4, [r7, #0]
10006e2e:	400a      	ands	r2, r1
10006e30:	6035      	str	r5, [r6, #0]
10006e32:	2b05      	cmp	r3, #5
10006e34:	d8f5      	bhi.n	10006e22 <pio_sm_set_consecutive_pindirs+0x62>
10006e36:	4641      	mov	r1, r8
10006e38:	0152      	lsls	r2, r2, #5
10006e3a:	069b      	lsls	r3, r3, #26
10006e3c:	4313      	orrs	r3, r2
10006e3e:	4449      	add	r1, r9
10006e40:	9a01      	ldr	r2, [sp, #4]
10006e42:	00c9      	lsls	r1, r1, #3
10006e44:	1850      	adds	r0, r2, r1
10006e46:	0002      	movs	r2, r0
10006e48:	32dc      	adds	r2, #220	; 0xdc
10006e4a:	6013      	str	r3, [r2, #0]
10006e4c:	0003      	movs	r3, r0
10006e4e:	33d8      	adds	r3, #216	; 0xd8
10006e50:	601d      	str	r5, [r3, #0]
10006e52:	465b      	mov	r3, fp
10006e54:	6013      	str	r3, [r2, #0]
10006e56:	4653      	mov	r3, sl
10006e58:	30cc      	adds	r0, #204	; 0xcc
10006e5a:	6003      	str	r3, [r0, #0]
10006e5c:	2000      	movs	r0, #0
10006e5e:	b003      	add	sp, #12
10006e60:	bcf0      	pop	{r4, r5, r6, r7}
10006e62:	46bb      	mov	fp, r7
10006e64:	46b2      	mov	sl, r6
10006e66:	46a9      	mov	r9, r5
10006e68:	46a0      	mov	r8, r4
10006e6a:	bdf0      	pop	{r4, r5, r6, r7, pc}
10006e6c:	2005      	movs	r0, #5
10006e6e:	4240      	negs	r0, r0
10006e70:	e7f5      	b.n	10006e5e <pio_sm_set_consecutive_pindirs+0x9e>
10006e72:	46c0      	nop			; (mov r8, r8)
10006e74:	000030cc 	.word	0x000030cc
10006e78:	0000e080 	.word	0x0000e080

10006e7c <pio_claim_free_sm_and_add_program_for_gpio_range>:
10006e7c:	b5f0      	push	{r4, r5, r6, r7, lr}
10006e7e:	4657      	mov	r7, sl
10006e80:	4645      	mov	r5, r8
10006e82:	46de      	mov	lr, fp
10006e84:	464e      	mov	r6, r9
10006e86:	b5e0      	push	{r5, r6, r7, lr}
10006e88:	000d      	movs	r5, r1
10006e8a:	b089      	sub	sp, #36	; 0x24
10006e8c:	4c58      	ldr	r4, [pc, #352]	; (10006ff0 <pio_claim_free_sm_and_add_program_for_gpio_range+0x174>)
10006e8e:	4f59      	ldr	r7, [pc, #356]	; (10006ff4 <pio_claim_free_sm_and_add_program_for_gpio_range+0x178>)
10006e90:	9003      	str	r0, [sp, #12]
10006e92:	9205      	str	r2, [sp, #20]
10006e94:	9306      	str	r3, [sp, #24]
10006e96:	4b58      	ldr	r3, [pc, #352]	; (10006ff8 <pio_claim_free_sm_and_add_program_for_gpio_range+0x17c>)
10006e98:	4a58      	ldr	r2, [pc, #352]	; (10006ffc <pio_claim_free_sm_and_add_program_for_gpio_range+0x180>)
10006e9a:	18e6      	adds	r6, r4, r3
10006e9c:	0d36      	lsrs	r6, r6, #20
10006e9e:	00b6      	lsls	r6, r6, #2
10006ea0:	602c      	str	r4, [r5, #0]
10006ea2:	2100      	movs	r1, #0
10006ea4:	9200      	str	r2, [sp, #0]
10006ea6:	0038      	movs	r0, r7
10006ea8:	0032      	movs	r2, r6
10006eaa:	1cf3      	adds	r3, r6, #3
10006eac:	f7f9 fb40 	bl	10000530 <hw_claim_unused_from_range>
10006eb0:	42b0      	cmp	r0, r6
10006eb2:	db38      	blt.n	10006f26 <pio_claim_free_sm_and_add_program_for_gpio_range+0xaa>
10006eb4:	1b80      	subs	r0, r0, r6
10006eb6:	b243      	sxtb	r3, r0
10006eb8:	4698      	mov	r8, r3
10006eba:	0603      	lsls	r3, r0, #24
10006ebc:	d433      	bmi.n	10006f26 <pio_claim_free_sm_and_add_program_for_gpio_range+0xaa>
10006ebe:	f7f9 faff 	bl	100004c0 <hw_claim_lock>
10006ec2:	682b      	ldr	r3, [r5, #0]
10006ec4:	494e      	ldr	r1, [pc, #312]	; (10007000 <pio_claim_free_sm_and_add_program_for_gpio_range+0x184>)
10006ec6:	4699      	mov	r9, r3
10006ec8:	9b03      	ldr	r3, [sp, #12]
10006eca:	2601      	movs	r6, #1
10006ecc:	791a      	ldrb	r2, [r3, #4]
10006ece:	4694      	mov	ip, r2
10006ed0:	2205      	movs	r2, #5
10006ed2:	569a      	ldrsb	r2, [r3, r2]
10006ed4:	4b48      	ldr	r3, [pc, #288]	; (10006ff8 <pio_claim_free_sm_and_add_program_for_gpio_range+0x17c>)
10006ed6:	444b      	add	r3, r9
10006ed8:	0d1b      	lsrs	r3, r3, #20
10006eda:	009b      	lsls	r3, r3, #2
10006edc:	58c9      	ldr	r1, [r1, r3]
10006ede:	468a      	mov	sl, r1
10006ee0:	4661      	mov	r1, ip
10006ee2:	408e      	lsls	r6, r1
10006ee4:	1e71      	subs	r1, r6, #1
10006ee6:	9104      	str	r1, [sp, #16]
10006ee8:	2a00      	cmp	r2, #0
10006eea:	db68      	blt.n	10006fbe <pio_claim_free_sm_and_add_program_for_gpio_range+0x142>
10006eec:	2120      	movs	r1, #32
10006eee:	4666      	mov	r6, ip
10006ef0:	1b89      	subs	r1, r1, r6
10006ef2:	428a      	cmp	r2, r1
10006ef4:	dc0b      	bgt.n	10006f0e <pio_claim_free_sm_and_add_program_for_gpio_range+0x92>
10006ef6:	9904      	ldr	r1, [sp, #16]
10006ef8:	4656      	mov	r6, sl
10006efa:	4091      	lsls	r1, r2
10006efc:	420e      	tst	r6, r1
10006efe:	d106      	bne.n	10006f0e <pio_claim_free_sm_and_add_program_for_gpio_range+0x92>
10006f00:	9903      	ldr	r1, [sp, #12]
10006f02:	9207      	str	r2, [sp, #28]
10006f04:	680a      	ldr	r2, [r1, #0]
10006f06:	7989      	ldrb	r1, [r1, #6]
10006f08:	4693      	mov	fp, r2
10006f0a:	2900      	cmp	r1, #0
10006f0c:	d026      	beq.n	10006f5c <pio_claim_free_sm_and_add_program_for_gpio_range+0xe0>
10006f0e:	f7f9 fae3 	bl	100004d8 <hw_claim_unlock>
10006f12:	4a39      	ldr	r2, [pc, #228]	; (10006ff8 <pio_claim_free_sm_and_add_program_for_gpio_range+0x17c>)
10006f14:	682b      	ldr	r3, [r5, #0]
10006f16:	4694      	mov	ip, r2
10006f18:	4463      	add	r3, ip
10006f1a:	0d19      	lsrs	r1, r3, #20
10006f1c:	0089      	lsls	r1, r1, #2
10006f1e:	0038      	movs	r0, r7
10006f20:	4441      	add	r1, r8
10006f22:	f7f9 fb53 	bl	100005cc <hw_claim_clear>
10006f26:	4b37      	ldr	r3, [pc, #220]	; (10007004 <pio_claim_free_sm_and_add_program_for_gpio_range+0x188>)
10006f28:	469c      	mov	ip, r3
10006f2a:	4b37      	ldr	r3, [pc, #220]	; (10007008 <pio_claim_free_sm_and_add_program_for_gpio_range+0x18c>)
10006f2c:	4464      	add	r4, ip
10006f2e:	429c      	cmp	r4, r3
10006f30:	d1b1      	bne.n	10006e96 <pio_claim_free_sm_and_add_program_for_gpio_range+0x1a>
10006f32:	2300      	movs	r3, #0
10006f34:	2000      	movs	r0, #0
10006f36:	602b      	str	r3, [r5, #0]
10006f38:	b009      	add	sp, #36	; 0x24
10006f3a:	bcf0      	pop	{r4, r5, r6, r7}
10006f3c:	46bb      	mov	fp, r7
10006f3e:	46b2      	mov	sl, r6
10006f40:	46a9      	mov	r9, r5
10006f42:	46a0      	mov	r8, r4
10006f44:	bdf0      	pop	{r4, r5, r6, r7, pc}
10006f46:	4650      	mov	r0, sl
10006f48:	469a      	mov	sl, r3
10006f4a:	465b      	mov	r3, fp
10006f4c:	9107      	str	r1, [sp, #28]
10006f4e:	9604      	str	r6, [sp, #16]
10006f50:	9a03      	ldr	r2, [sp, #12]
10006f52:	6811      	ldr	r1, [r2, #0]
10006f54:	468b      	mov	fp, r1
10006f56:	7991      	ldrb	r1, [r2, #6]
10006f58:	2900      	cmp	r1, #0
10006f5a:	d1d8      	bne.n	10006f0e <pio_claim_free_sm_and_add_program_for_gpio_range+0x92>
10006f5c:	9e04      	ldr	r6, [sp, #16]
10006f5e:	9a07      	ldr	r2, [sp, #28]
10006f60:	4651      	mov	r1, sl
10006f62:	4096      	lsls	r6, r2
10006f64:	4031      	ands	r1, r6
10006f66:	9104      	str	r1, [sp, #16]
10006f68:	4651      	mov	r1, sl
10006f6a:	420e      	tst	r6, r1
10006f6c:	d1cf      	bne.n	10006f0e <pio_claim_free_sm_and_add_program_for_gpio_range+0x92>
10006f6e:	4641      	mov	r1, r8
10006f70:	46e0      	mov	r8, ip
10006f72:	4644      	mov	r4, r8
10006f74:	9103      	str	r1, [sp, #12]
10006f76:	46b4      	mov	ip, r6
10006f78:	9904      	ldr	r1, [sp, #16]
10006f7a:	2c00      	cmp	r4, #0
10006f7c:	d011      	beq.n	10006fa2 <pio_claim_free_sm_and_add_program_for_gpio_range+0x126>
10006f7e:	001c      	movs	r4, r3
10006f80:	464e      	mov	r6, r9
10006f82:	4643      	mov	r3, r8
10006f84:	465f      	mov	r7, fp
10006f86:	46a0      	mov	r8, r4
10006f88:	004c      	lsls	r4, r1, #1
10006f8a:	5b3d      	ldrh	r5, [r7, r4]
10006f8c:	0b6c      	lsrs	r4, r5, #13
10006f8e:	d100      	bne.n	10006f92 <pio_claim_free_sm_and_add_program_for_gpio_range+0x116>
10006f90:	18ad      	adds	r5, r5, r2
10006f92:	1854      	adds	r4, r2, r1
10006f94:	3412      	adds	r4, #18
10006f96:	00a4      	lsls	r4, r4, #2
10006f98:	3101      	adds	r1, #1
10006f9a:	51a5      	str	r5, [r4, r6]
10006f9c:	4299      	cmp	r1, r3
10006f9e:	d3f3      	bcc.n	10006f88 <pio_claim_free_sm_and_add_program_for_gpio_range+0x10c>
10006fa0:	4643      	mov	r3, r8
10006fa2:	4664      	mov	r4, ip
10006fa4:	4651      	mov	r1, sl
10006fa6:	4321      	orrs	r1, r4
10006fa8:	4c15      	ldr	r4, [pc, #84]	; (10007000 <pio_claim_free_sm_and_add_program_for_gpio_range+0x184>)
10006faa:	50e1      	str	r1, [r4, r3]
10006fac:	9b05      	ldr	r3, [sp, #20]
10006fae:	9903      	ldr	r1, [sp, #12]
10006fb0:	6019      	str	r1, [r3, #0]
10006fb2:	9b06      	ldr	r3, [sp, #24]
10006fb4:	601a      	str	r2, [r3, #0]
10006fb6:	f7f9 fa8f 	bl	100004d8 <hw_claim_unlock>
10006fba:	2001      	movs	r0, #1
10006fbc:	e7bc      	b.n	10006f38 <pio_claim_free_sm_and_add_program_for_gpio_range+0xbc>
10006fbe:	2220      	movs	r2, #32
10006fc0:	4661      	mov	r1, ip
10006fc2:	1a51      	subs	r1, r2, r1
10006fc4:	d4a3      	bmi.n	10006f0e <pio_claim_free_sm_and_add_program_for_gpio_range+0x92>
10006fc6:	9e04      	ldr	r6, [sp, #16]
10006fc8:	9107      	str	r1, [sp, #28]
10006fca:	408e      	lsls	r6, r1
10006fcc:	46b3      	mov	fp, r6
10006fce:	4656      	mov	r6, sl
10006fd0:	465a      	mov	r2, fp
10006fd2:	4216      	tst	r6, r2
10006fd4:	d0bc      	beq.n	10006f50 <pio_claim_free_sm_and_add_program_for_gpio_range+0xd4>
10006fd6:	469b      	mov	fp, r3
10006fd8:	9e04      	ldr	r6, [sp, #16]
10006fda:	4653      	mov	r3, sl
10006fdc:	4682      	mov	sl, r0
10006fde:	e003      	b.n	10006fe8 <pio_claim_free_sm_and_add_program_for_gpio_range+0x16c>
10006fe0:	0032      	movs	r2, r6
10006fe2:	408a      	lsls	r2, r1
10006fe4:	4213      	tst	r3, r2
10006fe6:	d0ae      	beq.n	10006f46 <pio_claim_free_sm_and_add_program_for_gpio_range+0xca>
10006fe8:	3901      	subs	r1, #1
10006fea:	d2f9      	bcs.n	10006fe0 <pio_claim_free_sm_and_add_program_for_gpio_range+0x164>
10006fec:	4650      	mov	r0, sl
10006fee:	e78e      	b.n	10006f0e <pio_claim_free_sm_and_add_program_for_gpio_range+0x92>
10006ff0:	50300000 	.word	0x50300000
10006ff4:	200009ac 	.word	0x200009ac
10006ff8:	afe00000 	.word	0xafe00000
10006ffc:	1003f68c 	.word	0x1003f68c
10007000:	20000874 	.word	0x20000874
10007004:	fff00000 	.word	0xfff00000
10007008:	50100000 	.word	0x50100000

1000700c <pio_remove_program_and_unclaim_sm>:
1000700c:	b5e0      	push	{r5, r6, r7, lr}
1000700e:	2601      	movs	r6, #1
10007010:	0017      	movs	r7, r2
10007012:	7902      	ldrb	r2, [r0, #4]
10007014:	000d      	movs	r5, r1
10007016:	4096      	lsls	r6, r2
10007018:	3e01      	subs	r6, #1
1000701a:	409e      	lsls	r6, r3
1000701c:	f7f9 fa50 	bl	100004c0 <hw_claim_lock>
10007020:	4b07      	ldr	r3, [pc, #28]	; (10007040 <pio_remove_program_and_unclaim_sm+0x34>)
10007022:	4a08      	ldr	r2, [pc, #32]	; (10007044 <pio_remove_program_and_unclaim_sm+0x38>)
10007024:	469c      	mov	ip, r3
10007026:	4465      	add	r5, ip
10007028:	0d2d      	lsrs	r5, r5, #20
1000702a:	00ad      	lsls	r5, r5, #2
1000702c:	58ab      	ldr	r3, [r5, r2]
1000702e:	43b3      	bics	r3, r6
10007030:	50ab      	str	r3, [r5, r2]
10007032:	f7f9 fa51 	bl	100004d8 <hw_claim_unlock>
10007036:	19e9      	adds	r1, r5, r7
10007038:	4803      	ldr	r0, [pc, #12]	; (10007048 <pio_remove_program_and_unclaim_sm+0x3c>)
1000703a:	f7f9 fac7 	bl	100005cc <hw_claim_clear>
1000703e:	bde0      	pop	{r5, r6, r7, pc}
10007040:	afe00000 	.word	0xafe00000
10007044:	20000874 	.word	0x20000874
10007048:	200009ac 	.word	0x200009ac

1000704c <dma_channel_unclaim>:
1000704c:	b510      	push	{r4, lr}
1000704e:	0001      	movs	r1, r0
10007050:	4801      	ldr	r0, [pc, #4]	; (10007058 <dma_channel_unclaim+0xc>)
10007052:	f7f9 fabb 	bl	100005cc <hw_claim_clear>
10007056:	bd10      	pop	{r4, pc}
10007058:	200013f4 	.word	0x200013f4

1000705c <dma_claim_unused_channel>:
1000705c:	b500      	push	{lr}
1000705e:	4b05      	ldr	r3, [pc, #20]	; (10007074 <dma_claim_unused_channel+0x18>)
10007060:	b083      	sub	sp, #12
10007062:	0001      	movs	r1, r0
10007064:	9300      	str	r3, [sp, #0]
10007066:	2200      	movs	r2, #0
10007068:	230b      	movs	r3, #11
1000706a:	4803      	ldr	r0, [pc, #12]	; (10007078 <dma_claim_unused_channel+0x1c>)
1000706c:	f7f9 fa60 	bl	10000530 <hw_claim_unused_from_range>
10007070:	b003      	add	sp, #12
10007072:	bd00      	pop	{pc}
10007074:	1003f6b0 	.word	0x1003f6b0
10007078:	200013f4 	.word	0x200013f4

1000707c <dma_channel_cleanup>:
1000707c:	0003      	movs	r3, r0
1000707e:	4911      	ldr	r1, [pc, #68]	; (100070c4 <dma_channel_cleanup+0x48>)
10007080:	0182      	lsls	r2, r0, #6
10007082:	1851      	adds	r1, r2, r1
10007084:	6808      	ldr	r0, [r1, #0]
10007086:	02d9      	lsls	r1, r3, #11
10007088:	4041      	eors	r1, r0
1000708a:	480f      	ldr	r0, [pc, #60]	; (100070c8 <dma_channel_cleanup+0x4c>)
1000708c:	b510      	push	{r4, lr}
1000708e:	4001      	ands	r1, r0
10007090:	480e      	ldr	r0, [pc, #56]	; (100070cc <dma_channel_cleanup+0x50>)
10007092:	24a0      	movs	r4, #160	; 0xa0
10007094:	1810      	adds	r0, r2, r0
10007096:	6001      	str	r1, [r0, #0]
10007098:	2001      	movs	r0, #1
1000709a:	4098      	lsls	r0, r3
1000709c:	4b0c      	ldr	r3, [pc, #48]	; (100070d0 <dma_channel_cleanup+0x54>)
1000709e:	05e4      	lsls	r4, r4, #23
100070a0:	6018      	str	r0, [r3, #0]
100070a2:	4b0c      	ldr	r3, [pc, #48]	; (100070d4 <dma_channel_cleanup+0x58>)
100070a4:	2180      	movs	r1, #128	; 0x80
100070a6:	6018      	str	r0, [r3, #0]
100070a8:	4b0b      	ldr	r3, [pc, #44]	; (100070d8 <dma_channel_cleanup+0x5c>)
100070aa:	0449      	lsls	r1, r1, #17
100070ac:	50e0      	str	r0, [r4, r3]
100070ae:	4b0b      	ldr	r3, [pc, #44]	; (100070dc <dma_channel_cleanup+0x60>)
100070b0:	469c      	mov	ip, r3
100070b2:	4462      	add	r2, ip
100070b4:	6813      	ldr	r3, [r2, #0]
100070b6:	420b      	tst	r3, r1
100070b8:	d1fc      	bne.n	100070b4 <dma_channel_cleanup+0x38>
100070ba:	2380      	movs	r3, #128	; 0x80
100070bc:	00db      	lsls	r3, r3, #3
100070be:	50e0      	str	r0, [r4, r3]
100070c0:	bd10      	pop	{r4, pc}
100070c2:	46c0      	nop			; (mov r8, r8)
100070c4:	50000010 	.word	0x50000010
100070c8:	00007801 	.word	0x00007801
100070cc:	50001010 	.word	0x50001010
100070d0:	50003404 	.word	0x50003404
100070d4:	50003414 	.word	0x50003414
100070d8:	00000444 	.word	0x00000444
100070dc:	5000000c 	.word	0x5000000c

100070e0 <cyw43_sleep_timeout_reached>:
100070e0:	b510      	push	{r4, lr}
100070e2:	6803      	ldr	r3, [r0, #0]
100070e4:	4901      	ldr	r1, [pc, #4]	; (100070ec <cyw43_sleep_timeout_reached+0xc>)
100070e6:	6a5b      	ldr	r3, [r3, #36]	; 0x24
100070e8:	4798      	blx	r3
100070ea:	bd10      	pop	{r4, pc}
100070ec:	20000560 	.word	0x20000560

100070f0 <cyw43_irq_init>:
100070f0:	2080      	movs	r0, #128	; 0x80
100070f2:	b510      	push	{r4, lr}
100070f4:	2240      	movs	r2, #64	; 0x40
100070f6:	4907      	ldr	r1, [pc, #28]	; (10007114 <cyw43_irq_init+0x24>)
100070f8:	0440      	lsls	r0, r0, #17
100070fa:	f7f9 f977 	bl	100003ec <gpio_add_raw_irq_handler_with_order_priority_masked>
100070fe:	2201      	movs	r2, #1
10007100:	2102      	movs	r1, #2
10007102:	2018      	movs	r0, #24
10007104:	f7f9 f946 	bl	10000394 <gpio_set_irq_enabled>
10007108:	200d      	movs	r0, #13
1000710a:	2101      	movs	r1, #1
1000710c:	f7f9 faa6 	bl	1000065c <irq_set_enabled>
10007110:	2000      	movs	r0, #0
10007112:	bd10      	pop	{r4, pc}
10007114:	10007139 	.word	0x10007139

10007118 <cyw43_irq_deinit>:
10007118:	b510      	push	{r4, lr}
1000711a:	2200      	movs	r2, #0
1000711c:	2102      	movs	r1, #2
1000711e:	2018      	movs	r0, #24
10007120:	f7f9 f938 	bl	10000394 <gpio_set_irq_enabled>
10007124:	2080      	movs	r0, #128	; 0x80
10007126:	4903      	ldr	r1, [pc, #12]	; (10007134 <cyw43_irq_deinit+0x1c>)
10007128:	0440      	lsls	r0, r0, #17
1000712a:	f7f9 f981 	bl	10000430 <gpio_remove_raw_irq_handler_masked>
1000712e:	2000      	movs	r0, #0
10007130:	bd10      	pop	{r4, pc}
10007132:	46c0      	nop			; (mov r8, r8)
10007134:	10007139 	.word	0x10007139

10007138 <cyw43_gpio_irq_handler>:
10007138:	23d0      	movs	r3, #208	; 0xd0
1000713a:	061b      	lsls	r3, r3, #24
1000713c:	681b      	ldr	r3, [r3, #0]
1000713e:	b510      	push	{r4, lr}
10007140:	1e5a      	subs	r2, r3, #1
10007142:	4193      	sbcs	r3, r2
10007144:	425a      	negs	r2, r3
10007146:	2330      	movs	r3, #48	; 0x30
10007148:	4013      	ands	r3, r2
1000714a:	4a09      	ldr	r2, [pc, #36]	; (10007170 <cyw43_gpio_irq_handler+0x38>)
1000714c:	4694      	mov	ip, r2
1000714e:	4463      	add	r3, ip
10007150:	6adb      	ldr	r3, [r3, #44]	; 0x2c
10007152:	079b      	lsls	r3, r3, #30
10007154:	d400      	bmi.n	10007158 <cyw43_gpio_irq_handler+0x20>
10007156:	bd10      	pop	{r4, pc}
10007158:	2200      	movs	r2, #0
1000715a:	2102      	movs	r1, #2
1000715c:	2018      	movs	r0, #24
1000715e:	f7f9 f919 	bl	10000394 <gpio_set_irq_enabled>
10007162:	4b04      	ldr	r3, [pc, #16]	; (10007174 <cyw43_gpio_irq_handler+0x3c>)
10007164:	4904      	ldr	r1, [pc, #16]	; (10007178 <cyw43_gpio_irq_handler+0x40>)
10007166:	6818      	ldr	r0, [r3, #0]
10007168:	6803      	ldr	r3, [r0, #0]
1000716a:	6a5b      	ldr	r3, [r3, #36]	; 0x24
1000716c:	4798      	blx	r3
1000716e:	e7f2      	b.n	10007156 <cyw43_gpio_irq_handler+0x1e>
10007170:	40014100 	.word	0x40014100
10007174:	200009d8 	.word	0x200009d8
10007178:	20000560 	.word	0x20000560

1000717c <cyw43_do_poll>:
1000717c:	4b15      	ldr	r3, [pc, #84]	; (100071d4 <cyw43_do_poll+0x58>)
1000717e:	b570      	push	{r4, r5, r6, lr}
10007180:	681b      	ldr	r3, [r3, #0]
10007182:	0004      	movs	r4, r0
10007184:	2b00      	cmp	r3, #0
10007186:	d00e      	beq.n	100071a6 <cyw43_do_poll+0x2a>
10007188:	4d13      	ldr	r5, [pc, #76]	; (100071d8 <cyw43_do_poll+0x5c>)
1000718a:	682a      	ldr	r2, [r5, #0]
1000718c:	2a00      	cmp	r2, #0
1000718e:	d001      	beq.n	10007194 <cyw43_do_poll+0x18>
10007190:	3a01      	subs	r2, #1
10007192:	602a      	str	r2, [r5, #0]
10007194:	4798      	blx	r3
10007196:	682b      	ldr	r3, [r5, #0]
10007198:	2b00      	cmp	r3, #0
1000719a:	d105      	bne.n	100071a8 <cyw43_do_poll+0x2c>
1000719c:	6823      	ldr	r3, [r4, #0]
1000719e:	0020      	movs	r0, r4
100071a0:	699b      	ldr	r3, [r3, #24]
100071a2:	490e      	ldr	r1, [pc, #56]	; (100071dc <cyw43_do_poll+0x60>)
100071a4:	4798      	blx	r3
100071a6:	bd70      	pop	{r4, r5, r6, pc}
100071a8:	f7fa f96a 	bl	10001480 <time_us_64>
100071ac:	2300      	movs	r3, #0
100071ae:	4a0c      	ldr	r2, [pc, #48]	; (100071e0 <cyw43_do_poll+0x64>)
100071b0:	1880      	adds	r0, r0, r2
100071b2:	4159      	adcs	r1, r3
100071b4:	2900      	cmp	r1, #0
100071b6:	db08      	blt.n	100071ca <cyw43_do_poll+0x4e>
100071b8:	4b08      	ldr	r3, [pc, #32]	; (100071dc <cyw43_do_poll+0x60>)
100071ba:	6822      	ldr	r2, [r4, #0]
100071bc:	6098      	str	r0, [r3, #8]
100071be:	60d9      	str	r1, [r3, #12]
100071c0:	6952      	ldr	r2, [r2, #20]
100071c2:	0019      	movs	r1, r3
100071c4:	0020      	movs	r0, r4
100071c6:	4790      	blx	r2
100071c8:	e7ed      	b.n	100071a6 <cyw43_do_poll+0x2a>
100071ca:	2001      	movs	r0, #1
100071cc:	4905      	ldr	r1, [pc, #20]	; (100071e4 <cyw43_do_poll+0x68>)
100071ce:	4240      	negs	r0, r0
100071d0:	e7f2      	b.n	100071b8 <cyw43_do_poll+0x3c>
100071d2:	46c0      	nop			; (mov r8, r8)
100071d4:	200009dc 	.word	0x200009dc
100071d8:	200009e0 	.word	0x200009e0
100071dc:	20000570 	.word	0x20000570
100071e0:	0000c350 	.word	0x0000c350
100071e4:	7fffffff 	.word	0x7fffffff

100071e8 <cyw43_post_poll_hook>:
100071e8:	b510      	push	{r4, lr}
100071ea:	2201      	movs	r2, #1
100071ec:	2102      	movs	r1, #2
100071ee:	2018      	movs	r0, #24
100071f0:	f7f9 f8d0 	bl	10000394 <gpio_set_irq_enabled>
100071f4:	bd10      	pop	{r4, pc}
100071f6:	46c0      	nop			; (mov r8, r8)

100071f8 <cyw43_schedule_internal_poll_dispatch>:
100071f8:	4b03      	ldr	r3, [pc, #12]	; (10007208 <cyw43_schedule_internal_poll_dispatch+0x10>)
100071fa:	b510      	push	{r4, lr}
100071fc:	6818      	ldr	r0, [r3, #0]
100071fe:	4903      	ldr	r1, [pc, #12]	; (1000720c <cyw43_schedule_internal_poll_dispatch+0x14>)
10007200:	6803      	ldr	r3, [r0, #0]
10007202:	6a5b      	ldr	r3, [r3, #36]	; 0x24
10007204:	4798      	blx	r3
10007206:	bd10      	pop	{r4, pc}
10007208:	200009d8 	.word	0x200009d8
1000720c:	20000560 	.word	0x20000560

10007210 <cyw43_driver_init>:
10007210:	b510      	push	{r4, lr}
10007212:	0004      	movs	r4, r0
10007214:	4808      	ldr	r0, [pc, #32]	; (10007238 <cyw43_driver_init+0x28>)
10007216:	f7ff fb8d 	bl	10006934 <cyw43_init>
1000721a:	4b08      	ldr	r3, [pc, #32]	; (1000723c <cyw43_driver_init+0x2c>)
1000721c:	2200      	movs	r2, #0
1000721e:	601c      	str	r4, [r3, #0]
10007220:	6823      	ldr	r3, [r4, #0]
10007222:	0020      	movs	r0, r4
10007224:	691b      	ldr	r3, [r3, #16]
10007226:	4906      	ldr	r1, [pc, #24]	; (10007240 <cyw43_driver_init+0x30>)
10007228:	4798      	blx	r3
1000722a:	6823      	ldr	r3, [r4, #0]
1000722c:	0020      	movs	r0, r4
1000722e:	69db      	ldr	r3, [r3, #28]
10007230:	4904      	ldr	r1, [pc, #16]	; (10007244 <cyw43_driver_init+0x34>)
10007232:	4798      	blx	r3
10007234:	2001      	movs	r0, #1
10007236:	bd10      	pop	{r4, pc}
10007238:	200009e4 	.word	0x200009e4
1000723c:	200009d8 	.word	0x200009d8
10007240:	100070f1 	.word	0x100070f1
10007244:	20000560 	.word	0x20000560

10007248 <cyw43_driver_deinit>:
10007248:	b570      	push	{r4, r5, r6, lr}
1000724a:	4d0d      	ldr	r5, [pc, #52]	; (10007280 <cyw43_driver_deinit+0x38>)
1000724c:	0004      	movs	r4, r0
1000724e:	682b      	ldr	r3, [r5, #0]
10007250:	2b00      	cmp	r3, #0
10007252:	d013      	beq.n	1000727c <cyw43_driver_deinit+0x34>
10007254:	6803      	ldr	r3, [r0, #0]
10007256:	490b      	ldr	r1, [pc, #44]	; (10007284 <cyw43_driver_deinit+0x3c>)
10007258:	699b      	ldr	r3, [r3, #24]
1000725a:	4798      	blx	r3
1000725c:	6823      	ldr	r3, [r4, #0]
1000725e:	490a      	ldr	r1, [pc, #40]	; (10007288 <cyw43_driver_deinit+0x40>)
10007260:	6a1b      	ldr	r3, [r3, #32]
10007262:	0020      	movs	r0, r4
10007264:	4798      	blx	r3
10007266:	6823      	ldr	r3, [r4, #0]
10007268:	2200      	movs	r2, #0
1000726a:	691b      	ldr	r3, [r3, #16]
1000726c:	4907      	ldr	r1, [pc, #28]	; (1000728c <cyw43_driver_deinit+0x44>)
1000726e:	0020      	movs	r0, r4
10007270:	4798      	blx	r3
10007272:	4807      	ldr	r0, [pc, #28]	; (10007290 <cyw43_driver_deinit+0x48>)
10007274:	f7ff fb94 	bl	100069a0 <cyw43_deinit>
10007278:	2300      	movs	r3, #0
1000727a:	602b      	str	r3, [r5, #0]
1000727c:	bd70      	pop	{r4, r5, r6, pc}
1000727e:	46c0      	nop			; (mov r8, r8)
10007280:	200009d8 	.word	0x200009d8
10007284:	20000570 	.word	0x20000570
10007288:	20000560 	.word	0x20000560
1000728c:	10007119 	.word	0x10007119
10007290:	200009e4 	.word	0x200009e4

10007294 <cyw43_hal_generate_laa_mac>:
10007294:	b510      	push	{r4, lr}
10007296:	b082      	sub	sp, #8
10007298:	4668      	mov	r0, sp
1000729a:	000c      	movs	r4, r1
1000729c:	f7fc fcdc 	bl	10003c58 <pico_get_unique_board_id>
100072a0:	466b      	mov	r3, sp
100072a2:	2206      	movs	r2, #6
100072a4:	1c99      	adds	r1, r3, #2
100072a6:	0020      	movs	r0, r4
100072a8:	f7fa ffd4 	bl	10002254 <__wrap___aeabi_memcpy>
100072ac:	2201      	movs	r2, #1
100072ae:	7823      	ldrb	r3, [r4, #0]
100072b0:	4393      	bics	r3, r2
100072b2:	2202      	movs	r2, #2
100072b4:	4313      	orrs	r3, r2
100072b6:	7023      	strb	r3, [r4, #0]
100072b8:	b002      	add	sp, #8
100072ba:	bd10      	pop	{r4, pc}

100072bc <cyw43_thread_enter>:
100072bc:	4b03      	ldr	r3, [pc, #12]	; (100072cc <cyw43_thread_enter+0x10>)
100072be:	b510      	push	{r4, lr}
100072c0:	6818      	ldr	r0, [r3, #0]
100072c2:	6803      	ldr	r3, [r0, #0]
100072c4:	685b      	ldr	r3, [r3, #4]
100072c6:	4798      	blx	r3
100072c8:	bd10      	pop	{r4, pc}
100072ca:	46c0      	nop			; (mov r8, r8)
100072cc:	200009d8 	.word	0x200009d8

100072d0 <cyw43_thread_exit>:
100072d0:	4b03      	ldr	r3, [pc, #12]	; (100072e0 <cyw43_thread_exit+0x10>)
100072d2:	b510      	push	{r4, lr}
100072d4:	6818      	ldr	r0, [r3, #0]
100072d6:	6803      	ldr	r3, [r0, #0]
100072d8:	689b      	ldr	r3, [r3, #8]
100072da:	4798      	blx	r3
100072dc:	bd10      	pop	{r4, pc}
100072de:	46c0      	nop			; (mov r8, r8)
100072e0:	200009d8 	.word	0x200009d8

100072e4 <cyw43_await_background_or_timeout_us>:
100072e4:	b570      	push	{r4, r5, r6, lr}
100072e6:	0004      	movs	r4, r0
100072e8:	f3ef 8305 	mrs	r3, IPSR
100072ec:	2b00      	cmp	r3, #0
100072ee:	d10e      	bne.n	1000730e <cyw43_await_background_or_timeout_us+0x2a>
100072f0:	4b12      	ldr	r3, [pc, #72]	; (1000733c <cyw43_await_background_or_timeout_us+0x58>)
100072f2:	681d      	ldr	r5, [r3, #0]
100072f4:	f7fa f8c4 	bl	10001480 <time_us_64>
100072f8:	0022      	movs	r2, r4
100072fa:	2300      	movs	r3, #0
100072fc:	1812      	adds	r2, r2, r0
100072fe:	414b      	adcs	r3, r1
10007300:	2b00      	cmp	r3, #0
10007302:	db13      	blt.n	1000732c <cyw43_await_background_or_timeout_us+0x48>
10007304:	6829      	ldr	r1, [r5, #0]
10007306:	0028      	movs	r0, r5
10007308:	6b09      	ldr	r1, [r1, #48]	; 0x30
1000730a:	4788      	blx	r1
1000730c:	bd70      	pop	{r4, r5, r6, pc}
1000730e:	4b0b      	ldr	r3, [pc, #44]	; (1000733c <cyw43_await_background_or_timeout_us+0x58>)
10007310:	681d      	ldr	r5, [r3, #0]
10007312:	f7fa f8b5 	bl	10001480 <time_us_64>
10007316:	0022      	movs	r2, r4
10007318:	2300      	movs	r3, #0
1000731a:	1812      	adds	r2, r2, r0
1000731c:	414b      	adcs	r3, r1
1000731e:	2b00      	cmp	r3, #0
10007320:	db08      	blt.n	10007334 <cyw43_await_background_or_timeout_us+0x50>
10007322:	6829      	ldr	r1, [r5, #0]
10007324:	0028      	movs	r0, r5
10007326:	6ac9      	ldr	r1, [r1, #44]	; 0x2c
10007328:	4788      	blx	r1
1000732a:	e7ef      	b.n	1000730c <cyw43_await_background_or_timeout_us+0x28>
1000732c:	2201      	movs	r2, #1
1000732e:	4b04      	ldr	r3, [pc, #16]	; (10007340 <cyw43_await_background_or_timeout_us+0x5c>)
10007330:	4252      	negs	r2, r2
10007332:	e7e7      	b.n	10007304 <cyw43_await_background_or_timeout_us+0x20>
10007334:	2201      	movs	r2, #1
10007336:	4b02      	ldr	r3, [pc, #8]	; (10007340 <cyw43_await_background_or_timeout_us+0x5c>)
10007338:	4252      	negs	r2, r2
1000733a:	e7f2      	b.n	10007322 <cyw43_await_background_or_timeout_us+0x3e>
1000733c:	200009d8 	.word	0x200009d8
10007340:	7fffffff 	.word	0x7fffffff

10007344 <cyw43_delay_ms>:
10007344:	b5f8      	push	{r3, r4, r5, r6, r7, lr}
10007346:	4b0e      	ldr	r3, [pc, #56]	; (10007380 <cyw43_delay_ms+0x3c>)
10007348:	0006      	movs	r6, r0
1000734a:	681f      	ldr	r7, [r3, #0]
1000734c:	f7fa f898 	bl	10001480 <time_us_64>
10007350:	22fa      	movs	r2, #250	; 0xfa
10007352:	0004      	movs	r4, r0
10007354:	000d      	movs	r5, r1
10007356:	2300      	movs	r3, #0
10007358:	0092      	lsls	r2, r2, #2
1000735a:	0030      	movs	r0, r6
1000735c:	2100      	movs	r1, #0
1000735e:	f7fa ff1d 	bl	1000219c <__wrap___aeabi_lmul>
10007362:	0002      	movs	r2, r0
10007364:	000b      	movs	r3, r1
10007366:	1912      	adds	r2, r2, r4
10007368:	416b      	adcs	r3, r5
1000736a:	2b00      	cmp	r3, #0
1000736c:	db04      	blt.n	10007378 <cyw43_delay_ms+0x34>
1000736e:	6839      	ldr	r1, [r7, #0]
10007370:	0038      	movs	r0, r7
10007372:	6ac9      	ldr	r1, [r1, #44]	; 0x2c
10007374:	4788      	blx	r1
10007376:	bdf8      	pop	{r3, r4, r5, r6, r7, pc}
10007378:	2201      	movs	r2, #1
1000737a:	4b02      	ldr	r3, [pc, #8]	; (10007384 <cyw43_delay_ms+0x40>)
1000737c:	4252      	negs	r2, r2
1000737e:	e7f6      	b.n	1000736e <cyw43_delay_ms+0x2a>
10007380:	200009d8 	.word	0x200009d8
10007384:	7fffffff 	.word	0x7fffffff

10007388 <cyw43_cb_tcpip_deinit>:
10007388:	4770      	bx	lr
1000738a:	46c0      	nop			; (mov r8, r8)

1000738c <cyw43_cb_tcpip_set_link_up>:
1000738c:	b510      	push	{r4, lr}
1000738e:	4801      	ldr	r0, [pc, #4]	; (10007394 <cyw43_cb_tcpip_set_link_up+0x8>)
10007390:	f7f9 f87e 	bl	10000490 <panic>
10007394:	1003f6d0 	.word	0x1003f6d0

10007398 <cyw43_cb_tcpip_set_link_down>:
10007398:	b510      	push	{r4, lr}
1000739a:	4801      	ldr	r0, [pc, #4]	; (100073a0 <cyw43_cb_tcpip_set_link_down+0x8>)
1000739c:	f7f9 f878 	bl	10000490 <panic>
100073a0:	1003f6d0 	.word	0x1003f6d0

100073a4 <cyw43_cb_process_ethernet>:
100073a4:	b510      	push	{r4, lr}
100073a6:	4801      	ldr	r0, [pc, #4]	; (100073ac <cyw43_cb_process_ethernet+0x8>)
100073a8:	f7f9 f872 	bl	10000490 <panic>
100073ac:	1003f6d0 	.word	0x1003f6d0

100073b0 <async_context_threadsafe_background_acquire_lock_blocking>:
100073b0:	b510      	push	{r4, lr}
100073b2:	3030      	adds	r0, #48	; 0x30
100073b4:	f000 fb80 	bl	10007ab8 <__recursive_mutex_enter_blocking_veneer>
100073b8:	bd10      	pop	{r4, pc}
100073ba:	46c0      	nop			; (mov r8, r8)

100073bc <alarm_handler>:
100073bc:	2200      	movs	r2, #0
100073be:	2345      	movs	r3, #69	; 0x45
100073c0:	b510      	push	{r4, lr}
100073c2:	000c      	movs	r4, r1
100073c4:	54ca      	strb	r2, [r1, r3]
100073c6:	3b01      	subs	r3, #1
100073c8:	5cc8      	ldrb	r0, [r1, r3]
100073ca:	f7f9 f959 	bl	10000680 <irq_set_pending>
100073ce:	0020      	movs	r0, r4
100073d0:	3038      	adds	r0, #56	; 0x38
100073d2:	f000 fb41 	bl	10007a58 <__sem_release_veneer>
100073d6:	2000      	movs	r0, #0
100073d8:	2100      	movs	r1, #0
100073da:	bd10      	pop	{r4, pc}

100073dc <async_context_threadsafe_background_set_work_pending>:
100073dc:	2301      	movs	r3, #1
100073de:	b510      	push	{r4, lr}
100073e0:	0004      	movs	r4, r0
100073e2:	720b      	strb	r3, [r1, #8]
100073e4:	3343      	adds	r3, #67	; 0x43
100073e6:	5cc0      	ldrb	r0, [r0, r3]
100073e8:	f7f9 f94a 	bl	10000680 <irq_set_pending>
100073ec:	0020      	movs	r0, r4
100073ee:	3038      	adds	r0, #56	; 0x38
100073f0:	f000 fb32 	bl	10007a58 <__sem_release_veneer>
100073f4:	bd10      	pop	{r4, pc}
100073f6:	46c0      	nop			; (mov r8, r8)

100073f8 <process_under_lock>:
100073f8:	b5f0      	push	{r4, r5, r6, r7, lr}
100073fa:	46ce      	mov	lr, r9
100073fc:	4647      	mov	r7, r8
100073fe:	b580      	push	{r7, lr}
10007400:	4b2d      	ldr	r3, [pc, #180]	; (100074b8 <process_under_lock+0xc0>)
10007402:	b087      	sub	sp, #28
10007404:	681a      	ldr	r2, [r3, #0]
10007406:	685b      	ldr	r3, [r3, #4]
10007408:	0004      	movs	r4, r0
1000740a:	9305      	str	r3, [sp, #20]
1000740c:	4b2b      	ldr	r3, [pc, #172]	; (100074bc <process_under_lock+0xc4>)
1000740e:	4690      	mov	r8, r2
10007410:	2545      	movs	r5, #69	; 0x45
10007412:	4699      	mov	r9, r3
10007414:	0020      	movs	r0, r4
10007416:	f000 f9eb 	bl	100077f0 <async_context_base_execute_once>
1000741a:	0006      	movs	r6, r0
1000741c:	000f      	movs	r7, r1
1000741e:	f7fa f82f 	bl	10001480 <time_us_64>
10007422:	0032      	movs	r2, r6
10007424:	003b      	movs	r3, r7
10007426:	1a12      	subs	r2, r2, r0
10007428:	418b      	sbcs	r3, r1
1000742a:	2b00      	cmp	r3, #0
1000742c:	dd29      	ble.n	10007482 <process_under_lock+0x8a>
1000742e:	4546      	cmp	r6, r8
10007430:	d02d      	beq.n	1000748e <process_under_lock+0x96>
10007432:	5d63      	ldrb	r3, [r4, r5]
10007434:	2b00      	cmp	r3, #0
10007436:	d008      	beq.n	1000744a <process_under_lock+0x52>
10007438:	6aa0      	ldr	r0, [r4, #40]	; 0x28
1000743a:	6ae1      	ldr	r1, [r4, #44]	; 0x2c
1000743c:	0032      	movs	r2, r6
1000743e:	003b      	movs	r3, r7
10007440:	1a12      	subs	r2, r2, r0
10007442:	418b      	sbcs	r3, r1
10007444:	2b00      	cmp	r3, #0
10007446:	dc28      	bgt.n	1000749a <process_under_lock+0xa2>
10007448:	d033      	beq.n	100074b2 <process_under_lock+0xba>
1000744a:	6c23      	ldr	r3, [r4, #64]	; 0x40
1000744c:	2b00      	cmp	r3, #0
1000744e:	dd03      	ble.n	10007458 <process_under_lock+0x60>
10007450:	6c21      	ldr	r1, [r4, #64]	; 0x40
10007452:	6a20      	ldr	r0, [r4, #32]
10007454:	f7f9 fec4 	bl	100011e0 <alarm_pool_cancel_alarm>
10007458:	2301      	movs	r3, #1
1000745a:	62a6      	str	r6, [r4, #40]	; 0x28
1000745c:	62e7      	str	r7, [r4, #44]	; 0x2c
1000745e:	5563      	strb	r3, [r4, r5]
10007460:	2300      	movs	r3, #0
10007462:	9302      	str	r3, [sp, #8]
10007464:	464b      	mov	r3, r9
10007466:	0032      	movs	r2, r6
10007468:	9300      	str	r3, [sp, #0]
1000746a:	6a20      	ldr	r0, [r4, #32]
1000746c:	003b      	movs	r3, r7
1000746e:	9401      	str	r4, [sp, #4]
10007470:	f7f9 fdfa 	bl	10001068 <alarm_pool_add_alarm_at>
10007474:	6420      	str	r0, [r4, #64]	; 0x40
10007476:	6c23      	ldr	r3, [r4, #64]	; 0x40
10007478:	2b00      	cmp	r3, #0
1000747a:	dc0e      	bgt.n	1000749a <process_under_lock+0xa2>
1000747c:	2300      	movs	r3, #0
1000747e:	5563      	strb	r3, [r4, r5]
10007480:	e7c8      	b.n	10007414 <process_under_lock+0x1c>
10007482:	2b00      	cmp	r3, #0
10007484:	d1c6      	bne.n	10007414 <process_under_lock+0x1c>
10007486:	2a00      	cmp	r2, #0
10007488:	d0c4      	beq.n	10007414 <process_under_lock+0x1c>
1000748a:	4546      	cmp	r6, r8
1000748c:	d1d1      	bne.n	10007432 <process_under_lock+0x3a>
1000748e:	9b05      	ldr	r3, [sp, #20]
10007490:	429f      	cmp	r7, r3
10007492:	d1ce      	bne.n	10007432 <process_under_lock+0x3a>
10007494:	6c23      	ldr	r3, [r4, #64]	; 0x40
10007496:	2b00      	cmp	r3, #0
10007498:	dc04      	bgt.n	100074a4 <process_under_lock+0xac>
1000749a:	b007      	add	sp, #28
1000749c:	bcc0      	pop	{r6, r7}
1000749e:	46b9      	mov	r9, r7
100074a0:	46b0      	mov	r8, r6
100074a2:	bdf0      	pop	{r4, r5, r6, r7, pc}
100074a4:	6c21      	ldr	r1, [r4, #64]	; 0x40
100074a6:	6a20      	ldr	r0, [r4, #32]
100074a8:	f7f9 fe9a 	bl	100011e0 <alarm_pool_cancel_alarm>
100074ac:	2300      	movs	r3, #0
100074ae:	6423      	str	r3, [r4, #64]	; 0x40
100074b0:	e7f3      	b.n	1000749a <process_under_lock+0xa2>
100074b2:	2a00      	cmp	r2, #0
100074b4:	d0c9      	beq.n	1000744a <process_under_lock+0x52>
100074b6:	e7f0      	b.n	1000749a <process_under_lock+0xa2>
100074b8:	10007b70 	.word	0x10007b70
100074bc:	100073bd 	.word	0x100073bd

100074c0 <async_context_threadsafe_background_execute_sync>:
100074c0:	b5f8      	push	{r3, r4, r5, r6, r7, lr}
100074c2:	0006      	movs	r6, r0
100074c4:	0017      	movs	r7, r2
100074c6:	3630      	adds	r6, #48	; 0x30
100074c8:	0004      	movs	r4, r0
100074ca:	0030      	movs	r0, r6
100074cc:	000d      	movs	r5, r1
100074ce:	f000 faf3 	bl	10007ab8 <__recursive_mutex_enter_blocking_veneer>
100074d2:	0038      	movs	r0, r7
100074d4:	47a8      	blx	r5
100074d6:	7973      	ldrb	r3, [r6, #5]
100074d8:	0005      	movs	r5, r0
100074da:	2b01      	cmp	r3, #1
100074dc:	d004      	beq.n	100074e8 <async_context_threadsafe_background_execute_sync+0x28>
100074de:	0030      	movs	r0, r6
100074e0:	f000 fafa 	bl	10007ad8 <__recursive_mutex_exit_veneer>
100074e4:	0028      	movs	r0, r5
100074e6:	bdf8      	pop	{r3, r4, r5, r6, r7, pc}
100074e8:	0020      	movs	r0, r4
100074ea:	f7ff ff85 	bl	100073f8 <process_under_lock>
100074ee:	e7f6      	b.n	100074de <async_context_threadsafe_background_execute_sync+0x1e>

100074f0 <async_context_threadsafe_background_deinit>:
100074f0:	b570      	push	{r4, r5, r6, lr}
100074f2:	2544      	movs	r5, #68	; 0x44
100074f4:	0004      	movs	r4, r0
100074f6:	5d40      	ldrb	r0, [r0, r5]
100074f8:	2800      	cmp	r0, #0
100074fa:	d114      	bne.n	10007526 <async_context_threadsafe_background_deinit+0x36>
100074fc:	6c23      	ldr	r3, [r4, #64]	; 0x40
100074fe:	2b00      	cmp	r3, #0
10007500:	dd03      	ble.n	1000750a <async_context_threadsafe_background_deinit+0x1a>
10007502:	6c21      	ldr	r1, [r4, #64]	; 0x40
10007504:	6a20      	ldr	r0, [r4, #32]
10007506:	f7f9 fe6b 	bl	100011e0 <alarm_pool_cancel_alarm>
1000750a:	0025      	movs	r5, r4
1000750c:	3530      	adds	r5, #48	; 0x30
1000750e:	0028      	movs	r0, r5
10007510:	f000 fad2 	bl	10007ab8 <__recursive_mutex_enter_blocking_veneer>
10007514:	0028      	movs	r0, r5
10007516:	f000 fadf 	bl	10007ad8 <__recursive_mutex_exit_veneer>
1000751a:	2248      	movs	r2, #72	; 0x48
1000751c:	2100      	movs	r1, #0
1000751e:	0020      	movs	r0, r4
10007520:	f7fa fe92 	bl	10002248 <__wrap_memset>
10007524:	bd70      	pop	{r4, r5, r6, pc}
10007526:	2100      	movs	r1, #0
10007528:	f7f9 f898 	bl	1000065c <irq_set_enabled>
1000752c:	5d60      	ldrb	r0, [r4, r5]
1000752e:	4904      	ldr	r1, [pc, #16]	; (10007540 <async_context_threadsafe_background_deinit+0x50>)
10007530:	f7f9 f9cc 	bl	100008cc <irq_remove_handler>
10007534:	5d60      	ldrb	r0, [r4, r5]
10007536:	f7f9 fb19 	bl	10000b6c <user_irq_unclaim>
1000753a:	2300      	movs	r3, #0
1000753c:	5563      	strb	r3, [r4, r5]
1000753e:	e7dd      	b.n	100074fc <async_context_threadsafe_background_deinit+0xc>
10007540:	10007545 	.word	0x10007545

10007544 <low_priority_irq_handler>:
10007544:	b570      	push	{r4, r5, r6, lr}
10007546:	f3ef 8305 	mrs	r3, IPSR
1000754a:	4a0c      	ldr	r2, [pc, #48]	; (1000757c <low_priority_irq_handler+0x38>)
1000754c:	3b2a      	subs	r3, #42	; 0x2a
1000754e:	009b      	lsls	r3, r3, #2
10007550:	589c      	ldr	r4, [r3, r2]
10007552:	2c00      	cmp	r4, #0
10007554:	d00d      	beq.n	10007572 <low_priority_irq_handler+0x2e>
10007556:	0025      	movs	r5, r4
10007558:	3530      	adds	r5, #48	; 0x30
1000755a:	2100      	movs	r1, #0
1000755c:	0028      	movs	r0, r5
1000755e:	f000 fa9b 	bl	10007a98 <__recursive_mutex_try_enter_veneer>
10007562:	2800      	cmp	r0, #0
10007564:	d005      	beq.n	10007572 <low_priority_irq_handler+0x2e>
10007566:	796b      	ldrb	r3, [r5, #5]
10007568:	2b01      	cmp	r3, #1
1000756a:	d003      	beq.n	10007574 <low_priority_irq_handler+0x30>
1000756c:	0028      	movs	r0, r5
1000756e:	f000 fab3 	bl	10007ad8 <__recursive_mutex_exit_veneer>
10007572:	bd70      	pop	{r4, r5, r6, pc}
10007574:	0020      	movs	r0, r4
10007576:	f7ff ff3f 	bl	100073f8 <process_under_lock>
1000757a:	e7f7      	b.n	1000756c <low_priority_irq_handler+0x28>
1000757c:	20000880 	.word	0x20000880

10007580 <async_context_threadsafe_background_wait_for_work_until>:
10007580:	b510      	push	{r4, lr}
10007582:	3038      	adds	r0, #56	; 0x38
10007584:	f000 fab0 	bl	10007ae8 <__sem_acquire_block_until_veneer>
10007588:	bd10      	pop	{r4, pc}
1000758a:	46c0      	nop			; (mov r8, r8)

1000758c <async_context_threadsafe_background_wait_until>:
1000758c:	0010      	movs	r0, r2
1000758e:	0019      	movs	r1, r3
10007590:	b510      	push	{r4, lr}
10007592:	f3ef 8305 	mrs	r3, IPSR
10007596:	2b00      	cmp	r3, #0
10007598:	d002      	beq.n	100075a0 <async_context_threadsafe_background_wait_until+0x14>
1000759a:	f7f9 ff7b 	bl	10001494 <busy_wait_until>
1000759e:	bd10      	pop	{r4, pc}
100075a0:	f7f9 fe5c 	bl	1000125c <sleep_until>
100075a4:	e7fb      	b.n	1000759e <async_context_threadsafe_background_wait_until+0x12>
100075a6:	46c0      	nop			; (mov r8, r8)

100075a8 <async_context_threadsafe_background_lock_check>:
100075a8:	b510      	push	{r4, lr}
100075aa:	3030      	adds	r0, #48	; 0x30
100075ac:	7943      	ldrb	r3, [r0, #5]
100075ae:	2b00      	cmp	r3, #0
100075b0:	d008      	beq.n	100075c4 <async_context_threadsafe_background_lock_check+0x1c>
100075b2:	23d0      	movs	r3, #208	; 0xd0
100075b4:	2200      	movs	r2, #0
100075b6:	061b      	lsls	r3, r3, #24
100075b8:	569a      	ldrsb	r2, [r3, r2]
100075ba:	2304      	movs	r3, #4
100075bc:	56c3      	ldrsb	r3, [r0, r3]
100075be:	429a      	cmp	r2, r3
100075c0:	d100      	bne.n	100075c4 <async_context_threadsafe_background_lock_check+0x1c>
100075c2:	bd10      	pop	{r4, pc}
100075c4:	4801      	ldr	r0, [pc, #4]	; (100075cc <async_context_threadsafe_background_lock_check+0x24>)
100075c6:	f7f8 ff63 	bl	10000490 <panic>
100075ca:	46c0      	nop			; (mov r8, r8)
100075cc:	1003f6f0 	.word	0x1003f6f0

100075d0 <async_context_threadsafe_background_release_lock>:
100075d0:	b510      	push	{r4, lr}
100075d2:	0004      	movs	r4, r0
100075d4:	3430      	adds	r4, #48	; 0x30
100075d6:	7963      	ldrb	r3, [r4, #5]
100075d8:	2b01      	cmp	r3, #1
100075da:	d003      	beq.n	100075e4 <async_context_threadsafe_background_release_lock+0x14>
100075dc:	0020      	movs	r0, r4
100075de:	f000 fa7b 	bl	10007ad8 <__recursive_mutex_exit_veneer>
100075e2:	bd10      	pop	{r4, pc}
100075e4:	f7ff ff08 	bl	100073f8 <process_under_lock>
100075e8:	e7f8      	b.n	100075dc <async_context_threadsafe_background_release_lock+0xc>
100075ea:	46c0      	nop			; (mov r8, r8)

100075ec <async_context_threadsafe_background_when_pending_worker>:
100075ec:	b570      	push	{r4, r5, r6, lr}
100075ee:	0006      	movs	r6, r0
100075f0:	000d      	movs	r5, r1
100075f2:	0004      	movs	r4, r0
100075f4:	3630      	adds	r6, #48	; 0x30
100075f6:	0030      	movs	r0, r6
100075f8:	f000 fa5e 	bl	10007ab8 <__recursive_mutex_enter_blocking_veneer>
100075fc:	0029      	movs	r1, r5
100075fe:	0020      	movs	r0, r4
10007600:	f000 f8e2 	bl	100077c8 <async_context_base_remove_when_pending_worker>
10007604:	7973      	ldrb	r3, [r6, #5]
10007606:	0005      	movs	r5, r0
10007608:	2b01      	cmp	r3, #1
1000760a:	d004      	beq.n	10007616 <async_context_threadsafe_background_when_pending_worker+0x2a>
1000760c:	0030      	movs	r0, r6
1000760e:	f000 fa63 	bl	10007ad8 <__recursive_mutex_exit_veneer>
10007612:	0028      	movs	r0, r5
10007614:	bd70      	pop	{r4, r5, r6, pc}
10007616:	0020      	movs	r0, r4
10007618:	f7ff feee 	bl	100073f8 <process_under_lock>
1000761c:	e7f6      	b.n	1000760c <async_context_threadsafe_background_when_pending_worker+0x20>
1000761e:	46c0      	nop			; (mov r8, r8)

10007620 <async_context_threadsafe_background_remove_at_time_worker>:
10007620:	b570      	push	{r4, r5, r6, lr}
10007622:	0006      	movs	r6, r0
10007624:	000d      	movs	r5, r1
10007626:	0004      	movs	r4, r0
10007628:	3630      	adds	r6, #48	; 0x30
1000762a:	0030      	movs	r0, r6
1000762c:	f000 fa44 	bl	10007ab8 <__recursive_mutex_enter_blocking_veneer>
10007630:	0029      	movs	r1, r5
10007632:	0020      	movs	r0, r4
10007634:	f000 f8a2 	bl	1000777c <async_context_base_remove_at_time_worker>
10007638:	7973      	ldrb	r3, [r6, #5]
1000763a:	0005      	movs	r5, r0
1000763c:	2b01      	cmp	r3, #1
1000763e:	d004      	beq.n	1000764a <async_context_threadsafe_background_remove_at_time_worker+0x2a>
10007640:	0030      	movs	r0, r6
10007642:	f000 fa49 	bl	10007ad8 <__recursive_mutex_exit_veneer>
10007646:	0028      	movs	r0, r5
10007648:	bd70      	pop	{r4, r5, r6, pc}
1000764a:	0020      	movs	r0, r4
1000764c:	f7ff fed4 	bl	100073f8 <process_under_lock>
10007650:	e7f6      	b.n	10007640 <async_context_threadsafe_background_remove_at_time_worker+0x20>
10007652:	46c0      	nop			; (mov r8, r8)

10007654 <async_context_threadsafe_background_add_when_pending_worker>:
10007654:	b570      	push	{r4, r5, r6, lr}
10007656:	0006      	movs	r6, r0
10007658:	000d      	movs	r5, r1
1000765a:	0004      	movs	r4, r0
1000765c:	3630      	adds	r6, #48	; 0x30
1000765e:	0030      	movs	r0, r6
10007660:	f000 fa2a 	bl	10007ab8 <__recursive_mutex_enter_blocking_veneer>
10007664:	0029      	movs	r1, r5
10007666:	0020      	movs	r0, r4
10007668:	f000 f89c 	bl	100077a4 <async_context_base_add_when_pending_worker>
1000766c:	7973      	ldrb	r3, [r6, #5]
1000766e:	0005      	movs	r5, r0
10007670:	2b01      	cmp	r3, #1
10007672:	d004      	beq.n	1000767e <async_context_threadsafe_background_add_when_pending_worker+0x2a>
10007674:	0030      	movs	r0, r6
10007676:	f000 fa2f 	bl	10007ad8 <__recursive_mutex_exit_veneer>
1000767a:	0028      	movs	r0, r5
1000767c:	bd70      	pop	{r4, r5, r6, pc}
1000767e:	0020      	movs	r0, r4
10007680:	f7ff feba 	bl	100073f8 <process_under_lock>
10007684:	e7f6      	b.n	10007674 <async_context_threadsafe_background_add_when_pending_worker+0x20>
10007686:	46c0      	nop			; (mov r8, r8)

10007688 <async_context_threadsafe_background_add_at_time_worker>:
10007688:	b570      	push	{r4, r5, r6, lr}
1000768a:	0006      	movs	r6, r0
1000768c:	000d      	movs	r5, r1
1000768e:	0004      	movs	r4, r0
10007690:	3630      	adds	r6, #48	; 0x30
10007692:	0030      	movs	r0, r6
10007694:	f000 fa10 	bl	10007ab8 <__recursive_mutex_enter_blocking_veneer>
10007698:	0029      	movs	r1, r5
1000769a:	0020      	movs	r0, r4
1000769c:	f000 f85a 	bl	10007754 <async_context_base_add_at_time_worker>
100076a0:	7973      	ldrb	r3, [r6, #5]
100076a2:	0005      	movs	r5, r0
100076a4:	2b01      	cmp	r3, #1
100076a6:	d004      	beq.n	100076b2 <async_context_threadsafe_background_add_at_time_worker+0x2a>
100076a8:	0030      	movs	r0, r6
100076aa:	f000 fa15 	bl	10007ad8 <__recursive_mutex_exit_veneer>
100076ae:	0028      	movs	r0, r5
100076b0:	bd70      	pop	{r4, r5, r6, pc}
100076b2:	0020      	movs	r0, r4
100076b4:	f7ff fea0 	bl	100073f8 <process_under_lock>
100076b8:	e7f6      	b.n	100076a8 <async_context_threadsafe_background_add_at_time_worker+0x20>
100076ba:	46c0      	nop			; (mov r8, r8)

100076bc <async_context_threadsafe_background_default_config>:
100076bc:	23ff      	movs	r3, #255	; 0xff
100076be:	7003      	strb	r3, [r0, #0]
100076c0:	2300      	movs	r3, #0
100076c2:	6043      	str	r3, [r0, #4]
100076c4:	4770      	bx	lr
100076c6:	46c0      	nop			; (mov r8, r8)

100076c8 <async_context_threadsafe_background_init>:
100076c8:	b570      	push	{r4, r5, r6, lr}
100076ca:	0004      	movs	r4, r0
100076cc:	000d      	movs	r5, r1
100076ce:	2244      	movs	r2, #68	; 0x44
100076d0:	2100      	movs	r1, #0
100076d2:	3004      	adds	r0, #4
100076d4:	f7fa fdb8 	bl	10002248 <__wrap_memset>
100076d8:	4b1b      	ldr	r3, [pc, #108]	; (10007748 <async_context_threadsafe_background_init+0x80>)
100076da:	6023      	str	r3, [r4, #0]
100076dc:	2303      	movs	r3, #3
100076de:	8323      	strh	r3, [r4, #24]
100076e0:	23d0      	movs	r3, #208	; 0xd0
100076e2:	061b      	lsls	r3, r3, #24
100076e4:	681b      	ldr	r3, [r3, #0]
100076e6:	76a3      	strb	r3, [r4, #26]
100076e8:	686b      	ldr	r3, [r5, #4]
100076ea:	2b00      	cmp	r3, #0
100076ec:	d028      	beq.n	10007740 <async_context_threadsafe_background_init+0x78>
100076ee:	6223      	str	r3, [r4, #32]
100076f0:	0020      	movs	r0, r4
100076f2:	2201      	movs	r2, #1
100076f4:	2101      	movs	r1, #1
100076f6:	3038      	adds	r0, #56	; 0x38
100076f8:	f7f9 fa56 	bl	10000ba8 <sem_init>
100076fc:	0020      	movs	r0, r4
100076fe:	3030      	adds	r0, #48	; 0x30
10007700:	f7f9 fa96 	bl	10000c30 <recursive_mutex_init>
10007704:	2000      	movs	r0, #0
10007706:	782e      	ldrb	r6, [r5, #0]
10007708:	f7f9 fa3a 	bl	10000b80 <user_irq_claim_unused>
1000770c:	0003      	movs	r3, r0
1000770e:	2000      	movs	r0, #0
10007710:	2b00      	cmp	r3, #0
10007712:	db14      	blt.n	1000773e <async_context_threadsafe_background_init+0x76>
10007714:	001a      	movs	r2, r3
10007716:	2544      	movs	r5, #68	; 0x44
10007718:	490c      	ldr	r1, [pc, #48]	; (1000774c <async_context_threadsafe_background_init+0x84>)
1000771a:	3a1a      	subs	r2, #26
1000771c:	0092      	lsls	r2, r2, #2
1000771e:	30ff      	adds	r0, #255	; 0xff
10007720:	5054      	str	r4, [r2, r1]
10007722:	4018      	ands	r0, r3
10007724:	5563      	strb	r3, [r4, r5]
10007726:	490a      	ldr	r1, [pc, #40]	; (10007750 <async_context_threadsafe_background_init+0x88>)
10007728:	f7f8 ffb2 	bl	10000690 <irq_set_exclusive_handler>
1000772c:	2101      	movs	r1, #1
1000772e:	5d60      	ldrb	r0, [r4, r5]
10007730:	f7f8 ff94 	bl	1000065c <irq_set_enabled>
10007734:	5d60      	ldrb	r0, [r4, r5]
10007736:	0031      	movs	r1, r6
10007738:	f7f9 f9aa 	bl	10000a90 <irq_set_priority>
1000773c:	2001      	movs	r0, #1
1000773e:	bd70      	pop	{r4, r5, r6, pc}
10007740:	f7f9 fc8e 	bl	10001060 <alarm_pool_get_default>
10007744:	6220      	str	r0, [r4, #32]
10007746:	e7d3      	b.n	100076f0 <async_context_threadsafe_background_init+0x28>
10007748:	1003f710 	.word	0x1003f710
1000774c:	20000880 	.word	0x20000880
10007750:	10007545 	.word	0x10007545

10007754 <async_context_base_add_at_time_worker>:
10007754:	0002      	movs	r2, r0
10007756:	6883      	ldr	r3, [r0, #8]
10007758:	3208      	adds	r2, #8
1000775a:	2b00      	cmp	r3, #0
1000775c:	d104      	bne.n	10007768 <async_context_base_add_at_time_worker+0x14>
1000775e:	e007      	b.n	10007770 <async_context_base_add_at_time_worker+0x1c>
10007760:	001a      	movs	r2, r3
10007762:	681b      	ldr	r3, [r3, #0]
10007764:	2b00      	cmp	r3, #0
10007766:	d003      	beq.n	10007770 <async_context_base_add_at_time_worker+0x1c>
10007768:	4299      	cmp	r1, r3
1000776a:	d1f9      	bne.n	10007760 <async_context_base_add_at_time_worker+0xc>
1000776c:	2000      	movs	r0, #0
1000776e:	e003      	b.n	10007778 <async_context_base_add_at_time_worker+0x24>
10007770:	2300      	movs	r3, #0
10007772:	2001      	movs	r0, #1
10007774:	6011      	str	r1, [r2, #0]
10007776:	600b      	str	r3, [r1, #0]
10007778:	4770      	bx	lr
1000777a:	46c0      	nop			; (mov r8, r8)

1000777c <async_context_base_remove_at_time_worker>:
1000777c:	6883      	ldr	r3, [r0, #8]
1000777e:	2b00      	cmp	r3, #0
10007780:	d008      	beq.n	10007794 <async_context_base_remove_at_time_worker+0x18>
10007782:	4299      	cmp	r1, r3
10007784:	d102      	bne.n	1000778c <async_context_base_remove_at_time_worker+0x10>
10007786:	e007      	b.n	10007798 <async_context_base_remove_at_time_worker+0x1c>
10007788:	4299      	cmp	r1, r3
1000778a:	d007      	beq.n	1000779c <async_context_base_remove_at_time_worker+0x20>
1000778c:	001a      	movs	r2, r3
1000778e:	681b      	ldr	r3, [r3, #0]
10007790:	2b00      	cmp	r3, #0
10007792:	d1f9      	bne.n	10007788 <async_context_base_remove_at_time_worker+0xc>
10007794:	2000      	movs	r0, #0
10007796:	4770      	bx	lr
10007798:	0002      	movs	r2, r0
1000779a:	3208      	adds	r2, #8
1000779c:	680b      	ldr	r3, [r1, #0]
1000779e:	2001      	movs	r0, #1
100077a0:	6013      	str	r3, [r2, #0]
100077a2:	e7f8      	b.n	10007796 <async_context_base_remove_at_time_worker+0x1a>

100077a4 <async_context_base_add_when_pending_worker>:
100077a4:	6843      	ldr	r3, [r0, #4]
100077a6:	1d02      	adds	r2, r0, #4
100077a8:	2b00      	cmp	r3, #0
100077aa:	d104      	bne.n	100077b6 <async_context_base_add_when_pending_worker+0x12>
100077ac:	e007      	b.n	100077be <async_context_base_add_when_pending_worker+0x1a>
100077ae:	001a      	movs	r2, r3
100077b0:	681b      	ldr	r3, [r3, #0]
100077b2:	2b00      	cmp	r3, #0
100077b4:	d003      	beq.n	100077be <async_context_base_add_when_pending_worker+0x1a>
100077b6:	4299      	cmp	r1, r3
100077b8:	d1f9      	bne.n	100077ae <async_context_base_add_when_pending_worker+0xa>
100077ba:	2000      	movs	r0, #0
100077bc:	e003      	b.n	100077c6 <async_context_base_add_when_pending_worker+0x22>
100077be:	2300      	movs	r3, #0
100077c0:	2001      	movs	r0, #1
100077c2:	6011      	str	r1, [r2, #0]
100077c4:	600b      	str	r3, [r1, #0]
100077c6:	4770      	bx	lr

100077c8 <async_context_base_remove_when_pending_worker>:
100077c8:	6843      	ldr	r3, [r0, #4]
100077ca:	2b00      	cmp	r3, #0
100077cc:	d008      	beq.n	100077e0 <async_context_base_remove_when_pending_worker+0x18>
100077ce:	4299      	cmp	r1, r3
100077d0:	d102      	bne.n	100077d8 <async_context_base_remove_when_pending_worker+0x10>
100077d2:	e007      	b.n	100077e4 <async_context_base_remove_when_pending_worker+0x1c>
100077d4:	4299      	cmp	r1, r3
100077d6:	d006      	beq.n	100077e6 <async_context_base_remove_when_pending_worker+0x1e>
100077d8:	001a      	movs	r2, r3
100077da:	681b      	ldr	r3, [r3, #0]
100077dc:	2b00      	cmp	r3, #0
100077de:	d1f9      	bne.n	100077d4 <async_context_base_remove_when_pending_worker+0xc>
100077e0:	2000      	movs	r0, #0
100077e2:	4770      	bx	lr
100077e4:	1d02      	adds	r2, r0, #4
100077e6:	680b      	ldr	r3, [r1, #0]
100077e8:	2001      	movs	r0, #1
100077ea:	6013      	str	r3, [r2, #0]
100077ec:	e7f9      	b.n	100077e2 <async_context_base_remove_when_pending_worker+0x1a>
100077ee:	46c0      	nop			; (mov r8, r8)

100077f0 <async_context_base_execute_once>:
100077f0:	b5f8      	push	{r3, r4, r5, r6, r7, lr}
100077f2:	4647      	mov	r7, r8
100077f4:	46ce      	mov	lr, r9
100077f6:	6883      	ldr	r3, [r0, #8]
100077f8:	4680      	mov	r8, r0
100077fa:	b580      	push	{r7, lr}
100077fc:	2b00      	cmp	r3, #0
100077fe:	d029      	beq.n	10007854 <async_context_base_execute_once+0x64>
10007800:	2308      	movs	r3, #8
10007802:	4443      	add	r3, r8
10007804:	4699      	mov	r9, r3
10007806:	f7f9 fe3b 	bl	10001480 <time_us_64>
1000780a:	4643      	mov	r3, r8
1000780c:	689e      	ldr	r6, [r3, #8]
1000780e:	0004      	movs	r4, r0
10007810:	000d      	movs	r5, r1
10007812:	2e00      	cmp	r6, #0
10007814:	d058      	beq.n	100078c8 <async_context_base_execute_once+0xd8>
10007816:	2300      	movs	r3, #0
10007818:	464f      	mov	r7, r9
1000781a:	469c      	mov	ip, r3
1000781c:	68b2      	ldr	r2, [r6, #8]
1000781e:	68f3      	ldr	r3, [r6, #12]
10007820:	0020      	movs	r0, r4
10007822:	0029      	movs	r1, r5
10007824:	1a80      	subs	r0, r0, r2
10007826:	4199      	sbcs	r1, r3
10007828:	2900      	cmp	r1, #0
1000782a:	db02      	blt.n	10007832 <async_context_base_execute_once+0x42>
1000782c:	0014      	movs	r4, r2
1000782e:	001d      	movs	r5, r3
10007830:	46bc      	mov	ip, r7
10007832:	0037      	movs	r7, r6
10007834:	6836      	ldr	r6, [r6, #0]
10007836:	2e00      	cmp	r6, #0
10007838:	d1f0      	bne.n	1000781c <async_context_base_execute_once+0x2c>
1000783a:	4663      	mov	r3, ip
1000783c:	2b00      	cmp	r3, #0
1000783e:	d043      	beq.n	100078c8 <async_context_base_execute_once+0xd8>
10007840:	6819      	ldr	r1, [r3, #0]
10007842:	4640      	mov	r0, r8
10007844:	680a      	ldr	r2, [r1, #0]
10007846:	601a      	str	r2, [r3, #0]
10007848:	684b      	ldr	r3, [r1, #4]
1000784a:	4798      	blx	r3
1000784c:	4643      	mov	r3, r8
1000784e:	689b      	ldr	r3, [r3, #8]
10007850:	2b00      	cmp	r3, #0
10007852:	d1d8      	bne.n	10007806 <async_context_base_execute_once+0x16>
10007854:	4643      	mov	r3, r8
10007856:	685c      	ldr	r4, [r3, #4]
10007858:	2c00      	cmp	r4, #0
1000785a:	d031      	beq.n	100078c0 <async_context_base_execute_once+0xd0>
1000785c:	2500      	movs	r5, #0
1000785e:	7a23      	ldrb	r3, [r4, #8]
10007860:	2b00      	cmp	r3, #0
10007862:	d029      	beq.n	100078b8 <async_context_base_execute_once+0xc8>
10007864:	0021      	movs	r1, r4
10007866:	6863      	ldr	r3, [r4, #4]
10007868:	7225      	strb	r5, [r4, #8]
1000786a:	4640      	mov	r0, r8
1000786c:	4798      	blx	r3
1000786e:	6824      	ldr	r4, [r4, #0]
10007870:	2c00      	cmp	r4, #0
10007872:	d1f4      	bne.n	1000785e <async_context_base_execute_once+0x6e>
10007874:	4b17      	ldr	r3, [pc, #92]	; (100078d4 <async_context_base_execute_once+0xe4>)
10007876:	6818      	ldr	r0, [r3, #0]
10007878:	6859      	ldr	r1, [r3, #4]
1000787a:	4643      	mov	r3, r8
1000787c:	689e      	ldr	r6, [r3, #8]
1000787e:	2e00      	cmp	r6, #0
10007880:	d104      	bne.n	1000788c <async_context_base_execute_once+0x9c>
10007882:	e012      	b.n	100078aa <async_context_base_execute_once+0xba>
10007884:	0020      	movs	r0, r4
10007886:	0029      	movs	r1, r5
10007888:	2e00      	cmp	r6, #0
1000788a:	d00e      	beq.n	100078aa <async_context_base_execute_once+0xba>
1000788c:	0033      	movs	r3, r6
1000788e:	0002      	movs	r2, r0
10007890:	689c      	ldr	r4, [r3, #8]
10007892:	68dd      	ldr	r5, [r3, #12]
10007894:	000b      	movs	r3, r1
10007896:	1b12      	subs	r2, r2, r4
10007898:	41ab      	sbcs	r3, r5
1000789a:	6836      	ldr	r6, [r6, #0]
1000789c:	2b00      	cmp	r3, #0
1000789e:	dcf1      	bgt.n	10007884 <async_context_base_execute_once+0x94>
100078a0:	d1f2      	bne.n	10007888 <async_context_base_execute_once+0x98>
100078a2:	2a00      	cmp	r2, #0
100078a4:	d1ee      	bne.n	10007884 <async_context_base_execute_once+0x94>
100078a6:	2e00      	cmp	r6, #0
100078a8:	d1f0      	bne.n	1000788c <async_context_base_execute_once+0x9c>
100078aa:	4643      	mov	r3, r8
100078ac:	6118      	str	r0, [r3, #16]
100078ae:	6159      	str	r1, [r3, #20]
100078b0:	bcc0      	pop	{r6, r7}
100078b2:	46b9      	mov	r9, r7
100078b4:	46b0      	mov	r8, r6
100078b6:	bdf8      	pop	{r3, r4, r5, r6, r7, pc}
100078b8:	6824      	ldr	r4, [r4, #0]
100078ba:	2c00      	cmp	r4, #0
100078bc:	d1cf      	bne.n	1000785e <async_context_base_execute_once+0x6e>
100078be:	e7d9      	b.n	10007874 <async_context_base_execute_once+0x84>
100078c0:	4b04      	ldr	r3, [pc, #16]	; (100078d4 <async_context_base_execute_once+0xe4>)
100078c2:	6818      	ldr	r0, [r3, #0]
100078c4:	6859      	ldr	r1, [r3, #4]
100078c6:	e7f0      	b.n	100078aa <async_context_base_execute_once+0xba>
100078c8:	4643      	mov	r3, r8
100078ca:	685c      	ldr	r4, [r3, #4]
100078cc:	2c00      	cmp	r4, #0
100078ce:	d1c5      	bne.n	1000785c <async_context_base_execute_once+0x6c>
100078d0:	e7d0      	b.n	10007874 <async_context_base_execute_once+0x84>
100078d2:	46c0      	nop			; (mov r8, r8)
100078d4:	10007b70 	.word	0x10007b70

100078d8 <memmove>:
100078d8:	b5f0      	push	{r4, r5, r6, r7, lr}
100078da:	4288      	cmp	r0, r1
100078dc:	d90a      	bls.n	100078f4 <memmove+0x1c>
100078de:	188b      	adds	r3, r1, r2
100078e0:	4298      	cmp	r0, r3
100078e2:	d207      	bcs.n	100078f4 <memmove+0x1c>
100078e4:	1e53      	subs	r3, r2, #1
100078e6:	2a00      	cmp	r2, #0
100078e8:	d003      	beq.n	100078f2 <memmove+0x1a>
100078ea:	5cca      	ldrb	r2, [r1, r3]
100078ec:	54c2      	strb	r2, [r0, r3]
100078ee:	3b01      	subs	r3, #1
100078f0:	d2fb      	bcs.n	100078ea <memmove+0x12>
100078f2:	bdf0      	pop	{r4, r5, r6, r7, pc}
100078f4:	2a0f      	cmp	r2, #15
100078f6:	d80b      	bhi.n	10007910 <memmove+0x38>
100078f8:	0005      	movs	r5, r0
100078fa:	1e56      	subs	r6, r2, #1
100078fc:	2a00      	cmp	r2, #0
100078fe:	d0f8      	beq.n	100078f2 <memmove+0x1a>
10007900:	2300      	movs	r3, #0
10007902:	5ccc      	ldrb	r4, [r1, r3]
10007904:	001a      	movs	r2, r3
10007906:	54ec      	strb	r4, [r5, r3]
10007908:	3301      	adds	r3, #1
1000790a:	4296      	cmp	r6, r2
1000790c:	d1f9      	bne.n	10007902 <memmove+0x2a>
1000790e:	e7f0      	b.n	100078f2 <memmove+0x1a>
10007910:	2703      	movs	r7, #3
10007912:	000d      	movs	r5, r1
10007914:	003e      	movs	r6, r7
10007916:	4305      	orrs	r5, r0
10007918:	000c      	movs	r4, r1
1000791a:	0003      	movs	r3, r0
1000791c:	402e      	ands	r6, r5
1000791e:	422f      	tst	r7, r5
10007920:	d12b      	bne.n	1000797a <memmove+0xa2>
10007922:	0015      	movs	r5, r2
10007924:	3d10      	subs	r5, #16
10007926:	092d      	lsrs	r5, r5, #4
10007928:	46ac      	mov	ip, r5
1000792a:	012f      	lsls	r7, r5, #4
1000792c:	183f      	adds	r7, r7, r0
1000792e:	6825      	ldr	r5, [r4, #0]
10007930:	601d      	str	r5, [r3, #0]
10007932:	6865      	ldr	r5, [r4, #4]
10007934:	605d      	str	r5, [r3, #4]
10007936:	68a5      	ldr	r5, [r4, #8]
10007938:	609d      	str	r5, [r3, #8]
1000793a:	68e5      	ldr	r5, [r4, #12]
1000793c:	3410      	adds	r4, #16
1000793e:	60dd      	str	r5, [r3, #12]
10007940:	001d      	movs	r5, r3
10007942:	3310      	adds	r3, #16
10007944:	42bd      	cmp	r5, r7
10007946:	d1f2      	bne.n	1000792e <memmove+0x56>
10007948:	4665      	mov	r5, ip
1000794a:	230f      	movs	r3, #15
1000794c:	240c      	movs	r4, #12
1000794e:	3501      	adds	r5, #1
10007950:	012d      	lsls	r5, r5, #4
10007952:	1949      	adds	r1, r1, r5
10007954:	4013      	ands	r3, r2
10007956:	1945      	adds	r5, r0, r5
10007958:	4214      	tst	r4, r2
1000795a:	d011      	beq.n	10007980 <memmove+0xa8>
1000795c:	598c      	ldr	r4, [r1, r6]
1000795e:	51ac      	str	r4, [r5, r6]
10007960:	3604      	adds	r6, #4
10007962:	1b9c      	subs	r4, r3, r6
10007964:	2c03      	cmp	r4, #3
10007966:	d8f9      	bhi.n	1000795c <memmove+0x84>
10007968:	3b04      	subs	r3, #4
1000796a:	089b      	lsrs	r3, r3, #2
1000796c:	3301      	adds	r3, #1
1000796e:	009b      	lsls	r3, r3, #2
10007970:	18ed      	adds	r5, r5, r3
10007972:	18c9      	adds	r1, r1, r3
10007974:	2303      	movs	r3, #3
10007976:	401a      	ands	r2, r3
10007978:	e7bf      	b.n	100078fa <memmove+0x22>
1000797a:	0005      	movs	r5, r0
1000797c:	1e56      	subs	r6, r2, #1
1000797e:	e7bf      	b.n	10007900 <memmove+0x28>
10007980:	001a      	movs	r2, r3
10007982:	e7ba      	b.n	100078fa <memmove+0x22>

10007984 <strlen>:
10007984:	b510      	push	{r4, lr}
10007986:	0783      	lsls	r3, r0, #30
10007988:	d00a      	beq.n	100079a0 <strlen+0x1c>
1000798a:	0003      	movs	r3, r0
1000798c:	2103      	movs	r1, #3
1000798e:	e002      	b.n	10007996 <strlen+0x12>
10007990:	3301      	adds	r3, #1
10007992:	420b      	tst	r3, r1
10007994:	d005      	beq.n	100079a2 <strlen+0x1e>
10007996:	781a      	ldrb	r2, [r3, #0]
10007998:	2a00      	cmp	r2, #0
1000799a:	d1f9      	bne.n	10007990 <strlen+0xc>
1000799c:	1a18      	subs	r0, r3, r0
1000799e:	bd10      	pop	{r4, pc}
100079a0:	0003      	movs	r3, r0
100079a2:	6819      	ldr	r1, [r3, #0]
100079a4:	4a0c      	ldr	r2, [pc, #48]	; (100079d8 <strlen+0x54>)
100079a6:	4c0d      	ldr	r4, [pc, #52]	; (100079dc <strlen+0x58>)
100079a8:	188a      	adds	r2, r1, r2
100079aa:	438a      	bics	r2, r1
100079ac:	4222      	tst	r2, r4
100079ae:	d10f      	bne.n	100079d0 <strlen+0x4c>
100079b0:	6859      	ldr	r1, [r3, #4]
100079b2:	4a09      	ldr	r2, [pc, #36]	; (100079d8 <strlen+0x54>)
100079b4:	3304      	adds	r3, #4
100079b6:	188a      	adds	r2, r1, r2
100079b8:	438a      	bics	r2, r1
100079ba:	4222      	tst	r2, r4
100079bc:	d108      	bne.n	100079d0 <strlen+0x4c>
100079be:	6859      	ldr	r1, [r3, #4]
100079c0:	4a05      	ldr	r2, [pc, #20]	; (100079d8 <strlen+0x54>)
100079c2:	3304      	adds	r3, #4
100079c4:	188a      	adds	r2, r1, r2
100079c6:	438a      	bics	r2, r1
100079c8:	4222      	tst	r2, r4
100079ca:	d0f1      	beq.n	100079b0 <strlen+0x2c>
100079cc:	e000      	b.n	100079d0 <strlen+0x4c>
100079ce:	3301      	adds	r3, #1
100079d0:	781a      	ldrb	r2, [r3, #0]
100079d2:	2a00      	cmp	r2, #0
100079d4:	d1fb      	bne.n	100079ce <strlen+0x4a>
100079d6:	e7e1      	b.n	1000799c <strlen+0x18>
100079d8:	fefefeff 	.word	0xfefefeff
100079dc:	80808080 	.word	0x80808080

100079e0 <strncmp>:
100079e0:	b530      	push	{r4, r5, lr}
100079e2:	2a00      	cmp	r2, #0
100079e4:	d026      	beq.n	10007a34 <strncmp+0x54>
100079e6:	0003      	movs	r3, r0
100079e8:	430b      	orrs	r3, r1
100079ea:	079b      	lsls	r3, r3, #30
100079ec:	d124      	bne.n	10007a38 <strncmp+0x58>
100079ee:	2a03      	cmp	r2, #3
100079f0:	d922      	bls.n	10007a38 <strncmp+0x58>
100079f2:	4d16      	ldr	r5, [pc, #88]	; (10007a4c <strncmp+0x6c>)
100079f4:	e00b      	b.n	10007a0e <strncmp+0x2e>
100079f6:	3a04      	subs	r2, #4
100079f8:	2a00      	cmp	r2, #0
100079fa:	d01b      	beq.n	10007a34 <strncmp+0x54>
100079fc:	4c14      	ldr	r4, [pc, #80]	; (10007a50 <strncmp+0x70>)
100079fe:	191c      	adds	r4, r3, r4
10007a00:	439c      	bics	r4, r3
10007a02:	422c      	tst	r4, r5
10007a04:	d116      	bne.n	10007a34 <strncmp+0x54>
10007a06:	3004      	adds	r0, #4
10007a08:	3104      	adds	r1, #4
10007a0a:	2a03      	cmp	r2, #3
10007a0c:	d914      	bls.n	10007a38 <strncmp+0x58>
10007a0e:	6803      	ldr	r3, [r0, #0]
10007a10:	680c      	ldr	r4, [r1, #0]
10007a12:	42a3      	cmp	r3, r4
10007a14:	d0ef      	beq.n	100079f6 <strncmp+0x16>
10007a16:	7804      	ldrb	r4, [r0, #0]
10007a18:	780d      	ldrb	r5, [r1, #0]
10007a1a:	42ac      	cmp	r4, r5
10007a1c:	d113      	bne.n	10007a46 <strncmp+0x66>
10007a1e:	2301      	movs	r3, #1
10007a20:	e006      	b.n	10007a30 <strncmp+0x50>
10007a22:	5cc4      	ldrb	r4, [r0, r3]
10007a24:	5ccd      	ldrb	r5, [r1, r3]
10007a26:	42ac      	cmp	r4, r5
10007a28:	d10d      	bne.n	10007a46 <strncmp+0x66>
10007a2a:	3301      	adds	r3, #1
10007a2c:	4293      	cmp	r3, r2
10007a2e:	d001      	beq.n	10007a34 <strncmp+0x54>
10007a30:	2c00      	cmp	r4, #0
10007a32:	d1f6      	bne.n	10007a22 <strncmp+0x42>
10007a34:	2000      	movs	r0, #0
10007a36:	bd30      	pop	{r4, r5, pc}
10007a38:	7804      	ldrb	r4, [r0, #0]
10007a3a:	780d      	ldrb	r5, [r1, #0]
10007a3c:	42a5      	cmp	r5, r4
10007a3e:	d102      	bne.n	10007a46 <strncmp+0x66>
10007a40:	2a01      	cmp	r2, #1
10007a42:	d1ec      	bne.n	10007a1e <strncmp+0x3e>
10007a44:	e7f6      	b.n	10007a34 <strncmp+0x54>
10007a46:	1b60      	subs	r0, r4, r5
10007a48:	e7f5      	b.n	10007a36 <strncmp+0x56>
10007a4a:	46c0      	nop			; (mov r8, r8)
10007a4c:	80808080 	.word	0x80808080
10007a50:	fefefeff 	.word	0xfefefeff

10007a54 <_fini>:
10007a54:	b5f8      	push	{r3, r4, r5, r6, r7, lr}
10007a56:	46c0      	nop			; (mov r8, r8)

10007a58 <__sem_release_veneer>:
10007a58:	b401      	push	{r0}
10007a5a:	4802      	ldr	r0, [pc, #8]	; (10007a64 <__sem_release_veneer+0xc>)
10007a5c:	4684      	mov	ip, r0
10007a5e:	bc01      	pop	{r0}
10007a60:	4760      	bx	ip
10007a62:	bf00      	nop
10007a64:	20000129 	.word	0x20000129

10007a68 <__flash_do_cmd_veneer>:
10007a68:	b401      	push	{r0}
10007a6a:	4802      	ldr	r0, [pc, #8]	; (10007a74 <__flash_do_cmd_veneer+0xc>)
10007a6c:	4684      	mov	ip, r0
10007a6e:	bc01      	pop	{r0}
10007a70:	4760      	bx	ip
10007a72:	bf00      	nop
10007a74:	200003ed 	.word	0x200003ed

10007a78 <__mutex_exit_veneer>:
10007a78:	b401      	push	{r0}
10007a7a:	4802      	ldr	r0, [pc, #8]	; (10007a84 <__mutex_exit_veneer+0xc>)
10007a7c:	4684      	mov	ip, r0
10007a7e:	bc01      	pop	{r0}
10007a80:	4760      	bx	ip
10007a82:	bf00      	nop
10007a84:	200002b9 	.word	0x200002b9

10007a88 <____aeabi_ldiv0_veneer>:
10007a88:	b401      	push	{r0}
10007a8a:	4802      	ldr	r0, [pc, #8]	; (10007a94 <____aeabi_ldiv0_veneer+0xc>)
10007a8c:	4684      	mov	ip, r0
10007a8e:	bc01      	pop	{r0}
10007a90:	4760      	bx	ip
10007a92:	bf00      	nop
10007a94:	200004c1 	.word	0x200004c1

10007a98 <__recursive_mutex_try_enter_veneer>:
10007a98:	b401      	push	{r0}
10007a9a:	4802      	ldr	r0, [pc, #8]	; (10007aa4 <__recursive_mutex_try_enter_veneer+0xc>)
10007a9c:	4684      	mov	ip, r0
10007a9e:	bc01      	pop	{r0}
10007aa0:	4760      	bx	ip
10007aa2:	bf00      	nop
10007aa4:	20000265 	.word	0x20000265

10007aa8 <____aeabi_idiv0_veneer>:
10007aa8:	b401      	push	{r0}
10007aaa:	4802      	ldr	r0, [pc, #8]	; (10007ab4 <____aeabi_idiv0_veneer+0xc>)
10007aac:	4684      	mov	ip, r0
10007aae:	bc01      	pop	{r0}
10007ab0:	4760      	bx	ip
10007ab2:	bf00      	nop
10007ab4:	200004c1 	.word	0x200004c1

10007ab8 <__recursive_mutex_enter_blocking_veneer>:
10007ab8:	b401      	push	{r0}
10007aba:	4802      	ldr	r0, [pc, #8]	; (10007ac4 <__recursive_mutex_enter_blocking_veneer+0xc>)
10007abc:	4684      	mov	ip, r0
10007abe:	bc01      	pop	{r0}
10007ac0:	4760      	bx	ip
10007ac2:	bf00      	nop
10007ac4:	20000175 	.word	0x20000175

10007ac8 <__mutex_try_enter_block_until_veneer>:
10007ac8:	b401      	push	{r0}
10007aca:	4802      	ldr	r0, [pc, #8]	; (10007ad4 <__mutex_try_enter_block_until_veneer+0xc>)
10007acc:	4684      	mov	ip, r0
10007ace:	bc01      	pop	{r0}
10007ad0:	4760      	bx	ip
10007ad2:	bf00      	nop
10007ad4:	200001c9 	.word	0x200001c9

10007ad8 <__recursive_mutex_exit_veneer>:
10007ad8:	b401      	push	{r0}
10007ada:	4802      	ldr	r0, [pc, #8]	; (10007ae4 <__recursive_mutex_exit_veneer+0xc>)
10007adc:	4684      	mov	ip, r0
10007ade:	bc01      	pop	{r0}
10007ae0:	4760      	bx	ip
10007ae2:	bf00      	nop
10007ae4:	200002e1 	.word	0x200002e1

10007ae8 <__sem_acquire_block_until_veneer>:
10007ae8:	b401      	push	{r0}
10007aea:	4802      	ldr	r0, [pc, #8]	; (10007af4 <__sem_acquire_block_until_veneer+0xc>)
10007aec:	4684      	mov	ip, r0
10007aee:	bc01      	pop	{r0}
10007af0:	4760      	bx	ip
10007af2:	bf00      	nop
10007af4:	200000c1 	.word	0x200000c1

10007af8 <__pre_init_runtime_init_early_resets>:
10007af8:	10001811                                ....

10007afc <__pre_init_runtime_init_usb_power_down>:
10007afc:	1000183d 10001a39 10002239 100020cd     =...9...9"... ..
10007b0c:	100021dd                                .!..

10007b10 <__pre_init_runtime_init_clocks>:
10007b10:	10001961                                a...

10007b14 <__pre_init_runtime_init_post_clock_resets>:
10007b14:	10001859                                Y...

10007b18 <__pre_init_runtime_init_rp2040_gpio_ie_disable>:
10007b18:	10001879                                y...

10007b1c <__pre_init_runtime_init_spin_locks_reset>:
10007b1c:	1000188d                                ....

10007b20 <__pre_init_runtime_init_mutex>:
10007b20:	10000bd9                                ....

10007b24 <__pre_init_runtime_init_install_ram_vector_table>:
10007b24:	10001895                                ....

10007b28 <__pre_init_runtime_init_default_alarm_pool>:
10007b28:	10000f85                                ....

10007b2c <__pre_init_first_per_core_initializer>:
10007b2c:	100017d9                                ....

10007b30 <__pre_init_runtime_init_per_core_irq_priorities>:
10007b30:	10000639                                9...

10007b34 <__init_array_start>:
10007b34:	10003c49 	.word	0x10003c49

10007b38 <__frame_dummy_init_array_entry>:
10007b38:	100002b1                                ....

Disassembly of section .data:

200000c0 <sem_acquire_block_until>:
200000c0:	b5f8      	push	{r3, r4, r5, r6, r7, lr}
200000c2:	4647      	mov	r7, r8
200000c4:	46ce      	mov	lr, r9
200000c6:	b580      	push	{r7, lr}
200000c8:	001f      	movs	r7, r3
200000ca:	2300      	movs	r3, #0
200000cc:	0004      	movs	r4, r0
200000ce:	4690      	mov	r8, r2
200000d0:	4699      	mov	r9, r3
200000d2:	e00c      	b.n	200000ee <sem_acquire_block_until+0x2e>
200000d4:	6823      	ldr	r3, [r4, #0]
200000d6:	f3bf 8f5f 	dmb	sy
200000da:	464a      	mov	r2, r9
200000dc:	601a      	str	r2, [r3, #0]
200000de:	f38c 8810 	msr	PRIMASK, ip
200000e2:	4640      	mov	r0, r8
200000e4:	0039      	movs	r1, r7
200000e6:	f000 f9ef 	bl	200004c8 <__best_effort_wfe_or_timeout_veneer>
200000ea:	2800      	cmp	r0, #0
200000ec:	d11a      	bne.n	20000124 <sem_acquire_block_until+0x64>
200000ee:	6826      	ldr	r6, [r4, #0]
200000f0:	f3ef 8c10 	mrs	ip, PRIMASK
200000f4:	b672      	cpsid	i
200000f6:	6835      	ldr	r5, [r6, #0]
200000f8:	2d00      	cmp	r5, #0
200000fa:	d0fc      	beq.n	200000f6 <sem_acquire_block_until+0x36>
200000fc:	f3bf 8f5f 	dmb	sy
20000100:	2304      	movs	r3, #4
20000102:	5ee5      	ldrsh	r5, [r4, r3]
20000104:	2d00      	cmp	r5, #0
20000106:	dde5      	ble.n	200000d4 <sem_acquire_block_until+0x14>
20000108:	3d01      	subs	r5, #1
2000010a:	80a5      	strh	r5, [r4, #4]
2000010c:	6823      	ldr	r3, [r4, #0]
2000010e:	f3bf 8f5f 	dmb	sy
20000112:	2200      	movs	r2, #0
20000114:	601a      	str	r2, [r3, #0]
20000116:	f38c 8810 	msr	PRIMASK, ip
2000011a:	2001      	movs	r0, #1
2000011c:	bcc0      	pop	{r6, r7}
2000011e:	46b9      	mov	r9, r7
20000120:	46b0      	mov	r8, r6
20000122:	bdf8      	pop	{r3, r4, r5, r6, r7, pc}
20000124:	2000      	movs	r0, #0
20000126:	e7f9      	b.n	2000011c <sem_acquire_block_until+0x5c>

20000128 <sem_release>:
20000128:	b510      	push	{r4, lr}
2000012a:	6802      	ldr	r2, [r0, #0]
2000012c:	f3ef 8110 	mrs	r1, PRIMASK
20000130:	b672      	cpsid	i
20000132:	6813      	ldr	r3, [r2, #0]
20000134:	2b00      	cmp	r3, #0
20000136:	d0fc      	beq.n	20000132 <sem_release+0xa>
20000138:	f3bf 8f5f 	dmb	sy
2000013c:	2204      	movs	r2, #4
2000013e:	5e83      	ldrsh	r3, [r0, r2]
20000140:	2406      	movs	r4, #6
20000142:	5f02      	ldrsh	r2, [r0, r4]
20000144:	429a      	cmp	r2, r3
20000146:	dd0b      	ble.n	20000160 <sem_release+0x38>
20000148:	3301      	adds	r3, #1
2000014a:	8083      	strh	r3, [r0, #4]
2000014c:	6803      	ldr	r3, [r0, #0]
2000014e:	f3bf 8f5f 	dmb	sy
20000152:	2200      	movs	r2, #0
20000154:	601a      	str	r2, [r3, #0]
20000156:	f381 8810 	msr	PRIMASK, r1
2000015a:	bf40      	sev
2000015c:	2001      	movs	r0, #1
2000015e:	bd10      	pop	{r4, pc}
20000160:	6803      	ldr	r3, [r0, #0]
20000162:	f3bf 8f5f 	dmb	sy
20000166:	2200      	movs	r2, #0
20000168:	601a      	str	r2, [r3, #0]
2000016a:	f381 8810 	msr	PRIMASK, r1
2000016e:	2000      	movs	r0, #0
20000170:	e7f5      	b.n	2000015e <sem_release+0x36>
20000172:	46c0      	nop			; (mov r8, r8)

20000174 <recursive_mutex_enter_blocking>:
20000174:	23d0      	movs	r3, #208	; 0xd0
20000176:	b530      	push	{r4, r5, lr}
20000178:	2400      	movs	r4, #0
2000017a:	061b      	lsls	r3, r3, #24
2000017c:	2500      	movs	r5, #0
2000017e:	571c      	ldrsb	r4, [r3, r4]
20000180:	e008      	b.n	20000194 <recursive_mutex_enter_blocking+0x20>
20000182:	2b00      	cmp	r3, #0
20000184:	db13      	blt.n	200001ae <recursive_mutex_enter_blocking+0x3a>
20000186:	6803      	ldr	r3, [r0, #0]
20000188:	f3bf 8f5f 	dmb	sy
2000018c:	601d      	str	r5, [r3, #0]
2000018e:	f381 8810 	msr	PRIMASK, r1
20000192:	bf20      	wfe
20000194:	6802      	ldr	r2, [r0, #0]
20000196:	f3ef 8110 	mrs	r1, PRIMASK
2000019a:	b672      	cpsid	i
2000019c:	6813      	ldr	r3, [r2, #0]
2000019e:	2b00      	cmp	r3, #0
200001a0:	d0fc      	beq.n	2000019c <recursive_mutex_enter_blocking+0x28>
200001a2:	f3bf 8f5f 	dmb	sy
200001a6:	2304      	movs	r3, #4
200001a8:	56c3      	ldrsb	r3, [r0, r3]
200001aa:	42a3      	cmp	r3, r4
200001ac:	d1e9      	bne.n	20000182 <recursive_mutex_enter_blocking+0xe>
200001ae:	7943      	ldrb	r3, [r0, #5]
200001b0:	7104      	strb	r4, [r0, #4]
200001b2:	3301      	adds	r3, #1
200001b4:	7143      	strb	r3, [r0, #5]
200001b6:	6803      	ldr	r3, [r0, #0]
200001b8:	f3bf 8f5f 	dmb	sy
200001bc:	2200      	movs	r2, #0
200001be:	601a      	str	r2, [r3, #0]
200001c0:	f381 8810 	msr	PRIMASK, r1
200001c4:	bd30      	pop	{r4, r5, pc}
200001c6:	46c0      	nop			; (mov r8, r8)

200001c8 <mutex_try_enter_block_until>:
200001c8:	b5f0      	push	{r4, r5, r6, r7, lr}
200001ca:	46c6      	mov	lr, r8
200001cc:	0015      	movs	r5, r2
200001ce:	b500      	push	{lr}
200001d0:	0004      	movs	r4, r0
200001d2:	001e      	movs	r6, r3
200001d4:	6802      	ldr	r2, [r0, #0]
200001d6:	f3ef 8110 	mrs	r1, PRIMASK
200001da:	b672      	cpsid	i
200001dc:	6813      	ldr	r3, [r2, #0]
200001de:	2b00      	cmp	r3, #0
200001e0:	d0fc      	beq.n	200001dc <mutex_try_enter_block_until+0x14>
200001e2:	f3bf 8f5f 	dmb	sy
200001e6:	2304      	movs	r3, #4
200001e8:	56e3      	ldrsb	r3, [r4, r3]
200001ea:	2b00      	cmp	r3, #0
200001ec:	db2d      	blt.n	2000024a <mutex_try_enter_block_until+0x82>
200001ee:	6822      	ldr	r2, [r4, #0]
200001f0:	f3bf 8f5f 	dmb	sy
200001f4:	2000      	movs	r0, #0
200001f6:	6010      	str	r0, [r2, #0]
200001f8:	f381 8810 	msr	PRIMASK, r1
200001fc:	22d0      	movs	r2, #208	; 0xd0
200001fe:	0612      	lsls	r2, r2, #24
20000200:	7812      	ldrb	r2, [r2, #0]
20000202:	b252      	sxtb	r2, r2
20000204:	4690      	mov	r8, r2
20000206:	429a      	cmp	r2, r3
20000208:	d103      	bne.n	20000212 <mutex_try_enter_block_until+0x4a>
2000020a:	2000      	movs	r0, #0
2000020c:	bc80      	pop	{r7}
2000020e:	46b8      	mov	r8, r7
20000210:	bdf0      	pop	{r4, r5, r6, r7, pc}
20000212:	2700      	movs	r7, #0
20000214:	e00b      	b.n	2000022e <mutex_try_enter_block_until+0x66>
20000216:	6823      	ldr	r3, [r4, #0]
20000218:	f3bf 8f5f 	dmb	sy
2000021c:	601f      	str	r7, [r3, #0]
2000021e:	f381 8810 	msr	PRIMASK, r1
20000222:	0028      	movs	r0, r5
20000224:	0031      	movs	r1, r6
20000226:	f000 f94f 	bl	200004c8 <__best_effort_wfe_or_timeout_veneer>
2000022a:	2800      	cmp	r0, #0
2000022c:	d1ed      	bne.n	2000020a <mutex_try_enter_block_until+0x42>
2000022e:	6822      	ldr	r2, [r4, #0]
20000230:	f3ef 8110 	mrs	r1, PRIMASK
20000234:	b672      	cpsid	i
20000236:	6813      	ldr	r3, [r2, #0]
20000238:	2b00      	cmp	r3, #0
2000023a:	d0fc      	beq.n	20000236 <mutex_try_enter_block_until+0x6e>
2000023c:	f3bf 8f5f 	dmb	sy
20000240:	7923      	ldrb	r3, [r4, #4]
20000242:	2b7f      	cmp	r3, #127	; 0x7f
20000244:	d9e7      	bls.n	20000216 <mutex_try_enter_block_until+0x4e>
20000246:	4643      	mov	r3, r8
20000248:	e002      	b.n	20000250 <mutex_try_enter_block_until+0x88>
2000024a:	23d0      	movs	r3, #208	; 0xd0
2000024c:	061b      	lsls	r3, r3, #24
2000024e:	681b      	ldr	r3, [r3, #0]
20000250:	7123      	strb	r3, [r4, #4]
20000252:	6823      	ldr	r3, [r4, #0]
20000254:	f3bf 8f5f 	dmb	sy
20000258:	2200      	movs	r2, #0
2000025a:	601a      	str	r2, [r3, #0]
2000025c:	f381 8810 	msr	PRIMASK, r1
20000260:	2001      	movs	r0, #1
20000262:	e7d3      	b.n	2000020c <mutex_try_enter_block_until+0x44>

20000264 <recursive_mutex_try_enter>:
20000264:	22d0      	movs	r2, #208	; 0xd0
20000266:	0003      	movs	r3, r0
20000268:	2000      	movs	r0, #0
2000026a:	0612      	lsls	r2, r2, #24
2000026c:	b510      	push	{r4, lr}
2000026e:	5610      	ldrsb	r0, [r2, r0]
20000270:	681c      	ldr	r4, [r3, #0]
20000272:	f3ef 8c10 	mrs	ip, PRIMASK
20000276:	b672      	cpsid	i
20000278:	6822      	ldr	r2, [r4, #0]
2000027a:	2a00      	cmp	r2, #0
2000027c:	d0fc      	beq.n	20000278 <recursive_mutex_try_enter+0x14>
2000027e:	f3bf 8f5f 	dmb	sy
20000282:	2204      	movs	r2, #4
20000284:	569a      	ldrsb	r2, [r3, r2]
20000286:	2a00      	cmp	r2, #0
20000288:	db06      	blt.n	20000298 <recursive_mutex_try_enter+0x34>
2000028a:	4282      	cmp	r2, r0
2000028c:	d004      	beq.n	20000298 <recursive_mutex_try_enter+0x34>
2000028e:	2900      	cmp	r1, #0
20000290:	d00f      	beq.n	200002b2 <recursive_mutex_try_enter+0x4e>
20000292:	2000      	movs	r0, #0
20000294:	600a      	str	r2, [r1, #0]
20000296:	e004      	b.n	200002a2 <recursive_mutex_try_enter+0x3e>
20000298:	7118      	strb	r0, [r3, #4]
2000029a:	2001      	movs	r0, #1
2000029c:	795a      	ldrb	r2, [r3, #5]
2000029e:	3201      	adds	r2, #1
200002a0:	715a      	strb	r2, [r3, #5]
200002a2:	681b      	ldr	r3, [r3, #0]
200002a4:	f3bf 8f5f 	dmb	sy
200002a8:	2200      	movs	r2, #0
200002aa:	601a      	str	r2, [r3, #0]
200002ac:	f38c 8810 	msr	PRIMASK, ip
200002b0:	bd10      	pop	{r4, pc}
200002b2:	2000      	movs	r0, #0
200002b4:	e7f5      	b.n	200002a2 <recursive_mutex_try_enter+0x3e>
200002b6:	46c0      	nop			; (mov r8, r8)

200002b8 <mutex_exit>:
200002b8:	6802      	ldr	r2, [r0, #0]
200002ba:	f3ef 8110 	mrs	r1, PRIMASK
200002be:	b672      	cpsid	i
200002c0:	6813      	ldr	r3, [r2, #0]
200002c2:	2b00      	cmp	r3, #0
200002c4:	d0fc      	beq.n	200002c0 <mutex_exit+0x8>
200002c6:	f3bf 8f5f 	dmb	sy
200002ca:	23ff      	movs	r3, #255	; 0xff
200002cc:	7103      	strb	r3, [r0, #4]
200002ce:	6803      	ldr	r3, [r0, #0]
200002d0:	f3bf 8f5f 	dmb	sy
200002d4:	2200      	movs	r2, #0
200002d6:	601a      	str	r2, [r3, #0]
200002d8:	f381 8810 	msr	PRIMASK, r1
200002dc:	bf40      	sev
200002de:	4770      	bx	lr

200002e0 <recursive_mutex_exit>:
200002e0:	6802      	ldr	r2, [r0, #0]
200002e2:	f3ef 8110 	mrs	r1, PRIMASK
200002e6:	b672      	cpsid	i
200002e8:	6813      	ldr	r3, [r2, #0]
200002ea:	2b00      	cmp	r3, #0
200002ec:	d0fc      	beq.n	200002e8 <recursive_mutex_exit+0x8>
200002ee:	f3bf 8f5f 	dmb	sy
200002f2:	7943      	ldrb	r3, [r0, #5]
200002f4:	3b01      	subs	r3, #1
200002f6:	b2db      	uxtb	r3, r3
200002f8:	7143      	strb	r3, [r0, #5]
200002fa:	2b00      	cmp	r3, #0
200002fc:	d109      	bne.n	20000312 <recursive_mutex_exit+0x32>
200002fe:	22ff      	movs	r2, #255	; 0xff
20000300:	7102      	strb	r2, [r0, #4]
20000302:	6802      	ldr	r2, [r0, #0]
20000304:	f3bf 8f5f 	dmb	sy
20000308:	6013      	str	r3, [r2, #0]
2000030a:	f381 8810 	msr	PRIMASK, r1
2000030e:	bf40      	sev
20000310:	4770      	bx	lr
20000312:	6803      	ldr	r3, [r0, #0]
20000314:	f3bf 8f5f 	dmb	sy
20000318:	2200      	movs	r2, #0
2000031a:	601a      	str	r2, [r3, #0]
2000031c:	f381 8810 	msr	PRIMASK, r1
20000320:	e7f6      	b.n	20000310 <recursive_mutex_exit+0x30>
20000322:	46c0      	nop			; (mov r8, r8)

20000324 <flash_init_boot2_copyout>:
20000324:	b510      	push	{r4, lr}
20000326:	4c08      	ldr	r4, [pc, #32]	; (20000348 <flash_init_boot2_copyout+0x24>)
20000328:	7823      	ldrb	r3, [r4, #0]
2000032a:	2b00      	cmp	r3, #0
2000032c:	d10a      	bne.n	20000344 <flash_init_boot2_copyout+0x20>
2000032e:	2380      	movs	r3, #128	; 0x80
20000330:	4806      	ldr	r0, [pc, #24]	; (2000034c <flash_init_boot2_copyout+0x28>)
20000332:	4907      	ldr	r1, [pc, #28]	; (20000350 <flash_init_boot2_copyout+0x2c>)
20000334:	055b      	lsls	r3, r3, #21
20000336:	681a      	ldr	r2, [r3, #0]
20000338:	50c2      	str	r2, [r0, r3]
2000033a:	3304      	adds	r3, #4
2000033c:	428b      	cmp	r3, r1
2000033e:	d1fa      	bne.n	20000336 <flash_init_boot2_copyout+0x12>
20000340:	2301      	movs	r3, #1
20000342:	7023      	strb	r3, [r4, #0]
20000344:	bd10      	pop	{r4, pc}
20000346:	46c0      	nop			; (mov r8, r8)
20000348:	200013f8 	.word	0x200013f8
2000034c:	10000898 	.word	0x10000898
20000350:	10000100 	.word	0x10000100

20000354 <flash_enable_xip_via_boot2>:
20000354:	b510      	push	{r4, lr}
20000356:	4b02      	ldr	r3, [pc, #8]	; (20000360 <flash_enable_xip_via_boot2+0xc>)
20000358:	3301      	adds	r3, #1
2000035a:	4798      	blx	r3
2000035c:	bd10      	pop	{r4, pc}
2000035e:	46c0      	nop			; (mov r8, r8)
20000360:	20000898 	.word	0x20000898

20000364 <flash_save_hardware_state>:
20000364:	4b07      	ldr	r3, [pc, #28]	; (20000384 <flash_save_hardware_state+0x20>)
20000366:	685b      	ldr	r3, [r3, #4]
20000368:	6003      	str	r3, [r0, #0]
2000036a:	4b07      	ldr	r3, [pc, #28]	; (20000388 <flash_save_hardware_state+0x24>)
2000036c:	685a      	ldr	r2, [r3, #4]
2000036e:	6042      	str	r2, [r0, #4]
20000370:	689a      	ldr	r2, [r3, #8]
20000372:	6082      	str	r2, [r0, #8]
20000374:	68da      	ldr	r2, [r3, #12]
20000376:	60c2      	str	r2, [r0, #12]
20000378:	691a      	ldr	r2, [r3, #16]
2000037a:	695b      	ldr	r3, [r3, #20]
2000037c:	6102      	str	r2, [r0, #16]
2000037e:	6143      	str	r3, [r0, #20]
20000380:	4770      	bx	lr
20000382:	46c0      	nop			; (mov r8, r8)
20000384:	40020000 	.word	0x40020000
20000388:	40020004 	.word	0x40020004

2000038c <flash_restore_hardware_state>:
2000038c:	6802      	ldr	r2, [r0, #0]
2000038e:	4b07      	ldr	r3, [pc, #28]	; (200003ac <flash_restore_hardware_state+0x20>)
20000390:	605a      	str	r2, [r3, #4]
20000392:	6842      	ldr	r2, [r0, #4]
20000394:	4b06      	ldr	r3, [pc, #24]	; (200003b0 <flash_restore_hardware_state+0x24>)
20000396:	605a      	str	r2, [r3, #4]
20000398:	6882      	ldr	r2, [r0, #8]
2000039a:	609a      	str	r2, [r3, #8]
2000039c:	68c2      	ldr	r2, [r0, #12]
2000039e:	60da      	str	r2, [r3, #12]
200003a0:	6902      	ldr	r2, [r0, #16]
200003a2:	611a      	str	r2, [r3, #16]
200003a4:	6942      	ldr	r2, [r0, #20]
200003a6:	615a      	str	r2, [r3, #20]
200003a8:	4770      	bx	lr
200003aa:	46c0      	nop			; (mov r8, r8)
200003ac:	40020000 	.word	0x40020000
200003b0:	40020004 	.word	0x40020004

200003b4 <flash_cs_force.constprop.0>:
200003b4:	4b03      	ldr	r3, [pc, #12]	; (200003c4 <flash_cs_force.constprop.0+0x10>)
200003b6:	681a      	ldr	r2, [r3, #0]
200003b8:	23c0      	movs	r3, #192	; 0xc0
200003ba:	009b      	lsls	r3, r3, #2
200003bc:	4393      	bics	r3, r2
200003be:	4a02      	ldr	r2, [pc, #8]	; (200003c8 <flash_cs_force.constprop.0+0x14>)
200003c0:	6013      	str	r3, [r2, #0]
200003c2:	4770      	bx	lr
200003c4:	4001800c 	.word	0x4001800c
200003c8:	4001900c 	.word	0x4001900c

200003cc <flash_cs_force.constprop.1>:
200003cc:	4b05      	ldr	r3, [pc, #20]	; (200003e4 <flash_cs_force.constprop.1+0x18>)
200003ce:	681a      	ldr	r2, [r3, #0]
200003d0:	2380      	movs	r3, #128	; 0x80
200003d2:	009b      	lsls	r3, r3, #2
200003d4:	4053      	eors	r3, r2
200003d6:	22c0      	movs	r2, #192	; 0xc0
200003d8:	0092      	lsls	r2, r2, #2
200003da:	4013      	ands	r3, r2
200003dc:	4a02      	ldr	r2, [pc, #8]	; (200003e8 <flash_cs_force.constprop.1+0x1c>)
200003de:	6013      	str	r3, [r2, #0]
200003e0:	4770      	bx	lr
200003e2:	46c0      	nop			; (mov r8, r8)
200003e4:	4001800c 	.word	0x4001800c
200003e8:	4001900c 	.word	0x4001900c

200003ec <flash_do_cmd>:
200003ec:	2314      	movs	r3, #20
200003ee:	b5f0      	push	{r4, r5, r6, r7, lr}
200003f0:	46d6      	mov	lr, sl
200003f2:	464f      	mov	r7, r9
200003f4:	4646      	mov	r6, r8
200003f6:	469a      	mov	sl, r3
200003f8:	b5c0      	push	{r6, r7, lr}
200003fa:	4681      	mov	r9, r0
200003fc:	8818      	ldrh	r0, [r3, #0]
200003fe:	3304      	adds	r3, #4
20000400:	b086      	sub	sp, #24
20000402:	4698      	mov	r8, r3
20000404:	000e      	movs	r6, r1
20000406:	881b      	ldrh	r3, [r3, #0]
20000408:	492a      	ldr	r1, [pc, #168]	; (200004b4 <flash_do_cmd+0xc8>)
2000040a:	0014      	movs	r4, r2
2000040c:	4798      	blx	r3
2000040e:	4653      	mov	r3, sl
20000410:	0007      	movs	r7, r0
20000412:	8818      	ldrh	r0, [r3, #0]
20000414:	4643      	mov	r3, r8
20000416:	4928      	ldr	r1, [pc, #160]	; (200004b8 <flash_do_cmd+0xcc>)
20000418:	881b      	ldrh	r3, [r3, #0]
2000041a:	4798      	blx	r3
2000041c:	4653      	mov	r3, sl
2000041e:	0005      	movs	r5, r0
20000420:	8818      	ldrh	r0, [r3, #0]
20000422:	4643      	mov	r3, r8
20000424:	4925      	ldr	r1, [pc, #148]	; (200004bc <flash_do_cmd+0xd0>)
20000426:	881b      	ldrh	r3, [r3, #0]
20000428:	4798      	blx	r3
2000042a:	4680      	mov	r8, r0
2000042c:	f7ff ff7a 	bl	20000324 <flash_init_boot2_copyout>
20000430:	4668      	mov	r0, sp
20000432:	f7ff ff97 	bl	20000364 <flash_save_hardware_state>
20000436:	47b8      	blx	r7
20000438:	47a8      	blx	r5
2000043a:	f7ff ffc7 	bl	200003cc <flash_cs_force.constprop.1>
2000043e:	2c00      	cmp	r4, #0
20000440:	d01b      	beq.n	2000047a <flash_do_cmd+0x8e>
20000442:	21c0      	movs	r1, #192	; 0xc0
20000444:	0022      	movs	r2, r4
20000446:	2708      	movs	r7, #8
20000448:	2002      	movs	r0, #2
2000044a:	0549      	lsls	r1, r1, #21
2000044c:	003d      	movs	r5, r7
2000044e:	6a8b      	ldr	r3, [r1, #40]	; 0x28
20000450:	401d      	ands	r5, r3
20000452:	4218      	tst	r0, r3
20000454:	d00b      	beq.n	2000046e <flash_do_cmd+0x82>
20000456:	2c00      	cmp	r4, #0
20000458:	d009      	beq.n	2000046e <flash_do_cmd+0x82>
2000045a:	1b13      	subs	r3, r2, r4
2000045c:	2b0d      	cmp	r3, #13
2000045e:	d823      	bhi.n	200004a8 <flash_do_cmd+0xbc>
20000460:	464b      	mov	r3, r9
20000462:	781b      	ldrb	r3, [r3, #0]
20000464:	3c01      	subs	r4, #1
20000466:	660b      	str	r3, [r1, #96]	; 0x60
20000468:	2301      	movs	r3, #1
2000046a:	469c      	mov	ip, r3
2000046c:	44e1      	add	r9, ip
2000046e:	0023      	movs	r3, r4
20000470:	2d00      	cmp	r5, #0
20000472:	d110      	bne.n	20000496 <flash_do_cmd+0xaa>
20000474:	4313      	orrs	r3, r2
20000476:	2b00      	cmp	r3, #0
20000478:	d1e8      	bne.n	2000044c <flash_do_cmd+0x60>
2000047a:	f7ff ff9b 	bl	200003b4 <flash_cs_force.constprop.0>
2000047e:	47c0      	blx	r8
20000480:	f7ff ff68 	bl	20000354 <flash_enable_xip_via_boot2>
20000484:	4668      	mov	r0, sp
20000486:	f7ff ff81 	bl	2000038c <flash_restore_hardware_state>
2000048a:	b006      	add	sp, #24
2000048c:	bce0      	pop	{r5, r6, r7}
2000048e:	46ba      	mov	sl, r7
20000490:	46b1      	mov	r9, r6
20000492:	46a8      	mov	r8, r5
20000494:	bdf0      	pop	{r4, r5, r6, r7, pc}
20000496:	2a00      	cmp	r2, #0
20000498:	d0ed      	beq.n	20000476 <flash_do_cmd+0x8a>
2000049a:	6e0b      	ldr	r3, [r1, #96]	; 0x60
2000049c:	3a01      	subs	r2, #1
2000049e:	7033      	strb	r3, [r6, #0]
200004a0:	0013      	movs	r3, r2
200004a2:	3601      	adds	r6, #1
200004a4:	4323      	orrs	r3, r4
200004a6:	e7e6      	b.n	20000476 <flash_do_cmd+0x8a>
200004a8:	2d00      	cmp	r5, #0
200004aa:	d0cf      	beq.n	2000044c <flash_do_cmd+0x60>
200004ac:	2a00      	cmp	r2, #0
200004ae:	d0cd      	beq.n	2000044c <flash_do_cmd+0x60>
200004b0:	e7f3      	b.n	2000049a <flash_do_cmd+0xae>
200004b2:	46c0      	nop			; (mov r8, r8)
200004b4:	00004649 	.word	0x00004649
200004b8:	00005845 	.word	0x00005845
200004bc:	00004346 	.word	0x00004346

200004c0 <__aeabi_idiv0>:
200004c0:	4770      	bx	lr
200004c2:	46c0      	nop			; (mov r8, r8)
200004c4:	0000      	movs	r0, r0
	...

200004c8 <__best_effort_wfe_or_timeout_veneer>:
200004c8:	b401      	push	{r0}
200004ca:	4802      	ldr	r0, [pc, #8]	; (200004d4 <__best_effort_wfe_or_timeout_veneer+0xc>)
200004cc:	4684      	mov	ip, r0
200004ce:	bc01      	pop	{r0}
200004d0:	4760      	bx	ip
200004d2:	bf00      	nop
200004d4:	10001361 	.word	0x10001361

200004d8 <striped_spin_lock_num>:
200004d8:	00000010                                ....

200004dc <irq_handler_chain_slots>:
200004dc:	00000000 	.word	0x00000000
200004e0:	00010000 	.word	0x00010000
	...
200004ec:	00020000 	.word	0x00020000
	...
200004f8:	00030000 	.word	0x00030000
	...
20000504:	00ff0000 	.word	0x00ff0000
20000508:	00000000 	.word	0x00000000

2000050c <irq_handler_chain_first_slot>:
2000050c:	b501      	push	{r0, lr}
2000050e:	6848      	ldr	r0, [r1, #4]
20000510:	3101      	adds	r1, #1
20000512:	468e      	mov	lr, r1
20000514:	4700      	bx	r0

20000516 <irq_handler_chain_remove_tail>:
20000516:	4670      	mov	r0, lr
20000518:	3809      	subs	r0, #9
2000051a:	4901      	ldr	r1, [pc, #4]	; (20000520 <irq_handler_chain_remove_tail+0xa>)
2000051c:	4788      	blx	r1
2000051e:	bd01      	pop	{r0, pc}
20000520:	10000ab9 	.word	0x10000ab9

20000524 <default_alarm_pool>:
	...
20000538:	200005d8 00000000                       ... ....

20000540 <aeabi_bits_funcs>:
20000540:	00003350 	.word	0x00003350
20000544:	0000334c 	.word	0x0000334c
20000548:	00003354 	.word	0x00003354
2000054c:	00003352 	.word	0x00003352

20000550 <aeabi_bits_funcs_end>:
20000550:	0000534d 	.word	0x0000534d
20000554:	0000434d 	.word	0x0000434d
20000558:	00003453 	.word	0x00003453
2000055c:	00003443 	.word	0x00003443

20000560 <cyw43_poll_worker>:
20000560:	00000000 1000717d 00000000 00000000     ....}q..........

20000570 <sleep_timeout_worker>:
20000570:	00000000 100070e1 00000000 00000000     .....p..........
	...

20000588 <print_mutex>:
	...
