:020000041000EA
:1000000000B5324B212058609868022188439860DF
:10001000D860186158612E4B002199600221596106
:100020000121F02299502B49196001219960352056
:1000300000F044F80222904214D00621196600F024
:1000400034F8196E01211966002018661A6600F04E
:100050002CF8196E196E196E052000F02FF8012189
:100060000842F9D1002199601B49196000215960AB
:100070001A491B48016001219960EB211966A021F2
:10008000196600F012F800219960164914480160C1
:100090000121996001BC002800D000471248134993
:1000A000086003C880F30888084703B5996A0420EC
:1000B0000142FBD001200142F8D103BD02B5186610
:1000C0001866FFF7F2FF186E186E02BD00000240BE
:1000D000000000180000070000035F00212200005C
:1000E000F4000018222000A00001001008ED00E03C
:1000F00000000000000000000000000074B24E7A12
:1001000000200420F7010010CB010010CD010010E9
:10011000C9010010C9010010C9010010C901001077
:10012000C9010010C9010010C9010010CF01001061
:10013000C9010010C9010010D1010010D301001045
:10014000C1010010C1010010C1010010C101001067
:10015000C1010010C1010010C1010010C101001057
:10016000C1010010C1010010C1010010C101001047
:10017000C1010010C1010010C1010010C101001037
:10018000C1010010C1010010C1010010C101001027
:10019000C1010010C1010010C1010010C101001017
:1001A000C1010010C1010010C1010010C101001007
:1001B000C1010010C1010010C1010010C1010010F7
:1001C000EFF30580103800BE00BE00BE00BE00BECA
:1001D00000BE00BEF2EB887148F7031064F703100D
:1001E0003802001090A31AE71E481F49086006C88D
:1001F00081F3088810471D480068002801D019487D
:10020000F3E70DA40ECC002902D000F012F8F9E7B4
:100210001749184A002000E001C19142FCD116495B
:100220008847164988471649884700BEFDE701C937
:1002300001C29A42FBD3704764F70310C00000204C
:100240009005002034FC031000000420000004206E
:1002500034FC0310001004200010042000000000F3
:10026000704700000000000008ED00E0000000D032
:1002700090050020FC13002031380010D10200103E
:1002800029380010F8B5C04610B5064C2378002B6D
:1002900007D1054B002B02D0044800E000BF01232A
:1002A000237010BD58080020000000003C7B0010A7
:1002B000044B10B5002B03D00349044800E000BFF5
:1002C00010BDC046000000005C0800203C7B001010
:1002D00010B503F0FFFC002810D10121002003F02D
:1002E000E9FCFA20800001F021F80021002003F051
:1002F000E1FCFA20800001F019F8EEE701F06EFA57
:10030000EBE7C04610B54024084A83009A181268EB
:10031000C0005440C0222240054CA44663441A60E9
:10032000044B9C466044416010BDC04604C001407F
:1003300004D00140004001400B4B80009C466044CB
:1003400000290ED100230431002A00D11900802297
:1003500003685201594094460C2360440B400360EB
:1003600070470C210823EFE704C0014080000029FA
:1003700005D0064B9C460223604403607047044B43
:100380009C46022360440360F8E7C04604E0014055
:1003900004F00140D0231B061B6830B50500581E31
:1003A000834110485C428446072030232840234084
:1003B0008000EC08814020000B4D3C3063448000FD
:1003C000A40041511B19002A05D0802292019446B5
:1003D0006344196030BDC0229201944663441960A1
:1003E000F8E7C0460041014000400140D023F0B58D
:1003F000C64604001B0698461B680C4F9B00F85825
:100400000D00160000B5044209D104433200290052
:10041000FC500D2000F066F980BCB846F0BD01F03C
:10042000DDF943461B689B00F858EEE7DC1200201C
:1004300010B504000D2000F049FAD0231B061B68FC
:1004400002499B005A58A2435A5010BDDC120020AA
:100450000123D02283404021120693629361094A0E
:1004600083009A181268C0005140C0220A40064911
:100470008C4663441A60054B9C46052360444360E8
:100480007047C04604C0014004D001400040014014
:100490000FB400B5084883B003F040FB049B002B69
:1004A00007D005A91800019103F0A4F9034803F04F
:1004B00035FB012003F0B6F9407B0010707F00107F
:1004C000EFF3108072B6034A1368002BFCD0BFF321
:1004D0005F8F70472C0100D0BFF35F8F0022024B6B
:1004E0001A6080F3108870472C0100D070B5EFF3CC
:1004F000108C72B60D4D2B68002BFCD0BFF35F8FB4
:100500000724CB08C618C05C01230C40A3401C0084
:100510000440034207D103433370BFF35F8F2C6065
:100520008CF3108870BD1000FFF7B2FF2C0100D0D3
:10053000F8B54746CE46884680B5EFF3108C72B6C4
:10054000214D2C68002CFCD0BFF35F8F9A422CD831
:10055000D4080727055D061901241740BC402C422A
:100560001FD007210127894609E0D408055D061937
:100570004C4639001440A1400C00294211D00132F0
:100580009342F2D201204042BFF35F8F00220E4B14
:100590001A608CF3108800280FDBC0BCB946B04647
:1005A000F8BD2C4310003470EEE7BFF35F8F0023DB
:1005B0002B608CF31088012040424346002BECD086
:1005C0000898FFF765FFC0462C0100D030B5EFF367
:1005D000108C72B60A4C2368002BFCD0BFF35F8FDF
:1005E00007230122CD0819408A40435D93434355B8
:1005F000BFF35F8F002323608CF3108830BDC046AB
:100600002C0100D0044A1078431CDBB2172B00D910
:10061000102313707047C046D80400200021044BFB
:10062000044ABFF35F8F02C39342FAD17047C046BA
:10063000000100D0800100D0054B064A1360064A35
:10064000136053609360D36013615361936170478B
:100650008080808000E400E004E400E01F23184074
:100660001E3B8340002905D0C021044A4900535055
:1006700013607047802201498B50FAE700E100E0E7
:1006800001238340014A13607047C04600E200E046
:1006900070B50D00EFF3108672B60F4A1368002B89
:1006A000FCD0BFF35F8F0D4B10309B6884001B594B
:1006B0000B4A934203D09D4201D001F08FF8074BC3
:1006C0009B681D51BFF35F8FBFF35F8F0022024B0A
:1006D0001A6086F3108870BD240100D000ED00E0A0
:1006E000C1010010F0B557464E46DE464546E0B51E
:1006F00085B0060002911700EFF3108B72B6674ABF
:100700001368002BFCD0BFF35F8F0025644B5D574F
:100710009A46002D00DAA4E06B00624C03935B194B
:100720009B009846A146C1444B4652469B791036E1
:1007300013705D4BB2009B68019299580B1B2F2BD5
:1007400034D95A4B994200D0A4E0039B584A9C46A6
:10075000584B6544AD006353434602336519E418B2
:10076000554B0121043B1B1B1B055B0D13436B8089
:10077000524BEF71AB80FF23AB71029BAB604B46DA
:100780000B431900484B019A9B689950BFF35F8F48
:10079000BFF35F8F0022414B1A608BF3108805B0C6
:1007A000F0BCBB46B246A946A046F0BD01200A00F7
:1007B0008243D379BB422FD845464E461300404969
:1007C0001B1B5B415943090D3A4B63533A4B0235AE
:1007D0006519043B5B1B1B05354D5B0D2B4373807B
:1007E0000426B446E0444444131F1B1B4C46A1712D
:1007F00002991B05A16049465B0D2B43A380314B39
:10080000E77101431360BDE75800C018800020184D
:10081000C679BE422BD902000623D356002BF3DA49
:10082000101D82462848804604267642B446E1449C
:1008300050464E46361A3005400D824656461C48F4
:10084000957106439680039A944665441D4AAD000F
:10085000641922604246A371029BA280E771A360E3
:1008600090E700F0BBFF002553465D5754E7101D8D
:10087000824690884005001584464046D44466462A
:1008800004302018301AE0260005400D36023043AF
:100890008046C9E700F0A2FF57E7C046240100D018
:1008A000F9130020DC04002000ED00E0C10100107D
:1008B00000E0FFFF00A1FFFF0C05002001BDFFFFCE
:1008C000AAAA00000148804701BD0000F0B5DE463D
:1008D00057464E464546E0B50C0083B0EFF310890D
:1008E00072B65F4A1368002BFCD0BFF35F8F5D4B7D
:1008F0009A68030010339F00D5595B4A9046954291
:100900003DD0A5424ED0594EAA1B2F2A37D8584A5F
:1009100093461268944601226146924682401140F5
:100920001F22104052468240924601918022514639
:1009300058468150BFF35F8FEFF305829346002A3C
:1009400032D101232A009A439068844208D17CE086
:100950004B005B189B00F318986884422ED01A0055
:10096000062151560029F3DA84424DD0019B002B19
:100970001FD0C02251463E4B520099501960394B4E
:100980009B68DD51BFF35F8FBFF35F8F0022344B55
:100990001A6089F3108803B0F0BCBB46B246A94682
:1009A000A046F0BD1500EAE79342CAD000F016FF5A
:1009B000C7E7802351462E4AD150E0E70621595619
:1009C000002922DB4A005018800034188046A068B5
:1009D0009860E079D871062020569871002825DBB0
:1009E000A488F01A6405241544440019E024000585
:1009F000400D24022043988052181E4B9200B618D6
:100A00001A781970B271B1E71300594600290FD155
:100A1000FF3191711849918016490A789A71174AE5
:100A20009B1B5B415A43120D0A709FE71448E2E793
:100A3000144A1549D21A083A5002400D01439980D0
:100A4000124952080A43DA8090E7062151561300F2
:100A50000029B7DA5A46002AEAD14546DCE7C04603
:100A6000240100D000ED00E0C1010010DC040020F2
:100A700000E100E0F913002001BDFFFFAAAA000079
:100A800001BD00001605002000F0FFFF00F8FFFF89
:100A900010B58308040003202040FF24054AC0004D
:100AA0009446844081409B0063441A68A2430A43F1
:100AB0001A6010BD00E400E070B501240443EFF3B8
:100AC0000581EFF3108C72B6214A1368002BFCD01D
:100AD000BFF35F8F1F4B05001F4AED1A6D416A433C
:100AE000120D1E4D8900AE6852B27658A6421CD037
:100AF0000621595691421CD012215956914222D0BA
:100B00001E215956914220D02A2159560324914240
:100B100010D0134B19781A708171BFF35F8F0022C8
:100B20000B4B1A608CF3108870BDAB680D4C5C5099
:100B3000EFE700246100091989005B18FF21997112
:100B400009499980E5E70124F4E70224F2E7C04669
:100B5000240100D0DC040020AAAA000000ED00E07F
:100B6000F9130020C101001001BDFFFF1F2110B5C6
:100B7000091A0248FFF72AFD10BDC046FA130020EB
:100B800000B5074B83B00100009300220523054800
:100B9000FFF7CEFC002801DB1F23181A03B000BDAD
:100BA000507B0010FA13002070B504000E001500F1
:100BB000FFF728FD0100200000F006F8A680E58080
:100BC000BFF35F8F70BDC046024B9C4661448900F5
:100BD0000160704740000034F8B5134D134E2C00EF
:100BE000FF27B5421ED22368002B0FD0FFF70AFD66
:100BF00001002800FFF7E8FFA780BFF35F8F0834EC
:100C0000B4420FD223682500002BEFD1FFF7FAFC86
:100C100001002800FFF7D8FF2771BFF35F8F08346A
:100C2000B442EFD3F8BDC0468805002090050020EF
:100C300010B50400FFF7E6FC01002000FFF7C4FF39
:100C4000FF23A380BFF35F8F10BDC0460A4B196816
:100C5000EFF3108072B60A68002AFCD0BFF35F8FF2
:100C60001B68BFF35F8F00221A6080F3108840BFBB
:100C7000002000217047C046F0130020F0B5DE468A
:100C800057464E464546E0B585B0EFF3058203234F
:100C900013409A0011000392B64A5258904601221E
:100CA0009A409146B44B1A604B46B448436343465E
:100CB00008229B5E9A46002B3EDA43469B881BB275
:100CC000002B00DBA2E043469B79002B00D0F4E030
:100CD000434608241C5F002C24DB42465269630013
:100CE00094461B19DB0063449C68DD68631C00D1DB
:100CF00010E1A248039B84466344826A19001B6981
:100D0000A61A9B1A9E4215D34A46036A1A4211D06C
:100D10009A4800F0ADFB241A8D41002D02DCC3D1AE
:100D2000002CC1D040BF05B0F0BCBB46B246A946BE
:100D3000A046F0BD0C61EBE7424652695B0093466A
:100D40005344DB009B445B469E68DF6800F090FBE9
:100D5000801BB9410029B0DB002F00DAE5E05B46DB
:100D6000874A1B69934200D1D8E041465A46082081
:100D7000085E5288000410435A465169984704009F
:100D80000D0023002B4300D1CFE0002D00DBE8E075
:100D9000361BAF4134003D005B469C60DD600021A6
:100DA000595E002900DA88E743465B6922009C46C9
:100DB0002B0048004018C00060448668C768921B3A
:100DC000BB41002B00DA78E74346664602000094F8
:100DD000019519810CE07B00DB19DB00F31800980A
:100DE00001999C68DD68001BA941002904DB1A00F9
:100DF0000023D75E002FEEDA5B461F805346138038
:100E000043469B881BB2002B00DA5CE743461A6915
:100E1000EFF3108172B61368002BFCD0BFF35F8F25
:100E200043469B8842461BB29A4601235B4293800D
:100E30001369BFF35F8F00221A6081F31088534655
:100E4000002B00DA3FE743465B699C460823434496
:100E50009B4653465F0043465744FF0008229A5E74
:100E600067445E46BC68FD68002A19DB3B000094BD
:100E7000019567469C4604E01E000023F25E002AAE
:100E80000BDB0098019953009B18DB00FB189C6852
:100E9000DD68001BA9410029EEDA6346BC461F004D
:100EA0005346338000217B5E3A809A46002BD0DA8D
:100EB00043469B79002B00D10AE7002342469371F9
:100EC000434646460821595E08364B1C00D129E7A7
:100ED00047468C46556902E006004B1C17D04B0074
:100EE0005B18DB00E8180A00E95E43881BB2002BA0
:100EF000F2DA01235B42DC178360C4606245ECD008
:100F000031803B89944603803A814B1CE7D1B84637
:100F10006446E0E66B1C00D0EBE6F9E65B465C69F4
:100F2000200023699847002821D15B4642461B8850
:100F300013811269EFF3108372B611680029FCD097
:100F4000BFF35F8F4246594652880A804246514657
:100F500051801269BFF35F8F0021116083F3108805
:100F6000ABE6064800F084FA24184D4114E76568A2
:100F7000246806E7CC1200203C7005400040054084
:100F80007D0C001070B52E4C2569002D04D00A216F
:100F90002C48FFF719FE70BD2B4E0321300000F0E6
:100FA0005DFAE660FFF72EFB284B03229C46D02318
:100FB00022701B061B6801216370254B6044A360EF
:100FC0000F23800020610220638063694942A18071
:100FD00019800231198647311D83585218315A52EF
:100FE00075325C39995218320131995218320131F7
:100FF0009952183201319952083518329D520231F6
:1010000018329952183201319952183201319952DD
:101010001832013199521832013199521832013186
:1010200099520C4B0C49DC6001303562FFF730FB04
:1010300001210320FFF712FB084B1D60A7E7C04604
:1010400024050020F013002000400540400000343B
:10105000FFFF1000CC1200207D0C0010386005400E
:101060000048704724050020F8B51F0008AB1B7826
:1010700004001600002B07D100F002FA32003B00FA
:10108000121A8B41002B4CDB2269EFF3108072B6F1
:101090001368002BFCD0BFF35F8F62690223E15E0F
:1010A00094464B005B18DB006344002901DB1A887F
:1010B00062802269BFF35F8F0025156080F310887E
:1010C000002930DB069A9E60DF601A61079A5A6138
:1010D0005A8801325204520C161C002A1FD0B0B29A
:1010E0000A045E8010432669EFF3108572B63268F9
:1010F000002AFCD0BFF35F8FA2881A80A1802369E9
:10110000BFF35F8F00221A6085F3108807492378A8
:101110008C4601329A40E36863441A60F8BD0126A8
:10112000DDE70020FAE701204042F7E73C2000001D
:1011300070B5C646010000B50469EFF3108C72B6B5
:1011400020680028FCD0BFF35F8F02200D5E486945
:101150006C0080466419E4004444002D01DB2088C3
:1011600048800869BFF35F8F002606608CF3108803
:10117000002D30DBE36063880598013320615B0458
:1011800006985B0CA26060611A1C002B21D090B203
:101190002B04628018430A69EFF3108672B6136855
:1011A000002BFCD0BFF35F8F8B8823808D800B6971
:1011B000BFF35F8F00221A6086F310880B7801322C
:1011C0009A40CB6805498C4663441A6040BCB046DF
:1011D00070BD0122DBE701204042F7E73C20000020
:1011E00010B543890A14934233DD53009B184269BA
:1011F000DB00944604696344EFF3108C72B62268F6
:10120000002AFCD0BFF35F8F5A88090494B2090CFE
:101210008A4208D00369BFF35F8F00221A608CF303
:101220001088002010BD8022120214435C8001232C
:1012300002698371BFF35F8F002111608CF3108806
:10124000054902788C469340C268012062441360CD
:10125000E8E70020E6E7C0463C200000F0B50400C7
:101260000D0006267642F717C64636196F4100B5BF
:1012700082B08F4214D811D000F002F932003B0046
:10128000121A8B41002B15DC002B44D020002900C2
:1012900000F000F902B080BCB846F0BD8642EBD940
:1012A0000026002700F0ECF832003B00121A8B41B8
:1012B000002BE9DD00F0E4F832003B00121A8B410C
:1012C000002B0ADB00230193144B320000931448D7
:1012D0003B00FFF72DFF0028D8DBB0460026BC46B8
:1012E000104A114F7B6A9C4504D8B96A8845CDD90C
:1012F0009C45CBD11168EFF3108072B60B68002BC0
:10130000FCD0BFF35F8F1368BFF35F8F1E6080F365
:10131000108820BFE6E7002AB8D0CBE74D0C0010BC
:1013200024050020F01300200040054070B50600A1
:1013300000F0A6F8FA2204000D000023300000217E
:10134000920000F02BFF00196941002902DBFFF732
:1013500085FF70BD012001494042F8E7FFFFFF7F94
:10136000F0B5CE46474680B504000D0083B0EFF3DC
:101370000587002F0DD0364A0020536A8B4203D3D5
:10138000926A0130A24250D303B0C0BCB946B04605
:10139000F0BD304B9846DB689946434648461E7878
:1013A00000F066F80B00494602000436B60071589A
:1013B00020008E1A2900801A99418F4211DC0ED02C
:1013C00020BF234A0020536AAB42DDD3926A01302A
:1013D000A242D9D2E81A421E9041C0B2D4E7864256
:1013E000EED900F04DF822002B00121A8B41002B91
:1013F00020DB00230193184B2200009340462B0072
:10140000FFF796FE011E15DD114B2E005A6A95421C
:101410001CD89B6AA34217D34046FFF7E1FE0C4A53
:101420000020536A9E42AFD8D0E7581A421E90411E
:10143000C0B2A9E7064A0020536AAB42A4D3926A1D
:101440000120A242A0D2C5E79542E5D120BFE3E743
:1014500000400540240500204D0C001010B5024A44
:101460000248FFF743F810BD787B0010A809002060
:101470000300416A0A00986A596A8A42FAD17047A1
:10148000034B596A0A00986A596A9142FAD1704727
:1014900000400540064A536A9942FCD807D1044BE4
:1014A00002E05A6A914202D19A6A8242F9D37047A5
:1014B00000400540F8B5DE464E4657464546E0B585
:1014C0008B4605000A991800160000F0EBFA0A9BFB
:1014D0006C001F02324B64199C46A400644463688C
:1014E00081469F4200D967602B1FDBB29846012BD3
:1014F00030D9C02380229B01E31812011A60294BC6
:10150000AD0059599A4600291BD1226876017240D4
:10151000E0268023164042465B01E3181E60012A44
:1015200030D9802380229B01E31812011A605346B0
:101530004A4667605A51F0BCBB46B246A946A0462F
:10154000F8BD586900F0AEFA431C5800C0180338C3
:10155000FDD2DAE75B46012BCBD1C02303229B01EE
:10156000E3181A60023AA3681A42FCD0E02322680A
:10157000760156401E4080230A4A5B019246E318DA
:101580001E60AD005A462168514003220A401A608D
:1015900001225B469A40A3681A42FCD0C1E7C046CC
:1015A00000800040B0090020F0B546464F46D646C0
:1015B000C0B51F00344B44009C462418A40064446A
:1015C000636888461600FF2B02D880235B006360A7
:1015D000031FDBB29A46012B30D9C02380229B0126
:1015E000E31812011A60294B8500595999460029C0
:1015F0001BD1226876017240E026802316405246B5
:101600005B01E3181E60012A30D9802380229B01F0
:10161000E31812011A6080235B0063604B465F5140
:10162000E0BCBA46B146A846F0BD586900F03AFAA7
:10163000431C5800C0180338FDD2DAE74346012B9B
:10164000CBD1C02303229B01E3181A60023AA3689E
:101650001A42FCD0E0232268760156401E408023C7
:101660000A4A5B019146E3181E60850042462168E4
:10167000514003220A401A60012342469340A26867
:101680001342FCD0C1E7C04600800040B0090020F2
:10169000014B8000C0587047B0090020F8B5040025
:1016A00020481D0017000E0000F0FCF90100380072
:1016B00000F0F8F9069B29041B0319432368002B4B
:1016C0001EDB194B194DE21853425A4180235B012E
:1016D0009C461203164B62441A60164B1A601700A0
:1016E0002B689F43FBD1144B2660E2182123A06096
:1016F00013602368002BFCDA0823E1601360F8BD57
:101700003F2322681340B342DBD1A3681B051B0DA6
:101710008342D6D1EE22E368D20213408B42D0D16D
:10172000EDE7C046001BB7000040FDBF08C0004009
:1017300000E0004000F00040043000008023024A36
:101740009B000B43D362704700800540142310B503
:101750000100188804331B88984710BD162310B564
:101760000100188802331B88984710BDF8B547461A
:10177000CE4680B50F1E19D01423994604330400B9
:101780000025012698464B461888434621681B8849
:10179000984701C4431E9841013540420640AF427C
:1017A000F1D13000C0BCB946B046F8BD0126F8E71B
:1017B000AA23064A1B0113608D235B00D3600449F2
:1017C000044B19605368002BFCDA7047004002405C
:1017D00000B0FA00006002407047C04610B50148F2
:1017E000FEF756FE9C7B001070B5074D074EB542C4
:1017F00009D20024013E761BB60808CD9847230085
:101800000134B342F9D170BDF87A0010347B001076
:10181000054B064A06491A60064A074B1A60100033
:101820000B689843FBD1704700E00040BFCDFBFE42
:1018300008C00040FE7F3C0000F00040044BDB6C21
:10184000002B03D18022034BD2021A607047C0469E
:10185000000011504C201150044A054B1A60054AF3
:101860001368DB018033FBD17047C046FFFFFF01E7
:1018700000F0004008C000404022034B9A675A67BE
:101880001A67DA667047C04600F0014010B5FEF7EF
:10189000C5FE10BDF8B52D492D4C2E4D641AA6106D
:1018A0003200302E00D930222800920000F0D2FC05
:1018B000BC2C41D80123711C08009C46264A3029C3
:1018C0003DD92F272C196407E30FBF1B052F19D90A
:1018D000302917D8002B36D0B1006A506146CC1A97
:1018E000F3189B006108EB18C900C9181A605A6008
:1018F00008338B42FAD101232100994346188C42C8
:101900001AD0711CB300EA50302915D089006A50F2
:10191000B31C2E2E10D09B00EA50F31C2D2E0BD0A2
:101920009B00EA50331D2C2E06D09B00EA50731DFD
:101930002B2E01D09B00EA50084B9D60F8BD2F3341
:101940009B1B9C46BDE73000C8E7C0460001001065
:10195000C001001000000020C101001000ED00E0F7
:10196000002310B5294C82B0A367FFF721FF0122A5
:10197000274B1A60636C012BFCD10322254B1A60A4
:10198000224A936B012BFCD1013300930121224A9F
:1019900022480433FFF782FE052301210093204AE9
:1019A0002048FFF77BFE0022022104201E4BFFF798
:1019B000FBFD0022012105201C4BFFF7F5FD002255
:1019C000002107201A4BFFF7EFFD0022002108201D
:1019D000174BFFF7E9FD8023DB0000930022002175
:1019E0000920134BFFF766FD0022104B0021062053
:1019F000FFF7DAFD0420FFF74BFE0E4900F052F826
:101A000001000020FFF79AFE02B010BD00800040E8
:101A10003CB0004030B00040002F685900800240C8
:101A2000008C864700C00240001BB7004059730776
:101A3000006CDC0240420F0001480421014B1847B2
:101A4000400500206D170010014B9B6818470000EF
:101A500040050020124A936F9B0815D29066D1660C
:101A6000002905D0FFE7FFE7FFE7516F106F7047D0
:101A700004B580210906C2175140002800D0C84390
:101A800006F012F8002104BDF0B5146E556E576FC4
:101A9000166FFFF7E3FF1466556657671667F0BDCC
:101AA000000000D0114A936F9B0813D21066516654
:101AB000002905D0FFE7FFE7FFE7516F106F704780
:101AC00004B5002801D00020C04305F0EDFF00213F
:101AD00004BDC046F0B5146E556E576F166FFFF714
:101AE000E5FF1466556657671667F0BD000000D025
:101AF00094464A4A926F9208624601D228E0C04654
:101B0000F0B5464E346E756E776F366F00F020F884
:101B10009446424A14665566576716676246F0BD9A
:101B200094463E4A926F9208624601D254E0C04603
:101B3000F0B53A4E346E756E776F366F00F04CF834
:101B40009446364A14665566576716676246F0BD76
:101B5000002B24DB11D000293EDA00B5C9434042F6
:101B600000D1013100F038F8C943404200D10131C1
:101B7000DB43524200D1013300BD002AEBD10028E3
:101B800001D1002905D00020C90FC90701D1C043E8
:101B9000410800B505F078FF0022002300BD00B524
:101BA00000290ADBDB43524200D1013300F014F874
:101BB000C943404200D1013100BDC943404200D178
:101BC0000131DB43524200D1013300F005F8DB4321
:101BD000524200D1013300BD002923D1002B18D17E
:101BE000002A0CD0BC460D4F38667A6600210023CF
:101BF000FFE7FFE7FFE77A6F386F67467047002817
:101C000001D00748010000B505F03EFF0022002387
:101C100000BD02000B00002000217047000000D032
:101C2000FFFFFFFF002B00D0BFE0130C28D1002ADC
:101C3000E7D080B4114F39667A66FFE7FFE730B42A
:101C4000040C7B6F396F1B0423433B667A66FFE706
:101C5000FFE7FFE7C04684B27B6F3D6F1B04234361
:101C60003B667A66FFE7FFE7C04600232C042D0C95
:101C70007A6F386F00196941B0BC7047000000D01E
:101C8000F0B594460025140E01D112020835140F48
:101C900001D112010435940F01D192000235D40F05
:101CA00001D152000135D40B0134254F7C66254CFF
:101CB0003C660E0C93B2FFE7FFE7FFE73C6F66431D
:101CC000360C7703BE467343DF0B5B04C01AB94181
:101CD000130C7343DB18C91ACE086643360CB6449E
:101CE00093B273431F0F1B01C01AB941130C734306
:101CF0001F0B1B05C01AB941860D8F023E43664378
:101D0000360C092D24DB520A7243801A7703460AE7
:101D10006643360C16235B1BDE40DF40BF1964466A
:101D20006643821B7046043506330100D940A84043
:101D3000C01900D30131A24206D20023F0BD000039
:101D4000000000D0FFFFFFFF121B0130F3D3F1E7CB
:101D500009277F1BFE406446A2B27243801A00D25C
:101D60000139220C7243130C1204821A99410B00A0
:101D70007046043513370100F940A840801900D39C
:101D80000131002B02D1A2420AD2F0BD013000D3B2
:101D90000131121BFAD2013BF8D1A24200D2F0BDB0
:101DA000013000D30131121BF7E7F0B51C0C00D055
:101DB00080E00CB400251C0A04D11B02160E33432C
:101DC000120208351C0B04D11B01160F33431201FC
:101DD00004359C0B04D19B00960F334392000235CF
:101DE000DC0B02D192185B4101351C00971864414D
:101DF0000134464F7C66464C3C660E0CFFE7FFE71D
:101E0000FFE7C0463C6F6643360C7703BE4697B289
:101E10007743C01B00D20139C01B00D201399FB2E9
:101E20007743C91BC91B170C77437E04FF0B801B2C
:101E3000B941CE086643360C0C2D33DBB644120B89
:101E40001F053A431B0B97B27743C01B00D20139E1
:101E50009FB27743C91B170C77433E043F0C801B8E
:101E6000B941860D8F023E43664329277F1BFE4002
:101E70000C3D7746AF40BF1930BCA2B2ABB2724343
:101E80007343801A9941220C7243130C1204801A76
:101E9000994102000B000137001BA941F9D2781EBD
:101EA0000021F0BD0C277F1BFE4077467F0BAF4023
:101EB000FF19E0E700245D1C07D0144F7D663966EA
:101EC000FFE7FFE7FFE7FFE73C6F95B29EB2654390
:101ED0006643401BB141150C1E0C65436643360436
:101EE0002F0C3E432D04401BB141994204D2020005
:101EF0000B0020000021F0BD01D19042F7D3801AE1
:101F0000994101349942F2D3F6E70000000000D075
:101F1000FFFFFFFF48404140484018B4134B5B6847
:101F2000019308BD18B4114B1B68019308BD94467A
:101F30000F4A926F920805D2624618B40B4BDB68C9
:101F4000019308BD0A4AF0B5146E556E576F166FAF
:101F50006246FFF7F2FF064A146655665767166732
:101F6000F0BD18B4014B9B68019308BD58070020D1
:101F7000000000D0FFB550404240504059404B4017
:101F8000594000E0FFB5154F4C00640D03D0BC4232
:101F900004D10C0314D80020090D09055C00640D60
:101FA00003D0BC4204D11C030AD800221B0D1B0520
:101FB00001264B4009D44B4003D58B4200D18242CD
:101FC000FFBD9942FCD19042FFBD0B43DB18034398
:101FD0001343F5D0C9434918FFBD0000FF070000B7
:101FE00000B5FFF7CFFF804100BDC04600B5FFF749
:101FF000C9FF01D9002000BD012000BD00B5FFF7D9
:10200000B9FF01D9002000BD012000BD00B5FFF7D8
:10201000B1FF804100BD012040054A00121804D8DC
:102020005A00121801D800207047012070470000A4
:102030000021002805D17047C1174840401AFAD046
:10204000C90713B5064B1B6898470CBC441CA2403B
:102050001005120B0349091B09051943114310BD53
:10206000EC1200201F04000010B54C00620D80230C
:10207000D218DB00D21A5B057E2A10DD9E3A13DAF5
:10208000CC170903490819435242D1406400013476
:102090001532202A05DAD0400843604310BD0020E5
:1020A00010BD0846604310BDC80FC018013810BDF0
:1020B00018B4024B5B6A019308BD0000580700206A
:1020C00010B50148FEF7E4F9A87B0010132370B5A2
:1020D0001D78012D15D039DD1E48FFF73FFB0600A6
:1020E0001D48FFF73BFB1D4C80223100200000F013
:1020F000B1F8022D27D01A48FFF728FB194B1860BA
:1021000070BD194B154C23606360A360E3602361CD
:102110006361A361E36123626362A362E362236399
:102120006363A363E36323646364A364E364236579
:102130006365A365E36523666366A366E366236759
:102140006367A367E367094BA364D4E7034C074BBA
:10215000A364D0E753440000534600005807002012
:102160004C330000EC120020C1200010712100103F
:1021700007B5604601880A0A0230DF2AFAD1C9B2DF
:10218000820804D3028840880004104300E00068FD
:10219000014A5050039007BD580700205143434364
:1021A000C9188C46110C83B24B4310B4040C614324
:1021B00092B280B2504362431C041B0C001910BC45
:1021C00059411304120CC01851416144704700007A
:1021D00010B50148FEF75CF94C7F0010132310B5D1
:1021E00010481C78FFF7BAFA0100012C0AD003DD71
:1021F00080220D4800F02EF80C48FFF7A7FA0C4B90
:10220000186010BD084C5422200000F023F8230071
:10221000084A80332168002900D122600434A34297
:10222000F8D1E9E753460000F01200204C330000DB
:10223000EC120020D121001001480421014B184765
:10224000500500206D170010014B1B681847000057
:1022500050050020014B5B68184700005005002026
:102260007047C046F8B557464E464546DE46E0B58F
:1022700099460A9B07009A460D9B8846934615008F
:102280000B9E9B0710D10C9B9E420DD29D1B1400F0
:102290000E005D4422004B46013431002020B84737
:1022A000A542F7D1B0460B9E002E27D044467519A3
:1022B0005346AA1B013E985D21004B46B847002EAD
:1022C000F6D123002C0098460D9B9B070FD55B464B
:1022D000E51A0C9BAB420AD94646984622004B466B
:1022E000310020200135B8470134A845F6D8200038
:1022F000F0BCBB46B246A946A046F8BD2C00E3E7B9
:10230000F0B54F464646D646C0B584B098460EABAB
:102310001B78129F994694460D9C109B119EBA07FC
:1023200025D4002E4BD19C4200D3BFE001223A407D
:1023300092461F2C00D9B8E00C9A551E302201E0BD
:10234000202C03D001342A55A342F9D85246002A42
:102350000DD0A6420BD9202C44D00C9A551E302209
:1023600001E0202C3ED001342A55B442F9D1FA06BE
:102370004DD57A053FD4002C39D10F9B102B00D1BD
:1023800079E00F9B022B00D18AE030230C9A0124C4
:1023900013704B46002B3FD02D230C9A135501345C
:1023A0000C9B624600930397434602960194FFF705
:1023B00059FF04B0E0BCBA46B146A846F0BD0122C0
:1023C00015003D40AA463A422FD04A46002A02D183
:1023D0000C323A4200D0013E9C42BAD21F2CABD9FB
:1023E000202E27D92024FA06DAD57A0503D4A34271
:1023F0002DD0A6422BD00F9B102B32D0022B20D0F9
:10240000202CCDD030220C9B1B191A700134202CAB
:10241000C6D04B46002BBFD17B070DD43B07BFD5A1
:1024200020230C9A13550134BAE79C429FD21F2CEB
:1024300000D881E720249AE72B230C9A1355013406
:10244000AEE7202CACD00C9B1B1901343AE0631E84
:10245000012C92D00F9A102A2AD0022A2FD01C00C9
:10246000D0E7BB060ED4202C9AD00C9B1A1901344D
:1024700078231370C4E7BB060DD478230C9A01248B
:102480001370BFE7202C00D18AE758220C9B1B1940
:102490001A700134B4E758230C9A01241370B1E781
:1024A0000C9A603301241370ACE7202400265EE709
:1024B000023CBA06E9D40C9A12191C00D8E70C9A0F
:1024C0009246534462221A709AE7C04610B500281B
:1024D00000D110BD01F0D6FAFBE7C0460B0010B5E5
:1024E000002802D049681B68984710BDF0B5DE4649
:1024F00057464E464546E0B59BB09B46249B8946D1
:102500009846259B0B900C924046424619009A46ED
:10251000FFF781FD002800D0D9E001224046514656
:10252000774B5242FFF772FD002800D0CFE0012226
:1025300040465146734B5242FFF752FD002800D0EF
:10254000C5E00022002340465146FFF749FD002820
:1025500000D0B9E1424653460A9209938023289A53
:10256000DB001A400E92289A1A4201D106232693C4
:102570000A9A099B1600134300D0C7E0289B002548
:1025800000261B0500D49BE100230D93269B190018
:102590000D9B994200DC9EE1C81A431E26938023BE
:1025A000289ADB001A430023002728920D93279BCB
:1025B0000024BB4200D9DC1B0223289A1A400E9249
:1025C000289A134203D07B427B415B421C400D9B07
:1025D000002B07D00A9809992A003300FFF7A7FCBF
:1025E0000A9009910022002340465146FFF7F8FC6B
:1025F000002805D08020000684460999614409918D
:10260000289A414B0B9D13400493269B0A9A0293F0
:10261000099B03940092019349465B4628000C9A5B
:1026200000F08AF90400002F62D0289B220098064F
:102630001F23C0179843631C984649465B46653084
:10264000A8470D9B0025DA179C18DB0F9A465440CB
:10265000013F01E0202D13D00AAA94461F23200039
:1026600063440A2101355E19FFF71CFA30313170DD
:1026700020000A21FFF716FA26000400092EE9D8E7
:1026800005230693002304930A33039353460597C7
:102690000B9F029312AB009342465B4649463800BB
:1026A0000195FFF72DFE0E9B0400002B20D00C9B04
:1026B000C51A279BAB421BD91E0022005B46494628
:1026C00020200135B8470134AE42F6D810E0289BEF
:1026D00042460493279B49460393269B0B980293FB
:1026E0005346009201935B460C9A00F025F90400D2
:1026F00020001BB0F0BCBB46B246A946A046F0BDC8
:10270000FFFFEF7FFFFFEFFFFFF7FFFF734B099F17
:102710009C467800400D6044FFF78EFC704A714B78
:10272000FFF71FFC704A714BFFF7FCFB3B03704A3D
:102730001B0B1A4304000D00300011006D4B0022EA
:10274000FFF7EBFB6C4A6D4BFFF70BFC02000B0035
:1027500020002900FFF7E6FBFFF786FC0D90FFF74E
:102760006BFC674A674B04000D00FFF7FAFB002281
:10277000654BFFF7D7FBFFF777FC644A0600644B15
:1027800020002900FFF7EDFB040030000D000F963C
:10279000FFF752FC5F4A604BFFF7E3FB02000B00C0
:1027A00020002900FFF7B9FB02000B0006000F0014
:1027B000FFF7D7FB320004000D003B00300039006A
:1027C000FFF7B0FB002210901191544B200029001C
:1027D000FFF7ADFB0022524BFFF7A4FB02000B00FA
:1027E00020002900FFF7A3FB00224E4BFFF79AFBC6
:1027F00002000B0020002900FFF799FB0D0080214B
:10280000320004003B000020C905FFF786FB0200F0
:102810000B0020002900FFF785FB02000B00109839
:102820001199FFF784FB0022314BFFF77BFB3E4AF7
:102830000F9B9446634400221B05FFF792FB0500A3
:102840000E0002000B000A980999FFF7C9FB002847
:102850000AD00D9B2800013B31000D930022304B24
:10286000FFF765FB05000E00C6270D992B006331AD
:102870008F42BF4128997F420437090500D496E66C
:10288000334300D182E6099C284A2100284B0A984C
:10289000FFF7B4FB002808D000222100254B0A983E
:1028A000FFF79EFB002800D070E6269B002B00D18E
:1028B0007DE60E9B5A1E9341269AD31A269376E6FE
:1028C000002304270D9372E643460A9380231B06D8
:1028D0005344099342E60023269360E601FCFFFF80
:1028E000FB799F501344D33FB3C8608B288AC63FFF
:1028F0000000F03F0000F83F61436F63A787D23FBD
:1029000071A379094F930A400000E03F1655B5BB0B
:10291000B16B0240EF39FAFE422EE63F00002C4038
:102920000000244000001840FF0300002D431CEB72
:10293000E2361A3F80842E41F0B54E46DE465746B9
:102940004546E0B597B09946209E219F229B83463D
:10295000984607910C923B00320030003900FFF797
:102960005AFB002800D0A9E1012230003900CA4BEF
:102970005242FFF735FB002800D0E1E00122300091
:102980003900C64B5242FFF741FB002800D0B7E0A8
:10299000002230003900C24BFFF738FB002800D07E
:1029A00099E0002230003900BE4BFFF719FB0028E8
:1029B00000D090E00022002330003900FFF710FB28
:1029C000002800D0B1E000230D93249B5B0501D4C7
:1029D0000623984608AB9C46172200243023414624
:1029E000624404E0013413550139202C01D0092937
:1029F000F8D8884630003900FFF736FB4346DA0046
:102A0000A94B05009B181A685B6808920993FFF7A9
:102A100013FB02000B0030003900FFF77EFA089A22
:102A2000099BFFF79EFA0A900B91FFF741FB824644
:102A3000FFF7FEFA02000B000A980B99FFF76DFAF8
:102A400000229A4B0A900B91FFF7E0FA002800D180
:102A5000C0E001239C46E2445046FFF7E9FA020039
:102A60000B0008980999FFF7C1FA002802D000234B
:102A70009A4601354346002B6AD008AB17269C4680
:102A800008956644554614E001235B4243440A21FD
:102A900028009A46FFF706F80134303137193970AB
:102AA00028000A21FEF7FEFF092D00D8D0E0D0460D
:102AB0000500202CE8D10EAB98460323249A13403E
:102AC000012B00D196E02023249A01930392239AAC
:102AD000434602921EE0249B58460493239B009693
:102AE0000197039343460C9A029307994B46FFF7CD
:102AF000FDFC17B0F0BCBB46B246A946A046F0BDEF
:102B0000249B5B070ED40322694B24990192039105
:102B100023990291009358464B460C9A0799FFF768
:102B2000A1FBE6E70422634BEFE73B003200002005
:102B30000021FFF7F2F9012306000F000D9344E78F
:102B4000249B0393239B0293042301935A4BE1E7B5
:102B50002800FFF771FA02000B0030003900FFF780
:102B6000DCF9524B002206000F00FFF739FA0EABDA
:102B7000984600280AD10022300039004B4BFFF75D
:102B800045FA002802D1EB0700D50135202C94D05E
:102B900008AA94461723280063440A2101341E1909
:102BA000FEF758FF3031280031700A21FEF752FF3E
:102BB000051EEBD10323249A1340012B1BD0202C9C
:102BC00000D180E70D9B002B35D02D224146631CA0
:102BD0000A5579E700220A980B99344BFFF700FA5F
:102BE000002800D046E75346002B51D101239C46D4
:102BF000E2443FE72024239B002BE0D00D9B002BD9
:102C000003D1249A0C33134202D0239B013B23931C
:102C1000239BA342D3D908AB9C461722302362449E
:102C2000202C00D14FE72399013413558C42C6D094
:102C3000202CF8D147E7249B5B0724D4249A230057
:102C4000120700D440E72022414601330A553BE7F2
:102C50005746089D202C00D12DE722003021404608
:102C6000002F09D00132B154202A00D123E7D343E9
:102C70001B191B18002BF5D10EAB98462E2341468D
:102C8000541C8B5482E72B224146631C0A551BE7D8
:102C9000DB0700D4EEE6A9E7FFFFEFFFFFFFEF7FC2
:102CA00065CDCD4165CDCDC1507E00100000E03F27
:102CB000587C00105C7C0010687C0010249B0393FF
:102CC000239B029303230193004B23E7647C0010B2
:102CD000F0B5DE464E4657464546E0B59FB01C006F
:102CE000289B91460993C94AC94B8B4608901A60A4
:102CF000002900D118E2002320789A46002800D14C
:102D00001AE226001D005C460AE02A006F1C4B46B2
:102D1000089D2100A8473D0001363078002870D07A
:102D20002528F2D110239B46083B9A46043B98463F
:102D3000023B00219C46721C107816000300203BC9
:102D4000DBB2102B03D8B34F9B00FB589F46030008
:102D5000303B092B32D900230A932A2868D000235C
:102D600098462E283ED00300683BDBB2122B1CD8BD
:102D7000A94A9B00D3589F46012301321943DBE740
:102D8000634601321943D7E7434601321943D3E77B
:102D90005B4601321943CFE7534601321943CBE773
:102DA00080235B007078194301360300253BDBB2BA
:102DB000532BAAD8994A9B00D3589F46002703005B
:102DC000B800C01901364000C018337830381A00F6
:102DD000303A0700092AF3D90A90180000239846D0
:102DE0002E28C0D180237078DB0019430300303BCC
:102DF000721C092B00D8A1E12A2800D1B2E11600EB
:102E0000B1E7A346AA462C00D14503D801235B4273
:102E10004B449A464B46524659460020089DA847C7
:102E200020001FB0F0BCBB46B246A946A046F0BD8C
:102E3000099B40CB0A96002E03DB50780993561C61
:102E40008DE72838014370420A9009935078561C48
:102E500085E7782800D1DFE1582800D14CE26F28BF
:102E600000D14FE3622801D100F030FC10230A00AA
:102E70009A430B92692801D000F0A9FC0A230C9315
:102E80004B0500D5D0E10B9A802311009B0019401F
:102E90008B461A4200D0A1E2802311005B0019404A
:102EA0008A461A4200D0B6E313005B0600D5EDE275
:102EB000130009991B0601D400F076FC08C91BB267
:102EC000D8171A18424092B209919346DA0F12921B
:102ED000002B09D1802310220B99DB000B4091437A
:102EE0000B91002B00D0E4E20B9A6123920600D5EF
:102EF00041230EA91F228C46DBB262440A3B5F4687
:102F00001395A34655460C9CB2460D9316000AE055
:102F10003033DBB201357355A74200D2EDE2202DEC
:102F200000D1EAE2070021003800FEF7BBFDCBB27A
:102F30000929EDD90D9A94466344DBB2EAE7802370
:102F40009B007078194301362FE77078682800D10C
:102F5000CDE180230136194327E770786C2800D132
:102F6000BFE180235B00194301361EE7462800D1EC
:102F70009BE10722099B0491073393430A9A1900A6
:102F80000392424602920CC908980092019309915B
:102F90002A004B462100FFF7CFFC01360500BCE6B6
:102FA0002A006F1C4B46089D21002520A8470136AA
:102FB0003D00B2E68B0700D4ADE1099B2A009A469A
:102FC0006B1C9846534601CB21009A46089F4B46FE
:102FD000C0B2B8470A9B9C466544012B00D886E2E4
:102FE000089B4746B04626004C4699463A002300C7
:102FF000013731002020C847AF42F7D1A1465346E0
:10300000340046460993013687E6C046D12C0010AD
:10301000C8120020707C0010B47C0010007D0010ED
:10302000099B04CB9B4643460992002B00D1C6E086
:1030300013789C46002B00D1BDE34346013B099A1F
:103040000133D0180A9F130001E0834203D05A785D
:103050000133002AF9D1099A0A979B1A0B9380230E
:103060000A00DB001A400C92194204D00B9B434526
:1030700001D943460B9302231A000A400D920B42DA
:1030800000D187E16046002800D168E10C9B002B4D
:1030900000D10DE1A844C246099B57465B1B9846E8
:1030A000089BB2462A0026004C46994609E02300B8
:1030B0003100551CC8474346585D002800D126E121
:1030C0002A009742F3D1A1463D00340056460D9B9D
:1030D000002B00D043E15B46013609931DE6099BB6
:1030E0001A0008CA9246002B48D0212211438B4671
:1030F0000EA884461F216144099500220F27A4468B
:103100000D0002E0202A0CD00B003C001C402000E7
:103110003730092C00D807380132A85419090F2B71
:10312000F0D86446099D32E0DC4B207808930023F8
:103130009A46002800D0E4E5002465E643460600F0
:103140000A9F9800C01801324000801916780300C9
:1031500030003038303B0928F3D93000984616004B
:103160000A9700E6099B023604CB9046D2434046BC
:10317000D2171040804609933078F4E510220800F9
:10318000904311321043834600224905B0D55B4677
:1031900006930823059343460493102303930023C7
:1031A000029316AB019200932A004B462100089827
:1031B000FFF7A6F85346050001360993ADE51378ED
:1031C0009C46002B00D1F7E202235B4237E7202325
:1031D00002009A43472A04D180231B01194302238A
:1031E0009843452801D1202319430722099B0491C4
:1031F000073393430A9A19000392424602920CC97C
:1032000008980092019309912A004B462100FFF78C
:103210006DF90136050080E510230C930C230A009C
:103220009A430B924B0503D501230B9A9A430B92B9
:10323000692800D127E6642800D124E60B9A802370
:1032400011009B0019408B461A4200D066E1802392
:1032500011005B0019408A461A4200D039E213007F
:103260005B0600D53CE113001B0600D4A6E2099BD7
:1032700004CB1204120C934609935B46002B00D03A
:103280009AE10B9A1033110099430B91520500D427
:1032900092E100239A460B9B06930A9B05934346B3
:1032A00004930C9B039300230CE12023194360E655
:1032B000099B0A9A5B1B98464B4691461F00B246F3
:1032C0002600089C2A003B003100A04743460135F8
:1032D000585D0028F6D14A463400B94656460A924F
:1032E000F5E6C0239B00B078194302365DE5C023A4
:1032F000B0781943023658E50C230A009A43143378
:103300001A43103B0B920C934B058DD496E7A146C4
:1033100034005646DBE60A9A012A00D853E26B1EB7
:103320009F18089BB04626004C4699462A00230069
:10333000013531002020C847BD42F7D1A1463400F5
:103340004646099B3A0001CB210098467D1C4B461E
:10335000089FC0B2B847434601360993DDE40B9B92
:103360000A99A846994200D8B5E68C466544ED1AFC
:10337000089B4746B04626004C4699463A00230033
:10338000013731002020C847AF42F7D1A1463400B1
:103390004646A0E60B9A0A98531C904200D814E2C5
:1033A00043199B1A1F00089BB24626004C469946BB
:1033B0002A002300013531002020C847BD42F7D143
:1033C0000A9BA14601330B93099B34001B78564698
:1033D0009C466046002800D058E67CE60722099B00
:1033E00007339343013294469C4462465F680992D6
:1033F0001A68FB171093119310981199030053400A
:103400000E930B007B400F9394460E9A0F9B121A5B
:103410008B410E920F93FB0F6246129300233A43A7
:103420009B463DD00B9A6123920600D54123002292
:10343000DBB20EA90A3B8C4692460D9343461F32DF
:1034400062441395159655460E9E0F9FA2469046D0
:103450000C9C14930CE03032D2B2434601355A55DD
:10346000BB4500D18AE1202D00D18AE106000F0082
:103470002200002330003900FEF752FBD2B2092AA5
:10348000E9D90D9B9C466244D2B2E6E7FF23099935
:1034900004C913401A00099117E5C04661220010C3
:1034A0000B9A1033110099430B915205BAD50023A2
:1034B0009A460B9B06930A9B0593434604930C9BE9
:1034C0000393129B02935346019316AB2A00009379
:1034D00021004B460898FEF713FF013605001CE457
:1034E000FF22099B02CB11408B460993C5E6534648
:1034F000454609930136FFF710FC56465C46AA463E
:10350000139DD6E708230C930B910B99642800D0E8
:1035100084E60B9B5B0500D586E6B4E40722099B95
:1035200007339343013294469C44624609921A68D9
:103530005B6810009B4613005A46134307D10B9A51
:103540001033110099430B91520500D5A1E60B9A57
:103550006123920600D541230022DBB20EA90A3B6B
:103560008C4692460D9343461F3262445F46129545
:10357000A34655460400B24690460C9E13930DE0B8
:103580003032D2B2434601355A550023BB4200D1F6
:1035900000E1202D00D100E104000F0032000023E3
:1035A00020003900FEF7BCFAD2B2092AE8D90D9BF7
:1035B0009C466244D2B2E5E70B9A6123920600D59D
:1035C0004123DBB20EA90A3B1F228C460D93230038
:1035D00062445C461295170055469B46B2460C9EC7
:1035E00008E03033DBB201357B55B4420ED3202DD9
:1035F0000CD0040031002000FEF754FACBB20929A8
:10360000EFD90D9A94466344DBB2ECE756465C462C
:10361000AA46129D3FE6099B1A0008CAD9171392C1
:103620005A184A409246DA0F1292002B08D1802392
:1036300010220B99DB000B4091430B91002B2BD1F7
:103640000B9A6123920600D541230EAA1F279446A8
:10365000DBB20A3B0D9567445D460993A346544689
:10366000B2460C9E08E03033DBB201357B55B442E4
:103670000ED3202D0CD0040031002000FEF712FAEA
:10368000CBB20929EFD9099A94466344DBB2ECE73F
:1036900056465C46AB460D9D0B9B2A0006930A9B43
:1036A00021000593434604930C9B08980393129BB7
:1036B000013602935B46019316AB00934B46FEF72F
:1036C0001FFE139B05000993FFF727FB02230C93B2
:1036D0001AE7099B04CB92461293002A08D1802353
:1036E00010220B99DB000B4091430B91002B2BD147
:1036F0000B9A6123920600D541230EAA1F279446F8
:10370000DBB20A3B0D9567445D460993A3465446D8
:10371000B2460C9E08E03033DBB201357B55B44233
:103720000ED3202D0CD0040031002000FEF7BAF992
:10373000CBB20929EFD9099A94466344DBB2ECE78E
:1037400056465C46AB460D9D0B9B2A0006930A9B92
:1037500021000593434604930C9B08980393002390
:1037600002935B46019316AB00934B46FEF7C8FDF0
:10377000129B050009930136FFF7CFFAB44200D837
:1037800071E6149B54460E960F97AA469846159ECE
:10379000139D8EE6A64200D8FBE6139B564698463C
:1037A000AA465C46129D76E508C9D8171A18424009
:1037B0000991FFF78AFB00230B9350E4099B04CB8C
:1037C0009346099359E52F00BBE50B9301E6063BB1
:1037D0000C939AE600B585B0039101210290009305
:1037E000034813004A4202A9FFF772FA05B000BD70
:1037F000DD24001010B5094A0300146884B0002CC1
:1038000008D0012200910648524203A9A047012096
:1038100004B010BD00F082F90020F9E7C8120020C2
:10382000CD24001000BEFDE710B5FFF7FBFFC0463A
:1038300070B5FDF7D9FF074D074EB54209D20024F8
:10384000013E761BB60808CD984723000134B342E9
:10385000F9D170BD347B00103C7B0010030010B523
:10386000080011001B68984710BDC046F0B54646D9
:103870004F46D646C0B5437D80460E001700002B4C
:1038800046D0002A3FDD4B1E9946244B01250024DB
:1038900000209A460DE04B461B5D0D3B5A425341BA
:1038A000325DDBB20A2A0BD02B00013401359F4276
:1038B0001ADD002CEFD14346325D1B7D0A2AF3D17D
:1038C000002BF1D1A04204DA4346211A1B683018BC
:1038D0009847434650461B68022198470134280008
:1038E0002B0001359F42E4DC874204DD4346391A50
:1038F0001B6830189847F619013E33780D3B5A4241
:10390000534142461375E0BCBA46B146A846F0BDE5
:103910000368110030009847F5E7C046A07E00100C
:10392000F0B5C6460C000968060000B5802906D02F
:103930004B1C23606418267180BCB846F0BD0F4B49
:103940001D68002D16D0231D98460D4F02E02D69ED
:10395000002D0FD02B68002BF9D03B68002B01D035
:10396000AB42F4D1280041462268FFF77FFF2D6962
:10397000002DEFD101230021DBE7C046C01200205B
:10398000C4120020F0B5DE4657464E464546E0B527
:1039900085B017001C0006000D00FDF771FD002327
:1039A000314A12184B41002B59DB304908008A4636
:1039B00004F08AF801906B1C03D1300003F0E2FFA1
:1039C0000500002C26D12A4B98462A4B1C68002C57
:1039D00015D0002F21D1284F02E02469002C0ED0F1
:1039E0002368002BF9D03B68002B01D0A342F4D10F
:1039F00020002A003100C0472469002CF0D1019B2F
:103A0000002B28D1280005B0F0BCBB46B246A94621
:103A1000A046F0BD194B9846D7E7174B994602AB25
:103A2000DF1D0A239B4602E02469002CE7D02368AF
:103A3000002BF9D04B461B68002B01D0A342F3D1D9
:103A40002A0031002000C0475B46012239002000D7
:103A50003B70C047E8E7504604F00EF8D2E7012279
:103A6000074B5242A1E7C04640420F0088050020A4
:103A70005D380010C0120020C41200206D38001004
:103A8000FFFFFF7FF0B5CE46474680B583B06B465B
:103A90000600DD1D2870FDF7F3FC00231A4A1218FA
:103AA0004B41002B2BDB19490800884604F00CF829
:103AB000174B81461C68002C14D0164F02E0246975
:103AC000002C0FD02368002BF9D03B68002B01D0CD
:103AD000A342F4D1200001222900FFF7C7FE246988
:103AE000002CEFD14B46002B05D1300003B0C0BCF9
:103AF000B946B046F0BD404603F0BEFFF5E70122EF
:103B0000054B5242CFE7C04640420F0088050020D7
:103B1000C0120020C4120020FFFFFF7F70B5040018
:103B200003F030FF01230100050001222000FFF710
:103B300029FF084B1C68002C06D06368002B05D0B9
:103B400098472469002CF8D1280070BD2469002C06
:103B5000F3D1F9E7C0120020F0B5CE46474680B554
:103B6000A5B004000D00FDF78BFC00232A4A1218B3
:103B70004B41002B49DB294E300003F0A5FF002309
:103B80000700039322002B00254803A9FFF722FE1C
:103B9000039B8046002B14D1224B1C68002C06D0BE
:103BA0006368002B0BD098472469002CF8D1002FB4
:103BB00027D1404625B0C0BCB946B046F0BD246907
:103BC000ECE7184B1D689946002D22D0164C02E0F8
:103BD0002D69002D11D02B68002BF9D02368002B04
:103BE00001D09D42F4D1039B28001A0004A901933F
:103BF000FFF73CFE2D69002DEDD14B4603951C6867
:103C0000CCE7300003F038FFD3E70122074B5242E4
:103C1000B1E70395CBE7C04640420F00880500207E
:103C200021390010C0120020C4120020FFFFFF7FC6
:103C30000FB400B583B004A901C90191FFF78CFF4F
:103C400003B008BC04B0184710B5024800F00CF8E7
:103C500010BDC046E412002010B508220149FEF74D
:103C6000F9FA10BDE412002030B5002589B0040037
:103C70000922002101A80095FEF7E6FA0922002199
:103C800005A80495FEF7E0FA4B236A4668461370D0
:103C900004A90D2203F0E8FE152108222000694442
:103CA000FEF7D8FA09B030BD014B18607047C04626
:103CB0007C08002010B50A000100024802F0DEFF77
:103CC00010BDC046E4090020014B18687047C0468B
:103CD0007C08002010B582B0FFF7F6FF002807D05F
:103CE00003F096FA03000020002B12D002B010BDA2
:103CF000684603F0E3FC114C6946200003F0E4FC45
:103D0000002804D02000FFF7CFFF2000E8E70138AB
:103D1000ECE7FFF7D9FF040003F096FA074B9C424B
:103D200002D001204042E1E7236820005B6B984706
:103D30000020FFF7B9FF01204042D7E7900500209F
:103D400010B50520FDF7A4FC030C6420034958437B
:103D5000FDF7A8FE0338FDD210BDC0469A3B000017
:103D6000184B70B5C4580500002C14D021680029E8
:103D700006D06368A268144803F048F90023236062
:103D80000C202056002810DA0D202056002803DAD7
:103D900000220C4BEA5070BD03F070F90D20205644
:103DA00003F054F9FF236373F2E703F067F90C2083
:103DB000205603F04BF9FF230D20237320560028D3
:103DC000E6DBE9E74C080000C07E0010F0B5C6460F
:103DD0003F4C404B00B5C450002306212200012671
:103DE00084B02360013BA381019112310500009151
:103DF00039482100231D0832029603F03FF80028BD
:103E00005FD0636835485A1D1203DB011A43344BF7
:103E100001681A4030238B43324990460B60036897
:103E2000300098430860802120682F4B4904C31854
:103E30001960A16880224B005B18DB00C3181F00CB
:103E40009202C8373A60C0229202BA6042467A6053
:103E5000264ADC331A6001231D22009602F0B0FFCF
:103E6000234A236894466344190D06311820C9B2C9
:103E7000FCF748FA012200211820FCF75DFA012125
:103E80001820FCF773FAA268002053009B182268E0
:103E9000DB009446174A6344D8331A6003F0DEF817
:103EA0002073002003F0DAF8237B40B204376073FC
:103EB0007F2B06D8002804DB002004B080BCB84665
:103EC000F0BD2800FFF74CFF06204042F5E7C04652
:103ED000980900204C080000C07E001078C0014006
:103EE000FFFFFF9F78D001403820000018771C2486
:103EF0000000E0AF01E00000F0B54E464546DE466A
:103F00005746E0B589461600984687B0002900D18B
:103F10001FE1934A934B9446C45818202368634486
:103F2000190D0631C9B2FCF7EDF98D4A23689446A4
:103F30006344190D06311D20C9B2FCF7E3F90122D3
:103F400000211D20FCF7F8F9D02380221B069204E3
:103F50009A614346002B00D11CE14B46002B00D157
:103F6000F5E001252A00CC27A168BC468A402068DC
:103F70007D4F0368934303604B005B18DB00C2185E
:103F8000944462461268C31892466268053212036E
:103F90009346524617405A463A436768FF013A43F0
:103FA00067463A60714A2F009446802263441206A5
:103FB0001A601A608022002352040092019302F0DA
:103FC000ADFE2800A16823680A1D9040049280225B
:103FD00092019A1810600800083087408800176026
:103FE000F2001818013A02614A005218D200604FDC
:103FF0009A18D8321760109FBF1BFF00013F07615E
:104000005C48676810601F20384010600C22A25680
:10401000594F93462A005846A02582405748ED053F
:104020002A505A46920194468020674440043A68D8
:104030000242FCD160460D2701220390E7574F480A
:10404000BA402A50A022D20592464B4A0398944681
:10405000BD018022AA446544844652042868104267
:10406000FCD1624603923E4A45489A18120DD5008B
:104070005A46D2020240A02005954D19ED032A436D
:10408000404DC0051543049A8446AB4695004A4608
:104090000398FF02604402608446581981466046D6
:1040A0004A464260B20882605A46C2603448109A5A
:1040B0003840059F1035B946049F5D19BC46E14460
:1040C0004F46FF033843304F38439708B208BA1AB7
:1040D00057463D604546AD197D60BA6001228A4071
:1040E000F860186802431A600C22284B80219C4615
:1040F000A25649049201624413680B42FCD10D227E
:10410000224B80219C46A2564904920162441368C6
:104110000B42FCD1002132004046FEF795F8A16821
:1041200023684A005218D2009B18194AD8331A60E3
:10413000D02380221B0692045A61FFF701FE002063
:1041400007B0F0BCBB46B246A946A046F0BDC1468A
:1041500007E74346002B00D0DBE605204042EFE7AF
:104160000000E0AF4C0800007F00FEFFD010000010
:1041700020600000406000000C000050440400007B
:10418000FD7F00FF19004000290040001000005092
:1041900003A000004B46002BC1D001273A00CC25DC
:1041A000A168AC468A4020684D4D03689343036084
:1041B0004B005B18DB00C218944462461268C318B7
:1041C00092466268013212039346524615405A469F
:1041D0002A436568ED012A4365462A60414A3D004D
:1041E00094468022634412061A601A6080220023DB
:1041F00052040092019302F091FD3A00A0682168F8
:10420000031D9A409A4680239B01CB181A60020036
:104210000832954082001D60F3008A18013B13614B
:1042200043001B18DB00304DCB18D8331D604546CA
:1042300015612E4A65681A601F222A401A600C23F5
:10424000E356A0229F409C46294BD205D750634697
:104250009B019B4617008025264A5F445A446D0403
:1042600013682B42FCD16246D2029446224A234B69
:10427000904662464546CB181B0DDB001B182A40B2
:10428000DB0313431E4AB60813434A463A605246BC
:1042900095004D197D60BE60FB60012383400D6871
:1042A000184A2B430B6080215A44490413680B427F
:1042B000FCD10122A368216818339A408A608B6878
:1042C0001A42FCD00122A16820688A400368934307
:1042D0000360002318220093013302F071FD1EE7F2
:1042E0007F00FEFFD0100000206000004060000052
:1042F000440400000C000050FD7F00FF0000E0AF10
:10430000190040001000005010B51720FCF7A0F86D
:10431000D024802324061B0400220121636217207D
:10432000FCF70AF81820FCF793F880235B0463621B
:104330001920A361FCF78CF880239B0463626361FE
:1043400010BDC04670B5D024802524062D04A5617B
:10435000142002F0F7FF6561FA2002F0F3FF182045
:10436000FCF776F880235B04A36270BD002300B5E0
:1043700085B003930A4BD2021A40082309070A4367
:1043800008490093114302AB49BA0422029100216B
:10439000FFF7B2FD002801D1039840BA05B000BD77
:1043A00000F8FF0F0400004010B588B0012916D0B6
:1043B000154BD2021A40082309070A43134902ACDD
:1043C0000A4302920093042223000021FFF794FD88
:1043D0000123002801D19B00E05808B010BD0A4B12
:1043E000D2021A400A4B02AC1A43182302920093DD
:1043F000042223000021FFF77FFD0028EDD10523D3
:104400009B00E058E9E7C04600F8FF0F04000040B9
:104410000400005010B588B0012916D0154BD20207
:104420001A40082309070A43134902AC0A430292BF
:104430000093042223000021FFF75EFD01230028E2
:1044400001D19B00E05808B010BD0A4BD2021A40BF
:104450000A4B02AC1A431823029200930422230051
:104460000021FFF749FD0028EDD105239B00E0580E
:10447000E9E7C04600F8FF0F0200004002000050CC
:1044800010B588B0012916D0154BD2021A40082366
:1044900009070A43134902AC0A430292009304221B
:1044A00023000021FFF728FD0123002801D19B00F4
:1044B000E05808B010BD0A4BD2021A400A4B02ACB9
:1044C0001A43182302920093042223000021FFF7CD
:1044D00013FD0028EDD105239B00E058E9E7C04615
:1044E00000F8FF0F0100004001000050F0B55BBA7A
:1044F000D6464F464646C0B5704CD2022240090708
:104500000A436F4984B0114302AA924649BA6D4AE0
:10451000039394466C4B0291C458182023680127DA
:104520006344190D0631C9B2FBF7ECFE654A2368F6
:1045300094466344190D06311D20C9B2FBF7E2FE13
:10454000012200211D20FBF7F7FED02380221B064D
:1045500092049A613A00A16820688A4003685B4E21
:10456000934303604B005B18DB00C518CC352A6809
:10457000C3189046626801321203944642461640C0
:10458000624632436668F60132432A60504A3D0073
:1045900094468022634412061A601A608022002327
:1045A00052040092019302F0B9FB3A00A06821681E
:1045B000031D9A40994680239B01CB181A60020084
:1045C000083295401D603F2382008A181361430022
:1045D0001B18DB003F4DCB18D8331D60002515613B
:1045E0003D4A65681A601F222A401A600C23E35670
:1045F000A0229F409C46394BD205D75063469A0172
:10460000A0238026DB05D718354B7604D5182B68F8
:104610003342FCD16546ED02AC46324D294BA846EB
:1046200065464646CB181B0DDB001B183540DB03E7
:104630002B432D4D2B4355463D604D46AE00022584
:104640008E197E60BD60FB60012383400D682B43A3
:104650000B60264B80219C464904624413680B4240
:10466000FCD10122A368216818339A408A608B68C4
:104670001342FCD00122A16820688A40036893435A
:104680000360002318220093013302F099FBA16814
:1046900023684A005218D2009B18154AD8331A6072
:1046A000D02380221B0692045A61FFF749FB0020A9
:1046B00004B0E0BCBA46B146A846F0BD00F8FF0F12
:1046C000040000C00000E0AF4C0800007F00FEFFC7
:1046D000D010000020600000406000004404000092
:1046E0000C000050FD7F00FF19004000100000503A
:1046F00003A00000F0B5D6464F464646C0B584B08C
:1047000002ACA2466F4CD202224009070A436E490E
:1047100001270A430292524653606C4A6C4B9446FE
:10472000C458182023686B4E6344190D0631C9B272
:10473000FBF7E8FD654A236894466344190D06318A
:104740001D20C9B2FBF7DEFD012200211D20FBF771
:10475000F3FDD02380221B0692049A613A00A168DF
:1047600020688A400368934303604B005B18DB00BA
:10477000C518CC352A68C318904662680132120306
:10478000944642461640624632436668F60132431A
:104790002A60514A3D0094468022634412061A6002
:1047A0001A608022002352040092019302F0B6FAAC
:1047B0003A00A0682168031D9A40994680239B0116
:1047C000CB181A600200083295401D603F2382001A
:1047D0008A18136143001B18DB00404DCB18D833F7
:1047E0001D60002515613E4A65681A601F222A4037
:1047F0001A600C23E356A0229F409C46394BD205F9
:10480000D75063469A01A0238026DB05D718364B84
:104810007604D5182B683342FCD16546ED02AC46D0
:10482000324D2A4BA84665464646CB181B0DDB0089
:104830001B183540DB032B432D4D2B4355463D6064
:104840004D46AE0002258E197E60BD60FB600123DF
:1048500083400D682B430B60264B80219C46490406
:10486000624413680B42FCD10122A368216818330B
:104870009A408A608B681342FCD00122A1682068AC
:104880008A40036893430360002318220093013396
:1048900002F096FAA16823684A005218D2009B18C9
:1048A000154AD8331A60D02380221B0692045A611D
:1048B000FFF746FA002004B0E0BCBA46B146A8466D
:1048C000F0BDC04600F8FF0F040000C00000E0AFDC
:1048D0004C0800007F00FEFFD010000020600000A8
:1048E00040600000440400000C000050FD7F00FF09
:1048F000190040001000005003A00000F0B5D6469B
:104900004F464646C0B584B002ACA2466F4CD202B8
:10491000224009070A436E4901270A430292524680
:1049200053606C4A6C4B9446C458182023686B4EF5
:104930006344190D0631C9B2FBF7E4FC654A2368EC
:1049400094466344190D06311D20C9B2FBF7DAFC09
:10495000012200211D20FBF7EFFCD02380221B0643
:1049600092049A613A00A16820688A4003689343E0
:1049700003604B005B18DB00C518CC352A68C318F0
:1049800090466268013212039446424616406246DF
:1049900032436668F60132432A60514A3D0094462C
:1049A0008022634412061A601A6080220023520497
:1049B0000092019302F0B2F93A00A0682168031D49
:1049C0009A40994680239B01CB181A600200083256
:1049D00095401D603F2382008A18136143001B1815
:1049E000DB00404DCB18D8331D60002515613E4AD1
:1049F00065681A601F222A401A600C23E356A02221
:104A00009F409C46394BD205D75063469A01A0235C
:104A10008026DB05D718364B7604D5182B68334231
:104A2000FCD16546ED02AC46324D2A4BA8466546A0
:104A30004646CB181B0DDB001B183540DB032B4310
:104A40002D4D2B4355463D604D46AE0002258E1937
:104A50007E60BD60FB60012383400D682B430B60CB
:104A6000264B80219C464904624413680B42FCD1CA
:104A70000122A368216818339A408A608B68134228
:104A8000FCD00122A16820688A4003689343036038
:104A9000002318220093013302F092F9A1682368E1
:104AA0004A005218D2009B18154AD8331A60D023F6
:104AB00080221B0692045A61FFF742F9002004B0DD
:104AC000E0BCBA46B146A846F0BDC04600F8FF0FAC
:104AD000020000C00000E0AF4C0800007F00FEFFB5
:104AE000D01000002060000040600000440400007E
:104AF0000C000050FD7F00FF190040001000005026
:104B000003A00000F0B5D6464F464646C0B584B077
:104B100002ACA2466F4CD202224009070A436E49FA
:104B200001270A430292524653606C4A6C4B9446EA
:104B3000C458182023686B4E6344190D0631C9B25E
:104B4000FBF7E0FB654A236894466344190D063180
:104B50001D20C9B2FBF7D6FB012200211D20FBF767
:104B6000EBFBD02380221B0692049A613A00A168D5
:104B700020688A400368934303604B005B18DB00A6
:104B8000C518CC352A68C3189046626801321203F2
:104B9000944642461640624632436668F601324306
:104BA0002A60514A3D0094468022634412061A60EE
:104BB0001A608022002352040092019302F0AEF8A2
:104BC0003A00A0682168031D9A40994680239B0102
:104BD000CB181A600200083295401D603F23820006
:104BE0008A18136143001B18DB00404DCB18D833E3
:104BF0001D60002515613E4A65681A601F222A4023
:104C00001A600C23E356A0229F409C46394BD205E4
:104C1000D75063469A01A0238026DB05D718364B70
:104C20007604D5182B683342FCD16546ED02AC46BC
:104C3000324D2A4BA84665464646CB181B0DDB0075
:104C40001B183540DB032B432D4D2B4355463D6050
:104C50004D46AE0002258E197E60BD60FB600123CB
:104C600083400D682B430B60264B80219C464904F2
:104C7000624413680B42FCD10122A36821681833F7
:104C80009A408A608B681342FCD00122A168206898
:104C90008A40036893430360002318220093013382
:104CA00002F08EF8A16823684A005218D2009B18BF
:104CB000154AD8331A60D02380221B0692045A6109
:104CC000FFF73EF8002004B0E0BCBA46B146A84663
:104CD000F0BDC04600F8FF0F010000C00000E0AFCB
:104CE0004C0800007F00FEFFD01000002060000094
:104CF00040600000440400000C000050FD7F00FFF5
:104D0000190040001000005003A00000F0B5DE1CA8
:104D10001D000323040083B09E43012924D00420F6
:104D20002133164FD2023A4009072A430A43802111
:104D30000430C90580000A4320180436426000216F
:104D4000009604222000E318FFF7D6F8061E0FD1C4
:104D50002100089B2831994203D02A001800FDF752
:104D600079FA300003B0F0BD002010361133D8E7D7
:104D700001000348FEF75CFFF3E7C04600F8FF0FB1
:104D8000A47E0010F0B545465746DE464E46E0B5D7
:104D90008DB002AF9846BA60DA1C03239A4305002F
:104DA000FA60022925D028003B6D2830984248D06F
:104DB000434609071943BB68DA02294B1A40C0234E
:104DC00011431B06194369624246396DFDF742FAE9
:104DD00029000023FA682800043224310093FFF7E9
:104DE0008BF8BD460BB0F0BCBB46B246A946A04608
:104DF000F0BD1C4B1C4C9B4608239A461833994621
:104E0000796001E0013C16D35B463B615346009359
:104E10001023042200212800FB186E46FFF76CF8CF
:104E2000002800D178694B46B5460342EAD07B683A
:104E30001900002CB7D10D48FEF770FE0620404245
:104E4000CFE7BB680907DA02054B1A4043460B431C
:104E500013431A00C0231B061A436A62B8E7C04610
:104E600000F8FF0F04400040E7030000EC80001052
:104E7000836870B5CC0B0500E403A3420BD06340FC
:104E80001A0E19D1FF22120413420CD1FF22120272
:104E9000134201D1AC6070BD012128000A4A230AE7
:104EA000FFF730FEF6E7230C01212800074AFFF741
:104EB00029FEAB686340E9E7230E0121044AFFF7AE
:104EC00021FEAB686340DDE70A0001000B00010032
:104ED0000C000100F0B5C646033083089C4600B5BF
:104EE0008E1E002B1DD00B0033435B0754D163464D
:104EF000013B0A2B50D9C3089846424630000B00AC
:104F0000D2008F1830CB30C09F42FBD14346B4183B
:104F10005F008A18BC4504D0538810881B040343E3
:104F2000236008000B888A1D5BBA73808B1C1B688A
:104F30000A301BBA7360126812BAB260006800BA15
:104F4000F060452B03D0300080BCB846F0BD082A85
:104F5000F9D10B000A000C00B232AE331B88106886
:104F60002E3425691A18AA4222D83A31C9180818CD
:104F700081424AD20027002504E0DD2A1CD0C9184E
:104F800088422CD94B780233CA189042F7D30A785A
:104F9000302AF2D10D00F2E7634632009800301853
:104FA000938854881B04234308C28242F8D1B8E78F
:104FB00001235B42B360C6E78A1C90468A78002AC8
:104FC000DDD142465278502AD9D142469278F22A0F
:104FD000D5D14246D278012AD1D10F00CFE7002D9A
:104FE00010D006230422002F0AD0A28BD20601D5AE
:104FF000012213438422B15CB1520432B354A2E7BC
:105000001300F2E702230022EDE70023EDE7C0469C
:10501000F8B5CE4647460500894680B5002932D00E
:1050200001230121204AFFF76DFD01230121280002
:105030001D4AFFF767FD03230327984601264024F6
:105040000BE0012002F07EF9013C33000121280031
:10505000154AFFF757FD002C10D001212800124AF5
:10506000FFF70EFA0028ECDB3B0003404345E8D194
:10507000FF28E6D0C0BCB946B046F8BD49460B484B
:10508000FEF7D6FDF6E700230121074AFFF73AFDB8
:10509000002301212800044AFFF734FD00230127E3
:1050A00098460026CBE7C0461F000100D47E0010C2
:1050B000F0B5D6464F464646C0B5C37C05000F0046
:1050C000924682B0002B04D1006801F0B1FC0128A7
:1050D00063D1280001F0B2FCAB7C002B05D101218B
:1050E0002800FFF795FF0123AB74EB7C002B61D008
:1050F000FA24A40002E0013C002C4ED0082200213A
:105100002800FFF751F9431CF5D0C30543D5C02251
:1051100003035B0D591ED200914200D3B1E0820718
:1051200000D5AEE02C002834002202212800009493
:10513000FFF7ECFD002826D1298D6A8D002928D0A3
:105140000123EB74634B9C460B005340634500D036
:105150009EE0D24392B2914200D09FE00B2900D84A
:10516000A2E0237AAB730F2362791340022B17D985
:105170000C2900D1A4E0012B58D0022B35D0002BF4
:1051800045D00B20404202B0E0BCBA46B146A8462A
:10519000F0BD002AD4D10023EB7401204042F2E795
:1051A000627A944666466A7BB21AD2B2142ADFD873
:1051B0006E73DDE7042200212800FFF72BF983B28C
:1051C0009846454B000499461B88040C434502D081
:1051D000862323424AD14346002B4CD14B464246BC
:1051E0001A80A30600D583E7D7E7102965D9E279AD
:1051F0000220A218D3789B000433D3181C1B0C1B6D
:1052000091785246C9070C433C601360BBE71B29E9
:105210005CD9E3792D8AE3185A8995424AD15246DE
:1052200010331C1B0C1B3C601360ACE710294AD9DF
:10523000E379E318DA78920004329B181A7B1C1B7E
:10524000091B882A33D15A7B6C2A30D1DA7C002A98
:1052500027D11A7D102A24D15A7D182A21D15246ED
:10526000183918333960012013608CE721001B487E
:10527000FEF7DEFCAFE7042200212800FFF73EFB2B
:10528000ACE7012301212800154AFFF73BFC82E728
:105290001448FEF7CDFC0120404274E70220404252
:1052A00071E70A2040426EE7032040426BE7092085
:1052B000404268E70620404265E70720404262E737
:1052C000042040425FE7082040425CE7052040425E
:1052D00059E7C046FFFF0000F6130020F87E0010DB
:1052E0000D000100247F0010F0B5DE4657464E4603
:1052F00045460400E0B585B09A468946934601F0DC
:105300009DFBA37C002B05D101212000FFF780FE2F
:105310000123A374A37B002B24D02E4E2E4FB36AFF
:1053200098460EE0A17B002903D1237B627B9A4241
:105330001CD14346ED1ABD4243D8FA20800001F04B
:10534000D1FF200003AA02A9B56AFFF7B1FE012828
:10535000E8D103990298FFF7BDFD0100200001F09C
:1053600073FBDFE7237B627B9A42D6D05A465146D5
:105370000C3292B20A80D2430B714A80524649469F
:105380005171002251468A714946023948424141D1
:10539000504649000C310133C171028142812373AF
:1053A0005B4603320F33934300900022022120001A
:1053B000FFF7E8FC05B0F0BCBB46B246A946A046E4
:1053C000F0BD637B227B0548FEF732FC02204042A1
:1053D000F0E7C0460040054040420F00507F0010FB
:1053E000F0B557464E464546DE46E0B5294E924654
:1053F000B76A9846284AB36A0500894683B0DB1B22
:1054000093422ED8254B9B4610E0022820D000283E
:1054100003DB01005846FEF70BFCFA20800001F088
:1054200061FFB36A1C4ADB1B93421AD86946280005
:1054300001AAFFF73DFE041E23D00128E5D1019902
:105440000098FFF747FD0100280001F0FDFAE4E7AE
:105450000099019B4A0028685208C90F01F0A2FF79
:10546000DBE743465246494602240D48FEF7E0FB7F
:105470006442200003B0F0BCBB46B246A946A04639
:10548000F0BD009A424500D9424601990C9802F0BD
:1054900023FAEEE7004005403F420F00747F001002
:1054A000A07F0010F0B545469046402257464E4634
:1054B000DE469146803A93469246E0B50700402684
:1054C00083B08B449A445B469C19BB68E50BED03A3
:1054D0009D420BD06B401A0E36D1FF2212041342AC
:1054E00029D1FF22120213421ED1BD60620453462D
:1054F00080249B19520C2402009301214B46380052
:105500002243FFF73FFC002827D1B04525D93300BF
:10551000402240339146434501D81E00D3E742461E
:10552000921B91461E00CEE7012138000E4A2B0A3D
:10553000FFF7E8FAD9E72B0C012138000B4AFFF7F7
:10554000E1FABB686B40CCE7002301213800084A30
:10555000FFF7D8FABB686B40BFE703B0F0BCBB46AF
:10556000B246A946A046F0BD0A0001000B000100AA
:105570000C000100F0B5CE46474680B5060083B06A
:105580000400080099468846170002F0FBF94436EB
:10559000451C3A004946701902F09EF92A0041461E
:1055A0003000ED19FCF756FE2A0080231C321B0147
:1055B0009A4220D8218A0A9B013189B21B03218299
:1055C00009041943022319430023082723642300F5
:1055D000FF37E163200000216763A56328330C3A9D
:1055E000FFF782FE002806D12B003A00022120009E
:1055F0000096FFF7F5FE03B0C0BCB946B046F0BD5B
:10560000F0B5D6464F464646C0B50400060082B007
:10561000080017008A46994602F0B4F9431C9846E0
:10562000443605001A0051463000FCF713FE43468D
:10563000F2183B0A177053703B0C3F0E9370D770F3
:105640002A00802321326F1D1B019A4223D8082390
:10565000FF33984663633B041B0CA3634B46218ACC
:105660001B03013189B22182090419430223194322
:10567000002323642300E163200000210C3A283337
:10568000FFF732FE002806D13B00424602212000EF
:105690000096FFF7A5FE02B0E0BCBA46B146A846A8
:1056A000F0BDC046836870B5CE0B04000D00F60354
:1056B0009E420BD073401A0E37D1FF2212041342C0
:1056C0002AD1FF22120213421FD1A6606A0480254C
:1056D000520C2D022A4301212000FEF7D1FEC025E5
:1056E000A36806006D05AB420DD06B401A0E38D191
:1056F000FF221204134228D1FF22120213421CD1AE
:10570000C0235B05A360300070BD01212000194A51
:10571000330AFFF7F7F9D8E7330C01212000164AC6
:10572000FFF7F0F9A3687340CBE7330E0121134A6A
:10573000FFF7E8F9A3687340BFE7C0230121200009
:105740000C4A5B03FFF7DEF9DAE7C0230A4A5B0184
:1057500001212000FFF7D6F9C023A2685B05534062
:10576000CAE7182301212000044AFFF7CBF9A368F8
:105770006B40BDE70A0001000B0001000C000100B6
:10578000F0B5C646CF0B0D008168040090461E00A0
:1057900000B5FF038F420BD079400B0E64D1FF237D
:1057A0001B04194257D1FF231B02194223D1A760C2
:1057B000802243466D046D0C12022A43012B21D036
:1057C000330001212000FEF795FFC025A3686D0579
:1057D000AB420DD06B401A0E1AD1FF2212041342B5
:1057E00022D1FF22120213422DD1C0235B05A360F8
:1057F00080BCB846F0BD012120001F4A3B0AFFF7DC
:1058000081F9D4E7330001212000FFF77BF9DCE7C1
:1058100018231A4A01212000FFF774F9FF22A36818
:1058200012046B401342DCD0C023154A5B010121F6
:105830002000FFF767F9C023A2685B055340FF22F1
:1058400012021342D1D0C023012120000A4A5B0377
:10585000FFF758F9C9E701212000094A3B0CFFF77F
:1058600051F9A16879409EE70121044A3B0EFFF7F8
:1058700049F9A168794092E70A0001000C00010093
:105880000B000100F8B5CE46474604000D0080B578
:10589000012900D1D4E1D04BC82798463F02C02649
:1058A00041462000FFF7E4FA3A0001212000FEF70C
:1058B000E7FDA3687605B34210D073401A0E00D0FE
:1058C000DBE0FF221204134200D0E3E0FF221202C9
:1058D000134200D0EEE0C0235B05A36041462000E8
:1058E000FFF7C6FA3A0001212000FEF7C9FDC022E9
:1058F000A368520506009146934210D053401A0EF9
:1059000000D093E1FF221204134200D082E1FF2273
:105910001202134200D075E1C0235B05A360F307B8
:1059200000D495E1012D00D18FE1AC4DAC4E31009A
:105930002000FFF79DFA03232A0001212000FFF732
:10594000E1F8C022A36852059146934210D053401B
:105950001A0E00D04CE1FF221204134200D02EE1B7
:10596000FF221202134200D021E1C0235B05A36095
:1059700031002000FFF77CFA2A0001212000FEF709
:105980007FFDC022A36852059146934210D0534038
:105990001A0E00D001E1FF221204134200D0F0E001
:1059A000FF221202134200D0E3E0C0235B05A36094
:1059B00041462000FFF75CFA3A00C027002301218E
:1059C0002000FFF79FF8A3687F05BB4210D07B4003
:1059D0001A0E00D0C4E0FF221204134200D0B3E03C
:1059E000FF221202134200D0A6E0C0235B05A36091
:1059F000C027012001F0A6FC31002000FFF738FA93
:105A000001232A0001212000FFF77CF8A3687F050D
:105A1000BB420FD07B401A0E00D084E0FF2212045C
:105A2000134200D073E0FF221202134267D1C02359
:105A30005B05A36031002000FFF71AFA2A00C02599
:105A400001212000FEF71CFDA3686D05AB420DD0BF
:105A50006B401A0E4AD1FF22120413423AD1FF22A0
:105A6000120213422ED1C0235B05A360012001F076
:105A700069FCC0BCB946B046F8BD1823594A01219B
:105A80002000FFF73FF8FF22A3681204734013427F
:105A900000D11BE7C023544A5B0101212000FFF71E
:105AA00031F8C023A2685B055340FF221202134263
:105AB00000D110E7C023012120004C4A5B03FFF70F
:105AC00021F808E7C02301212000484A5B03FFF7C3
:105AD00019F8C8E7C023444A5B0101212000FFF701
:105AE00011F8C023A2685B055340B8E718230121D1
:105AF00020003C4AFFF706F8A3686B40ABE7C023E1
:105B000001212000394A5B03FEF7FCFF8FE7C02329
:105B1000354A5B0101212000FEF7F4FFC023A26893
:105B20005B0553407FE71823012120002D4AFEF733
:105B3000E9FFA3687B4071E7C023012120002B4AC5
:105B40005B03FEF7DFFF50E7C023274A5B0101211B
:105B50002000FEF7D7FFC023A2685B0553403FE754
:105B60001823012120001F4AFEF7CCFFA3687B40C9
:105B700031E7C023012120001C4A5B03FEF7C2FF6E
:105B800013E7C023184A5B0101212000FEF7BAFF8A
:105B9000C023A2685B05534002E71823114A012184
:105BA0002000FEF7AFFF4B46A2685340F3E6C02348
:105BB000012120000D4A5B03FEF7A4FFD5E6C023B8
:105BC000094A5B0101212000FEF79CFFC023A26867
:105BD0005B055340C4E6C0460048101808C40000E6
:105BE000084410180C0001000B0001000A0001001D
:105BF0001823194A01212000FEF784FF4B46A268B2
:105C00005340A8E6C02301212000144A5B03FEF79D
:105C100079FF81E6C023124A5B0101212000FEF7D3
:105C200071FFC023A2685B05534070E618230A4A3F
:105C300001212000FEF766FF4B46A268534061E653
:105C4000B827084B3F02984629E6074D074E6EE6F7
:105C50000748FDF763FF65E60C0001000A0001003C
:105C60000B0001000038101808B4000008341018A8
:105C7000C87F00108022002352008281034A016005
:105C800083608373036183507047C0464C080000F3
:105C900010B5FEF765F810BD10B5040082B0694676
:105CA000200001AAFFF704FA431C14D0031DF6D00C
:105CB000012812D00228F2D10099019B4A002068E5
:105CC0005208C90F01F06EFB6946200001AAFFF7D8
:105CD000EFF9431CEAD102B010BD01990098FFF71B
:105CE000F9F80100200000F0AFFED8E7F0B5022778
:105CF000C64698464B001F40802300B516001C3254
:105D0000040082B04D081B019A422BD83304008A4C
:105D10001B0CA363089B013080B21B0320823B4312
:105D200000041843E063002320003200414623644E
:105D30006563443001F0D0FD2300320000212000D3
:105D400028331032FFF7D0FA002807D143462A0043
:105D50000093390033002000FFF742FB02B080BC03
:105D6000B846F0BD05204042F8E7C04610B5040033
:105D7000002909D0837C002B00D110BD0023002115
:105D80008374FFF745F9F8E700F058FEA37C002B79
:105D9000F3D101212000FFF73BF90123A374ECE7C5
:105DA000F0B5C6460700040000B50E001849443798
:105DB000142282B014313800FCF74CFA238A832273
:105DC00001339BB223821B04E3630023236423007B
:105DD000520062639046F23AA26300212000283309
:105DE0001032FFF781FA051E0DD11423424600211F
:105DF00020000097FFF7F4FA051E04D106223900AF
:105E00003000FCF727FA280002B080BCB846F0BD8D
:105E10002C810010F0B55746DE464E464546E0B5AB
:105E2000B14B87B09B6A040043600F00FDF7CEFFC3
:105E3000002812D1FEF768FA0A25FEF783FAAB4E66
:105E4000142200212000FEF791FAB04212D0012066
:105E5000013D01F077FA002DF2D10625A448FDF7A7
:105E60005DFE6D42280007B0F0BCBB46B246A946B5
:105E7000A046F0BD0022002120009E4BFEF736FB1D
:105E80000028EAD1002200212000FEF78DFA10231D
:105E90001D2200212000FEF735FE0028DDD19923C8
:105EA000042200212000FEF72DFE0028D5D1BE23BC
:105EB000062200212000FEF721FD0028CDD1082375
:105EC000012120008C4AFEF71DFE0A2540260121F3
:105ED0002000894AFEF7D4FA06420AD10120013D8A
:105EE00001F030FA002DF2D18448FDF717FE063D8F
:105EF000B8E70023804A01212000FEF703FE2000BE
:105F00007F49FEF7B5FFB822C0250121200012020B
:105F1000FEF7B6FAA3686D05AB4210D06B401A0EBF
:105F200000D02AE3FF221204134200D019E3FF221B
:105F30001202134200D00CE3C0235B05A3602000D3
:105F40006F49FEF795FFB822012120001202FEF7EB
:105F500097FAC026A36805007605B34210D07340B7
:105F60001A0E00D0ECE2FF221204134200D0DBE252
:105F7000FF221202134200D09EE2C0235B05A36001
:105F8000EB0700D4B2E320005E49FEF771FFC822A0
:105F9000C025012120001202FEF772FAA3686D05E8
:105FA000AB4210D06B401A0E00D07CE2FF221204EC
:105FB000134200D007E3FF221202134200D0FAE29C
:105FC000C0235B05A36020004E49FEF751FFC822A5
:105FD000012120001202FEF753FAC026A368050033
:105FE0007605B34210D073401A0E00D0DAE2FF22D9
:105FF0001204134200D0C9E2FF221202134200D061
:10600000EDE2C0235B05A360EB0700D472E3C0257B
:1060100002212000FFF736FCA3686D05AB4210D0CB
:106020006B401A0E00D0F3E1FF221204134200D09D
:10603000E2E1FF221202134200D00FE2C0235B050F
:10604000A360C0250323012120002F4AFEF752FB45
:10605000A3686D05AB4210D06B401A0E00D0F4E17E
:10606000FF221204134200D0E3E1FF221202134286
:1060700000D0D6E1C0235B05A360C0250023012129
:106080002000224AFEF736FBA3686D05AB4210D014
:106090006B401A0E00D0F5E1FF221204134200D02B
:1060A000E4E1FF221202134200D0F4E1C0235B05B9
:1060B000A360174B174A9A46174B53449E5A1B3AF4
:1060C000FF3A964200DB91E1144A9B5C002B00D022
:1060D0008CE1502E00DC89E1114B50259946114B83
:1060E0005344984624E0C04600400540ADBEEDFE56
:1060F00038800010B30402000E0001008C800010F4
:10610000003810180048101810C0000044C00000EB
:10611000A08100100E0300009E6803000D03000024
:1061200058800010AB6B03000135AE4200DC5DE12E
:10613000434609224946581B01F052FC0028F3D17E
:10614000534600212000E04AFFF7ACF9051E00D0BD
:1061500088E6BA22DD4BDE4992002000FFF7A2F963
:10616000DC4B04222000DC49FFF70AFB0121200060
:10617000FFF788FB2000D949FFF794FA0323034077
:10618000012B02D0D648FDF7C9FC2000D549FFF706
:1061900089FAC30700D52AE2FA268023B60098467A
:1061A00006E00120013E01F0CDF8002E00D170E2A2
:1061B00001212000CC4AFEF763F943460342F0D0A8
:1061C000F02304222000C949FFF7DAFA2023012135
:1061D0002000C74AFEF796FCFA262023B600984610
:1061E00006E00120013E01F0ADF8002E00D176E27C
:1061F000082200212000FEF7D7F843460342F0D0E2
:106200000121BC4A2000FEF73BF90222C3B213432E
:106210000121B84A2000FEF775FC0823F022002176
:106220002000FEF76FFC02230121AF4A2000FEF799
:1062300069FC01212000B04AFEF722F9C30700D40F
:10624000DDE10F230121AD4A2000FEF75BFC0023B6
:106250000121AA4A2000FEF755FC0121A74A20008F
:10626000FEF70EF9042200212000FEF7D3F8C30741
:1062700000D5CDE1C026A3687605B34210D07340A7
:106280001A0E00D0FCE1FF221204134200D0EBE111
:10629000FF221202134200D0DEE1C0235B05A3609F
:1062A000C02601212000964AFEF77EF8A3687605F5
:1062B000B34210D073401A0E00D0C4E1FF22120482
:1062C000134200D0B3E1FF221202134200D0A6E134
:1062D000C0235B05A360200000F0B0FBA37C002B73
:1062E00005D101212000FEF793FE0123A37444236E
:1062F000844E98463100A04408222C314046FBF7DA
:10630000A9FF814BF622DB21E364200000239200E9
:10631000890251442265636558309946FBF79AFF1C
:106320000822FF3292466263FC2292009346A263E7
:106330000222238A002101339BB223821B041343D0
:10634000E3634B462364283399468022A1444B469D
:106350002000D200FEF7C8FF002807D1434652466E
:10636000009302215B462000FFF73AF83100132228
:1063700038314046FBF76EFF238A832201339BB2FC
:1063800023821B04E3630023520092466263F33AC4
:10639000A263236400214B4620001032FEF7A4FFC5
:1063A000002807D1434652460093002113232000C2
:1063B000FFF716F8636C002B00D01CE100230022CD
:1063C00020005249FFF71CF9002301222000504908
:1063D000FFF716F9002F00D162E100230622009397
:1063E00020003B004B49FFF7C5F83BE506254A482E
:1063F000FDF794FB6D4235E5C023484A5B0101215E
:106400002000FEF77FFBC023A2685B05534010E627
:10641000182301212000424AFEF774FBA3686B4059
:1064200002E6C023012120003E4A5B03FEF76AFB1F
:1064300020E6C023394A5B0101212000FEF762FB00
:10644000C023A2685B0553400FE6182301212000FA
:10645000334AFEF757FBA3686B4001E6C0230121D6
:106460002000304A5B03FEF74DFBE7E5C0232B4AD3
:106470005B0101212000FEF745FBC023A2685B05FC
:1064800053400EE6182301212000254AFEF73AFB6F
:10649000A3686B4000E6C02301212000214A5B0372
:1064A000FEF730FB02E61823012120001C4AFEF70C
:1064B00029FBA3686B4079E5C02301212000194A1C
:1064C0005B03FEF71FFB58E5C06B030078F1031078
:1064D00014FD0700BA0045FFFCFF07000834101840
:1064E000B8800010003810180E0001002420001899
:1064F000080001001E0001001F0001000F00010044
:10650000088500002C81001006100200E47F0010B6
:10651000F07F001014810010648000100B00010057
:106520000C0001000A000100C023744A5B01012134
:106530002000FEF7E7FAC023A2685B05534017E589
:106540001823012120006E4AFEF7DCFAA36873408D
:1065500009E5C023012120006A4A5B03FEF7D2FA55
:10656000EAE4C023654A5B0101212000FEF7CAFA74
:10657000C023A2685B055340D9E418230121200001
:106580005F4AFEF7BFFAA3686B40CBE4C0235B4AC7
:106590005B0101212000FEF7B5FAC023A2685B056C
:1065A000534029E5182301212000554AFEF7AAFA95
:1065B000A36873401BE5C02301212000514A5B03FF
:1065C000FEF7A0FAFCE4C0234C4A5B010121200045
:1065D000FEF798FAC023A2685B055340EBE4C023A2
:1065E00001212000474A5B03FEF78CFA09E5464883
:1065F000FDF794FAD0E54548FDF790FADEE6012371
:10660000C0B2034301212000414AFEF77BFA18E69D
:1066100083B2042200212000FEF770F92AE6C0238D
:1066200001212000374A5B03FEF76CFA50E6C023D5
:10663000324A5B0101212000FEF764FAC023A26800
:106640005B0553403FE61823012120002C4AFEF74A
:1066500059FAA368734031E6C02301212000294A7A
:106660005B03FEF74FFA18E6C023244A5B010121C1
:106670002000FEF747FAC023A2685B05534007E6F7
:106680001823012120001E4AFEF73CFAA36873403C
:10669000F9E506251F48FDF741FA6D42FFF7E2FBD9
:1066A0003300F26C4C3304929B8804AF02AE31008D
:1066B0002000BB80FFF774FB00280AD1029B049ADC
:1066C000934202D00025FFF7CDFBB288BB889A42E7
:1066D000F8D13100002000F0DDFD37007DE6062511
:1066E0000D48FDF71BFA6D42FFF7BCFB0B48FDF7A9
:1066F00015FA48E40948FDF711FA88E40B00010097
:106700000C0001000A000100B8800010FC8000109D
:106710001F000100CC800010E4800010C87F001032
:10672000042230B5038A426401339BB20382826340
:106730001B04023A1343C3630023A521036403002F
:10674000050083B041632833002112320400443530
:10675000FEF7CAFD002806D10423A522022120004D
:106760000095FEF73DFE03B030BDC0461A2230B59D
:10677000134B4263C518038A0A3201339BB203826A
:1067800082631B04223A1343C3630023040003649F
:10679000290083B022324430FBF75CFD2300342211
:1067A000002120002833FEF79FFD002806D1242376
:1067B0001A22022120000095FEF712FE03B030BD20
:1067C00028080000F0B5040083B0022943D8012353
:1067D0008B40002A3AD10027DEB22500443508223A
:1067E0001E492800FBF736FD4C2300221021E654F9
:1067F0000133E2540133E2540133E2540133E754EC
:106800000133E2540133E2540133E254238AA16399
:1068100001339BB223820E391B040B430827E36329
:106820002300FF37226400212000676328332032D1
:10683000FEF75AFD061E0CD110233A00022120005B
:106840000095FEF7CDFD300003B0F0BDDFB23E0095
:10685000C3E70026F7E701267642F4E7248100101B
:1068600010B5006800F0E4F8013843425841C0B266
:1068700010BDC04610B5284B82B01B68002B17D046
:10688000264C2000FFF7ECFF00283CD1244BE25CB3
:10689000002A2BD1234BE25C002A1DD1224BE25C63
:1068A000002A0CD1214B1B68002B03D000F09CFC6C
:1068B00002B010BD01212000FFF758FAF6E70022D0
:1068C0002000E254FFF752FF0122194BE250174B10
:1068D0001B68002BEAD1EDE700222000E254FFF70D
:1068E0001FFF114BE25C002ADCD0E8E7002269219F
:1068F000E254200000230092FFF7F8F9094BE25C14
:10690000002ACBD0E8E72000FFF7C6F9044BE25C91
:10691000002ABFD0EAE7C046DC090020E4090020D5
:10692000690800006B0800006A080000E009002008
:106930005C08000070B58023D025802604002D0659
:106940005B04AB623604002200211820F9F7F4FC46
:106950006E62002200211720F9F7EEFCAE612100E3
:106960002000FFF787F98522002303211201A35499
:10697000064AA350064AA3501432A152054AA35412
:10698000054A13600122054BE25070BD5808000013
:106990005C08000072080000DC09002068080000A4
:1069A000F8B5040000F08AFC1C4E3368002B32D08E
:1069B0000021200000F0E8FC0121200000F0E4FCB0
:1069C0002000FFF765F9D025802380275B042D0682
:1069D000AB620022002118203F04F9F7ADFC002231
:1069E000002117206F62F9F7A7FC21002000AF619A
:1069F000FFF740F98522002303211201A354084A1E
:106A00003360A350074AA3501432A152064AA3543C
:106A10000122064BE25000F05BFCF8BDDC090020CF
:106A2000580800005C0800007208000068080000B8
:106A3000D0231B065868C001C00F70473222014B9B
:106A40001A607047E00900207F4B70B5C3580500FD
:106A50000C00DB072FD46368452B1DD00B2B54D0C3
:106A6000172B0BD0002B00D06DE0A368002B64D156
:106A7000764BEB58764A93423FD070BDA368002B0B
:106A8000F6D1E368082BF3D10222724BFF32724831
:106A9000EA5200F0B1FBEBE7704BEA58012AE7D16C
:106AA000A268082A00D1A8E0002AE1D10232EA5007
:106AB000664BEB58DEE7FAF7E3FC00292DD0FA220B
:106AC00000239200FBF72CF8628801006448FDF770
:106AD000AFF8616858292CD8624B8A00D358002B34
:106AE00027D019006048FDF7A3F82E23E268E35C85
:106AF000A1685E48FDF79CF8ADE70122534B0021E9
:106B00002800EA5000F042FCB7E70021280000F01E
:106B100043FC00224D4BEA50AFE7FA218900FAF717
:106B2000C1FF628801004E48FDF782F8616858296C
:106B3000D2D94F48FDF77CF8D7E7032B57D0022274
:106B4000424BEA5099E7032B15D0062B27D0102B88
:106B500036D1A368002B00D08AE76388DB0764D5B1
:106B60002E23E15C002968D18023384ADB00A95834
:106B70000B43AB507EE7A368002B1AD1334BEA5886
:106B80000F2319001140042903D19A431300012255
:106B90001A4380239B0013432C4AAB506AE7A36837
:106BA000002B00D064E7E368022B00D060E7314B94
:106BB00015E0062B00D15BE70422244BEA505CE78A
:106BC0002E2B25D1A368062B28D0042B03D002221C
:106BD0009343082BF0D1E3680F2BEDD11D4B01221D
:106BE0001D48EA5400F008FB184BEB5842E7E268F6
:106BF000002AA4D1154AAB503FE7862321001B0190
:106C0000E8581D4B3031EB589847104BEB5831E7A3
:106C1000312B00D02CE701220E4B38E780230B4AA2
:106C20001B01A9580B43AB5024E72E232800E15C3D
:106C300000F0B2FB054BEB581CE7280000F0A6FB68
:106C4000024BEB5816E7C046540800005C080000F1
:106C5000010E00006A080000756800105808000066
:106C600060F4031028F5031074F403107CF403108F
:106C700078F403106908000064080000F8B547467E
:106C8000CE46040080B58846160000F017FB1F4F63
:106C900000213D682000002D0ED0FFF767F832007C
:106CA00041462000FFF78EFD050000F011FB280093
:106CB000C0BCB946B046F8BD00F066FB012120001B
:106CC00000F062FB85231B01E5548023D0251B04C3
:106CD00099462D06AB61142000F034FB4B46322060
:106CE0006B6100F02FFB00212000FFF793F8051ED9
:106CF000DBD1074B2000E118FFF752F83222054B99
:106D000005481A60386000F077FAC8E7DC0900200F
:106D1000D3080000E009002075680010F0B5DE46D9
:106D200057464E4645468B46E0B54B0085B003932B
:106D30005B44DB00C5182F00DC3716003A682B00D7
:106D400000922A00CC3212680E9C01921A4A0290DC
:106D500094468022634492021A60002C18D080234B
:106D6000DB049A4601239946144BD83598462000F7
:106D7000FAF76AFE5246430113433B6033004A462A
:106D8000C3401340424613432B60631E1C40EED1A8
:106D9000039B009A5B44D800029B9C46604403001E
:106DA000DC331A60019BCC30036005B0F0BCBB46FD
:106DB000B246A946A046F0BDCC30000080E00000FD
:106DC000F0B54E464546DE465746E0B583B08946A7
:106DD0000CA90D7801901F2A48D8494649008846D9
:106DE0004944C900461837003400DC373868CC34D1
:106DF00083462068310082461E4880248446A402CF
:106E000061440C60691E8D411F216D420D401A497D
:106E10008C466544052B0ED9A02149058C461F21BF
:106E2000D8366046540104430532053B3C600A40B5
:106E30003560052BF5D8414652019B061343494462
:106E4000019AC90050180200DC3213600300D833E5
:106E50001D605B4613605346CC300360002003B0D6
:106E6000F0BCBB46B246A946A046F0BD0520404254
:106E7000F5E7C046CC30000080E00000F0B5574692
:106E80004546DE464E46E0B50D0089B0584C594F98
:106E9000039005920693584B584AE618360DB600F3
:106EA0002C600021009238003200F31CF9F740FBFF
:106EB000B04238DB801B43B29846030633D4F9F75F
:106EC000FFFA2B684E499946039B01261A7994468E
:106ED00005229A56484B4B441B0D9B00C9588A46C5
:106EE00061468E40711E0491002A68DB20216646AF
:106EF000891B8A420BDC0499564691400E4206D10A
:106F0000039907920A6889799346002926D0F9F7F0
:106F1000E3FA394A2B6894466344190D8900380016
:106F20004144F9F753FB374B9C46374B64449C4232
:106F3000B1D1002300202B6009B0F0BCBB46B246A3
:106F4000A946A046F0BD50469A465B460791049676
:106F5000039A11688B4691790029D8D1049E079A2B
:106F6000514696403140049151460E42CFD14146A0
:106F7000E04644460391B4460499002C11D01C000D
:106F80004E4643465F46A0464C003D5B6C0B00D12D
:106F9000AD1854181234A4000131A5519942F3D30D
:106FA0004346644651462143154CE150059B0399E5
:106FB0001960069B1A60F9F78FFA0120BCE72022BE
:106FC0006146511AA3D4049E07918E40B34656469B
:106FD0005A461642BCD09B46049E5346824603E066
:106FE00032008A401342AED00139F9D250468EE7C2
:106FF00000003050AC0900200000E0AF8CF6031018
:10700000740800200000F0FF00001050E0B50126D9
:10701000170002790D009640013E9E40F9F750FAA4
:10702000074B084A9C4665442D0DAD00AB58B34351
:10703000AB50F9F751FAE9190348F9F7C7FAE0BD7F
:107040000000E0AF74080020AC09002010B501007A
:107050000148F9F7BBFA10BDF413002000B5054B49
:1070600083B00100009300220B230348F9F760FA74
:1070700003B000BDB0F60310F41300200300114963
:10708000820151180868D90241400F4810B50140EB
:107090000E48A02410180160012098400C4BE40514
:1070A00018600C4B802118600B4B4904E0500B4BCF
:1070B0009C46624413680B42FCD18023DB00E05005
:1070C00010BDC046100000500178000010100050A4
:1070D0000434005014340050440400000C000050EC
:1070E00010B5036801495B6A984710BD6005002030
:1070F000802010B5402207494004F9F777F90122B2
:1071000002211820F9F746F90D200121F9F7A6FA16
:10711000002010BD3971001010B500220221182086
:10712000F9F738F9802003494004F9F781F9002084
:1071300010BDC04639710010D0231B061B6810B566
:107140005A1E93415A4230231340094A94466344DD
:10715000DB6A9B0700D410BD002202211820F9F73A
:1071600019F9044B0449186803685B6A9847F2E709
:1071700000410140D809002060050020154B70B582
:107180001B680400002B0ED0134D2A68002A01D082
:10719000013A2A6098472B68002B05D1236820000C
:1071A0009B690E49984770BDFAF76AF900230C4AAB
:1071B00080185941002908DB084B22689860D96083
:1071C0005269190020009047EDE70120054940422F
:1071D000F2E7C046DC090020E0090020700500202D
:1071E00050C30000FFFFFF7F10B5012202211820CD
:1071F000F9F7D0F810BDC046034B10B51868034925
:1072000003685B6A984710BDD8090020600500201C
:1072100010B504000848FFF78DFB084B00221C60E6
:10722000236820001B690649984723682000DB6912
:1072300004499847012010BDE4090020D809002026
:10724000F17000106005002070B50D4D04002B6832
:10725000002B13D003680B499B69984723680A49A0
:107260001B6A20009847236800221B6907492000F9
:1072700098470748FFF794FB00232B6070BDC0467A
:10728000D809002070050020600500201971001049
:10729000E409002010B582B068460C00FCF7DCFC65
:1072A0006B460622991C2000FAF7D4FF01222378AE
:1072B000934302221343237002B010BD034B10B559
:1072C000186803685B68984710BDC046D80900205D
:1072D000034B10B5186803689B68984710BDC046FB
:1072E000D809002070B50400EFF30583002B0ED100
:1072F000124B1D68FAF7C4F82200002312184B4104
:10730000002B13DB29682800096B884770BD0B4BE5
:107310001D68FAF7B5F82200002312184B41002B24
:1073200008DB29682800C96A8847EFE70122044B77
:107330005242E7E70122024B5242F2E7D80900200D
:10734000FFFFFF7FF8B50E4B06001F68FAF798F8AD
:10735000FA2204000D000023920030000021FAF709
:107360001DFF02000B0012196B41002B04DB396872
:107370003800C96A8847F8BD0122024B5242F6E73D
:10738000D8090020FFFFFF7F7047C04610B50148B5
:10739000F9F77EF8D0F6031010B50148F9F778F840
:1073A000D0F6031010B50148F9F772F8D0F60310C3
:1073B00010B5303000F080FB10BDC04600224523E0
:1073C00010B50C00CA54013BC85CF9F759F920000C
:1073D000383000F041FB0020002110BD012310B522
:1073E00004000B724333C05CF9F74AF920003830CF
:1073F00000F032FB10BDC046F0B5CE46474680B522
:107400002D4B87B01A685B68040005932B4B9046A0
:1074100045259946200000F0EBF906000F00FAF729
:107420002FF832003B00121A8B41002B29DD464514
:107430002DD0635D002B08D0A06AE16A32003B00CA
:10744000121A8B41002B28DC33D0236C002B03DD78
:10745000216C206AF9F7C4FE0123A662E762635536
:10746000002302934B4632000093206A3B000194B4
:10747000F9F7FAFD2064236C002B0EDC0023635522
:10748000C8E7002BC6D1002AC4D04645D1D1059B00
:107490009F42CED1236C002B04DC07B0C0BCB946A0
:1074A000B046F0BD216C206AF9F79AFE00232364F0
:1074B000F3E7002AC9D0F0E7707B0010BD7300101D
:1074C000F8B5060017003036040030000D0000F05B
:1074D000F3FA3800A84773790500012B04D0300077
:1074E00000F0FAFA2800F8BD2000FFF785FFF6E764
:1074F00070B544250400405D002814D1236C002B96
:1075000003DD216C206AF9F76BFE25003035280079
:1075100000F0D2FA280000F0DFFA48220021200013
:10752000FAF792FE70BD0021F9F798F8605D044902
:10753000F9F7CCF9605DF9F719FB00236355DDE736
:107540004575001070B5EFF305830C4A2A3B9B008C
:107550009C58002C0DD0250030350021280000F06B
:107560009BFA002805D06B79012B03D0280000F08E
:10757000B3FA70BD2000FFF73FFFF7E78008002057
:1075800010B5383000F0B0FA10BDC0461000190038
:1075900010B5EFF30583002B02D0F9F77BFF10BD88
:1075A000F9F75CFEFBE7C04610B530304379002B9D
:1075B00008D0D02300221B069A560423C3569A42B1
:1075C00000D110BD0148F8F763FFC046F0F6031084
:1075D00010B5040030346379012B03D0200000F093
:1075E0007BFA10BDFFF708FFF8E7C04670B506004C
:1075F0000D0004003036300000F05EFA2900200053
:1076000000F0E2F873790500012B04D0300000F09F
:1076100063FA280070BD2000FFF7EEFEF6E7C046D3
:1076200070B506000D0004003036300000F044FA5A
:107630002900200000F0A2F873790500012B04D086
:10764000300000F049FA280070BD2000FFF7D4FE9A
:10765000F6E7C04670B506000D0004003036300075
:1076600000F02AFA2900200000F09CF87379050048
:10767000012B04D0300000F02FFA280070BD20004C
:10768000FFF7BAFEF6E7C04670B506000D0004002D
:107690003036300000F010FA2900200000F05AF8CF
:1076A00073790500012B04D0300000F015FA280092
:1076B00070BD2000FFF7A0FEF6E7C046FF23037071
:1076C000002343607047C04670B504000D0044229B
:1076D00000210430FAF7B8FD1B4B236003232383FA
:1076E000D0231B061B68A3766B68002B28D023626F
:1076F0002000012201213830F9F756FA20003030FD
:10770000F9F796FA00202E78F9F73AFA03000020EC
:10771000002B14DB1A0044250C491A3A9200FF3062
:107720005450184063550A49F8F7B2FF0121605DD3
:10773000F8F794FF605D3100F9F7AAF9012070BDF8
:10774000F9F78EFC2062D3E710F7031080080020C1
:1077500045750010020083680832002B04D107E051
:107760001A001B68002B03D09942F9D1002003E0D6
:107770000023012011600B607047C0468368002B16
:1077800008D0994202D107E0994207D01A001B683D
:10779000002BF9D100207047020008320B6801204D
:1077A0001360F8E74368021D002B04D107E01A00BC
:1077B0001B68002B03D09942F9D1002003E000237D
:1077C000012011600B6070474368002B08D099427C
:1077D00002D107E0994206D01A001B68002BF9D1AC
:1077E00000207047021D0B6801201360F9E7C046B6
:1077F000F8B54746CE468368804680B5002B29D031
:10780000082343449946F9F73BFE43469E6804002B
:107810000D00002E58D000234F469C46B268F368F6
:1078200020002900801A9941002902DB14001D0064
:10783000BC4637003668002EF0D16346002B43D09B
:10784000196840460A681A604B68984743469B6827
:10785000002BD8D143465C68002C31D00025237A18
:10786000002B29D021006368257240469847246880
:10787000002CF4D1174B1868596843469E68002EB7
:1078800004D112E020002900002E0ED033000200A7
:107890009C68DD680B00121BAB413668002BF1DCE5
:1078A000F2D1002AEED1002EF0D143461861596181
:1078B000C0BCB946B046F8BD2468002CCFD1D9E78A
:1078C000044B18685968F0E743465C68002CC5D142
:1078D000D0E7C046707B0010F0B588420AD98B18FB
:1078E000984207D2531E002A03D0CA5CC254013BFF
:1078F000FBD2F0BD0F2A0BD80500561E002AF8D087
:107900000023CC5C1A00EC5401339642F9D1F0E725
:1079100003270D003E0005430C0003002E402F42BC
:107920002BD11500103D2D09AC462F013F182568BD
:107930001D6065685D60A5689D60E5681034DD6068
:107940001D001033BD42F2D165460F230C240135D2
:107950002D01491913404519144211D08C59AC51CD
:1079600004369C1B032CF9D8043B9B0801339B0075
:10797000ED18C91803231A40BFE70500561EBFE7DC
:107980001A00BAE710B583070AD00300032102E00A
:1079900001330B4205D01A78002AF9D1181A10BD0C
:1079A000030019680C4A0D4C8A188A4322420FD1F1
:1079B0005968094A04338A188A43224208D159680F
:1079C000054A04338A188A432242F1D000E0013389
:1079D0001A78002AFBD1E1E7FFFEFEFE808080805E
:1079E00030B5002A26D003000B439B0724D1032A7D
:1079F00022D9164D0BE0043A002A1BD0144C1C1956
:107A00009C432C4216D104300431032A14D9036854
:107A10000C68A342EFD004780D78AC4213D1012357
:107A200006E0C45CCD5CAC420DD10133934201D081
:107A3000002CF6D1002030BD04780D78A54202D18B
:107A4000012AECD1F6E7601BF5E7C0468080808014
:107A5000FFFEFEFEF8B5C04601B40248844601BCF4
:107A6000604700BF2901002001B40248844601BCE0
:107A7000604700BFED03002001B40248844601BC0A
:107A8000604700BFB902002001B40248844601BC2F
:107A9000604700BFC104002001B40248844601BC15
:107AA000604700BF6502002001B40248844601BC63
:107AB000604700BFC104002001B40248844601BCF5
:107AC000604700BF7501002001B40248844601BC34
:107AD000604700BFC901002001B40248844601BCD0
:107AE000604700BFE102002001B40248844601BCA7
:107AF000604700BFC1000020111800103D180010A1
:107B0000391A001039220010CD200010DD2100109C
:107B10006119001059180010791800108D18001004
:107B2000D90B001095180010850F0010D917001000
:0C7B300039060010493C0010B1020010A2
:107B40000A2A2A2A2050414E4943202A2A2A0A007A
:107B50004E6F2075736572204952517320617265B2
:107B600020617661696C61626C6500000000000054
:107B7000FFFFFFFFFFFFFF7F48617264776172655F
:107B800020616C61726D20256420616C7265616496
:107B90007920636C61696D656400000048617264FE
:107BA00020617373657274006D697373696E672009
:107BB000646F75626C652066756E6374696F6E00C4
:107BC00052656C6561736500626F6F74325F773206
:107BD0003571303830000000322E322E3000000077
:107BE0007069636F5F7700006D696F5F70726F67B8
:107BF0006574746F000000004175672020352032E5
:107C00003032350005005250DE65F46834FC031054
:107C1000060052505422A29DF87B001006005250DC
:107C2000861C0302E87B001006005250BBFF3CB6E6
:107C3000E07B001006005250ABB36053D87B0010BD
:107C400006005250E182887FC87B00100600525027
:107C5000D3F07542C07B0010666E6900666E692BBA
:107C6000000000006E616E00666E692D000000006D
:107C7000982D00104E2D00104E2D0010902D00104C
:107C80004E2D00104E2D00104E2D00104E2D0010C8
:107C90004E2D00104E2D00104E2D0010882D00107E
:107CA0004E2D0010802D00104E2D00104E2D001076
:107CB000782D00104A2F0010AA2D00103E2F001022
:107CC000AA2D00105A2F0010AA2D0010AA2D001066
:107CD000AA2D0010AA2D0010AA2D0010AA2D001008
:107CE000AA2D0010A02D0010AA2D0010AA2D001002
:107CF000AA2D0010AA2D0010AA2D0010A02D0010F2
:107D0000A02F00100A2D00100A2D00100A2D0010BF
:107D10000A2D00100A2D00100A2D00100A2D001047
:107D20000A2D00100A2D00100A2D00100A2D001037
:107D30000A2D00100A2D00100A2D00100A2D001027
:107D40000A2D00100A2D00100A2D00100A2D001017
:107D50000A2D00100A2D00100A2D00100A2D001007
:107D60000A2D00100A2D00100A2D00100A2D0010F7
:107D70000A2D00100A2D00100A2D00100A2D0010E7
:107D8000CE3100106C2F0010CE3100100A2D0010E3
:107D90000A2D00100A2D00100A2D00100A2D0010C7
:107DA0000A2D00100A2D00100A2D00100A2D0010B7
:107DB0000A2D00100A2D00100A2D00100A2D0010A7
:107DC0000A2D00100A2D00100A2D0010522E00104E
:107DD0000A2D00100A2D00100A2D00100A2D001087
:107DE0000A2D00100A2D00100A2D00100A2D001077
:107DF0000A2D0010522E0010B42F0010522E001029
:107E0000CE3100106C2F0010CE3100100A2D001062
:107E1000522E00100A2D00100A2D00100A2D0010FD
:107E20000A2D00100A2D0010522E0010DE30001016
:107E30000A2D00100A2D0010203000100A2D00100D
:107E4000522E00100A2D00100A2D0010522E001084
:107E5000000000000000F03F00000000000024408F
:107E600000000000000059400000000000408F406A
:107E7000000000000088C34000000000006AF840D5
:107E80000000000080842E4100000000D0126341F9
:107E90000000000084D797410000000065CDCD416F
:107EA0000D0A000063797734335F726561645F6245
:107EB00079746573206572726F722025640000000A
:107EC000C87E001006FF00000160401080E042B054
:107ED000014084105B43595734335D206379773414
:107EE000335F6B736F5F736574282564293A20666E
:107EF00061696C65640A00005B43595734335D2047
:107F0000427573206572726F7220636F6E6469745C
:107F1000696F6E20646574656374656420307825CC
:107F2000780A00005B43595734335D206572726FE5
:107F3000723A20686472206D69736D6174636820A1
:107F400025303478205E20253034780A0000000087
:107F50005B43595734335D205354414C4C282575AD
:107F60003B25752D2575293A2074696D656F7574EB
:107F70000A0000005B43595734335D20646F5F692A
:107F80006F63746C3A20676F7420756E65787065E6
:107F900063746564207061636B65742025640A00F6
:107FA0005B43595734335D20646F5F696F63746C52
:107FB0002825752C2025752C202575293A207469D3
:107FC0006D656F75740A00005B43595734335D204B
:107FD000636F7265206E6F7420696E2072657365C1
:107FE000740000006275733A7478676C6F6D0000FE
:107FF0006170737461000000616D7064755F62612F
:108000005F7773697A650000616D7064755F6D708C
:1080100064750000616D7064755F72785F6661639E
:10802000746F72006273736366673A6576656E7427
:108030005F6D7367730000005B43595734335D20F5
:108040004661696C656420746F207374617274207A
:10805000435957343300000056657273696F6E3AA6
:10806000200000005B43595734335D20636F756C0B
:1080700064206E6F742066696E642076616C69643A
:10808000206669726D776172650000005B43595725
:1080900034335D2074696D656F7574207761697420
:1080A000696E6720666F7220414C5020746F2062A9
:1080B00065207365740000005B43595734335D20BD
:1080C000636F7265206E6F74207570005B43595743
:1080D00034335D204854206E6F742072656164797A
:1080E000000000005B43595734335D204632206E58
:1080F0006F74207265616479000000005B4359571A
:1081000034335D20434C4D206C6F6164206661699F
:108110006C6564006375725F657468657261646440
:10812000720000006770696F6F7574000050F20193
:1081300000000000636F756E74727900000000002B
:108140006375725F657468657261646472000000D3
:108150000000000000000000636C6D6C6F61640043
:1081600000000000636C6D6C6F61645F7374617418
:10817000757300000000000000A050B5595E0000BB
:1081800062737300000000006D61786173736F6348
:108190000000000063636770696F696E0000000093
:1081A000000000006514000091130000911300000E
:1081B000911300009113000091130000911300002F
:1081C000911300009113000091130000911300001F
:1081D000911300009113000091130000911300000F
:1081E00091130000911300009113000091130000FF
:1081F00091130000911300009113000091130000EF
:1082000091130000911300009113000091130000DE
:1082100091130000911300009113000091130000CE
:108220000048004765140000000000000000000046
:10823000000000000000000000000000000000003E
:10824000000000000000000000000000000000002E
:10825000000000000000000000000000000000001E
:10826000000000000000000000000000000000000E
:1082700000000000000000000000000000000000FE
:1082800000000000000000000000000000000000EE
:10829000444250501860010000000000000000003F
:1082A000C51B0000C51B0000C51B0000C51B00004E
:1082B000C51B0000C51B0000C51B0000D913000032
:1082C000D513000015140000DD3D000079390000D1
:1082D0003B330000D93D0000C9350000B139000032
:1082E0001D3E00004FD50100D93A000013340000B4
:1082F0007F340000893E00008B3E0000FB38000008
:10830000AD3D00004DD50100C51B0000C51B0000A0
:10831000C51B0000C51B0000C51B0000C51B0000DD
:10832000C51B0000C51B0000C51B0000C51B0000CD
:10833000C51B0000C51B0000C51B0000C51B0000BD
:108340009FDC0000C51B0000C51B0000C51B000012
:10835000C51B0000C51B0000C51B0000C51B00009D
:10836000C51B0000C51B0000C51B0000C51B00008D
:10837000C51B0000C51B0000C51B000047FC00001A
:10838000C51B0000A3FD0000C51B0000C51B0000AD
:108390009FFD00002BFC0000C51B0000C51B00005A
:1083A000C51B0000772E01005B3301001B35010067
:1083B0006F340100DF3301001F320100C51B0000D4
:1083C000C51B0000C51B0000BD350100C51B00001A
:1083D000C51B0000C51B0000C51B0000C51B00001D
:1083E000C51B0000C51B0000C51B0000C51B00000D
:1083F000C51B0000C51B0000C51B0000C51B0000FD
:10840000C51B0000C51B0000C51B0000C51B0000EC
:10841000C51B0000C51B0000C51B0000C51B0000DC
:10842000C51B0000C51B0000C51B0000C51B0000CC
:10843000C51B0000C51B0000C51B0000C51B0000BC
:10844000C51B0000C51B0000C51B0000C51B0000AC
:10845000C51B0000C51B0000C51B000079160000ED
:1084600081160000191F0000352E0000892E000023
:10847000ED3F0000F93F000069510000D1B100005C
:10848000B9DC0000B1FB0000C13501006916000035
:108490008D1600009D1700009D180000E51B0000D0
:1084A000851C0000F51C0000791D0000251F000040
:1084B000A12E0000953F0000054000000549000086
:1084C000474C00009D4D0000A54D0000A94D000047
:1084D000C51B0000C54D0000FD4D0000054E00000D
:1084E0005B4E00005F4E00006D4E0000956C00007A
:1084F000C51B000085510000C51B0000056D000074
:108500003D94000081A2000059A30000C9A300000F
:10851000C5CA0000E5CA0000E1CE0000C1DC0000D1
:10852000D1DC00002FE2000049E4000091E80000E7
:1085300083FB000089FB00001D1701000100000003
:1085400000000008200000000002000004000000FD
:10855000FF030000500000000100000001000000C7
:108560000A070801000000000800000001040000E4
:1085700001000000040004000800010000000000E9
:1085800000000000000000000000000000000000EB
:1085900000000000000000000000000000000000DB
:1085A00000000000000000000000000000000000CB
:1085B00000000000000000000000000000000000BB
:1085C00000000000000000000000000000000000AB
:1085D000000000000000000000000000000000009B
:1085E000000000000000000000000000000000008B
:1085F000000000000000000000000000000000007B
:10860000000000000000000000000000000000006A
:10861000000000000000000000000000000000005A
:10862000000000000000000000000000000000004A
:10863000000000000000000000000000000000003A
:10864000000000000000000000000000000000002A
:10865000000000000000000000000000000000001A
:10866000000000000000000000000000000000000A
:1086700000000000000000000000000000000000FA
:1086800000000000000000000000000000000000EA
:1086900000000000000000000000000000000000DA
:1086A00000000000000000000000000000000000CA
:1086B00000000000000000000000000000000000BA
:1086C00000000000000000000000000000000000AA
:1086D000000000000000000000000000000000009A
:1086E000000000000000000000000000000000008A
:1086F000000000000000000000000000000000007A
:108700000000000000000000000000000000000069
:108710000000000000000000000000000000000059
:108720000000000000000000000000000000000049
:108730000000000000000000000000000000000039
:108740000000000000000000000000000000000029
:108750000000000000000000000000000000000019
:108760000000000000000000000000000000000009
:1087700000000000000000000000000000000000F9
:1087800000000000000000000000000000000000E9
:1087900000000000000000000000000000000000D9
:1087A00000000000000000000000000000000000C9
:1087B00000000000000000000000000000000000B9
:1087C00000000000000000000000000000000000A9
:1087D0000000000000000000000000000000000099
:1087E0000000000000000000000000000000000089
:1087F0000000000000000000000000000000000079
:108800000000000000000000000000000000000068
:108810000000000000000000000000000000000058
:108820000000000000000000000000000000000048
:108830000000000000000000000000000000000038
:108840000000000000000000000000000000000028
:108850000000000000000000000000000000000018
:108860000000000000000000000000000000000008
:1088700000000000000000000000000000000000F8
:1088800000000000000000000000000000000000E8
:1088900000000000000000000000000000000000D8
:1088A00000000000000000000000000000000000C8
:1088B00000000000000000000000000000000000B8
:1088C00000000000000000000000000000000000A8
:1088D0000000000000000000000000000000000098
:1088E0000000000000000000000000000000000088
:1088F0000000000000000000000000000000000078
:108900000000000000000000000000000000000067
:108910000000000000000000000000000000000057
:108920000000000000000000000000000000000047
:108930000000000000000000000000000000000037
:108940000000000000000000000000000000000027
:108950000000000000000000000000000000000017
:108960000000000000000000000000000000000007
:1089700000000000000000000000000000000000F7
:1089800000000000000000000000000000000000E7
:1089900000000000000000000000000000000000D7
:1089A00000F459B200000000FFF75E9F00000000D5
:1089B00000F463B100000000FFF7419D00000000DB
:1089C000FFF76D9C00000000F3F7AE980000000078
:1089D000E9F7679E00000000E5F7989D00000000A1
:1089E000E4F7829F00000000D3F77C9B00000000AA
:1089F000CFF7EC9900000000C9F7D89E00000000F6
:108A0000C8F75A9F00000000C8F7B49C000000009F
:108A1000C2F7549F00000000C0F7449C0000000013
:108A2000C0F7329A00000000BFF78C9D00000000E4
:108A3000BFF7569F00000000C2F71E9D0000000017
:108A4000E1F7C29C00000000BFF70498000000009E
:108A5000BEF7A69E00000000BDF77C9F000000004E
:108A6000BBF76D9C00000000A2F73E9D00000000D7
:108A7000B7F7E29A00000000DDF7329B000000002B
:108A8000B9F7889E00000000B2F7669B0000000066
:108A9000B2F7F69A00000000B2F77C9900000000DF
:108AA000B1F7869A00000000DAF7669C000000002B
:108AB000B0F76E9E00000000C1F7FE9A00000000B3
:108AC000AEF73B9B00000000A0F7F69D0000000001
:108AD000A0F7169C00000000ABF7F09E000000001D
:108AE000A2F7E09C00000000A2F7DE9A0000000060
:108AF000A0F7FB98000000009FF7AE9F0000000069
:108B00009EF7B699000000009DF77C9D00000000D4
:108B10009BF7329D000000009AF7F89F00000000CC
:108B2000A0F7E09E00000000A0F70F9F00000000EB
:108B300099F7DE9A00000000A0F7939C0000000067
:108B4000D7F7289F00000000D7F71C9A000000000C
:108B5000D7F7169C00000000D9F78A9C000000009F
:108B600093F7709A0000000093F7769900000000D8
:108B700093F7CD9D0000000093F77D9B000000005F
:108B800093F7B89A0000000092F7649F000000007D
:108B900092F7029D0000000092F7D29A00000000B8
:108BA00092F700990000000092F71498000000006E
:108BB00092F7129B000000008FF72499000000003C
:108BC000D7F7449B00000000D7F7129B000000007D
:108BD000D6F7989E000000008CF7539C0000000020
:108BE0008CF7939D000000008BF74B9F0000000066
:108BF0008CF78E990000000089F7749E0000000039
:108C00000000000000000000000000000000000064
:108C10000000000000000000000000000000000054
:108C20000000000000000000000000000000000044
:108C30000000000000000000000000000000000034
:108C40000000000000000000000000000000000024
:108C50000000000000000000000000000000000014
:108C60000000000000000000000000000000000004
:108C700000000000000000000000000000000000F4
:108C800000000000000000000000000000000000E4
:108C900000000000000000000000000000000000D4
:108CA00000000000000000000000000000000000C4
:108CB00000000000000000000000000000000000B4
:108CC00000000000000000000000000000000000A4
:108CD0000000000000000000000000000000000094
:108CE0000000000000000000000000000000000084
:108CF0000000000000000000000000000000000074
:108D00000000000000000000000000000000000063
:108D10000000000000000000000000000000000053
:108D20000000000000000000000000000000000043
:108D30000000000000000000000000000000000033
:108D40000000000000000000000000000000000023
:108D50000000000000000000000000000000000013
:108D60000000000000000000000000000000000003
:108D700000000000000000000000000000000000F3
:108D800000000000000000000000000000000000E3
:108D900000000000000000000000000000000000D3
:108DA00000000000000000000000000000000000C3
:108DB00000000000000000000000000000000000B3
:108DC00000000000000000000000000000000000A3
:108DD0000000000000000000000000000000000093
:108DE0000000000000000000000000000000000083
:108DF0000000000000000000000000000000000073
:108E00000000000000000000000000000000000062
:108E10000000000000000000000000000000000052
:108E20000000000000000000000000000000000042
:108E30000000000000000000000000000000000032
:108E40000000000000000000000000000000000022
:108E50000000000000000000000000000000000012
:108E60000000000000000000000000000000000002
:108E700000000000000000000000000000000000F2
:108E800000000000000000000000000000000000E2
:108E900000000000000000000000000000000000D2
:108EA00000000000000000000000000000000000C2
:108EB00000000000000000000000000000000000B2
:108EC00000000000000000000000000000000000A2
:108ED0000000000000000000000000000000000092
:108EE0000000000000000000000000000000000082
:108EF0000000000000000000000000000000000072
:108F00000000000000000000000000000000000061
:108F10000000000000000000000000000000000051
:108F20000000000000000000000000000000000041
:108F30000000000000000000000000000000000031
:108F40000000000000000000000000000000000021
:108F50000000000000000000000000000000000011
:108F60000000000000000000000000000000000001
:108F700000000000000000000000000000000000F1
:108F800000000000000000000000000000000000E1
:108F900000000000000000000000000000000000D1
:108FA00000000000000000000000000000000000C1
:108FB00000000000000000000000000000000000B1
:108FC00000000000000000000000000000000000A1
:108FD0000000000000000000000000000000000091
:108FE0000000000000000000000000000000000081
:108FF0000000000000000000000000000000000071
:109000000000000000000000000000000000000060
:109010000000000000000000000000000000000050
:109020000000000000000000000000000000000040
:109030000000000000000000000000000000000030
:109040000000000000000000000000000000000020
:109050000000000000000000000000000000000010
:109060000000000000000000000000000000000000
:1090700000000000000000000000000000000000F0
:1090800000000000000000000000000000000000E0
:1090900000000000000000000000000000000000D0
:1090A00000000000000000000000000000000000C0
:1090B00000000000000000000000000000000000B0
:1090C00000000000000000000000000000000000A0
:1090D0000000000000000000000000000000000090
:1090E0000000000000000000000000000000000080
:1090F0000000000000000000000000000000000070
:10910000000000000000000000000000000000005F
:10911000000000000000000000000000000000004F
:10912000000000000000000000000000000000003F
:10913000000000000000000000000000000000002F
:10914000000000000000000000000000000000001F
:10915000000000000000000000000000000000000F
:1091600000000000000000000000000000000000FF
:1091700000000000000000000000000000000000EF
:1091800000000000000000000000000000000000DF
:1091900000000000000000000000000000000000CF
:1091A000D41B80000400000000080000B4228000EE
:1091B000040000000808000078238000040000007C
:1091C00010080000C42780000400000018080000F8
:1091D000302880000400000020080000D81781001B
:1091E000040000002808000000D0810004000000F6
:1091F000300800001C148200040000003808000041
:109200002838820004000000400800006C668300DB
:109210000400000048080000ACAD8300040000001A
:1092200050080000080884000400000058080000EE
:109230001C1A8400040000006008000098228400CA
:1092400004000000680800002C8A8400040000006C
:1092500070080000D8BE84000400000078080000F8
:10926000C0BF8400040000008008000010C3840018
:10927000040000008808000078C984000400000091
:10928000900800002C918400040000009808000061
:109290000C4C820004000000A0080000FCD98400EF
:1092A00004000000A808000084E38400040000001B
:1092B000B008000018EC840004000000B8080000AA
:1092C0000C19850004000000C008000084C086005E
:1092D00004000000C8080000446685000400000087
:1092E000D008000010A2820004000000D80800008E
:1092F000003B850004000000E008000084B6850003
:1093000004000000E8080000E8B685000400000042
:10931000F0080000CCBA850004000000F808000046
:10932000F8C885000400000000090000B0BE8200FB
:109330000400000008090000ACD48500040000000F
:1093400010090000E09B84000400000018090000E0
:10935000B8FB8500040000002009000038E3860007
:1093600004000000280900006CEA860004000000E8
:10937000300900002825860004000000380900009C
:10938000F0C0860004000000400900003CC38600D5
:10939000040000004809000018F9860004000000DD
:1093A0005009000064FA860004000000580900001B
:1093B00044098700040000006009000010138700C2
:1093C000040000006809000010338700040000005A
:1093D000700900005C3B8700040000007809000071
:1093E000A0D98600040000008009000058DA860039
:1093F0000400000088090000B86087000400000035
:109400009009000018E086000400000098090000A0
:10941000ACE4820004000000A009000058EF8200C4
:1094200004000000A8090000E4F18200040000002C
:10943000B0090000C0F2820004000000B80900007A
:10944000D4D1870004000000C0090000D4D48700F4
:1094500004000000C8090000BCD68700040000001A
:10946000D0090000F4D9870004000000D8090000EA
:10947000C0DA870004000000E0090000DCDC87009F
:1094800004000000E8090000F8DC87000400000088
:10949000F009000088DD870004000000F8090000E2
:1094A0007CE2870004000000000A0000CCE3870093
:1094B00004000000080A0000F4E587000400000032
:1094C000100A00009026880004000000180A00001E
:1094D000A40B830004000000200A00007C0E83001F
:1094E00004000000280A000008198300040000009E
:1094F000300A00005058880004000000380A0000BC
:109500002059880004000000400A0000D46288004E
:1095100004000000480A000084698800040000007C
:10952000500A0000DC98880004000000580A00007F
:109530006846836941690BB503695A4651460EB4C2
:109540004A46414606B4C36882684168FEB403686F
:10955000C269EFF303810EB48269EFF3058106B4AB
:10956000034801680029FED06846884714B000BD52
:109570003C14000062B6704772B670470449084058
:10958000002803D003490A6802430A6070470000BC
:10959000FFFF000000E100E004490840002804D07B
:1095A00003490A68C04302400A607047FFFF000099
:1095B00080E100E002490968902288587047000065
:1095C00044140000024909689C228850704700003A
:1095D00044140000DDBAADBB000000000000000034
:1095E000000000000000000000000000000000007B
:1095F00000000000024A11681060081C704700005B
:109600003C1400005648574900220A500168564A47
:109610000A40564F0F403F4206D15046004202D00A
:109620004046004229D1FEE7FC2141580A680F2339
:1096300013400F2BF1D0012B01D00431F6E7083194
:109640004B4B13404B4CA34206D100F0C1F880466F
:1096500000F0CAF88146E9E7474CA342E6D10B1F68
:109660001B68464C23401824E3409C4600F0B0F8A9
:10967000824600F0B9F88346D8E74149212242509A
:10968000374A40498958FF23194219D051683E4B47
:10969000194215D01168344B1940D36A10E0A34227
:1096A0000ED0C0460CE039498958194208D03849D3
:1096B000895819409942FAD1364B11691942FCD0A8
:1096C00049463F4204D19823CB581024E34001E09F
:1096D000314BCB581C242340002B01D000F092F8D2
:1096E00040462E49086048462D49086050462D499D
:1096F000086060462C4908602C490F602C4D2D49AC
:109700000D602D482D49002204C08142FCD8043D43
:10971000AD46009DEC431023DD41AC4210D1240C3A
:10972000A400274D2C606B461B1B2648264D286045
:10973000002C05D01D68056004330430043CF9DCBE
:1097400081B0224B1B490D68ED1A0D606C46E41A7E
:10975000A546684600090001854600F0D7FCFEE7F3
:109760000000001814060000FFFF0000000000F0D9
:1097700000FF0F00002A0800000E0800000000FF94
:10978000E001000004060000000038001806000098
:109790000C06000000100000080400004414000043
:1097A000481400004C140000501400004014000045
:1097B00000000800945C0100BC5F01009C66010091
:1097C0009C5C01008C750200985C010000000100A7
:1097D00008680F2204310240052AF9D1014A1040DD
:1097E000F746000000F0FFFF08680F220431024036
:1097F000052AF9D180221042F6D0014A1040F746DE
:1098000000F0FFFFFEE7000000487047BC5F01006A
:1098100000487047FC5F010000487047606001002D
:10982000004870470860010003F04ABA01238B40EA
:109830002DE9F74FB3F5001F28BF4FF40013042B99
:1098400038BF04230330019320F00304FFF7E0FF47
:10985000354B0022D3F800B015469446134627E056
:10986000D1F800A0A24522D301F10807019E07EB21
:109870000A08C6F10009C4EB080609EA0606BE425A
:1098800015D3DDF8049009F1FF3919EA070FCDF877
:10989000009002D0F71B072F09D9C4EB0A075F45D8
:1098A00005D2424635466FB1BB4684460B46084654
:1098B00041680029D4D13BB91C4A184611680131CE
:1098C00011602FE084460B46521B111B072909D952
:1098D00018682A19401A08391860295159685160C6
:1098E0005A6022461968891A072903D85A68CCF8A1
:1098F000042004E05A50A1F108021A605B180C48D9
:10990000002219685A6002688A18026009480168D2
:10991000083101608918084A1068814288BF1160C7
:1099200003F10800BDE8FE8FF4030000F00300001F
:1099300014040000480400000460010038B5194B0D
:1099400050F8082C196805468A1A1A60164BA0F1BF
:1099500008041A68083A1A60FFF75AFF02E0A342A7
:1099600003D218464368002BF9D155F8082CA918E2
:109970008B4205D119685B685218083245F8082CEB
:109980006360036803F108028218A24207D155F808
:10999000082C9B18083303606368436000E0446050
:1099A000002038BD140400004804000010B5002158
:1099B0004022044605F04ADC104B2360104B6360E4
:1099C000104BA360104BE360104B2361104B63619D
:1099D000104BA361104BE361104B2362104B636289
:1099E000104BA362104BE362104B2363104B636375
:1099F000104BA363104BE36310BD00BF00000000D9
:109A0000F8370100F8370100915C0100945C010017
:109A1000BC5F0100BC5F01009C6601009C66010008
:109A2000FCB60200FCB602008C6A0300FC000000D9
:109A3000000100000000000000000000F0B52D4D06
:109A400091B06846FFF7B2FF2978002937D108980E
:109A5000099C241A06D0224605F0F8DB0898214616
:109A600009F06EDD22462449244805F015DC244B1C
:109A700000241C7001232B70224D09F091DC2B680F
:109A8000002B33D01A78002A30D09F895E890CE0F1
:109A90002B681D4AD98910680AF076DC013401462A
:109AA00030B1184B186806F0B1DBA319BB42EFDBED
:109AB000164B29681868012206F0ECDB16E0144EFC
:109AC000317899B90A980B9C241A06D0224605F0E1
:109AD000BDDB0A98214609F033DD08480D492246CE
:109AE00005F0DADB00232B700123337009F058DC1A
:109AF00011B0F0BDFC0300009AFB8800553901004D
:109B00001460010044040000900400002C040000D4
:109B10006C600100521E8900014B1868704700BF3D
:109B2000945C0100002070472DE9F04F9DB00AA819
:109B3000FFF73CFFFFF7F0FF0446FFF7F3FF0A9B38
:109B40000B9A0F99D21A0E9B0D9DC3EB0109119927
:109B5000109B6E4ECB1A0C99DFF80082C1EB050BFF
:109B600093443268D8F8001002F50052521A4A4461
:109B7000D2185A44141924180994DFF8E4A1644C4B
:109B8000644F2268DAF800506348AD183A680893C9
:109B9000C5EB020CCDF81CC005F07EDB089B09F577
:109BA0007E71019303F57E7307339B0A07310BF532
:109BB0007E72890A073202930823920A0091039366
:109BC00059464B46554805F067DB336820683968CD
:109BD000DDF81CC00190039300F57E7003F57E73E1
:109BE0000CF57E7601F57E7207300733800A9B0AFA
:109BF00007320736B60A920A029004934848634631
:109C0000009605F049DB099905F57E7201F57E7332
:109C100007339B0A0732920A00932946099B414861
:109C200005F03ADB404B414F1968414805F034DB01
:109C30003968404B0A6846469A4203D03E4805F0D0
:109C40002BDB25E01A910B4604E015683948131DFB
:109C5000854203D11A461BAB9A42F6D333681AAD3C
:109C6000009336482B461A9205F016DB3B681A9A89
:109C7000E91A3348D31A0A46009305F00DDB33681E
:109C80001A9A591B2F489B1A0A46009305F004DBC9
:109C90002D4B1B684BB31A783AB35989DD891A8961
:109CA00001FB05F638354D4306F57E7307339B12ED
:109CB0008DE8280005F57E7307339B120293234835
:109CC000334605F0E9DA2368DAF80020991B9B187F
:109CD0005B1B03F57E7001F57E720730800A073248
:109CE0000090920A1A4805F0D7DA1A4B1D6809F05D
:109CF00081DD044609F078DD2946034622461648F0
:109D000005F0CADA1DB0BDE8F08F00BF04600100A5
:109D100014040000F40300008839010097390100A1
:109D2000D63901001B3A0100F00300006860010011
:109D3000563A01004B415453713A0100953A0100E3
:109D4000CC3A0100F13A010044040000173B010045
:109D5000443B0100040400006C3B01001060010062
:109D60004804000008B57146034805F095DA012063
:109D7000BDE8084009F0249E9A3B01000048704766
:109D8000186001002DE9F34107460C4609F032DD69
:109D900010B909F035DD3AE0002620460DF1060144
:109DA0006A46ADF80660009607F103080AF072D91A
:109DB000009D28F00308454440F638039D4226D80C
:109DC0002DB328463146FFF731FD0446F8B1314640
:109DD000009A05F03BDA009BA781ED1AE218C8EB68
:109DE000050802EB0803A3606368013D62F31403F6
:109DF00063601B0C65F34F13E380204609F0DEDC43
:109E000001232080A370BDF80630E38104E0044BF9
:109E100000241A6801321A602046BDE8FC8100BFA8
:109E20004C04000038B50446E389590621D4A278D1
:109E3000013AD2B2A270002A27D1E27862B1134B64
:109E4000204653F82250E9890AF0D4D92846214601
:109E5000BDE8384006F0509ADA0516D40C4B20467F
:109E6000A360218809F0D4DC2046BDE83840FFF724
:109E700065BD074B2046A3602188A56B09F0C8DCAF
:109E80002046FFF75BFD2C46CEE738BD5061010050
:109E9000EFBEADDEF8B51F4E01220D463068002141
:109EA00002F0AAFF002108220746306802F0A4FF52
:109EB000022D014610D107EA000414F4806406D094
:109EC000306821F48061002202F096FF2C46FA04EB
:109ED0001ED544F004041BE0052D10D107F40064E6
:109EE000D4F1010438BF0024BB0511D5306841F41A
:109EF0008061002202F080FF44F0200408E035B9C0
:109F0000306829460522BDE8F84002F075BF0024FC
:109F10002046F8BD0004000029B9034B114618681B
:109F2000072202F069BF7047000400002DE9FF47D7
:109F30000446FFF723FF2368C462032B03D1474B7A
:109F400018680FF0EFD92368A3F110020F2A04D884
:109F500004B0BDE8F04709F0CF9B032B0FD1404A76
:109F6000E36C22F00102934209D1626C06339361E3
:109F7000636C4FF0FF321A6004B0BDE8F087656C87
:109F8000FFF7CAFD374E636CF169C3EB000A326814
:109F9000354805F081D9A36C21680093636C224693
:109FA0000193A36831480293E36800270393E36CAD
:109FB00005F072D9E36904F110010093236A2C487B
:109FC0000193636A4FEA9A0A0293A36AB94603931C
:109FD0000EC905F061D9A36B04F12C010093E36B6A
:109FE00024480193236CB84602930EC905F054D956
:109FF000EB682148009395E80E0005F04DD9EB6918
:10A0000005F1100100931D480EC905F045D918E06F
:10A010007A59D3070FD5FF2A0DD9194B9A4204D983
:10A0200002F16243B3F5801F05D81648394605F0A2
:10A0300033D909F101090437B9F10F0F08F101080B
:10A0400001D8D045E4D13368002043F4806386E82A
:10A05000180004B0BDE8F04709F0B29C000400000D
:10A06000D1C0800070600100C63B0100DC3B0100F4
:10A07000113C0100443C0100733C0100913C010093
:10A08000F8370100AF3C0100036810B5022B04460D
:10A0900003D0084B18680BF0BDDE2046FFF746FFE3
:10A0A0002368022B05D0034B1868BDE810400BF065
:10A0B000F19E10BD00040000014B1868704700BFFE
:10A0C000B46001002DE9F04104464C200E461546CF
:10A0D00098460AF0D1D80746A0B100214C2205F0DD
:10A0E000B5D84FF4F0637B634FF47A73FB631C23A2
:10A0F0003B640C237B640423C7F80C803E607D60C6
:10A10000BC60BB643846BDE8F081704710B515F0FF
:10A110004BFF15F059FF15F0B3F816F005F804469B
:10A1200015F06CF820461BF0D9FCFFF787FC2046A1
:10A13000BDE8104009F0AE9A002301E00133400869
:10A140000028FBD1C3F120007047C0177047431EA1
:10A1500023EA0000FFF7F9BF4840FFF7F8BF22EA03
:10A16000000208401043704708B5FFF7F8FFC0B27F
:10A1700008BD2DE9F843DDF8208006460D4614465B
:10A180009946002707E0E95DE25D3046FFF7ECFF06
:10A1900008F8070001374F45F5D1BDE8F88303798A
:10A1A000013BDBB2A3EB511300EB83008068D0F1DD
:10A1B000010038BF0020704710F0010130B51AD0FF
:10A1C00002230122591E01249DB214FA01F1202D0F
:10A1D00002D09C40013C01E04FF0FF3400FB02F54F
:10A1E0002C40A14234BF891811460133212B0A4665
:10A1F000E8D1084630BD084630BD38B5054600F503
:10A200001770FEF3BDF700240AE004F1760005EBB9
:10A210008000436813B10430FFF304F70134A4B2A3
:10A22000B5F85831A342F0D838BD2DE9F041061DEC
:10A230009AB004460431304604321D46FEF384F6DB
:10A240000746002D30D0204601210AAA202305F11F
:10A250000408FFF3FDF647B920462946FFF368F6E8
:10A260000028D4BF0020012000E001200021FFF7DA
:10A2700073FF3146054642463046FFF3FBF40121A9
:10A2800012AA20232046FFF3E3F602AEE8B20AA9A1
:10A2900012AA20230096FFF76CFF63682046012175
:10A2A00032469B0000F0AEDA1AB0BDE8F081F0B59E
:10A2B000071D9BB004460431384604321D46FFF3A7
:10A2C000D9F4064625B320230AAA01212046FFF32C
:10A2D000BFF630460021FFF73FFF2A1D06463946EC
:10A2E0003846FEF331F6012112AA20232046FFF35F
:10A2F000AFF602ADF0B20AA912AA20230095FFF72B
:10A3000038FF6368204601212A469B0000F07ADA74
:10A310001BB0F0BD2DE9F041B8B0154606468846A1
:10A32000FFF3C4F66A68044602329300502B4FD8FC
:10A33000D8F8043003339B00902B49D824A9FFF3AD
:10A3400079F50746002844D06A6805F108019200B3
:10A3500026A804F0F7DED8F8042020466946033228
:10A36000FFF368F50446002833D02846FFF3A2F631
:10A370006D686D01451B00E0203515F11F0FFBDBFB
:10A3800020464146FFF306F63DB13846294600F027
:10A3900079DA2046294600F075DA201D391DFFF3D1
:10A3A0009FF220463946FFF3C3F5002805DB20461F
:10A3B00021463A460023FFF77AFF1DB12046694245
:10A3C00000F060DA30462146FFF3E4F5012000E0BA
:10A3D000002038B0BDE8F08108B528B1FFF36AF677
:10A3E000D0F1010038BF002008BD2DE9F04104463E
:10A3F000ACB00D461646FFF359F66B6862682B94B5
:10A40000B2EB430F01D3201D08E001210022DB0045
:10A41000FFF3CAF42B9000284ED00430291DFFF31F
:10A42000DBF23046FFF7D8FF0121FFF795FE20232E
:10A430000BAA012180462046FFF30AF62B981BAD9C
:10A44000201A18BF01200121FFF786FE2B9907462D
:10A450002046FFF39FF5012113AA20232046FFF396
:10A46000F7F5F8B213A90BAA20230095FFF781FE98
:10A4700001212A4620232046FFF3EAF532462046F2
:10A480002B99FFF747FF0646B8B1012123AA2023E5
:10A490002046FFF3DDF503AE5FFA88F023A92A46D4
:10A4A00020230096FFF765FE324620460121202337
:10A4B000FFF3CEF5012600E006462B9B9C4202D01E
:10A4C0002BA8FFF3AFF530462CB0BDE8F0812DE9A5
:10A4D000F74FD2F804A007795FFA8AF991F804805F
:10A4E000144600F1080609F1FF390D4630460021F7
:10A4F000BA005FFA89F9083404F0A8DE013F08F1D8
:10A50000FF3104EB890B6FEA0909C9B24FEA8909E7
:10A51000FFB208354FEA880805EB8105CDF80490B5
:10A52000002306EB8706C8F1000900211DE05FFA51
:10A530008AF84FEA88085C46C8EB060830460027D0
:10A540000DE03A46076854F804C90023D2196F5841
:10A5500043F10003E7FB0C2340F804291F46404564
:10A56000EFD1019804393350043E4945DFD1002032
:10A57000BDE8FE8F2DE9F04FBDB088464699D0F872
:10A580000C900C1D8568039400684C6808F1040168
:10A59000049109F1040105910790114628461A46D5
:10A5A0000023FFF794FF98F8042099F804302E79DF
:10A5B0000892002109F108009A000835069306F177
:10A5C000FF3A04F043DE039805EB8A0AA500401920
:10A5D0004FEAC40B0A90CBEB0A0B5146A44600206D
:10A5E000AE462BE00B68079A0A9F53430E46099329
:10A5F0002546002002910EE057F8043931680B938C
:10A60000002342180B98099943F10003E1FB002352
:10A6100046F80429184615F1FF35EDD20299A50038
:10A620004D1B07E01E680023821943F1000345F823
:10A6300004291846AB452B46F4D304391CF1FF3CE2
:10A64000D0D2059A069B754602EB8306CBF8000034
:10A65000CEEB0A0A2246002303E05AF80310F15019
:10A66000043B013A971CF8D10021D9F80800FFF704
:10A6700073FD0599039A07460498FFF3FBF2022144
:10A680002B4640460CAAFFF3E3F40498089900EB2C
:10A69000810303E056F8042943F8042914F1FF3438
:10A6A000F8D202211CAA2B464046FFF3D1F42CAC71
:10A6B000F8B21CA90CAA2B460094FFF75AFD40469D
:10A6C000022122462B4600F09DD800203DB0BDE877
:10A6D000F08F2DE9F04F04468BB0184609921F46C3
:10A6E0000891FFF3E3F47B6804F5AC7206929B00DB
:10A6F000002200250590A4F8582107932E4668E013
:10A7000004EB8609D9F80410002960D00698FFF3FD
:10A71000D7F0804600285AD101214246079B059870
:10A72000FFF342F305F1200A04EB8A0ACAF85C0140
:10A73000D9F8040004EB8503C3F85C01FFF7FCFCC7
:10A74000C0F11F00C0B204900999DAF85C01FFF370
:10A7500021F4C146DDF810A032E04FF0010B05F105
:10A76000200884F860B204EB8808D8F85C1104F57E
:10A77000177C60460A460B46CDF80CC00097FFF7E1
:10A78000F9FE049ADDF80CC053B2C9EB03030BFACF
:10A7900003FB04EB86035B681BEA030F0AD000236C
:10A7A00084F86032D8F85C116046089A0B4600972E
:10A7B000FFF7E0FE0AF1FF3A5FFA8AFA09F10109B0
:10A7C0001AF0800FC9D00135EDB2A4F85851013606
:10A7D000F6B294F84431B34292D801200BB0BDE8F0
:10A7E000F08F2DE9F04F8346ADF52F7D18461C46BE
:10A7F00089469246FFF35AF4676801258046BE00F9
:10A8000000212422A1A804F021DD2946002233469C
:10A810004046A195FFF3C8F2294600223346AB908B
:10A820004046FFF3C1F2294600223346AC90404631
:10A83000FFF3BAF202217B198B40AD90A1AA4046EA
:10A84000FFF3B2F2AA90AB9800F008D8267904F191
:10A850000805013EF6B255F8260010F0010000F0A0
:10A8600093804946AA9A2346AC98FFF32DF72346D6
:10A87000AB99AA9AAD98FFF327F755F82600FFF792
:10A880009BFC002105464FF41E7203A804F0DEDC99
:10A8900005236A4221469AA88DF80C30FEF37CF419
:10A8A000514603A8FEF3DEF3234603A8AC99AD9A04
:10A8B000FFF70FFF9DF8507107F1FF381FFA88F876
:10A8C0000FFA88F3002B4FDB03A800EB83035968D2
:10A8D00059A8FEF3BBF61F2846D803A901EB800355
:10A8E000D3F8DC11AD98FFF355F3C8F1000800254B
:10A8F0002DE0AD9901238DF86C329AA80A460B46DB
:10A900000094FFF737FEBB1E1BB203A8EA18C3185A
:10A910005B1993F80431314601369942E9DB00EBCB
:10A920008203596891B1002359A88DF86C32FEF367
:10A930008DF61F2818D803A901EB8003AD99009468
:10A94000D3F8DC219AA80B46FFF714FE013D4545DC
:10A950004FF00006D7D19AA85946AD9AAB9B8DF817
:10A960006C620094FFF706FE03A8FFF746FCACA854
:10A97000FFF358F3ADA8FFF355F3ABA8FFF352F381
:10A98000AAA8FFF34FF301200DF52F7DBDE8F08F4E
:10A990002DE9F04FB3B0039018461C468A46934603
:10A9A000FFF384F3D4F80490012509F10107BF00F7
:10A9B00080464FEA890600213A4605A804F046DCA5
:10A9C00029460022334640460595FFF3EDF129461E
:10A9D000002233462E904046FFF3E6F1294600223E
:10A9E00033462F904046FFF3DFF1294600223346DD
:10A9F00030904046FFF3D8F102213B46319005AA42
:10AA00004046FFF3D1F12D902E98FFF327F72679DA
:10AA100004F10805013EF6B255F82600DAF8047094
:10AA200010F0010000F08B8051462D9A23462F989C
:10AA3000FFF34AF62E992D9A23463098FFF344F6F9
:10AA400055F82600FFF7B8FB7F014242214626A8B1
:10AA5000FEF3A2F3013F01E0A6F12007BEB2584683
:10AA60003146FFF79CFB0028F6D109F1FF393FB2D0
:10AA70000BF1080AA9EB67175AF82700FFF75CFBF0
:10AA8000361A3BE0309901250A460B4626A88DF878
:10AA90009C500094FFF76EFD294616AA202330989B
:10AAA000FFF3D6F230994FF000080B462F9A26A8F4
:10AAB0008DF89C800094FFF75DFD1EAA2946202397
:10AAC0003098FFF3C5F206F01F0015FA00F0A9EB6D
:10AAD00067175AF8273041461840FFF73DFB0EAF85
:10AAE000C0B216A91EAA20230097FFF742FB309898
:10AAF00029463A462023FFF385F6013EB6B237B227
:10AB0000002FBFDA00230399309A8DF89C3026A8D5
:10AB10002E9B0094FFF72EFD26A8FEF331F32FA8FD
:10AB2000FFF380F230A8FFF37DF22EA8FFF37AF254
:10AB30002DA8FFF377F231A8FFF374F2012033B0B0
:10AB4000BDE8F08F2DE9F04FBFB0039018461D46C9
:10AB500089469246FFF3AAF26E6802230124B600EA
:10AB600000278DF8F7300A233C9321463A463346B6
:10AB7000804637973B978DF8F640FFF315F1214655
:10AB80002D903A4633464046FFF30EF121462E9073
:10AB90003A4633464046FFF307F102212F903A46EA
:10ABA00033464046FFF300F1214630903A463346A3
:10ABB0004046FFF3F9F0214631903A46334640468D
:10ABC000FFF3F2F0214632903A4633464046FFF317
:10ABD000EBF0214633903A4633464046FFF3E4F02B
:10ABE000214634900DF1F60223463398FFF30AF61E
:10ABF00021460DF1F70223463498FFF303F6214670
:10AC00003A4633464046FFF3CFF0214635903A4668
:10AC100033464046FFF3C8F0214636903A46334665
:10AC20004046FFF3C1F0214638903A46334640464D
:10AC3000FFF3BAF0214639903A4633464046FFF3D7
:10AC4000B3F021463A903CAA23463098FFF3DAF558
:10AC500030982B4602462946FFF729FB03992A46DE
:10AC60002D98FFF7C2FB2B4630992D9A2E98FFF3B3
:10AC70002BF52E992A462F98FFF7B7FB2E982F9A7F
:10AC800001462B46FFF7D1FA2E98FFF7A5FB214688
:10AC9000FFF762FA29468446349A2F982B46CDF85E
:10ACA00008C0FFF704FB2E992F9A2B463198FFF727
:10ACB0006FFE4A462B4630992E98FFF305F52E98E5
:10ACC00029460246FFF374F251462E9A2B463598D8
:10ACD000FFF3FAF452462B462E982946FFF7E7FA7F
:10ACE000484629462F9AFFF363F22E982F9A014681
:10ACF0002B46FFF3E9F42F983399319A2B46FFF74F
:10AD000094FA2E992F9A2B463698FFF3DDF42023E0
:10AD100021461DAA3598FFF39BF12023214625AA41
:10AD20003698FFF395F1DDF808C00DF1540B5FFA8A
:10AD30008CF01DA925AA3346CDF800B0FFF719FA0B
:10AD4000334621465A464046FFF32EF02A46014636
:10AD500037902E98FFF749FB2E98379A01462B46DD
:10AD6000FFF3B2F44946379A2B462F98FFF3ACF421
:10AD70002E982F9A01462B46FFF757FA52463998DC
:10AD80002E992B46FFF751FA30992D9A2B462E9883
:10AD9000FFF39AF42B462E99379A3898FFF394F4E0
:10ADA00038992A462E98FFF720FB2E98389A0146AC
:10ADB0002B46FFF389F44946389A2B462F98FFF328
:10ADC00083F42E982F9A01462B46FFF72EFA52460F
:10ADD0003A982E992B46FFF728FA339A2B462E984D
:10ADE0002946FFF764FA2E982146FFF34BF52E987B
:10ADF0002B4602463999FFF7CBFD2E98FFF7ECFA68
:10AE0000214681462E98FFF3AFF2214640EA090021
:10AE1000FFF7A2F9214681461DAA20233998FFF3A6
:10AE200017F15FFA89F92023214625AA3A98FFF302
:10AE30000FF148461DA925AA3346CDF800B0FFF70B
:10AE400098F921465A4633464046FEF3ADF7202393
:10AE50003B9021461DAA3798FFF3FAF020232146A4
:10AE600025AA3898FFF3F4F00DF1140A48461DA9FD
:10AE700025AA3346CDF800A0FFF77BF9202328460A
:10AE800021461DAAFFF3E4F006F1FF393EAB9944D9
:10AE900019F8843C03F00303032B03D0444804F067
:10AEA000FBD954E03A46404621463346FEF37CF750
:10AEB0003B4680462946339A2E98FFF7B6F92E98DE
:10AEC0000221FFF3DFF42B463B992E9A4046FFF711
:10AED0005FFD21461DAA20230398FFF3B9F025AAA0
:10AEE000202321464046FFF3B3F019F8840C19F8EB
:10AEF000641C00F0010001F00101FFF72DF9294663
:10AF00002B46074642462E98FFF7D1F921461DAA47
:10AF100020234046FFF39CF0214625AA20232E98AB
:10AF2000FFF396F00AEB0605F8B21DA925AA3346F1
:10AF30000095FFF71EF92146524633464898FFF325
:10AF400061F4499821462A463346FFF35BF42DA865
:10AF5000FFF368F02EA8FFF365F02FA8FFF362F06F
:10AF600031A8FFF35FF030A8FFF35CF032A8FFF3E5
:10AF700059F033A8FFF356F034A8FFF353F035A887
:10AF8000FFF350F036A8FFF34DF037A8FFF34AF077
:10AF90003BA8FFF347F038A8FFF344F039A8FFF3CC
:10AFA00041F03AA8FFF33EF000203FB0BDE8F08F3B
:10AFB000E93C010000487047883D010000487047A7
:10AFC000103D0100004870474C3D010000487047AB
:10AFD000C43D0100012801D1FFF7F0BF022801D1D3
:10AFE000FFF7F0BF032801D1FFF7F0BF042801D11C
:10AFF000FFF7E0BF0020704700487047DC600100A9
:10B0000000487047305D0100014B43F82010704745
:10B0100050610100034B53F82000431A584240EBA3
:10B02000030070475061010042893C2928BF3C2140
:10B03000034691422CBF0846104698817047000095
:10B0400000F13402342A08B5034606D90548202108
:10B05000054A04F061D9034808BD044A434252F846
:10B06000230008BD306101007F3E01000CA2880072
:10B0700038B5049C1D467CB1FF2B0DD002B95BB9DD
:10B080006B1C2070A170637025B11146E01C2A462C
:10B0900004F058D803356419204638BDC0F3804009
:10B0A00070470000044B00F44032134303420CBFCE
:10B0B00000200120704700BFD091540038B50546EC
:10B0C000FFF7F0FF38B10B4B2B4033B915F4900468
:10B0D00018BF182402E0044600E01024284605F0BA
:10B0E000BDDF20B1034B2B40002B18BF102420469E
:10B0F00038BD00BFC4D1040000487047685D01003E
:10B1000000487047785201000020704708B5FFF7EB
:10B11000F3FF41780278012313FA01F113FA02F2E6
:10B120000A4381788B4042EA030008BD2DE9F743CA
:10B130004FF0000804460F4616469946454601233F
:10B1400003FA08F313EA090F2BD063692046222B78
:10B150000ADDE3695A0607D540F6270100220EF002
:10B16000AFDA0146204600E000214FF4C4620EF041
:10B1700047D9C0F8008063692046222B0ADDE369C5
:10B180005B0607D540F6270100220EF099DA01464A
:10B19000204600E0002140F224620EF031D903681D
:10B1A0001D4308F10108B8F11F0FC8D19DF82830E0
:10B1B0004BB145B10123009320462B463946324618
:10B1C000FFF7B4FF05432846BDE8FE83816838B524
:10B1D00040F63C039942044628D1C3680B2B03D8A0
:10B1E0004FF0A871994001D40C2B1FD949F21823B4
:10B1F0009A4205D049F640439A4217D10C4D00E0DF
:10B200000C4D63692046222B0ADDE369590607D5F8
:10B2100040F6270100220EF053DA0146204600E0F6
:10B22000002140F2DC620EF0EBD8056038BD00BFB3
:10B2300099010100B601010038B543690446222B8B
:10B240000ADDC3695D0607D540F6270100220EF02E
:10B2500037DA0146204601E0204600214FF4C06263
:10B260000EF0CED80568204605F07C05AD08FFF746
:10B2700047FF03E08378AB4207D00C3010B103885E
:10B28000002BF7D12046FFF73FFF03884FF47A7079
:10B29000584338BD70B5044616460D460AF0B0DD79
:10B2A00094F86023094B002818BF0123012A94F861
:10B2B000682308BFD4F85C33012A0CBFD4F8642398
:10B2C0006FF000422B60326070BD00BF0100820E43
:10B2D0002DE9FF471D46436990460022222B044674
:10B2E00089460292039209DDC3695F0606D540F6DE
:10B2F00027010EF0E5D90146204601E02046002155
:10B300004FF4C4620EF07CD80560236A20460C2BF3
:10B31000636916DD222B0ADDE3695E0607D540F678
:10B32000270100220EF0CCD90146204600E0002182
:10B330004FF4C5620EF064D807683F0CBF05BF0D1F
:10B3400014E0222B0ADDE369590607D540F62701F0
:10B3500000220EF0B5D90146204600E000214FF44E
:10B36000C5620EF04DD807683F0AFFB20123AB401B
:10B3700000262046494642460096FFF7D7FE05467E
:10B38000012212FA06F32B4207D0009220464946CA
:10B390004246FFF7CBFE25EA000501361F2EEFD10E
:10B3A000204602A903AAFFF775FF029B002625EAA3
:10B3B000030A35460123AB4013EA0A0F08D02046A2
:10B3C00049464246EBB2FFF783FF864238BF064646
:10B3D00001351F2DEED1B81C801904B0BDE8F087EF
:10B3E0002DE9F041069E044615461F46FFF78EFEE6
:10B3F000002870D010EA060800EA07072CD063691D
:10B400002046222B0ADDE3695A0607D540F62701BC
:10B4100000220EF055D90146204600E0002140F2FE
:10B420001C620DF0EDDF63690646222B20460ADD23
:10B43000E3695B0607D540F6270100220EF040D9EC
:10B440000146204600E0002140F21C620DF0D8DFEA
:10B45000036843EA08033360002F2BD0636920465A
:10B46000222B0ADDE3695E0607D540F6270100229C
:10B470000EF026D90146204600E000214FF4C362B9
:10B480000DF0BEDF63690646222B20460ADDE36924
:10B49000590607D540F6270100220EF011D90146C2
:10B4A000204600E000214FF4C3620DF0A9DF0368DD
:10B4B0001F433760079B9A0305D4BDE8F0810A203B
:10B4C00008F0C8DB01E040F2DD54D5F8E0319B0321
:10B4D00001D4013CF3D1BDE8F081F7B51E464369C4
:10B4E0000446222B0F4615460BDDC3695A0608D5C4
:10B4F00040F6270100220EF0E3D8009701462046CF
:10B5000002E00097204600214FF0FF334FF4CA625B
:10B510000EF026DC6369222B0CDDE3695B0609D59E
:10B5200040F62701204600220EF0CAD800960146B8
:10B53000204602E000962046002140F254622B464D
:10B540000EF00EDCFEBDF7B51E4643690446222B05
:10B550000F4615460BDDC3695B0608D540F627018B
:10B5600000220EF0ADD800970146204602E0009779
:10B57000204600214FF0FF334FF4CB620EF0F0DB9A
:10B580006369222B0CDDE369590609D540F62701D2
:10B59000204600220EF094D800960146204602E094
:10B5A00000962046002140F25C622B460EF0D8DB6C
:10B5B000FEBDF7B51E4643690446222B0F461546CD
:10B5C0000BDDC369590608D540F6270100220EF0AD
:10B5D00077D800970146204602E0009720460021D8
:10B5E0004FF0FF334FF4CC620EF0BADB6369222BCD
:10B5F0000CDDE3695A0609D540F6270120460022F2
:10B600000EF05ED800960146204602E000962046E5
:10B61000002140F264622B460EF0A2DBFEBD4369BE
:10B6200013B5222B04460DDDC3695B060AD540F62F
:10B63000270100220EF044D84FF4806301460093A6
:10B64000204604E04FF480630093204600214FF42D
:10B65000C0620EF085DB1CBD2DE9F04F013AD2B27D
:10B66000082A85B004469A4615D8374B9E5C374B5E
:10B670009F5C374B13F80290364B9B5C0393364B21
:10B6800013F802B0354B9B5C0293354B13F80280E4
:10B69000344B9D5C07E00025A8460295AB46039518
:10B6A000A9462F462E466369222B0DDDE3695B0612
:10B6B0000AD540F62701204600220EF001D8CDF829
:10B6C00000900146204603E0CDF80090204600217E
:10B6D0004FF0FF334FF4CB620EF042DB6369222B55
:10B6E0000FDDE36958060CD540F6270120460022FD
:10B6F0000DF0E6DF07EA0A03B34001460093204657
:10B7000005E007EA0A03B34020460093002117FA38
:10B7100006F340F25C620EF023DB039B83B148FA30
:10B720000BF208EA0A0848FA0BFB2046029C29465D
:10B73000A2400BFA04F305B0BDE8F04FFFF703BFDA
:10B7400005B0BDE8F08F00BF5C51010065510100FC
:10B750006E5101007751010080510100EC5301004E
:10B76000F8510100015201002DE9F84304468946D1
:10B770000DF040DE0021064620460EF0EBDB804651
:10B780002046FFF7B9FC074620460EF055DA494639
:10B79000054642463B782046FFF79AFD0B230230D0
:10B7A0005843074B3146EB18B3FBF5F545432046AC
:10B7B0000EF0D0DB0A23B5FBF3F5A8B2BDE8F883A1
:10B7C0003F420F0038B543690446222B0ADDC369A6
:10B7D0005D0607D540F6270100220DF071DF014616
:10B7E000204601E02046002140F214620DF008DE00
:10B7F00063690568222B20460ADDE369590607D5EF
:10B8000040F6270100220DF05BDF0146204600E0F4
:10B81000002140F214620DF0F3DD03689D4214D064
:10B8200063692046222B0ADDE3695A0607D540F6F4
:10B83000270100220DF044DF0146204600E00021F0
:10B8400040F214620DF0DCDD0568284638BD38B5DD
:10B850001C461D68FFF7B6FF03462360401B38BD3A
:10B860002DE9F743002504460F46164698469DF8F5
:10B8700028900195FFF7A6FF019063692046222BCF
:10B880000ADDE3695B0607D540F6270100220DF0CB
:10B8900017DF0146204600E000214FF4C2620DF0A0
:10B8A000AFDDB9F1010F006801D108B90EE050B960
:10B8B000B8EB451F09D920463946324601ABFFF7A0
:10B8C000C6FF2D18D9E7002000E001200B9B6D0179
:10B8D0001D60BDE8FE832DE9F04F002685B080464F
:10B8E000894692460396012503AF40464946524693
:10B8F00043F6982300950197FFF7B2FF044688B9F5
:10B900008DE881004023404649465246DDF80CB0A0
:10B91000FFF7A6FF039B38B99B445E4443F6972389
:10B920009E42E0D9284600E0204605B0BDE8F08FF1
:10B930002DE9F843994643690446222B0E461546E5
:10B94000DDF82080099F0ADDC3695A0607D540F655
:10B95000270100220DF0B4DE0146204601E020461A
:10B9600000214FF4C3620DF04BDD03682046C9F897
:10B9700000306369222B0ADDE3695B0607D540F6D8
:10B98000270100220DF09CDE0146204600E0002148
:10B9900040F21C620DF034DD03682046C8F8003028
:10B9A000D5F8E0313B60FFF7B1FB0746002872D0C5
:10B9B000D5F8E031990304D4204631462A46FFF7F2
:10B9C0008AFF63692046222B0ADDE3695A0607D500
:10B9D00040F6270100220DF073DE0146204600E00C
:10B9E00000214FF4C3620DF00BDD63690646222B84
:10B9F00020460ADDE3695B0607D540F627010022F1
:10BA00000DF05EDE0146204600E000214FF4C362E7
:10BA10000DF0F6DC0368FF433B403360636920466A
:10BA2000222B0ADDE3695E0607D540F627010022D6
:10BA30000DF046DE0146204600E0002140F21C6287
:10BA40000DF0DEDC63690646222B20460ADDE36941
:10BA5000590607D540F6270100220DF031DE0146D8
:10BA6000204600E0002140F21C620DF0C9DC0368B2
:10BA700040F2DD541F40376002E00A2008F0EAD8A7
:10BA8000D5F8E0319A0301D5013CF6D16420BDE838
:10BA9000F84308F0DF98BDE8F88337B5044601ABFA
:10BAA0004FF400616A460EF063DA63692046222B88
:10BAB0000ADDE3695D0607D540F6270100220DF097
:10BAC000FFDD0146204600E000214FF4CE620DF07C
:10BAD00097DC056815F0005316D063692046222BC9
:10BAE0000ADDE369590607D540F6270100220DF06B
:10BAF000E7DD0146204600E000214FF4CE620DF064
:10BB00007FDC0560012500E01D4620469DE806001B
:10BB10000EF04CD928463EBD70B504460E460DF0D9
:10BB200069DC0021054620460EF014DA3146024653
:10BB30002046FFF781FB2946064620460EF00ADA2A
:10BB4000304670BD014B1860704700BF9461010022
:10BB5000F8B5484F04463A68002A40F089804369A6
:10BB6000222B09DDC3695B0606D540F627010DF0DF
:10BB7000A7DD0146204601E02046002140F2146284
:10BB80000DF03EDC63690568222B20460ADDE3697F
:10BB90005E0607D540F6270100220DF091DD014633
:10BBA000204600E0002140F214620DF029DC036819
:10BBB0009D4214D063692046222B0ADDE3695906B1
:10BBC00007D540F6270100220DF07ADD0146204618
:10BBD00000E0002140F214620DF012DC056842F230
:10BBE000107008F037D863692046222B0ADDE3691C
:10BBF0005A0607D540F6270100220DF061DD014607
:10BC0000204600E0002140F214620DF0F9DB636988
:10BC10000668222B20460ADDE3695B0607D540F65D
:10BC2000270100220DF04CDD0146204600E00021F6
:10BC300040F214620DF0E4DB03689E4214D06369A5
:10BC40002046222B0ADDE3695E0607D540F6270170
:10BC500000220DF035DD0146204600E0002140F2D3
:10BC600014620DF0CDDB0668751B642675433D60DC
:10BC70003868F8BD946101002DE9F74F0446884605
:10BC800091461F460DF0E8DF8346002840F0D9803A
:10BC900020460DF0AFDB5946824620460EF05AD9B9
:10BCA000636905462D2B0CD1D0F8F430B9F1000FA3
:10BCB00002D023F0007301E043F00073C5F8F430C4
:10BCC000B8E02046FFF718FAC37801269E4000F03E
:10BCD000B180B9F1000F5ED063692046222B0ADDE6
:10BCE000E369590607D540F627015A460DF0E8DC0E
:10BCF0000146204600E000214FF4C3620DF080DBD6
:10BD0000036841463B6043EA06070123009320464F
:10BD10003B462A46FFF70AFA63690743222B20466F
:10BD20000ADDE3695A0607D540F6270100220DF027
:10BD3000C7DC0146204600E000214FF4C3620DF04D
:10BD40005FDB414607602A462046FFF7C4FD4FF4FB
:10BD50007A7007F07FDF40F2DD5702E00A2007F03B
:10BD600079DF63692046222B0ADDE3695B0607D58C
:10BD700040F6270100220DF0A3DC0146204600E03A
:10BD8000002140F20C620DF03BDB0368334242D1EC
:10BD9000013FE3D13FE03A689AB963692046222B1C
:10BDA00009DDE3695F0606D540F627010DF088DC62
:10BDB0000146204600E000214FF4C3620DF020DB75
:10BDC000026822EA06070123009320463B464146CB
:10BDD0002A46FFF7ABF96369074337420CBF0026D9
:10BDE0000126222B20460ADDE369590607D540F6D5
:10BDF000270100220DF064DC0146204600E000210E
:10BE00004FF4C3620DF0FCDA414607602A46204633
:10BE1000FFF761FD00E0012640F22D1702E00A2045
:10BE200007F018DF2B6903F48053B3EB063F01D012
:10BE3000013FF4D12046514603B0BDE8F04F0EF06B
:10BE4000899803B0BDE8F08FF0B589B004460D467F
:10BE500006AA07AB4FF400610EF08AD829462046A7
:10BE6000FFF75AFE4FF47A760022B0FBF6F613463F
:10BE700002212046FFF79DFB00220746134600F0F3
:10BE80000F0503212046FFF794FB4FF680733B40DC
:10BE9000DF094FF4000320F07F42009303A804A9B8
:10BEA000334603F09DDE05A80399049A18237743CF
:10BEB00003F0DADE05B92D60059A4FF400630093B4
:10BEC0004FF4805303A804A9BA1893FBF5F303F0C9
:10BED00087DE02A80399049A0C2303F0C5DE2046EE
:10BEE0000699079A0DF062DF029809B0F0BD10B50F
:10BEF00004460DF0E7DE01462046BDE81040FFF79E
:10BF0000A3BF70B504461646FFF7F1FF6369054607
:10BF1000222B20460ADDE3695B0607D540F62701A0
:10BF200000220DF0CDDB0146204600E000214FF459
:10BF3000CC620DF065DA04230360D6F864364FF462
:10BF40007A70DBB2B5FBF3F5684370BD70B504469B
:10BF50000E460DF04FDA0021054620460DF0FADFBF
:10BF6000314602462046FFF7CCFF294606462046CA
:10BF70000DF0F0DF304670BDFFF7E8BF37B504467F
:10BF8000FFF7B5FF4FF400616A4601AB0546204656
:10BF90000DF0EEDF0022134620460421FFF709FBD7
:10BFA00000F47F40030A00B91B60B5FBF3F520469F
:10BFB0009DE806000DF0FADE28463EBD70B5044649
:10BFC0000E460DF017DA0021054620460DF0C2DFBF
:10BFD000314602462046FFF77EFC2046FFF78CF8EC
:10BFE00063690646222B20460ADDE3695A0607D517
:10BFF00040F6270100220DF063DB0146204600E0F9
:10C00000002140F20C620DF0FBD9F378012111FA06
:10C0100003F3026829461A420CBF00260126204677
:10C020000DF098DF304670BD70472DE9FF47836EF5
:10C03000002204460D460292039263B1D0F8CC1060
:10C0400000EB8101D1F8D400216E884205D1606EE9
:10C050009847814602E0994600E0914620460DF05F
:10C06000C9D90021824620460DF074DF02A980461E
:10C0700003AA2046FFF70EF9029F00260396F7B1A8
:10C080003B462046294642460096FFF74FF8636933
:10C090003843222B029020460ADDE369590607D572
:10C0A00040F6270132460DF00BDB0146204600E04A
:10C0B00000214FF4C3620DF0A3D9029B0360039EDD
:10C0C000FEB1002733462046294642460097FFF737
:10C0D0002DF863693043222B039020460ADDE36983
:10C0E0005A0607D540F627013A460DF0E9DA01462F
:10C0F000204600E0002140F21C620DF081D9039B34
:10C100000360294642462046FFF7E5FB204651469C
:10C110000DF020DFE36E5BB1D4F8CC2004EB82029B
:10C12000D2F8D410226E914202D1606E49469847EF
:10C13000BDE8FF8710B500220C4608F0B1D8A0B9C1
:10C140000A4B1B688BB11A787AB1DA8994420CD801
:10C15000184604F0E1D820B1054B1A6801321A6084
:10C1600010BD044B1A6801321A6010BD440400006F
:10C17000986101009C610100037E2BB14069D0F100
:10C18000010038BF0020704701207047014B03EBCE
:10C19000C0007047A0610100014B03EBC000704775
:10C1A000C061010070B50C46164609F0B3DD80B1E0
:10C1B00000252846FFF7F0FF03681BB980E8500010
:10C1C000184670BD0135EDB2042DF2D14FF0FF30AD
:10C1D00070BD4FF0FF3070BD6FF0160070477047B4
:10C1E0007047000003682DE9F041C0F82031436832
:10C1F0000022C0F824318368C0F82831C368C0F831
:10C200002C310369C0F830314369C0F83431836997
:10C21000C0F83831C369C0F83C3100F59073534E13
:10C220001C69DF699559D3F814C07D194FEAB4171A
:10C2300087EAF42787EA7467ED199F6927EA0407FC
:10C2400004EA0C047C402C198D1811F802C0EF7818
:10C25000043247EA0C6795F801C0AD7847EA0C470D
:10C2600047EA05256419DD61DD68402A2544DD6063
:10C2700093E8A01087EA0C0808EA05080CEA070C06
:10C2800088EA0C074FEAB50C8CEA753C8CEAB55588
:10C290003D442C4443F8044DC1D100F1E00306F1C4
:10C2A0003C0500F120071A6955F8044FD9695E6909
:10C2B00061184FEAB21484EAF22484EA726409191C
:10C2C0009C69D3F85CC024EA0204324062409E6B51
:10C2D0005C6A66444FEA744C8A188CEAF44C996D97
:10C2E0008CEA942434194FEAF11686EAB14686EABC
:10C2F000D10161185218D961D9688918D96093E8B9
:10C30000520084EA060C0CEA010C26408CEA060472
:10C310004FEAB10686EA713686EAB151611889188A
:10C3200043F8041DBB42BED1036842685918436AF2
:10C330000160D31843608268836AD3188360C2683F
:10C34000C36AD318C3600269036BD31803614269DF
:10C35000436BD31843618269836BD3188361C269CD
:10C36000C36BD318C361BDE8F08100BFC0540100A6
:10C37000F0B5034696100F46002510E057F8044B21
:10C3800001354FEA146C83F800C04FEA144C83F86F
:10C3900001C04FEA142C83F802C0DC700433B542AC
:10C3A000ECDB26EAE67312F0030200EB83000AD00E
:10C3B00051F823401821002334FA01F5C554013304
:10C3C00008399342F8DBF0BD00487047645401001F
:10C3D000D0F8B43170B5D318934204460E461546D2
:10C3E000C0F8B43104D2D0F8B0310133C0F8B03164
:10C3F000D4F8AC21AB183F2B0AD8A21802F5B670BE
:10C4000031462A4602F09EDED4F8AC315D1925E0B3
:10C41000E2B1A0183146C2F1400200F5B67002F058
:10C4200091DED4F8B831201D04F5B6719847D4F8E0
:10C43000AC31C3F14002403BB6185D1906E031460D
:10C44000D4F8B831201D98474036403D3F2DF6DCEA
:10C4500004F5B67031462A4602F074DEC4F8AC51D9
:10C4600070BD0000012910B5044640F8041B05D139
:10C470000A4B0B49C4F8B831142204E0094B0A49AD
:10C48000C4F8B831202202F05DDE0020C4F8AC010F
:10C49000C4F8B001C4F8B40110BD00BF0D430000E2
:10C4A000C055010045400000A0540100F8B5044605
:10C4B00000F5AA760D4600F58A772146304614220B
:10C4C00002F040DE30696649726841183068331FF7
:10C4D00001EBF061F06820EA020CB06810408CEAD1
:10C4E0000000091846F8041C687895F800C000049C
:10C4F00040EA0C6095F803C04FEAB20240EA0C0033
:10C5000095F802C0043540EA0C2041189F42306182
:10C5100046F8041C72601E46D4D304F58275306957
:10C520004F497268411853F80409F76801EBF0614C
:10C53000B06827EA0207104078400918376BF069A5
:10C540004FEAB2027840B76C72607840376D78403D
:10C550004FEAF0703061081846F8040C043EAB4214
:10C56000DDD804F1B4061A4615693E4950686918C9
:10C5700053F80459D76801EBF561956845407D4053
:10C580004919176BD5694FEAB0007D40976C506030
:10C590007D40176D7D404FEAF57515614D1942F8E4
:10C5A000045C043AB342DFD804F1640C1A461569FE
:10C5B0002D49101D691853F80459C1C801EBF561E4
:10C5C00086EA07050540374085EA07068919D569D7
:10C5D000166B4FEAB0007540966C50607540166D52
:10C5E00075404FEAF57515614D1942F8045C043A3F
:10C5F0006345DCD804F114061D691C4958686918A4
:10C600001D68DF6801EBF5619D681A4645407D4075
:10C6100049191F6BDD694FEAB0007D409F6C58607F
:10C620007D401F6D7D404FEAF57549191D6143F846
:10C63000041C043B9E42DFD3236859182160136811
:10C640006168CB1863605368A168CB18A360E16888
:10C650009368CB18E3602169D368CB182361F8BDD8
:10C660009979825AA1EBD96EDCBC1B8FD6C162CA04
:10C6700030B5034685B00C4615466846194607F0A6
:10C68000B3DE20466946102DB4BF2A46102202F0C0
:10C6900059DD05B030BD07F0039F08B507F0ECDEAB
:10C6A000002008BD38B504460D46FFF78DFE034651
:10C6B000E4B10022226062600122AA4001680A42BD
:10C6C0000AD100F114014069024204D103F12801AA
:10C6D0009B6A1A420DD00B4604F11000636025607E
:10C6E000A0609B6829469847002038BD6FF0010084
:10C6F00038BD6FF0160038BD08B5436813B1DB686C
:10C700008068984708BD08B5436813B11B69806805
:10C71000984708BD013806289ABF024B18560020DA
:10C72000704700BFD4550100F8B5044600680E46B6
:10C730001546FFF7EFFF00284AD0D4F8AC2180213E
:10C74000A31883F86C11531CA842B8BF0546382BB8
:10C75000C4F8AC3111D9A01800F5B6700021C2F1AF
:10C760003F02013002F072DDD4F8B831201D04F52B
:10C77000B67198470023C4F8AC31D4F8AC2100213D
:10C78000A01800F5B670C2F1380202F05FDDD4F8EF
:10C79000B021D4F8B431D20042EA5372DB00C4F8BD
:10C7A000B021C4F8B431082204F5D27004F5D87170
:10C7B000271DFFF7DDFD384604F5B671D4F8B83112
:10C7C0009847304639462A46BDE8F840FFF7D0BDC5
:10C7D000F8BD07280AD84FF0C243834004D44FF075
:10C7E000F053834004D401E040207047002070479C
:10C7F000802070472DE9F0470C46B0B090469A462D
:10C800000746002846D00846FFF784FF81462046A9
:10C81000FFF7DFFF5045064607F1800513DA214692
:10C820002846FFF73FFF414652462846FFF764FF80
:10C83000284620A94A46FFF766FF4E45B4BFB246D8
:10C84000CA460DF18008002309E018F8032082F0A1
:10C85000360182F05C020DF80310FA54013353459F
:10C86000F3DB2AEAEA7A07E036230DF80A305C2384
:10C8700007F80A300AF1010AB245F5DB21462846DD
:10C88000FFF710FF044638B9284669463246FFF7DD
:10C8900033FF01E06FF00104204630B0BDE8F087BF
:10C8A00010B18030FFF728BF70472DE9F843DDF85D
:10C8B000208004461546994661B10E46002707E0E0
:10C8C00032881AB120467168FFF7EAFF013708364F
:10C8D000AF42F5DBB9F1000F09D0B8F1000F06D077
:10C8E000204649464246BDE8F843FFF7D9BFBDE8B8
:10C8F000F8832DE9F0478A4690B090460646002816
:10C900002BD0D0F8807000F180043846FFF761FF2B
:10C9100081463846FFF7FEFE05462A462046694610
:10C92000FFF7F1FE39462046FFF7BCFE20463146B0
:10C930004A46FFF7E1FE204669462A46FFF7DCFE3D
:10C94000204669462A46FFF7DEFE504669464545C1
:10C95000B4BF2A46424602F0F5DB10B0BDE8F087CE
:10C96000F0B51446ADF5337D07460E461D4602A8C8
:10C97000234639463246FFF73DFF044660B9BA9B6D
:10C9800002A800932946B89AB99BFFF78EFF02A828
:10C99000BB99BC9AFFF7ADFF20460DF5337DF0BD86
:10C9A0002DE9F04F93B01E9F81468B4692461C4660
:10C9B0001F9D002F68D0002D68D02BB1184602F0C3
:10C9C000F1DC00F1010800E098464846FFF7A2FEBE
:10C9D000064600285CD0431EEB1893FBF0F3FF2BB8
:10C9E000079355DC4FF6FF73984551DC1D9A9A4228
:10C9F0004EDC2B4BADF83420002C08BF1C461C9B92
:10CA000001220E9312AB03F8012D10930323009320
:10CA10000023ADF82400ADF83C2001930293A84216
:10CA2000D4BF049004955946484652460BAB0C942B
:10CA30000A97ADF82C800397FFF792FF0446002871
:10CA40002AD14FF0020819E0AD1B002D0A9723DD13
:10CA500004230093002301930293BF1948465946CB
:10CA6000524609AB8DF847800397B542D4BF049571
:10CA70000496FFF775FF08F1010860B9079A08F1FD
:10CA8000FF339342E0DD07E03C4605E02C4603E03F
:10CA90006FF0160400E00446204613B0BDE8F08FA6
:10CAA00005EA89000B4B10B51A681C46904204D168
:10CAB0005A68914201D1184610BD6369054A9842EF
:10CAC00006D19069143281420CBF1046002010BD7F
:10CAD000002010BD6C5D010073B504460CF0F6DE5D
:10CAE00014237422204640F60C410CF04FDE204601
:10CAF000012104220DF030D82046022104220DF03D
:10CB00002BD801250021204640F61C624FF0FF3350
:10CB100000950CF0A7DE112300930021204640F67B
:10CB200018624FF0FF330CF09DDE41F202130093C8
:10CB30000021204640F644424FF0FF330CF092DED5
:10CB4000F32320464FF45E614FF0FF320CF01EDEFF
:10CB50000023204640F6F8514FF0FF320CF016DE6D
:10CB60000023204640F6E4514FF0FF320CF00EDE79
:10CB70000823204640F6EC514FF0FF320CF006DE61
:10CB80000023204640F6E8514FF0FF320CF0FEDD66
:10CB9000DB2320464FF45D614FF0FF320CF0F6DDF1
:10CBA0000C220023204640F654410CF0EFDD284BC8
:10CBB00000210093204640F6BC524FF0FF330CF0AA
:10CBC00051DE244B29460093204640F6BC524FF0DC
:10CBD000FF330CF047DE204B02210093204640F645
:10CBE000BC524FF0FF330CF03DDE2A462B46204668
:10CBF00040F624610CF0CADD40F6FF73009300217B
:10CC0000164E204640F6B4524FF0FF330CF02ADEA9
:10CC10000021204640F6B8524FF0FF3300960CF04A
:10CC200021DE4BF6982300932946204640F6B85261
:10CC30004FF0FF330CF016DE20464FF45C614FF0EE
:10CC4000FF32334602B0BDE870400CF09F9D00BF3C
:10CC5000101112131415161718191A1B10325476C6
:10CC600013B50C4602B949B1084913B10B681C4011
:10CC700003E00B681C4324EA0304224000920021D5
:10CC8000702223460CF0BADB1CBD00BFA4040000D8
:10CC900013B5144642690A2A0FDD29B1012905D0CE
:10CCA00002290AD1842202E0782200E07C2200934B
:10CCB000002123460CF0A2DB01E04FF0FF301CBD49
:10CCC0002DE9F04104460CF07BDF00210A460B46BB
:10CCD00007462046FFF7C4FF00210A460B460646DA
:10CCE0002046FFF7D5FF00220546022120461346C5
:10CCF000FFF7CEFFD4F8788015E0D8F8083083B17C
:10CD000098F80420002AD8F80C200CBF2846384692
:10CD100000EA020012D03240904202D0D8F800104F
:10CD20009847D8F81080B8F1000FE6D12046414668
:10CD30002A462B46BDE8F041FFF7AABF0028EDD1F7
:10CD4000EFE74FF48030704738B500251D70D1F8FB
:10CD5000CC304FF4006113602A4604460DF0ECD845
:10CD6000054638B1D0F8E031DA0103D4204601217C
:10CD70000DF0BCDC284638BD73B504460DF02AD84A
:10CD800018B920460DF0D2D860B3204621466A4635
:10CD90000DF10703FFF7D8FF0646C0B140F22D158D
:10CDA00002E00A2006F056DFD6F8D431180706D480
:10CDB000013DF6D103E00A2006F04CDF01E040F22D
:10CDC0002D15D6F8D431590701D5013DF3D12046B0
:10CDD00000210DF08BDC9DF807301BB9204600992F
:10CDE0000DF0B8D87CBD10B5044607F0CDD820466C
:10CDF000FFF7C2FF012010BDF0B585B004460D4617
:10CE000017460DF093D8002800F09480A66E6EB1FE
:10CE1000D4F8CC3004EB8303D3F8D420236E9A42A9
:10CE200003D1606EB047064600E00026204621464A
:10CE300002AA0DF10F03FFF787FF002863D0082F28
:10CE400061D8DFE807F005141C2735404A550D006E
:10CE50000095204600214FF49C724FF0FF334EE0C6
:10CE60000021009120464FF49C720B4647E04FF0A2
:10CE7000FF330093204600214FF49A723FE00021D7
:10CE800020464FF4EC720B4600910CF0B7DA00F03C
:10CE9000010539E025B1202300932046002103E05D
:10CEA00002230093204629464FF4E872222326E00D
:10CEB000002120464FF49A720B4600910CF09EDA46
:10CEC000C0F3C02520E0002120464FF4E0720B465D
:10CED00000910CF093DAC5B216E0002120464FF421
:10CEE0009A720B4600910CF089DAC0F340250BE0F2
:10CEF000EDB20095204600214FF4E072FF230CF0C4
:10CF00007DDA054600E001259DF80F301BB920466B
:10CF100002990DF01FD8E36E6BB1D4F8CC2004EB6E
:10CF20008202D2F8D410226E914204D1606E314652
:10CF3000984700E00546284605B0F0BD0048704718
:10CF4000C05D01000020704710B50C4641B18B68F0
:10CF500023B9C06F09680EF029DBA060A06810BD7E
:10CF6000C06F10BD1FB5084A03460092074A084625
:10CF70000192074A0749126802921A68064B02F0AA
:10CF8000D5DB05B000BD00BF1456010040390100DB
:10CF900090600100E55501000856010008B1D0F885
:10CFA00088007047642910DC632921DA4A291FD0E0
:10CFB00005DC07291FDB08291ADD3C2912E050296E
:10CFC00016D018DB5C39032911E0C32904DCC2291F
:10CFD0000EDAA83902290AE0B1F5847F08D003DC13
:10CFE000B1F5807F07D103E0A1F58971012902D84D
:10CFF0006FF0160070470020704700207047C88807
:10D0000010F0080018BF6FF0160070474A6810B59E
:10D0100093424C8829DBE30603D503681B7E002B73
:10D0200026D1210703D503681B7E002B23D0A2063F
:10D0300002D5437E002B21D0630722D414F00303D2
:10D0400022D002994CF05EDE00281FD0E10702D505
:10D050008379002B1DD114F002041DD08379002B9D
:10D060000CBF6FF00500002010BD6FF0010010BD77
:10D070006FF0040010BD6FF0030010BD6FF00A00E8
:10D0800010BD6FF0160010BD184610BD6FF01D00EA
:10D0900010BD6FF0060010BD204610BD37B5054627
:10D0A000900723D58C6A0CB3A168226963680905CF
:10D0B000C3F30043117A44BF43F00203DBB211B162
:10D0C000D2F8080101E0D2F804017F228DE80C00BB
:10D0D0000022383004F13C01134675F081DB28460C
:10D0E000214603B0BDE830407CF0E69F03B030BD80
:10D0F0002DE9F04F87B000230F4610AC159904932B
:10D1000005938046934694E87002DDF850A04CF0F9
:10D11000F9DDB7F90630002B1ADA1BF0010FB988D8
:10D120003A890CD04900CDF800900196CDF80890CE
:10D13000CDF80CA0D8F810000131334605E08DE899
:10D140006006D8F810004900234607F0B3FD0FE051
:10D15000032D0BD9042204A8214601F0F3DF072D8B
:10D1600004D905A8211D042201F0ECDF6FF01600A0
:10D1700007B0BDE8F08F000038B50C4605460846FC
:10D18000484902F0D3DA4849204602F0CFDA47494D
:10D19000204602F0CBDA4649204602F0C7DA45497C
:10D1A000204602F0C3DA4449204602F0BFDA2046A6
:10D1B000424902F0BBDAD5F8340137F043DA20B93E
:10D1C000D5F8380139F0DEDA18B120463C4902F0D2
:10D1D000ADDAD5F8340137F035DA18B120463949DF
:10D1E00002F0A4DAD5F8380139F0CCDA18B12046CB
:10D1F000354902F09BDAD5F830013AF001DC18B17C
:10D200002046324902F092DAD5F8300105F0ACF947
:10D2100018B120462E4902F089DA20462D4902F045
:10D2200085DAD5F84C0165F04FDF18B120462A4960
:10D2300002F07CDA2B6893F83B301BB1204627497B
:10D2400002F074DA2649204602F070DA25492046B9
:10D2500002F06CDA2B6A186909F020FC820707D506
:10D260002149204602F062DA2046204902F05EDAC7
:10D2700020461F4902F05ADA20461E4902F056DACB
:10D2800020461D4902F052DA20461C4902F04EDACF
:10D2900020461B4902F04ADA1A492046BDE83840C8
:10D2A00002F0449A1D560100215601002656010045
:10D2B0002B560100345601003D5601004156010035
:10D2C000465601004D5601005756010061560100B7
:10D2D0006A5601007356010082560100875601000C
:10D2E0008E56010095560100A1560100AA56010074
:10D2F000B7560100BC560100C6560100CB560100CE
:10D30000D0560100D856010030B585B005466846B4
:10D310000C4602F0F5D928466946FFF72DFF204656
:10D3200005B030BD2DE9F04F03F00103A9B004466C
:10D330001493D4F87C3410691B680E46C358D0F897
:10D3400058131B7891460F93D4F88034B2681B6849
:10D350001991C35808901B78099215931388606837
:10D360000B9303F00C039B08022B08BF0B9913933C
:10D370000B9A0CBFC1F3C0130023DBB21A9302F463
:10D380004073A3F540756B4243EB050331461C9394
:10D39000379F03F08DDA369B04300E9083B11B7AF1
:10D3A0000B2B07D1236893F8AD304BB136988379B6
:10D3B000072B05D836990E9A91F90F30D2180E9294
:10D3C000D4F8B031002B2DDA369B03B31B7A022B35
:10D3D0001FD194F8B022F2B90898036D13F0080336
:10D3E0001CD136998A792168D1F8B8108A4217D2AF
:10D3F000032A15D90B2A13D8B269900010D4339A96
:10D40000012A0FD10E9B012008330E9304E0369AB7
:10D4100004E0002304E000200C9005E00C9203E0FF
:10D420000C9301E000210C91B568B389AA1F7633F3
:10D43000A5F176001D92B38100217022B060189092
:10D4400001F004DFB38BD90402D4B269520502D5CE
:10D450001B051B0D20E0D9F80420A04B1340BBB1E5
:10D460000B9901F0FC03882B12D1099A1379D80784
:10D470000ED43398F289411E02F0070232985832D6
:10D4800009EB42028842D38806D1591CD18003E0BF
:10D490001399012906D111E0139801280ED000211B
:10D4A000079102E010220792002332981B019BB2E1
:10D4B00000F00F0209991343CB8201E0002207928A
:10D4C000099BA068DA8AB38B23F47E6323F01F03E1
:10D4D00043EA1213B38314F003DA010703D5B38BC5
:10D4E00043F40053B3833498042808D120460899A4
:10D4F00035F82A2C14F080DEADF8980019E0329946
:10D50000339801F00F02B4F85A33411E329842EAC0
:10D510000312884292B202D10133A4F85A333499EB
:10D52000520147F6E073134001F007021343ADF8D0
:10D53000983099F8D7303BB90B9A02F0FC03802B56
:10D5400002D0089883791BB9079941F0200107910F
:10D55000634B3B40002B40F0828007F04072B2F1F9
:10D56000807F00F08180139A012A30D9B369DA06EE
:10D570002DD4002B2BDB96F91F30002B27DB226AE2
:10D58000574BD2F8488008EA030323B908F04073E8
:10D59000B3F1807F03D109980379DF0766D4D2F80D
:10D5A00044804F4B08EA030323B908F04073B3F1FA
:10D5B000807F04D109990B7913F0010359D0099A9E
:10D5C0001379D80703D4D9F80830190705D599F885
:10D5D000407007F07F07B84649E002238DF8863097
:10D5E00027AB0093D4F85C011FAB494626AA7CF018
:10D5F00053DD0B98DDF87C8000F0FC03482B209F66
:10D6000001D0C82B0BD14146089800222AF0F4DE45
:10D6100099F84070804607F07F07002308E0B3695F
:10D62000329943F00063B361D1F1010338BF0023A5
:10D63000BDF89C20D20703D5B26942F40052B26112
:10D64000226892F8E120BAB1D4F8F8064946BDF84C
:10D65000982005937CF0D4DA059B12900DE000220F
:10D66000B8461292134608E0B84603E04746002346
:10D6700000E04746129300E012922268D4F8840436
:10D6800092F84F2090F80CB012F0030200F09C8149
:10D690008278012A09D9216A91F94D10A1F1010E70
:10D6A000DEF1000141EB0E0100E00021012A5FFAEA
:10D6B00081FA17D9226A92F94D20013212D1D9F894
:10D6C000042012F080420ED00E300221059302F0A9
:10D6D000E7DC021C18BF0122059B04E040000100AA
:10D6E000FF0000C0002218F0407FD0B25FFA88F23D
:10D6F00007D01F2A02D9202A07D0553A072A04D971
:10D700001CE0A0498A56002A18DAB8F1000F15DB90
:10D7100028F4801828F4407818F0407209D0BAF143
:10D72000000F03D1B2F1807F03D110B148F480180B
:10D7300004E0BBF1010F08BF48F4807817F0407F88
:10D74000FAB207D01F2A02D9202A07D0553A072A51
:10D7500004D91BE08B498A56002A17DA002F15DB03
:10D7600027F4801727F4407717F0407209D0BAF1F8
:10D77000000F03D1B2F1807F03D110B147F48017BD
:10D7800004E0BBF1010F08BF47F48077B4F85824D8
:10D7900002F46052B2F5C05F2CD118F4E0221FD120
:10D7A00018F0407F17D0D9F80420120313D522684F
:10D7B00092F83B2092B1089882797AB1D0F808218A
:10D7C000528E02F46052B2F5C05F0CBF4FF40032CB
:10D7D0004FF4803204E04FF4803201E04FF4003225
:10D7E00018F0407F13D05FFA88F1202908BF4FF46A
:10D7F00000320CE05FFA88F2F9B2202A08BF4FF03D
:10D800008078202908BF4FF080774FF4803227F4CA
:10D81000E02A17F0407F28F4E02848EA020818BF01
:10D820004AEA020A226A08BF4AF4803A516C564A10
:10D830000A40002A53D101F04071B1F1807F4ED0EF
:10D8400018F0407F94F81C2204D0012A02D148F439
:10D85000000802E00AB928F400081AF0407F94F8A2
:10D860001C2205D0012A03D14AF4000A00F009BEA7
:10D87000002A40F006862AF4000A00F002BED9F819
:10D880000410C8032BD5D9F80810090627D5013292
:10D8900025D118F0407F0FD05FFA88F2A2F157012E
:10D8A000012909D9632A07D0642A05D0652A03D043
:10D8B000662A18BF48F480081AF0407F0FD05FFA3C
:10D8C0008AF2A2F15701012909D9632A07D0642AF3
:10D8D00005D0652A03D0662A18BF4AF4800A20467C
:10D8E000494605931AF060DC18F04072059B45D05C
:10D8F0001599022908D108F4E02BABF50032D2F1DA
:10D90000000B4BEB020B01E04FF0000B5FFA88F2CB
:10D910001F2A04D8072A94BF002101210AE0202AE7
:10D9200006D0A2F15501072994BF0021012100E092
:10D930000021C9B239B199F8FE1021B199F8FF1050
:10D94000003118BF012118F4000F11911ED01F2AB9
:10D9500004D8072A8CBF0022012209E0202A05D022
:10D96000553A072A8CBF0022012200E00122D2B2E0
:10D97000002A0CBF024604220D9208E00D92934645
:10D98000119204E058168900FF0000C00D901AF0B3
:10D99000407226D01AF4000F25D05FFA8AF21F2AAF
:10D9A00004D8072A8CBF0022012209E0202A05D0D2
:10D9B000553A072A8CBF0022012200E00122D2B290
:10D9C000002A18BF04200EE028F4E02827F4E02AFB
:10D9D00048F480384AF4803A10920D92934611929E
:10D9E00002E0109200E0109093B1089A3398D2F8B8
:10D9F000301102EBC103C2B2C3F838210131089AD9
:10DA000001F03F01C3F83481C2F83011C9F820A2F7
:10DA100018F0407703D15FFA88F31B9303E0404688
:10DA200074F058DE1B901398022800D088B9B4F81F
:10DA300068340E99994202DCB3695B010CD5099AEE
:10DA40001198137903F00103002B08BF01201790F0
:10DA500004E01199179101E0119A1792236A597DF8
:10DA600041B10F9B33B12FB9884A5FFA88F3D3567F
:10DA7000002B07DB236893F84F30980727D037B384
:10DA8000159820B3339A012A0ED90F9B002B0CBF97
:10DA90004FF0300A4FF0160AB3694AF4803A23F087
:10DAA0000063B361D04612E089B10F9878B167B9CD
:10DAB00008F07F03022B0AD0042B08D00B2B06D0D2
:10DAC000162B18BF4FF0010B01E04FF0010B18F0BF
:10DAD00040710F911AD108F07F03162B16D86C4AAB
:10DAE0009A4013D5149A62B15FFA88F3022B0BD0D7
:10DAF000D9F8103093F92C3113F1FF3318BF0123FB
:10DB000000E0149B0D9301E00F980D901AF0407106
:10DB100016911BD10AF07F03162B17D85C4A9A4046
:10DB200014D5149A6AB15FFA8AF3022B0CD0D9F893
:10DB3000103093F92C2112F1FF3218BF01221092FC
:10DB400004E0169B109301E0169810901399D9F8F1
:10DB50000430022908BFC9F8588113F480334AD031
:10DB600094F80D32002B46D094F81132002B42D09D
:10DB7000159A032A30D00F9B4BB908F07F03022B74
:10DB80002CD0042B2CD00B2B2DD0162B2ED009985B
:10DB9000037913F001032BD10B9901F0FC02882AC1
:10DBA00029D1349A032A26D8B3691C9843F48053A8
:10DBB000B361079B099900280CBF18221E2243F469
:10DBC000A04307938B5A23F060031B041B0C43F004
:10DBD00020038B52012207E000230CE00F9808E09D
:10DBE0000F990A9108E00F9A0A9205E00F9B02E054
:10DBF00000200A9000E00A931D99204600910E9A99
:10DC000041460B9B20F08CD922AF204651460E9AFC
:10DC10000B9B009720F084D90622A5F140003946DD
:10DC200001F090DA169A62B90AF07F03162B08D831
:10DC3000174A9A4005D50E9B05F83C3C1B0A05F88F
:10DC40003B3CB3690F995A0512D591B1369A22B16E
:10DC5000127A042A01D00B2A1CD143F40063B36169
:10DC6000179894F8DA32002B18BF0120179011E0B2
:10DC700081B9064A5FFA88F3D356002B0ADA15F801
:10DC8000063C03F00F03149307E000BF5816890009
:10DC90000002102815F8062C14920B9BA42B14D00C
:10DCA00009980379DB0710D40A9981B9B369204632
:10DCB0005F05414602D517F021DD03E00D9A359B43
:10DCC00020F008D9099A508014E00A9B53B14146CC
:10DCD00020460D9A40F62A131FF0DCDE099980B227
:10DCE000023048800B9AA42A04D10998438825F869
:10DCF0003A3C19E009990B79D90701D40A9A2AB15B
:10DD0000002305F83A3C05F8393C0DE0B36920469C
:10DD10005A05514602D517F0F1DC03E0109A359B05
:10DD200020F0D8D825F83A0CB269930509D5B38C00
:10DD300025F8343CF38C25F8323C079B43F4005320
:10DD40000793329818B9079941F00801079109988B
:10DD50000379DF0712D4D00410D494F810320BB139
:10DD600051060BD4520505D41A9919B1199A92F893
:10DD700028301BB9079B43F001030793924B34985B
:10DD80001399185C022915901CD1349A032A19D8CA
:10DD900094F80D32B3B11B9B042B13D9D4F8340182
:10DDA00036F062DA70B91998159900EB41039B8B34
:10DDB00013B1B3695B0505D5119A1AB9079B43F4F2
:10DDC00080530793236A186966F018DC00F46050EA
:10DDD000B0F5C05F03D1079840F4807007900C99AC
:10DDE00019B1079A42F400420792079B25F8763C46
:10DDF000369810B394F8B03213BB08990A6D12F03C
:10DE0000080221D1037A0B2B06D1236893F8AD3099
:10DE1000D3B18379072B14D8369A93792268D2F834
:10DE2000B82093420FD2B26997000FD43698027B84
:10DE300002F0070242EA031203E03699079107E075
:10DE40000022079204E00023079301E000200790DE
:10DE500010994B1EDBB2012B04D8079A42F40053F1
:10DE60009BB20793A5F172000999022201F06AD9C9
:10DE7000002305F8703C05F86F3C05F84A3C05F8AE
:10DE8000493C369B002B2FD094F8B032002B2BD17D
:10DE90000898036D180727D436990B7A0B2B06D1F7
:10DEA000236893F8AD30FBB18B79072B1CD8369BD8
:10DEB0009A792368D3F8B8309A4215D2B369990099
:10DEC00012D41C9818B9099901F1180202E0099BB3
:10DED00003F11E021A9800B102320023009320467B
:10DEE0001899369B2EF078DC099906220431A5F1A9
:10DEF0005000139101F026D9BDF8983025F82A3C3E
:10DF0000D4F84401089960F0E7DC35F8303C80B281
:10DF100043EA002325F8303C002305F8283C05F8A7
:10DF2000273C05F8263C05F8253C05F8243C05F877
:10DF3000233C05F8223C05F8213C05F8203C05F877
:10DF40001F3C179A1AB9BBF1000F01D1E1E09B46C3
:10DF50000022414608982AF04FDA002206905146E6
:10DF600008982AF049DA069B089013F0407318933A
:10DF700006D10699154BC8B21B56002B03DA14E0E4
:10DF8000069874F0A7DB023818BF012070B1D9F8E9
:10DF9000103093F92C31012B0AD0079A42F48043B8
:10DFA0009BB2079301230C9304E018980C9001E0B6
:10DFB00000210C91089B13F0407209D1D8B2034B99
:10DFC0001B56002B07DA1DE06CE18800581689000B
:10DFD000089874F07FDB023818BF012078B1D9F8B7
:10DFE000103093F92C31012B0BD0079801216FEAE7
:10DFF00040436FEA53439BB20793119103E01190A2
:10E0000001E00022119235F8763CBBF1000F02D0FE
:10E0100043F4006301E043F0060325F8763CBBF1CE
:10E02000000F0CBF4FF0140C4FF00E0CA5F11E03A7
:10E0300062460093204606990B9BCDF814C01FF052
:10E040006FDFDDF814C024AF62460B9B20460899B1
:10E0500000971FF065DF39460622A5F1480001F060
:10E0600071D80C980D990E9AA5F118030B93009096
:10E070000191029200275946069A4346204603978B
:10E080001FF06CDF25F8160C119B10980E99009369
:10E090000190029120465946089A534603971FF073
:10E0A0005DDF25F8420CA5F11400BBF1000F09D08B
:10E0B0006FF03B0305F8183C05F8177C099A02F14C
:10E0C0000A010EE06FF04B0305F8183C05F817BC89
:10E0D0001399062201F036D8099BA5F10E0003F131
:10E0E0000A01062201F02ED81498189A81B252B96A
:10E0F00006989F4AC3B2D356002B04DA15F81E3C8B
:10E1000003F00F0301E015F81E3C1B0219431491A4
:10E110001FE059460622A5F11E0001F097D8594686
:10E120001022A5F1180001F091D8A5F14800594638
:10E13000062201F08BD805F842BC05F841BCCDF8A9
:10E1400020B0CDF818B0CDF82CB0CDF844B0CDF853
:10E1500030B0B3695A050FD50F9969B128AB0022C9
:10E1600023F8022D0093D4F83401494642460E9B11
:10E1700036F096D805F8430C079B25F8743C1498A4
:10E1800025F8640C1699B1F1807F0BD031B90AF0F3
:10E190007F03162B02D8774A9A4001D4012002E06F
:10E1A000169800E00220069A80B202F04073B3F1A4
:10E1B000807F0BD033B902F07F02162A02D86D4956
:10E1C000914000D401239B009BB200E008230899F2
:10E1D000184301F04073B3F1807F0BD033B901F0E5
:10E1E0007F02162A02D86349914000D401231B0103
:10E1F0009FB200E02027236A0743186966F0FED922
:10E20000C0B247EA002725F8627C0F9AB2F1807FFE
:10E210000CD032B908F07F03162B02D8554A9A4029
:10E2200001D4012300E00F9B9BB200E002230D9874
:10E23000ADF89A30421ED2B2012A09D843F0100339
:10E24000ADF89A302368D3F888309A6901329A6120
:10E2500041462046BDF89A707EF080DCB3690743E2
:10E26000B9B21B01ADF89A100ED5236893F8E130CE
:10E2700053B1236A186967F099DB236A0DF19A019B
:10E280001869129A67F0ACDBBDF89A30414625F860
:10E290006E3CB4F85824204627F09AD925F86C0C27
:10E2A00051462046B4F8582427F092D925F86A0C34
:10E2B000179911B9BBF1000F0FD00699B4F8582483
:10E2C000204627F085D925F8680C08992046B4F82F
:10E2D000582427F07DD925F8660C0F9A4AB10D9B7A
:10E2E000042B06D1204641460E9A1FF077DC25F814
:10E2F000380C169848B11099042906D12046514689
:10E300000E9A1FF06BDC25F8360CD9F8043058064D
:10E3100040F1AE801A9A002A00F0AA801998159947
:10E3200000EB41039B8B002B7BD0B369590500F1B7
:10E330009F80329A002A40F09B800E9B20464146E7
:10E340000D9A1FF0A7DB0B9B0990ABB106990C9AB5
:10E35000204617F041D808990746119A204617F031
:10E360003BD80B99B1F802B0BB4435F8427C1BE0B6
:10E3700058168900000210280A9ABAB941460D9A27
:10E380000A9B20461FF0A6DD099B514600EB030BBC
:10E39000109A0E9B20461FF07DDB51460746109ACF
:10E3A00020460A9B1FF096DDC71902E0DDF824B075
:10E3B0000B9F1FFA8BF225F8702C25F84A7C1998D0
:10E3C000159900EB41039B8B0998C3189B1A9BB2CC
:10E3D0001A0419D4204641460D9A16F0FFDFFF2893
:10E3E00005D9B4F85A24904238BF024601E04FF4F0
:10E3F0008072349992B204EB4103B3F85C349342D7
:10E4000002D0204618F076D8236893F84430002BC9
:10E410002ED0349A032A2BD8D4F8600115995A4685
:10E4200023E0236893F8443013B3349B032B1FD8A5
:10E430001A480B99C75C204639B10C9A069916F018
:10E44000CBDF0B9B5A8882180CE041460D9A0E9B3D
:10E450001FF020DB0D9A0546414620460B9B1FF01E
:10E4600039DD4219D4F8600139464B4650F0F0D8F6
:10E47000B369BDF8980043F08403B36129B0BDE8E7
:10E48000F08FD4F8842428F4800892F913202AF419
:10E49000800A012A7FF4F3A9FFF7FBB96CE1880039
:10E4A00070B50B6912B15478032C01D8002212E028
:10E4B0004D6845F480744C605679012E8DBF24F46C
:10E4C000806445F4A0654D604C605478052C2FD9CC
:10E4D000062C03D1012283F8A42370BD147A14F012
:10E4E000040F4C6814BF44F0806424F080644C60D6
:10E4F000147A04F00804D4F1010438BF002483F82E
:10E50000A4438B6823F004038B605478062C0FD946
:10E51000127AD2060CD5026843F004038B6092F89D
:10E520000C21D00704D592075CBF23F004038B6055
:10E5300070BD00002DE9F04FB5B09A463F9B0546EF
:10E540000B2B894616463E9F409C40F2E6800C3BD2
:10E5500004931AF07DDE0021C8220590204600F0C9
:10E5600075DE31460622204600F0ECDDFA7ABB7AF1
:10E57000494643EA022303F00302012AA4F8623069
:10E58000E38808BF84F83420BAF1000F14BF4FF4B9
:10E59000807200221343E38028465BF09BDF608596
:10E5A0007A7A3B7A07F10C0B43EA022307AFE38543
:10E5B000002128220DF14408384600F047DE2DAE38
:10E5C00000212822404600F041DE4FF0FF330021B9
:10E5D0000C223046ADF8CE3000F038DE0DF1CE031F
:10E5E0002F93049BBAF1000F0CBF4FF0600A4FF05D
:10E5F000700A8DE848002846002152465B462D9758
:10E60000CDF8B8801CF0D6DA002840F08680059B53
:10E610004246DEB2284604F1380339461FF0D0DB0B
:10E62000BDF8CE304FF6FF72934217D05A1E92B209
:10E63000DE2A75D843F480520E2B8CBF4FF4404332
:10E640000023D5F8580143EA020152F043D858B9E3
:10E65000D5F864319B889B0506D461E0731E9BB29C
:10E66000DE2BADF8CE605BD8BDF8CE309E4203D134
:10E67000E28842F00202E280EB1893F83C2049461F
:10E6800084F86120284652B25BF0C8DEBDF8CE3077
:10E69000A08543F480520E2B8CBF4FF440430023DF
:10E6A0001343638600210C2230A800F0CFDD1F4BFE
:10E6B0000DF16C0830931E4B002128224046319307
:10E6C00025AF329500F0C2DDBDF8CE30002120220A
:10E6D00038468DF872301B9400F0B8DD049BD5F8F5
:10E6E000940602930021524630ABCDF8B080CDF8AD
:10E6F00094908DF8A4608DE8800857F011D988B9FE
:10E70000608E431EDBB2DE2B0AD802F059DA0028F5
:10E710000CBF00206FF0130004E04FF0FF3001E069
:10E720006FF0130035B0BDE8F08F00BF112A8200F2
:10E73000812B82002DE9F04FA5B00446D2F808A144
:10E740008B4615460021282205A8984600F07EDD5C
:10E750000FA80021282200F079DDD4F86C3313B122
:10E7600004F55B7008E0236893F82F3073B9236ACF
:10E770005B7D052B04D1694805A973F0EFDF05E047
:10E78000042B03D1204605A91FF066DD05AF3B46EB
:10E790000FAE204629460AF138020DF164090096B1
:10E7A00028F090DA00212422484600F04FDD0021B5
:10E7B000082222A81A971B9600F048DD94F84135EC
:10E7C000CDF88C90DA0702D52A6DD70708D49E07BA
:10E7D00008D52B6D03F00603023B18BF012302E0AE
:10E7E000002300E00123226892F84F2012F0030278
:10E7F0000BD0D5F8EC2012F4805205D19DF8BC1056
:10E80000002908BF1A4600E0002224AB03F8082DB7
:10E810001FFA8BF6009332460023D4F8940629465B
:10E8200057F056D82E9A00F10C09136807469945FF
:10E8300071D8404600210C2200F008DDBAF82E30D5
:10E84000A8F80830AB7923B1012388F80A300023F7
:10E8500006E0D5F8EC2012F4803204D088F80A30B3
:10E8600088F80B3004E0022388F80A3088F80B207F
:10E870002A6D40F23713134043B195F858302BB14D
:10E88000B8F80A3043F01003A8F80A30236893F868
:10E8900030306BB9236A1B68022B09D1BAF8623099
:10E8A000980605D5B8F80A3043F02003A8F80A30D6
:10E8B000236A5B7D43B194F872342BB1B8F80A3007
:10E8C00043F48063A8F80A30236893F8A9305BB159
:10E8D000D5F8EC30590407D4AB792BB1B8F80A302D
:10E8E00043F48073A8F80A3022AB009308F10C03BC
:10E8F0000193D4F89406002329463246029756F035
:10E9000055DFBBF1800F03D1D5F890301C9A5A61C6
:10E910002E9BC3F8009025B0BDE8F08FD40D890080
:10E920002DE9F04F4E688FB01746C6F3C0420C4633
:10E93000D1F808A002920546002104A82822994691
:10E9400000F084DC2369C6F3004B26F0864603936F
:10E9500026F4EA162AF083036660A360002F00F015
:10E96000BF803B7897F8018043EA0828A4F800812B
:10E97000BB7884F8023146F4803363602B6893F8E7
:10E980004120B2B193F842309BB146F4A026D4F8AE
:10E990002431666093F85D307BB91AF4007F03D0B0
:10E9A00094F82430D90608D52846214636F04EDCA6
:10E9B00003E02846214636F03BDC06222846214665
:10E9C0002DF05EDFA26812F0006222D108F00C0385
:10E9D0009B10012B94F8FE0094F8FF1006D0032B37
:10E9E00009D043B9012284F8FE2001E084F8FE300A
:10E9F00084F8FF3003E084F8FE2084F8FF2094F8C8
:10EA0000FE30834207D194F8FF60761A18BF0126C2
:10EA100002E0002600E0012618F4407F03D063687E
:10EA200043F08043636018F0010F03D0A36843F004
:10EA30008003A36018F0200F03D0A36843F0010304
:10EA4000A36018F0400F03D0A36843F00203A36053
:10EA5000A3680AF0030A03F003039A4518BF0126CE
:10EA600018F0100F03D1636843F48013636018F447
:10EA7000804F03D0636843F000736360C8F34008BD
:10EA8000B9F1000F38D005F53E7003304946162223
:10EA900000F058DBB8F1000F03D099F80180C8F3FB
:10EAA000800899F801301A0703D5636843F0807332
:10EAB000636099F8023013F008030ED0039A41F610
:10EAC0001001D2F8083140F608425B8E03F440434F
:10EAD000B3F5404F14BF0B461346A5F8DC320BE0EC
:10EAE0002846214606222DF0CBDE2846214636F068
:10EAF0009FDB3E46B84619E01022F91C0DF12500B7
:10EB000000F020DBD5F8843404A8997873F0E4DEB3
:10EB1000D5F86812284624F095DEFF2301900022E4
:10EB200004A800930146134673F05ADEBBF1000FB0
:10EB300011D0636813F4803310D009AA0023E118C0
:10EB400012F8010F91F85110884206D10133102BB1
:10EB5000F5D1002302E05B4600E00123626802F485
:10EB60008031C2F30042934500D163B104F15100FA
:10EB700029B10DF12501102200F0E4DA02E01022A3
:10EB800000F064DB0126B8F1000F03D0636843F4A2
:10EB900000236360029B434500D146B1D5F884341D
:10EBA00093F87B301BB9284621467BF085DA0FB0FD
:10EBB000BDE8F08F00F506612DE9F041093104460A
:10EBC0004AF0D6DF94F872380546002B74D000283E
:10EBD00072D06A21206948F0CFDC460006F11408A3
:10EBE0004146206948F0C8DC0022074641462069BA
:10EBF00049F004DB380406D4304831493A46BDE8D0
:10EC0000F04100F0499BD4F88484012388F86D31E9
:10EC100098F828313BB1A068D8F8301111F044DEE3
:10EC2000002388F82831204629460CF0C2F998F8CC
:10EC30001D3153B1012388F82831A068D8F830116C
:10EC4000D8F82421002311F009DE206906F116010D
:10EC500048F092DCB4F8703883422DD1002213467C
:10EC600079B22846D5F810615BF094DC28465BF059
:10EC7000D7DBAB798BB9D5F81421D5F80831128AD6
:10EC80005A852B7C4BB1D5F8EC30990405D47379B7
:10EC90001BB92846012144F0E5DA0023B37194F84A
:10ECA0000C22D6F8F0309A4206D0284684F80C326E
:10ECB000BDE8F04124F04A9ABDE8F0811B5A890072
:10ECC000F14D89002DE9FF4104460D4616461F46C9
:10ECD0000A994BF017D82046294632463B46FEF7A4
:10ECE00061F9B0F10008C0F2A18023685B7E4BB9E6
:10ECF000206956F02BDC28B1A06811F0DBDD4FF065
:10ED0000FF3893E03EB1032F05D903A83146042212
:10ED100000F018DA01E000230393342D18D008DC4A
:10ED2000022D11DB032D13DDA5F11B03012B0BD8E5
:10ED30000EE0D62D0CD001DCA32D04E0FB2D07D076
:10ED400040F20B139D4203D0002E65D0002F63DDEF
:10ED50003E2D02D0402D62D135E023681B7E002B72
:10ED600060D0D4F88424039992F81C318BB1CBB2D3
:10ED700082F84631D4F884241172D4F884242069AE
:10ED800092F8AC10012200920192002249F0C0DBFF
:10ED90003FE0204649B27DF095DEB0F1000845DB4A
:10EDA000D4F88434039A20461A722CF095DF20465A
:10EDB0007DF028DF2046D4F8B0141EF051DA20464A
:10EDC00024F038DA32E0039B5A1C042A2CD8013391
:10EDD00001D103230393D4F88434039993F81C21BD
:10EDE00072B1C9B283F8AD10D4F88434002293F81C
:10EDF0004531206900920122019249F089DB04E04B
:10EE0000236AC9B2186965F07BDAD4F88434039AAE
:10EE1000DA714FF0000809E06FF0010806E06FF0CA
:10EE2000160803E0984601E06FF01C08404604B065
:10EE3000BDE8F0812DE9F341089C07460E461546D2
:10EE400098460094FFF73EFF10F12F0F0CD010F101
:10EE5000170F0BD1384631462A464346089402B074
:10EE6000BDE8F04118F0B09B6FF0160002B0BDE8AD
:10EE7000F08113B504462CF011D820461CF0B8DB05
:10EE8000D4F88434012293F8AD10206993F8463108
:10EE90000092019249F03CDB206902B0BDE81040CD
:10EEA00056F0669B37B5036804465B7E002B40F046
:10EEB0001A81006956F04ADB002840F0148123686B
:10EEC00093F8203033B9206947F072DE23680122BD
:10EED00083F82020206905F012FE236893F8693139
:10EEE00013B120464BF042DCD4F88434032293F86B
:10EEF000513000928022002B14BF1346002320467D
:10EF0000042126F04FDA2368DB6EE3B9206948F06C
:10EF1000CFDF093017D12268D36E13F0020512D16A
:10EF200043F00203D366D4F86432595941B18B7966
:10EF300033B94B7923B10B7C13B120464AF05EDC28
:10EF40000435202DEFD12368DB6E1BB1204619F06C
:10EF500087D9C6E0206948F0F7DC206990F93411C0
:10EF60004D1C03D1012148F0EDDC01E048F042DC0A
:10EF700001236376204627F0ABDD23682046596BDA
:10EF80000323009321B14FF480720021134602E065
:10EF90004FF480720B4626F005DAA06811F006DD0A
:10EFA000236801221A7694F8CF3173B120462CF0F1
:10EFB00093DED4F854332046598E2BF0BFD900236A
:10EFC00084F8CF31204624F035D9D4F844260321E3
:10EFD000204624F033D9204616F0E8DBB4F8341587
:10EFE000204629F095D9206948F04EDF03232022DE
:10EFF000009320461346012126F0D4D9236893F8C4
:10F000002F301BB1D4F818053BF0AADF20461DF0C5
:10F010008BD820467AF0D0DD01254FF47A72D4F8EF
:10F02000E8110123A06811F019DCD4F89C0184F8E0
:10F030002A5280F001DE20467DF0E4DDD4F88434ED
:10F04000204693F9121017F0F1DD20462DF034DD43
:10F0500020462DF01DDD204629462DF0BFDDE3685A
:10F0600084F86056D3F82421294642F04002C3F8C0
:10F070002421236A0022186965F048D9236884F89E
:10F080008C5693F8693113B120464BF0AFDB6A21FF
:10F09000206948F071DA003018BF012084F8730845
:10F0A0007E21206948F068DA421E92B24FF6FD7365
:10F0B0009A4206D8430001304000A4F85038A4F822
:10F0C0005208B4F8501821B12046B4F870272DF03A
:10F0D00065DFB4F8521849B12046B4F854282DF031
:10F0E0005DDF002003E06FF0080000E008463EBD51
:10F0F0002DE9F04FB5B0DDF8FC800D93B8F80A703B
:10F100000D46ADF858701146BFB2914612970446AD
:10F110001AF09ED8B9F81670C0B21A97B9F80470F0
:10F1200010900D9948461B9773F056DC419F4FF0A5
:10F13000000A87F800A008F10C071597409F0F9070
:10F140000C3F1897109FDDF860B00C97159ECDF816
:10F1500044A0CDF824A0CDF864A0CDF828A0CDF827
:10F1600038A0CDF82CA0CDF850A0CDF84CA0CDF80B
:10F1700020A0CDF81CA02F464FE03378951C2D2BF6
:10F1800021D007D8012B13D043D3032B12D02A2B25
:10F1900040D114E03D2B1DD005D80899322B08BF73
:10F1A0003146089136E04A2B1BD0DD2B32D11FE0CF
:10F1B00007962FE0B2784FF0010A0C922AE0B31CB8
:10F1C0001393149226E0204631462A4658F03ADA44
:10F1D0000A901FE0204631462A4658F009DA0E9080
:10F1E00018E0204631462A4657F09CD9199011E084
:10F1F000032A0FD9B01C04229149FFF38FF7119B0A
:10F20000002808BF2B461193099B08BF334609937A
:10F2100000E00B967619C5EB0B0BBBF1010F03DD7C
:10F220007278531C5B45A8DB3D46099F3FB10A9F9E
:10F230002FB920460999119A58F0B8D90A90002D93
:10F240007AD1129FBE0740F1DA830B9B002B00F0AE
:10F25000D6832046991C5A784AF00EDD319000285A
:10F2600000F0CD83037C002B40F0C983037A002B90
:10F2700000F0C583D0F80831588E01F06FDC0C9F88
:10F28000874240F0BC83319F2046394617F054DD59
:10F29000002847D0384649460D9A43461DF09ADF6C
:10F2A00000283FD040993E9BD7F8046103F110023B
:10F2B0000191204649460123CDF800800296FFF7D0
:10F2C00039F9002830D1B6F830B0BBF1000F2ED19B
:10F2D000216AD4F8843450315A469B7806F13800BC
:10F2E00073F052D94099384600910D9A49464346E9
:10F2F00043F034D9CDF800B0CDF804B03B7C2046C3
:10F30000D3F1010338BF002302937D22394607F170
:10F31000DC03CDF80CB0CDF810B01EF08DD9012271
:10F320000B9206E00B9504E000230B9301E0002113
:10F330000B914FB33D4601E000270B971A9F3E9972
:10F3400017F4404F0CBF4FF0000B4FF0010B01F1D1
:10F350000A07204629463A465B467AF04DDB0646C8
:10F3600000BB2B7C002B40F04D83204629463A46BB
:10F370005B467AF043DC0646002800F043832046D3
:10F3800031467AF0ABDA0DE094F88E32002B00F0C3
:10F3900039833E9F204607F10A0131AA7AF0D6DA76
:10F3A000064610B17368D80720D4089F27B1787833
:10F3B000B91C27F07BDD58B9079F67B1B91C787875
:10F3C00027F074DD10F1000B18BF4FF0010B04E0C3
:10F3D0004FF0010B01E0DDF81CB066B1BBF1000F8E
:10F3E00007D1736843F00103736004E04FF0000B32
:10F3F00001E04FF0010BCDB1AB79DBB92B7A0BB348
:10F40000D5F808315B8E079303F46053A3F5C0521F
:10F41000534243EB02030798089301F09FDB0C9FD4
:10F42000C11B484240EB010009900EE0089507958A
:10F4300009950AE0002708970797099705E000BF9C
:10F44000FE370100089307930993B4F88E32002B1E
:10F450007FD0236A5B7DC3B10C9FD4F87C040E2F50
:10F460008CBF4FF44042002247F48051129F114359
:10F4700007F02003D3F1010338BF00230193139A4F
:10F48000149BCDF800B071F0CDDE236893F84F30B7
:10F490009B0712D00C9FD4F880040E2F8CBF4FF422
:10F4A0004043002347F48051089F19430E9A0A9B5A
:10F4B000CDF800B0019772F0D9DB94F88E32002BB2
:10F4C00047D000210C222EA8FFF3C0F6944B1CAFAE
:10F4D0002E93944B3846002128222F933094FFF32B
:10F4E000B5F6BDF858100DF1980CDDF830E0ADF828
:10F4F0007610604600212022CDF818C01C968DF8A9
:10F5000074E08DF878B0FFF3A1F62D970D9F236876
:10F5100027973E9F93F84F302897109F03F00303DF
:10F520008DF8A8700F9FDDF818C02B97159F8DF8E8
:10F53000B0300197189FD4F89406002190222EAB8A
:10F54000CDF89890CDF8A480CDF800C0029756F081
:10F55000E7D994F88C32002B00F05682099F002FD7
:10F5600000F05282236893F84F20970700F08A80BA
:10F570000E9F002F00F086800A9F002F00F08280EF
:10F5800093F8A93033B1D4F87801294653F0F2DC6E
:10F59000002877D10E9F20467A78397824F0ACDCA9
:10F5A000079F034617F4404F0CBF002201220A3286
:10F5B00054F822201192D5F8082162B1D28812F0B5
:10F5C000200208D00A9F3A7812F0020203D00E9F60
:10F5D0007A78C2F380020992BAF1000F0BD1109F22
:10F5E000DAB2BA4207D01846069301F0B7DAB84249
:10F5F000069B40F00982D5F80821002A2DD0184634
:10F60000069301F0ABDA0746079801F0A7DA8742C4
:10F61000069B22D1D5F80821528E9A4232D0002E74
:10F6200030D02A7A002A2DD0204611992A4625F07A
:10F6300055DEFF28074600F0E781DDF824E020468C
:10F6400029463A465FFA8EF315F088DED0B120469F
:10F6500029463A462DF0C6D914E0BAF1000F11D070
:10F660001846069301F07ADA0C9F069BB84200F028
:10F67000CB8103F46053B3F5805F03D0B3F5C05F73
:10F6800040F0C281419F01233B702368D5F818A147
:10F6900093F84F30980716D0AEB10A9F37B1199F33
:10F6A0002046009731460A9A0E9B0AE02B7C53B9FC
:10F6B0007368D90307D50A9F2046009731463A461A
:10F6C0003B4617F075D92B7C002B00F0BF803E9F86
:10F6D0000D9B204629464A468DE8800115F02ADF19
:10F6E000236893F83B3043B10D9F204629463246AC
:10F6F0004B468DE880015EF013DA9AF809301BB1B1
:10F70000284600212BF028D99AF80D30DBB1D4F827
:10F7100030371A680AB11F7A37B12846002110E045
:10F72000F1CF8100F5CF810004F020D9D4F8303733
:10F730001A69821AB2F57A7F05D901221A7228460F
:10F7400039462BF001DCD4F830371B68002B48D049
:10F750001B9F0123C7F3C0120F9920461EF08EDBBA
:10F7600098F8023098F801101B0443EA012398F836
:10F770000010B8F808700B4398F80310024643EAEB
:10F780000163329398F8063098F805101B0443EA99
:10F79000012398F8041034A80B4398F80710002FA1
:10F7A00008BF642743EA016340F8043D32A900F032
:10F7B000E7D93846329A339980F05ADAD4F830379C
:10F7C000BF021A68BA1A90420BD95A68BA1A904204
:10F7D00007D23F1A5F60D4F84401294601225FF046
:10F7E000CFDC236A5B7D2BB1129F2046C7F38021BB
:10F7F0002CF076DAD4F85801079950F0B7DD80B1D3
:10F80000D4F85801079950F0A7D9236A186964F011
:10F81000F5DE079FB84204D1002120460A4625F0B4
:10F8200079DE4A460D9BD4F844012946CDF8008084
:10F830005FF06ED8D5F8EC309A0458D5D4F84C0166
:10F8400029464246409B63F0F7DF50E0BBF1000FD2
:10F8500003D1129FC7F3401300E00123DBB23EB196
:10F86000726813B142F0040201E022F004027260F7
:10F87000226A527D4AB10193D4F87C042946139A36
:10F88000149BCDF800B071F025DD236893F84F305C
:10F890009B070AD0089FD4F8800429460E9A0A9B39
:10F8A000CDF800B0019772F039DA0B9FFFB9D4F8A8
:10F8B00068329D420CD0284649460D9A43461DF0B9
:10F8C00089DC28B1284649460D9A43462CF0BEDA19
:10F8D00094F88E325BB9D4F868329D4207D128463D
:10F8E00015F090DE18B1204641461BF02BD80021C0
:10F8F0000C222EA8FFF3AAF4454B1CAF2E93454BC8
:10F900000021282238462F933094FFF39FF4BDF84E
:10F910005810DDF830E01C9626AE2022ADF87610A7
:10F92000304600218DF874E08DF878B0FFF38EF446
:10F930002D970D9F236827973E9F93F84F30289768
:10F94000109F03F003038DF8A8700F9F8DF8B0305F
:10F950002B97159F80220197189F2EABD4F8940601
:10F960002946CDF89890CDF8A4800096029755F0DE
:10F97000D7DF9AF80230013BDBB2012B13D8AB7909
:10F980008BB92A7C7AB1D5F8182192F86C20022A1A
:10F9900009D14FF0FF3201922046294605F1DC02E1
:10F9A000009329F07DDD0F9F17F0407F01D138468D
:10F9B00002E00F9872F08EDE00F07F0002280AD07D
:10F9C000042808D00B2806D0A0F1160CDCF10000AA
:10F9D00040EB0C0000E001200190B9F80400B9F8F8
:10F9E0000610800B029001200022039099F91C3030
:10F9F0002046090A009204950BF00DFB04E0002755
:10FA00000B97C1E40026D0E435B0BDE8F08F00BF0D
:10FA1000F1CF8100F5CF81002DE9F04F91F915303C
:10FA2000A1B0002504468A461E951F9573B11BF0B0
:10FA3000D7DD58B12368BAF81C20D3F88830D3F842
:10FA4000C8118A18C3F8C82100F0A3BCBAF8023064
:10FA5000606803F00703052B0B900A9300F2A4845F
:10FA600063690A9953F82100002800F09D849AF8F0
:10FA70001820022A089200F08984714B0221DB6B66
:10FA80009847814638B920460A9914F0BDDE814670
:10FA9000002800F089842046494611AA23F0FEDFA1
:10FAA000236893F89C30012B06D0BAF80220BDF8E9
:10FAB00048309A4240F07384B9F80E30614E03F03A
:10FAC00007030993604DF35C4946EB5C11AA0C9364
:10FAD000189B0D9318881EAB0E90009320461FAB09
:10FAE00018F094D9236893F84F309B0717D011A8CA
:10FAF0001BF0A4DC38B12368D3F88830D3F8A422F3
:10FB00000132C3F8A42211A81BF0AADC38B1236883
:10FB1000D3F88830D3F8AC220132C3F8AC22D9F83C
:10FB200018305D056CD511AD204629462CF040DE1D
:10FB300008BB5346D4F834011E994A46009534F068
:10FB40005DDB236893F8E130002B59D01E99002922
:10FB500056D0BDF85000BAF802200090BDF84E30E3
:10FB6000D4F8F8067AF086D8D4F85C011E990C9A7D
:10FB70007AF0D2DB44E01F99A1B1089A072A11D18B
:10FB8000D1F8EC3098030DD4D4F84C0163F0C0DC0C
:10FB900028B9D4F84C011F9963F01CDD10B11F98EF
:10FBA0004AF0F2DA11AB0093D4F8340153461E99AF
:10FBB0004A4634F085DA2368054693F8E13093B17C
:10FBC0001E9981B1BDF85000BAF802200090BDF82E
:10FBD0004E30D4F8F8067AF04DD8D4F85C011E996E
:10FBE0000C9A7AF099DB1F98002800F0D283837971
:10FBF000002B40F0CE830AF108016FF0B9DBC8E3B7
:10FC0000204611A9D9F834701BF040DCBAF81C600A
:10FC1000FF0E07F001070F90BAF81A80E6B12368CB
:10FC2000D3F88830DA68013A9219DA601E9B9BB1EA
:10FC300067B1D3F82C22013A9219C3F82C220BE0B9
:10FC400010A78800BAD588006CE18800D3F8382264
:10FC5000013A9219C3F83822B8F1000F06D0236890
:10FC6000D3F88830DA68013A4244DA600E9849469F
:10FC700000F48063D3F1010338BF00230B9807938E
:10FC800000F016DED9F818509AF91930C5F3C06B98
:10FC9000002B00F0868023681E98D3F88830D3F8B4
:10FCA000A8210132C3F8A821D3F8C821013A92193A
:10FCB000C3F8C82128B103691BB1DB68DA6B0132D4
:10FCC000DA63012E05DDD4F88C54013DAD19C4F87A
:10FCD0008C54079900294DD02368D3F88830D3F885
:10FCE000D8210132C3F8D82128B103691BB1DB68E0
:10FCF0005A6B01325A6301230999002208F065F812
:10FD0000D4F88C347BB12368D3F88830D3F8B4218D
:10FD10000132C3F8B4211E9B2BB11B691BB1DB68F8
:10FD2000DA6A0132DA62D4F88C34012B14D92368F0
:10FD30001E98D3F88830D3F8B8210132C3F8B8211F
:10FD400028B103691BB1DB681A6B01321A63099988
:10FD50000C22012308F039F81E9B5BB12FB1D3F8B8
:10FD600028220132C3F8282204E0D3F834220132D9
:10FD7000C3F834221E9B13B12268926A9A621F9BB9
:10FD8000002B00F015829A79002A40F01482197C29
:10FD9000002900F01482D3F8103101259A719046A1
:10FDA0000FE215F4825543D023681E98D3F88830AB
:10FDB000D3F8A8210132C3F8A82128B103691BB1E7
:10FDC000DB68DA6B0132DA63079A0AB32368D3F887
:10FDD0008830D3F8D8210132C3F8D82128B103697B
:10FDE0001BB1DB685A6B01325A6301230999002267
:10FDF00007F0EBFF1E9B5BB12FB1D3F82822013235
:10FE0000C3F8282204E0D3F834220132C3F83422A4
:10FE10001E9A002A00F0D8811F9B002B00F0DA8187
:10FE20009D79002D40F0DC8123689B6A9362D8E1C4
:10FE3000089B032B09D0042B0CD12368D3F88830FE
:10FE4000D3F810220132C3F81022A8462F4601260B
:10FE5000AB46DDE10898052829D123685A6BD3F811
:10FE60008C103AB1B9F80E20954802F00702825C76
:10FE70009448825C143201EBC2014A68D3F888309E
:10FE800001324A60D3F8A0221E980132C3F8A022A2
:10FE900009990422012307F098FFB4F83455002D86
:10FEA00000F0A381204623F0DFDA00259DE10899C8
:10FEB000012916D11F9B93B19B7983B11E9B73B10E
:10FEC0001A7DD20704D493F824309B0740F1658251
:10FED000204649465246079B3CF09ADC4BE0089E80
:10FEE0004DE0089A062AB0D0072A51D11F9900295F
:10FEF00000F05382D1F8EC309F0040F14E829E0317
:10FF00000DD4D4F84C0163F003DB28B9D4F84C01CC
:10FF10001F9963F05FDB10B11F984AF035D91E9925
:10FF2000002900F03A821F9B9B795BB191F8243045
:10FF30009D0707D58B68580604D501222046134635
:10FF40003CF0B4DBD9F81830590544BF43F4807352
:10FF5000C9F81830D9F8183023F40043C9F818301C
:10FF60001F9BD3F8EC309A0340F1178220461E996C
:10FF70004A4625F0BBDB0646002800F03A81002502
:10FF800020460AF114011BF021DBA8462F465FE74B
:10FF9000BAF8063033B12368D3F888309A6B01324F
:10FFA0009A6352E71B9B1B78DB0741D57EB1236820
:10FFB000D3F88830D3F8A8210132C3F8A8211E9BBA
:10FFC0002BB11B691BB1DB68DA6B0132DA63079B6B
:10FFD000002B00F0138123681E98D3F88830D3F8E3
:10FFE000D8210132C3F8D82128B103691BB1DB68DD
:10FFF0005A6B01325A6309990022012307F0E5FE8A
:020000041001E9
:10000000002E00F0FD8023681E9DD3F88830D3F8C1
:10001000AC210132C3F8AC21002D00F0CD812D6957
:10002000002D00F0C981EB689A6B01329A63C2E13E
:100030001F9B002B48D09A79002A45D11B7C002BAE
:1000400042D00D98037CDD073ED53EB12368D3F83E
:100050008830D3F8A8210132C3F8A82107990029D4
:1000600000F0CC8023681E98D3F88830D3F8D821CC
:100070000132C3F8D82128B103691BB1DB685A6B80
:1000800001325A6309990022012307F09EFE002ED7
:1000900000F0B68023681E9DD3F88830D3F8AC21D9
:1000A0000132C3F8AC21002D00F086812B69002BB2
:1000B00000F07C81DB689A6B01329A6376E100BFC5
:1000C000BAD588006CE188000F9AB4F86A341AB186
:1000D000984503DAB4F86C349E4261DB22680798D5
:1000E000D2F88830D3F8C851AD19C3F8C8510028E8
:1000F00000F08980D3F8B0110131C3F8B011D4F801
:10010000843493F81D1109B3D4F868128979E9B9D8
:1001100092F8642122B193F86D210AB183F86D1130
:10012000D4F88414204601F582710BF048F9D4F814
:100130008434012283F82821D4F88434A068D3F8C9
:100140003011D3F82421002310F088DB1E9860B111
:100150002FB1D0F830320133C0F8303230E1D0F86E
:100160003C320133C0F83C322AE1012309990822CC
:1001700007F02BFE1E9B2BB11B691BB1DB689A6A33
:1001800001329A62002502238DE8280020461F993B
:1001900014221B9B0295039504951DF04DDA33E064
:1001A00023680025D3F88830DA690132DA614CE639
:1001B0000125984605E001254FF0000801E00125E2
:1001C00088462F462E4623E00127154690463E4698
:1001D00093461DE001271D4698463E469B4617E084
:1001E00000250127A8463E4632E6A8462F460126AE
:1001F0000EE0054680460746834609E0079DDBE0A2
:100200003546B046D9E0079D4FF001082F464646D7
:10021000B4F8343543B1D4F838352BB108990529F1
:1002200002D0204623F00ED9BBF1000F4ED01E9B0A
:10023000002B4BD011A81BF001D99DF84E308346FE
:1002400003F00303023BDBB2012B04D8204611A9C3
:100250002CF0B6DA00E0FF200A9A032A0AD85B499C
:100260008B5C04EB4303B3F83622130903F00F034E
:10027000120B03E0B4F86E34B4F87024009200223C
:100280000392BDF84C200190C2F300320492D4F8DE
:100290005C011E995246CDF808B07AF0BFD82368A9
:1002A00093F8E13093B11E9981B1BDF85000BAF8CE
:1002B00002200090BDF84E30D4F8F80679F0DADC70
:1002C000D4F85C011E990C9A7AF026D820460A9937
:1002D00001222CF0E7D81E9860B15EB1E368D3F834
:1002E0008021D9F830309A4204D91DB10999D21A27
:1002F00007F079FD1F9DB5B10AF1140120462CF0DD
:100300003DDB014628462CF0EFDB0E9A02F0FC03A1
:10031000082B01D0882B06D1079B23B11F980AF127
:1003200008016FF025D81E99C9B10B7DD80716D4E6
:100330001F9BA3B19A7992B91A7C82B11A7A72B1D1
:10034000D3F8EC2092040AD4D3F810315B7933B996
:10035000204652463B46CDF8008043F075D97EB129
:100360000AF1140120462CF009DB49460246D4F874
:10037000880463F01DDE0B984946012203F0B2DFCA
:10038000079828B10025C4F88C5402E0002500E04D
:10039000079D284621B0BDE8F08F0126EFE50B98B8
:1003A0004946012203F09EDF0125F2E7D5F86831C6
:1003B0000133C5F868310025A84601273E4627E7E6
:1003C000D0F84C310133C0F84C31CEE66CE18800F6
:1003D0002DE9F04F002BB5B007930CBF04230A237F
:1003E0000993079B15690DF12C0918BF20230446BA
:1003F00015AF884693460021282248460693D5F833
:100400000C610DF1B80AFEF321F7002128223846CD
:10041000FEF31CF700210C225046FEF317F7336B56
:1004200020468DE808042946069AF36ACDF8B8906C
:100430002F9714F0F3DD002840F0F880B8F806306C
:10044000D80715D5216A4B7D93B10A6D0CA854319C
:100450000B92FEF377F6D5F8EC30990405D5D4F875
:100460004C0129464A4663F08BD90023159308E0D6
:1004700015AB00932046294608F138020BAB26F055
:1004800021DCF36A83B128A800211822FEF3DEF6EE
:10049000F36A2D942893336B2993674B2B93674B07
:1004A0002A93674B2C9328AB1FAF00212422384698
:1004B0000893FEF3CBF60BAB00210822219331A861
:1004C00015AB2293CDF87CB0CDF88080FEF3BEF65C
:1004D0002368294693F84F2034AB12F0030218BF6B
:1004E000DBF80420D4F8940618BFC2F3004203F8E6
:1004F0000C2D0093069A089B329755F0E9D9099B79
:10050000069900EB030A33AB02932046424605F1FD
:10051000E2038DE8000523F03FD8074630B92046B6
:100520003946B5F82E2140F015DB80E020462946FB
:100530004246DDF8CC901CF05BDBA9F80000738C20
:10054000A9F80230339B04333393079B13B9AAF104
:10055000040A13E006F124094846FFF3E3F410B956
:100560003398494602E0339805F1F8010622FEF37C
:10057000E9F5339BAAF10A0A0633339331AB0093B2
:10058000339BD4F8940601932946069A089BCDF82C
:1005900008A055F00BD9814628B160683946012280
:1005A00003F0A0DE42E0339B0090019002900393A1
:1005B0002046294657224B46CDF810A01DF03CD8C6
:1005C000706B18B103F06ADEC6F83490079B23B154
:1005D000339B0AF1060A063B3393339B0AF1040A64
:1005E000043B3393079B504686F83C3003F044DECF
:1005F000706308B9B06305E033995246FEF3A2F583
:10060000C6F838A0B8F862300095C3F340130193E0
:1006100000230293039339462046D4F8BC255B4659
:1006200026F09AD9002808BF002700E000273846A6
:1006300035B0BDE8F08F00BFCDCE8100DDCE8100AA
:10064000FDCE81002DE9F04F95B006460691079248
:10065000209C219DD0F800909B46002B00F0B38099
:10066000ECB91E9A012A1CD11F9A931E012B18D88F
:10067000032A16D1002D40F0AB80C36E5A1C05D062
:100680001C3350F82350002D40F0A2804846002132
:10069000B6F82E2140F0D6DD4FF0000894E000259A
:1006A00000E025464FF0B00806270DF1200A002192
:1006B00024225046FEF3CAF51E9B1F9A0893229BE4
:1006C000099211A800210822CDF828B00B930594B7
:1006D000ADF83040FEF3BAF5CDF848A044B1089B20
:1006E000032B0FD14C2C0DDB4D2C01DD7E2C09D1C1
:1006F00011AB0093D9F894063146B022002355F08F
:10070000E7D83F18079B41468DE8880013AB02935A
:100710004846069A06F1E20322F03EDF80460028B2
:1007200052D075B10023009301932A46139B48468B
:10073000314658F00DDC95F90E30139AFF1AD21895
:1007400013921E9BDDF84CA09AB2AAF800201F9BC2
:10075000AAF80230059BAAF804300AF106031393A5
:100760003CB1032A17D14C2C15DB4D2C01DD7E2C1E
:1007700011D111AA8DE80C00063F0297D9F8940612
:100780003146B022002355F011D824B9BDF83030DD
:100790000BB1AAF80430B37913B1F368DA6801E059
:1007A000D9F8BC259DF88C30414601930023039372
:1007B00048465B460096029526F0CED8002808BF32
:1007C0004FF0000800E09846404615B0BDE8F08FB5
:1007D00095F90E7044F2B008063766E72DE9F04748
:1007E0000446A4B090469A460D4600296DD0D1F833
:1007F0006433002B69D004AF0EAE33463A460DF198
:10080000600923F01BD9002124224846FEF31EF57F
:10081000236A00216533082221A81893CDF864804B
:100820008DF868A01B971C96FEF310F52368CDF891
:10083000889093F84F3013F0030307D0D5F8EC30CD
:1008400003F48053D3F1010338BF002324AF07F82A
:100850000C3D294640220023D4F89406009755F019
:1008600037D82D9B0190009323AB02938046402103
:1008700020462C9A05F1E20322F08EDE064620B3D4
:10088000239BD4F894060193294640220023009725
:10089000CDF8088054F08ADF28B160683146012223
:1008A00003F020DD11E0D5F8EC3013F4005306D04E
:1008B000D4F84C012946324663F0D8D905E02046E9
:1008C0003146D4F8BC2528F0DDDD24B0BDE8F08742
:1008D0002DE9F04390F8A03787B004462BB10023F0
:1008E00080F8A0374FF0010800E0984623681A7E90
:1008F00032B9B8F1000F00F03B822046022135E208
:10090000206954F023DE18B1A0680FF0D3DF27E28E
:1009100020461BF05DDB236A20461F69D4F868324D
:10092000D3F814219D79167C1CF0FCD9031C18BF48
:100930000123384671B22A4663F094DC94F88C3671
:10094000ABB12369D3F88830D3F8245115F04005B2
:100950000DD120462BF0C0D9236A84F88C56186933
:1009600029462A4663F0D2DC204622F063DC236865
:1009700020469A6A01329A621CF0D4D918B9D4F888
:10098000843483F8290120460AF0B7FD236A1869E8
:1009900065F05AD80146204659F028DD236A1869C7
:1009A00065F00CD90146204659F0D8DC236893F94C
:1009B0003D307BB1D4F8240103A9002278F098DB04
:1009C00001E00023C361D4F8240103A978F0A6DB79
:1009D0000028F6D194F8D4314BB1204616F03EDB16
:1009E00028B194F8E43113B1013B84F8E431204696
:1009F00026F082D8204617F01DDC204626F0D6D8F7
:100A000094F8D43113B1204624F068DA2368DA6E02
:100A1000002A40F0A58193F8693113B120464BF0CC
:100A200023D9204647F030DB236893F82F20CAB142
:100A300093F83030B3B120461CF09CD890B1D4F874
:100A400064120023CA582AB1907918B1507908B1BC
:100A500012791AB10433202BF4D103E0D4F818052D
:100A60003AF07EDAD4F828351B68A3B120462AF084
:100A7000CFDCD4F828355A681B68B2FBF3F103FBCE
:100A8000112313B9204615F089D8D4F828355A68AF
:100A900001325A600AE023689A6A1E23B2FBF3F11E
:100AA00003FB112313B920462AF0B2DC94F88C32F0
:100AB00043B194F8F034013BDBB2022B02D820465C
:100AC00015F048DE0025D4F864325F591FB3BB79B6
:100AD0000BBB3B7AFBB1D7F818319B7ADBB13846B8
:100AE00025F090DEB8B13B7CABB1D7F818319B7ADA
:100AF0008BB13B7A7BB107F1DC063046FFF312F293
:100B0000034640B94FF0FF3200900192204639462B
:100B1000324628F0C5DC0435202DD4D1204616F00D
:100B200003DB236A5B7DB3B123689A6A3C23B2FB83
:100B3000F3F503FB152575B9D4F86432585938B16B
:100B400083792BB9037A1BB1037C0BB917F028DC2E
:100B50000435202DF0D120462AF038DC20B9D4F815
:100B6000180539F0A9DF38B1236A2021186900225D
:100B700064F03ADD002604E0236A2021186901228E
:100B8000F6E7D4F864329D59FDB1D5F8A83013B119
:100B9000013BC5F8A830D5F8AC701FB1013FC5F8CE
:100BA000AC7012E0AB7983B12B6D99070DD595F838
:100BB000A43053B102F0DADED5F8B01040F052DEC6
:100BC00018B1C5F8A87085F8A4700436202ED8D1C5
:100BD000B4F850371BB1013BA4F8503702E020466F
:100BE00022F076DD002635460BE0D4F8C4329B199E
:100BF0005B6A23B1D4F8C82252F825009847013522
:100C00003836236893F8B4209542EEDB93F83B50D6
:100C100045B193F83C502DB194F8FC5515B1E368FB
:100C2000D3F880510026D4F8643253F80690B9F115
:100C3000000F40D099F80630002B3CD199F80830CD
:100C4000002B38D099F85633DA0704D520464946A8
:100C500099F8542305E0980705D599F855232046BF
:100C6000494624F0A7DB94F8FC3523B399F8043007
:100C70000BB3D9F818314A461978204629F02CDEF2
:100C8000236893F83B20B2B193F83C309BB194F8C1
:100C90008E3283B9D9F80831D4F85001DF8D93F83A
:100CA0006030BF0201335F4399F844102B463A4647
:100CB0005CF066DFED190436202EB4D1236893F87A
:100CC0003B206AB193F83C3053B194F88E223AB984
:100CD00094F8FC3523B1D4F8500101215CF07ADF9F
:100CE000002384F8FC352268D4F88434926AB3F87F
:100CF0009E30B2FBF3F103FB112313B9204609F038
:100D000095FAD4F8683223B1D3F818210AB11278D1
:100D10001AB1D4F86402002202E01B7ACBB9F8E7DA
:100D2000835893B19D79D3F8EC1015B1890405D49B
:100D30000BE011F4005F08D0C90306D4197A21B181
:100D4000D3F818310BB11B781BB10432202AE7D13C
:100D500003E0A06802210FF027DE204619F0ECDF47
:100D6000B8F1000F04D02046022100222BF050DF02
:100D700007B0BDE8F08300002DE9F04F92F82A306B
:100D80001446B2F81CB08DB006460D46D0F804A04B
:100D90000F6952692BB1936894F8228003F11A0904
:100DA00003E09268984602F11809A368072B0DD951
:100DB0003046494613F0E8DC40B1B9F806304FEA56
:100DC000132949EA03291FFA89F901E0B4F80890C8
:100DD00095F8243003F01203022B0DD148F68E0350
:100DE000994509D12068D7F8081110300622FEF382
:100DF00095F1002840F0C88394F82C30EBB9A38B10
:100E00001B051AD53368D3F88830D3F84C23013248
:100E1000C3F84C23D5F824220132C5F8242205EB6F
:100E20004802B2F8A410B4F87E20914205D1D3F85C
:100E3000BC210132C3F8BC21A6E3BB79CBF3802BE4
:100E4000002B32D1D7F818311A7B92B194F82C20AC
:100E50007AB9BBF1000F0CD195F8CA10626A51FA49
:100E600002F2D00705D43846A18B029317F05CDB61
:100E7000029B3268526BC2B11B7FB3B194F82A3027
:100E80009BB194F8283083B10021384629F008DA64
:100E9000D7F8EC30990408D5A28B12F4005204D193
:100EA000D6F84C01394662F003D9238C5A0700F179
:100EB0006B83A38B03F4804363633BB93A6D40F2C9
:100EC00037131340EBB197F85830D3B10023A36325
:100ED0003046234651462A46CDF800807AF042DB60
:100EE000636B40B9002B00F04F83D5F864310133B8
:100EF000C5F8643148E323B1D5F860310133C5F852
:100F0000603194F82C3043B908F15003B4F87E00F6
:100F100005EB43039A88988000E0002294F82C3077
:100F200043B3636994F82A209B680AB11A3300E03E
:100F30001833B9F5006F40F06E81A268072A40F2BD
:100F40006A811A7A1209042A40F065819A6912BAF4
:100F5000002A00F060815B7C012B40F05C8102F094
:100F60007043B3F1604F00F05681D2B2FF2A40F0D7
:100F70000B8350E1B4F87E0008F1180910F00F035C
:100F800040F0A38005EB8909D9F8041079B11A461D
:100F90005046029303F0A6D9029B05EB8802C2F8E3
:100FA000843008F14A02C9F8043045F82230BBF118
:100FB000000F00F03081E3686269039305EB88035A
:100FC0005A66A16B31B105F51C7005301431102241
:100FD000FEF3B8F063699A685868510DC0F3140EB7
:100FE0009889DB8849058E44C3F34A13316801337D
:100FF00002EB000C7344C969CCEB0303CEEB020E89
:10100000896803EB0E021018884234DA5046FBF769
:1010100091F808F1180905EB8909C9F804000028BE
:1010200000F0B282626980689168536821F07F4E57
:101030002EF4600E9289C3F31403C3EB0E03C91A96
:101040009A18FEF37FF061698B684A6823F07F434A
:1010500023F46003C2F314029A1AD9F80430986892
:10106000801898609889821A9A81888900229881CC
:10107000504603F037D9D6F8E015039B05EB8802FC
:1010800059186FF005035B1A3168A148C96989686E
:101090005B18C2F8843061680822FEF33FF06B6889
:1010A00010B943F0080301E023F008036B6099488E
:1010B00061680822FEF332F0AB6810B943F02003F8
:1010C00001E023F02003AB60A5E005EB890149684E
:1010D00000293ED0504020F00F0020B902F00F024E
:1010E000013293420FD00022504603F0FBD808F1A2
:1010F000180205EB82020023536008F1200205EB81
:101100008202536021E0A16B49B105F51C700530E6
:1011100014311022FEF302F0002840F0358208F16D
:10112000200905EB8909A368D9F8042008F1180CF7
:1011300093421DD905EB8C0750467968002203F0D5
:10114000D1D800237B60C9F8043008F14A0845F87B
:1011500028303368D3F888301A6E01321A662B694A
:10116000002B00F01182DB685A6D01325A650BE2E8
:101170008DE8080405EB8C0CDCF80410304609F10E
:1011800004026368CDF808C013F036DF5046616989
:10119000002203F0A7D8DDF808C0BBF1000F3AD158
:1011A000DCF8042008F14A036261CCF804B045F889
:1011B00023B09368928903F11801C9F804B0616003
:1011C000A2F11801A16094F829102360E26021B116
:1011D00003F11E011E3A6160A26094F82A203AB120
:1011E000626884F8228002326260A268023AA260D9
:1011F0001A785B7842EA0323A383636B5BB1A36B2A
:101200004BB193F90E2061688A18626093F90E3031
:10121000A268D31AA360A36B63B11B7A042B04D119
:10122000304621467AF02ADA04E00B2B02D1204620
:101230001AF0ACDBBBF1000F40F0C4816269936926
:101240005B0613D5BB792BB9D4F88010384618311A
:101250006EF08ED863699B69180640F19581D6F8C7
:1012600030012946224601F0B5F9ABE123689888A0
:10127000D988ADF81000ADF8121018895989ADF869
:101280001400ADF818109889D989ADF81A00ADF896
:101290001C10188A598AADF82000ADF82210988ADF
:1012A00094F82910ADF8240041B1198B588B9B8B11
:1012B000ADF82810ADF82A00ADF82C30A38B13F44C
:1012C000807F03F4007304D104A9616723B108ABE4
:1012D00005E008A961670BB906AB00E00AAB6168DD
:1012E000236793683046C3EB010813F04DDA636956
:1012F000998988B1072940F247819A68A8F10608C0
:101300004244C8EB01089A60A3F80C80E26615E03D
:101310002C1D8900033801000D2940F235819A689F
:10132000A8F10E084244C8EB01089A60A3F80C80AB
:101330002389E266190A41EA03239381A36B6BB107
:101340001B7A012B0AD0032B08D0304651462A467F
:10135000234679F0C7DE002800F01681A36B33B175
:101360001B7A022B03D1304621467AF087D997F8B1
:101370005C339BB1E36E9B891A0A42EA0323934ACA
:101380001BB293420AD1304661690622002315F050
:10139000BBDD18B13046394649F006D9626FE36EBD
:1013A000118819805088588091889980216F088809
:1013B000D8804888188189885981616994F822E029
:1013C000C8890EF0070E20F007004EEA0000C88121
:1013D0001178C9070BD53168D1F88810D1F8D00140
:1013E0000130C1F8D001F968886D0130886597F83F
:1013F000591061B195F82410C80608D49989080AD3
:1014000040EA0121714809B2814240F0BD80D6F81E
:101410009811795C79B195F82410C9060BD49B8991
:10142000190A41EA03236A491BB28B4203D02639C9
:101430008B4240F0A980BB79EBB992F8008018F09C
:10144000010818D1D7F81831384693F874200132C2
:1014500083F87420D4F8801018316DF089DF616949
:101460005046FFF325F20121034642463846CDF8A7
:1014700000806DF0FDDFD6F8D0361B68FB58002BDE
:1014800035D01B68002B32D0D4F86C80B8F80C3003
:101490001A0A42EA03234D4A1BB2934227D197F816
:1014A000A73313B197F8F6330BB350466169424640
:1014B00012232BF0C1DB00283BD0B8F81030504687
:1014C0001A0A42EA0323616908F112029BB22BF067
:1014D000B3DB00282DD0636BD6F8D006003318BFDD
:1014E0000123394642467DF077D900284CD17B69EB
:1014F000002B2FD0D4F86C80B8F80C301A0A42EACE
:101500000323324A1BB2934224D1504661694246BA
:1015100012232BF091DB60B1B8F8103050461A0A54
:1015200042EA0323616908F112029BB22BF084DBCB
:1015300030B93368D3F888305A6E01325A6623E0E6
:10154000626B7869003218BF012241462B4643F096
:10155000B3DAC8B9D5F89431DB070BD594F8293044
:1015600043B9E36E9B891A0A42EA0323174A1BB266
:10157000934209D1636994F82920009330462946A3
:10158000636F26F045DC1DE033685A6BAAB16169D0
:101590001048CA89D3F88C3002F00702825C0E48EA
:1015A000855C50460C3503EBC5056B68AE680133AE
:1015B0006B60FFF37DF18019A860504661690022DD
:1015C00002F090DE0DB0BDE8F08F00BF8E88FFFF07
:1015D000B488FFFFBAD588006CE188002DE9F04F90
:1015E0004FF0000AAFB0CDF8B0A0CDF8B4A0D68AC5
:1015F000984610939B890446212B0F461546CDF83B
:1016000064A08DF84EA0CDF850A08DF857A08DF8AD
:1016100054A08DF88CA08DF858A011922B92CDF883
:1016200088A001D803684AE0D8F8089010464946D7
:1016300071F0D2D909F106030890C8F82C000B9379
:10164000B9F806301946ADF8483001F00C021846DA
:1016500001F0F00301F44071A1F5407E92081B09EE
:10166000DEF1000141EB0E01022A08BF4FEAD30A66
:10167000ADF84A205FFA8AF2ADF84C308DF855107B
:101680008DF85620B5F804E00EF0030EBEF1020FFF
:1016900004D100B2002801DADB0800E00023D8B250
:1016A0008DF85700002914BF2823222302B10233EA
:1016B00000B1043310988089984206D22368D3F889
:1016C00088305A6E01325A667EE399F80A3003F088
:1016D00001038DF8583009F11E030C9311B109F183
:1016E00024030C9300238DF859304AB10C9B5A788F
:1016F0001B7843EA0222DB0907928DF8593000E09B
:10170000079241463846FFF3D3F0109909908B6851
:10171000384606338B608B89063B8B819DF85930A8
:101720001BB1FEF365F501463846042202F084DD64
:1017300016F4404F9DF855200CBF4FF0000B4FF0B2
:10174000010B00232D9302BBBDF848300B9913F415
:10175000407F09D101F1100620460A315A462DABCF
:1017600078F00CDA2C9005E0D80501D50E1D01E0CB
:1017700001F10A062D9B23B92046314648F0F8D9DD
:101780002D902D9B003318BF01238DF85C302D9BCD
:1017900013F1000A9DF8583018BF4FF0010A43B901
:1017A0000B992046043148F009DA061C18BF0126BF
:1017B00000E00026D4F804321BB9236893F82C30DB
:1017C0006BB3236893F83E20002A08BF4FF0000A4D
:1017D0007EBBBDF84820D20506D49DF858201AB12A
:1017E000BAF1000F40F0F6829DF8552012B19DF835
:1017F00058203ABB93F82C30002B00F0C982BAF184
:10180000000F04D12046294658F064DEC0E22D9B2B
:101810009B79002B40F0BC824FF0010A14E09DF848
:1018200058301BB9002E00F0B38202E0002E00F009
:10183000D1829DF855302BB9BAF1000F00F0A88283
:101840009A4601E04FF0000A9DF856300BB39DF820
:1018500059304BB194F80E32002B00F09982109B56
:101860009A6942F040029A6107999E4A01F0070383
:10187000D25C9D498DF84E308A5C0799149201F034
:10188000100212118DF854200C9A8DF88C3002320F
:101890000C92109BD989988911F4005218BFB3F8A3
:1018A00050200C999B688218CB1A0E924146D21A8E
:1018B00038460D920693FEF3FBF7069B0B9AC31A6C
:1018C0000F93937DD17D43EA0123ADF8AA30BAF19D
:1018D000000F2FD12CAB00930E9B204601932DA916
:1018E0002B4618F0ABDE002840F0528274E22D99AE
:1018F000002900F04D820B9A20460A325B4678F0B0
:101900007BD82C90002840F06D820B9A2D992046B0
:101910000A325B4678F072D901462C9030B92368C0
:10192000D3F88830DA6E0132DA6631E2204677F099
:10193000D5DF57E2BDF8483013F4407F04D12D9B2A
:101940001B7C002B3AD106E09DF855301BB92D9B2E
:101950001B7C002B32D020462D990A325B4678F052
:101960004DD92C9018B913E22C9B1B692D931EB1F5
:1019700023689A6A2C9B9A622D9BD3F810210792B8
:10198000BAF1000F21D19DF85520F2B99DF85820E9
:101990001AB1BDF84820D00510D49979BDF8482077
:1019A00011B1D1050AD510E01B7C02F44072002B66
:1019B00014BF4FF4007300239A4206D02368D3F873
:1019C00088309A6D01329A65E2E12046294658F046
:1019D00081DD002388F8230083462D9888F8223083
:1019E0008379ABB9BBF1000F12D0594695F91D2090
:1019F000334658F0CFDD2946D4F8C426204658F0A7
:101A00000DDD3246014688F822002D9858F010DE90
:101A10002C9B93F8922112B9D3F8F42052B3BBF166
:101A2000000F27D0D3F8F010D3F8EC2042F821B003
:101A3000D4F88424517911F00100D3F8F01018BFC4
:101A400095F91F0003EB8101C1F89C0152795210F6
:101A500012F00101D3F8F02018BF95F9201003EB24
:101A60008202C2F8BC11D3F8F020013202F0070262
:101A7000C3F8F0209DF855202D9B0AB1DB6D3CE0AA
:101A80009A792C99002A31D04B6B25934B685A06D2
:101A90001BD59DF85620C2B1BDF8AA20100714D15D
:101AA00091F8D7208AB10A7DD2070ED4BDF848201C
:101AB000D0040AD59A0308D5149A91F8C930134175
:101AC000DB0702D520463AF00FD9BDF8483013F4B1
:101AD000805F2C9B5A6814BF42F4003222F400321B
:101AE0005A600BE0BAD588006CE188004A6B2592F9
:101AF0001A7C1AB9DB6DD80700D525932D98837908
:101B0000A3B9037C93B19DF858307BB9BAF1000FAB
:101B10000CD1079B83F806A094F80C22D3F8F03080
:101B20009A4203D084F80C3221F010DB9DF8583033
:101B3000FBB12D998B79002B40F02A810B7C43B1AE
:101B40000B98E23110300622FDF3E8F2002800F095
:101B50001F810B980430FEF3D9F150B92D9890F8FD
:101B6000453033B90B99043148F076D9002840F05C
:101B70000F81BDF8AA30089AA8F81C300B9BC8F852
:101B80002C201B7C2C9913F0010F099E4FF00007AD
:101B900007D0D1F854310133C1F85431F1E962234F
:101BA00006E0D1F850310133C1F85031F1E960233A
:101BB000921943EB0703C1E900239DF858309BB904
:101BC00099F8003099F801201A4399F8023013432C
:101BD0000AD0D8F82C10D4F85C016A8A78F0C6DBF9
:101BE0002C9B0899C3F85C1199F90330002B07DA94
:101BF0002368D3F88830D3F8A8220132C3F8A8228A
:101C000099F8033013F0300F07D02368D3F88830E9
:101C1000D3F8B0220132C3F8B0229DF85830002B1F
:101C200071D1D8F82C00236810F0407FD3F8886079
:101C300001D1C0B201E070F04DDD16283AD00CD8C9
:101C40000B2825D004D8022816D004285BD119E02F
:101C50000C2823D0122856D126E030283CD004D8B6
:101C600018282DD024284ED130E0602840D06C2890
:101C700044D0482847D135E0D6F838320133C6F889
:101C8000383240E0D6F83C320133C6F83C323AE014
:101C9000D6F840320133C6F8403234E0D6F8443248
:101CA0000133C6F844322EE0D6F848320133C6F884
:101CB000483228E0D6F84C320133C6F84C3222E0E4
:101CC000D6F850320133C6F850321CE0D6F8543200
:101CD0000133C6F8543216E0D6F858320133C6F84C
:101CE000583210E0D6F85C320133C6F85C320AE0B4
:101CF000D6F860320133C6F8603204E0D6F86432B8
:101D00000133C6F864329DF858301BB12D980BA9E9
:101D10001AF01ED99DF858302BBBD8F82C0010F0C3
:101D2000407F01D070F0D6DC00F07F00022809D09F
:101D3000042807D00B2805D0A0F11601484240EB3B
:101D4000010000E001200022E98895F91C30009292
:101D50000190A888090A800B02902D9803920490A4
:101D6000204609F058F92C994B685A030BD59DF879
:101D7000583043B9BAF1000F05D1D4F838010BAA95
:101D800033F038DE33E020460BAAFEF7F5FF2EE0F5
:101D900023685A6BC2B19DF85820AAB9109915480A
:101DA000CA89D3F88C3002F00702825C1248845C46
:101DB00038460C3403EBC4046368A56801336360E0
:101DC000FEF376F54019A06038461099002202F023
:101DD00089DA0CE0B24637E5BDF8483013F4407FAD
:101DE0003FF485AD2D9B002B7FF4C1ADBCE52FB03A
:101DF000BDE8F08FBAD588006CE188000B68C9682F
:101E0000DB691A6889B14B78012B0ED1B2F8BE306C
:101E100023F040031B041B0CA2F8BE30897889060E
:101E200044BF43F04003A2F8BE3000207047F8B52D
:101E300091E88800DC6903680D461A6892F86261CF
:101E400026B1D3F8600806F073FF0646F86DF9F77F
:101E500025F958B156B1E86858B14378012B04D040
:101E60000C23A3804FF0FF30F8BDA0610023A380B6
:101E70000020F8BD38B503684C681A6892F86251C2
:101E800025B1D3F8600806F053FF0546E06DF9F779
:101E900005F950B145B9D4F8A00300F0200000289E
:101EA00014BF0320002038BD032038BD2DE9F843BE
:101EB00091E808020568DC692B680E4693F86271A8
:101EC000D4F8008027B1D5F8600806F031FF074646
:101ED000D9F85C00F9F7E2F888B187B1F06888B109
:101EE0004278012A05D00C2323844FF0FF30BDE84F
:101EF000F8836062D5F86008414607F0D9FC0023FA
:101F000023840020BDE8F8832DE9F04F1C4692F8A9
:101F100001909B68D1F85CC089B0002723F4C063AE
:101F2000B9F1010F80460E461546CDF810C0059751
:101F30000697A36040F23C81D278AB7843EA022353
:101F4000012B40F03581A9F10203DBB2032B0ED83F
:101F50001CF0400F00F02C8104222DF0F5DC00284D
:101F600000F02681402363630423A36329E12F1D2E
:101F7000384696490322FDF3D1F08246002840F00E
:101F8000178140463146EA792DF0DEDC002800F06A
:101F90000F8104F1380B38465946FFF31DF0A9F1C3
:101FA0000603DBB2012B11D8049B5F0640F10081D0
:101FB0004046314604222DF0C7DC002800F0F880AE
:101FC000402363630423A3635746FAE06A7A2B7ABB
:101FD00043EA0223012B40F0EB8005F10A07384663
:101FE0007A490322FDF39AF0002840F0E180404650
:101FF00031466A7B2DF0A8DC002800F0D9803846F5
:102000005946FEF3E9F7A9F10C03DBB2012B06D820
:10201000049B580640F1CC8040236363CEE0EA7B0A
:10202000AB7B43EA0223012B40F0C08005F1100096
:1020300066490322FDF372F0002840F0B780EB7C84
:10204000012B01D0052B02D1049A510617D4062B7F
:1020500002D1049A120612D4D8F8002092F8622114
:102060002AB1082B03D1049A12F4802F05E0022B29
:1020700040F09C80049A12F0800F00F097805A1F65
:10208000D2B2012A01D9082B0BD1336D5B0504D4E0
:10209000049B13F4922F00F08F80A36843F48063B5
:1020A000A360336D5F0503D5A368580540F18480B4
:1020B00005F1100004A90022FEF31AF7002877D0DA
:1020C000049BA9F11202D2B2012A63638CBF2A7D5C
:1020D0000022B3F5802F01D151066BD5D8F87C06CC
:1020E000316D0DF11F0304F05FFA002864D09DF8F4
:1020F0001F301BB1A36843F40073A360A9F1140758
:10210000FFB2002F4AD095F801A0A9F11609C7EB3C
:102110000A0A05EB0A0393F803C003F1020B9B784C
:102120005FFA89F943EA0C2C4FEA1919002723E0DA
:102130000BEB0713023305931023ADF81C3004F1A9
:1021400014030093636B3046019306A905AA07ABFD
:10215000CDF80CC057F09ED901372028DDF80CC00F
:102160000AD1059A62B1069B53B101210091404604
:10217000214638F033D903E0674501D04F45D7D128
:102180005544EA78AB7853EA022317D0059BBBB1DC
:10219000069F002F0CBF3527002712E0404621463E
:1021A0003A463B46009738F019D90AE02B2708E059
:1021B0000C2706E02D2704E01F2702E0002700E09F
:1021C0003527384609B0BDE8F08F00BF223801003E
:1021D000F8B591E8280007685B681E683B6893F8CB
:1021E00062415CB1D7F8600806F0A2FD31460446B2
:1021F000D7F8600806F0A0FD064600E02646E86D28
:10220000F8F74CFF30B124B1002E14BF032000209A
:10221000F8BD2046F8BD2DE9F34191E84800076874
:102220005B680C46D3F800803B6893F862315BB181
:10223000D7F8600806F07CFD41460546D7F86008EF
:1022400006F07AFD074601E01F461D46F06DF8F7DF
:1022500025FFA0B19DB197B10122002101A8FCF397
:10226000F5F701A80521FEF3C9F30122A369F420C3
:1022700001A9FDF30FF52368A2695B681A620020CB
:10228000BDE8FC8173B503680C461A684D6892F886
:10229000626126B1D3F8600806F04AFD0646E86D93
:1022A000F8F7FCFEB8B11EB9D5F8A033980612D5E0
:1022B0000122002101A8FCF3C9F701A80521FEF3C2
:1022C0009DF30122A369F42001A9FDF3E3F423683F
:1022D000A2695B685A6100207CBD73B503680C4637
:1022E0001A684D6892F8626126B1D3F8600806F06A
:1022F0001FFD0646E86DF8F7D1FE98B11EB9D5F876
:10230000A0339B060ED50122002101A8FCF39EF705
:1023100001A80521FEF372F3F42001A90122A369AB
:10232000FDF3B8F400207CBD2DE9F3471746027A8F
:1023300004460E46D0F80090D1F800800AB1002B78
:102340006AD0E3199D7A002D67D098F8023194F88D
:10235000272003F01C039B08934238BF13463371B8
:10236000304630F093DD98F802314FF4005203F01C
:10237000030312FA03F3F36098F80231204603F0E6
:1023800003030D3386F83D31414607F1360A2FF03D
:102390000BD856F82A5045B94FF4417001F06CDF64
:1023A0000546002839D046F82A00284600214FF477
:1023B0004172FCF34BF702232B700023AF7085F8BA
:1023C000ED30D9F80030C5F8F48093F869318BB15D
:1023D000484649F041DC38B1E37C984228BF1846B2
:1023E00084F80434E07405E094F8043413B1E37421
:1023F00084F80404A27CE37C009294F82F204846E1
:102400000192D5F8F4103A4632F036DFD4F8503263
:102410001A6D01321A6500E01D462846BDE8FC87AA
:102420002DE9F041D0F8E822002507460E46A846DF
:102430002B46D2F8B0100432002918BF9846013359
:10244000182B0D44F5D128F007083046184908F13B
:102450000708FDF36BF105BB22E0D7F8E83204F181
:102460002C0253F82220642353433046B3FBF5F388
:102470001049FDF35BF1104B2340002B03DA013BC5
:1024800063F007030133072B05D1444503D03046E1
:102490000A49FDF34BF1013400E000244445DCDD42
:1024A00030460749FDF342F10020BDE8F08100BF4E
:1024B000225701002C570100070000803757010008
:1024C0001A2D890037B500230193079B0546032B7E
:1024D000144604D901A806990422FCF333F60E2C05
:1024E0002B6806D11B68002093F8D120089B1A6046
:1024F00001E06FF016003EBDF8B5C2690023074643
:102500000D461E46D1580433602B0E44FAD128469E
:102510001149FDF30BF1C6B10024FB69284653F8BD
:102520002420642353430D49B3FBF6F3FDF3FEF07F
:1025300004F00703072B05D1172C03D028460849C0
:10254000FDF3F4F00134182CE7D128460549FDF3DA
:10255000EDF00020F8BD00BF5C5701002C570100D2
:10256000375701001A2D89000020704710B51C460E
:1025700003699B794BB9880501D5101D03E0C90596
:1025800010D502F10A00214608E0CB0502D502F180
:102590000A0002E0880505D5101DA11D0622FCF3E6
:1025A000BDF580B9204602990622FCF3B7F568B163
:1025B000204603990622FCF3B1F500280CBF4FF02A
:1025C000FF30002010BD4FF0FF3010BD4FF0FF3046
:1025D00010BD00002DE9F04F5D4B07461868EFB0C5
:1025E0006A9015469A886C69ADF8AC2153F8060FCD
:1025F000A2686C909B880491ADF8B4317B68A98B7C
:10260000D3F814B06B6805919B1A9BB2D218A260E4
:10261000A289D5F81090D31AA3810026B84664E0A9
:10262000642E64D0A368E28903F10E0712F400520D
:1026300018BFB4F85020BF07A089998905D0474634
:10264000FB6E1A6C01321A645BE01218DFF808A105
:102650000F0A92B247EA01270392A18ADAF8002012
:102660000E3752F82120BFB21AB13A4AF91C0A407B
:1026700000E03A460399914205D04746FB6EDA6B7B
:102680000132DA633DE06AAA00926CAA01920498D2
:1026900005992A68FFF76AFF002832D1E3899B0475
:1026A00007D5B4F8503023B1A389FF1AA4F85070AD
:1026B00000E0A7812246D8F80000594619F0BCDE98
:1026C000E38995F8222023F0070302F00702134361
:1026D000E38106AB43F82640A28ADAF800300136DF
:1026E00053F82240039BC3EB0909002C98D14746BD
:1026F000B9F1000F01D105AB0FE0FB6E5A6C01324E
:102700005A6458466969002201F0ECDD1DE053F877
:10271000042F0021918209F10109B145F7D124B1BB
:1027200058462146002201F0DDDD00240BE006AB17
:1027300053F8243095F829200093386804999B6851
:1027400025F066DB0134B442F1D16FB0BDE8F08F03
:102750002B380100FCFF0100E80300002DE9F04FD9
:10276000B1B0DDF8F480079300230F922F9308F1A6
:1027700038023A9B0B92D1F808215B880C92079A99
:102780000E931388814603F0FC03A3F120077B42DC
:1027900043EB07030C463C9E856908932BB13A9B9B
:1027A0004FF0300B04330A9303E0089A4FF0100BFC
:1027B0000A920021282210A8FCF348F51AA800214B
:1027C0002822FCF343F5D5F86C332BB110A805F59E
:1027D0005B712822FCF3B6F40C9B0DF1400A03F167
:1027E00038070DF1680C3A46534628462146CDF885
:1027F00000C0CDF818C024F065DAD5F88434394625
:102800009B7824AF00220B986FF0BEDE3846002183
:102810002422FCF31BF508F14D03DDF818C02593C5
:10282000CDF898A0B8F868300DF1B40A50460021F0
:102830000822CDF89CC028932496FCF307F5736812
:10284000CDF800A0C3F300438DF8B43021465A46BA
:102850000023D5F894062E9753F03AD804F1DC0300
:1028600000F1060A079A0D938DE808042FAB0A328F
:10287000029307465946284604F1E203099220F0E4
:102880008BDE844618B91122A8F86820E9E02F9B56
:102890000022012119705A702A6A1268022A04D192
:1028A00094F92C210AB921221A70216D40F23712B5
:1028B0000A4032B194F858201AB11A8842F0100236
:1028C0001A8095F8722432B12A6A527D1AB11A8898
:1028D00042F480621A80B8F8682021465A80B8F81D
:1028E00020209A802F9B2DAA06338DE88C002F93F1
:1028F000D5F894065A460023CDF818C052F056DF9A
:10290000DDF818C0002840F09980009498F818204D
:10291000E368029003900192DA68284633466146E4
:1029200024F01AD8B8F8683023B13046022176F086
:10293000A5DB83E02F9B063B2F93B36898050CD54E
:1029400096F8243003F00303032B06D1D5F87C0658
:10295000214632465DF0C6DA83E0B8F820303146D1
:10296000A6F8CC30284676F0B9DF0C9A022192F80E
:1029700060300E9A3046934238BF1346A6F8FA30BC
:1029800076F004DED4F8EC30190309D52846214648
:102990001AF038DD012803D12846214646F0F2DE40
:1029A0002B689B6AF362089B53B10D980A99062223
:1029B000FCF3B4F320B148460999E26836F0A6DF8B
:1029C0000999E268484636F0C5DC2A68D4F8EC106C
:1029D00092F84F2011F4005318BF022312F00302A3
:1029E00005D0CA045ABF7268C2F3004200227F2198
:1029F0008DE806000B9806F13C0100226FF0F0DE36
:102A00002846314677F058DB606920B106F11401A1
:102A1000012201F0D9FFD4F8EC309B0404D5D5F89D
:102A20004C01214660F064DB2B6893F8693133B1C7
:102A300028462146012202F0BDFF00E0BA463B9B3A
:102A40003A9A01932F9B00920293484621460F9A8F
:102A5000079BCDF80CA00496CDF8148036F054D91D
:102A600005E048462146079A434635F029D931B05A
:102A7000BDE8F08F2DE9F04F8569E3B092469846A6
:102A80009DF8B421D5F864310C4607921BB19B79AF
:102A9000002B40F06A812B6893F82F30ABB1236D87
:102AA000990712D594F8A4307BB100F05FDFD4F819
:102AB000B0103EF0D7DE002800F06C810023C4F88F
:102AC000A830C4F8AC3084F8A430A3791BB12379C2
:102AD000002B00F04A81BAF800B01BF4804B65D09F
:102AE0000AF10A03284621461A46069376F080DF4B
:102AF0000746002800F03981D0F8D030002B00F0D4
:102B0000348198F803909DF8B8314FEA99190BB3C6
:102B1000D5F89C3253F82960E6B13369D3B1337AE2
:102B2000C3B1414603225BA8FCF30CF35BA806F19A
:102B3000140132690330FCF305F331695BA80331FA
:102B400008AA02F0AFDA6C9A08F10400111F08AA73
:102B500002F0CADA09F11C0954F8293093B11A6954
:102B60006C984146143308F0F5DCC0B9012300909D
:102B70000193029003900490214628461722069B59
:102B80001AF05ADDD7F8D00001F088DB0023C7F82F
:102B9000D03003230F2606934FF00109D2E06C9A40
:102BA00008F10408083A6C920F2601E05E465F4681
:102BB000B8F80230B8F8009006932B6893F86231A9
:102BC00073B1B9F1030F0BD16C9A079B009201937B
:102BD000D5F8600821465246434674F057D8C4E001
:102BE000069A032A00F2C180BBF1000F67D1012AC7
:102BF00040F0CC80B5F8AA0122F014D90AF10A0BF2
:102C0000031C214618BF012328465A4676F0F4DEFD
:102C1000014610B1284676F0F1DE284621465A4694
:102C200076F0E8DF0746002800F0B2804368DA0457
:102C300008D52A6892F83020002A40F0A98023F4B1
:102C4000805343602846394625F0B2DDB9F1000FC4
:102C500003D0B9F1010F2BD112E0B4F9543094F93B
:102C60004420384601211BB916B976F0B9DC01E0E1
:102C700076F01EDA97F8243013F001031DD118E026
:102C8000B4F95430012B18D03846494694F9442001
:102C900076F00EDA00238DE8080202930393049382
:102CA0002846214617225B461AF0C6DC0D2649E06D
:102CB0000023012200930192EFE7002E42D1002170
:102CC0000C225FA8FCF3C2F2344B0DF5927B5F93AC
:102CD000334B00212822584660936195FCF3B6F2ED
:102CE000069BADF8346153AE3046002120224A9352
:102CF000CDF824914B97FCF3A9F26C9A08F10603E6
:102D00000193931F00960293D5F894062146B022B2
:102D10005FABCDF868B152F003DEBDF834618EB917
:102D200087B197F82430D8070CD5284621460422CD
:102D30000AF10A0300960196CDF8089003960496CE
:102D40001AF07ADC069A2046531C01930023039361
:102D50000493079B0AF10A01059304F1DC023B4648
:102D6000CDF800900296FDF76DFC284621460AF149
:102D70000A0276F03DDE68B1A3795BB190F82430A9
:102D8000D90707D52B689B6A836203E00E26D9E733
:102D90000126D7E763B0BDE8F08F00BF11148400AF
:102DA000151484002DE9F04F9A46836EADF5077D2A
:102DB00081468669CB58D1F80C01919C0D460D9245
:102DC000DDF8408212930C90002C00F0AA820021C2
:102DD00031A86C22FCF33AF29DF848320D998DF837
:102DE000DC30B4F8CC303391CDF8D0A0CDF8C4901D
:102DF0003295CDF8D480369423B9206947F04AD86B
:102E0000A4F8CC00B4F8CC20D5F808310021ADF8F6
:102E1000E4204CA828221093FCF318F20D98BAF87D
:102E200000200388ADF82C2003F0FC03A3F1200060
:102E3000434243EB0003D9B28DF8473093B20A9373
:102E40004B010E9394F824300F9103F00303032BEE
:102E500003D1A368990500F13F82D6F864311BB114
:102E60009B79002B40F05782336893F82F30ABB139
:102E70002B6D9A0712D595F8A4307BB100F076DD62
:102E8000D5F8B0103EF0EEDC002800F04A820023B6
:102E9000C5F8A830C5F8AC3085F8A4300F9820B13B
:102EA000B8F1090F40F2378209E0B8F1030F40F2A0
:102EB0003282A8F104010AF1040B099104E0A8F19F
:102EC0000A020AF10A0B099200276763A7633046DA
:102ED00021463A4676F0B4D9099BCDF8F4B0012BDF
:102EE0003E93CDF8ECB040F316829BF80130099880
:102EF00002339842C0F20F8239460C2283A8FCF3B9
:102F0000A5F1704B394683936F4B282284936AABAB
:102F1000184608938596FCF399F156AA0DF5E87CBE
:102F20006B9260AA6C92604639462022CDF81CC094
:102F30006A94ADF8C871FCF389F1089B09997B93F9
:102F40003368DDF81CC093F84F30029103F003039F
:102F5000CDF800C0CDF804B08DF8E8310E9AD6F85F
:102F60009406294683AB52F0DBDCBDF8C8210E92F3
:102F700008B11746BFE1BDF82C30D4F8E000A4F842
:102F8000F83038B141780231FDF322F7D0F1010079
:102F900038BF00200B900B98EB6D8DF8E60023B145
:102FA0002A6D40F23713134013B92B6D5B060BD516
:102FB000D4F8E03043B9AB79002B00F08F81D5F81D
:102FC000EC30980440F18A81304656A960AA4CAB97
:102FD0001AF0F6DE002840F0858196F81C259DF851
:102FE00044319A4240F07E8194F8243099070BD501
:102FF00094F8D73023B130462146012239F0C0D9A8
:103000002046FE2176F03AD895F94430002BC0F2E4
:10301000718194F82430DA0740F16C81336893F8B9
:10302000A9304BB1D6F870012AF04EDD022803D149
:103030000A99CB0540F154816D2215A80021FCF3BB
:1030400005F10023DDF830E11A4612E086A8C11828
:1030500011F8E41C01F07F016C2909D81B48405C81
:1030600030B115AF40B2795432EA200228BF0122B4
:1030700001337345EAD16168336A21F00701616069
:10308000587D12F1000C18BF4FF0010C18B112B9A5
:1030900041F0010161605B7D33B10A99480503D4B9
:1030A000636843F0020363600A9A12F020021392ED
:1030B00003D0636843F004036360109B986B0023A4
:1030C00014E000BFB1118400CD13840058168900AC
:1030D0001099CA1892F83C20110606D502F07F021A
:1030E00015A98A5C002A00F0FD8001338342EFD1EC
:1030F000336893F84F309A072AD06D9941B34A78D4
:1031000030460232CDF81CC054F09CDA002207464B
:103110000092304621463A460023FBF701FCDDF8D9
:103120001CC0AFB151A810220130F91CFCF30AF009
:1031300051AA0023F11891F8011312F8010F084069
:10314000884240F0CF800133102BF3D14FF0020CB6
:10315000129B9C45C0F0C680EA6D22B1296D40F2F9
:1031600037130B4013B92B6D5B060BD5636B23B183
:10317000A16B40F237130B4023B92B6D13F0410FB5
:1031800000F0B8800A98C00618D5296D40F23713B0
:103190000B409BB9490601D50B9979B130460D9E7C
:1031A0000023012200930192029303930493294682
:1031B000172206F10A031AF03FDA9BE0E2B12A6D0A
:1031C00040F237131340BBB1D30715D594F8D6306E
:1031D000012B11D1636B7BB105F1DC03009305F189
:1031E000E2030193022730462946224604F11403E4
:1031F000029726F097D87EE0336893F830304BB9C9
:10320000336A1B68022B05D195F92C3113B9139839
:10321000002869D0336A1B68022B05D199F8003069
:1032200013B10A99480561D5304619F07BDDD9F80C
:10323000283098425CD2304629461AF0E3D8D5F8B7
:103240008430984254D2D5F8EC30990408D5D6F899
:103250004C0121465A46099B60F016DA002849D1F4
:103260000E9A4CA9ADF82C213FA82822FBF36AF74F
:103270000C99486B08B101F011D80F9A1AB1AAF154
:10328000060A08F106089DF847000C9B83F83C00ED
:10329000404600F0F1DF0C99486308B9886306E006
:1032A00042465146FBF34EF70C9AC2F83880012390
:1032B0008DF8F03104F11401002306227DA8ADF849
:1032C000F231FBF33FF731AB0093304629467CAA3D
:1032D000234635F051DD24E01E270CE00D270AE0DF
:1032E000162708E0122706E0132704E0192702E05A
:1032F000112700E00C2731AB0393484629467CAAEE
:103300000D9BADF82C71CDF800A0CDF8048002948F
:10331000FFF724FA05E0484629460D9A31AB34F010
:10332000CFDC0DF5077DBDE8F08F00BFD1F80C01B3
:1033300030B5446B4CB1816B39B190F83C50002DE5
:103340000CBF04250A25A94203D20021116019608F
:1033500030BD251D1560196090F83C0018B1063984
:103360000A34196014601A68043A1A6030BD00000B
:10337000024B00F00F0053F8200070477465010005
:103380002DE9F04FCB88D0F810218BB09B06054675
:103390000E460468D0F80C710892D0F804A11DD52F
:1033A000036D9A0712D558070BD501F16F00042160
:1033B0007CF0BADC90B906F1830004217CF0B4DC27
:1033C00060B994F8413513F0020F05E0DA0705D52E
:1033D00094F8413513F0010F40F02B832046294625
:1033E000728E16233CF0D6D8002840F04083738EAE
:1033F000204613F4404F0CBF002201220A3254F839
:1034000022902A46494621F069DFFF28804600F0D5
:103410002E8394F8903243F0040384F890322368AA
:1034200093F83B303BB12046294642465AF000D93A
:10343000002840F01C83236A186961F0DFD84045FA
:103440004DD0236A186961F0D9D8FDF387F383461C
:103450004046FDF383F3834509D1236A186961F07F
:10346000CDD808F4605300F46050984237DC7B6894
:10347000022B0AD1BAF8BE30DB0706D5BB68182B81
:1034800003D0089A536B042B29D1D4F85801414634
:103490004CF062DB204628F01FDC7B68022B08D151
:1034A000B5F954302BB9D4F8D4062946324651F038
:1034B000B5DA2046414626F041DF236893F83B30D9
:1034C0004BB1D5F83C335968D4F8C035994202D095
:1034D000204623F0ABD820461FF0ACDE0FE0D4F836
:1034E000580141464CF042DF48B1D4F858014146FA
:1034F0004CF032DB002120460A4622F00BD823682C
:1035000093F83B3093B1D5F83C335A68D4F8C035C2
:103510009A420BD0204628F0DFDBD5F83C3320461A
:10352000596823F083D820461FF084DE09F1500348
:10353000C822504631460993FBF304F6D9F800300F
:10354000AAF83280022B07D199F81580D8F101082A
:1035500038BF4FF0000801E04FF00008F38813F087
:1035600020030DD0236893F84F3013F0030307D0E6
:10357000D5F8EC3003F48053D3F1010338BF0023B6
:10358000DBB20AF1380B0793FF22B8F1000F18BF26
:1035900000238DE80C0058465946002243466FF040
:1035A0001FD9D4F884345846099901229B786EF0CB
:1035B000EBDF00282ED1B9F80820D9F80090B8F137
:1035C000000F05D120464146069220F03BD9069ACD
:1035D000BAF8323003F46053B3F5205F08D0B3F586
:1035E000C05F07D0B3F5805F14BF0A23142302E045
:1035F000A02300E02823FF2101910290CDF8008054
:103600000393D4F8843458461B79099904934B46A4
:103610006FF0AAD8D5F8EC3098040CD5294620468E
:1036200020F010D9FF2300930190594658460022FC
:1036300002236FF0D5D82046594623F0D9DA96F9FF
:10364000342020460032294618BF012246F0F2DC21
:1036500096F93430E3B9D5F80831012283F86020B7
:10366000D4F8440129465BF097D9284631463BF00F
:1036700023DA28460E213DF05BD82946204646F045
:1036800051DE204629467A68BB6845F007D8CCE170
:10369000D5F8EC30990405D5D4F84C0129465246AA
:1036A0005FF0BADC20462946324676F0A3DA80463F
:1036B00038B9204629463A460BB0BDE8F04F3BF0FA
:1036C0009D9F079AF2B1DAF86830BAF86C900C3323
:1036D000A9F10C0919464A462046069353F0CCDF5F
:1036E000069B844619464A462046CDF818C053F03A
:1036F00099DFDDF818C000220346009220464146BB
:1037000062460AE04368DA0309D5F3889B0606D4CB
:10371000079B2046009341461A46FBF701F9D8F86B
:103720000430D5F8EC2043F48053C8F8043012F488
:1037300000524FF07F0308F13C01009305D0079A37
:10374000584601920223002203E0079B584601934A
:1037500013466FF045D82046414676F0ADDC204652
:1037600029463AF0C1DD236893F862315BB1EB6D15
:10377000580308D5BAF8BE20D4F860084146C2F311
:10378000801206F095F898F8243013F00C0F40F0F2
:103790004681B5F954A02368C5F800A193F86231B9
:1037A000002B7DD0EB6D190605D5D4F860082946AD
:1037B00073F054DB10B9EB6D5A033CD50023294656
:1037C000C5F80031D4F8600873F032DA2946824631
:1037D000D4F8600873F040DA88B14FF480292046AD
:1037E0002946324608238DE800063DF019D830B14D
:1037F0000323C5F80031C5F85C909A461BE0D4F865
:103800006008294673F02ADBA0B14FF0800B4FF01F
:1038100000092046294632460223CDF800B0CDF8F3
:1038200004903CF0FDDF28B1C5F80091C5F85CB00C
:10383000CA4600E08246D5F80031032B0BD1D4F8FC
:10384000DC0629463246EB6D6CF002D818B1002335
:10385000C5F800319A46D5F80031032B20D1D4F8B1
:10386000600805F065FA50B1D4F86008414605F0EB
:1038700063FA20B1D4F86008294605F01FF9D4F89E
:10388000600829464246334673F092DA30B1284642
:1038900008210BB0BDE8F04F3CF04A9FC5F800A1ED
:1038A000D7F80490B9F1020F1DD1BAF1000F1AD167
:1038B000D4F8D4062946324651F0C8D898B1D5F884
:1038C0000801FCF32FF370B9D4F8D006294632462C
:1038D000C5F800917BF00EDAD4F8D40629463246BA
:1038E00051F016DBCA460C21404675F04FDE7B686E
:1038F000022B23D1089A536B093B012B1ED8934608
:103900004FF00009134616E00A2000FB0930D5F8F5
:103910000811623006220693FBF300F4069B30B9CF
:103920004FF49672ABF86820012283F8502009F119
:1039300001090BF10A0BDA6C9145E5D37B68022B88
:1039400033D12B7A002B30D0BAF1020F2DD1B6F83B
:10395000BE30DB0729D5089A536B042B25D0BB68F2
:10396000182B22D0284622F04DDF18B1284600211E
:1039700027F058D8284618213CF0DADED8F80C3069
:10398000D4F8D406D5F808211BB11969002908BF5D
:1039900000230093B6F862302946C3F34013019325
:1039A000434651F013DA064629E0284608213CF048
:1039B000BFDE4FF001090023CDF800A0CDF8049040
:1039C000029303930493B6F862303246C3F3401374
:1039D00005932846434608F11401FCF733FE23689B
:1039E000064693F869311BB12046494648F0D2D8C3
:1039F000A06839684FF4967200230CF02FDF46B1AF
:103A0000D4F888041B49B5F82E21334660F0F8DA63
:103A10000BE0A06839684FF49B72334603E0002244
:103A2000A068396813460CF019DFBB7F0133BB7700
:103A30001DE0F388708E23F46663F380FDF38EF04F
:103A400040F480501FFA80F8708EFDF387F0B6F8CE
:103A5000BE300E288CBF4FF44040002048EA0008DA
:103A600023F00A03A6F83280A6F8BE30B6E40BB005
:103A7000BDE8F08FA59084002DE9F04F9A46138899
:103A8000D0F80C61A3B003F0FC030993B36894462B
:103A90000B3BBAF80220012B04468B46DDF8B090B0
:103AA0000568D0F80471ADF828201FFA82F80BD809
:103AB0000CF1100039460622CDF818C0FBF32EF3A6
:103AC000DDF818C0034660B1099A2046B2F1100330
:103AD00018BF012300930023019306210CF10A0271
:103AE00048E0306C20B1069300F0D8DB069B73648D
:103AF000484600F0C1DB306428B1C6F84490514616
:103B00004A46FBF31FF32B6893F844303BB1D5F8DA
:103B10006001BAF802104AF037DCAAF80200B8F1E6
:103B20000B0F10D17368012B13D0B3680C2B10D07E
:103B300000230093214628465A463B463BF0C6D810
:103B400020460C2177E0B8F1000F16D0B8F11E0F17
:103B500013D07368204613F1FF3318BF012300937D
:103B600097F934303A46D3F1010338BF002301936B
:103B70000121434639F0AEDBC1E02B684FF000086D
:103B80009B6AA9F10602CBF82C300AF106030793D1
:103B90000892039304924346284621465822CDF8C2
:103BA0000080CDF80480CDF8088019F045DD41464D
:103BB0000C221FA8FBF34AF3524B41461F93524B72
:103BC000282220930DAB184606932195FBF33EF374
:103BD000BDF828200DF15C094146ADF83820484673
:103BE0002022CDF834B0FBF331F3069B089A1E93E4
:103BF000079B02920193CDF80090D5F894062146D8
:103C0000099A1FAB51F08CDE8046002877D1BDF8B1
:103C10003890B9F11E0F11D1129B2846F36421464A
:103C20003AF062DBF26CA86831681E3243460CF051
:103C300015DE204619213CF07BDD60E0D4F8EC3045
:103C40009B0406D5D5F84C015946079A089B5FF0AE
:103C50007BDDBAF80420A4F8F62095F87338A5F8AF
:103C6000582383B192042869C421920C44F0C6DA27
:103C700005F50660093039460622FBF363F297F832
:103C80003230A5F870387368204613F1FF3318BF3F
:103C90000123009397F934303A46D3F1010338BF3A
:103CA0000023019300214B4639F014DB204659468E
:103CB0003AF026DAD5F868329C4220D0E36DF3B9A9
:103CC000236DD8071BD5E36E591C18D01C3354F84C
:103CD0002320A2B1117A012901D003290FD15089E3
:103CE000D3798DE8030002F11401029100210491BF
:103CF0000591039728462146126954F0C3DD23B08D
:103D0000BDE8F08FD5548400616184002DE9F04F47
:103D1000A5B092460C939DF8B820D0F80C310D92C6
:103D20000993BAF80220D0F8043101F10A07BAF871
:103D3000049004460B9105680892384619460622FD
:103D4000BAF800B01FFA89F80A93FBF3E7F10028EC
:103D50002ED1284621463A4675F04ADE064600280E
:103D600026D0099A9368082B01D00A2B20D17268BB
:103D700042F4805272602A6892F8622172B1BBF1FB
:103D8000030F0BD10C9B0D9A00930192D5F860089C
:103D900021460B9A534672F079DF92E0082B02D14C
:103DA000089B022B03E00A2B07D1089A042A04D0AF
:103DB000002300932046062180E0B8F1000F06D0D2
:103DC000CDF800B0204601213A46434677E041460F
:103DD0000C2221A8FBF33AF23B4B414621933B4B8B
:103DE000282222930FAB184607932395FBF32EF25C
:103DF000089AADF84C900DF16409109241462022CA
:103E00004846CDF83CB01196FBF320F2079B0C9A84
:103E100020930AF106030193931F0293CDF80090BB
:103E2000D5F894062146B02221AB51F079DD002867
:103E300047D1BDF84C30002B3AD1BBF1010F37D13F
:103E4000089A022A34D10A2120463CF071DCF3683A
:103E5000129A06F114011BB11869002808BF00234B
:103E600003930D9B01204FF0030C4FF0000E8DE8E3
:103E7000015004920593204633460A9AFCF7E2FB70
:103E80002146064628463AF02FDA46B1D5F888048E
:103E90000F49B4F82E21334660F0B2D811E0099AE8
:103EA000A868116833464FF49B720CF0D7DC08E029
:103EB000191CCDF800B0204618BF01213A463DF04C
:103EC00025D825B0BDE8F08F6D6184007161840054
:103ED000A59084002DE9F041876806467D68B868A2
:103EE00051F805800C46FAF3D1F2C8F80400002816
:103EF00030D0635900215868E422FBF3A7F1F86839
:103F000054F80580FAF3C2F2C8F8080010B36359F8
:103F100000219868E822FBF399F163592949D3F805
:103F2000088033683246C8F80030986800230CF0E7
:103F30003FDDC8F8680068B163592349D3F80880A9
:103F400033682246986800230CF032DDC8F8C000C0
:103F500000282FD163599B68FBB1996E39B1336842
:103F600098680CF00DDD635900229B689A666359CE
:103F70009B68D3F8C01041B1336898680CF000DD3D
:103F8000635900229B68C3F8C0206359F868996898
:103F9000FAF3A2F2635900229A606359596861B139
:103FA000B868FAF399F2635900225A606FF01A0068
:103FB000BDE8F0810020BDE8F0816FF01A00BDE897
:103FC000F08100BF55BE84009DBC84002DE9F04FF8
:103FD0009FB006468B461446D0F800900493002B01
:103FE00000F0DE828368049A5B681146D358484625
:103FF0005D689B681CAA05931BAB36F043D860B183
:104000005CB9059C202204F148001B99FBF39AF04F
:104010002022E2804FF0870C0DE0062C00F2C382D4
:10402000DFE814F00700C1026F00C1026C01C10299
:10403000E4014FF0710C049C63464846716804F13A
:104040001402CDF80CC07DF03DDBDDF80CC08046DD
:10405000002800F0AC82BBF1030F06D1D5F8D030B8
:10406000B3F5802F08BF4FF0000BD8F80840ACF133
:1040700012039BB21B0204F1120A238200215F2269
:104080005046CDF80CC0FBF3E1F04BF088039BB237
:104090001A0AE27423752B8B05F11C071A0AA37503
:1040A00062754846394620221FF048DD04F11F00A2
:1040B00039462022FBF346F0DDF80CC0ACF1710C60
:1040C0001FFA8CF3BBB11A02A4F86F20023BDD2269
:1040D00084F8712084F872308749032204F1730058
:1040E000FBF330F0042384F8763004F177001C9958
:1040F0001022FBF327F00B235F462B604FF0000BE1
:104100005AE2BBF1030F07D1D5F8D070B7F5802F75
:1041100014BF0327002700E05F46D5F8D0008028B1
:1041200002D0B0F5802F04D147F49E5747F008071E
:1041300003E0042802D147F4E477BFB2D9F8003095
:1041400093F8624154B1F6F7A9FF40B1D9F860087D
:1041500004F0EEFD18B1B5F8D40000E02046AC88BC
:10416000D5F8D0300419A4B2802BADF8764002D037
:10417000B3F5802F25D117F4805323D0B6F81080E3
:1041800018F0010808D130463FF03EDD30463FF0E0
:104190005FDD013000F00B8233687168D3F87C0674
:1041A0005BF062DDB6F87C30BDF876202633C318AC
:1041B00012F007029BB205D0C2F108029B189BB215
:1041C00000E0002371341B19049C4846716804F117
:1041D00014029BB27DF076DA8046002800F0E78179
:1041E000846800215F2204F1120A2274617450462F
:1041F000FBF32CF03B0AE37427752B8B05F11C01B4
:104200001A0AA375627504F11F002022FAF39AF7C7
:10421000AA8804F17100A968FAF394F7BDF8763022
:104220001A0A42EA0323A4F86F30D9F8003093F851
:104230006231B3B1D5F8D000F6F730FF88B1D9F8C4
:10424000600804F075FD60B1AB68002B00F0B3812D
:10425000A888D5F8D81050445F30B5F8D420FAF3C8
:1042600071F7D5F8D030802B02D0B3F5802F33D141
:10427000F80431D521460DF1760230463FF074DC6A
:10428000BDF876301A0A42EA0323A4F86F30049A84
:10429000936899050FD533682246D3F87C06716878
:1042A0000DF176035BF02CDDBDF876301A0A42EA98
:1042B0000323A4F86F30A37B30460093294652466F
:1042C0005B463FF0ABDA013006D1D9F80400414635
:1042D000002200F007D866E194F86F2094F870305F
:1042E00043EA0223228AD3189BB21A0A42EA032322
:1042F00023820C2316E100BF3738010096F87A704C
:104300004BF4607B3F0107F030074BEA0707B6F834
:104310007CC0BFB20023BA0754BF0CF1710C0CF182
:10432000790C049C1FFA8CFCADF876304846634645
:10433000716804F11402CDF80CC07DF0C3D9DDF82A
:104340000CC08046002800F0328184685F234FF063
:10435000000B04F1120AACF112022374594684F8DE
:1043600011B05046FAF372F73B0AE3742775B6F8BA
:104370007C3006F1BE011A0AA375627504F11F00B4
:104380002022FAF3DFF6102206F18E0104F13F003D
:10439000FAF3D8F6082206F1FE0104F14F00FAF311
:1043A000D1F6B6F87C2006F15A0104F17100ADF89F
:1043B0007620FAF3C7F6BDF8763030461A0A42EA9C
:1043C0000323A4F86F30A37B29460093524607F0DD
:1043D00003033FF023DA013040F096804146D9F8DC
:1043E00004005A46FFF37EF7D846E0E0D5F8D03017
:1043F000802B03D0B3F5802F40F0D5803368AC8894
:10440000D3F87C067168ADF876405BF02DDCB6F829
:104410007C30BDF8762026337134C31812F00702C1
:10442000A4B29BB203D0C2F108029B189BB2E3185E
:10443000049C4846716804F114029BB27DF042D995
:104440008046002800F0B38084684FF0000C5F22A3
:104450004BF49C5704F1120A84F811C06146BFB2B4
:1044600022745046CDF80CC0FAF3F0F63B0AE37420
:1044700027752B8B05F11C011A0AA375627504F1CF
:104480001F002022FAF35EF60DF1780BA968AA88C6
:1044900004F17100FAF356F63BF8023D21461A0A80
:1044A00042EA0323A4F86F305A4630463FF05CDB03
:1044B000BDF876301A0A42EA0323A4F86F30336855
:1044C0007168D3F87C0622465B465BF019DCBDF8C8
:1044D000763030461A0A42EA0323A4F86F30A37BF1
:1044E0002946009352463B463FF098D90130DDF80B
:1044F0000CC009D141466246D9F80400FFF3F2F638
:10450000DDF80CC0E04652E094F86F2094F870306B
:1045100043EA0223228AD3189BB21A0A42EA0323EF
:1045200023820D232B604FF0010B45E0B3F5802F64
:1045300014BFFE23022300E00223504605F15C0174
:10454000082200F8053BFAF3FDF517F0030104D14A
:10455000D5F8D000FDF38EF10146BBF1000F0CD071
:10456000204605F18C0207ABFDF394F1F0B10AF19E
:104570004D0007A91022FAF3E5F573684146DA68A1
:10458000484624F093DF059CD9F80800D4F8C01001
:104590004FF47A7200230CF061D94FF0010806E065
:1045A000DDF8108003E04FF0000800E08046404650
:1045B0001FB0BDE8F08F9B460323E373D5F8D030DE
:1045C000802BB3D1B8E700BF2DE9F04F054689B085
:1045D0000E46D0F800A01F46002B00F087818368AC
:1045E0005B68FB585C68D3F80880D4F8D000F6F715
:1045F00065FD002800F07C81B8F1000F00F07A81A1
:10460000BB68580507D4BB6B03F00203002B14BF33
:104610000123022300E00323D4F8D000079380286D
:1046200005D0B0F5802F02D0042840F06581337D9D
:1046300096F8139043EA092919F00303069302D16F
:10464000FDF318F1069004F15C0B0120082306F13C
:1046500017015A46FCF3F0F5834500F04F812368BB
:104660000C2B00F0B7800D2B00F018810B2B40F0C5
:10467000458109F4DC73B3F5847F40F03F8104F198
:104680003C032022184606F11F010493FAF35AF561
:10469000BA68049B12F4806F09D12A68126892F8F4
:1046A0006221C2B1D4F8D020B2F5802F13D108F125
:1046B00048020092B8F806206968019204F18C0261
:1046C0000292A28A07F114000392E23104F11C0263
:1046D000FCF346F522E0696807F1140C6046E2310C
:1046E00006220493CDF814C0FAF318F5049BDDF804
:1046F00014C0002800F0028108F148020092B8F8C6
:1047000006206968019204F18C020292A28A604636
:104710000392E23104F11C02FCF322F719F4807FCA
:1047200010D0338A1A0A42EA03239BB25C2B40F270
:10473000BF803046069904F18C02FCF377F700281D
:1047400000F0DC80338A1A0A42EA03239BB25E2B14
:1047500040F2AE8096F86F1096F8702042EA01227F
:1047600002F15F018B42C0F0A380C2B1E188B4F8CE
:10477000DC30CB189A4212D106F17100E16806F1E3
:104780001209FAF3CBF488B1E388D4F8E010994425
:1047900009F15F00B4F8DC20FAF3C0F430B16868C6
:1047A00007F1140111227DF025D9A7E0002384F838
:1047B000CD302B68D8F8C01098680CF075D85846E2
:1047C0000821FDF35DF02846079902223B46FFF7DA
:1047D000FDFB93E009F4D873B3F5807F40F08E8041
:1047E00019F4807F08D03046069904F18C02FCF35E
:1047F0001DF7002800F08280002384F8CD302B685C
:10480000D8F8C01098680CF04FD8228A07F1140627
:10481000238B50468DE84400696804F1AC027DF0BA
:1048200089D8D4F8D030802B02D0B3F5802F02D1B4
:104830001023236018E0042B16D10D2323602B8A4C
:10484000D90707D428463FF0DFD928463FF000DAE1
:10485000013053D058460821FDF312F0284607993D
:1048600004223B46FFF7B2FBD4F8D030802B04D0B3
:10487000B3F5802F01D0042B08D16B685046DB685C
:104880007921009332460623FAF7D4FAD4F8D030CF
:10489000802B27D0B3F5802F30D123E019F4807F0F
:1048A00015D0338A1A0A42EA03239BB25C2B07D83D
:1048B000DAF80030D3F888305A6E01325A661DE0BB
:1048C0003046069904F18C02FCF3B0F6B0B1002337
:1048D00084F8CD302B68D8F8C01098680BF0E4DF6E
:1048E0001023236028463EF0F3DF07E0184606E079
:1048F000E92004E0404602E0002000E0012009B089
:10490000BDE8F08F2DE9FF470D9C064617469A46F5
:104910008946002952D0002C52D0836800685B6819
:10492000E3585D68D3F80880294606F01DFF092387
:104930002B60484639463022FBF382F0736848B159
:10494000626BDB6DB2F5802F0CBF03F4802303F0A4
:10495000800302E0DB6D03F00403C5F8D0300C9B4C
:104960003068029321462A464B468DE8800406F0C3
:1049700018FF30B37369012B02D1B8F8060000B3F9
:10498000002385F8CD303368D8F8C01098680BF054
:104990008BDF0A232B60A3685B0507D4A16B01F0B2
:1049A0000201002914BF0121022100E00321304649
:1049B00000222346FFF70AFB012002E0084600E040
:1049C000204604B0BDE8F0872DE9F04390E8600090
:1049D000D6F808318E465B8E174603F44043724684
:1049E000A3F5404EDEF1000389B004463146284667
:1049F00043EB0E0375F000D8804600287CD047B109
:104A0000E368002B78D120464146FFF763FA00287F
:104A100072D1A3685B6858F803309F68238AD9076E
:104A200002D420463FF04CD82B68C4F80C8093F891
:104A30006231ABB198F8D630032B0BD1D8F83430B3
:104A4000B3F5802F0CD12846414607F1480270F09B
:104A50001BDC0FE023B9D8F83430B3F5802F09D030
:104A6000238A9A0708D507F1480004F11A01202289
:104A7000FAF368F32023FB80FB88202B35D12B68C9
:104A80004FF00009D3F8E800CDF81890CDF81C904D
:104A90000590FFF3F1F3074600282DD005AB8DE814
:104AA000080228465021D8F810203B46F9F742FE6C
:104AB000D5F81805314606AA07ABFEF737FC07F113
:104AC0000C030093059B20460C3B0193E3680121F6
:104AD0000293069A079B40F0D9D92B683846D3F841
:104AE000E8300593FFF3DAF306E0706906F1190187
:104AF000327E43463FF054DA09B0BDE8F0834FF010
:104B0000FF30704770B50446D0F8880000220A21B3
:104B1000D4F8D8300D0A33F81230CEB2CB189BB28D
:104B2000013B46EA032605F0030503F440731D43E9
:104B30006FEA42636FEA5343A0F84035A0F820655E
:104B4000A0F82C55A0F84035D4F8D83033F81250DE
:104B500001324919062A89B2DAD1204698215A88A9
:104B600043F04CDBD4F8D83020469A219A8843F0A1
:104B700045DBD4F8D8302046DA881B889C2143EAEC
:104B8000022292B243F03ADBD4F8D83020465A8958
:104B90001B899E2143EA022292B243F02FDB20467A
:104BA000BDE8704040F0EE9CF8B503688E210446E5
:104BB000D3F8845442F0E0DC236840001B6886B2DE
:104BC00093F8643106F1500106F1940789B2BFB23F
:104BD00013B1002385F86D31D5F82031012B1CD09D
:104BE00002D3022B30D122E095F8E820012010FA00
:104BF00002F295F8583192B2FF2B03D010FA03F36A
:104C00001A4392B2204643F0F9DA95F8E8300122CF
:104C10009A402046394692B214E02046B5F82A213F
:104C200043F0ECDA20463946B5F82C210AE095F835
:104C3000E83001229A40204692B243F0DFDA204663
:104C40003946002243F0DADA95F81C2142B94C3695
:104C50004FF6FE7120463140BDE8F84043F0CE9A51
:104C6000F8BD0000D0F8941010B50831044641F0AA
:104C7000F3D803492046BDE8104041F0D59800BF65
:104C80006C4F010038B5437C04468B420D4606D07C
:104C900039B142F005DB38B94FF0FF3038BD0020A4
:104CA00038BD4FF0FF3038BD002084F876006574C1
:104CB00038BD00002DE9F0438BB0129F98460023C9
:104CC000032F04460D46139EDDF850900893099378
:104CD0000CD9042208A84146FAF334F2072F05D96B
:104CE00009A808F104010422FAF32CF25A2D0899BC
:104CF00000F0B38032D8212D00F0D08016D80E2DD0
:104D000000F0A78008D8052D5BD00C2D00F09D8009
:104D1000042D40F09B817CE0142DC0F09781172D6D
:104D200040F2A081202D40F09181C5E03F2D00F0A0
:104D3000F88009D8272D00F0CE803E2D00F0EC80C1
:104D4000262D40F08381D4E0522D00F02A81542D8D
:104D500000F02A81442D40F07981E7E06A2D00F0CF
:104D6000618116D8642D00F0408109D85D2D00F0D6
:104D70008680632D00F01B815C2D40F067817BE015
:104D8000682D00F0398100F23A81662D40F05E8195
:104D90002FE1792D00F0528109D8712D00F0468164
:104DA000782D00F04E81702D40F050815AE17C2D1D
:104DB000C0F04C817D2D40F255818C2D40F0468114
:104DC00063E0E06F98E8A000C66916F004060ED014
:104DD000002335FA03F2D607D9B203D401330F2BDF
:104DE000F7D119462A463B4604F0DADC2CE1294685
:104DF0003246022304F0CADE29462A460223E06F27
:104E000004F000DFE06F29463A46022304F0E0DEBA
:104E10002DE1B9F10B0F40F31C8100210A4602235A
:104E2000E06F04F0B3DE00210A4607460223E06F7C
:104E300004F0CEDE002105460A46E06F022304F0AE
:104E4000E1DE37607560B060FEE0E06F04F0B8DE70
:104E50003FE0D4F88000884902E0D4F88000874918
:104E6000FBF390F020B100210A46FAF327F630E078
:104E70004FF0FF333360E9E094F81C31E3E0003198
:104E800018BF012184F81C11DEE0099A4A4500F39D
:104E9000E0802046334640F069D845E0072F40F2D5
:104EA000D8800029C0F2D88002230093E06F01224D
:104EB000099B04F01DDFC7E0032F40F2CA800029E0
:104EC000C0F2CA80022300930022E06F134604F070
:104ED0000FDF3060B8E00B2F40F2BB800029C0F23A
:104EE000BB80099B002BACBF6FF016066FF001066C
:104EF000BDE0072F40F2AD800029C0F2AD80099AD5
:104F0000002AC0F2A98000250095E06F2B4604F02E
:104F1000FBDE30602E46AAE0E06F314604F034DE5E
:104F200002E0E06F05F006D80646A0E02368986826
:104F30000BF046DD0746E06F04F09ADE10B3E06F39
:104F400004F0B2DE054618B9E06F012105F004D87F
:104F50003368E06F0093736808360193002302966C
:104F600003934168D4F88820A368FAF3A1F00028DD
:104F700014BF4FF0FF3600266DB9E06F294604F0EC
:104F8000EBDF08E0E06F04F067DE002814BF6FF08D
:104F90001D066FF016062368394698680BF018DD79
:104FA00065E0D4F860314EE0D4F864314BE031462E
:104FB000102204A8FAF3C6F0059D0C352846FFF32D
:104FC0005BF1044600284AD031462A46FAF3BAF08B
:104FD000238820461B0B012B04D0FFF35FF14FF019
:104FE000FF3644E0FFF35AF13CE0236893F81836AB
:104FF00029E04FF4B06326E0B4F81E3123E089B213
:1050000001292FD80323A4F81E112046009319B1BB
:1050100020220221134602E002212022002342F036
:1050200083D811E0204640F08BD952E74B1C022B6D
:105030001BD8204649B242F0DDDB75E7C4F83811D1
:1050400002E0D4F838313360002610E06FF01D061E
:105050000DE06FF00D060AE06FF0010607E06FF05B
:105060001A0604E06FF0160601E06FF01C063046E9
:105070000BB0BDE8F08300BFFA6C8900026D8900B7
:10508000F0B587B004460668D0F8885000210C229D
:1050900002A8FAF3DBF0002320464FF0FF31704AFC
:1050A000059342F031D823681B6893F8693113B136
:1050B000204640F08BD8204643F014D84FF40037F8
:1050C000204640F039DC009704233069242105AAEA
:1050D00041F0AADA00210A46E06F04F081D9614963
:1050E000204640F0A1DE2046FFF70CFD02A9204635
:1050F00040F05EDB20468021082243F07FD80A2260
:1051000020465C2143F07AD82046D4F8201140F0A4
:10511000EDD9554A2046554941F0F6DF4FF000439E
:10512000C5F888314FF00073C5F88C314FF48043D7
:10513000C5F828314FF480336B620121204641F0DD
:10514000D9DFE06F04F0F0D8A4F81201A5F8A806A2
:1051500016212046B4F8482043F050D82046C021FC
:10516000B4F86C2043F04AD82046C221B4F86E202F
:1051700043F044D82046182104F1A40202230097EA
:1051800041F09EDA022320461C2104F1A60200977A
:1051900041F096DA96F858361BB1002386F8583657
:1051A00006E000973069242105AA042341F088DA3B
:1051B00020464421B4F8A82043F020D820464621B8
:1051C000B4F8AA2043F01AD8B5F888361B051B0D91
:1051D000A5F888360123A5F89C360025B563631928
:1051E000586910B1224B5B6898470435182DF6D1E9
:1051F0001F4D6069AB6D98476B6F6069984720469B
:10520000002142F0BDDC23681B6893F8693113B1BB
:10521000204640F00DD8A36F2046598B4FF4807282
:10522000CC3142F0EBDF637C032200921022002B92
:1052300014BF134600232046042141F075DF2046A9
:10524000AE2142F099D94FF4D8634000C4F824014C
:10525000C4F82831304640F091DC07B0F0BD00BF03
:1052600004040004943E01000000024000000640D7
:1052700010A7880070B5036804461B6893F869316D
:10528000002B00F08180836F598B363142F074D946
:10529000236D0646D80777D5636D190674D4E36F7E
:1052A0009A69920002D5DA69D00704D5DB69D9077B
:1052B00001D45A0768D5E36E9B0065D5D4F88830D1
:1052C0004FF49675B3F8B42692B242F00302A3F8F5
:1052D000B426D4F88820B2F8B83623F0C0031B04F3
:1052E0001B0CA2F8B836236DD80719D5636D1906C3
:1052F00016D4E36FDB695A0712D5E36E9B000FD516
:10530000D4F888300121A3F8F016D4F88830B3F827
:10531000F22692B2130A03F00F0302F03F0213E0E9
:10532000D4F888300022A3F8F026D4F88830012180
:10533000B3F8F226A3F8F016D4F88830C2F30512B9
:10534000B3F8F236C3F30313042A02D10BB1042ECF
:1053500002D04FF4FB750AE06420FEF37BF4013DBC
:10536000C1D1F6E7013D08D00A20FEF373F4D4F86A
:105370008830B3F8B626D007F4D4B3F8B82692B282
:1053800042F0C002A3F8B82670BD38B58B79054647
:105390000C463BB190F88E22002A21D190F88F2242
:1053A000002A20D10122627193B12B6893F86231F7
:1053B00073B1E36D58030BD5D5F8600803F0B8FC62
:1053C00030B1637923B1D5F86008214603F076FB4C
:1053D000A07950B128462146BDE8384044F0A29F4C
:1053E0004FF0FF3038BD4FF0FF3038BD43690BB987
:1053F0000223436183690BB914238361C36913B921
:105400004FF41673C361836813B94FF47A738360E2
:1054100003690BB9034B0361C3680BB9024BC3604B
:10542000704700BF00350C00804F12002DE9FF4788
:1054300003680446D3F80090D9F810309B6FB3F896
:105440001AA099F81930002B5AD040F2A476002502
:105450003146D9F8100042F08FD8B11C0746D9F870
:10546000100042F089D86B08023504AAEDB202EBB5
:10547000830347EA00400436062D43F80C0CE7D1BD
:105480000AF1A40A5146D9F81000019F039E029D1B
:1054900042F072D851468046D9F8100042F06CD8DC
:1054A0004BF6FF7202405146D9F8100042F0A6DEDA
:1054B000236A9F4202D2DB43D81900E0F81A636ADC
:1054C0009E4202D2DB43991900E0F11AA36A9D4281
:1054D00002D2DB435A1900E0EA1AA3682762984215
:1054E0006662A56203D3032384F838300AE0236997
:1054F000994207D2E3689A4204D2C8F3803002E0AE
:10550000F52000E0012004B0BDE8F087F7B5099D63
:105510000023032D06461746089C009301930BD9E0
:10552000042268462146F9F30DF6072D04D901A897
:10553000211D0422F9F306F61C2F07D1D6F880307E
:10554000002093F838200A9B1A6001E06FF01600E3
:10555000FEBD2DE9F041044616461F460D460029C2
:1055600000F09D8030F0C4D8D4F8A031804693F884
:10557000661093F86C20002940F08880002A40F0E3
:105580008580998842F20E72013989B291422DD8F4
:10559000206940F2EA3140F0D3DD90B120694FF448
:1055A0007B7140F0CDDDD4F8A0319A8841F64B53A1
:1055B0009A4204D9206940F2ED3140F0C1DDC5B214
:1055C00000E00546206940F2EB3140F0B9DD0123EF
:1055D00030B13B70D4F8A031002283F86E2033E064
:1055E0003870D4F8A02182F86E302DE05A8D9107E2
:1055F00006D5206940F2EE3140F0A2DDC5B223E0CD
:1056000012F0010214D0B3F87B10002973D0B3F864
:105610007920002A6FD00A20414391FBF2F2062A3A
:1056200069DDB3F87130012B67D0022B0DD166E034
:1056300032703A70D4F8A021012382F86C30D4F88B
:10564000A02182F86E3000E03DB900233370D4F819
:10565000A031012283F86C201BE0D4F8A03193F82C
:105660006D20022A07D9012283F86620D4F8A031E0
:1056700083F8675002E0002333703B70D4F8A03108
:1056800093F86D20013283F86D2002E00AB1002307
:105690003370D4F8A031C3F86880BDE8F081D0F849
:1056A000A03193F866202AB9DB6E13F0FF1F13D1E7
:1056B000BDE8F081022213462FF03EDC0123204694
:1056C000294602222FF038DCD4F8A03183F8665046
:1056D000D4F8A03183F86750D4F8A021002382F8D1
:1056E0006C30D4F8A02182F86E30D4F8A02182F872
:1056F0006D30BDE8F0810625AFE70225ADE708254E
:10570000ABE770B5036886B00C460546002103A8D8
:105710000A221E68F9F39AF5BDF80C3043F0100325
:10572000ADF80C3094F8AC30A3B1D4F88830D3F88D
:105730002031D8070ED5204642F0B8D90222009277
:105740002046BDF80C300021102241F0EDDC20464F
:1057500041F064D9012185F83910336A186901F0E4
:10576000C4FA06B070BDF0B5036887B00C460746B2
:10577000002103A80A221D68F9F368F5BDF80C3072
:1057800023F01003ADF80C302B699B6F5E8B94F8FF
:10579000AC30002B3CD0D4F88830D3F82031DB0774
:1057A00036D5204642F082D90222BDF80C30009254
:1057B00020460021102241F0B7DC236DD80724D504
:1057C000636D190621D4E36F9A69920002D5DA69F4
:1057D000D00704D5DB69D90701D45A0715D5E36E84
:1057E0009B0012D5D4F88830B3F8B82692B242F0B4
:1057F0004002A3F8B826D4F88820B2F8B83623F0CF
:1058000080031B041B0CA2F8B836204641F006D9D1
:10581000002487F8394006F136012869224642F013
:10582000EDDC06F108012869224642F0E7DC06F1CA
:10583000F80122462869A43642F0E0DC31462869A6
:1058400041F09ADE4BF6FF7202403146286942F081
:10585000D5DC2B6A97F83910186901F046FA6B7E8F
:1058600043B1286940F2A47122460C2342F0DAD8F1
:10587000204601E06FF00A0007B0F0BD7FB551F897
:10588000383B00221868D0F86832009201920292E8
:1058900001220391049219469822DC3317F0CCDEE2
:1058A00007B000BD38B50446FFF7A0FD94F83830C6
:1058B000032B04D02046FFF7B9FD054600E0002584
:1058C00094F83830013B032B73D8DFE803F0021360
:1058D000304C01202146FFF7D1FF012D08D1E36AAA
:1058E000626901339342E36263D3022384F8383060
:1058F000002351E002202146FFF7C0FF012D4FF0A9
:1059000000030BD1226BA16901328A422263E36258
:105910004FD3032284F83820236338BDE26A6169DB
:1059200001328A42E262236343D3012232E0032040
:105930002146FFF7A3FF94F83930012B07D1204609
:105940006168FFF710FF002323626362A362636B49
:10595000E2690133934263632BD30023636304231F
:1059600084F8383038BD04202146FFF787FF94F8CB
:1059700039301BB920466168FFF7C3FE012D4FF097
:1059800000030BD1E26A616901328A422363E26259
:105990000FD3032284F83820E36238BD226BA1695B
:1059A00001328A42E362226303D3012284F8382061
:1059B000236338BDF7B50368044693F83C20002AFA
:1059C00040F0AC8093F86931002B00F0A78044F0E0
:1059D0006BDF022840F3A280204644F003DF00285A
:1059E00000F09C80206940F059DA23680646DA6EA0
:1059F000D4F86872002A40F091801B7E002B00F0E2
:105A00008D8094F8D4312BB120461FF067DA00283E
:105A100040F08480D4F8A0315A6B5278D1070CD46E
:105A2000DD795DB1D4F86832D3F814311B695B427B
:105A3000AB42CCBF0825002500E0002506F004039A
:105A4000002B18BF0825BB7916F0100618BF4FF4BD
:105A5000007623BBD7F8083193F93430FBB13B7A99
:105A6000EBB13B7C23B107F1DC00FAF35BF2B0B998
:105A700094F88D32012B12D194F88E3223B1D4F8E0
:105A8000180535F019D850B9FB6DA3B13A6D40F245
:105A9000371313407BB197F86030D3B10BE094F823
:105AA0008D325BB1D4F88C221D4B1340B3F5807F4F
:105AB00010D13B7C73B13543ADB20BE094F88E321C
:105AC0003BB1D4F8180534F0F7DF002808BF0025F3
:105AD00000E01D46022120464FF402722B46009141
:105AE0001FF060DC354219D00023D4F86422D1586D
:105AF00089B18A797AB90A7A6AB10A7C5AB1D4F83A
:105B0000440158F0E9DE0146D4F8440103B0BDE891
:105B1000F04059F0A9990433202BE6D103B0F0BD31
:105B200000FFFF002DE9F84305680446D5F8A031D1
:105B3000D0F83480D3F810902B699B6F5E8BFDF307
:105B400015F7A36CA064C31AB3F5617F01D2BDE859
:105B5000F883204645F0BAD984F83000204644F056
:105B600033DF84F83100204645F088D894F845307A
:105B700084F85A005BB194F8403084F8303094F8DF
:105B8000413084F8313094F8423084F85A3098F833
:105B900001305B0721D5E76B284694F9311094F961
:105BA000302094F95A30B8475FFA89F948450746DA
:105BB00013D02846394645F0A7D82869026D12F45B
:105BC00080020AD14EB1012F06F1A40101D1602358
:105BD00001E06022134642F013DA28460122D5F88C
:105BE0006812FFF7E7FE98F80130980715D5A66B05
:105BF00094F95A30284694F9311094F93020B0477E
:105C000094F832300646834207D02846044932468B
:105C10001FF0F8D808B984F83260BDE8F88300BFF7
:105C20006FB0890073B504680546204644F0DADD9C
:105C3000D4F8A031064693F85E20013283F85E2046
:105C4000236893F86931002B4AD0002848D0236A92
:105C50001B68022B44D1012803D12046294645F078
:105C6000B5DB6B6B5B78DB0703D52846FFF75AFF84
:105C700036E0204645F05CD8D4F8A031DA7A72B12B
:105C8000D4F86812D1F8141109694942914206DD2D
:105C9000721E012A1ED95E73204601210EE09A7AF7
:105CA0007AB1D4F86812D1F81411096949429142C5
:105CB00007DA042E0ED05E732046042145F024D866
:105CC00008E0597B31B1204645F01ED8D4F8A03108
:105CD00000225A732046D4F868120122FFF76AFEA8
:105CE000236893F86921002A51D0226A1268022A97
:105CF0004DD101228DF806208DF807204EB3042ED9
:105D000027D093F8412022B393F842200AB3D4F865
:105D100064210AB19279E2B993F83E30CBB1D4F85C
:105D2000A03142F20E729988013989B2914203D9A9
:105D3000598D11F0030105D0013E012E09D82046EE
:105D4000012100E020460DF107020DF10603FFF7E7
:105D500000FC9DF807109DF80630A1F101025142A8
:105D6000A3F1010041EB0201434243EB0003022295
:105D70008DF80630204613468DF807102FF0DCD83A
:105D800020469DF80610022201232FF0D5D8236863
:105D900093F8693123B1236A2846196845F00CDF6E
:105DA000D5F88000FFF77EFD00207CBD2DE9F0478F
:105DB00005689A462B68044693F844008EB00F4657
:105DC0001646002838D00DF10C094FF000080021CC
:105DD00024224846F9F33AF2414608220CA8CDF8AD
:105DE0001080CDF80C80F9F331F242464346D5F8E5
:105DF000C0063946CDF8349051F0FADCD4F844416D
:105E000080460FE08DE8400101330493D5F8C006C9
:105E100039464FF6FF720CAB059451F0C9DC50B90E
:105E200024684644049B002CECD1039A01209B1863
:105E3000CAF8003000E000200EB0BDE8F08702682C
:105E40000146D2F86C31D2F8D80603F5C67203F5D4
:105E5000CE7305F077B8000000487047C4580100C1
:105E6000024B542202FB0030704700BFBC650100AA
:105E7000004870476466010038B58B781C1DA2424B
:105E800030D30A78012A30D1142B34BF1A46142299
:105E90004B78022B04D0032B1ED0012B28D101E01C
:105EA000002315E0002307E0CC18257990F8234063
:105EB00001332C4380F8234001309342F4DB0FE0A0
:105EC000CC18257990F8234001332C4080F82340EA
:105ED00001309342F4DB03E024300431F9F332F172
:105EE000002038BD6FF00D0038BD6FF0240038BDC4
:105EF000002038BD38B5044610468A78151DAB42DF
:105F00000FD30B78012B0FD1142A28BF142214238E
:105F10008270C37004F124010430F9F313F10020FE
:105F200038BD6FF00D0038BD6FF0240038BD9829E2
:105F300070B504460D46164611D8243012B1FAF356
:105F40005DF501E0F9F3D6F72C2D0BD10121321CC0
:105F5000A06818BF01221DF071D9002070BD4FF05C
:105F6000FF3070BD002070BD70B505460C464EF088
:105F700067D8064680B190F861309BB9836923B930
:105F8000E420FEF37FF1B06130B1F36953B9E8204A
:105F9000FEF378F1F06128B928462146BDE870404B
:105FA0004DF04E9E70BD00002DE9F04F9A469BB01B
:105FB0000D46D1F80C31D1F80461002800F0318190
:105FC00089794468002940F02C81297C002900F05F
:105FD00028819AF8011002291FD19B68182B1CD127
:105FE00002F10A00D5F808110622F9F397F0A0B9DA
:105FF0000AF1080031460622F9F390F068B920460C
:106000002946D5F8082173F0F3DC30B12046294643
:10601000324673F0EDDC074620B900230093284692
:10602000062138E0BAF80E308BBB00210C2217A8ED
:10603000F9F30CF17C4B0DF1140917937B4B002104
:1060400028220DF13C08484618931994F9F3FEF004
:106050000023002120224046ADF82430F9F3F6F069
:106060000AF110030193249BCDF80080103B0293AA
:10607000D4F8BC062946D02217ABCDF8589051F081
:10608000D3DB002840F0CD80BDF824302BB10222B4
:106090000092284601213246C1E0D5F8103193F82C
:1060A000F430F3B9D5F818311B7AD3B994F890329B
:1060B0002846590744BF23F0040384F89032012195
:1060C00024F0B0DCD5F81031012283F8F4204FF42D
:1060D000FA70FDF3BFF594F8903243F0040384F8AE
:1060E0009032B6F83280236AD3F804B008F4404303
:1060F000A3F54042D2F1000A4AEB020A003318BF6E
:1061000001230A3354F8239008F46053B3F5005F79
:1061100003D14046FAF3A2F5804608F46053B3F584
:10612000C05F27D1236893F84F309B0714D0D4F871
:106130005801D9F8041049F00FDB00070CD499F886
:10614000E530990708D5D9F80030022B12D1D5F8DF
:1061500068339B789A070DD54046FAF3FFF440F474
:1061600080539BB20E288CBF4FF440484FF000087C
:1061700048EA0308236A18695EF040DA40451CD0FB
:106180004146D4F8580149F0E7DC204625F0A4DD6B
:106190002046414624F0D2D8236893F83B304BB1D7
:1061A000D5F83C335968D4F8C035994202D020461E
:1061B00020F03CDA20461DF03DD8204606F138019B
:1061C00020F016DDD34524D0236A204639465A688C
:1061D0002B4673F03DDA2368206A93F84F30503035
:1061E00013F0030307F13C0108D03B69D3F8EC300E
:1061F00003F48053D3F1010338BF00237F228DE8DD
:106200000C00002213466CF0EBDA2046394673F09E
:1062100053DF022300210093284632460B463AF012
:1062200075DE1BB0BDE8F08FA9B885000DBA8500FA
:106230000B89F0B5C48F03F0F0060419360934F861
:106240001650428FB0F83CE0013634F81670CC6836
:106250008218864487B052190EEBC50E2CB14E69D8
:10626000C4EB060C8E69664400E026467D1BADB289
:10627000CDF800E00195C06802900868049403908E
:1062800005964868194600234FF084DF07B0F0BD3B
:10629000F0B50C460989C58E01F0F006878E4519C8
:1062A000360935F81630C7194FF00C0E0EFB037780
:1062B00087B0428E0136009735F816508218ED1AD5
:1062C000ADB201958068D218029020680023039037
:1062D000A0690490E069059060684FF041DE07B066
:1062E000F0BDF0B50C460989C58E01F0F006878E29
:1062F0004519360935F81630C7194FF00C0E0EFB4C
:10630000037785B0428E0136009735F81650821813
:10631000ED1AADB201958068D21802902068002372
:10632000039060684FF0F6DE05B0F0BD2DE9F34153
:10633000B0F81280878AC68A84798044C719861982
:10634000F4B9254605F00F0336F81310013336F87B
:1063500013208A420ED00C4B521A181980884FF025
:106360000C0E009092B208EB0100E3580EFB017195
:106370004FF0CEDF013508340D2DE3D1002001E0D0
:106380006FF01600BDE8FC81685901000378FF2B0F
:1063900001D018467047437813B18078FF307047BA
:1063A0004FF6FF70704791E80C0009895268B029D8
:1063B00002D11268032A08D090F8420630B1D3F80F
:1063C0006433587810B102307047002070470620BF
:1063D0007047036873B50446D0F82454D4F81C14ED
:1063E00098680AF061DA26E0EE690BBBD4F8243431
:1063F00005F10E029D4208BFC4F8246420682146BE
:1064000073F0F6DA024640B1012102238DE80A005A
:1064100020682146002372F053DF2368294658681C
:1064200051F088DC94F82034013B84F8203401E0FA
:10643000013BAB6135461DB1AB695A1CD4D116E0A6
:106440002368D4F824249868D4F81C143AB90AF0C4
:1064500097DAC4F81C5484F8205402B070BD42F29C
:1064600010722B4602B0BDE870400AF0F799FEE7C3
:106470007FB5D0F824040E4615461C4698B104ABEF
:1064800043F8040D00200093014632462B4651F09C
:106490009FDC40B94EF660235C4342F21073B4FBBC
:1064A000F3F4039B9C6104B070BD00002DE9F04142
:1064B0000546D0F80080D0F81441FDF357F2D8F823
:1064C0002030064618695EF099D8D5F808315B8E01
:1064D000834259D113F4404F09D1D8F8003093F8D2
:1064E000693123B1404640F00FD800284CD0A36C4E
:1064F000002B53D0E16C721A9A424FDB94F8503063
:106500001BB122695BB2934248DB94F84430FBB183
:106510002769EFB1FF1AD8F8C4366FF0C702974267
:10652000B8BF174613B19F42B8BF1F46B4F90E302B
:10653000002B03DA1A483246F8F3AEF6002213466F
:106540002846394654F026D8D5F80831228A5A858B
:1065500094F8453013B3676907B3FF1AB4F93A30BA
:1065600027EAE777002B04DA0E48E16C3246F8F3AD
:1065700093F628463946002254F05AD8D5F8083107
:10658000A48A9C85BDE8F081D5F80831DA8DE36CEA
:10659000D318E3649B1B002BC8BFE664BDE8F08101
:1065A000AEC58900DFC5890010B5002012F0400497
:1065B000187002D012F0800F15D011F4007005D0C1
:1065C00012F0800F02D00120187010BD490501D5CE
:1065D000130605D530B9D4F1010038BF002010BD35
:1065E000002010BD012010BD2DE9F04F836B0D463A
:1065F000596C044640F2395087B0924600228142DD
:106600008DF8172003D040F28B50814208D1B4F8A6
:10661000522002F44042A2F540414A4242EB0102BC
:106620001869039268F072D828B3D4F8E4235AB1F9
:10663000D4F8F803012169F07FDE28B9A36BD4F800
:10664000E413986869F0A8DC94F8943083B9D4F81E
:10665000F803B4F85210012269F038DEC4F8E403FC
:1066600030B1BAF1000F03D120465EF04FDD46E1B4
:106670000023C4F8E433B4F85210A36B01F4605162
:10668000B1F5005F986805D0A1F5C052514241EBC9
:10669000020100E0022169F071DC0646002800F0EA
:1066A0002E8135B120462946B4F8522033465EF09B
:1066B00007DDB4F852904846FAF350F209F46057F7
:1066C000A36BB7F5005F986805D0A7F5C053594292
:1066D00041EB030100E0022169F050DCA36B0546A9
:1066E00010B99868314617E0B7F5005F986806D092
:1066F000A7F5C058D8F1000141EB080100E00221E4
:1067000069F03CDC804650B9A36B3146986869F06B
:1067100043DCA36B2946986869F03EDCEFE0D4F8CF
:10672000E403B8B169F044DCB7F5005F06D0A7F523
:10673000C05CDCF1000343EB0C0300E00223984251
:1067400008D0A36BD4F8E413986869F025DC002323
:10675000C4F8E433D4F8E433FBB9A36BB7F5005FB6
:10676000986806D0A7F5C05EDEF1000141EB0E018E
:1067700000E0022169F002DCC4F8E40368B9A36B0D
:106780003146986869F008DCA36B2946986869F07F
:1067900003DCA36B41469868BEE7D4F8E40369F0D4
:1067A0002DDB20465EF04CD8284694F97B1069F02A
:1067B00017DD00230DF1170200932046434649469A
:1067C0005FF09CDC4046314669F054DB404694F96A
:1067D000651369F0ADDC4146284669F04BDB94F85F
:1067E0005810632902D8284669F0B6DC284669F0BB
:1067F000DDDB284669F014DC94F8673307469B001C
:1068000098426FF07F012846B8BFDFB269F01EDC06
:10681000FFB25FFA80F9A36B84F87E7084F87F90F2
:106820008346186967F072DFB8B1D4F8F803B4F89A
:10683000521069F02DDE01280FD1B4F85210002259
:106840004B46D4F8F80369F0D5DDD4F8F803B4F872
:10685000521000223B4669F0BDDD002384F891B060
:1068600084F8963084F88030BAF1000F03D02846BF
:10687000514669F019DB94F8823028460BB1039B2E
:1068800023B194F97E1069F0C7DA03E094F97F1020
:1068900069F04EDCD4F8E403294669F0D1DAA36B41
:1068A000186967F033DF98B1D4F8F803B4F85210E0
:1068B00069F0EEDD012803460AD1D4F8E403A16BA8
:1068C00000908868B4F85220D4F8F81369F054DDC9
:1068D000A36B3146986869F05FDBA36B2946986823
:1068E00069F05ADBA36B4146986869F055DBBAF151
:1068F000000F04D1D4F8543A0BB12046984707B0A2
:10690000BDE8F08F10B590F86330002B3CD0DB076A
:10691000C9B22CD5836E8B4223D190F8253A3BB176
:106920000023846BE4180133082B84F82021F8D16C
:10693000836BD3F828411B1983F82021836BD3F88C
:106940002841072C01D0013400E00024C3F828417D
:1069500090F8253A2BB190F8263A13B1002380F82D
:10696000253A90F8633023F0010380F8633090F803
:10697000633013F0020F07D023F0020380F8633076
:10698000836B186967F0BADE002010BDF8B590F887
:1069900063300446002B3AD1012902D0022939D1B3
:1069A00000E08266A36B80F863101A6A94F8D9003D
:1069B000626618BB94F86C20002A2DD118698E21CC
:1069C00067F072DE400087B2062502E00A20FDF380
:1069D00041F1A36B07F174061869314667F064DE74
:1069E00008B1013DF2D1A36B01221869314667F06D
:1069F00067DE204601F012F8024600E0A122B4F85A
:106A00005210204652B2BDE8F840FFF77BBF6FF04E
:106A10001800F8BD6FF00200F8BD10B504465DF037
:106A2000EDDD0221C2B22046BDE81040FFF7AEBF47
:106A300030B5026CCB8892F829463CB9846B646906
:106A40000A2C03D94C8A14F4807F14D0846B6569B6
:106A5000272D03D10C8A14F4006F0CD18C88DBB283
:106A600014F0030F01D09D2B05D0232D07D14D8AA3
:106A700015F0200F03D001238B7700230AE090F953
:106A80002C031B18E00444BF92F91E269B18002219
:106A9000CB778A770B7700234B7730BDC369043BF4
:106AA000082B06D8DFE803F01805090709050B05D0
:106AB0000D00002070471720704704207047072002
:106AC000704790F83E03012808D0032814BF4FF404
:106AD00083704FF48B707047012070474FF48B70B8
:106AE0007047836B13B51A6A044601321A6290F834
:106AF0006020002A00F0AC80B0F8C8222AB1D0F89B
:106B0000F013A1F83622A1F83A22B4F8CC222AB127
:106B1000D4F8F013A1F82822A1F82422B4F8CA224C
:106B20002AB1D4F8F013A1F82222A1F82622216F6D
:106B300040F606220A402AB993F82C3113B12046B8
:106B40005DF0F8DDA36B1A6A1B6EB2FBF3F103FB79
:106B50001123A3B920465FF085DC236F40F60202C3
:106B6000A16B1A400032086918BF0122B4F8521014
:106B7000C3F3800367F0D2DD20465FF081DC226F33
:106B800040F60E231340B3B9A36BD4F88C21196AD5
:106B9000D2F89020D3F818318A1A9A420BD394F87D
:106BA000522020460121FFF7F1FEA26BD4F88C3170
:106BB000126AC3F8902094F8633043B1A36B1A6A49
:106BC000636ED31A052B02D9002384F86330D4F8FE
:106BD000F4202AB1A36B196A1B6E8A1A9A420CD34D
:106BE000226F40F6020313403BB920465DF016DEEB
:106BF00018B1A36B1B6AC4F8F430226F40F60F2360
:106C000013402BBB20465EF0B5DA20465EF054DA26
:106C1000D4F88C31D3F8882012B1013AC3F8882017
:106C2000D4F8B43A0BB120469847A36B186967F0C3
:106C300023DD68B1A36B01A918690DF1070267F0A4
:106C40001FDD20469DF80710BDF804205DF0D4DD5F
:106C500000201CBD03460021986B40180131082913
:106C600080F82021F8D19A6B0021C2F82811D16E4A
:106C7000032907D1D3F8C410C90703D5126A083213
:106C8000C3F8B8200022991802324FF6A470202AC7
:106C9000A1F8040AF7D10020012283F8240A83F81E
:106CA000EC2A7047836B10B59A69044692001BD595
:106CB00090F8ED2A012A17D1B0F8522012F4404F73
:106CC00012D1186967F004DD636CB3F8B42692B290
:106CD00042F00302A3F8B426636CB3F8B82692B26C
:106CE00042F0C002A3F8B82610BD80F8ED1A704734
:106CF00030B5056C044687B028464FF4007141F268
:106D00001C1260F047DB002800F09D8007230393EE
:106D1000202305938023029300230190049340F8DD
:106D2000043B0133802BFAD1204601A965F0E8DE4F
:106D30004FF43073204601A9049365F0E1DE206C26
:106D400041F22F1160F04CDB2046012164F086DC1B
:106D500020463E4936225DF0F7D9D5F8C4342046A6
:106D600040F6F4114FF480426BB113465DF0B4D994
:106D7000B5F85824B5F856342046D31840F20C51D3
:106D800040F2FF129BB25DF0A7D91E223049204687
:106D90005DF0DAD9204661F011D8204663F014DAAC
:106DA00099210122002320465DF068D99621022214
:106DB000002320465DF062D9A22101220023204653
:106DC0005DF05CD9A5214022002320465DF056D914
:106DD000A6210122002320465DF050D9A1210122E5
:106DE000002320465DF04AD93022002320460221AC
:106DF0005DF044D96F2120464FF4005200235DF02E
:106E00003DD94FF48052134620466F215DF036D9AC
:106E100004221346204640F2D7415DF05DD940F28E
:106E2000D7414FF470624FF4807320465DF054D91F
:106E3000204662F0DBDB204640F275514FF40072D1
:106E400000235DF049D907B030BD00BFBE5A010034
:106E50002A5B0100F0B5072387B0066C029320235C
:106E60000493012304460D460193304605AB4FF4CD
:106E7000007141F27332009360F08CDA002849D03F
:106E8000D6F8B865074601460023B3422CBF9E469C
:106E9000B64605EBCE0292F803C015F83EE001338A
:106EA0004EEA4C5E92F802C052784EEA4C3E4EEAF0
:106EB0004212802B059241F8042BE6D18DE809009F
:106EC0006946C0232046039365F01ADE0023B342CF
:106ED0002CBF1A46324605EBC202107951794002A6
:106EE00040EA4140D179013340EA0102802B05920A
:106EF00047F8042BEBD14FF41073204669460393F7
:106F000065F0FEDD236C41F29F31C3F8BC55206C67
:106F100060F066DA07B0F0BDF0B5076C89B0002309
:106F200004460D4638464FF400714FF496520593CF
:106F30000693079360F02EDA0646002834D04DB948
:106F4000204605A906AA07AB5EF028DB0395374665
:106F5000002510E097F83336002BF8D0B4F9283A22
:106F60000693B4F92A3A0793B4F92C3A05934FF4EF
:106F700030730393EBE705A928460EC964F0B0DE31
:106F80000135802D47F8040BF5D1072302932046E5
:106F90002023694604930096019565F0B1DD206CCD
:106FA00041F2DF2160F01CDA09B0F0BD2DE9F047B5
:106FB000571A7E1C1FFA86F94FEA89034FF6FC71B7
:106FC00086B004461940006C41F6DE3260F0E2D92A
:106FD0000546002871D010234FF0600ADFF8E080EA
:106FE0008DE8080404AA022320460021CDF8088079
:106FF0005EF0CCD8BDF81020BDF8123092059B058C
:107000009B0D920D43EA8222C246002308E055F808
:10701000231001F07F61114345F8231001339BB227
:10702000BB42F4DD20234FF4A0788DE80801DFF89F
:1070300094802A46334620460721CDF808805EF02A
:10704000B3D8206C41F6F23160F0CAD94FEA490951
:107050004FF6FE71206C09EA010141F6F53260F04D
:1070600099D9054648B310234FF0620C8DE80810FB
:107070002046012300210DF11602CDF808A05EF094
:1070800085D8002305E0BDF8162025F8132001332C
:107090009BB2BB42F7DD10234FF4E07E8DE8084041
:1070A000204607212A463346CDF808805EF07CD87A
:1070B000206C41F6024160F093D906B0BDE8F0873C
:1070C000CD2187006149870010B5044660F098D94A
:1070D0002046012200234FF430615CF0FDDF2046A2
:1070E000042200234FF430615CF0F6DF20460822D2
:1070F00000234FF430615CF0EFDFF02220461346AE
:107100004FF430615CF0E8DF4FF4706220461346C4
:107110004FF430615CF0E0DF204600234FF4306133
:107120004FF480525CF0D8DF20460622042340F65C
:1071300007315CF0D1DF20463822082340F60731C2
:107140005CF0CADF2046002340F607314FF4E072BE
:107150005CF0C2DF20463022102340F60B315CF099
:10716000BBDF40222046134640F60B315CF0B4DF13
:10717000204640F60B314FF4F0624FF480635CF030
:10718000ABDF204640F60B314FF4F0424FF4005392
:107190005CF0A2DF94F8FC392046012B14BF4FF4B9
:1071A00080534FF4105340F60C314FF6FF725CF0F1
:1071B00093DF204640F60C314FF6FF724FF48053B8
:1071C0005CF08ADF204640F60D314FF6FF724FF437
:1071D00050435CF081DF204640F60E314FF6FF72DF
:1071E0004FF478435CF078DF2046102340F60F31EF
:1071F0004FF6FF725CF070DF20464FF431614FF6BE
:10720000FF724FF478435CF067DF204640F611319F
:107210004FF6FF724FF47D435CF05EDF20460F2295
:10722000002340F612315CF057DF2046F0220023A5
:1072300040F612315CF050DF2046002340F6123158
:107240004FF470625CF048DF20460F22002340F6C6
:1072500013315CF041DF2046F022002340F6133169
:107260005CF03ADF2046002340F613314FF47062A1
:107270005CF032DF20460F22002340F614315CF030
:107280002BDF2046F022002340F614315CF024DF8F
:10729000204640F614314FF4706200235CF01CDF8E
:1072A00020460F2240F6153100235CF015DF204602
:1072B000F022002340F615315CF00EDF204600235B
:1072C00040F615314FF470625CF006DF2046032271
:1072D000012340F616315CF0FFDE20460C2200232D
:1072E00040F616315CF0F8DE20463022102340F6DE
:1072F00016315CF0F1DE2046C022402340F6163104
:107300005CF0EADE2046002340F616314FF440726E
:107310005CF0E2DE204640F616314FF440624FF456
:1073200080635CF0D9DE20460322002340F617314B
:107330005CF0D2DE20460C2240F617314FF6FC738B
:107340005CF0CADE2046302240F617314FF6F0736B
:107350005CF0C2DE2046C022002340F617315CF00C
:10736000BBDE204640F617314FF440724FF47F43A6
:107370005CF0B2DE204640F617314FF440624FF425
:107380007C435CF0A9DE20460122002340F6063152
:107390005CF0A2DE1F222046134640F605315CF069
:1073A0009BDE4FF6FF722046134640F604315CF038
:1073B00093DE4FF6FF722046134640F608315CF02C
:1073C0008BDE204640F609314FF6FF7247F6FF7319
:1073D0005CF082DE2046082340F60A314FF6FF7249
:1073E0005CF07ADE20463F2340F602314FF6FF7212
:1073F0005CF072DE2046FF2340F603314FF6FF7249
:107400005CF06ADE0F222046134640F601315CF044
:1074100063DEF0222046134640F601315CF05CDE6C
:107420000122204613464FF430615CF055DEA36B19
:107430002046D96EBDE810405FF0029A2DE9F04376
:10744000044689B00F469046006C4FF4806141F2CB
:10745000366299465FF09EDF064600284ED0012234
:107460001346204640F29C41C4F8D0705CF034DEF4
:1074700020469DF840105FF041DB28222046394627
:1074800061F09CDFB0F5807F054603D9206C41F2A6
:10749000526131E0204640F2D661032200235CF0C5
:1074A0001BDE08221346204640F2DA615CF014DE4F
:1074B000282342468DE8280020463346394665F0A9
:1074C00061D915230396059300262023204603A99E
:1074D00007930495069665F013DB9DF8443020462B
:1074E000019329464FF6FF723346CDF8009062F0C3
:1074F000F1DF206C41F266615FF072DF09B0BDE838
:10750000F08300002DE9F04F00218FB0076C90F858
:107510005250ADF83210ADF834100446002109A8DD
:107520000C22F7F393F60023ADF8363097F81536B2
:1075300013B197F8161601E097F81416D4F8DC008A
:107540002A465FF0BDDC8046002800F060812046BE
:1075500001215FF0D3DAB8F8005045B12DB24FF4F5
:107560007A726A432046012163F098DE0125B8F85B
:10757000023063B10135EDB21BB24FF47A725A4357
:107580002046294663F08ADE012D0AD100E0DDB1F4
:1075900002230093012100230193029320460A460F
:1075A00008E0022301210093019300230293204667
:1075B0000A460B4663F014DF204605214FF486721D
:1075C0000DF1320361F01CDE00252E46A94638F885
:1075D000051029B304200B238DE8090009B20DAA78
:1075E0004FF4FA73204661F07BDBBDF83420BDF820
:1075F00032301C3AD21AB7F9181613B299420FDC7E
:107600000EA9062303FB061338F80510013623F8EC
:10761000141C23F8122C23F8100CB6B24FF00109F9
:107620000235042DD3D102230693102308930DF1C4
:107630003603049300250123204604A905930795EA
:1076400062F094DE10238DE82800724B0221029331
:10765000204601230DF1360201355DF0A5DD402DF8
:10766000F0D10025204629462A462B460095019553
:10767000029563F0B5DEB9F1000F40F0B180C2E0D1
:107680000EAB4FF0060909FB053939F8148C0135AA
:10769000EDB20FFA88FA4FF47A7202FB0AF2204632
:1076A000294663F0FBDDB7F91A2639F9123C9A42F4
:1076B00001DD002006E0B7F91C269A4201DD012019
:1076C00000E002205FF0F4DB29460246204663F02A
:1076D00039DEBAF1000FB8BFCAF1000A4FEA8A0AD0
:1076E0004FF0000940F271239A450ADD09F10109C2
:1076F0005FFA89F9AAF59C6AB9F1200FAAF1020A8A
:10770000F0D10FFA88F3002BD8BFC9F100095FFA56
:1077100089F94FFA89F34FEA48086FF41C7202FBAB
:107720000388002BB8BF5B42022B59DD4FF0000AE3
:10773000002150465FF058DC0FFA88FB8BEAEB73B0
:10774000A3EBEB73984244D1012150465FF04CDC2F
:107750000221804650465FF047DCBBF1000F8246B5
:107760004FFA89F30ADA002BDBBF5FFA89FB0BF1D2
:10777000400909F1FF3B0BF13F0B09E0002BDBBF98
:107780005FFA89FB0BF1400909F1010B0BF1410B89
:107790004FFA89F3204604A9079362F0E7DDBDF8AC
:1077A00036302046984404A9ADF8368065F0A8D953
:1077B0004FFA8BF3204604A9079362F0D7DDBDF89A
:1077C000363020469A4404A9ADF836A065F098D921
:1077D00006E00AF1010A5FFA8AFABAF1060FA7D1A8
:1077E000B542FFF44DAF4FF00003012E009301931B
:1077F000029320464FF0050101D1324601E00122FB
:10780000134663F0EDDD204600215FF077D90FB01D
:10781000BDE8F08F614987002DE9F74390460822C3
:107820000F461E4640F6070113460446056CBDF898
:1078300028905CF051DC01221346204640F60701F7
:107840005CF04ADC4FF400521346204640F64601F5
:107850005CF042DC204640F639013A465CF06EDCD2
:1078600094F86D33204640F635010BB1802200E0DC
:1078700020225CF063DC20464FF4046100225CF0BF
:107880005DDC204640F634017F2233465CF024DC88
:1078900020464FF401614FF480434FF440425CF0C6
:1078A0001BDC94F86D33204640F6360113B14FF4DB
:1078B000807200E040225CF041DC204640F6460148
:1078C0000F2208235CF008DC94F86D63204640F634
:1078D0004601F02256B190235CF0FEDB204640F6D4
:1078E00046014FF470624FF4106308E033465CF0D9
:1078F000F3DB204640F646014FF4706233465CF0FD
:10790000EBDB204640F633017F2243465CF0E4DBAC
:107910004FEA0923204640F633014FF4FE4203F4B8
:107920007F435CF0D9DB012620463B4964220023DB
:1079300000960196FFF782FD4FF4805213462046D1
:1079400040F6A5115CF0C8DB3246334640F688119C
:1079500020465CF0C1DB4FF49670FCF37BF13246BD
:10796000204640F637015CF0E9DB44F6216602E090
:107970000A20FCF36FF1204640F637015CF0CCDBC7
:1079800030B1013EF4D103E00A20FCF363F101E0E1
:1079900044F62166204640F637015CF0BDDB08B1B5
:1079A000013EF1D140F6370120465CF0B5DBC1075E
:1079B00005D594F8153343F0010384F815330023FB
:1079C000204640F6A5114FF480525CF085DB20463E
:1079D0005FF09CD92046002340F2A66141F6FF7279
:1079E0005CF07ADBD4F88C312046B3F98C20B5F901
:1079F000043C40F609019A42B4BFB5F8065CB5F8FC
:107A000048554FF68072ED0105EA020303B0BDE868
:107A1000F0435CF0619B00BFA0252600F0B54F4B02
:107A200091B0044602AA03F1200618685968154669
:107A300003C50833B3422A46F7D118689B882860EB
:107A4000AB80012384F8263AA36B8E21186966F077
:107A50002BDE400086B2972502E00A20FCF3FAF004
:107A6000A36B06F17401186966F01EDE08B1013DD2
:107A7000F3D1A36B4FF44271186966F015DEA36B66
:107A8000074640F20A31186966F00EDEA36B054620
:107A90004FF44371186966F007DEA36B064640F2A7
:107AA0000E31186966F000DEBE1936042D187619FD
:107AB0000AD194F8253A4FF67862ADF83820002BB9
:107AC00031D084F8266A2EE04FF48673ADF83C304E
:107AD00006F580760023760A00930FAB36020193F9
:107AE0000DAA0EAB20460CA90C965DF0BDDFBDF9CA
:107AF00038201B4B9B1A002BB8BF5B42702B94F8AD
:107B0000EC2A02D85AB1282B09D94FF67863ADF880
:107B1000383094F8253A13B1002384F8263A12B18C
:107B2000002384F8EC3A236CBDF9381093F835360D
:107B3000891008467BB14AB212F1560F0BDA12F1E6
:107B4000690F08DB6FF056039B1A10AA02EB430380
:107B500013F8380C401840B211B0F0BD18390100CC
:107B600078FEFFFF436C2DE9F041D3F82031044645
:107B700003F001030D4683F001061BB9836B1869FE
:107B800066F0B4DD2046276C5EF0C2DF40F27F4134
:107B9000A7F802042046276C5CF0BEDAC005C00DD1
:107BA0004010A7F80404226F41F6062313402BB9B6
:107BB00044F62062102D08BFFA2200E0FA22A36BDF
:107BC000B821186966F07CDDA36B41F606271869B9
:107BD00066F098DD2046FFF765F8236F1F407FB9F8
:107BE000A36B20461B6A0121C4F8D430D4F88C81E1
:107BF0005FF00CD9D4F88C31A8F88C00C3F88870E9
:107C0000082D01D0E80606D503210A22204660F09F
:107C1000B1D9082D01D0A90604D5204664F0D0DCE6
:107C2000082D01D06A0604D5204662F071DE082DC9
:107C300001D0EB0506D5236C93F8173613B1204617
:107C4000FFF760FC204660F0BBDD2046FFF72AF816
:107C5000082D01D028060BD5256C95F8643523B185
:107C6000204666F0F1DBC5F85405204665F074D86F
:107C700020465CF053DB1EB9A36B186966F036DD55
:107C800020460021FFF748F9236C93F8333673B18F
:107C900020460121FFF740F9204640F237614FF4BA
:107CA00040424FF40043BDE8F0415CF0159ABDE856
:107CB000F081816BD0F8D4300A6A10B59A4204463C
:107CC00001D3D31A01E0DB439B18D4F82823934255
:107CD00000D302BB8A6E93421FD3D4F88C31D3F801
:107CE0008830D3B9012120465FF090D8D4F88C2198
:107CF000B2F88C3019B28842CCBFC3EB0000C0EBA5
:107D0000030094F8661300B2884208DAA36B9B6EF6
:107D1000C2F8883001E0012010BD002010BD012014
:107D200010BD01207047000001290BD1012B09D89B
:107D3000013B064902EB830251F822305A1C03D062
:107D4000C01870470020704700207047745B010026
:107D5000142303FB010070478369DA688A4218BF65
:107D6000D960704738B504462569006835B105F516
:107D7000077115F031DC2846FCF390F2E06C002529
:107D8000256108B1FCF38AF2E56438BDF8B5846971
:107D900005460668E06A08B1FCF380F2E969B0685C
:107DA000002708F081DD00212846FFF7D5FF28468F
:107DB00084F83D70FFF7D6FF304623F0F9D82782CC
:107DC0006762A762E7622783F8BD10B550B1D0F8AB
:107DD000400238B1072905D83C2404FB010188582A
:107DE000C3188B5010BD2DE9F0410C4616460546D0
:107DF000002831D0D0F84032002B2DD03C2202FB9D
:107E0000013318221F6A3346FFF7DFFF2846214659
:107E10001C220123FFF7D9FFBE422846214601D28A
:107E2000242214E0B6EB470F01D228220FE0B6EB74
:107E3000870F01D22C220AE0B6EBC70F01D2302205
:107E400005E0B6EB071F01D2342200E038220123FF
:107E5000BDE8F041FFF7B9BFBDE8F08173B5046834
:107E60000325204601214FF48062002300951DF078
:107E700099DA002120460A46012300954DF084DB63
:107E80000026D4F864329D599DB1AB798BB9D5F8F1
:107E900018315A6C22F001025A641A78012A01D171
:107EA0005B7F33B12846002122F0BCDD284667F015
:107EB000B1DA0436202EE4D1204602B0BDE870408D
:107EC00023F07698F8B5D0F8B0550446AE69F3685B
:107ED000002B30D0012B30D028460121FFF73CFF8A
:107EE000A068E96908F0E0DC28B128460021FFF726
:107EF00033FF012700E00746338A83B1236A1869FC
:107F00005CF07CDB338A834209D0204623F0E4DE38
:107F10002046318A22F012DA20461BF08BD9D4F8A1
:107F2000B005FFF79BFF204624F0CED92846FFF787
:107F30002DFF3846F8BD0120F8BD0020F8BDFFF741
:107F4000C1BF002070472DE9F843DDF820800446CA
:107F5000D8F800700E46154699460FB91FE01F4627
:107F60003B68A3B1BCB12046F9683246F7F3D6F0BE
:107F700028B9284679684A46F7F3D0F018B17B69EA
:107F8000002BECD10BE0C8F80070BDE8F8836FF06F
:107F90000100BDE8F8836FF00100BDE8F883C8F880
:107FA00000706FF01D00BDE8F8831FB50C46416BF3
:107FB00081B104A840F8041D009019461046BDF890
:107FC0001C30069AFFF7BFFF30B92CB1039B1B682A
:107FD000236001E04FF0FF3080B204B010BD10B557
:107FE0000C4699B10B6863B10846F5F3CFF7E0682A
:107FF000FCF354F16068FCF351F100232360E3606B
:1080000063602046BDE81040FCF348B110BD2DE987
:10801000F84F476B04460D4616469B46DDF828A0F0
:10802000BDF82C90002F33D0B1B9AAB930E07DB99A
:1080300076B1BAF1000F0BD03046F9685A46F7F323
:108040006DF028B9504679684A46F7F367F050B1A9
:108050007B691BB9BDE8F88FB84601E0B8461F46FA
:10806000AF42E4D1A7B1636B39469F427B6908BF39
:108070006363C8F8143023685868FFF7B0FF94F8BA
:108080003030013B84F83030636B0BB984F830300A
:10809000BDE8F88F10B5044605E04B6963632368BB
:1080A0005868FFF79CFF616B0029F6D184F8301007
:1080B00010BD2DE9FF471E460023039390F8303092
:1080C0000446102B88461746DDF83090BDF8345032
:1080D00009D9416B39B14A680B7C00920A89019237
:1080E000CA68FFF794FF636B0393B8F1000F65D084
:1080F000002F63D0B9F1000F60D003AB0093384676
:1081000031464A462B46FFF71EFF824628B9039B9D
:1081100041461868F5F31EF755E01E3053D118207C
:10812000FCF3B0F0824600284BD02069F5F3C0F68E
:10813000CAF80000B0B13046FCF3A4F0CAF80C0055
:1081400018B95046F5F322F70CE02846FCF39AF0F4
:10815000CAF8040050B95046F5F318F7DAF80C00E5
:10816000FCF39CF05046FCF399F02AE0636B2BB9CA
:10817000012384F83030C4F834A007E094F830309C
:10818000013384F83030039BC3F814A0DAF80C00F4
:1081900039463246CDF80CA0F6F3D4F7039B494696
:1081A0001E7458682A46F6F3CDF7039B41461D819D
:1081B0001868F5F3C1F64FF0000A04E06FF0010A09
:1081C00001E06FF01A0A504604B0BDE8F087F8B538
:1081D0001E4614460D460CE0FEF7D8F8B04215D006
:1081E0007A78931C9C420ED9ED186FF001039B1A0C
:1081F000E41854B128462146FF22F7F321F407463C
:108200000028E9D102E0002700E027463846F8BD03
:1082100008B511461A464FF4AE73FFF7D8FF58B1B0
:108220004378A3F12102D2B2202A04D8029A013B5A
:108230001370033008BD002008BD2DE9F047046825
:10824000A0B0D0F80480064602200F688946F4F7F3
:1082500061FA002501212A4620238246606A1F9583
:10826000F1F3A2F501212A4620231D90606AF1F363
:108270009BF501212A4620231E90606AF1F394F5B4
:1082800001212A4620231A90606AF1F38DF52023FC
:1082900001212A461B90606AF1F386F514372946BE
:1082A0001C9052460FA808F1E205F6F3CFF706221C
:1082B00038462946F6F332F7002817A807DD394675
:1082C0000622F6F33FF70DF16200294606E0294643
:1082D0000622F6F337F70DF1620039460622F6F36F
:1082E00031F717AA01920C22002307AD0FA90292C1
:1082F000202752460220009303950497F4F730FBA1
:108300001B98F2F3ABF22A4601213B461A98F2F38E
:1083100079F2A3691C9861691B9AF1F7C8FF1A9852
:108320001C9A0146F1F7F6FF1A981B9A0146A369B9
:108330000836F1F77AFF304698F81850F7F332F024
:1083400080B201901FA9204608F119022B46009621
:10835000FFF72BFE08B91F9BA3B11A99D9F8D420B7
:108360001F98F5F349F71DA91EAAD9F8D400F5F313
:108370002BF61AA8F1F356F61BA8F1F353F61CA836
:10838000F1F350F620B0BDE8F08770B5456892B0C3
:1083900004460026286801A9202211961BF0CEDB96
:1083A0002023012101AAD4F8C000F2F32BF228689F
:1083B00009A920221BF0C2DB686A01213246202372
:1083C000F1F3F2F4119000B3012109AA2023F2F392
:1083D00019F26B69D4F8B800D4F8C010119AF1F70B
:1083E00024FFD4F8DC201199D4F8D400F5F304F775
:1083F000D4F8DC000146F5F3B9F6D4F8DC0004F15A
:10840000C40104F1C802F5F3DFF511A8F1F30AF68F
:108410000021202209A8F6F319F701A80021202243
:10842000F6F314F712B070BDF0B5C1B007AD0C464D
:108430001746114628460222F6F384F601210DF173
:108440001E022023D4F8BC00F1F302F601210DF145
:108450003E022023D4F8CC00F1F3FAF501210DF10E
:108460005E022023D4F8D000F1F3F2F501210DF1E2
:108470007E022023D4F8B800F1F3EAF501210DF1D2
:108480009E022023D4F8C400F1F3E2F501210DF19E
:10849000BE022023D4F8C800F1F3DAF500238DE8FA
:1084A0002800C2222025029238AE04F118012A4683
:1084B000022003960495F4F753FAB81C31462A4675
:1084C000F6F32CF6D0F1010038BF002041B0F0BD2A
:1084D00030B590F88C318DB004460D68002B3FD03C
:1084E000D0F8D40008A909AAF5F36EF520230121DC
:1084F0006A460998F1F3ACF5D4F87031E31893F8B3
:1085000093219DF81F305340D80724D50121002224
:10851000EB69686AF1F348F4EB690A9001210022E3
:10852000686AF1F341F401210B900A9A2869F5F386
:10853000A9F600230B980A99099AF1F7B8FE089951
:108540000B9AD4F8D400F5F3D9F50AA8F1F36AF53B
:108550000BA8F1F367F52046FFF717FF002501E0B0
:108560004FF0FF35E43404F1A000F1F35BF504F1C2
:108570009C00F1F357F504F1A400F1F353F504F175
:10858000AC00F5F303F504F1B00000212022F6F36E
:108590005DF628460DB030BD2DE9FF410546006867
:1085A00032F8066F0C46D0F80080FFF73DFF002838
:1085B00033D06968A4F864608F7904F138068FB904
:1085C000D8F8D0063246202376F0ACDC2368696800
:1085D00014338DE888003246D8F8D006202376F090
:1085E000B5DB17E01023009323684FF48027143382
:1085F000019308462022314604F10803029750F007
:1086000095DE48B92168686814313A46D5F88C304F
:10861000FDF72EFF012000E0002004B0BDE8F0814E
:108620002DE9FF41D688B1F8643005460068B342B1
:108630000C46D0F800803BD84FF6FF739E4237D0EF
:108640000632FFF7F1FE002833D06968A4F86460B1
:108650008F7904F138068FB9D8F8D0063246202336
:1086600076F060DC2368696814338DE88800324650
:10867000D8F8D006202376F069DB17E010230093AA
:1086800023684FF480271433019308462022314693
:1086900004F10803029750F049DE48B92168686880
:1086A00014313A46D5F88C30FDF7E2FE012000E0A7
:1086B000002004B0BDE8F08173B5002304460B9997
:1086C000006801931646089D41F01CDB079B032BB5
:1086D00004D901A806990422F6F334F50C3E032EC2
:1086E0001CD8DFE806F00A0F0204A36A08E0019B29
:1086F0005A1E272A15D8A3620EE0E36AC3F340038B
:108700002B6009E00198E36A18B923F00203E362E1
:1087100009E043F00203E362002004E06FF016007A
:1087200001E06FF001007CBDF8B5876805464FF4A5
:10873000E0700E46FBF3A6F50446002878D0002131
:108740004FF4E072F6F382F5266065600023F45181
:10875000686AA4F8AC30012100222023F1F324F34D
:10876000C4F8BC00002866D0686A012100222023DA
:10877000F1F31AF3C4F8B80000285CD0686A01214C
:1087800000222023F1F310F3C4F8CC00002852D0CB
:10879000686A012100222023F1F306F3C4F8D00017
:1087A000002848D0686A012100222023F1F3FCF25E
:1087B000C4F8C00000283ED02869F5F379F3C4F866
:1087C000D400002837D02869F5F372F3C4F8D80034
:1087D000002830D02869F5F36BF3C4F8DC0050B3FF
:1087E0001323A4F866302B68174998683246002393
:1087F00008F0DED82B68A06614499868324600233A
:1088000008F0D6D82B68C4F8B000114998683246F1
:10881000002308F0CDD82B68C4F8B4000D4998683F
:108820003246002308F0C4D8C4F8E000002408E071
:108830006FF01A0401E04FF0FF34284631466DF026
:10884000D5DC2046F8BD00BF85D1870079D18700EF
:108850000DD187005DDF8700F8B547680646CD5922
:108860000C46DDB1436B0BB1FFF714FCD5F89C103F
:1088700049B13368986808F017D83368D5F89C1068
:10888000986808F07DD8D4F8243413B120464FF00E
:108890002FDA2846FBF302F50023E351F8BD000070
:1088A0002DE9F041D0F89830D0F8901001334468A9
:1088B0008B4225688EB00246C0F8983009D1D0F8B6
:1088C00094307BB1D2F89C104FF47A72A8685A4366
:1088D00004E007D2D2F89C10A868214A002307F0D0
:1088E000BDDF39E0D5F8D006214675F037DF237AB1
:1088F000002B31D0D4F80801F7F314F3074658BB26
:10890000227E04F1DC080EAE04F1190106A846F837
:10891000242DF6F317F421464246284671F068D814
:1089200004F1E203019302230246029321464346E7
:108930002846CDF8008020F0F5DC3946204639F095
:10894000C9D92146284640F059DF28461A21324627
:1089500024230097F6F76EFA0EB0BDE8F08100BF51
:1089600080EE36002DE9F04F0D68ADB004460121D0
:10897000A86922AA2023D5F800B0F1F369F34FF0DB
:10898000080AD4F8683194F86C11E21804F1E4068E
:1089900082F8E31006F18C020C210DF168090192B6
:1089A00006F190003246CDF80090F9F343F2D4F886
:1089B000701140480591F6F3F5F422AA03464FF0F2
:1089C0002008009206AF05993A4A4846CDF804803F
:1089D0000297CDF80C80F9F307F201213A4643469D
:1089E000D4F88801F1F30EF758466EF017DAD4F890
:1089F0008801A969F1F39CF2002836DAD4F88431B1
:108A0000CDF808B000932C4BD4F888110193286955
:108A1000D4F89021D4F88031F5F3E8F228BB94F82B
:108A20008C3113BB2869D4F89011F5F3C7F4E0B189
:108A3000012384F88C314946D4F8702106F1B00046
:108A4000F6F380F3D4F890012AA92BAAF5F3BCF22F
:108A50002A992B9AD4F8D400F5F350F3D4F868216E
:108A600028683146013A1BF069D894F86C3101331B
:108A7000DBB284F86C31AA6A934207D80AF1FF3A54
:108A80005FFA8AFABAF1000F7FF47BAF002150221F
:108A900006A8F6F3DBF3002120221AA8F6F3D6F39A
:108AA00094F86C01AB6A984234BF002001202DB0CD
:108AB000BDE8F08F62E6890075EA87002DE9F04F86
:108AC0004368CFB0CB58044603F1080948468846AE
:108AD000F6F368F407460220F3F71CFE00234EA9C4
:108AE00041F8043DBBB208F1190207930692079AB8
:108AF0008346019298F818302046069ACDF80090E7
:108B0000FFF753FA18B94D9B002B40F00A81012161
:108B100000222023606AF1F347F101210022202383
:108B20004290606AF1F340F101210022202343903A
:108B3000606AF1F339F10121002220234490606A38
:108B4000F1F332F10121002220234590606AF1F314
:108B50002BF10121002220234690606AF1F324F1D9
:108B600001210022E3694790606AF1F31DF10521BC
:108B7000024649902069F5F385F3E369012100225B
:108B8000606AF1F311F10421024648902069F5F37F
:108B900079F32069F5F38CF14A902069F5F388F1B7
:108BA0004B902069F5F384F108AD002180224C90B0
:108BB0002846F6F34BF33A4628464946F6F3C2F206
:108BC000012100223023606AF1F3EEF0012100223E
:108BD00030234090606AF1F3E7F0002633460DF150
:108BE000E00A419098F818200195022028AD0699D6
:108BF00002970096CDF80CA0CDF810B0F3F7B0FEB8
:108C0000302231462846F6F321F34748F6F3CAF3FB
:108C1000454B302700930190514602205A46334677
:108C200002950397F3F7BCFE01213B462A46409884
:108C3000F1F3E8F54098A2690146F1F76BFB429B1E
:108C400048990093439B499A01934098A369F1F78F
:108C500079FF4299439A4B98F5F350F231463A46E0
:108C60002846F6F3F3F23148F6F39CF32F4B0190CC
:108C7000009351465A463346022002950397F3F774
:108C80008FFE3B4601212A464198F1F3BBF54198FE
:108C9000A2690146F1F73EFB449B48990093459B2E
:108CA000499A01934198A369F1F74CFF4499459A79
:108CB0004C98F5F323F24C994A9A4B98F5F3A2F0AD
:108CC000079A98F8183001924A99069A2046CDF8EA
:108CD0000090FFF7EEF946A947AA4A98F5F374F118
:108CE00042A8F1F39FF143A8F1F39CF144A8F1F3FA
:108CF00099F145A8F1F396F148A8F1F393F149A849
:108D0000F1F390F140A8F1F38DF141A8F1F38AF16C
:108D10004BA8F5F33BF14CA8F5F338F14AA8F5F36D
:108D200035F14FB0BDE8F08FB85B0100D25B0100B8
:108D3000C06A00F00100704721B18368CB5893F8F6
:108D4000BC017047084670472DE9FF41476804465B
:108D50000023D0F8008038460E46A2F16805039340
:108D6000FFF7E6FF90B138464146FFF7E5FF68B1EF
:108D700003AB009321462B46386806F16002FFF7EB
:108D800047FA039D014610B99DB100E03146A5F1B7
:108D90002003202B0DD8B4F8AC309D4209D104F14A
:108DA0006C002A46F6F3BAF1002814BF0520002013
:108DB00000E0052004B0BDE8F08100002DE9F0419D
:108DC0009846B8B00023359336937F4B07460C4640
:108DD00030AE03F1100E18685968354603C50833E4
:108DE00073452E46F7D13D680121202302F1080684
:108DF000686A0022F0F3D8F735902869F5F358F047
:108E0000B8F1680F369015D97B689B79002B00F07C
:108E1000B9802846FFF78CFF20B128462168FFF76C
:108E20008BFF48B9A8F168081FFA88F8A4F8AC804D
:108E3000464401E040F0A880D4F8BC00012132464D
:108E40002023F1F3DFF4D4F8BC00F1F3F9F20028A9
:108E500040F09C80D4F8BC006969F1F369F0002807
:108E600080F29480012106F120022023D4F8CC0066
:108E7000F1F3C8F40121D4F8D00006F14002202318
:108E8000F1F3C0F4D4F8BC00D4F8B810F1F350F00A
:108E900070B9D4F8CC00D4F8C410F1F349F038B963
:108EA000D4F8D000D4F8C810F1F342F000286FD005
:108EB000D4F8D800D4F8CC10D4F8D020F5F31EF1B3
:108EC000002867D0D4F8BC10D4F8D400369AF5F353
:108ED00093F13698D4F8D8100246F4F393F7369805
:108EE000D4F8C010024620AEF5F386F1369834A9C6
:108EF0000022F5F369F03246202301213498F1F382
:108F0000A7F00021202228A8F6F3A0F1202137ABFA
:108F1000324618AF019328A80B460097F8F38AF75A
:108F2000D4F8B810D4F8BC206B693598F1F77DF906
:108F30002023324601213598F1F38AF03146102280
:108F400004F10800F6F3FEF030A8F6F32BF220252A
:108F5000402203460096039204AE294630AA3846C2
:108F600001950296F8F340F704F1180031462A46BD
:108F7000F6F3E8F004F138000CA92A46F6F3E2F023
:108F8000002408E0FF2406E0042404E0032402E0B7
:108F9000012400E0022435A8F1F344F036A8F4F3EC
:108FA000F5F70021202218A8F6F350F100215022F5
:108FB00004A8F6F34BF120A800212022F6F346F195
:108FC000204638B0BDE8F081FEE589002DE9F04F7C
:108FD0001D46836889B0EF5843688046CB580E46DB
:108FE0000793184691463946129A139BFFF7E6FEFF
:108FF0000328044601D1009005E0022801D004288E
:1090000016D10323009301230193029300230393BA
:109010000493D6F808313046B3F8623005F11401F4
:10902000C3F3401305934A462B46F7F70BFB65E065
:10903000012862D0002861D1B7F862304046013380
:10904000A7F86230FFF774FE40B140462946FFF7AB
:1090500073FE002814BF7E20002000E0204601237C
:109060004FF0000A4FF0030B0193D6F80831CDF80A
:1090700000B00290CDF80CA0CDF810A0B3F862308B
:1090800005F1140CC3F34013614605934A462B4681
:109090003046CDF818C0F7F7D5FACDF800B0D6F8BD
:1090A00008314FF0020BCDF804B0CDF808A0CDF890
:1090B0000CA0CDF810A0B3F86230DDF818C0C3F3EF
:1090C0004013614605934A462B463046F7F7BAFAF5
:1090D000D9F80030B96EC7F85930B9F80430A7F89C
:1090E0005D30D8F800309868079BD3F88820534645
:1090F00007F0B4DB87F858B000E0FF24204609B041
:10910000BDE8F08F2DE9F04FD0F804A087B09AF8B1
:10911000063005460C4693460768D1F8009043B3E5
:1091200090F8A93013B1013B80F8A930D4F8B431DC
:1091300038460093D4F8B831514601935A464B460D
:10914000FFF744FF0646D4F8B40168B10021D4F813
:10915000B821F6F37BF0D4F8B401FBF39FF00023C1
:10916000C4F8B431C4F8B831002E14BF0220002076
:109170002DE03846FFF7DCFD38B138464946FFF7A9
:10918000DBFD002814BF7E20002003234FF00108E0
:109190008DE808010026029003960496DAF808315B
:1091A00009F11401B3F862305A46C3F34013059332
:1091B00050464B46F7F746FA3B68A16E9868D5F8DB
:1091C0008820334607F04ADB84F85880304607B0E1
:1091D000BDE8F08F052B10B503D1BDE81040FFF7B7
:1091E00091BF43689B792BB190F8A93013B1013B33
:1091F00080F8A930022010BD2DE9F041984643685F
:1092000005469B790C461646069F8BB190F8A9300F
:10921000013380F8A9303846FBF334F0C4F8B401C8
:10922000002834D041463A46F5F38CF7C4F8B871BB
:109230000023A4F86030A4F86230A4F864303368E6
:10924000C4F85930B388A4F85D302868FFF770FD82
:1092500090B128682168FFF76FFD68B12146284664
:10926000FEF7EBFF2046FFF790F8284621463246EE
:10927000BDE8F041FFF746BF204629466CF04EDDC1
:1092800020B9042384F85830BDE8F0810220BDE8FD
:10929000F0812DE9F04387B015460F9A0646012A62
:1092A0000C461F46DDF83880D0F804C0D1F8009095
:1092B00059D19B88072D8CBFFA88FF220BB17E2BDA
:1092C00059D100217E2B84F8BC1103D1012384F8ED
:1092D000BC3104E01BB96368DB6A98074BD5132ADD
:1092E00016D0032101224D238DE80E0000230393A5
:1092F0000493DCF808316046B3F8623009F11401D8
:10930000C3F34013059342464B46F7F79BF932E00F
:1093100096F8A80007F1080196F8A99040B9012332
:1093200086F8A830B9F1000F28D1682D0AD904E0D9
:10933000B9F1000F12D1682D0AD920462A466DF0E6
:109340000FDAD8B90E953046214642463B460DE02D
:10935000304621466DF042D848460FE0304621465F
:109360006DF03CD809E042B90E95424607B0BDE821
:10937000F043FFF741BF022000E0002007B0BDE846
:10938000F0832DE9FF4105680C46A3F10807D1F8E9
:109390000080A4F8AC7000212846039102F1080671
:1093A000FFF7C6FCA0B128464146FFF7C5FC78B1DF
:1093B00003AB009332463B4628682146FEF728FF60
:1093C000BDF80C300646A4F8AC3018B913B90FE05C
:1093D000A4F8AC70B4F8AC20A2F120039BB2202B0F
:1093E00006D804F16C003146F5F3ACF6002001E03C
:1093F0004FF0FF3004B0BDE8F0812DE9F04F90E868
:10940000C00089B00792139A8046012A0C469A46FA
:10941000DDF848B00D6840F0AC803368896E98681C
:1094200007F042DA04F16C0300214022184606934B
:10943000F5F30CF70021A4F8AC100799BAF8042052
:1094400007298CBFBAF80610FF214C2A069B3CD195
:109450004FF00009184649464022A4F86090F5F301
:10946000F5F6A4F8AC90404621465246079BFFF71C
:1094700088FF3046FFF75CFC78B130462946FFF79D
:109480005BFC50B1032201234FF07E0C8DE80C10E1
:10949000CDF80C90CDF8109008E003234FF0010EAA
:1094A0008DE808400023029303930493D7F8083112
:1094B0003846B3F8623005F11401C3F34013059345
:1094C0005A462B46F7F7BEF849E04D2A04D1B4F8C6
:1094D00066308B4218D042E00AB17E2A3FD1132970
:1094E0000ED1079A3046019239465A462B46CDF89E
:1094F00000A06CF0D5DF002814BF0220002076E029
:10950000B4F86030052B01D900233BE0032201238E
:109510004FF04D098DE80C024FF00009CDF80C908A
:10952000CDF81090D7F8083105F11401B3F8623086
:109530005A46C3F34013059338462B46F7F782F893
:10954000B4F86030A16E0133A4F860303368D8F805
:10955000882098684B4607F081D9484647E0336831
:10956000A16E9868D8F88820002307F077D90020EA
:109570003DE0931E012B4FF0000337D8B1F8601087
:10958000052903D984F85830022030E0032A09D194
:1095900032680131A4F860109068A16ED8F8882074
:1095A00007F05CD93046FFF7C3FB38B13046294697
:1095B000FFF7C2FB002814BF7E20002003230124F4
:1095C0008DE818000024029003940494D7F8083121
:1095D0003846B3F8623005F11401C3F34013059324
:1095E0005A462B46F7F72EF8204600E0184609B0F9
:1095F000BDE8F08F2DE9F3470B6882685B6806468B
:10960000D3F808A0D3F80490B3F810801B680D4677
:10961000032B5AF80240DAF810701DD1FFF788FBCF
:10962000D0B130465146FFF787FBA8B1B4F8AC3053
:1096300093B1B9F1010F0FD1B8F14C0F01D0BA7944
:1096400052B9AA69FF2000925D2104F16C02DBB2DD
:10965000F1F70EFD002001E06FF01600BDE8FC8779
:109660002DE9F8430B6882685B680446D3F80890DC
:109670005F681E8A1B6859F80280032BD9F81050C6
:1096800013D1FFF755FBA0B120464946FFF754FB25
:1096900078B1B8F8AC0060B1012F06D14C2E01D0E2
:1096A000AB792BB90330BDE8F8830020BDE8F8831F
:1096B0000020BDE8F8832DE9F04F0B6882685B68F5
:1096C000B9B0D3F808805E681F8A1B688146032BF7
:1096D00058F80240D8F810A08D69D1F81CB040F0BD
:1096E0009F80012E48D137B1A7F14C039BB2012BCB
:1096F00001D97E2F0FD1B4F8663038A9284621F859
:10970000043D0222F5F31EF502350FB17E2F02D182
:109710009AF806300BB14C2F13D14846FFF708FBDF
:1097200020B148464146FFF707FB50B9B4F8AC20DA
:109730003AB1284604F16C01F5F304F5B4F8AC3005
:10974000ED180FB17E2F6ED101212A462023D4F8C7
:10975000B800F0F37DF4012105F120022023D4F8B4
:10976000C400F0F375F4D4F8C800012105F14002FB
:109770002023F0F36DF456E0022E54D1B4F8623099
:1097800038A921F8023D28463246F5F3DBF4BDF84E
:10979000DE3038AF27F8C83D01210DF11A02202331
:1097A000D4F8B800F0F354F401210DF13A0220236B
:1097B000D4F8C400F0F34CF401210DF15A02202337
:1097C000D4F8C800F0F344F401210DF17A0220230B
:1097D000D4F8BC00F0F33CF401210DF19A022023EF
:1097E000D4F8CC00F0F334F401210DF1BA022023B7
:1097F000D4F8D000F0F32CF44FF00008C223029309
:109800000235304604F1180120224346CDF800808D
:1098100001970395CDF810B0F3F7A2F8404603E0A6
:109820006FF0160000E0002039B0BDE8F08FF8B509
:109830000B6804465A68836896685168F558138A1D
:1098400012683769032A2DD1012926D10BB17E2B4D
:1098500012D1BB796BB92046FFF76AFA20B12046D6
:109860003146FFF769FA20B9B5F8AC0008B102300B
:1098700000E002206030F8BD4D2B15D04C2B11D1EB
:10988000FFF756FA20B120463146FFF755FA58B98E
:10989000B5F8AC0050B10230F8BD02290CBF22204F
:1098A0000020F8BD0020F8BD0220F8BD0220F8BD60
:1098B00019B18368CB5883F8BC21704770B50C6828
:1098C0000D460646102208460021F5F3BFF42C6031
:1098D00020460021F268F5F3B9F404F52473C4F8C6
:1098E000EC3004F52C732560C4F8243170BD2DE9EB
:1098F000F0470D4698462B68BDF82060099C076824
:10990000896B95F82CC073B193F8009093F801A07F
:1099100049EA0A29A5F81C9093F81690DB7D49EADC
:109920000323A5F87E303B68B5F81C9093F8D1303E
:10993000002B5AD197F92735B3F1FF3F03D190F8A7
:10994000A43313B151E0012B4FD0C9F38027B5F8F0
:109950007E9019F00F0901D127B987E027B94FF0A0
:10996000010904E0012702E04FF000094F460123FE
:10997000002204F5227004F5237176F017DAD4F88A
:109980008832984505D1D4F88C32F31A18BF0123D8
:1099900000E001233FB933B1C4F88872C4F88C7277
:1099A000A4F886725CE0B9F1000F08D00020C4F87A
:1099B0008802C4F88C02A4F88602BDE8F087B5F8E6
:1099C0007E50C4F88882C4F88C62A4F88652484657
:1099D000BDE8F08706D18F88B74294BF00270127E2
:1099E00000E00127F8B2BDE8F087BCF1000F13D00A
:1099F0004B6B03EBC20153F83230984506D307D1C5
:109A00008888B04294BF0026012602E0012600E0CB
:109A10000026F0B2BDE8F087D1F8E03052019A1884
:109A2000136998451CD302D1938AB3421BD893691A
:109A3000984506D307D1908BB04234BF0020012057
:109A400002E0012000E0002070B106F07F06F3087C
:109A5000D05C06F00706304100F00100BDE8F08759
:109A60000120BDE8F0870120BDE8F0874B6B03EBD8
:109A7000C20153F832309845ACD2B2E72DE9F04F2D
:109A80001C4693F860B05F68D368ADF5117D06465B
:109A900005919146156933B11B7A0B2B03D13B78A5
:109AA00003F0010301E0FB789B09E36394F82C3099
:109AB0004946009330462A46E36B4FF023DB0146CC
:109AC000A06320B12A6D40F2371313402BB9304602
:109AD00021464A4671F002DAE2E090F90E2090F950
:109AE0000F30D318A2689A42C0F0DA80A269138AB4
:109AF00013F0080F0DD0007A0B280AD196F8DC0578
:109B000038B18879032804D823F008031B041B0C00
:109B100013820B7A042B59D00B2B00F0AE80022B52
:109B200040F0C080BB7897F800A097F8068043EA21
:109B30000A2A7B794FEA084848EA03283B7948EA31
:109B40000308FB79A76E48EA036817F0010740F0A5
:109B5000AC80284621465A464346CDF800A0CDF8B1
:109B60000490FFF7C4FE002800F09F80AB79002B23
:109B700040F067823368D3F88830D3F8DC210132B3
:109B8000C3F8DC2194F82C2022B1D3F8B42201329E
:109B9000C3F8B422D3F8E8210132C3F8E821D5F89C
:109BA000183193F834301BB12846002165F0E0DB12
:109BB00094F82C70002F00F044823368D3F888307A
:109BC000D3F8C0220132C3F8C02269E03B7897F88D
:109BD00001A097F8068043EA0A2AFB794FEA084871
:109BE00048EA03683B7948EA03087B7948EA032896
:109BF0002B7C13B9EB6DDB0757D4A76E17F0010769
:109C000053D1284621465A464346CDF800A0CDF808
:109C10000490FFF76CFE002847D0AB79002B40F092
:109C200010823368D3F88830D3F8DC210132C3F8CE
:109C3000DC2194F82C2022B1D3F8B4220132C3F8ED
:109C4000B422D3F8F0210132C3F8F021D5F818314D
:109C500093F834301BB12846002165F089DB94F875
:109C60002C70002F00F0ED813368D3F88830D3F8E2
:109C7000C8220132C3F8C82212E00237C8311022CC
:109C80003846F5F383F500280CDA8D483946102262
:109C9000F5F3ECF6A16B8B48C8311022F5F3E6F62C
:109CA0000027CEE14FF00008C24696F8B03293B9D3
:109CB0002B6D1F070FD4A06B037A022B02D1F6F392
:109CC00031F140B963699B69980004D4A3691B8A88
:109CD000190700F1FB8063699B695A06E0D4A36908
:109CE0001A8A42F008021A82A16B0B7A013B0A2BF6
:109CF00000F2CE80DFE813F035000B0035006C0079
:109D0000CC00CC00CC00CC00CC00CC00AE0008468F
:109D1000F6F308F108B12B7C4BB1A36BD3F8882084
:109D2000904504D80FD093F88C205A450BD0A16BE6
:109D3000226804F14007384614310A32434601F0E4
:109D4000C3D9E76501E06433E365A16B04F14A0719
:109D500038461431E26D534601F080DA384610215E
:109D600010E06168032284A8F5F3ECF1A36B84A8EA
:109D700003F114011A690330F5F3E4F1A36B84A82D
:109D80001969033107AAFBF38DF1A36B606893F99E
:109D90000E30A168C018C91A07AAFBF3A5F1A36B7E
:109DA000606893F90E30A168C018C91A4FF0FF32ED
:109DB000F6F3F4F0444BA2699842138A04D123F0DD
:109DC00010031B041B0C01E043F0100313827DE021
:109DD0006368DF7817F020071FD00A6948A814319C
:109DE000D200FBF303F6002321686269484670F055
:109DF000A5DC0027A36B01900097196948A8236888
:109E0000E268EEF3C7F3831C05D1A3691A8A42F016
:109E100010021A825AE0013058D13368D3F88830E2
:109E2000D3F8DC210132C3F8DC21D3F8F42101326C
:109E3000C3F8F42194F82C20002A00F0FF80D3F816
:109E4000B4220132C3F8B422D3F8CC220132C3F8D1
:109E5000CC22F6E001F11400E2682431236800F01E
:109E6000F9DF00287FF41CAFA26BD2F8D8300133A1
:109E7000C2F8D83033F07C4328D1F2220192D6F8D0
:109E80009401294609F11402009376F05DDE1DE08D
:109E9000AF79002F7FF404AF3368D3F88830D3F85C
:109EA000DC210132C3F8DC2194F82C20002A00F0D8
:109EB000C580D3F8B4220132C3F8B422C1E000BF98
:109EC000A2ED8900A8ED8900E320BBDEA36B6168E9
:109ED00093F90E208A18626093F90E1093F90F20FF
:109EE0008A18A1688A1AA26093F90E1093F90F20BC
:109EF0008A1821698A1A2261A269128A02F018025C
:109F0000182A64D1AB79002B7FF4CAAE95F94420AE
:109F100000930193029330463123D5F8081170F075
:109F2000A7DA3368D3F88830D3F8DC210132C3F8DC
:109F3000DC21D3F8EC210132C3F8EC21D3F8F42171
:109F40000132C3F8F42194F82C2072B1D3F8B42272
:109F50000132C3F8B422D3F8C4220132C3F8C422B8
:109F6000D3F8CC220132C3F8CC22A26B127A022A97
:109F700005D0032A12D0012A7FF492AE0EE0D3F866
:109F800008220132C3F8082294F82C70002F58D010
:109F9000D3F8E0220132C3F8E02281E6D3F80022B0
:109FA0000132C3F80022D3F8FC210132C3F8FC21AE
:109FB00094F82C70002F44D0D3F8D8220132C3F883
:109FC000D822D3F8D4220132C3F8D42268E66169DA
:109FD0008A89E26094F82D209AB993F90F200598A8
:109FE00092B2FAF329F16369DA89900402D5B3F8E1
:109FF00050308BB9A36BE26893F90F30D31AE3604A
:10A000000AE00598F6F3F4F0A36B014693F90F20EC
:10A01000059892B2FAF310F1A36BC4F86480A4F827
:10A0200062A01B7A042B01D0022B09D1A36ED907A1
:10A0300006D43046214670F09DDF01E0174600E06F
:10A04000012738460DF5117DBDE8F08F2DE9F3416C
:10A05000099F00230D9904469046089E0A9D00938F
:10A0600001933FF04FDE032F0BD90422684631469F
:10A07000F5F368F0072F04D901A8311D0422F5F388
:10A0800061F0A8F14C08B8F1050F2AD8DFE808F014
:10A090000A03160F231BD4F88434BDF80020A3F85C
:10A0A000922016E0D4F88434B3F8923017E0D4F854
:10A0B0008434BDF80020A3F896200AE0D4F8843454
:10A0C000B3F896300BE0D4F88434BDF80020A3F840
:10A0D0009E20002007E0D4F88434B3F89E302B6033
:10A0E000F7E76FF01600BDE8FC81D0F884242DE975
:10A0F000F843B2F8928004464145D4BF00200120C5
:10A10000B2F84A50B2F89690B2F89460B2F898C09B
:10A1100010B1C8EB010701E0C1EB0807B2F89030BD
:10A12000BFB2002B75D0BCF1010FADB2334607D1E1
:10A13000002851D02BB203FB08F393FBF1F346E068
:10A14000BCF1020F2BD131B2B8B10FFA89F39942A9
:10A1500003D10423A2F8983062E0132F02D9A6F1AC
:10A16000140339E0092F02D9A6F10A0334E0042FC1
:10A1700001D9731F30E0B31E2EE00FFA85F8414578
:10A180001DD0132F02D906F1140325E0092F02D99F
:10A1900006F10A0320E0052F1CD9731D1CE0BCF159
:10A1A000040F39D133B238B10FFA89F18B4237D06D
:10A1B000052F38D9731F0AE029B28B4204D101233D
:10A1C000A2F89830BDE8F883052F2DD9731D4FF004
:10A1D000020C01E04FF0040C1BB229B28B4204DCEC
:10A1E0000FFA89F5AB42A8BF1D462368A2F8945028
:10A1F000A2F898C02DB22946012220461B7E72F09B
:10A20000B1DC23682046294600221B7E72F0AADCBE
:10A2100006E01846BDE8F8834FF0FF30BDE8F8834C
:10A220000020BDE8F8830020BDE8F883D0F884342E
:10A2300013B5B3F8902004466AB1036A0DF1060124
:10A2400018695BF0BFD980B12046BDF90610012224
:10A25000FFF74BFF09E06421012372F083DC012248
:10A2600020466421134672F07DDC1CBD08B5036AEC
:10A27000D3F8D80079B143784A789A4208D10230AD
:10A280000231F4F34BF7D0F1010038BF002000E0B9
:10A290000020C0B208BD084608BD2DE9FF47994619
:10A2A0004369D0F8208082461B680446174602693D
:10A2B0005AF8180B0E464146D55801F055FA216957
:10A2C000206852466FF096DC0123C8F800302B68F6
:10A2D0000146023B012B03D82369DB6DC8F8D0305F
:10A2E0000C9B20680293424633468DE8800201F0C1
:10A2F00058FA48B12B68022B05D1636AD888003020
:10A3000018BF012000E0012004B0BDE8F0872DE96E
:10A31000F04FC368044600F1180799B01646056A65
:10A320008A46006821693A4603936FF063DC013E78
:10A330000290062E00F23881DFE816F007003601A1
:10A34000BC003601DB003601FF00EE68002E00F095
:10A350002C81D5F8D03013F4804B0CD023682169C0
:10A36000D3F8D4060368CB581B781BB14AF04ADBFC
:10A37000834600E09B46636893F86231A3B1D5F849
:10A38000D000F0F78BFE88B12368D3F86008FEF7A1
:10A39000CFFC58B123680299D3F86008FEF7CCFCD3
:10A3A00020B1B5F8DC8002E0984600E08046B5F8C0
:10A3B00006C02068DC44C4441FFA8CFC0CF1710315
:10A3C00021693A469BB2CDF804C077F07BD9DDF81D
:10A3D00004C00646002800F0E8800CF15F0CD0F8BD
:10A3E00008901FFA8CFC4FEA1C2343EA0C2C09F15D
:10A3F0001207A9F810C000215F223846F4F326F7AF
:10A400004AF484731A0A89F8132089F814302B8BC4
:10A4100005F13C011A0A89F8152089F81630202226
:10A4200009F11F00F4F38EF6EA8809F171009344F4
:10A43000D8441FFA88F84FEA182343EA0828A9F8F5
:10A440006F80E968F4F37EF6636893F86231F3B1E4
:10A45000D5F8D000F0F722FEC8B12368D3F8600821
:10A46000FEF766FC98B123680299D3F86008FEF7FE
:10A4700063FC60B1EB68002B00F09B80E888D5F8A6
:10A48000E01038185F30B5F8DC20F4F35BF6D5F84F
:10A49000D030580440F18D8023682169D3F8D40668
:10A4A0000368CB581B78002B00F083803A464AF0B3
:10A4B000FFD97EE0206821693A46712377F002D9FE
:10A4C0000646002871D0D0F808905F22002109F1DB
:10A4D000120789F8112089F810103846F4F3B6F6FF
:10A4E0004AF480731A0A89F8132089F814302B8BE8
:10A4F0001DE0206821693A46712377F0E3D80646CB
:10A50000002852D0D0F808905F22002109F11207EC
:10A5100089F8112089F810103846F4F397F64AF4B8
:10A5200040731A0A89F8132089F81430EB8A1A0A42
:10A5300089F8152089F816303BE0206821693A46F1
:10A54000712377F0BFD8064678B3D0F80890002181
:10A550005F2209F1120789F8101089F81120384696
:10A56000F4F374F64FEA1A2389F8133089F814A02B
:10A570001FE0D5F8D000F7F37DF10146484605F11C
:10A580008C0204ABF7F386F1044630B931460398E8
:10A590002246F9F3A7F6264607E007F14D0004A985
:10A5A0001022F4F3CFF500E00026304619B0BDE8E4
:10A5B000F08F032389F80F30D5F8D000F6F354F567
:10A5C00005F15C0400280CBFFE2302233846082254
:10A5D00000F8053B2146F4F3B5F508212046F7F3D2
:10A5E0004FF11AF00301C9D1C3E72DE9F04F91F8FB
:10A5F00013800B7D8BB043EA082818F0030904464A
:10A600000E4606924769056ACDF8208005D1D5F837
:10A61000D000F7F32FF1844600E0CC4605F15C0A48
:10A6200006F1170B0120082359465246CDF810C0F9
:10A63000F6F302F68245DDF810C000F0F78318F457
:10A640008071079110D0338A1A0A42EA03239BB221
:10A650005C2B40F2EB833046614605F18C02F6F349
:10A66000E5F7002800F0E283338A1A0A42EA03235E
:10A670009BB25E2B40F2DA8396F86F1096F870204A
:10A6800042EA01225F329342C0F0D08306F1120207
:10A690000992594608225046F4F354F505F1640036
:10A6A00059460822F4F34EF5D5F8D000F6F3DCF461
:10A6B000002868D018F4805F65D096F86F2096F86F
:10A6C000703043EA0223B3F5807F0BDD3846216901
:10A6D000012274F065DC206904F11801012277F091
:10A6E00089D9E7E24FF48070F9F3C6F5824630B9B4
:10A6F00038462169012274F053DCD14698E32020CA
:10A70000F9F3BAF5834630B95046F9F3C7F5384640
:10A710002169012208E34FF48170F9F3ADF505904A
:10A7200068B95046F9F3BAF55846F9F3B7F5384623
:10A730002169012274F034DCDDF8149078E3B9F17A
:10A74000000F04D1D5F8D000F7F394F08146059BB3
:10A75000494605F19C020293099800238DE8000CFC
:10A76000F6F394F781465046F9F398F55846F9F315
:10A7700095F50598F9F392F5B9F1000F03D1384634
:10A780002169012220E396F815A0B37DD5F8D00009
:10A7900043EA0A2AF6F38AF410B918F0080326D01F
:10A7A000BAF10D0F0BD003D8BAF1050F15D10DE09A
:10A7B000BAF1100F17D0BAF1200F0ED111E018F036
:10A7C000080F13D038462169022271E218F0080FF1
:10A7D0000FD03846216903226AE2384621690422F3
:10A7E00066E2022106E00422059204E003230593B9
:10A7F00001E00121059118F0080900F026822B8A5A
:10A80000059A934203D038462169052250E2079BFE
:10A81000002B40F0C78003232B60D5F8D0305A06B8
:10A8200006D4626892F86221002A37D0580335D5E1
:10A8300013F4804932D196F86F1096F870300422E4
:10A8400006F1710043EA0121F6F3F8F70246002809
:10A8500033D04378132B03D8384621690422B3E25E
:10A86000636A2169483300934FF02009204606327D
:10A8700001F1DC03CDF8049073F054D88246E0B9BE
:10A88000636AA3F8069094F80834B3B1A068D4F8CA
:10A89000041406F009D884F808A40EE019060CD5B3
:10A8A000616AB1F8E42042B101F14800C431F4F327
:10A8B00049F4636AB3F8E410D980636ADB882BB982
:10A8C00020463146069A72F0DFDFAFE205F11C093F
:10A8D00006F11F012022484605F13C06F4F332F44C
:10A8E00020222068314619F029D9D5F8D0305A04F1
:10A8F0000AD522682169D2F8D40602688A581278EB
:10A9000012B149F0FFDF3BE021690A6D100508D460
:10A9100013F4922F05D1D1F8083193F883309A06B9
:10A9200012D5636A04F1180003F148020092DB8833
:10A93000E231019305F18C030293AB8A4A460393FB
:10A940003346F6F30DF41BE004F1180A5046E231E9
:10A950000622F4F3E3F3002800F06882636A2169B9
:10A9600003F148020092DB885046019305F18C0305
:10A970000293AB8AE23103934A463346F6F3F0F58D
:10A9800040F63B623846216908EA0202012374F06E
:10A990004BDB08B1042356E1384621690D2274F0DF
:10A9A000FFDA43E2069A4AB997F81690B9F1000F18
:10A9B0000CBF4FF400794FF0000901E04FF000099F
:10A9C000D5F8D000F6F350F341F2C833002808BFA1
:10A9D0004FF4E47303EA080218BF4FF000099A42EB
:10A9E00040F0248219EA080F40F020822B68033BD4
:10A9F000042B00F21B822946052341F81C3B06F17B
:10AA00001F002022F4F38AF3002840F00F8296F80A
:10AA10006FA096F87030D5F8D00043EA0A2AF6F312
:10AA200023F300283FD006F1710B584651463022DF
:10AA3000F5F306F08146C8B1D5F8D03042785B0412
:10AA400040F1FA8123682169D3F8D4361B68CB58CA
:10AA50001B78002B00F0F081123A92B2ECE1A8686A
:10AA600009F102010230F4F359F318B138462169B3
:10AA7000072215E00AEB0B0199F80120C9EB01014F
:10AA800089B2901C81421CDD6FF001039B1A48447F
:10AA9000C9183022F4F3D4F798B121693846062258
:10AAA00074F07EDA09E0AB88534506D1A86806F158
:10AAB00071015246F4F332F318B1206904F1180120
:10AAC00042E0D5F8D000F6F3CFF278B106F171008C
:10AAD0005146F6F3A7F648B938462169092274F0C1
:10AAE0005FDA206904F1180101222EE02068036872
:10AAF00093F8623163B304F1180921694A466FF093
:10AB000079D88346D5F8D000F0F7C8FA00B32368A7
:10AB1000D3F86008FEF70CF9D0B1BBF1000F17D0E5
:10AB200023685946D3F86008FEF706F980B151460C
:10AB300006F17100F422F4F383F701462046FFF793
:10AB400095FB28B920694946112276F053DF6DE163
:10AB500040F20B223846216908EA0202032374F00E
:10AB600063DA814628B1062318F040092B6004D12E
:10AB700016E0384621690D2226E12A8A04F1180BD5
:10AB80002B8B20688DE80408216905F1AC0276F072
:10AB9000D1DED5F8D000F6F367F2002834D003E018
:10ABA0003846216908220FE1514606F17100F6F39B
:10ABB00039F642788046063A92B2EA82837905F104
:10ABC0006C0903F0030385F8CC3008F1080148460E
:10ABD000F4F3B8F295F8CC200599EB8A009206F1CF
:10ABE0004F020191029298F80620216902F00402B6
:10ABF000039220684A4676F021DE23682169D3F863
:10AC00007C06324654F0ECDED5F8D000F6F32CF298
:10AC1000C0B108232B6038462169002274F0C0D9E6
:10AC200023695A46DB682068009379210623F4F7EC
:10AC300001F923682269D3F8D4361B68D35800225F
:10AC40001A70F3E006232B60F0E02B68052B40F22E
:10AC5000ED80236A05995A8A8A4208D0D3F8D00039
:10AC6000F6F324F218B1384621690A22ACE008F460
:10AC70006073B3F5607F40F0D98007232B60D5F86F
:10AC8000D000F6F3F1F18146002841D018F4805F3E
:10AC90000BD096F86F1096F8703006F1710043EA09
:10ACA0000121F6F3BFF5814638B9216938460B22F8
:10ACB00074F076D94FF00009BAE0427805F16C0AD9
:10ACC000063A92B2EA82837909F1080103F003039C
:10ACD00085F8CC305046F4F335F295F8CC20EB8A69
:10ACE00000926A8A2169019206F14F02029299F854
:10ACF0000620206802F004020392524676F09EDDA0
:10AD000023682169D3F87C06324654F069DE70E08E
:10AD1000BAF1200F55D84FF48070F9F3ADF28346A5
:10AD200030B9216938460C2274F03AD9D9467FE00F
:10AD30002020F9F3A1F2069050B95846F9F3AEF28B
:10AD4000384621690C2274F02BD9DDF818906FE099
:10AD50004FF48170F9F390F2844680B95846CDF8EB
:10AD600010C0F9F39BF20698F9F398F2384621697E
:10AD70000C2274F015D9DDF810C0E14658E0069BAE
:10AD800005F16C020792414605F19C020193029085
:10AD9000079B0998CDF810C0CDF800B0F6F370F419
:10ADA00081465846F9F37AF20698F9F377F2DDF81E
:10ADB00010C06046F9F372F2A5F816A0B9F1000FC1
:10ADC00005D1216938460C2274F0EAD830E0089A9F
:10ADD00008F030031B110599009302F04003019124
:10ADE0004F36039320682169079A5346029676F0FE
:10ADF00025DD3846216908F00B02052374F014D9CB
:10AE000028B108232B6038462169002202E021691D
:10AE100038460D2274F0C4D823692068DB68792194
:10AE2000009304F118020623F4F704F84FF0010927
:10AE300048460BB0BDE8F08FA988931C99427FF477
:10AE400015AE0CE62DE9FF4790E810028E79054615
:10AE50000F46002E63D140F21440F9F30DF2804604
:10AE600000285FD03851314640F21442F4F3EEF13D
:10AE7000AB8AD9F8D02608EB030448F803902B6975
:10AE80004FF0010AE360EB686261A360AB68276181
:10AE90006360E420C8F8006088F804A0C4F8FC638C
:10AEA000F9F3EAF12062002841D03146E422F4F3BC
:10AEB000CDF1E820F9F3E0F16062002837D03146A7
:10AEC000E822F4F3C3F1D4F82480E868C8F80090CD
:10AED00019492246334605F06BDDC8F868000028A2
:10AEE00025D0E86815492246334605F061DD6063E8
:10AEF000E8B1E86812492246334605F059DDC4F846
:10AF00000404A0B1236A286A0193636A6946009722
:10AF100002938DF80CA0F3F313F4304604E06FF0C5
:10AF2000060001E04FF0FF3004B0BDE8F08728468E
:10AF3000394672F099DBF5E7E1578800E958880057
:10AF4000C958880038B51D4690B10368848ACB582B
:10AF500073B11C19114604F130001022F4F3F2F021
:10AF600004F1400029462022BDE83840F4F3EAB05D
:10AF700038BDD0F88404F0B503F15605A83300EBD2
:10AF8000430300EB8505B3F90A60AF6890F8E94028
:10AF9000BE1B7618AE6026415E81B0F95E31D0F8F6
:10AFA0006811CB1A9B18C0F868312341A0F85E31B4
:10AFB000F0BD10B50A7AD0F884342AB390F829226B
:10AFC000D1F808012AB190F86000904228BF0246EB
:10AFD00001E090F86020D1F81801047864B1007A9B
:10AFE000D1F8081118B1C98D4A43002101E0CA8D7A
:10AFF000012183F8291105E0012283F82921D1F8E4
:10B000000821D28D0A3203E083F829214FF49B7284
:10B01000C3F8242110BD2DE9F04F8BB0D0F8844443
:10B020009A469DF85C30904608939DF85420B4F8F9
:10B03000C63007920393189A94F8E9300F460992A4
:10B040000593B4F8F020D4F8D81094F81C310646D3
:10B050009DF950B09DF8585004920691002B00F0D5
:10B06000AB81036893F8693123B13BF04DDA0028D6
:10B0700000F0A281336893F864312BB194F86D31FC
:10B0800013B1002384F86D3194F828313BB1B068D6
:10B09000D4F8301105F008DC002384F828318E2123
:10B0A00030693CF069DA43004E334FF6FE711940C7
:10B0B00030693CF061DA94F858318146FF2B08D0B2
:10B0C00094F8E830012212FA03F300EA03091FFAA8
:10B0D00089F994F8AF30AB4213D0002305F1320266
:10B0E00004EB8202E91A93604A4242EB01023232D7
:10B0F00004EB820284F8AF50C4F8CC30C4F8C830F6
:10B100009360BAF1000F00F05781079AC2B9022F7D
:10B1100040F35281C7EB0A01B4F9F22009B204EB03
:10B1200045039142A8BF0A46A3F8EA20D6F8843422
:10B130005B79012B2AD9C8EB0B03A4F8EE3025E08C
:10B14000049F04EB45023BB2B2F9EA70C7EB0A0771
:10B15000FF1A022F03DD1C2FA8BF1C2700E00327C6
:10B16000D6F884245279012A10D9B4F9EE80C8EBBC
:10B170000B08C3EB0808B8F1020F05DDB8F11C0F8E
:10B18000A8BF4FF01C0801E04FF00308D6F8683262
:10B190009B792BB9089A1AB130460999FFF709FF34
:10B1A00005F1320204EB820293683046013393606A
:10B1B000C4F8CC30D4F8383151460133C4F83831B2
:10B1C00005F14E0304EB83035A6801325A605A4674
:10B1D0002B46FFF7CEFED4F8E030D4F8E4209342BB
:10B1E00003D9039B1BB2049307E0D4F8DC000133BE
:10B1F00001210690C4F8E03004910598012212FA6A
:10B2000000F3D4F8CC1099422DD3D5F1010B38BFFF
:10B210004FF0000B0BF1A80C04EB4C0C04EB4500B9
:10B22000B0F85A01BCF80AC0C0EB0C0C0FFA8CFC49
:10B2300094F86C018CEAEC7AAAEBEC7A8245ACBF0C
:10B2400000210121844503910EDB94F8E8000BFAFC
:10B2500000F1894509D005F13C0104EB8101486802
:10B260008018486001E00392002205F1540B05F1BB
:10B270002C0004EB800004EB4B01B1F90AC0D0F8BC
:10B2800008A0CCEB0A0C67448760059807414F8102
:10B29000D4F8C000B4F9B610059F411A4144C4F86F
:10B2A000C0103941A4F8B61004EB8501D1F8D010D4
:10B2B000B4F9C400994204EB4B01B1F90A1028BF5C
:10B2C00084F8B150884244DBD4F8CC00069FB842E1
:10B2D0000CD9D5F1010194F8E82038BF002111FA0A
:10B2E00002F291452FD005F13C0225E0039F4FB3B8
:10B2F00094F844713DB1B4F9B2C07FB2C1EB0C0116
:10B3000007EBC10106E0B4F9B4C07FB2C1EB0C0198
:10B31000C900C91B049FB1EBC70F13DB984211D3BF
:10B32000D5F1010194F8E82038BF002111FA02F2AA
:10B33000914508D005F13E0204EB820251680131CB
:10B34000516000E02AB10120002D14BF0321022129
:10B3500006E0002D0CBF2846002014BF0221032167
:10B3600094F8AF2084F8492194F81D215AB1D6F8F9
:10B37000682292793AB938B130690B46009201924D
:10B380003DF0C6D804E018B9D4F8CC209A4213D2C4
:10B3900094F81D3183B1D6F868329B7963B90122E4
:10B3A00084F82821B068D4F83011D4F824210BB0E7
:10B3B000BDE8F04F05F0529A0BB0BDE8F08F2DE9D3
:10B3C000FF41D0F88454064695F81C310C4695F898
:10B3D000E970002B00F08180036993F80A31002B9B
:10B3E0007BD0036893F8693153B13BF08DD80346A5
:10B3F00030B9B068D5F83411142205F02FDA6CE0BA
:10B40000336893F8643133B195F86D311BB1002383
:10B4100085F86D3161E0D6F83C33022B0AD0D5F8BF
:10B42000E020D5F8E4309A4294BF4FF000084FF086
:10B43000010801E04FF0000895F81D31002B4CD0B9
:10B44000D6F868329B79002B47D1336A0DF10F0192
:10B4500018695AF00BDD9DF80F3085F8AF30002BDE
:10B4600014BF03210221B8F1000F25D003F1020E11
:10B4700005EB8E0E05EB4302DEF8B0C0B2F9B20068
:10B48000C0EB0C00CEF8B000384103F12C0EA2F84E
:10B49000B20003F1540205EB8E0E05EB4202B2F945
:10B4A000B200DEF8B0C0C0EB0C00783850FA07F7F5
:10B4B000CEF8B000A2F8B27085F84931002201231D
:10B4C0008DE80C0030690B463DF022D89DF80F3016
:10B4D00054F82320013244F82320BDE8FF8110B541
:10B4E000D0F8844494F81C3123B104F58671FFF739
:10B4F00066FF002384F8283110BD70B5D0F884446D
:10B50000054694F81C3103B3D4F8CC20D4F8C830E5
:10B510009A4203D104F58A71FFF751FFD4F8CC3079
:10B52000C4F8C83094F81D317BB1D5F868329B79E6
:10B530005BB994F8292142B1A868D4F834114FF4CA
:10B54000FA72BDE8704005F0899970BD38B5D0F841
:10B5500084440546D4F83411806805F0A5D9D4F8A0
:10B56000CC20D4F8C8309A4204D1284604F58A7118
:10B57000FFF725FFD4F8CC30C4F8C83038BDD0F878
:10B58000843400224FF6A271C3F8B820C3F8BC205F
:10B59000C3F8C020A3F8B220A3F8B420A3F8B620C3
:10B5A000C3F86021C3F86421C3F86821A3F85A21C5
:10B5B000A3F85C21A3F85E21A3F8EA10A3F8EC102D
:10B5C000A3F8EE10C3F8CC20C3F8D020C3F8D420E1
:10B5D000C3F83821C3F83C21C3F84021C3F8E02068
:10B5E000C3F8F420C3F8F820C3F8FC20C3F8002106
:10B5F000C3F80421C3F80821C3F80C21C3F81021B3
:10B60000C3F81421C3F8182183F829217047D0F812
:10B610008434D3F8CC208A60D3F838218A6493F834
:10B620001D2112B193F8AF2001E093F8AC204A60DD
:10B6300093F81D210A6093F848214A654A688A6593
:10B64000D3F8D0200A64D3F8D4204A64D3F83C213C
:10B65000CA64D3F840210A65B3F9B220CA60B3F9CD
:10B66000B4200A61B3F9B6204A61D3F8F4208A61A4
:10B67000D3F8F820CA61D3F8FC200A62D3F800217D
:10B680004A62D3F804218A62D3F80821CA62D3F847
:10B690000C210A63D3F810214A63D3F814218A637A
:10B6A000D3F81821CA63D3F84C21CA65D3F85021C6
:10B6B000D3F854310A664B667047F7B5D0F8844426
:10B6C000D4F84C518D4207D1D4F85051954203D152
:10B6D000D4F854219A423CD001F00F05042D3AD8F9
:10B6E000022D38D003F00302022A34D01F0907F0DC
:10B6F0000307022F2FD00A0902F00F02042A2AD8CA
:10B70000022A28D09E0806F00306022E23D09E09A6
:10B7100006F00306022E1ED0C4F85431036AC4F8A2
:10B720004C111B68C4F85011022B04BF3E462A4638
:10B73000042A14BF1146314684F8AD10D0F8843481
:10B74000012283F846110092019200690B463CF0F9
:10B75000DFDE002001E06FF01C00FEBD704700003E
:10B76000004870479466010010B50C46C1B1886866
:10B7700008B1F8F393F5E06808B1F8F38FF5D4F861
:10B78000D80008B1F8F38AF5D4F8E00008B1F8F36E
:10B7900085F520460021E422BDE81040F3F356B5BC
:10B7A00010BD2DE9F74F0546D2F8D000019114469F
:10B7B0009846DDF830B0DDF83490DDF838A0F5F3C8
:10B7C00053F428B1404659463022F4F339F103E0EE
:10B7D00040465946F5F3E0F20646002800F0D880CE
:10B7E000D4F8D000F5F340F428B148465146302251
:10B7F000F4F326F103E048465146F5F3CDF207464F
:10B80000002800F0C6802B6893F86231002B4FD0DF
:10B81000D4F8D000EFF742FC002849D0D5F86008F2
:10B82000FDF786FA10B3D5F868329B792BB9D5F8B5
:10B8300060080199FDF780FAC0B148465146F422EC
:10B84000F4F3FEF08146002800F0A2804078023038
:10B85000A4F8D400F8F310F5C4F8D800002800F0DC
:10B8600097804946B4F8D420F3F36CF4D5F8600817
:10B87000FDF75EFAE0B1D5F860080199FDF75CFAD2
:10B88000B0B140465946F422F4F3DAF005460028F8
:10B890007ED040780230A4F8DC00F8F3EDF4C4F870
:10B8A000E000002874D02946B4F8DC20F3F34AF411
:10B8B000022323826382D4F8D000F5F3D5F310B1CC
:10B8C000042323826382D4F8D000F5F3CDF350B182
:10B8D00006F10A0004F110010022F5F3A7F4002894
:10B8E00056D0002513E073780A2B0FDDD4F8D05022
:10B8F00006F10E00A5F10802554245EB020504F1E0
:10B9000010012A46F5F3B6F608B941E0054620468F
:10B91000218A2A4676F088D8002839D0D4F8D00079
:10B92000F5F3A2F330B1301D04F112010122F5F359
:10B930007DF413E07378092B11DD06F1080045B999
:10B94000F27A012A06D0A2F105035A4242EB030221
:10B9500000E0012204F11201F5F38CF6C0B1787811
:10B960000230A080F8F388F4A06088B13946A2883C
:10B97000F3F3E8F370780230E080F8F37DF40746E3
:10B98000E06030B13146E288F3F3DCF3012700E0F8
:10B9900007463846BDE8FE8F01320103323D009074
:10B9A0004C3300AAAA0300000088B4000100000084
:10B9B00001010000010050F201000050F2000040BF
:10B9C0009600000FAC00000FAC0600AAAA0300000E
:10B9D00000AAAA030000F8000FAC00050400C9BFCC
:10B9E00005F000CEBF0000000101000001011C7045
:10B9F00040002D02F0000A0128002801380148010A
:10BA000058015501500150036666E2016666E30184
:10BA10006666E4016666E5016666E6016666E7015C
:10BA20006666E8016666E9016666EA016666EB013C
:10BA30006666EC016666ED016666EE01CDCCF0014E
:10BA40000A0005000800400608000500080008007C
:10BA5000770008008A0008000100050001000A00C4
:10BA600001000500400610091E091F0924092509C7
:10BA7000260920092109270928092909220923095A
:10BA800030093109320912090F09000901090609B3
:10BA9000070908090209030909090A090B09040928
:10BAA00005090C090D090E0911096502340284000B
:10BAB0007400560065023402040004000400030010
:10BAC0000300030003000200010001000000000069
:10BAD000FFFFFFFFFFFFFFFFFFFFFFFFFFFF000074
:10BAE000372E39352E3439202832323731626236DA
:10BAF00020435929007265636C61696D2073656329
:10BB000074696F6E2025733A2052657475726E6584
:10BB10006420256420627974657320746F207468D2
:10BB20006520686561700A004D656D6F72792075DA
:10BB3000736167653A0A0009546578743A20256C88
:10BB40006428256C644B292C20446174613A2025BB
:10BB50006C6428256C644B292C204273733A202591
:10BB60006C6428256C644B292C20537461636B3AF8
:10BB70002025644B0A00094172656E6120746F7460
:10BB8000616C3A2025642825644B292C2046726577
:10BB9000653A2025642825644B292C20496E2075A0
:10BBA00073653A2025642825644B292C2048574D7D
:10BBB0003A2025642825644B290A0009496E20751E
:10BBC0007365202B206F766572686561643A202565
:10BBD000642825644B292C204D6178206D656D6F9C
:10BBE000727920696E207573653A20256C6428256A
:10BBF0006C644B290A00094D616C6C6F63206661AF
:10BC0000696C75726520636F756E743A2025640ADD
:10BC10000009537461636B20626F74746F6D2068E8
:10BC20006173206265656E206F76657277726974E4
:10BC300074656E0A0009537461636B20626F7474DB
:10BC40006F6D3A20307825702C206C776D3A20305B
:10BC50007825702C20637572723A20307825702C0C
:10BC600020746F703A20307825700A00094672659A
:10BC70006520737461636B3A2030782578282564D9
:10BC800029206C776D3A2030782578282564290A98
:10BC90000009496E75736520737461636B3A2030D7
:10BCA000782578282564292068776D3A2030782512
:10BCB00078282564290A0009496E2075736520706B
:10BCC0006F6F6C202564282564293A202564282577
:10BCD000644B292C20772F6F683A2025642825642F
:10BCE0004B290A0009496E20757365202D20706F5D
:10BCF0006F6C3A2025642825644B292C20772F6F00
:10BD0000683A2025642825644B290A0009506B7481
:10BD1000496420546F74616C3A2025642C2046726B
:10BD200065653A2025642C204661696C65643A207B
:10BD300025640A006D77006D6400554E494D504CE6
:10BD40003A2072613D25700A005443414D3A202546
:10BD50006420757365643A202564206578636565A1
:10BD6000643A25640A000A465749442030312D259B
:10BD7000780A666C6167732025780A000A5452417C
:10BD800050202578282578293A2070632025782CA2
:10BD9000206C722025782C2073702025782C20634D
:10BDA0007073722025782C20737073722025780AA6
:10BDB00000202072302025782C2072312025782C0C
:10BDC0002072322025782C2072332025782C207286
:10BDD000342025782C2072352025782C20723620AE
:10BDE00025780A00202072372025782C20723820F0
:10BDF00025782C2072392025782C2072313020258E
:10BE0000782C207231312025782C20723132202577
:10BE1000780A000A20202073702B302025303878D3
:10BE20002025303878202530387820253038780A99
:10BE300000202073702B31302025303878202530B9
:10BE40003878202530387820253038780A0A007371
:10BE5000702B257820253038780A00686E6461726E
:10BE60006D5F61726D7220616464723A2030782572
:10BE7000782C206372345F6964783A2025640A0064
:10BE8000627573737461747300535357553A20701D
:10BE900072696D6520646F6573206E6F74206861D0
:10BEA00076652070203D2033206D6F6420340000C3
:10BEB000010000000001000020010000A1418000FD
:10BEC000B9538000212C8000795780006D3D80009F
:10BED000609D8800A09E8800549F88008C9B8800ED
:10BEE000409C8800FDFFFFFFD89A880002000000F8
:10BEF0008001000030010000DD418000E55380003A
:10BF0000492C8000AD578000993D8000749D8800C9
:10BF1000C09E8800749F8800AC9B8800609C88004D
:10BF2000FDFFFFFFF89A880004000000FF000000FA
:10BF300020080000253E8000B1518000ED2B8000DC
:10BF400035578000253D8000549D8800809E8800E4
:10BF5000349F88006C9B8800209C8800066D070039
:10BF6000B89A8800030000000902000044010000A4
:10BF7000F941800001548000892C8000F557800031
:10BF8000ED3D8000889D8800F09E8800A49F880079
:10BF9000DC9B8800909C8800FDFFFFFF289B8800A9
:10BFA000706125643D307825257800706425643DF6
:10BFB00030782525780070646825643D3078252523
:10BFC000780070646C25643D3078252578006763BF
:10BFD0007225643D3078252578002530325825308B
:10BFE000325825303258253032582D2530325825D8
:10BFF0003032582D25303258253032582D253032E8
:10C0000058253032582D25303258253032582530B9
:10C0100032582530325825303258253032580055A4
:10C020006E646566696E6564206572726F72202544
:10C0300064000000600104000500010364010400C5
:10C04000000027002401040004000000280104006F
:10C05000000000002C01040000000000300104007A
:10C0600000000000340104000A04700034010400E0
:10C07000EFBED40034010400050000FF34010400C9
:10C0800001FF02FF30010400180000003401040029
:10C090000A04E00034010400EFBE4800340104004B
:10C0A000050000FF3401040001FF02FF3401040019
:10C0B00000101801340104000203001034010400D0
:10C0C00018F1F2F334010400BBCC0000300104008D
:10C0D00038000000340104000000000030010400BA
:10C0E000580000003401040000000000300104008A
:10C0F00038000000340104000F2000073401040060
:10C100000000940034010400000000903401040099
:10C1100074757677340104000000000034010400D7
:10C120000000050034010400FFFFFFFF30010400A0
:10C1300068030000340104006E84330034010400FD
:10C14000DCBA500034010400D40000AB3401040018
:10C15000BADABADA34010400001018F1340104002C
:10C16000F2F300103401040018F1F2F3340104007A
:10C17000100000003401040000000000340104003D
:10C1800000000A00340104000100000E3401040024
:10C190004252434D340104005F54455334010400BE
:10C1A000545F535334010400494401043401040032
:10C1B00082848B96340104000301010634010400DB
:10C1C0000200000030010400680000003401040097
:10C1D0000A04280234010400DCBA8000340104009F
:10C1E0000000FFFF34010400FFFFFFFF34010400E3
:10C1F000001018F134010400F2F3001034010400BF
:10C2000018F1F2F334010400D0AF0000340104004F
:10C2100000000000340104000000000134010400AB
:10C220000200000E340104004252434D3401040068
:10C230005F54455334010400545F535334010400E8
:10C24000494401043401040082848B9634010400C3
:10C250000301010634010400020100003001040062
:10C2600068060000340104000A04280234010400B6
:10C27000DCBA8000340104000000FFFF3401040038
:10C28000FFFFFFFF34010400001018F13401040027
:10C29000F2F300103401040018F1F2F33401040049
:10C2A000D0AF00003401040000000000340104009D
:10C2B00000000001340104000200000E34010400FB
:10C2C0004252434D340104005F544553340104008D
:10C2D000545F535334010400494401043401040001
:10C2E00082848B96340104000301010634010400AA
:10C2F000020100000001040000000001900402009F
:10C3000000000000A0040200F1F30000B0040200ED
:10C31000EFFD0000A8040200FFFF0000A8040200D7
:10C3200000000000A204020001000000B2040200AC
:10C33000FBFF0000AA040200FFFF0000AA040200A5
:10C3400000000000A4040200CF1A0000AC040200A8
:10C3500000000000BC04020000000000A60402006F
:10C36000D7020000B6040200FFFD0000AE04020088
:10C37000FFFF0000060402000100000006040200A6
:10C38000000000000C040200180000000604020077
:10C390000000000048040200000C0000020402003B
:10C3A0002006000002050200000000000005020057
:10C3B0000040000002050200040000000005020029
:10C3C0000040000002050200080000000005020015
:10C3D00000400000020502000C0000000005020001
:10C3E0000040000002050200C000000080050200BD
:10C3F000FFFF000082050200FFFF0000840502002D
:10C40000FFFF000086050200FFFF00008805020014
:10C41000FFFF00008A050200FFFF00008C050200FC
:10C42000FFFF00008E050200FFFF000090050200E4
:10C43000FFFF000092050200FFFF000094050200CC
:10C44000FFFF000096050200FFFF000098050200B4
:10C45000FFFF00009A050200FFFF00009E0502009A
:10C46000FFFF0000A0050200FFFF00009C05020086
:10C47000F0FF0000400502000080000020050200DF
:10C48000060F000040050200008000004005020089
:10C49000008100002005020000FF00002C050200C2
:10C4A000010100004005020000810000400502007B
:10C4B00000820000200502001E2800002C0502005A
:10C4C000000000004005020000820000400502005C
:10C4D0000083000020050200293100004005020011
:10C4E00000830000400502000084000020050200D7
:10C4F000323F0000400502000084000040050200B9
:10C5000000850000200502004041000040050200B7
:10C510000085000012060200010000002E06020045
:10C52000CDCC0000300602000C0000000006020026
:10C530000480000096060200080000009A0602002F
:10C54000E400000088060200000000009C060200D3
:10C550000200000088060200001000009C06020095
:10C560000200000088060200002000009C06020075
:10C570000200000088060200003000009C06020055
:10C5800002000000880602000B0F00009E06020059
:10C5900007000000100502000B000000500402001C
:10C5A000014E0000520402005B010000E40402009E
:10C5B0009000000004040200B400000054050200D2
:10C5C000FFAF0000FE040200000000005E05020054
:10C5D0000010000060010400040001036401040075
:10C5E0000000000064010400B400000064010400C5
:10C5F0004700470064010400000064006401040077
:10C6000030094000600104000D00010364010400D2
:10C6100002000200640104000100C0006401040083
:10C6200005000000640104000000C0006401040073
:10C6300064006400640104000E004700640104000B
:10C6400000050000600104001500010364010400FE
:10C6500040003C086401040000000700640104007D
:10C660000A000000600104001A00010364010400D4
:10C6700000C00000600104001D000103640104000B
:10C6800010270000600104001F0001036401040082
:10C6900000001C0C64010400060010276001040067
:10C6A0002500010364010400000032006001040061
:10C6B000280001036401040000004C0A6401040026
:10C6C00000003F0164010400FFFF00046401040056
:10C6D00046041E07640104000200EC096001040026
:10C6E0002E000103640104000000008060010400CA
:10C6F0009201010364010400640400006401040069
:10C70000000040006401040096070000600104007E
:10C7100097010103640104001A080000600104008D
:10C72000BF01010364010400000005006001040072
:10C730000804010364010400070200006001040012
:10C740001004010364010400000001006001040002
:10C750001C0C010064010200FFFF000060010400E6
:10C760001D0C010064010200FFFF000060010400D5
:10C770001A000103640104000000200C60010400A1
:10C7800023000103640104000000A6076401040003
:10C790000000A20A600104002600010364010400F5
:10C7A0000A0E0B09640104000E020000600104007F
:10C7B00032000103640104000000900B64010400D6
:10C7C0000000A0046401040000007C066001040075
:10C7D00058000103640104004252434D6401040007
:10C7E0005F54455364010400545F535364010400D3
:10C7F000494400006001040060000103640104007A
:10C8000039000000640104005000000064010400CD
:10C81000C000000060010400700001036401040016
:10C82000BE03BE0364010400BE03BE036401040032
:10C83000BE03BE0364010400BE03BE036401040022
:10C840000004EA0364010400D403BE03640104008D
:10C850000B04F50364010400DF03C9036401040051
:10C86000BE03BE0364010400BE03BE0364010400F2
:10C87000BE03BE0364010400BE03BE0364010400E2
:10C880000004EA0364010400D403BE03640104004D
:10C890000B04F50364010400DF03C9036401040011
:10C8A000160416046401040016041604640104004E
:10C8B000220416046401040016042E04640104001A
:10C8C000160416046401040016041604640104002E
:10C8D00016041604640104003A04160464010400FA
:10C8E000160416046401040016041604640104000E
:10C8F000220416046401040016042E0464010400DA
:10C9000016041604640104001604160464010400ED
:10C9100016041604640104003A04160464010400B9
:10C9200000001F0064010400FF031F0064010400F5
:10C930000200000064010400020000006001040025
:10C94000980001036401040000001F00640104005A
:10C95000FF031F00640104000100000064010400E3
:10C960000100000060010400A00001036401040054
:10C9700000001F0064010400FF031F0064010400A5
:10C9800001000000640104000100000060010400D7
:10C99000A80001036401040000001F0064010400FA
:10C9A000FF031F0064010400010000006401040093
:10C9B0000100000060010400C000010364010400E4
:10C9C000372437246401040037243724600104002D
:10C9D000BA010103640104000100070264010400BC
:10C9E000070207036401040007000000600104005F
:10C9F000DF010103640104002000CB016401040095
:10CA000000005400640104000000AB08640104004D
:10CA100000001004640104008400020064010400AA
:10CA20000000140064010400CF010200640104004E
:10CA30004400000064010400AF0802006401040027
:10CA40001004640064010400020200006401040098
:10CA50001000CA016401040002003C0064010400EB
:10CA60000000AA086401040002001004640104002C
:10CA7000540002086401040000000800640104007E
:10CA8000CE010000640104003400000064010400D1
:10CA9000AE080000640104001004440064010400B6
:10CAA000020A0000640104000800C90164010400D6
:10CAB00002003000640104000000A90864010400C1
:10CAC00002001004640104003C0002106401040030
:10CAD0000000040064010400CD01000064010400B2
:10CAE0002C00000064010400AD0800006401040093
:10CAF0001004340064010400021200006401040008
:10CB00000400C8016401040000002C00640104005A
:10CB10000000A8086401040000001004640104007F
:10CB200030000219640104000000000064010400E8
:10CB3000CC010200640104002C0000006401040028
:10CB4000AC08020064010400100430006401040019
:10CB5000021A000064010400C0000A046401040019
:10CB600070000000640104003A010A04640104003A
:10CB700028022CC064010400F2020A0464010400CB
:10CB8000000000016401040060001404640104005A
:10CB90003800000064010400020114046401040070
:10CBA00014012CC064010400DE01140464010400BB
:10CBB00000008000640104002200370464010400C6
:10CBC0001500000064010400DF0037046401040064
:10CBD00065002CC0640104002E01370464010400C8
:10CBE00000002F006401040011006E846401040041
:10CBF0000B00000064010400D4006E846401040092
:10CC000033002CC064010400FC006E846401040045
:10CC1000000018006401040002008A9D6401040001
:10CC2000FB00020864010400C54EFA006401040020
:10CC3000020A833464010400FE000210640104004F
:10CC40006227F900640104000212421A6401040020
:10CC5000FD00021964010400B113F800640104002E
:10CC6000021A811164010400FC00021C640104002A
:10CC7000C10FFC00640104000000C10F6401040046
:10CC8000FC00000064010400C10FFC00600104000E
:10CC9000500201036401040000000000640104006C
:10CCA000010071146401040004020000600104002A
:10CCB0005402010364010400010000006401040047
:10CCC000010071146401040004020000600104000A
:10CCD0005802010364010400020000006401040022
:10CCE00001007114640104000402000060010400EA
:10CCF0005C020103640104000300000064010400FD
:10CD000001007114640104000402000060010400C9
:10CD100060020103640104000000010060010400DE
:10CD20006C020103640104002000000060010400A3
:10CD3000120401036401040000000C0060010400FF
:10CD400050050103640104001800000064010400A0
:10CD5000983A983A64010400A60E64006401040045
:10CD60000000F401640104000400000064010400F8
:10CD7000C8AFA86164010400204E1E0064010400D5
:10CD800000000300640104000300000064010400CB
:10CD900050C30000600104005B050103640104004E
:10CDA0000000140564010400E204000060010400B6
:10CDB0005F05010364010400204E000064010400CB
:10CDC00000000F0064010400F4010300600104008E
:10CDD0006505010364010400000013006401040000
:10CDE0000000030064010400010007006401040066
:10CDF000C8AF00006401040088130000640104004F
:10CE00002C17DF40600104006C050103640104007D
:10CE100000002C01640104000000A00F6001040068
:10CE20006F050103640104000000020064010400B6
:10CE300000002C0164010400C00000006401040033
:10CE4000C0440000640104006400000064010400A8
:10CE5000DC05401F6401040000004600640104007A
:10CE6000500050006401040002000000640104004E
:10CE7000F50A0000600104007A0501036401040062
:10CE80002010409C64010400204E00006401040056
:10CE9000B80B0000600104007E050103640104007A
:10CEA0000000204E6401040000000500640104003D
:10CEB000DC053F006401040071020000640104000D
:10CEC0003075000060010400860501036401040060
:10CED000C409A00F60010400890501036401040076
:10CEE0000000D007600104008B0501036401040009
:10CEF000204E204E600104008E05010364010400F1
:10CF0000200080406401040000000A006401040065
:10CF1000E803E81C64010400384A000060010400D2
:10CF20009305010364010400000064006001040033
:10CF30009F050103640104000200940260010400E3
:10CF4000A105010364010400E10000006001040088
:10CF5000A4050103640104003075000060010400B1
:10CF6000A705010364010400DC050000640104005E
:10CF7000581B000060010400AF05010364010400B8
:10CF800000000F0064010400C800000060010400FC
:10CF9000B205010364010400000002006401040002
:10CFA0000000640060010400BB050103640104008B
:10CFB000A861701760010400C40501036401040046
:10CFC000BE00000060010400380C01006401020092
:10CFD000000000006001040003000200640104007E
:10CFE0001F0000006001040004000200640104004E
:10CFF000FF0300006001040005000200640104005A
:10D000001F0000006001040006000200640104002B
:10D010000700000060010400070002006401040032
:10D020000400000060010400080002006401040024
:10D03000FFFF000060010400090002006401040019
:10D0400000000000600104000A0002006401040006
:10D0500000000000600104000B00020064010400F5
:10D0600000000000600104000C00020064010400E4
:10D0700000000000600104000D00020064010400D3
:10D0800000000000600104000E00020064010400C2
:10D0900000000000600104000F00020064010400B1
:10D0A00000000000600104001000020064010400A0
:10D0B0001F00000060010400110002006401040070
:10D0C000000000006001040012000200640104007E
:10D0D000000000006001040013000200640104006D
:10D0E000000000006001040015000200640104005B
:10D0F000000000006001040016000200640104004A
:10D1000000000000FFFF0000000000008606020093
:10D11000D0090000800602003E3E000082060200A8
:10D120003E020000000702003C00000084060200EE
:10D13000120200006001040003000100640102000B
:10D14000C00000006001040003000100660102004D
:10D150000A000000600104000400010064010200F4
:10D1600014000000600104000700010064010200D7
:10D170008301000060010400250001006401020039
:10D18000F401000060010400C50501006601020011
:10D190002B04000060010400C605010064010200C8
:10D1A0000001000060010400E101010064010200CF
:10D1B0003C00000060010400E6010100660102007D
:10D1C0003400000060010400EC0101006401020071
:10D1D0003000000060010400F1010100660102005E
:10D1E0002C00000060010400F7010100640102004E
:10D1F0002C00000060010400FC0101006601020037
:10D200002800000060010400020201006401020025
:10D21000280000006001040007020100660102000E
:10D2200028000000FFFF000000000000ED9F8000CC
:10D23000C1AD8000DDAE8000F9AB8000B5B08000EC
:10D2400065AF8000C9B08000DDB0800071AD8000A6
:10D2500085AD800009AC800005B18000FDAA80008A
:10D26000A1B0800065AE800035AA800081A1800059
:10D27000C5A1800031A880008DA8800019A8800079
:10D2800079AF8000B1A68000ADAB80008DAB80008F
:10D29000E5AB80008DA380007DAB800079A280008B
:10D2A000F5A3800045A7800045A0800039A180003B
:10D2B00065A3800039A0800055A080002D9F8000CC
:10D2C000399F800000000000000000000000000006
:10D2D00075A3800061A8800039A8800071A2800039
:10D2E00095A78000219F8000199F8000B9A0800031
:10D2F00085A08000E59E8000280000000F0000004F
:10D3000004010000080700000007070000070400F0
:10D3100000000404000004000000000101000000FF
:10D3200000000000030300000000000000000000F7
:10D3300000000000B1080000000000000404040424
:10D3400004010400E20400080A0000006A10000062
:10D35000000000000000000031060000DDC88D0064
:10D360000404040404010400E20400080A000000AC
:10D370006A100000000000000000000031040000FE
:10D380008C2EBA000404040404010400E204000822
:10D390000A0000006A1000000000000018180000D9
:10D3A0000000000000060600000000000000000071
:10D3B00000000000311900000000A0000C0C0C0C53
:10D3C0000A030400E20400080A0000006A100000DA
:10D3D0000000000000000000B1120000277662008B
:10D3E0000C0C0C0C0A030400E20400080A00000004
:10D3F0006A1000000000000000000000B10C0000F6
:10D400001443FD000C0C0C0C0A030400E204000899
:10D410000A0000006A100000E02E01010150000027
:10D4200000000000C832020101490000899DD800B7
:10D430004038030101420000AAAAAA00003C0401EE
:10D44000013E000000008000483F0501013B000054
:10D45000D05E4200A041060101390000499224003B
:10D46000004B07010132000000000000584D080188
:10D4700001300000071F7C00204E09010130000030
:10D4800000000000C05D0A0101280000000000004B
:10D49000A8610B01012600006666660090650C011C
:10D4A00001240000C44EEC0030750D010120000085
:10D4B0000000000040830E01011C0000244992007E
:10D4C00018920F0201330000F93E56000096100238
:10D4D0000132000000000000409C110201300000F9
:10D4E0000000000080BB12020128000000000000C4
:10D4F00020CB130201240000C44EEC000000000009
:10D500000000000000000000626F617264666C61E0
:10D510006773330073707572636F6E6669670000BE
:10D520000000000000000000B1190000ABAA0A00D2
:10D530000B0C0C0C0A030400E20400080A000000B3
:10D540006A1000000000000000000000B11200009E
:10D55000143BB1000B0C0C0C0A030400E20400089D
:10D560000A0000006A100000000000000000000037
:10D57000310D00007A0534000B0C0C0C0A0304007A
:10D58000E20400080A0000006A1000000000000029
:10D590001210000000000000000000000000000069
:10D5A000B1190000000040000C0C0C0C0A03040030
:10D5B000E20400080A0000006A10000000000000F9
:10D5C00000000000B1120000FF88D8000C0C0C0C09
:10D5D0000A030400E20400080A0000006A100000C8
:10D5E0000000000000000000B10D0000F0FF4E0040
:10D5F0000C0C0C0C0A030400E20400080A000000F2
:10D600006A10000006000000BC010000C5420000D6
:10D610003142000089450000780000000100000050
:10D62000394000003F400000414000008000000001
:10D6300068000000FB440000F7440000D1440000F3
:10D6400067E6096A85AE67BB72F36E3C3AF54FA593
:10D650007F520E518C68059BABD9831F19CDE05BBF
:10D66000982F8A4291443771CFFBC0B5A5DBB5E94D
:10D670005BC25639F111F159A4823F92D55E1CABC1
:10D6800098AA07D8015B8312BE853124C37D0C554F
:10D69000745DBE72FEB1DE80A706DC9B74F19BC197
:10D6A000C1699BE48647BEEFC69DC10FCCA10C2487
:10D6B0006F2CE92DAA84744ADCA9B05CDA88F9766B
:10D6C00052513E986DC631A8C82703B0C77F59BFD5
:10D6D000F30BE0C64791A7D55163CA066729291401
:10D6E000850AB72738211B2EFC6D2C4D130D38539E
:10D6F00054730A65BB0A6A762EC9C281852C729260
:10D70000A1E8BFA24B661AA8708B4BC2A3516CC78D
:10D7100019E892D1240699D685350EF470A06A10C6
:10D7200016C1A419086C371E4C774827B5BCB03415
:10D73000B30C1C394AAAD84E4FCA9C5BF36F2E68B3
:10D74000EE828F746F63A5781478C8840802C78C42
:10D75000FAFFBE90EB6C50A4F7A3F9BEF27871C645
:10D760000123456789ABCDEFFEDCBA9876543210C1
:10D77000F0E1D2C3142030401C2010776C256400E7
:10D780002530347800776C25643A20257320257382
:10D790002076657273696F6E202573204657494461
:10D7A0002030312D25780A004E6F76203239203214
:10D7B0003032310032323A34393A30390061702037
:10D7C000007374612000776D6520003830322E318F
:10D7D000316420003830322E3131682000726D20E3
:10D7E000006361632000616D7064752000616D707D
:10D7F00064755F74782000616D7064755F72782065
:10D8000000616D73647572782000616D7364757466
:10D81000782000726164696F5F70777273617665FA
:10D82000200070327020006D6368616E20006466B5
:10D830007274732000747870777263616368652016
:10D8400000737462632D74782000737462632D72A8
:10D85000782D3173732000776E6D200062737374BE
:10D8600072616E7320006D66702000736165200028
:10D870006964617574682000746B6F2000776C6355
:10D88000006770696F6F757400000000E156010059
:10D8900002000080080000003D6F8900E2000000E7
:10D8A0000100000000000000000000000000000077
:10D8B0000200000000003131640031316800313174
:10D8C00075005458204D435320203A0020202564F1
:10D8D000282564252529000A20202020202020201A
:10D8E0003A000000A18789000700800001000000C5
:10D8F0000000000000000000000000005258204D11
:10D90000435320203A006170707300615F7770614B
:10D9100000615F777061690025733A20686F7374E6
:10D920005F656E61622025640A00627373636667D7
:10D9300000627463006274635F646F735F73746129
:10D9400074757300955701000E0000000700000079
:10D95000000000000000000000000000636D005F98
:10D960005F004B5200000000BC580100E0ED880051
:10D970000000000000000000B0580100000000009E
:10D98000AA580100A4580100000000000000000097
:10D99000805801002C590100885801007FB2000016
:10D9A0000000000000000000000000000000000077
:10D9B0000000000000000000000000000000000067
:10D9C000000000000000000090580100000000006E
:10D9D0000000000000000000000000000000000047
:10D9E0000000000000000000000000000000000037
:10D9F0000000000000000000000000000000000027
:10DA00000000000000000000000000000000000016
:10DA10000000000000000000000000000000000006
:10DA200001000000B15801000000000000000000EB
:10DA3000323032312D31312D32392032323A3432D6
:10DA40003A3434000000FF0000000000FF00000036
:10DA500000236E000000FFFFF00000000000000047
:10DA600000000000434C4D204441544100000C0094
:10DA70000200392E31302E33390000000000000042
:10DA8000000000000000312E32392E34000000006A
:10DA9000C4580100C8570100436C6D496D706F7226
:10DAA000743A20312E33362E33000000000000007F
:10DAB00000000000000042726F6164636F6D2D30E2
:10DAC0002E300000000000000000000000000000F8
:10DAD00000000000636E7472790064756D705F6998
:10DAE0006E666F001385890000000040080000008A
:10DAF0000000000000000000000000006576656E78
:10DB00007471006662740000115A01001600000072
:10DB1000775A0100180000008F5A01001B00000016
:10DB2000275A01001C0000009CEF88000E00000036
:10DB3000DA59010033000000DA5901003300000017
:10DB4000435A010034000000435A01003400000031
:10DB5000435A0100340000009BEF880001000000E0
:10DB6000D05901000A0000009AEF8800010000006F
:10DB700003103036373839F4FFDD000102030406A4
:10DB800007080920252829232A32300B0C42474652
:10DB9000333F4043363A3C3B2D3D484A7F5961452F
:10DBA000626B6C6F70BFC0C3C4C744F4DD69656D40
:10DBB000000001322124302E46363B2D487F595E2D
:10DBC0006BBFC74485F4DD01320C35414630363732
:10DBD000393A382D3D484A7F5A5F58646EBFC0C7F6
:10DBE00044F4DD0001020304060507080920252886
:10DBF00029232A32300B0C2E333F4043424746360E
:10DC00003A3C3B2D3D484A7F5659456B6C6F70BF7F
:10DC1000C0C3C4C744F4DD01320C35414636373A3F
:10DC2000382D3D484A7F5A5F6EBFC0C744F4DD00BF
:10DC300001322124302E463637393B2D487F595E3C
:10DC400057636BBFC744859CF4DD696572006C71D6
:10DC5000004449524543542D007068790000A404E3
:10DC600000400000A40400800080D00420000000D8
:10DC7000A404FF010000A40400040004A504FF03A1
:10DC80002C01A50400E000A0A504001C00000D0468
:10DC9000FF0340000D0400700040A204FF03400099
:10DCA000A20400700040A804FF000100D004C07F5F
:10DCB00000000C05FF010000A60400800080A604FF
:10DCC000FF01FF009A04FF01FF00F40900800080BB
:10DCD000F40900380020F409FF0337009904FF031A
:10DCE00078009F0400C000409F04FF039001D70408
:10DCF00008000800D70400700020AC093C001400A4
:10DD0000F80904000400706B745F66696C746572D6
:10DD1000000000000C000000FFFFFFFFFFFFFFFFFF
:10DD2000FFFFFFFF70726F745F670070726F745F48
:10DD30006E000000EC5B010007000000070000001F
:10DD4000FD5B010006000000010000000000000073
:10DD50000000000000000000534145204861736846
:10DD600020746F20456C656D656E74207531205090
:10DD70003100534145204861736820746F20456C21
:10DD8000656D656E74207532205032007361655F79
:10DD90006D61785F7077655F6C6F6F700073616540
:10DDA0005F7077655F686E705F656E61626C65005D
:10DDB000405C01002700000007000000585C0100E3
:10DDC00028000000070000006E5C01002600000033
:10DDD000070000000000000000000000000000003C
:10DDE0007374665F74656D705F6D696E5F64757482
:10DDF000795F6379636C65007374665F74656D70D9
:10DE00005F6D6F6E69746F725F74696D65007374B6
:10DE1000665F74656D705F746872657368006964CD
:10DE20007375700074706300747863007761706953
:10DE300000000000000000000000000000000000E2
:10DE4000600A000080380100736470636D64657659
:10DE50000000000000000000005D01000000000064
:10DE600000000000000000000000000000000000B2
:10DE700000000000C5DF800045F6800059F68000F4
:10DE8000C9DF8000BDDF800089DF800051DD8000B8
:10DE90000000000055F680000000000000000000B7
:10DEA000C57C0100A17C01008B7C0100E1F68000B3
:10DEB00000000000A5F68000F9F68000C1F68000A1
:10DEC000EDF68000000000000000000000000000EF
:10DED0001588010069880100000000001188010018
:10DEE000258C0100F589010059890100000000001E
:10DEF0000000000000000000000000000000000022
:10DF0000C5890100000000001D1E1C0B80BA8C0199
:10DF100000C20100F20000008100000010000000BB
:10DF2000C0AD3A0200C20100EC0000008100000018
:10DF300022000000776C00000000000000000000DC
:10DF400000000000C05D01000000000000000000B3
:10DF500000000000000000000000000000000000C1
:10DF600035E201001D8E8100E9898100298F810041
:10DF700000000000B58C810000000000FD8D8100D4
:10DF80000000000000000000000000000000000091
:10DF9000010003000300060000000300030003006B
:10DFA0000E000D000E000E000E00020009000C0015
:10DFB0000A0008000D00010009000C000A0008001A
:10DFC0000D00010009000C000A0008000D0001000E
:10DFD00009000C000A0008000D0001000A000D00F5
:10DFE0000B0009000E0002000A000D000B000900E2
:10DFF0000E0002000900390016000E000E00050098
:10E000000900390016000E000E0005000A000D0080
:10E010000B0009000E0004000A000D000B000900AF
:10E020000E0002000A000D000B0009000E000200A5
:10E030001400BF00C0001500110005001400BF004F
:10E04000C0001500110005001400BF00C00015003D
:10E05000110005001400BF00C000150011000500EC
:10E060001400BF00C00015001100050009003900B0
:10E0700016000E000E0005000900390016000E0003
:10E080000E0005001400BF00C000150011000500BF
:10E090000900390016000E000E00050009003900C5
:10E0A00016000E000E0005009600DE00DF001500D1
:10E0B000110005001400BF00C0001500110005008C
:10E0C0000900390016000E000E0005000900390095
:10E0D00016000E000E0005000900610016000E007B
:10E0E0000E0005000900390016000E000E000500A4
:10E0F0000C00B600190011001100080009003900D9
:10E1000016000E000E0005000900B60019001100EF
:10E11000110008000900B6001900110011000800E4
:10E120000900B600190011001100080009003900AB
:10E1300016000E000E0005000900B60019001100BF
:10E14000110008000800370016000E000E00050040
:10E150000900B600190011001100080000000000BD
:10E1600000000000000000000000000000000000AF
:10E17000000000000000000000000000000000009F
:10E18000000000000000000000000000000000008F
:10E19000000000000000000000000000000000007F
:10E1A000000000000000000000000000000000006F
:10E1B000000000000000000000000000000000005F
:10E1C000000000000000000000000000000000004F
:10E1D000000000000000000000000000000000003F
:10E1E000000000000000000000000000000000002F
:10E1F000000000000000000000000000000000001F
:10E20000000000000000000000000000000000000E
:10E2100000000000000000000000000000000000FE
:10E2200000000000000000000000000000000000EE
:10E2300000000000000000000000000000000000DE
:10E2400000000000000000000000000000000000CE
:10E2500000000000000000000000000000000000BE
:10E2600000000000000000000000000000000000AE
:10E27000000000000000000000000000000000009E
:10E28000000000000000000000000000000000008E
:10E29000000000000000000000000000000000007E
:10E2A000000000000000000000000000000000006E
:10E2B000000000000000000000000000000000005E
:10E2C000000000000000000000000000000000004E
:10E2D000000000000000000000000000000000003E
:10E2E000000000000000000000000000000000002E
:10E2F000000000000000000000000000000000001E
:10E30000000000000000000000000000000000000D
:10E3100000000000000000000000000000000000FD
:10E3200000000000000000000000000000000000ED
:10E3300000000000000000000000000000000000DD
:10E3400000000000000000000000000000000000CD
:10E3500000000000000000000000000000000000BD
:10E3600000000000000000000000000000000000AD
:10E37000000000000000000000000000000000009D
:10E38000000000000000000000000000000000008D
:10E39000000000000000000000000000000000007D
:10E3A000000000000000000000000000000000006D
:10E3B000000000000000000000000000000000005D
:10E3C000000000000000000000000000000000004D
:10E3D000000000000000000000000000000000003D
:10E3E000000000000000000000000000000000002D
:10E3F000000000000000000000000000000000001D
:10E40000000000000000000000000000000000000C
:10E4100000000000000000000000000000000000FC
:10E4200000000000000000000000000000000000EC
:10E4300000000000000000000000000000000000DC
:10E4400000000000000000000000000000000000CC
:10E4500000000000000000000000000000000000BC
:10E4600000000000000000000000000000000000AC
:10E47000000000000000000000000000000000009C
:10E48000000000000000000000000000000000008C
:10E49000000000000000000000000000000000007C
:10E4A000000000000000000000000000000000006C
:10E4B000000000000000000000000000000000005C
:10E4C000000000000000000000000000000000004C
:10E4D000000000000000000000000000000000003C
:10E4E000000000000000000000000000000000002C
:10E4F000000000000000000000000000000000001C
:10E50000000000000000000000000000000000000B
:10E5100000000000000000000000000000000000FB
:10E5200000000000000000000000000000000000EB
:10E5300000000000000000000000000000000000DB
:10E5400000000000000000000000000000000000CB
:10E5500000000000000000000000000000000000BB
:10E5600000000000000000000000000000000000AB
:10E57000000000000000000000000000000000009B
:10E58000000000000000000000000000000000008B
:10E59000000000000000000000000000000000007B
:10E5A000000000000000000000000000000000006B
:10E5B000000000000000000000000000000000005B
:10E5C000000000000000000000000000000000004B
:10E5D000000000000000000000000000000000003B
:10E5E000000000000000000000000000000000002B
:10E5F000000000000000000000000000000000001B
:10E60000000000000000000000000000000000000A
:10E6100000000000000000000000000000000000FA
:10E6200000000000000000000000000000000000EA
:10E6300000000000000000000000000000000000DA
:10E6400000000000000000000000000000000000CA
:10E6500000000000000000000000000000000000BA
:10E6600000000000000000000000000000000000AA
:10E67000000000000000000000000000000000009A
:10E68000000000000000000000000000000000008A
:10E69000000000000000000000000000000000007A
:10E6A000000000000000000000000000000000006A
:10E6B000000000000000000000000000000000005A
:10E6C000000000000000000000000000000000004A
:10E6D000000000000000000000000000000000003A
:10E6E000000000000000000000000000000000002A
:10E6F000000000000000000000000000000000001A
:10E700000000000000000000000000000000000009
:10E7100000000000000000000000000000000000F9
:10E7200000000000000000000000000000000000E9
:10E7300000000000000000000000000000000000D9
:10E7400000000000000000000000000000000000C9
:10E7500000000000000000000000000000000000B9
:10E7600000000000000000000000000000000000A9
:10E770000000000000000000000000000000000099
:10E780000000000000000000000000000000000089
:10E790000000000000000000000000000000000079
:10E7A0000000000000000000000000000000000069
:10E7B0000000000000000000000000000000000059
:10E7C0000000000000000000000000000000000049
:10E7D0000000000000000000000000000000000039
:10E7E0000000000000000000000000000000000029
:10E7F0000000000000000000000000000000000019
:10E800000000000000000000000000000000000008
:10E8100000000000000000000000000000000000F8
:10E8200000000000000000000000000000000000E8
:10E830000000000000000000000000002DE9F84387
:10E8400005468846FBF33EF200212846FBF382F39F
:10E85000044628466E69AF69F3F3F0F30A2E814649
:10E8600016D90F2E16D02846FAF31EF5142E05469B
:10E8700003D9A36823F00803A360A368142E43F010
:10E880000103A36014D9A36843F00803A3600FE059
:10E89000022E0FD92846FAF375F5D4F8A4300546B0
:10E8A00023F0FF0343F00203C4F8A430022303E083
:10E8B000012301E0104D3023A268D20707D407F0EE
:10E8C0001802082A0CBFB5FBF3F54FF4E11507F069
:10E8D000030700260BE004F54073B8F1000F05D0E4
:10E8E0003002181849462A460023C0470136BE4266
:10E8F000F1DBBDE8F88300BF00C63E052DE9F84313
:10E900001646984604460D46FAF374F5002107466C
:10E910002046FBF31FF30022814613461349881853
:10E920004068B0B90C225343CA18CE505560C2F8A3
:10E9300008802046FBF3C6F1D9F824300C4D1E4365
:10E940002E602046FBF3BEF12B680125C9F8243068
:10E9500004E001330C32052BE0D100252046394676
:10E96000FBF3F8F22846BDE8F88300BFBC5F010066
:10E97000E403000038B5124C002148222046F0F391
:10E9800065F4104A012384E80C0000250E491F227B
:10E9900004F10C00F0F332F584F82B50F5F31CF37E
:10E9A0004FF40023A3634FF40003E363074B20639A
:10E9B0002364074B6563DB696564A36038BD00BFF2
:10E9C0001860010044454247403901001C2B0900F2
:10E9D000706001004369142B01DDFAF317B570472D
:10E9E000436910B50A2B04460ADD06490122034695
:10E9F000FFF784FF20460121BDE8104007F096BADA
:10EA000010BD00BF89160000C36910B55907044640
:10EA10000CD5074B00221968FBF3B4F005492046DA
:10EA200010222346BDE81040FFF768BF10BD00BFAD
:10EA30002C040000FDB18000134B13B51360134686
:10EA400001E0114C1C600433ADF17C04A342F8D307
:10EA5000C41C24F003040D4B091B0D48196000234E
:10EA600003600C48083903600B4884E80A0003601F
:10EA70000A4802600A4802F500520260094A13601F
:10EA8000EAF7C6FE44601CBD4B415453F40300003A
:10EA900014040000480400000460010068600100E4
:10EAA00010600100F003000008B500211420EAF70F
:10EAB000BDFE054B002118601422F0F3C7F3BDE83A
:10EAC0000840F5F301B100BF300400002DE9F04724
:10EAD0004D1C2946824605F0A1FB134C206000B373
:10EAE0004FEA850948460021EAF7A0FE0F4F80460D
:10EAF00038600F4E68B14A460021F0F3A7F3206852
:10EB00000021F0F33FF73B6800221A603560BDE852
:10EB1000F0875046216805F0D5FBC6F80080C4F8A0
:10EB20000080BDE8F08700BFF8030000E8030000A4
:10EB300004040000F0B5184F85B00F21386805F0C7
:10EB4000C3FA0F2803903E4624D184200021EAF71F
:10EB50006DFE124C2060D0B100218422F0F376F3D8
:10EB60000025012304AA42F8043D00950195386868
:10EB700021684FF4F06305F0D5FA0130206803D026
:10EB80003221ECF751FA05E0EAF7D8FE256030684B
:10EB900005F0B8FA05B0F0BD2C04000044040000F4
:10EBA000B1F5E06F73B504460E46154606D103690C
:10EBB0000091002101911E680A460CE00D4B0022D5
:10EBC0001868FBF3B9F1014680B123690022009671
:10EBD00001921E6820462B46B04738B1064BA06113
:10EBE0001A68656122621C60002001E04FF0FF306E
:10EBF0007CBD00BF00040000F85F01002DE9F84370
:10EC000010200C46002191469846EAF70FFE054673
:10EC100020B3144E3068FAF3EDF3099B074623B98D
:10EC2000306821464A46FBF387F13068FAF35CF519
:10EC300001238340089AEB60AA600B4AC5F8048060
:10EC400011681560094A2960116830680B43136028
:10EC50003946FBF37FF10020BDE8F8836FF01A001E
:10EC6000BDE8F883000400003C040000100400002C
:10EC700013B500210446FBF36DF1174B1860174BD9
:10EC800000F5706018606369222B12DDE369580695
:10EC90000FD540F6270100222046FAF311F5014670
:10ECA0002046FBF357F10E4B002118602046FBF382
:10ECB00051F100204FF4006102460A4B0090019090
:10ECC000FFF79CFF28B1012002B0BDE81040F4F32B
:10ECD00077B602B010BD00BF2404000094600100AC
:10ECE00034040000E9B1800073B5374B374C019311
:10ECF000374B0021202220461D682669F0F3A6F23A
:10ED000001232360334B26611B68E36145F8044C03
:10ED100000F048FCADF5FE513C390A462E48FFF79D
:10ED20008BFEF4F33DF3F4F3A5F700F073F8FFF76F
:10ED300021FE002006F0D4FD284D294C286007F064
:10ED40000FFA2060FFF794FFFFF7AEFE206800F097
:10ED500029FB206806F0E8FD224B20681A6802F5BE
:10ED600080321A60204B1A6802F580321A601F4BFD
:10ED70001A6802F580321A6000F0C0F800221C48C0
:10ED80001C49F5F3E7F002221B481C49F5F3E2F0B9
:10ED900000221B481B49F5F3DDF000221A491B48ED
:10EDA000F5F3D8F02068FFF715FE2068FFF718FE8E
:10EDB0002068FFF729FE286840F28F11FFF786FED2
:10EDC000FFF7B8FE20687CBDADDEADDE70600100EF
:10EDD000945C0100906001008C6A03002C04000028
:10EDE00000040000F40300001404000004600100AB
:10EDF0008DDA8900891900001385890041B48000EB
:10EE0000943B010091B680001DB28000973B010049
:10EE10007047000070B5174D2C682CBBB020214600
:10EE2000EAF704FD286010B32146B022F0F30EF299
:10EE30004FF4806021462E68EAF7F8FCB06028683D
:10EE400086681EB9EAF77AFD2E600DE04FF4806205
:10EE5000C26021463046F0F3F9F12B68064A20469D
:10EE60001360064A536170BD4FF0FF3070BD4FF024
:10EE7000FF3070BDA8600100500400007060010008
:10EE800070B5184C0546236833B9174E33680BB973
:10EE9000FFF7C0FF33682360206808B300230360D6
:10EEA000C0F89C304360012380F8A4306B6C0E3BAB
:10EEB000012B03D928460D49FFF7C0FC0C4B9A687B
:10EEC00012B12268C2F89C3020680123C0F89C303F
:10EED000F5F31EF0074808492268F5F33BF0206877
:10EEE00070BD00BF50040000A8600100716C0100FB
:10EEF00098600100242B870011BE800010B500230C
:10EF0000044610220A49FFF7F9FC00212046FAF3D3
:10EF100065F7002220464FF4A051EDF76DFF054B39
:10EF2000002220469A60BDE81040FFF7A9BF00BF4D
:10EF3000E5BC80009860010038B504460D4651B12B
:10EF40001020F5F39FF1044B186020B180E83000E9
:10EF50004FF4F063836038BDAC600100134B024690
:10EF60001B68006810B500F47041DC1E090B042C0E
:10EF700008D800F47060000A0E30012313FA00F084
:10EF8000484310BD072B0CD8002010BD43F48074FB
:10EF90001461146C013304F07F040134640300191C
:10EFA00001E0002318468B42F0D110BD5014000040
:10EFB00003684068181823F00703083398428CBF91
:10EFC0000020012070470000044B054A1868904259
:10EFD0001ABF00F108021A6000207047A05C01000F
:10EFE000001000002DE9F34190E8480023F00704E9
:10EFF000083413F0070202D19D19AC424AD03546BD
:10F000008068002203E0875C0DF802700132B24292
:10F01000F9D19E18A64204D900293DD0361B951B74
:10F0200000E0002623F00707C7EB030C002204E0F2
:10F0300012F8078000F8028001326245F8D1821888
:10F04000002003E01DF8007017540130A842F9D1E8
:10F050005B195219E71A002004E013F800C002F807
:10F0600000C00130B842F8D1002E18DD00AB5D19A8
:10F070000023EA5CCA540133B342FAD1C918E41838
:10F080000022C3F1080302E0A05C885401329A42D6
:10F09000FAD104E0104603E04FF0FF3000E000201A
:10F0A000BDE8FC812DE9F0471C4B1D4C0026C4EB4C
:10F0B00003081C4B4FEAA80803FB08F8474629E061
:10F0C0002368D4F808A023F0070900251AF80520C2
:10F0D00015F809309A4202D00120F4F371F4013599
:10F0E000082DF3D12046FFF763FF88B90E4B054684
:10F0F00003EBC70A013705EB09031AF805201B7A51
:10F100009A4202D00120F4F35BF40135082DF2D1CC
:10F1100001360C344645D3DBBDE8F0879013000080
:10F1200000100000ABAAAAAA00080000144B2DE9A9
:10F13000F0471B68134D9B68134F03F00F097F1BAB
:10F140000123124A03FA09F9BB1002FB03F8002657
:10F15000444606E02846FFF72BFF00B9013401368C
:10F160000C354645F6DB2246BB104FF0553404FB08
:10F17000032307484946BDE8F047F0F38DB000BFD0
:10F180004C1400000010000090130000ABAAAAAAC3
:10F19000A93B010041F4003138B5426304460163E4
:10F1A000652502E00A20F4F355F5236B002B01DB03
:10F1B000013DF7D138BD836A43F000438362704755
:10F1C000836A23F0004383627047F8B5866805467A
:10F1D00001240F4606F00F06FFF7F2FF14FA06F6B9
:10F1E000AC62EF62002405E0A1B228460022FFF7DE
:10F1F000D1FF0134B442F7DBF8BD00002DE9F04146
:10F20000FFF7E2FE194E1A4BDFF87080194FF61A1D
:10F21000194BC8EB0707002814BF05461D460446D6
:10F220005D1BFFF783FF47B1002140463A46F0F3EC
:10F230000DF040463946F4F383F146B100210C4805
:10F240003246F0F303F00A483146F4F379F155B150
:10F25000002120462A46EFF3F9F720462946BDE86B
:10F26000F041F4F36DB1BDE8F08100BF90130000F0
:10F27000001000000008000000100000C50400009D
:10F28000424B2DE9F74F1D6841492846FFF79DFF86
:10F29000404A414BA968D31A404A9B105A430192F5
:10F2A00071D0012001F00F0110FA01F18A4201DD55
:10F2B000F4F386F32846FFF751FE394BA0F1040B17
:10F2C0001A6899460E2A01D8861000E001264FF0F0
:10F2D0000008314C4CE06368013B072B01D8A36860
:10F2E00013B90120F4F36CF32046FFF761FE38B93F
:10F2F000FFF76AFE074620B90120F4F361F300E04E
:10F30000002720463946FFF76DFE10B10120F4F3C7
:10F3100057F3DFF87CA0A1682268D9F80030CAEB67
:10F32000010122F00702C9100E2B96BF02EA0B0260
:10F33000324346EA920289B22846FFF72BFFA7B173
:10F340002268D9F8003022F00702CAEB0701083220
:10F35000C9100E2B98BF02EA0B0289B28CBF324350
:10F3600046EA92022846FFF715FF08F101080C341F
:10F37000019B9845AFDB2846FFF71DFF03B0BDE8B2
:10F38000F04FFFF78FBE03B0BDE8F08F4C140000C4
:10F39000000800009013000000100000ABAAAAAA09
:10F3A000501400002DE9F7430446FAF38BF420468D
:10F3B00000F008FA6B48EAF71DF92046F2F334F63C
:10F3C00000F578704FF47A730730674FB0FBF3F0B5
:10F3D00038602046F2F328F6644B654AC318616929
:10F3E000B3FBF2F3634A22291360634E634D04DDDD
:10F3F000E369580601D5336800E02B6803F5C26362
:10F400000433D3F800E030682B68222905DDE26977
:10F41000520602D500F5C26201E003F5C262043271
:10F4200012689645F1D0222905DDE269520602D51F
:10F4300000F5C26301E003F5C2630433D3F8008032
:10F44000EAF7B8F83168814660692A6810252228F1
:10F4500005DDE3695B0602D501F5C26301E002F553
:10F46000C26304331B689845F1D0222805DDE369A7
:10F470005E0602D501F5C26301E002F5C263043302
:10F48000013DD3F80080E2D1EAF794F83A68C9EB7D
:10F490000006B2FA82F39A40191FB2FBF6F2384B1B
:10F4A00001321A604FF47A73A2FB03233548CA4035
:10F4B0000160C1F1200113FA01F08018ECF742FB62
:10F4C000396804230FE0B5FA85F2B6FA86F0013AFE
:10F4D0008242A8BF0246964095409B18B6FBF1F2C7
:10F4E00001FB1266551915F0404FECD0264A136007
:10F4F000264B40F2FF321D60236A002B244BC8BF0D
:10F500006FF07F421A606369222B0CDDE3695806B5
:10F5100009D5002040F6270102461E4B00900190BD
:10F52000FFF76CFB05E020461A4920220023FFF775
:10F53000E5F900201849F0F301F5184D286078B17D
:10F540000120F4F36DF220462D68F2F36DF5B5FB62
:10F55000F0F04FF47A754543114BA5F5FA651D603F
:10F56000BDE8FE83E91E0000A45C01003F420F00DD
:10F5700040420F00B40300003404000024040000E3
:10F58000A8030000AC030000A4030000A0030000D7
:10F59000B003000019B980008C85020084040000CB
:10F5A000800400000D4B00211A6842F010021A601E
:10F5B0001A6822F400721A60094A136843F08073D3
:10F5C00043F480331360074B07221A6043F8041C8E
:10F5D00059685A60044B20221A60704714ED00E00D
:10F5E000FCED00E0241000E000E400E070B504460B
:10F5F0000E46FAF367F32046F9F3FCF60546EAF700
:10F600005BFD40F62A0102462046FAF395F4826932
:10F61000436926B142F0004243F0004303E022F088
:10F62000004223F000438261294643612046BDE841
:10F630007040FAF38FB42DE9F84304461E46904615
:10F640000D46FAF33FF32046F9F3D4F6414632462D
:10F6500007462046FAF370F42046FAF345F00646D2
:10F66000EAF72AFD40F62A0102462046FAF364F43E
:10F670004FF00108814685B108FA06F5836933EA3F
:10F68000050502D14046E9F787FF01360120B04069
:10F69000E9F774FFC9F818500EE0701C08FA06F676
:10F6A00008FA00F0E9F778FF4046E9F767FFD9F874
:10F6B00018301E43C9F8186020463946BDE8F843A3
:10F6C000FAF348B4034630B1002000E01046421C73
:10F6D0005B08FBD1704770470346032B10B51046FB
:10F6E0000C461DD8FAB1022B0BD0032B14D0012BE2
:10F6F00003D0FFF7E7FF0D4B06E0FFF7E3FF0C4BEE
:10F7000002E0FFF7DFFF0B4B186043F8044C5A6828
:10F7100004225A60002010BDFFF7D4FF064BF3E728
:10F720006FF0010010BD6FF0010010BD241000E06B
:10F73000341000E0441000E0541000E050B1431ECB
:10F74000034207D0002300E013465A1C4008FBD1B7
:10F75000012098407047000070B5EAF7E3F90446CD
:10F76000EAF7DAF9164E241826F4FE4626F0FF06CC
:10F7700006F50046A41B1ED00125B4F5004F0FD39B
:10F78000284631464FF40042FFF7A6FFB0B90135D5
:10F79000EDB2042DA4F5004406F50046EDD170BD90
:10F7A00020465CB1FFF7CAFF314602462846BDE855
:10F7B0007040FFF791BF4FF0FF3070BD70BD00BFCC
:10F7C0008C6A03002DE9F8430446FAF37BF22046E5
:10F7D00040F60E010022FAF3AFF30546002838D0B8
:10F7E0002046FAF36BF2014618B920460A46F9F3AF
:10F7F000F5F520462F68D5F80080F9F303F60428C4
:10F80000064605D825D108F4E028B8F5403F20D1B8
:10F8100000205049F0F392F3D8B907F0F0073F0900
:10F820000FE0013F072E2F6108D90C2E06D02B6C5C
:10F8300003F44063B3F5406F00D010B1464B012094
:10F840006B61002FEDD1D5F8E83123F01003C5F836
:10F85000E831EAF731FC40F62A0102462046FAF385
:10F860006BF33E4D06462860EAF726FC3146024619
:10F870003B48EFF311F52046F9F3C4F5394B186016
:10F880002B681A6842F080721A601A6842F002020D
:10F890001A600022C3F8E0216269272A05DDD3F847
:10F8A000E02142F04002C3F8E02140F2DD5602E0E0
:10F8B0000A20F4F3CFF12B68D3F8E0319B0301D495
:10F8C000013EF5D100210B4620464FF40062FFF7C0
:10F8D000B2FE00210B46204640F61202FFF7ABFEB7
:10F8E00000210B46204640F62902FFF7A4FE2046E1
:10F8F0000121FFF77BFE00201B49F0F31FF300B34B
:10F900002046F9F377F50646EAF7D6FB40F62A01DA
:10F9100002462046FAF310F3D0F814900746D0F8C8
:10F9200098802046F9F366F50123834043EA0903F2
:10F930007B6148F00103C7F8983020463146FAF35E
:10F9400009F32B681A6A42F003021A62BDE8F84311
:10F95000FFF702BF97850200FF7F0121B060010021
:10F96000BB3C0100B8600100A28502000721C0F87D
:10F97000A4114021C0F8A8114FF4F061C0F8C811DB
:10F980001821C0F8CC1108210122C0F8D01106219D
:10F990000A23C0F89C21C0F8B021C0F8DC11C822AD
:10F9A0001C21C0F89831C0F8B42120231022C0F8DF
:10F9B000E0110C21C0F8A031C0F8BC31C0F8C03152
:10F9C000C0F8C421C0F8D431C0F8E4110323C0F852
:10F9D000E8210421C0F8F0210022C0F8D831C0F895
:10F9E000EC11C0F8F421C0F8FC21C0F800327047D7
:10F9F00041F2E443984206D144F2F4300B1A5842E3
:10FA000040EB0300704700207047D0F81C1238B557
:10FA1000044659B1806804F0D0FB0546D4F81C02B6
:10FA2000F4F33CF40023C4F81C3200E00D462846F1
:10FA300038BD7FB50446062384200393F4F31CF4F9
:10FA4000C4F81C02B8B100218422EFF3FFF30025B3
:10FA50001C23A068D4F81C1203AA0095019504F099
:10FA600061FB0646013008D1D4F81C02F4F316F409
:10FA7000C4F81C5201E04FF0FF36304604B070BDB0
:10FA80002DE9F04104460D461646984640F2E93706
:10FA900002E00A20F4F3DEF063691A6D002A04DA4A
:10FAA000013FF6D13846BDE8F081069A4644360259
:10FAB000B2F1807F46F0004603D12A7842F080728E
:10FAC000B6181E6540F2E93602E00A20F4F3C2F0EF
:10FAD00063691B6D002B03DB2B700120BDE8F081F7
:10FAE000013EF2D13046BDE8F08100002DE9F0433F
:10FAF0008BB01D46DDF848909F4B0846C3F8009038
:10FB000011461746FFF774FF002800F030814FF4CC
:10FB10000B70F4F3B1F30446002800F029810021B2
:10FB20004FF40B72EFF392F3A560C4F814902046E3
:10FB3000FFF71CFF914B1E68C4F818621EB136789F
:10FB4000003618BF012604F1280840460221412250
:10FB5000F0F382F400230093019302933846294680
:10FB60004A46139B06F024FBE060002800F0FA8070
:10FB7000F9F338F42060E068F9F344F46769804AE7
:10FB80007B68804903F0010383F00103D4F800C0CF
:10FB9000002B18BF114684F87A3140F629039C45A2
:10FBA0006060D4F808E0E26807F5007303D110B193
:10FBB00007F5087701E007F504770097D4F8BC0152
:10FBC0000190D4F8C0010290D4F8C80103904FF01E
:10FBD000FF300490D4F8C40105900820069000205E
:10FBE0000790704604F04EFC6062002800F0BA8076
:10FBF000D4F81812644FB9B10B78ABB1D7F8B03064
:10FC0000984762492246D4F81802F0F32DF3D4F84D
:10FC100018025F49224604F0F1FA2EB12046FFF7A0
:10FC200008FF002840F09E8002210A46D7F8B8302D
:10FC3000606A984720460021E2682B4600F06EF982
:10FC40002061002800F08E8000210B462046514A9A
:10FC5000F3F336F50023C4F8940184F87D314E485F
:10FC6000F5F304F010B3EFF347F5012383404B485D
:10FC7000C4F88431F4F3FAF710B1EFF33DF508B1AD
:10FC8000D4F88401C4F8880145490020F0F356F106
:10FC9000030CA4F88C31A4F88E013BB1002120465E
:10FCA000404A0B46F3F30CF5C4F8900100203E499E
:10FCB000F0F344F1012808BF84F822022046F6F34D
:10FCC00091F4002835D000200125C4F8A40184F85F
:10FCD0002A523649F0F332F120B184F80552344803
:10FCE000EFF3DAF200203349F0F328F1C0B28DF8D7
:10FCF000260068B100F00F004FF080730AA901F8E8
:10FD0000020D4FF44072009320460F23FFF7B8FE18
:10FD10000AA9082301F8013D636900221D6F1A67D3
:10FD20004FF0807300932046F023FFF7A9FE63692C
:10FD30001D67214922462148F4F30CF12048F3F3D2
:10FD4000ABF7204B04F58472511C1A600332DA6061
:10FD5000D4F8F020596004F585719960C3F81080DB
:10FD60005A6105E02046F4F399F2002400E00446CD
:10FD700020460BB0BDE8F083880400004404000076
:10FD8000B9850200CB85020010A7880051E78000EA
:10FD9000CDE7800091F08000E08502000A86020035
:10FDA00002860200EDE68000D5850200C1850200D2
:10FDB000E9850200AD85020095E68000E03C010087
:10FDC000F9E28000BC60010038B50025044680F8E7
:10FDD0007951006900F0DEF82046F6F3F5F5E068A9
:10FDE0002946F9F3F9F2D4F8940128B1F3F3ECF3CE
:10FDF000D4F89401F3F312F4D4F8900128B1F3F39A
:10FE0000E3F3D4F89001F3F309F4E06805F078FF28
:10FE1000D4F81C3223B11B7813B12046FFF7F5FD4F
:10FE20002046BDE83840F4F339B210B58469A068C3
:10FE3000FFF7CAFFE06805F061FD002010BD00007B
:10FE400010B584690021342204F11C00EFF3FEF1A7
:10FE5000034BA06863622462F6F32AF3002010BD0E
:10FE600091F680002DE9F347274D99462B68064609
:10FE7000072B0F46924640DC05F032FD80465020AD
:10FE8000F4F3FAF1044600283AD000215022EFF3AF
:10FE9000DDF12B68A4F8149084E848002761C4F8C9
:10FEA0000C80204641F2E4414A4643468DE88004F6
:10FEB000FFF71CFEA06010B300200A990B9A134BA9
:10FEC0008DE84004FEF79AFE074618B1A068FFF7D8
:10FED0007BFF12E0A068F6F367F12B68A0610F21A9
:10FEE0000B4A3046EFF318F2F7730A483146EFF346
:10FEF000D3F12B6801332B6002E0002400E00446BC
:10FF00002046BDE8FC8700BFD4600100C1F6800038
:10FF10003386020013860200F4F3C0B12DE9F041EC
:10FF20001B4F98463B780546072B144626D854208D
:10FF3000F4F3A2F1064610B300215422EFF386F148
:10FF40003B78002286F8443001333B700123B460D3
:10FF500086E82001A6F84C20A6F85020A6F84E20EE
:10FF6000A6F85220B3640420F4F386F1044630640A
:10FF700040B100210422EFF369F100E00026304691
:10FF8000BDE8F0813046F4F389F12646F7E700BF7B
:10FF9000D8600100C26B1AB100235362826B5362B6
:10FFA000C068FFF7B9BF0000054A064BD17E197043
:10FFB000117F5970517F9970927FDA70704700BF3E
:10FFC0008C6A0300906001002DE9F04F8FB0E9F7D3
:10FFD000A9FD474E474D3368049005932B68B3F550
:10FFE000805F00F28180444F44493868EFF3A6F700
:10FFF00001287AD02B68DFF81C910393D9F80030E0
:020000041002E8
:1000000000240693DFF810812368DFF810A107931E
:10001000D8F80030DFF808B10893DAF80030384A31
:100020000993DBF80030D7F800C00A93354B12680B
:1000300019680C920B913449301D0968039A0D918F
:100040006146CDF808C00193EFF37CF021462A68A1
:100050003868EFF3FBF02D4A019BCAF800202849CD
:10006000294A04981C6014600C604FF0FF32311A6A
:100070003C60C9F800402C60C8F80040CBF8004054
:10008000EFF38CF70599019BCA439042DDF808C055
:1000900029D1039A06992A60C9F8001021681C4AE0
:1000A000C7F800C01160079A08992260099AC8F839
:1000B0000010CAF800200A990B9ACBF800101A60B9
:1000C0000F490C9B039A0B600D9B0F4960460B6018
:1000D000311DEFF337F02A68301D21460FB0BDE81F
:1000E000F04FEFF3B3B0FEE7FEE70FB0BDE8F08FDF
:1000F0008C6A03009C5C0100985C0100828602000F
:100100004C1400004814000050140000DDBAADBBD0
:1001100038140000945C0100441400003414000002
:100120004014000070470000774B2DE9F04F1B682A
:1001300091B0043B012B03D8744B1868FFF7F2FF12
:10014000FEF7D2FD00210446F9F334F720460021E2
:10015000F9F300F7054658B12046F9F3B3F52B6AD9
:10016000002B05DA2046F9F3ADF54FF000432B6282
:10017000E9F7CBFF2046F9F3CBF00EA90822EFF305
:10018000F1F202462046D4F840B00B92F9F38CF01D
:1001900082462046F9F388F081462046F9F384F040
:1001A00080462046F9F3EEF007462046F9F3EAF0E0
:1001B00006462046F9F3E6F005462046F1F334F70B
:1001C000014620460C91F1F32FF784462046CDF8E6
:1001D00034C0F1F329F70B9A0C99DDF834C0029280
:1001E00008F542484A4A05F5424500F542400AF5FD
:1001F000424A09F5424908F5A87807F5424706F54D
:10020000424605F5A87501F542410CF5424C00F552
:10021000A870B8FBF2F8B5FBF2F50CF5A87CB0FBC2
:10022000F2F00AF5A87A09F5A87907F5A87706F596
:10023000A87601F5A871B1FBF2F1DFF8F8E0BAFB9E
:10024000F2FA02FB1899B7FBF2F702FB156602FB04
:1002500010C2CDF804E0DFF8E0E02E4BB2FBFEF276
:10026000B9FBFEF9B6FBFEF6089109922A492B4A22
:100270002B480093CDF80CB0CDF810A0CDF8149019
:1002800006970796EFF308F0264840F60D0144F272
:10029000F432FEF785FC38B1224840F6290144F2D9
:1002A000F432FEF77DFC20B91F4A204B1D4D1A6029
:1002B00000E00025204605F01BFE44F218334FF6FF
:1002C000FF72904214BF02461A4640F612011848C7
:1002D000FEF766FC1649002818BF00214DB141B158
:1002E000124B28461B685B6898472B6928465B6859
:1002F00098472046F9F3E6F42946FEF71DFE20460E
:1003000011B0BDE8F08F00BF501400004C14000085
:1003100040420F007D8602003F8602007E8602007A
:1003200044860200A85C0100D45C01008C0400003B
:10033000945D010040390100A08601000846704725
:100340002DE9F04FD1F8FC3091B00B9303F56063C9
:100350000446099371E10E22002320460BA9E8F31D
:10036000DBF50F280746204602D1E8F373F56CE170
:1003700000220BA91346E8F3CFF510F00E0F40F062
:1003800061818B4E3A0D3E4040F23B43360A00F409
:10039000F8789A4208924FEA181804D140F6FF7391
:1003A0009E4200F04A8100F478534FEA532B002B11
:1003B00000F0438100F4F82A00F47803DB0C4FEAE4
:1003C0009A3A13EB0A02079325D140F267339E4213
:1003D00014D10CAB01930DAB02930EAB03930FAB97
:1003E000049320460BA913460092E8F335F5002844
:1003F00000F023810C9BC4F858331EE140F2DC531B
:100400009E4208D040F20B539E4204D040F6270390
:100410009E4240F01281D4F8D050314605F1B60327
:1004200044F8237005F1C60344F823002046FFF783
:1004300085FF04EB8503C3F8D40000270BE00122FD
:1004400020460BA91346E8F367F500F00E000228DA
:1004500040F0F88001374745F1D10CAB01930DAB6B
:1004600002930EAB002703930FAB049320460BA916
:100470003A463B460097E8F3EFF420B1B94627E04F
:100480004FF0010900E08146402300930CAB01933B
:100490000DAB02930EAB039300220FAB04932046E7
:1004A0000BA91346E8F3D8F40028E9D1B9F1010FFC
:1004B0000ED00D9B002B40F0C5800F9B002B40F011
:1004C000C1800E9AB2F5805F40F0BC809946DBE7B0
:1004D0000C9A04EB8503C3F814210E9A0127C3F884
:1004E000D4210CAB01930DAB02930EAB03930FAB76
:1004F0000022049320460BA93B460092E8F3ACF49B
:1005000060B1012F0AD10E9BB3F5805F06D10C9923
:1005100004EB8502C2F89411C2F8143201370028A6
:10052000DFD137464FF001082E4617E000250023A3
:1005300000930CAB01930DAB02930EAB03930FAB87
:10054000049320460BA942462B46E8F385F408B1F4
:100550000135ECE7002D75D008F10108D845E5D14B
:1005600035463E4600271FE0C02300930CAB0193A5
:100570000DAB02930EAB03930FAB049320460BA974
:100580003A460023E8F368F400285BD00F9B002B69
:1005900058D10E9BB3F5805F54D127B90C9A05F161
:1005A000A60344F8232001375745DDD1002739E061
:1005B00000FF0F00802300930CAB01930DAB02935F
:1005C0000EAB03930FABBBF1010F0CBF3A467A1C85
:1005D0000493204600230BA9E8F33EF4089A40F266
:1005E0003B439A420DD140F235139E4209D1D4F8D3
:1005F00070330C9904EB83020133C2F87413C4F80E
:100600007033F8B10F9BEBB90E9BB3F5805F19D136
:10061000BAF1000F05D127B90C9A05F1A60344F8E9
:1006200023200137079B9F42C4D1B9F1000F04D1A9
:10063000D4F8D0300133C4F8D0300B9B099A9342E0
:10064000FFF489AE0023C4F8D03011B0BDE8F08FBC
:1006500010B5D0F87023002306E0D0F870134FF4E3
:100660004C74C1F80049013304309342F5D110BDF8
:100670002DE9F84300270446154699460E46B8462C
:1006800009E0304600210422EEF3E0F50137C6F818
:100690000080B04676194F45F3DBC4F80080BDE812
:1006A000F88370B50D460446D8B1D1B10E68C6B115
:1006B000B389CBB9738A03F00303012B03D1F0692B
:1006C00008B1F3F3EBF5738A201D23F00403738262
:1006D0003146EDF361F723890020013B2381286037
:1006E00070BD6FF0010070BD6FF00F0070BD2DE99F
:1006F000F74F0C9F019116469A46DDF834B0BDF8CD
:1007000038900546002857D00F9B002B54D0002965
:1007100052D0002A50D0BBF1000F4DD09BF80030D2
:10072000002B49D000F104084046EDF341F70446A0
:10073000002844D0B9F1010F0BD157B906FB0AF0DC
:10074000F3F39AF5074638B940462146EDF324F70E
:1007500035E04FF0000800E08046002124222046CA
:10076000EEF374F5019B0822A360638A204623F010
:10077000030349EA030343F0040363825946EEF39B
:100780003DF60023B9F1010FE3710CD1A4F814A0D8
:10079000C4F81C80A66104F1200039463246534655
:1007A000FFF766FF01E0EB6863612B8900200133EE
:1007B0002B810F9B1C6004E06FF0010001E06FF0E3
:1007C0001A00BDE8FE8F2DE9F84307460E46154690
:1007D000002A2DD000282BD0002929DD1020F3F38A
:1007E0004BF5044640B300211022EEF32FF5E760ED
:1007F000242707FB06F966814846F3F33DF580465A
:1008000030B92046F3F34AF56FF01A00BDE8F883DB
:1008100000214A46EEF31AF5204640F8048B414683
:100820003A463346FFF724FF2C600020BDE8F883EA
:100830006FF00100BDE8F8836FF01A00BDE8F8839F
:1008400070B5064660B1046854B125895DB9206869
:10085000F3F324F52046F3F321F53560284670BD07
:100860006FF0010070BD6FF00F0070BDFFF719BF92
:100870001FB50024019203930A4623460094029474
:10088000FFF735FF04B010BDFFF70BBF51B10329CF
:1008900002D80423136003E0033121F00301116047
:1008A000002070476FF0010070472DE9F04186B0DD
:1008B00005460C461E46DDF83080174612B31BB1C4
:1008C000B8F1000F03D11DE0B8F1000F1AD128468E
:1008D000214605AAFFF7DAFFB0B92EB1059B7B438D
:1008E00098450FD3B3070DD10D9B284601930123E3
:1008F00002930E9B21460393059A3B460096FFF711
:10090000F6FE01E06FF0010006B0BDE8F08110B521
:10091000044690B1C36823B1406804F10C01FFF7AD
:10092000A5FFA36823B1606804F10801FFF79EFFEB
:100930002046BDE81040F3F3B1B410BD2DE9FF41EE
:10094000074610200D4616469846F3F395F40446E4
:10095000F8B100211022EEF379F4124A27606560A5
:10096000019204F108020023029228460C2132462B
:100970000093FFF79AFF034658B90B4A0090019283
:1009800004F10C02029228460C214246FFF78DFF2B
:1009900018B12046FFF7BBFF0024204604B0BDE895
:1009A000F08100BF9086020088860200FFF7AFBF8B
:1009B00080697047008A400070470000808ACB69D8
:1009C000B2FBF0F300FB1322D2B242F000421B064E
:1009D00042EA13438B61002300E001338869094A2E
:1009E000002802DA9342F8D106E0934204D0C30013
:1009F00005D4C0F3407070474FF6FF7070474FF654
:100A0000FF7070478096980010B584680023646971
:100A10004B61302CC4BFD1F8F43003F47E03C1F82D
:100A2000F430BDE81040FFF7C9BF2DE9F0410024C4
:100A300080460F461601254640463946AA19FFF75B
:100A4000E3FF4FF6FF73984206D0A84001350443F8
:100A5000102DA4B2F0D100E004462046BDE8F0819C
:100A6000BF230B80FF2313807047013906291DD84F
:100A7000DFE801F0040A1C1C101C1700202343822D
:100A800040238382802310E04023438283824FF4FB
:100A900080730AE060234382402383824FF4C07353
:100AA00003E01023438240238382038200207047A7
:100AB00001390A2919D8DFE801F006080A0C0E18D6
:100AC00010181818130040230CE060230AE080235C
:100AD00008E0A02306E0C02304E04FF4807301E0A7
:100AE0004FF4C073438220238382838A428A534314
:100AF0001B110382002070476FF01600704770B51D
:100B00000446058A8068F8F375F400210646A0685B
:100B1000F9F320F2A2685369222B05DDC36C9B0513
:100B20009B0D0733DB08A38510463146F9F312F21B
:100B3000A38D6D00E81A023870BD70B50446806858
:100B40000D461646F9F394F030B120462946324658
:100B5000BDE87040FFF769BF06F5806635F81600FE
:100B600080B270BDF8B50446806816460F46F8F3AB
:100B700041F400210546A068F9F3ECF13A4601463C
:100B80002046FFF7DAFF29463080A068F9F3E2F14A
:100B90000020F8BD01392DE9F84F044691461E4664
:100BA0000E2971D8DFE801F00818702870707034D1
:100BB0007070707070703B0090F82E20838B0AB1BB
:100BC000C58C00E0C58BED1AA369D9052ED5336815
:100BD000AB4233D3A78B36E090F82E20038C0AB1BA
:100BE000C58C00E0458CED1AA3699A051ED53368C3
:100BF000AB4223D3278C26E083694FF0020513F420
:100C0000806F13D03368012B18D9876A02371AE036
:100C1000878CC58C8369ED1B13F4006F05E0878B0F
:100C2000C58C8369ED1B13F4407F04D135606FF0F0
:100C30001D00BDE8F88F3368AB4204D235606FF019
:100C40000D00BDE8F88FA068F8F3D4F300218346C7
:100C5000A068F9F37FF14FF00008824609E008EB45
:100C6000070220465146FFF768FF08F1010829F8FE
:100C7000020BA845F3D1A0685946F9F36BF1C6F809
:100C800000800020BDE8F88F6FF00100BDE8F88F0C
:100C900073B50023ADF80430ADF806308368044620
:100CA0005B690D46272B05DDCB691B051B0D1B1151
:100CB000043B06E01B2B06D84FF492629A4002D503
:100CC0000C2383620EE0242B01D0272B04D1238A2E
:100CD0007F2B05D80C2304E0172B01D0182B01DD46
:100CE0001423A362EB6903F4E023B3F5803F0ED035
:100CF0004FF00443AB61002300E00133AA69002AEE
:100D00002E4A02DA9342F8D157E0934255D02B692C
:100D1000A26AA361033220462946FFF70EFF284B43
:100D2000A269000903401343A36103F44073002246
:100D3000B3F5407F84F82E2002D1012384F82E30B1
:100D4000A36A0DF106020433A383238A2046E383BA
:100D5000E38401A9FFF784FEBDF80620BDF8043046
:100D6000D61AB6B216B1E3836384A284A369DB0505
:100D70000AD520462946A26AFFF7DFFE000980B2A5
:100D800000B1E083E38B00E0A38B2384AEB920465F
:100D9000FFF7B5FEA36900EBD070401060849805A2
:100DA00009D5A26A204629460132FFF7C6FE00098E
:100DB0006084A08401E0238CA3847CBD809698008D
:100DC00000FFFF00F8B543690546152B01D0162B2F
:100DD0003CDD2846F8F340F70646002836D1284681
:100DE000F8F33CF7002833D02846F8F303F33146F4
:100DF00007462846F9F3AEF00646EAF7FDF86B69B8
:100E00000446302B04DDF16901F47041090B03E065
:100E1000A96901F46011C90C91B1F36903F4E023ED
:100E20001B0C012B03D12046FFF742FE03E013B950
:100E30002046FFF71AFE20463146FFF729FF00E063
:100E40000C4628463946F9F385F002E0002400E01C
:100E500004462046F8BD08B54368DB68984708BDDE
:100E600008B543681B68984708BD73B5002604465B
:100E70000196EAF7C1F84C2231460546EEF3E6F159
:100E80006369152B2B6001D0162B02D9EAF7B8F84D
:100E900068606B68D3B1AC602046F8F313F7E86084
:100EA0002046F8F3DBF6064620B92046012101AAC8
:100EB000F8F30AF76B6820461B699847054636B970
:100EC0002046314601AAF8F3FFF600E01D46284609
:100ED0007CBD2DE9F7439946002304460F46904612
:100EE0000193F8F3BBF6054620B92046012101AA7B
:100EF000F8F3EAF62046F8F3B1F678B12046F8F3B5
:100F0000ABF658B92046FFF7B0FF50B143683946F9
:100F10005E6942464B46B047064604E06FF018064D
:100F200001E04FF0FF3625B92046294601AAF8F323
:100F3000CBF63046BDE8FE838260416001607047B9
:100F40002DE9F041541A012C0F461E46069D0EDD78
:100F50002046F3F391F1804670B139462246EEF314
:100F6000F1F0C6F8008000202C60BDE8F081002080
:100F700018602860BDE8F0816FF01A00BDE8F081CC
:100F80000EB4F3B581680446012945D908AB406821
:100F9000079A0193EEF3A8F2431C064603D0A36818
:100FA000023B984202DD0020A06036E060683D21EF
:100FB000EEF3CAF140B367682568C71B21E02846F5
:100FC0003A46EEF3ABF0B0B9EB5D3D2B13D12846BA
:100FD000EEF3E8F16268471C731CDB1B521BE91936
:100FE000D2182846EEF30EF16368DB1B6360A3683A
:100FF000DF19A76008E02B4613F8012B1D46002AD5
:10100000FAD161688D42DAD3A368701C1B1AA36001
:1010100063681B18636000E00020BDE8FC4003B07B
:10102000704700002DE9F04FBBB01A9019911B9248
:101030001893002B02F01C874FF48050F3F31CF13F
:101040001290002802F0148737A812994FF48052AA
:10105000FFF772FF00214FF480521298EEF3F6F082
:10106000189A1168D9B10B78CBB1449A1368022B46
:1010700003D814E0013A026000E0449802688B183B
:1010800013F8014C1CB913F8023C002BF2D0129853
:10109000EEF358F04499389A0B68D318389300232C
:1010A0008DF89C304FF0FF3215931393012311926A
:1010B000169302F0A8BE1999012251F8046B00237F
:1010C000199117921493179949B1F25C5F1C109211
:1010D000013AD2B2FD2A0FD8F55D9F1C0DE0F15CFC
:1010E0004A1ED2B2FD2A109103D880220D461092DA
:1010F00000E0179D5F1C00E000257B19B3F5607FC1
:1011000082F27E86109B202B28D005D8152B0BD081
:101110001B2B42F0708664E01099222935D030D321
:10112000802942F0688667E0F3195A78F35D12026D
:10113000D318072B12DDBC1C34192246E14937A80D
:10114000FFF71EFF2046EEF32DF1FA1C1218DE49C0
:1011500037A8B218FFF714FF02F04DBEF4196278F9
:10116000F35D1202D21837A8D849FFF709FFE378D8
:10117000A2781B0237A8D6499A18FFF701FF02F0A0
:101180003ABEF25D149202F036BE149B0C2B02F0B4
:101190002D869DF89C30002B42F02D86F35D042BAC
:1011A00042F0298607F1020806EB08042046EEF318
:1011B000B9F6002842F01F8616F80830DB0702F166
:1011C0001A8627A92046EEF325F31199013142F042
:1011D0001286F3199A79DB791202D318119302F06F
:1011E0000ABEF319DA799B7937A8BA4943EA022291
:1011F000FFF7C6FE02F0FFBDF35DF4198F2B02F27C
:10120000FA8501A252F823F0399301006B93010093
:101210005594010015990100F19A0100D59801003B
:1012200053980100719801007B940100199B010003
:101230008D9B0100B59B0100C99B010057BC0100BB
:101240003B9A0100BB980100F7970100619C0100E7
:10125000A19C01004B930100E19C0100EF9C010067
:10126000119D01001F9D010017930100D9920100FB
:1012700057BC0100FD9401002D9D01001195010056
:1012800057BC010057BC010057BC0100439D010041
:10129000879D01009B9D0100BD9E010081A0010072
:1012A00057BC010057BC010025A20100C9920100F2
:1012B000B9920100A99201009FA30100B3A301000C
:1012C000C7A30100DBA3010057BC0100E99B01009B
:1012D000EF94010057BC010057BC0100ED930100E1
:1012E000A7A60100EFA301006B9D0100799D0100FD
:1012F000B5A601001DB4010057BC010057BC010098
:1013000057BC010057BC01001D95010047A4010016
:1013100071A40100B3A40100F1A401002FA50100F4
:101320006DA50100ABA50100E9A50100FDA5010027
:1013300057BC0100C595010057BC010057BC010016
:1013400057BC0100D79701003195010057BC01003F
:1013500057BC010057BC010057BC010071B401002B
:1013600057BC01000B9801002BA70100FBA701004F
:1013700051A901003BAA010025AB01005FAB0100B0
:10138000E7AB010035AC010043AD0100CDAE01007B
:1013900079AF010025B001008FB401007B960100F8
:1013A0003B97010071B00100ADB10100B9B201007D
:1013B000C5B30100D5B40100AFB60100E7B4010028
:1013C00005B5010023B5010041B5010053B5010089
:1013D00065B5010077B5010089B50100F3B50100DD
:1013E000FFB501000BB601002FBC010057BC010086
:1013F00057BC010057BC010057BC010057BC01009D
:1014000057BC010057BC010057BC010057BC01008C
:1014100011A6010085A6010057BC010057BC0100C0
:1014200001B7010069B70100EFB7010075B801000D
:10143000A1B90100B3B90100BFB90100E9B90100C8
:10144000E1BA0100D9BB01004FEA950A5FFA8AFAB6
:101450004FF0000801F03CB84FEA55095FFA89F9EE
:101460004FF0000801F005B84FEA55095FFA89F915
:101470004FF0000800F0EBBF07F1010806EB08048D
:101480002046EEF34FF5002842F0B58416F80830F8
:10149000D80702F1B084204627A9EEF3BBF1119BD7
:1014A000013342F0A884F3195A799B791202D318B8
:1014B000119302F0A0BCA37862781B029A181192D3
:1014C00002F099BCDE93020005890200378F02000A
:1014D000748A020043920200647837A8A549224624
:1014E0001694FFF74DFD02F086BCE37822791B04C9
:1014F00043EA0263627837A81343A2789E4943EA1D
:101500000222FFF73DFD02F076BCA278637812025A
:10151000D2189A4937A8FFF733FD2279E3781202EF
:1015200037A89749D218FFF72BFD062D42F26384A6
:10153000A2796379120237A89249D218FFF720FDE9
:10154000082D42F25884237AE2791B0237A88E498B
:101550009A18FFF715FD0A2D42F24D8407F10A088B
:1015600007F1090416F80820335D1202D21837A8D3
:101570008649FFF705FD16F80830325D1B0237A8D3
:1015800083499A18FFF7FCFC02F035BC814B062218
:10159000B5FBF2F21A704FF00008994624E043467A
:1015A00010217D4A1DA8EDF3B7F6434610217B4A72
:1015B0002FA8EDF3B1F66378A2781DA943EA0222C1
:1015C00037A8FFF7DDFC6379A2791B0443EA0263C5
:1015D000E27837A8134322792FA943EA0222FFF7C2
:1015E000CFFC08F10108063499F800309845D6DBA5
:1015F00002F001BC022D06D137A869496278FFF7D5
:10160000BFFC02F0F8BBA37862781B0237A86449DC
:101610009A18FFF7B5FC02F0EEBBA27863781202CD
:10162000042D1A4405D92379E1781B0609045B18B7
:101630001A4337A85B49FFF7A3FC062D42F2DB8370
:10164000F3199A7959791202082D0A4405D9197AA1
:10165000DB7909061B04C9180A4337A85249FFF76A
:101660008FFC0A2D42F2C783F3199A7A597A120233
:101670000C2D0A4405D9197BDB7A09061B04C9180D
:101680000A4337A84949FFF77BFC02F0B4BB37A8EF
:1016900047496278FFF774FC02F0ADBBA37862782B
:1016A0001B0237A83A499A18FFF76AFC02F0A3BB5D
:1016B00001350021EDB2179102F09DBBA37862784D
:1016C00037A83C4942EA0322FFF75AFC02F093BBD9
:1016D00094F803A023794FEA0A4A4AEA036A637836
:1016E000B5F1050B4AEA030A48BFA5F1020BA3783E
:1016F0004FEAAB0B4AEA032A5FFA8BFB4FF0000874
:1017000024E043441021244A2FA8EDF305F699F86C
:10171000003010214344214A1DA8EDF3FDF5524647
:101720002FA937A8FFF72CFCE37822791B0443EAA2
:101730000263627837A81343A2781DA943EA022204
:10174000FFF71EFC0AF1040A08F10108DFF84490D3
:101750000434D84599F80030D3DB9B4489F800B0B5
:1017600002F049BB0B4BEA081A704FF0000899468B
:101770004DE000BF2C94020034900200628D020004
:101780005A9402008E8A02008D870200889002001F
:10179000FF8F020028610100003E01000B3E0100A6
:1017A0001F930200D98D0200238A0200348A0200AE
:1017B000298B0200AF8D020043461021B14A1DA8BB
:1017C000EDF3AAF543461021AF4A2FA8EDF3A4F597
:1017D000E37822791B0443EA026362781DA913436C
:1017E000A27837A843EA0222FFF7CAFBE379227AFC
:1017F0001B0443EA0263627937A81343A2792FA935
:1018000043EA0222FFF7BCFB08F10108083499F80B
:1018100000309845D0DB02F0EEBA94F803A02379AB
:101820004FEA0A4A4AEA036A6378B5F1050B4AEAC5
:10183000030A48BF05F1020BA3784FEAEB0B4AEA13
:10184000032A5FFA8BFB4FF000083BE04344102172
:101850008C4A2FA8EDF360F599F80030102143442D
:101860008A4A1DA8EDF358F599F800301021434439
:10187000874A33A8EDF350F552462FA937A8FFF752
:101880007FFBE379227A1B0443EA0263627933A97E
:101890001343A27937A843EA0222FFF771FBE37AE8
:1018A000227B1B0443EA0263627A37A81343A27ABD
:1018B0001DA943EA0222FFF763FB0AF1080A08F1B7
:1018C00001080834DFF8CC91D84599F80030BDDB29
:1018D0009B4489F800B002F08EBA6E4B0C22B5FB27
:1018E000F2F21A704FF0000899463EE0434610218C
:1018F000644A33A8EDF310F543461021634A1DA84E
:10190000EDF30AF543461021614A2FA8EDF304F5E3
:10191000E37822791B0443EA0263627833A9134314
:10192000A27837A843EA0222FFF72AFBE379227A5A
:101930001B0443EA026362792FA91343A27937A8F3
:1019400043EA0222FFF71CFBE37A227B1B0443EAF3
:101950000263627A37A81343A27A1DA943EA0222DE
:10196000FFF70EFB08F101080C3499F80030984598
:10197000BCDB02F040BAE37822791B0443EA02633D
:10198000627837A81343A278434943EA0222FFF75B
:10199000F7FA02F030BAA378627837A83F4942EAF2
:1019A0000322FFF7EDFA02F026BA4FF00509B5FB66
:1019B000F9F95FFA89F94FF0000816E06378102111
:1019C000374A2FA8EDF3A8F4237962791B0443EA80
:1019D0000263A27837A81343E2782FA943EA0222D0
:1019E000FFF7CEFA08F101080534C845E6DB02F03E
:1019F00002BA37A82B496278FFF7C2FA022D42F2E9
:101A0000FA8137A82849A278FFF7BAFA02F0F3B9A9
:101A1000002237A825496378FFF7B2FA022D42F277
:101A20002D82012237A82149A378FFF7A9FA032DB7
:101A300002F02482022237A81C49E378FFF7A0FABB
:101A4000042D02F0D681032237A818492379FFF725
:101A500097FA0122139202F0CEB9627837A81249A0
:101A6000FFF78EFA37A811490122A378FFF788FA09
:101A700002F0C1B937A80E496278FFF781FA02F087
:101A8000BAB900BF003E01000B3E0100163E010046
:101A9000223E0100286101004587020029900200D2
:101AA0002E3E01006A8A0200319102009C870200EA
:101AB0005A8B0200AB1E0E2B02F29D8101A151F840
:101AC00023F000BF6199010057BC010057BC010021
:101AD00057BC010057BC0100D9990100A79901002A
:101AE000879901006F99010057BC010057BC0100A4
:101AF000D9990100A7990100879901006F99010008
:101B000037A8A9496278FFF73BFA02F074B937A801
:101B1000A649627AFFF734FA0C2D8CBF4FF0090802
:101B20004FF0000801E04FF00008F31937A89E4974
:101B30001A7AFFF725FA0C2D07D9B8F1000F08BF64
:101B40004FF0080801E04FF0000807F10709984935
:101B500016F8092037A8FFF713FA002237A895498D
:101B600016F80930FFF70CFA0C2D07D9B8F1000F61
:101B700008BF4FF0070801E04FF000084FF00009E0
:101B8000A27863788C491202494437A8D21809F127
:101B90000909FFF7F5F90234B9F11B0FF0D10C2D4B
:101BA00042F22981B8F1000F08BF4FF00608834CBC
:101BB000B844B04404F1240998F8022098F80130A0
:101BC0001202214637A8D2180C34FFF7D9F94C4538
:101BD00008F10208F0D102F00EB9142D19D0172D1A
:101BE00003D0132D42F0078119E006EB0708744972
:101BF00098F8162037A8FFF7C3F9724998F815200E
:101C000037A8FFF7BDF937A86F4998F81420FFF7F8
:101C1000B7F9F31937A86D49DA7CFFF7B1F9A9468E
:101C2000A2464FF000082546AA786B786849120250
:101C3000414437A8D21808F10908FFF7A1F9023585
:101C4000B8F11B0FF0D14D464FF00008227AE3792E
:101C500060491202414437A8D21808F10B08FFF777
:101C60008FF90234B8F1210FF0D100249AF80E2038
:101C70009AF80D3058491202091937A8D2180B34B6
:101C8000FFF77EF9212C0AF1020AEFD102F0B3B876
:101C9000E1786278A3780091217937A80191617980
:101CA0000291A1790391E1790491217A05914B493F
:101CB000FFF766F902F09FB8A9464FF000082546E5
:101CC00015F8013FFF2B04D037A845494246FFF7DE
:101CD00057F908F10108B8F1040FF1D1B9F10C0F6F
:101CE0004D4642F2888004EB08035B78FF2B04D05A
:101CF00037A83B494246FFF743F908F10108B8F11C
:101D00000C0FF0D1102D42F2768004EB08035B78C3
:101D1000FF2B04D037A832494246FFF731F908F1CA
:101D20000108B8F1100FF0D102F065B8627837A859
:101D30000AB1A3781BB92B49FFF722F902E02A491F
:101D4000FFF71EF9F31937A82849DA78FFF718F9D1
:101D500002F051B8A378627837A8254942EA0322F5
:101D6000FFF70EF902F047B8E37822791B0443EA43
:101D70000263627837A81343A2781E4943EA02221D
:101D8000FFF7FEF802F037B837A81B496278FFF773
:101D9000F7F8022D42F22F8037A81849A278FFF7F2
:101DA000EFF802F028B800BF368E0200D38E020092
:101DB0009B9302004A890200D38B0200B38F02007A
:101DC000BD8D0200E6900200E7860200C68B02008D
:101DD000E98D020096900200B7860200A6870200F5
:101DE000458A02003992020084950200A78C020005
:101DF0003C8D0200CB870200A7940200E894020009
:101E00007C1C325D37A8764902F00F02FFF7B8F864
:101E1000325D37A81209BC1C7249FFF7B1F8325D78
:101E200037A8714902F00702FFF7AAF8325D37A818
:101E3000D2086E4902F00302FFF7A2F801F0DBBFFF
:101E40007C1C325D37A86A4902F00F02FFF798F850
:101E5000325D37A81209BC1C6649FFF791F8325D64
:101E600037A8654902F00702FFF78AF8325D37A804
:101E7000D208624902F00302FFF782F801F0BBBF0B
:101E800037A85F496278FFF77BF801F0B4BF62784A
:101E900037A85C49FFF774F8A27837A85A49FFF7CA
:101EA0006FF837A85949E278FFF76AF801F0A3BF45
:101EB00037A857496278FFF763F801F09CBF37A84D
:101EC00054496278FFF75CF801F095BFA278637817
:101ED000120637A8504942EA0322FFF751F801F0F1
:101EE0008ABF627837A84D49FFF74AF8A27837A829
:101EF0004B49FFF745F82379E2781B0237A8494997
:101F00009A18FFF73DF801F076BF37A84649627886
:101F1000FFF736F801F06FBF37A844496278FFF742
:101F20002FF801F068BFA37862781B0237A84049F8
:101F30009A18FFF725F801F05EBF94F802806378E5
:101F40004FEA082898441FFA88F83A494FEAD822FD
:101F500037A8FFF715F808F4E062120A364937A8E7
:101F6000FFF70EF808F0F802D208344937A8FFF757
:101F700007F808F006025208314937A8FFF700F8C1
:101F800037A8304908F00102FEF7FAFF042D41F2AC
:101F900032872379E4781B021C19A4B2E20A37A81D
:101FA0002949FEF7EDFF04F4E062120A37A8274939
:101FB000FEF7E6FF04F0F802D20837A82449FEF73E
:101FC000DFFF04F00602520837A82249FEF7D8FFC7
:101FD00037A8214904F00102FEF7D2FF01F00BBF40
:101FE000F487020042880200C68E0200398802008F
:101FF000BF94020038870200558C0200438E020015
:1020000093920200E6930200478D0200D4930200EF
:10201000B7930200E78E0200AC8E0200048E02002D
:10202000CC8D02000E900200438F0200F294020059
:102030009B8C0200F5880200CC9402006D870200A0
:10204000E4880200D994020076920200888B020094
:10205000E3890200F18E0200A89302000022637857
:10206000674937A8FEF78CFF4FF000086549A27852
:1020700037A8FEF785FFCDF800802279E3781202B9
:10208000D318019302226049434637A8FEF778FF30
:10209000CDF80080A27963791202D318019302224D
:1020A0000123594937A8FEF76BFFCDF80080227A4B
:1020B000E3791202D3180222019337A8524913463A
:1020C000FEF75EFF1E2D41F29686627A37A84F49D1
:1020D000FEF756FFA27A37A84D49FEF751FFE27A84
:1020E00037A84C49FEF74CFF227B37A84A49FEF738
:1020F00047FFCDF80080A27B637B1202D3180193C7
:102100000522434637A84049FEF73AFFCDF8008044
:10211000227CE37B1202D31801930522012337A806
:102120003949FEF72DFFCDF80080A27C637C1202B6
:10213000D31801930522022337A83349FEF720FF65
:10214000CDF80080CDF80480227DE37C1202D31804
:10215000029305226C234FF0010937A82F49FEF79F
:102160000FFFCDF80090CDF80480A27D637D1202B0
:10217000D318029305226C234FF0020A37A827498F
:10218000FEF7FEFECDF800A0CDF80480227EE37DB0
:102190001202D318029305226C2337A81F49FEF7B9
:1021A000EFFECDF80080CDF80480A27E637E12029F
:1021B000D31802930522682337A81849FEF7E0FEDA
:1021C000CDF80090CDF80480227FE37E1202D31870
:1021D0000293052237A868231049FEF7D1FECDF8F7
:1021E00000A0CDF80480A37F627F1B029B1802939E
:1021F00037A80A4905226823FEF7C2FE01F0FBBD9D
:102200004A8902002C880200A6860200E49102009E
:10221000C2920200409002007B94020026920200CB
:10222000012263789C4937A8FEF7AAFE4FF0010807
:102230009A49A27837A8FEF7A3FECDF8008022794C
:10224000E3781202D318019302220023944937A89D
:10225000FEF796FECDF80080A27963791202D318BA
:10226000019302228E49434637A8FEF789FECDF836
:102270000080227AE3791202D3180222019337A850
:1022800087491346FEF77CFE1E2D41F2B485627A23
:1022900037A88449FEF774FEA27A37A88249FEF770
:1022A0006FFEE27A37A88149FEF76AFE227B37A8E3
:1022B0007F49FEF765FECDF80080A27B637B1202AA
:1022C000D31801930522002337A87549FEF758FE5D
:1022D000CDF80080227CE37B1202D3180193052203
:1022E000434637A86E49FEF74BFECDF80080A27C2E
:1022F000637C1202D3180193052202234FF00009D8
:1023000037A86749FEF73CFECDF80090CDF8048071
:10231000227DE37C1202D318029305226C2337A896
:102320006449FEF72DFECDF80080CDF80480A27D33
:10233000637D1202D318029305226C234FF0020A28
:1023400037A85C49FEF71CFECDF800A0CDF804804C
:10235000227EE37D1202D318029305226C2337A854
:102360005449FEF70DFECDF80090CDF80480A27E12
:10237000637E1202D31802930522682337A84D49C1
:10238000FEF7FEFDCDF80080CDF80480227FE37ECD
:102390001202D3180293052237A868234549FEF795
:1023A000EFFDCDF800A0CDF80480A37F627F1B0273
:1023B0009B18029337A83F4905226823FEF7E0FDEA
:1023C00001F019BDA27863781202D2183A4937A8F1
:1023D000FEF7D6FDA279637912061B04D218237981
:1023E00037A81B02D218E3783449D218FEF7C8FD8B
:1023F000122D41F20085A27A637A12061B04D218CC
:10240000237A37A81B02D218E3792D49D218FEF798
:10241000B7FDA27B637B12061B04D218237B37A86F
:102420001B02D218E37A2749D218FEF7A9FDA27C35
:10243000637C12061B04D318227C37A812029B1857
:10244000E27B21499A18FEF79BFD01F0D4BCA278EB
:1024500063781202D31800930222434637A81B491F
:1024600008F10108FEF78CFD0234C845EFDD01F0EC
:10247000C2BCA27863781202D318009305224346A7
:1024800037A8124908F10108FEF77AFD0234C84561
:10249000EFDD01F0B0BC00BF4A890200DA8E020015
:1024A000A6860200F2910200CF9202004B94020035
:1024B0008A94020026920200869202009886020008
:1024C000169102008C930200028F0200138A020010
:1024D000CDF80080A27863781202D3180193052208
:1024E0006C2337A8BB4908F10108FEF749FD023407
:1024F000D045EDDD4FEA55095FFA89F909F1010B85
:1025000009F10209B944BB4406EB09044FF0000885
:10251000CDF800802278C9EB040313F80B301202C7
:10252000D31801930522682337A8AA4908F10108A6
:10253000FEF726FD0234D045EADD01F05CBCA3784D
:1025400062781B0237A8A4499A18FEF719FD01F01A
:1025500052BCA37862781B0237A8A0499A18FEF7EC
:102560000FFD01F048BCA37862781B0237A89C4994
:102570009A18FEF705FD01F03EBCA37862781B02B5
:1025800037A898499A18FEF7FBFC01F034BC227971
:10259000E37812061B04D218A37837A81B02D218BE
:1025A00063789149D218FEF7EBFC227AE3791206A0
:1025B0001B04D218A37937A81B02D21863798B4960
:1025C000D218FEF7DDFC227BE37A12061B04D31837
:1025D000A27A37A812029B18627A85499A18FEF7E8
:1025E000CFFC01F008BCA2786378120237A88149B9
:1025F000D218FEF7C5FC042D41F2FD832379E27861
:102600001B0237A87C499A18FEF7BAFC01F0F3BB0D
:102610002279E37812061B04D218A37837A81B028C
:10262000D21863787549D218FEF7AAFC062D41F23C
:10263000E283227AE37912061B04D318A27937A821
:1026400012029B1862796E499A18FEF799FC01F004
:10265000D2BBDFF8BC914FF00108A84581F2CB83D3
:102660002279E37812061B04D218A37849461B028C
:10267000D218637837A8D21808F10408FEF780FC56
:102680000434B8F1190F09F11809E6D101F0B3BB10
:10269000DFF880914FF00108A84581F2AC832279E0
:1026A000E37812061B04D218A37849461B02D218FD
:1026B000637837A8D21808F10408FEF761FC0434E7
:1026C000B8F10D0F09F11309E6D101F094BBDFF861
:1026D00048914FF00108A84581F28D832279E37873
:1026E00012061B04D218A37849461B02D21863783D
:1026F00037A8D21808F10408FEF742FC0434B8F1F8
:102700000D0F09F11409E6D101F075BBDFF80C914A
:102710004FF00108A84581F26E832279E378120612
:102720001B04D218A37849461B02D218637837A835
:10273000D21808F10408FEF723FC0434B8F10D0F99
:1027400009F11409E6D101F056BBDFF8D4904FF03F
:102750000108A84581F24F832279E37812061B0411
:10276000D218A37849461B02D218637837A8D2182A
:1027700008F10408FEF704FC0434B8F10D0F09F168
:102780001409E6D101F037BBA37862781B0237A8A1
:102790001C499A18FEF7F4FB01F02DBBA378627870
:1027A0001B0237A818499A18FEF7EAFB01F023BB71
:1027B0002279E37812061B04D318A27864781202F7
:1027C0009B1837A8114901221B19FEF7D9FB01F00C
:1027D00012BB00BF00920200F48F0200B79002000B
:1027E0008089020059890200169102008C93020030
:1027F000028F02009C920200AF920200A991020097
:10280000C0910200B98E0200379402003B91020091
:10281000998A0200628C02009788020048950200A3
:10282000F09302002279E37812061B04D318A278F1
:10283000647812029B1837A8974902221B19FEF7E9
:102840009FFB01F0D8BA37A894496278FEF798FB4D
:1028500001F0D1BA9249627807F1020837A8FEF771
:102860008FFB16F808208F49120937A8FEF788FB5E
:1028700016F8082037A88C4902F00F02FEF780FBFB
:10288000032D41F2B882E27837A88849FEF778FB39
:1028900007F10508227937A88549FEF771FB16F87C
:1028A000082037A892088349FEF76AFB16F808202B
:1028B00037A8814902F00302FEF762FB37A87F497F
:1028C000A279FEF75DFB01F096BA94F80280637876
:1028D0004FEA082898441FFA88F84FEAD82237A808
:1028E0007749FEF74DFB08F4806302229B0A37A864
:1028F0007449FEF745FB08F4007302225B0A37A80F
:102900007149FEF73DFB08F4F87302221B0937A852
:102910006E49FEF735FB08F00E0302225B0837A86C
:102920006B49FEF72DFB022208F0010337A8694925
:10293000FEF726FB2379E4781B021C19A4B2E20AF5
:1029400037A86549FEF71CFB04F4806305229B0A47
:1029500037A85C49FEF714FB04F4007305225B0AF8
:1029600037A85949FEF70CFB04F4F87305221B093C
:1029700037A85649FEF704FB04F00E0305225B0856
:1029800037A85349FEF7FCFA37A85249052204F04C
:102990000103FEF7F5FA01F02EBAA278637812026D
:1029A000D21837A84D49FEF7EBFA94F804E0E37823
:1029B0004FEA0E2E0022734437A84949FEF7E0FA89
:1029C000217AE27909028A1894F806E06379009284
:1029D000A17A627A09024FEA0E2E8A187344019294
:1029E00037A800223F49FEF7CBFA227BE37A009218
:1029F000627B37A80192A27B3B4902920022FEF73C
:102A0000BFFAA17C627C09028A1894F810E0E37B8B
:102A10000092217DE27C09028A180192A17D627DEB
:102A200009028A180292217EE27D09028A18039225
:102A3000A17E627E09028A180492217FE27E090249
:102A40008A180592A17F627F09028A18069294F87B
:102A50002010E27F09028A18079294F8221094F855
:102A6000212009028A18089294F8241094F823204F
:102A700009028A18099294F8262094F82510120267
:102A800052184FEA0E2E0A9237A8184900227344B2
:102A9000FEF776FA01F0AFB93B910200508D0200CB
:102AA000808A0200328B0200FF890200D787020071
:102AB000958B020009910200879102001292020098
:102AC0006E8D02009B910200118F0200D7910200CF
:102AD00099940200C1930200D8860200458C02003E
:102AE0004A89020021870200A88B0200EE8B0200B7
:102AF00094F802E063784FEA0E2E0122734437A85F
:102B0000AA49FEF73DFAA179627909028A1894F878
:102B100004E0E3780092217AE27909024FEA0E2E6E
:102B20008A187344019237A80122A149FEF728FAB6
:102B3000A27A637A0092E27A37A80192227B9D49B9
:102B400002920122FEF71CFA217CE27B09028A181C
:102B500094F80EE0637B0092A17C627C09028A18E3
:102B60000192217DE27C09028A180292A17D627D98
:102B700009028A180392217EE27D09028A180492D2
:102B8000A17E627E09028A180592217FE27E0902F7
:102B90008A180692A17F627F09028A18079294F828
:102BA0002010E27F09028A18089294F8221094F803
:102BB000212009028A18099294F8242094F82310FD
:102BC000120252184FEA0E2E0A9237A87A490122B1
:102BD0007344FEF7D5F901F00EB994F802E063787A
:102BE0004FEA0E2E0222734437A87049FEF7C8F947
:102BF000A179627909028A1894F804E0E3780092D6
:102C0000217AE27909024FEA0E2E8A187344019262
:102C100037A802226649FEF7B3F9A27A637A0092D6
:102C2000E27A37A80192227B624902920222FEF7E1
:102C3000A7F9217CE27B09028A1894F80EE0637BF5
:102C40000092A17C627C09028A180192217DE27CBB
:102C500009028A180292A17D627D09028A180392F4
:102C6000217EE27D09028A180492A17E627E090219
:102C70008A180592217FE27E09028A180692A17FB6
:102C8000627F09028A18079294F82010E27F0902F5
:102C90008A18089294F8221094F8212009028A18C0
:102CA000099294F8242094F82310120252184FEA43
:102CB0000E2E0A9237A8404902227344FEF760F9AB
:102CC00001F099B8627837A83C49FEF759F901221A
:102CD000A37837A83A49FEF753F90222E37837A8D8
:102CE0003749FEF74DF96379227903F001031B029E
:102CF00037A834499A18FEF743F901F07CB8A27856
:102D000063781202D31800932822002337A82E4993
:102D1000FEF736F92279E3781202D31800932822BD
:102D2000012337A82849FEF72BF9A279637912020B
:102D3000D31800932822022337A82349FEF720F94D
:102D4000227AE3791202D31800935022002337A885
:102D50001D49FEF715F9A27A637A1202D31800937F
:102D60005022012337A81849FEF70AF9237BE27A9B
:102D70001B029B18009337A8134950220223FEF729
:102D8000FFF801F038B8A27863781202D21837A899
:102D90000E49FEF7F5F82379E2781B0237A80C49B3
:102DA0009A18FEF7EDF801F026B800BF4A89020034
:102DB00021870200A88B0200EE8B0200E58702004B
:102DC000F48602002D930200F590020011880200A3
:102DD0005292020094F804E0E3784FEA0E6E1B046E
:102DE0009E44A3786C221B029E44637837A87344E8
:102DF0009749FEF7C5F894F808E0E3794FEA0E6EBC
:102E00001B049E44A3796C221B029E44637937A85D
:102E100073449049FEF7B4F894F80CE0E37A4FEA73
:102E20000E6E1B049E44A37A6D221B029E44637A9D
:102E300037A873448649FEF7A3F894F810E0E37BC3
:102E40004FEA0E6E1B049E44A37B6D221B029E4420
:102E5000637B37A873447F49FEF792F894F814E037
:102E6000E37C4FEA0E6E1B049E44A37C68221B0287
:102E70009E44637C37A873447549FEF781F894F843
:102E800018E0E37D4FEA0E6E1B049E44A37D68228A
:102E90001B029E44637D37A873446E49FEF770F8A9
:102EA00094F81AE0637E4FEA0E2E6C22734437A822
:102EB0006949FEF765F894F81CE0E37E4FEA0E2EB0
:102EC0006D22734437A86449FEF75AF8A37F647FE4
:102ED0001B0237A8604968221B19FEF751F800F061
:102EE0008ABF94F802E063784FEA0E2E734468229A
:102EF00037A85A49FEF744F82279E3781202D3182A
:102F0000009368226C2337A85549FEF739F8A27957
:102F100063791202D318009368226C2337A85149B1
:102F2000FEF72EF8227AE3791202D3180093682272
:102F30006D2337A84A49FEF723F8A27A637A120272
:102F4000D318009368226D2337A84649FEF718F876
:102F5000227BE37A1202D3186822009337A8134623
:102F60003F49FEF70DF8A27B637B1202D31868225B
:102F7000009337A813463B49FEF702F894F810E097
:102F8000E37B4FEA0E2E73446C2237A83349FDF7DA
:102F9000F7FFA27C637C1202D3186C22009337A83F
:102FA00013462F49FDF7ECFF227DE37C1202D31874
:102FB0006C22009337A813462A49FDF7E1FFA27D52
:102FC000637D1202D31800936C2207F118086D2359
:102FD00037A82349FDF7D4FF16F80820E37D120235
:102FE000D31800936C226D2307F11A0937A81D49E5
:102FF000FDF7C6FF16F80920637E1202D31800936E
:103000006C22682337A81649FDF7BAFF227FE37EBA
:103010001202D31800936C22682337A81149FDF7D8
:10302000AFFFA37F16F808E01B026822734437A89D
:103030000D49FDF7A5FF94F8203016F809401B0252
:1030400037A809496C221B19FDF79AFF00F0D3BE7F
:10305000328C02008F950200DC920200248F020065
:10306000D78F0200428B0200688B02006378002237
:1030700037A8AA4903F01F03FDF782FFA3780122B6
:1030800037A8A64903F01F03FDF77AFFE378022271
:1030900037A8A24903F01F03FDF772FF6279237975
:1030A00002F01F020092A27937A802F01F020192DB
:1030B000E2799B4902F01F02029203F01F030022F3
:1030C000FDF75EFF627A237A02F01F020092A27A75
:1030D00037A802F01F020192E27A914902F01F0222
:1030E000029203F01F030122FDF74AFF627B237B5C
:1030F00002F01F020092A27B37A802F01F02019289
:10310000E27B874902F01F02029203F01F030222B2
:10311000FDF736FF00F06FBE6378002237A88149C3
:1031200003F03F03FDF72CFFA378012237A87D4968
:1031300003F01F03FDF724FFE378022237A8794943
:1031400003F01F03FDF71CFF6279237902F03F02B1
:103150000092A27937A802F03F020192E279724907
:1031600002F03F02029203F03F030022FDF708FF46
:10317000627A237A02F01F020092A27A37A802F044
:103180001F020192E27A684902F01F02029203F0E4
:103190001F030122FDF7F4FE627B237B02F01F0276
:1031A0000092A27B37A802F01F020192E27B5E49E7
:1031B00002F01F02029203F01F030222FDF7E0FE5D
:1031C00000F019BE0022637837A85849FDF7D8FEF1
:1031D0000122A37837A85549FDF7D2FE0222E378F1
:1031E00037A85249FDF7CCFE0022237937A8504971
:1031F000FDF7C6FE0122637937A84D49FDF7C0FEF1
:1032000037A84B490222A379FDF7BAFE00F0F3BDBF
:1032100094F8028063784FEA082898441FFA88F8E7
:103220004FEAD83300930522002337A84149FDF720
:10323000A7FE08F4F043DB1200930522002337A811
:103240003D49FDF79DFE08F4E0631B120093052243
:10325000002337A83949FDF793FE08F08003DB11FE
:1032600000930222002337A83249FDF789FE08F0B7
:103270007803DB1000930222002337A82E49FDF7C4
:103280007FFE08F0070300930222002337A82B4992
:10329000FDF776FE2379E4781B021C19A4B24FF0E7
:1032A00000084FEAD4390522682337A8244904F4DA
:1032B000F04A4FEAEA2A8DE8000304F4E064FDF7DF
:1032C0005FFE0522682337A81E4924128DE80005F9
:1032D000FDF756FE682337A81B490522CDF800806C
:1032E0000194FDF74DFE052237A86D2314498DE8A2
:1032F0000003FDF745FE05226D2337A811498DE82F
:103300000005FDF73DFE37A80F4905226D23CDF8D6
:1033100000800194FDF734FE00F06DBDB18C020019
:103320006689020032890200C39002004C8E0200BE
:103330007D8B020005930200659402004F9002000D
:1033400005870200528A0200118E020094F8028062
:1033500063784FEA082898441FFA88F84FEAD83370
:1033600000930522012337A8B549FDF709FE08F4AB
:10337000F043DB1200930522012337A8B149FDF782
:10338000FFFD08F4E0631B1200930522012337A818
:10339000AD49FDF7F5FD08F08003DB110093022233
:1033A000012337A8A649FDF7EBFD08F07803DB10F1
:1033B00000930222012337A8A249FDF7E1FD08F09E
:1033C000070300930222012337A89F49FDF7D8FD88
:1033D0002379E4781B021C19A4B24FF001084FEACC
:1033E000D4390522682337A8984904F4F04A4FEAF3
:1033F000EA2A8DE8000304F4E064FDF7C1FD05222C
:10340000682337A8924924128DE80005FDF7B8FD1E
:10341000682337A88F490522CDF800800194FDF775
:10342000AFFD052237A86D2388498DE80003FDF71D
:10343000A7FD05226D2337A885498DE80005FDF716
:103440009FFD37A8834905226D23CDF800800194A4
:10345000FDF796FD00F0CFBC94F8028063784FEA48
:10346000082898441FFA88F84FEAD83300930522B9
:10347000022337A87249FDF783FD08F4F043DB12FD
:1034800000930522022337A86E49FDF779FD08F461
:10349000E0631B1200930522022337A86A49FDF757
:1034A0006FFD08F080030222DB11009337A813465A
:1034B0006349FDF765FD08F078030222DB100093F5
:1034C00037A813465F49FDF75BFD022208F00703AA
:1034D000009337A813465C49FDF752FD2379E47841
:1034E0001B021C19A4B24FF002084FEAD43905227E
:1034F000682337A8554904F4F04A4FEAEA2A8DE8D0
:10350000000304F4E064FDF73BFD0522682337A8BF
:103510004F4924128DE80005FDF732FD052268238E
:1035200037A84C49CDF800800194FDF729FD6D23A3
:1035300037A8464905228DE80003FDF721FD052245
:1035400037A86D2342498DE80005FDF719FD37A81E
:10355000404905226D23CDF800800194FDF710FD50
:1035600000F049BC94F802E063784FEA0E2E28225E
:10357000734437A83849FDF703FD94F804E0E37875
:103580004FEA0E2E2822734437A83449FDF7F8FC81
:1035900094F806E063794FEA0E2E5022734437A860
:1035A0002D49FDF7EDFC237AE4791B0237A82B495E
:1035B00050221B19FDF7E4FC00F01DBCA2786378D3
:1035C0000092E2782521019222791DA80292627967
:1035D0000392A2790492E2790592227A0692627AA3
:1035E0000792A27A0892E27A0992227B0A92627B7F
:1035F0000B92A27B0C92E27B0D92227C0E92184AD7
:10360000EBF38AF637A817491DAAFDF7B9FCF2E3D8
:103610007C1C325D37A8144902F07F02FDF7B0FC34
:10362000325D37A81149D209FDF7AAFCE3E3A3787C
:10363000627837A80E4942EA0322FDF7A1FCDAE3DB
:1036400005930200659402004F9002000587020076
:10365000528A0200118E02004C910200148902006D
:103660003A3E010068910200B294020066920200A4
:1036700070910200A378627837A8944942EA032245
:10368000FDF77EFCB7E3E37822791B0443EA02638B
:10369000627837A81343A2788D4943EA0222FDF7E6
:1036A0006FFCA8E3E37822791B0443EA02636278A3
:1036B00037A81343A278874943EA0222FDF760FC4A
:1036C00099E3E37822791B0443EA0263627837A81E
:1036D0001343A278804943EA0222FDF751FC8AE3B2
:1036E000A378627837A87D4942EA0322FDF748FCB7
:1036F00081E3A378627837A8794942EA0322FDF78B
:103700003FFC78E3A378627837A8764942EA03223F
:10371000FDF736FC6FE3A378627837A8724942EA76
:103720000322FDF72DFC66E394F801905FEA990906
:1037300000F061834FF00008A179E279090294F862
:1037400003E041EA0241627923790A434FEA0E2EEF
:103750004EEA034EA3780092617AA27A090241EA06
:103760000241227A37A80A430192217B627B090237
:1037700041EA0241E27A4EEA03030A4302925B49BC
:10378000424608F10108FDF7FBFB0C34C845D3DBCA
:1037900031E337A856496278FDF7F2FB2BE337A8EF
:1037A00054496278FDF7ECFB25E3227AE17923792D
:1037B0001143A27994F803E0114362794EEA030EB3
:1037C000A3780A434EEA030E63780092227BE17AE3
:1037D0004EEA03031143A27A37A81143627A0A43DF
:1037E0000192227CE17B1143A27B1143627B0A435D
:1037F000029241490022FDF7C3FB227EE17D237D39
:103800001143A27D94F813E01143627D4EEA030E4A
:10381000A37C0A434EEA030E637C0092227FE17E82
:1038200037A81143A27E4EEA03031143627E0A4386
:10383000019294F82020E17F1143A27F0A43617F27
:103840000A4302922C490122FDF79AFBD3E2A378A6
:1038500064781B021C19A4B204F00F030093282201
:10386000002337A82549FDF78BFB04F0F0031B115B
:1038700000932822012337A82049FDF781FB04F497
:1038800070631B1200932822022337A81B49FDF7FF
:1038900077FB37A81A492822E30BFDF771FBAAE250
:1038A0002179E27809028A1894F802E0637800929C
:1038B000A2796179120252184FEA0E2E019237A8AE
:1038C000104900227344FDF75BFB94E2D3880200A9
:1038D0003F930200579302006F930200588E02003C
:1038E0006D8E0200828E0200978E020068900200A8
:1038F00024910200D4890200798D0200998D020082
:10390000ED920200538702002179E27809028A18B9
:1039100094F802E063780092A179627909028A182A
:103920000192217AE27909028A180292A17A627AD6
:1039300009028A180392217BE27A09028A1804920A
:10394000A17B627B09028A180592217CE27B090235
:103950008A180692A17C627C09028A180792217D4E
:10396000E27C09028A180892A17D627D09028A1808
:103970000992227EE17D120252184FEA0E2E0A921F
:1039800037A87B4900227344FDF7FAFA33E2217924
:10399000E27809028A1894F802E063780092A1792B
:1039A000627909028A180192217AE27909028A1859
:1039B0000292A17A627A09028A180392217BE27A42
:1039C00009028A180492A17B627B09028A18059277
:1039D000217CE27B09028A180692A17C627C0902A2
:1039E0008A180792217DE27C09028A180892A17D3B
:1039F000627D09028A180992227EE17D1202521824
:103A00004FEA0E2E0A9237A85A4900227344FDF756
:103A1000B7FAF0E12179E27809028A1894F802E015
:103A200063780092A179627909028A180192217A59
:103A3000E27909028A180292A17A627A09028A1846
:103A40000392217BE27A09028A180492A17B627BAD
:103A500009028A180592217CE27B09028A180692E3
:103A6000A17C627C09028A180792217DE27C09020E
:103A70008A180892A17D627D09028A180992217E26
:103A8000E27D09024FEA0E2E8A180A927344002240
:103A900037A83949FDF774FA217FE27E09028A18B6
:103AA00094F81AE0637E0092A17F627F09028A186F
:103AB000019294F82010E27F09028A18029294F889
:103AC000221094F8212009028A18039294F82410F5
:103AD00094F8232009028A18049294F8261094F886
:103AE000252009028A18059294F8281094F82720B6
:103AF00009028A18069294F82A1094F829200902DB
:103B00008A18079294F82C1094F82B2009028A182E
:103B1000089294F82E1094F82D2009028A18099220
:103B200094F8302094F82F10120252184FEA0E2EFB
:103B30000A9237A8104901227344FDF721FA5AE18D
:103B4000A37862781B0237A80C499A18FDF718FA77
:103B500051E137A80A496278FDF712FA4BE1A378E0
:103B6000627837A8074942EA0322FDF709FA42E1E1
:103B70004F8802008C890200FE940200458C0200EE
:103B8000018802007E870200E2782379120442EA6B
:103B900003626378217A1A43E379207B1B0443EAAA
:103BA0000163617994F802C00B43E17A94F806E06E
:103BB000090441EA0061607A42EA0C220143A07ADA
:103BC00043EA0E2341EA00210091E17B207C0904B5
:103BD00041EA0061607B0143A07B41EA0021019141
:103BE000E17C207D090441EA0061607C0143A07C06
:103BF00041EA00210291E17D207E090441EA006151
:103C0000607D0143A07D41EA00210391E17E207F98
:103C1000090441EA0061607E0143A07E41EA00217F
:103C20000491E17F94F82000090441EA0061607F7B
:103C30000143A07F41EA0021059194F8231094F8F4
:103C40002400090441EA006194F82100014394F83A
:103C5000220041EA0021069194F8270094F82810E8
:103C6000000440EA016094F82510014394F826000E
:103C700041EA0021079137A88249FDF781F9BAE0AE
:103C8000E2782379120442EA03626378217A1A43C4
:103C9000E379207B1B0443EA0163617994F802C055
:103CA0000B43E17A94F806E0090441EA0061607A86
:103CB00042EA0C220143A07A43EA0E2341EA0021A2
:103CC0000091E17B207C090441EA0061607B0143B3
:103CD000A07B41EA00210191E17C207D090441EAB9
:103CE0000061607C0143A07C41EA00210291E17DFA
:103CF000207E090441EA0061607D0143A07D41EA24
:103D000000210391E17E207F090441EA0061607E89
:103D10000143A07E41EA00210491E17F94F8200054
:103D2000090441EA0061607F0143A07F41EA00216C
:103D3000059194F8231094F82400090441EA0061E5
:103D400094F82100014394F8220041EA00210691F1
:103D500094F8270094F82810000440EA016094F8D1
:103D60002510014394F8260041EA0021079137A865
:103D70004549FDF705F93EE00B2D3CD1A37862786B
:103D80001B02D21837A84149FDF7FAF82379E278E7
:103D90001B02D21837A83E49FDF7F2F8A3796279E1
:103DA0001B02D21837A83B49FDF7EAF8237AE279DB
:103DB0001B02D21837A83849FDF7E2F8A27A637AD5
:103DC000120237A835499A18FDF7DAF813E0E378BC
:103DD00022791B0443EA0263627837A81343A2786E
:103DE0002F4943EA0222FDF7CBF804E000221492A7
:103DF00001E00123139310997B19FF297DF463A936
:103E0000159A01321592159B1B998B427DF453A98B
:103E1000119A511C03D037A82249FDF7B1F89DF83B
:103E20009C3023B137A8204927AAFDF7A9F8169B93
:103E30000A2B0CD800201D49ECF3A4F038B91399D3
:103E400029B937A81A49139AFF23FDF799F8389A28
:103E5000002302F8013B449B1A9800931299189B87
:103E60003892FDF76DF804461298F0F317F201E06E
:103E70006FF0010420463BB0BDE8F08F01211391A3
:103E8000B9E700BFC28C0200FF8C02004F8F020016
:103E9000638F0200778F02008B8F02009F8F0200DA
:103EA0002C8E02001D900200F48902004689020057
:103EB0009C8702002DE9F04F8DB0059205468A4699
:103EC00006A80021142298460B91EBF3BFF1594B41
:103ED0001C78002C40F0A3806B69232B0CDD1C2286
:103EE0002846214623460094F5F388F2002806DA96
:103EF00001260227B14605E00427012601E00C2730
:103F00000326A1462846F5F30BF20128834602D08A
:103F1000022813D105E028465146EBF3CBF04000D0
:103F20000BE02846FCF7A1FF044638B1FCF793FFED
:103F3000C20503D52046FCF793FF0B900B98002891
:103F40004ED0F0F399F1044600286ED0BBF1010F7A
:103F500003D0BBF1020F1BD10BE00B9B002101939F
:103F60000290059A2846534600910391EBF3A0F086
:103F70000CE00B9A0CAB520843F8042D28460121A3
:103F80002246FCF7A6FF0B9B5B000B93002840D159
:103F900022884FF6FD73013A92B29A4203D9204625
:103FA000F0F37CF11CE0B9F1000F03D004EB4707FC
:103FB000069719E0E31962880693A388A7F580574E
:103FC00007EB12221B0602EB1343E3180793E38867
:103FD000DB19E31808932389DF19E719099703E030
:103FE000154B002406930126169A5046009206A906
:103FF00032464346FDF716F850B9169B28461A6814
:10400000D8F8001001F038FDD8F800200B4B1A60EA
:1040100014B12046F0F342F1064A01231370169BB7
:104020000020C8F80000186001E06FF01A000DB021
:10403000BDE8F08F29610100608B020088930200C7
:1040400030B51946039B049C43B14CB100251D605B
:1040500025600394BDE83040FFF72CBF184630BD03
:10406000204630BD014B00221A70704729610100C3
:10407000F8B50C4F06463C688CB101250BE028468C
:1040800000212C46E6F7C6FF20B128463146E6F768
:10409000BBFF04E001353B689D42F0D90024204677
:1040A000F8BD00BF2C61010010B5847801462046A0
:1040B000E6F7B0FF28B120460021E6F7A5FF002073
:1040C00010BD4FF0FF3010BD70B50C4E0D4630687E
:1040D00080B90B49E6F798FF012404E0204600214F
:1040E000E6F792FF013433689C42F7D9034B284628
:1040F0001D6070BD4FF0FF3070BD00BF2C6101002E
:10410000ADDEADDE064B1A68194632B1012300E080
:1041100001339342FCD900230B600020704700BF9D
:104120002C6101002DE9F0470C46166882461546C1
:1041300008468422002198469DF82470EBF386F00F
:104140002046FFF795FFC0B2002832D0012323702C
:104150009DF82030A070003318BF0123E3703C238A
:104160003C2EB4BFB1464FF03C09A4F80E806770F6
:10417000A381002615E0504641463A46F0F390F000
:1041800030B96368002B0CBF6FF01A0000200BE001
:10419000A3780136C370636843612389606001338B
:1041A00023814E45E7DB0020238963812B60BDE836
:1041B000F0874FF0FF30BDE8F087F8B506460C46B3
:1041C00000250BE07B693046636000237B61FB7058
:1041D0003946E278F0F386F00135ADB26768002F1A
:1041E000F0D1238920465B1B238163895D1B658198
:1041F000FFF75AFFA77027703846F8BD10B5C37C8B
:10420000032B08D09C1D00EBC40401336160A26045
:10421000C374002010BD4FF0FF3010BD2DE9F843EE
:1042200011F01F0618BF012606EB511707F1070909
:104230004FEA890948460D4601F01F08F0F31CF0CB
:10424000044600283BD000214A46BFB2EAF3FEF7FD
:104250006780A580E580A46021462246002303E014
:104260004FF0FF30906101330432BB42F8D356B1B6
:104270004FF0FF3202FA08F87B1D04EB83035A6803
:1042800082EA08025A6017F01F0318BF012307F0E3
:104290001F0003EB57172780002203E04FF0FF3584
:1042A0008D6001320431BA42F8D343B14FF0FF338D
:1042B0008340013704EB87077A6853407B602046D0
:1042C000BDE8F8830846EFF3E9B7436B23B14FF439
:1042D0007F629A60436B05E0836B4BB14FF47F6262
:1042E0009A60836B9868D0F1010038BF0020704756
:1042F000012070470346002001E00130C0B25B0896
:10430000FBD170470B6843F440330B6008680B68BF
:1043100000F4403023F440330B60A0F540314842B4
:1043200040EB0100704708B5416B09B9816B21B1C1
:10433000806AFFF7E7FF012008BD084608BD2DE9A8
:10434000F047DDF820801F88099D104689461446F5
:104350001E46394642462B46EFF38EF48246E8B1BC
:10436000012313FA07F72B68013BDB19B3FBF7F3C3
:104370005F43631EDB195F4017EA090F0ED020462A
:10438000FFF7B8FF30805046EFF380F431882046C5
:1043900042462B46BDE8F047EFF36EB45046BDE809
:1043A000F08770B5002301290CBFB0F84620B0F8A3
:1043B0006C2086B00493B0F8443012010129044601
:1043C000ADF816300D46806A41F6FF7329D104AE70
:1043D000D4F8C410009604F15C060196994214BF0B
:1043E0004FF480314FF4005104F150060DF11603E3
:1043F0000296FFF7A4FF002840D0BDF81630E26D0A
:1044000015FA03F3511EC918B1FBF3F14B43A36531
:104410009B1A9BB2C018A4F86030049BE0636366EB
:104420002BE004ADD4F8CC10009504F1840501957F
:10443000994214BF4FF480314FF4005104F17805D4
:104440000DF116030295FFF77AFFB8B1BDF81630EB
:10445000012515FA03F3D4F88420511EC918B1FBC5
:10446000F3F14B43C4F880309B1A9BB2C018A4F8F8
:104470008830049B2064C4F88C30284606B070BD98
:10448000FFF78FBF2DE9F74F8DE803000EAEE02058
:1044900014469A460D9F96E8400ADDF84C80EFF3EB
:1044A000EBF60546002800F079810021E022EAF3CE
:1044B000CDF69A4B0021B8F1000F08BF98460A4686
:1044C000C5F81C802046F4F38BF70C9BC0F300303A
:1044D000AB63934B03212B60002285F83000C5F8B5
:1044E00034A02846EDF3F8F5082205F120000199E3
:1044F000EAF384F7002385F82730009BEC62AB6277
:10450000BBF1FF3F14BF5B46CC23B9F1CC0F88BF92
:10451000C3EB0909C5F89830BDF84430A5F84670DA
:10452000C5F89C309DF84830A5F86C60C5F8A030FF
:104530000C9BA5F89490002B45D0AA6B1368D80764
:1045400004D523F001031360AA6B1360AB6B4FF02B
:10455000FF329A602046F4F345F740F63C03984258
:1045600012D1E86AF4F34EF7052809D0E86AF4F3AB
:1045700049F7082804D0E86AF4F344F70C2803D17B
:10458000AB6B4FF0FF329A60AB6B9A681205120D5D
:104590001AB15A6842F00F0201E041F6FF72C5F805
:1045A000CC201A6802F4E012920C85F8B5201A6843
:1045B00002F46002520D85F8BA201B6803F04073C4
:1045C0001B0E85F8BB30BAF1000F4DD06A6B136833
:1045D000D90704D523F0010313606A6B13606B6B7A
:1045E0004FF0FF329A60E86AF4F3FCF640F63C03C1
:1045F000984212D1E86AF4F305F7052809D0E86A71
:10460000F4F300F7082804D0E86AF4F3FBF60C286A
:1046100003D16B6B4FF0FF329A606B6B9A68120597
:10462000120D1AB15A6842F00F0201E041F6FF7212
:10463000C5F8C420C5F8C8201A6802F4E012920C2C
:1046400085F8B6201A6802F4E072920985F8B7205E
:104650001A6802F46002520D85F8B8201B6803F056
:1046600040731B0E85F8B93062680023012AC5F833
:10467000A430C5F8AC3018D1A268B2F5026F03D0EF
:1046800040F63C018A4202D14FF0004303E04FF074
:104690008042C5F8A420C5F8A830D5F8A430C5F8E4
:1046A000AC30D5F8A830C5F8B0302046F4F39AF60F
:1046B00040F62903984208D12046F4F3A3F620B12E
:1046C0002046F4F39FF602280FD92046F4F38AF629
:1046D00040F6340398420CD12046F4F393F620B10F
:1046E0002046F4F38FF6012803D1002385F83130FA
:1046F00004E02846FFF717FE85F831002846FFF74B
:10470000E4FD85F8B40068B10D23FF2FA5F844300F
:104710000CD8FF2E09D80C2305E000BF90610100E2
:104720008C5001000423A5F844304FB1BC00204652
:10473000EFF3A2F5E86468B300212246EAF386F5B8
:104740004EB1B4002046EFF397F5686710B300212F
:104750002246EAF37BF527B128460121FFF790FEB8
:10476000C0B126B128460221FFF78AFE90B1D5F8E4
:10477000A4305BB195F8313043B9AB6DB3F1804FE4
:1047800008D8D5F88030B3F1804F03D8012385F8DD
:10479000DD3003E02846EDF3F9F400252846BDE8B6
:1047A000FE8F00BF10B50446F5F38CF200212046C1
:1047B0000A46F4F315F6C30407D5204601F0DBFAE8
:1047C00000280CBF2020402010BD202010BD2DE966
:1047D000F0470446266A09A9042E666A9DF820005F
:1047E000CCBF06F4781606F4F01691E82202760C97
:1047F0004FF000084BE031F828A01FFA83FCE24597
:1048000001EB880703D197F802C0844504D008F172
:1048100001085FFA88F83AE0002A35D006FB08F86C
:1048200000252EE063692046222B0ADDE3695A0643
:1048300007D540F627010022F4F342F7014620464F
:1048400000E000214FF4CC62F4F3DAF5056063690F
:104850002046222B0ADDE3695B0607D540F62701D7
:104860000022F4F32DF70146204600E0002140F23B
:104870006462F4F3C5F509EB880353F8253001357C
:104880000360EBB2B342CDD3F878BDE8F087A8451A
:10489000B1D30020BDE8F0872DE9F84304461E4659
:1048A000002B00F0B480436A02EB061503F4F859BC
:1048B0004FEA192955F8043C013E0BB900279FE047
:1048C00020469847002800F09E80F7E70122BA4072
:1048D00055F8103C1A4200F0928063692046222B62
:1048E0000ADDE3695A0607D540F627010022F4F3F2
:1048F000E7F60146204600E000214FF4C462F4F3DD
:104900007FF5076015F90C2C22B1012A19D001326C
:1049100075D144E063692046222B09DDE3695B061B
:1049200006D540F62701F4F3CBF60146204600E019
:10493000002140F22462F4F363F555F8083C03606B
:104940005DE063692046222B0ADDE369590607D53D
:1049500040F627010022F4F3B3F60146204600E0BA
:10496000002140F22462F4F34BF563698046222B68
:1049700020460ADDE3695A0607D540F627010022E2
:10498000F4F39EF60146204600E0002140F2246246
:10499000F4F336F555F8083C026813432DE06369DB
:1049A0002046222B0ADDE3695B0607D540F6270186
:1049B0000022F4F385F60146204600E0002140F293
:1049C0002462F4F31DF563698046222B20460ADD3C
:1049D000E369590607D540F627010022F4F370F683
:1049E0000146204600E0002140F22462F4F308F57D
:1049F00055F8082C036823EA0203C8F80030013791
:104A00004F457FF463AF103D002E7FF453AFBDE8F8
:104A1000F883000070B59D4904460020EBF38EF248
:104A2000002800F0318100209849EBF387F2974984
:104A300005460020EBF382F2944906460020EBF392
:104A40007DF215F0006500F0AC804FF400120021FB
:104A500013462046E6F741FD022206211346204672
:104A6000F4F344F663692046222B0ADDE3695A0613
:104A700007D540F627010022F4F322F6014620462E
:104A800000E000214FF4C162F4F3BAF40668002597
:104A900006F480761BE04FF47A70EFF3DBF0636985
:104AA0002046222B0ADDE3695B0607D540F6270185
:104AB0003246F4F305F60146204600E000214FF4AB
:104AC000C162F4F39DF40668013506F480761EB9E0
:104AD000B5F57A7FDFD170BDB5F57A7F00F0D4806F
:104AE0004FF47A70EFF3B6F0082206211346204601
:104AF000F4F3FCF50023062104222046F4F3F6F536
:104B00004FF47A70EFF3A6F063692046222B0ADD9A
:104B1000E369590607D540F627010022F4F3D0F5E2
:104B20000146204600E000214FF4C062F4F368F42F
:104B30000568002605F001051BE04FF47A70EFF3DD
:104B400089F063692046222B0ADDE3695A0607D5FE
:104B500040F627010022F4F3B3F50146204600E0B9
:104B600000214FF4C062F4F34BF40568013605F000
:104B700001051DB1B6F57A7FDFD102E0B6F57A7F87
:104B800003D120460621082279E029464FF48012FD
:104B90002B462046E6F7A1FC2046062101222B46A3
:104BA0006EE0730170D54FF48012134629462046FB
:104BB000E6F793FC0122062113462046F4F396F50E
:104BC0004FF47A70EFF346F0042206211346204694
:104BD000F4F38CF5062108222B462046F4F386F5E3
:104BE0004FF47A70EFF336F063692046222B0ADD2A
:104BF000E3695E0607D540F627012A46F4F360F51F
:104C00000146204600E000214FF4C062F4F3F8F3BF
:104C10000668002506F001061BE04FF47A70EFF3FA
:104C200019F063692046222B0ADDE369590607D58E
:104C300040F627013246F4F343F50146204600E0F2
:104C400000214FF4C062F4F3DBF30668013506F08F
:104C500001061EB9B5F57A7FDFD102E0B5F57A7F9E
:104C600003D120460621042209E000214FF400125E
:104C70000B462046E6F731FC20460621022200239F
:104C8000BDE87040F4F332B570BD00BF6853010059
:104C900046F29053994210B5044609D049F21823C0
:104CA000994207D0B1F5964F0CBF1F23002302E0B5
:104CB0002A2300E03C230521FF222046E6F779FC69
:104CC0004FF40002062113462046E6F73CFC1E2066
:104CD000EEF3C0F7204606214FF400020023BDE8A2
:104CE0001040E6F730BC0000F0B5036A466A042BBA
:104CF000CCBF06F4781606F4F01685B00446760CA0
:104D000000253BE0102168461F4A2B46EAF304F3D6
:104D100000206946EBF336F100282ED000210A4628
:104D2000EAF3CCF663690746222B20460ADDE369E5
:104D3000590607D540F627010022F4F3C1F40146D5
:104D4000204600E000214FF4CC62F4F359F30560F3
:104D500063692046222B0ADDE3695A0607D540F62F
:104D600027010022F4F3ACF40146204600E00021C4
:104D700040F26462F4F344F307600135EBB2B342EE
:104D8000C0D305B0F0BD00BFD5950200F0B5036AF1
:104D900085B0042B0446466A03DD06F0F866B60DBE
:104DA00002E006F0F076760D00253BE01021684623
:104DB0001F4A2B46EAF3B0F200206946EBF3E2F01B
:104DC00000282ED000210A46EAF378F663690746E8
:104DD000222B20460ADDE3695A0607D540F6270153
:104DE0000022F4F36DF40146204600E000214FF468
:104DF000CB62F4F305F3056063692046222B0ADDDC
:104E0000E3695B0607D540F627010022F4F358F466
:104E10000146204600E0002140F25C62F4F3F0F22B
:104E200007600135EBB2B342C0D305B0F0BD00BF9F
:104E30000C990200F0B5036A85B0042B0446466A5B
:104E400001DDF60E02E006F0F056760E00253BE09E
:104E5000102168461E4A2B46EAF35EF2002069469E
:104E6000EBF390F000282ED000210A46EAF326F654
:104E700063690746222B20460ADDE3695B0607D5F6
:104E800040F627010022F4F31BF40146204600E01F
:104E900000214FF4CA62F4F3B3F20560636920465F
:104EA000222B0ADDE369590607D540F627010022C7
:104EB000F4F306F40146204600E0002140F254627B
:104EC000F4F39EF207600135B542C1D105B0F0BDE3
:104ED0001B99020000487047C0AD3A022DE9F0432B
:104EE00004460F4685B00020904915461E46EBF358
:104EF00025F060B92046394615B1FFF7EBFF07E012
:104F0000FFF7E8FF4FF47A75B0FBF5F500E00546D2
:104F100000208749EBF312F000F00F00012808D0C1
:104F2000022809D0834B844A032814BF914699462E
:104F300004E0DFF8149201E0DFF8109229462046E1
:104F4000FFF7A6FE2046F4F355F2002180462046E6
:104F5000F5F300F0794B0246002E4BD10193032369
:104F600002933946204632462B460096CDF80C90E7
:104F7000FFF72DFC0746002837D063692046222B17
:104F80000ADDE3695B0607D540F627013246F4F3F4
:104F900097F30146204600E000214FF4C062F4F38D
:104FA0002FF20268BF004FF68373134007F07C02B4
:104FB00005F17F07FF09013F42EA07471F43636985
:104FC0002046222B0ADDE369590607D540F6270162
:104FD0000022F4F375F30146204600E000214FF46F
:104FE000C062F4F30DF2076096E029465448EAF3F4
:104FF00053F192E000218DE80A000323029320463A
:1050000039462B46CDF80C90FFF7E1FB002D00F060
:1050100083802046E6F774F8064606E0AB4203D1EB
:105020006369222B07DC12E00C36002E74D0338823
:10503000002BF3D170E0E3695A0608D540F627014A
:1050400020460022F4F33CF30146204601E02046CE
:1050500000214FF4C062F4F3D3F10268B37802F098
:105060007C02B3EB920F57D03579F3782D061B05F0
:1050700005F0706503F4700300214FF07F622B434D
:105080002046E6F796FA737902211B052D4A43F470
:1050900000332046E6F78DFAB3686FF07F420321B4
:1050A00013402046E6F785FA63692046222B0ADD85
:1050B000E3695B0607D540F627010022F4F300F30D
:1050C0000146204600E000214FF4C062F4F398F15D
:1050D00002684FF6837335881340B2787F35ED113F
:1050E0009200013D02F07C0242EA05451D436369DE
:1050F0002046222B0ADDE3695E0607D540F627012C
:105100000022F4F3DDF20146204600E000214FF4D6
:10511000C062F4F375F10560012620464146F4F3C0
:1051200019F7304605B0BDE8F08300BFEC950200EA
:10513000745301008C5101000C52010006970200CB
:10514000A39502000000FE1F80530100F8530100E8
:105150002DE9F04399468BB00023079308930993F8
:10516000036A476A042BCCBF07F4781707F4F017DB
:1051700004460D4690467F0C00260CE0102103A843
:10518000334A3346EAF3C8F0002003A9EAF3FAF6FB
:1051900020B90136F6B2BE42F0D34EE008AB009320
:1051A00009AB019320462946424607ABE6F7C0FB10
:1051B000012329464A462046FFF790FE204629460D
:1051C000FFF792FD236A012B2CDD63692046222B19
:1051D0000ADDE3695E0607D540F627010022F4F3F5
:1051E0006FF20146204600E000214FF4C062F4F364
:1051F00007F163690646222B20460ADDE36959065A
:1052000007D540F627010022F4F35AF20146204662
:1052100000E000214FF4C062F4F3F2F0036843F4BD
:1052200080633360089B20460093099B29460193C5
:105230004246079BE6F7D4F807E0204629464A464F
:105240000023FFF74BFE0028A8D10BB0BDE8F08388
:10525000D59502002DE9F04F002587B004460E4693
:1052600004950595F4F3C6F0294683462046F4F3E9
:1052700071F6A14982462846EAF384F648B1012333
:1052800084F8603329462A46EAF318F4C4F85C032C
:1052900001E084F8600300209849EAF373F648B10E
:1052A0000123002184F868330A46EAF307F4C4F8BE
:1052B000640301E084F868032046F3F3F5F7904BAC
:1052C000676A98428F4B94BF20252125A3F10808D7
:1052D00098BF984607F4F8573F0A08EBC50863697A
:1052E0002046222B0ADDE3695A0607D540F627013E
:1052F0000022F4F3E5F10146204600E000214FF4DE
:10530000C462F4F37DF018F8083C013D0360636962
:105310002046222B0ADDE3695B0607D540F627010C
:105320000022F4F3CDF10146204600E000214FF4C5
:10533000C562F4F365F058F8043CA8F1080803606E
:10534000002DCCD147E0082102A86F4A2B46E9F393
:10535000E3F7002002A9EAF315F600283AD000216D
:105360000A46EAF3ABF3236A80460C2B07DDB0F55F
:10537000803F04D2C3B24FEA102843EA0848636969
:105380002046222B0ADDE369590607D540F627019E
:105390000022F4F395F10146204600E000214FF48D
:1053A000C462F4F32DF0056063692046222B0ADD08
:1053B000E3695A0607D540F627010022F4F380F18D
:1053C0000146204600E000214FF4C562F4F318F0D6
:1053D000C0F800800135BD42B5D1204631464B4A68
:1053E0001F23FFF759FA00253EE00821484A2B46C3
:1053F00002A8E9F391F7002002A9EAF3C3F5814678
:10540000002830D063692046222B0ADDE3695B0661
:1054100007D540F627010022F4F352F10146204659
:1054200000E000214FF4C462F3F3EAF7056063691A
:105430002046222B0ADDE369590607D540F62701ED
:105440000022F4F33DF10146204600E0002140F245
:105450002462F3F3D5F7002180460A464846EAF372
:105460002DF3C8F800000135BD42BED1204604A985
:1054700005AAE5F70FFF049F52463B46314600253B
:1054800020460095E5F752FE384304902046F4F399
:1054900047F4059A049B002A3CD01A43636905929D
:1054A000222B20460ADDE3695A0607D540F627017C
:1054B0002A46F4F305F10146204600E0002140F2BF
:1054C0001C62F3F39DF763690546222B20460ADD33
:1054D000E3695B0607D540F627010022F4F3F0F0FC
:1054E0000146204600E0002140F21C62F3F388F7F9
:1054F000059B02683AE000BFC595020000970200D4
:10550000BFAD3A0200960200E79502001C97020028
:10551000E2950200002B2BD063692046222B09DD87
:10552000E369590606D540F62701F4F3C9F00146B0
:10553000204600E0002140F21C62F3F361F763694A
:105540000546222B20460ADDE3695A0607D540F6B8
:1055500027010022F4F3B4F00146204600E00021C8
:1055600040F21C62F3F34CF7049B026813432B6078
:10557000049BABB163692046222B0ADDE3695B061D
:1055800007D540F627010022F4F39AF001462046A1
:1055900000E000214FF4C362F3F332F7049B036091
:1055A000059BABB163692046222B0ADDE3695906EE
:1055B00007D540F627010022F4F382F00146204689
:1055C00000E0002140F21C62F3F31AF7059B036030
:1055D000314652462046E6F77EF94FF4FA60EEF384
:1055E00039F320465946F4F3B5F407B0BDE8F08F1F
:1055F000F8B5044615460E46F3F3FCF600210746BF
:105600002046F4F3A7F4314602462B462046FFF726
:105610009FFD204631462A46E5F7D8FD204639460B
:10562000BDE8F840F4F396B438B5036A0446012B9C
:105630002DD14369222B0ADDC3695A0607D540F6EE
:1056400027010022F4F33CF00146204601E0204609
:1056500000214FF4C062F3F3D3F663690546222BB1
:1056600020460ADDE3695B0607D540F627010022E4
:10567000F4F326F00146204600E000214FF4C0621A
:10568000F3F3BEF6036823F400732B6038BD2CDD02
:105690004369222B0ADDC369590607D540F6270165
:1056A0000022F4F30DF00146204601E020460021DF
:1056B0004FF4C062F3F3A4F663690546222B20463B
:1056C0000ADDE3695A0607D540F627010022F3F305
:1056D000F7F70146204600E000214FF4C062F3F3E3
:1056E0008FF6036843F400732B6038BD70470120C8
:1056F000704738B505460C46FFF79CFB2846214607
:105700000022FFF7F3FF28462146BDE83840FFF7A7
:1057100081B9000038B504460D4600203149EAF34E
:1057200031F440B100210A46EAF3C8F12946C3B278
:105730000122204603E02046294601220523E5F701
:105740008BFF00202849EAF31DF448B100210A46E6
:10575000EAF3B4F12946C3B209222046E5F77CFFFB
:1057600000202249EAF30EF448B100210A46EAF388
:10577000A5F12946C3B205222046E5F76DFF0020BA
:105780001B49EAF3FFF348B100210A46EAF396F118
:105790002946C3B206222046E5F75EFF00212046D7
:1057A0004FF478624FF43863E5F7CDFE00212046D0
:1057B0004FF460424FF42043E5F7C5FE4FF4C0229A
:1057C000002113462046E5F7BEFE012200212046B7
:1057D0001346E5F7B8FE20462946BDE83840FFF7F6
:1057E000D5BA00BF12970200DB95020012990200A1
:1057F000CA95020038B5036A0446092B69DD43697E
:10580000222B0ADDC3695B0607D540F6270100227B
:10581000F3F356F70146204601E0204600214FF4FD
:10582000C062F3F3EDF5026812F0010253D163692F
:105830002046222B09DDE3695D0606D540F62701E7
:10584000F3F33EF70146204600E0002140F26C628F
:10585000F3F3D6F54FF0004303604FF47A70EEF3A4
:10586000F9F163692046222B0ADDE369590607D561
:1058700040F627010022F3F323F70146204600E01B
:10588000002140F26C62F3F3BBF505686369ED0437
:10589000ED0C222B20460ADDE3695A0607D540F6B7
:1058A00027010022F3F30CF70146204600E0002117
:1058B00040F26C62F3F3A4F56D030023036005F579
:1058C0004245064805F5A875B5FBF0F56420684328
:1058D00038BD002038BD002038BD00BFA0860100C3
:1058E00038B5002105461020E3F7A0FF002104464B
:1058F0001022E9F3ABF46560204638BD08B1E4F747
:105900001DB8704710B50446E4F706F96060E06022
:105910002068E7F716FA6368A0F5006020611818A0
:105920000123A060237610BD38B50546F4F3CAF113
:105930001C20EEF3A1F4084C00211C222060E9F3A6
:1059400085F420680560FFF7DDFF044922682846DA
:10595000BDE83840E6F726BC90040000D93F0000BF
:105960002DE9F84F0C46F4F3ADF141F20100E56882
:10597000EEF382F400287CD000F1010C064620E012
:1059800001321970D2B2434639783D460137C1B170
:105990003D2903F10108F3D1327029464646002221
:1059A00003E001323770D2B2664611F8017FC3EBD3
:1059B0000508B04406F1010C002FF2D11A7008F16D
:1059C0000105E768A368FB189D4205D22B781BB13F
:1059D0002F4663460022D7E725460123E268834627
:1059E000BA1A2A823BE0594611F8012B9A4202D199
:1059F0004FF0000C0AE0102B2AD10F2AF8DC27E028
:105A00001BF8018F07F80C800CF1010C6245F7D1EF
:105A100001EB0208895C07EB020C4FF03D0907F827
:105A2000029008F1010B0CF1010701F101090022BC
:105A300003E018F802A00CF802A001324A45F8D1A0
:105A40007A184FF0000C07F801C08B44571C06E091
:105A500011F802B001EB020C0BF1010BE344B3456A
:105A6000C1D301330235112BB8D1BDE8F84FEEF3A5
:105A700015B4BDE8F88F0000F8B50E461746044689
:105A8000F4F320F13020EEF3F7F3054668B1C66079
:105A9000074E302343603368876003602946204601
:105AA000FFF75EFF35600020F8BD6FF01A00F8BD0B
:105AB0009404000008B5064B1B683BB9054B1968F8
:105AC00021B1054B1A680AB1FFF7D6FF002008BDC7
:105AD00094040000985C01009C5C0100F8B5104B38
:105AE00007461C681E46BCB1E3689BB10D4D2A6891
:105AF0009A420FD1F4F3E6F0E068EEF3CFF300231F
:105B00002B6007E038462568F4F3DCF02046EEF31E
:105B1000C5F32C46002CF5D100233360F8BD00BF3F
:105B2000940400008893020073B5856E04466DB13D
:105B3000D0F8CC3000EB8303D3F8D420036E9A4224
:105B400003D1406EA847054600E000252046F3F348
:105B500051F4002302A941F8083D06466946204653
:105B600001AA0DF0C1FE9DE806004FF4FF20E9F305
:105B7000E9F220463146F4F3EDF1E36E5BB1D4F87F
:105B8000CC2004EB8202D2F8D410226E914202D1D2
:105B9000606E294698477CBDF8B50446F0F3BAF02C
:105BA00000284FD0A56E6DB1D4F8CC3004EB830340
:105BB000D3F8D420236E9A4203D1606EA8470546DD
:105BC00000E000252046F3F315F4002107462046A7
:105BD000F4F3C0F10121064600222046F0F3BAF0AA
:105BE0004FF480110A462046F0F396F040210A4611
:105BF0002046F0F3A5F04FF080710A462046F0F3FE
:105C00008BF02046FFF790FF0F4B0121C6F80435BB
:105C10004FF4FC73C6F808350A462046F0F39AF0B4
:105C200020463946F4F396F1E36E5BB1D4F8CC200C
:105C300004EB8202D2F8D410226E914202D1606E3F
:105C400029469847F8BD00BFF2003940012070474F
:105C5000C36B44F2583293420DD004D844F256320A
:105C6000934218D112E04AF62E22934208D04AF607
:105C70002F2293420FD1C0F884334AF6322303E037
:105C8000C0F884334AF63123C3637047C0F88433C5
:105C900044F25433C363704738B541F2E4430446D9
:105CA00003630D4629B108460F49EAF347F1A062A4
:105CB00040B928460D49EAF341F1A06210B94FF608
:105CC000FF73A3620A492846EAF338F10949E06202
:105CD0002846EAF333F1084960632846EAF32EF1D7
:105CE00084F8550038BD00BF2D99020023990200A9
:105CF00064990200439902004E9902007047000027
:105D000030B585B00190002404A840F8044D01A9E5
:105D10000422E9F317F2019DB5B12B46D3F88C208C
:105D200012B10022C3F88C2001340433102CF5D1B9
:105D30000398FEF797F90398FFF7D0FE034B9D42B7
:105D400002D02846EEF3AAF205B030BDE4610100AE
:105D50000367D0F8CC3010B500EB8303029CD3F876
:105D6000D43044668166C266036610BD0023836634
:105D7000C366036770478069C0F3C06070472DE950
:105D8000F84304461E46089D099FFAF761FC00216E
:105D90002046F4F3DFF080462046F3F333F30A287D
:105DA000C8BFD8F82C306061C8BFA3642228D8F8D7
:105DB0000430C8BFD8F8AC20A361C8BFE261DA00E4
:105DC0001CD5222814DDE3695B0611D5002220468C
:105DD00040F62701F3F374F401462046F4F3BAF0D9
:105DE000D0F80436002163622046F4F3B3F002E0F9
:105DF000D8F80436636294F8243023624FF4E063E9
:105E0000A3604FF0FF33E36011232361A1464FF0FD
:105E1000000817E04146F4F39DF02046F3F3E2F268
:105E20002046F3F3EFF21EB1D9F814319E4203D0AD
:105E3000D9F88C309F4201D1C5F8008008F10108E3
:105E400009F10409D4F8D03020469845E2D32968F6
:105E5000F4F380F00120BDE8F883F7B50022134683
:105E60000D4601210446E5F738FB002128220746AC
:105E70000B4620460091F3F3C1F20646280709D0ED
:105E8000204601210622F3F367F62046022106226E
:105E9000F3F362F615F0F00F04D020460021022241
:105EA000F3F35AF615F4706F0ED02046002101224C
:105EB000F3F352F601210A462046F3F34DF620464D
:105EC00002210122F3F348F601213B4620464FF020
:105ED000FF32E5F702FB2046002128224FF0FF3376
:105EE0000096F3F38BF2FEBD0020EAF327B000002A
:105EF00010B50C490446FFF7F7FF80B288B9D4F813
:105F000080000849EAF31AF080B250B9D4F8800052
:105F10000549EAF313F04FF6FF7380B2002808BF7B
:105F2000184610BD6D9902007B990200436907B5C0
:105F30000A2B09DD003118BF012100912422002124
:105F40000123F3F35BF201E04FF0FF300EBD07B524
:105F50000021F8220B460091F3F350F200F00F00FD
:105F60000EBD00002DE9FF47DDF830809246DDF8D8
:105F700034900F464FF46372002104461E460E9D76
:105F8000B8F1010F08BF4FF00008E9F35FF11123EA
:105F90002361C4F88860C4F85C90C4F858A0C4F8C1
:105FA0000480B8F1000F40F0C580204641463A46D3
:105FB0004B46FFF74BFE002800F0C0804FF0C05367
:105FC0001A68130F02F47021236093B202F4700276
:105FD000120D626444F25832090C9342E363216467
:105FE0000AD004D844F25632934208D104E0A3F513
:105FF0002A432E3B012B02D82046FFF729FE636C73
:1060000020460E3B012B8CBF0023012384F84C302B
:106010004FF0C0513A46FAF793F9D4F8D030002B3C
:1060200000F08A80002704AB43F8047D8DE8480027
:1060300020464FF0C0513A463B46FFF7A0FE0028ED
:106040007CD02046FFF736FD0F9B0095019320463C
:1060500039463246A36DFDF7F3FF002870D105B134
:106060002D683A4E20462946FFF716FE3278002A60
:1060700042D16369132B19DD4FF400612046F3F31D
:106080005BF7334907462846E9F37CF738B12846E1
:106090002F49E9F353F7B0F1FF3F08BF0020002379
:1060A000BB650399F8652046F3F354F72046A16DCC
:1060B000FFF7BAFA2046A16DFFF71BFB28462549DA
:1060C000E9F33CF7024620B92046A16DFFF792FBA9
:1060D0000246C4F88823A16D2046FFF789FA2046BE
:1060E000FFF75AFD2046A16DFFF7B4F82046A16DD9
:1060F000FFF710FB012333702046F3F3E1F5284648
:106100001549E9F33FF738B113492846E9F316F783
:1061100001462046FFF7A1FE28461049E9F332F771
:1061200078B128460D49E9F309F701462046FFF703
:10613000E5FD06E0002404E01C4602E0044600E021
:106140003C46204604B0BDE8F08700BFE061010096
:106150003E9902005B990200739902003499020093
:106160001FB50F4C02462378BBB910B90346014650
:1061700001E00C4B191D0020009001900293039147
:10618000094844F210714FF0C053FFF7EBFE28B1FD
:10619000064B20221A6001232370034804B010BD6F
:1061A0007065010064620100E4610100A004000068
:1061B0002DE9FF4707464FF46370884691469A469B
:1061C0000D9E0E9DEEF358F00446C8B10C9B394667
:1061D000019342464B46CDF800A002960395FFF787
:1061E000C1FE074620B92046EEF358F03C4607E0D2
:1061F00006B13668C4F8806005B12D68C4F88450D3
:10620000204604B0BDE8F08770B5064686B04FF46E
:10621000BC70EEF331F00446E8B100214FF4BC72DB
:10622000E9F314F00D4B266000930D4B002501930C
:1062300030680C490C4A2346029503950495059550
:1062400000F0D8FE30B94FF49663C4F8603184F89A
:10625000640100E02C46204606B070BDA5388100E0
:106260005D3D8100D8D288003CC5890010B5044648
:1062700050B1036805491868224600F060FE2046C8
:10628000BDE81040EEF30AB010BD00BF3CC5890068
:106290002DE9F041054686B08020EDF3EDF7044688
:1062A000002844D000218022E8F3D0F70423636063
:1062B000B4232560A381A046C5F858472746002689
:1062C0000EE01C2202FB06423C61A8681B4910320A
:1062D0000023FAF36DF338621C3700282BD0013607
:1062E00063689E42EDDB164B164900930023019331
:1062F00002930393049305932868134A234600F0FE
:1063000079FEC0B913E0D8F8201031B1236898683D
:10631000FAF336F30023C8F82030013508F11C08E1
:1063200063689D42EFDB2046EDF3B8F7002420467A
:1063300006B0BDE8F0810025F2E700BF49488100C2
:10634000A94681007CD388007F3F890070B5044650
:1063500000281ED003680F491868224600F0EFFDA0
:10636000254600260DE0296A29B123689868FAF3CA
:1063700007F300232B62E86908B1EDF38FF70136CC
:106380001C3563689E42EEDB2046BDE87040EDF3AD
:1063900085B770BD7F3F890010B50446C06F08B156
:1063A000FFF764FFD4F8840008B107F0C1FED4F809
:1063B000800008B1FFF7CAFFD4F8B00008B100F0C0
:1063C00013F9A06808B101F0E3F92046BDE81040D8
:1063D000EDF364B72DE9F04F07468DB0B8208A463B
:1063E00090461D46179EEDF347F70446002800F03F
:1063F000A0804FF0000B0021B822E8F327F72660B9
:1064000084F88CB03846FFF76BFA0BABC4F8A8B031
:106410002A4601900693814641F2E44120463346E4
:10642000CDF800B0CDF808A0CDF80C800494CDF8DC
:1064300014B001F05DFA0546002875D0A06010F098
:106440006FDA2B691021E3603C4B6060A3643C4A27
:106450003346276164643846E8F35EF72B69D86FEA
:10646000F2F356F749F6981398422B69D86F06D87D
:10647000F2F34EF708210346324A09A805E0F2F389
:1064800047F7314A0346082109A8E8F345F73146A2
:1064900009AA2E4B2E48E8F3FFF632460020169943
:1064A0002C4B8DE88001F8F7A9FB064600283BD16C
:1064B0006368012783F8787008210A46286930F05C
:1064C000D5DA36213A46D5F89802EFF730FD28465E
:1064D000FFF7DEFEC4F8800030B3284607F0F6FD73
:1064E000C4F8840000B32846FFF78EFEE067D8B1F9
:1064F0006368194983F8E070184B02968DE84800EC
:106500000396049605962868154A234600F072FD06
:1065100050B9284600F032F8C4F8B00020B1114854
:106520002146EDF3A9F120B120464946FFF734FF9B
:10653000002420460DB0BDE8F08F00BFBD8881006B
:10654000DB550100E05501004D498900403901004B
:1065500081990200FD8D81002CD58800198A810067
:1065600058FB8900F589810001207047024B012208
:106570001A70E3F763BA00BFFC03000070B506466B
:1065800086B02020EDF37EF60446F0B100212022F3
:10659000E8F35CF64FF4E153E3804B2323810A23B5
:1065A00063810E4B26600025009330680C490D4A2C
:1065B00023460195029503950495059500F01AFD73
:1065C00030B93368012283F86321204606B070BDDC
:1065D0002046EDF363F62C46F7E700BF7D9A810075
:1065E0008CD58800C04B890010B5044678B1FBF308
:1065F00009F3236822461868054900F0A0FC2046EC
:10660000EDF34CF6236800221B6883F8632110BD6C
:10661000C04B89000368D3F8D42041F26B03116B9F
:1066200099420BD1936AEF2B28D001D8D62B04E0E6
:10663000F52B23D040F20F118B421FD0936A40F20A
:10664000C65293421AD040F27452934216D0036A53
:106650007F2210E0482283F8FD2006E002F0C0020D
:10666000921102EB810183F8FD10036A93F9FD207A
:10667000142A0BDC482283F8FD207047036A93F844
:10668000FD104AB2B2F1FF3FE8D1E3E77047D0F81E
:10669000E81110B5044629B18068FAF371F10023BE
:1066A000C4F8E831D4F8001229B1A068FAF368F10F
:1066B0000023C4F80032D4F88434D3F8301139B14F
:1066C000A068FAF35DF1D4F884340022C3F83021D5
:1066D000D4F8501329B1A068FAF352F10023C4F89A
:1066E0005033D4F8541529B1A068FAF349F10023C6
:1066F000C4F85435D4F8F41529B1A068FAF340F180
:106700000023C4F8F435D4F8C41729B1A068FAF30B
:1067100037F10023C4F8C43710BD10B50446006833
:1067200007F0D8F8D4F8800620B106F021F800234D
:10673000C4F88036D4F87C0620B106F049FA00236C
:10674000C4F87C36D4F89C0120B108F089FE0023FF
:10675000C4F89C31D4F88C0120B101F025FE00234F
:10676000C4F88C31D4F8400120B102F069FF002355
:10677000C4F84031D4F8540120B1FEF3FFF30023F4
:10678000C4F85431D4F8300120B102F019FC0023D0
:10679000C4F83031D4F8340120B102F0C1F900233B
:1067A000C4F83431D4F8380120B102F01BFB0023C7
:1067B000C4F83831204602F0D5FAD4F84C0120B1A3
:1067C00006F0BAFA0023C4F84C31D4F8480120B1DD
:1067D00008F078FD0023C4F84831D4F8440120B112
:1067E00006F032F90023C4F84431D4F85C0120B13A
:1067F00008F016FA0023C4F85C31D4F82C3113B138
:106800000023C4F82C31D4F8600120B104F0B4F9AD
:106810000023C4F86031204608F0AAFA204605F0AB
:106820009FFFD4F8500120B105F0FAFF0023C4F80F
:106830005031D4F8700120B101F09EFC0023C4F85F
:106840007031D4F8780120B104F0A8FC0023C4F81A
:106850007831D4F87C0120B107F06CFE0023C4F835
:106860007C31D4F8740120B108F072FD0023C4F823
:106870007431D4F8840120B101F01CFC0023C4F869
:106880008431D4F8880120B104F0E2FB0023C4F87D
:106890008831D4F8780420B107F0F4FC0023C4F860
:1068A0007834D4F87C0420B107F02EFD0023C4F81E
:1068B0007C34D4F8800420B107F0C0FD0023C4F874
:1068C0008034D4F8940120B108F0A2FE0023C4F86B
:1068D0009431D4F8640820B108F0F6FE0023C4F81F
:1068E0006438D4F8F80620B108F040F90023C4F861
:1068F000F836D4F89C0620B104F0E2FE0023C4F878
:106900009C36D4F8A00620B101F060FD0023C4F845
:10691000A036D4F8CC0620B104F0BAFE0023C4F8A7
:10692000CC36D4F8D40620B104F0F4FC0023C4F82B
:10693000D436D4F8D00620B108F084FA0023C4F885
:10694000D036D4F8600820B107F0D6FE0023C4F892
:106950006038D4F8DC0620B107F0FEFB0023C4F851
:10696000DC36D4F8BC0608B105F081FDD4F8C006C9
:1069700008B105F07CFDD4F8A00120B103F0F8FEC9
:106980000023C4F8A031D4F8F00620B106F0C2F913
:106990000023C4F8F036D4F8300720B1EDF37EF4CC
:1069A0000023C4F83037D4F8A40620B105F03AFD2E
:1069B0000023C4F8A436D4F8940620B104F070FF84
:1069C0000023C4F89436D4F8240120B108F06CF800
:1069D0000023C4F82431D4F8280120B103F0A6FD27
:1069E0000023C4F82831D4F8880420B106F0A8FAAE
:1069F0000023C4F88834D4F8E80520B104F0D2FDAF
:106A00000023C4F8E835D4F8380620B1F9F7CEFFF2
:106A10000023C4F838362046BDE8104004F0D4BB4B
:106A200070B5D0F88434056801220446A3F890209C
:106A3000D5F8D8003C49E9F3A5F240B1D5F8D80023
:106A40003949D4F88464E9F379F2A6F89000D4F8CF
:106A500084346422A3F84A20D5F8D8003349E9F3F6
:106A600091F240B1D5F8D8003049D4F88464E9F304
:106A700065F2A6F84A00D4F884346422A3F84C20C6
:106A8000D5F8D8002A49E9F37DF240B1D5F8D8000D
:106A90002749D4F88464E9F351F2A6F84C00D4F8FD
:106AA00084346422A3F89220D5F8D8002149E9F370
:106AB00069F240B1D5F8D8001E49D4F88464E9F3EE
:106AC0003DF2A6F89200D4F884340122A3F896206F
:106AD000D5F8D8001849E9F355F240B1D5F8D800F7
:106AE0001549D4F88464E9F329F2A6F89600D4F89D
:106AF00084340422A3F89E20D5F8D8000F49E9F386
:106B000041F240B1D5F8D8000C49D4F88464E9F3D7
:106B100015F2A6F89E00D4F884346422A3F89420D9
:106B20000122A3F8982070BD079A0200239A020060
:106B3000E3990200749B0200CD990200B59902000E
:106B4000F7B5036A044693F9FC00421C2CD0236875
:106B500093F87C200A2A02D8FEF308F225E0D3F845
:106B6000D85014492846E9F3E9F113498DF8040097
:106B70002846E9F3E3F111498DF805002846E9F3C9
:106B8000DDF100258DF806002E4601AF7857FEF3A3
:106B9000EDF176B2E8550135B042A8BF0646032DA7
:106BA000F6B2F2D1304600E00820236A83F8FC00F8
:106BB000FEBD00BFF5990200FB990200019A020098
:106BC0000368D0F8842470B5D3F8D8500323D37168
:106BD000D0F8842404461372D0F88424444982F8FF
:106BE000AD30D0F88424284682F8AE30E9F3A6F11F
:106BF00040B220B928463F49E9F3A0F140B2431E14
:106C00000E2B0CD80128D4F8842401D1002302E0F3
:106C1000022804D10123D371D4F884241372D4F848
:106C2000843493F81C210AB10322DA7132492846D0
:106C3000266AE9F383F186F8FC002046FFF780FF1F
:106C40002E492846266AE9F379F186F8FD002046A8
:106C5000FFF7E0FC236A93F8FD2083F8FE2021680B
:106C600041F26B02D1F8D430186B904229D1226ADC
:106C700092F9FC00082824DC9B6AD12B12D0E92B66
:106C800010D0902B0ED08B2B0CD08D2B01D10D233F
:106C900015E0932B0AD1B1F87A301B051B0DB3F523
:106CA000826F01DC18230AE01B2308E08E2B01D140
:106CB000102304E0D62B01D0E42B02D1172382F855
:106CC000FC30236840F27452D3F8D4309B6A93426C
:106CD00003D040F2C652934207D1236A93F9FC20B5
:106CE000082A02DC172283F8FC20012070BD00BFB7
:106CF000579A02001F9A0200959B0200519A0200C7
:106D000010B504461C49806822460023F9F350F66A
:106D1000C4F8E80170B3A068184922460023F9F3CB
:106D200047F6C4F8000228B3A0681549224600239C
:106D3000F9F33EF6C4F85003E0B1A06811492246C9
:106D40000023F9F335F6C4F8540598B1A0680E494C
:106D500022460023F9F32CF6C4F8F40550B10023C1
:106D6000A0680A492246F9F323F6C4F8C4070030A4
:106D700018BF012010BD00BF713D82005D0182007F
:106D800075EF81001DFD8100CD378200A5CF810008
:106D900070B5FF220446012384F8732484F8DB22B3
:106DA00041F20101D4F8842400260376A4F8581493
:106DB0006420032184F8400584F8763484F87264F2
:106DC000D171D4F8842440F62A151172A4F85A54CB
:106DD000A4F85C54A4F85E54A4F86054A4F8625477
:106DE000A4F86454A4F86654A4F86E1440F62B1565
:106DF0000221A4F86854A4F8701407250421A4F80B
:106E00006A54A4F86C14A4F82E06A4F8686384F8F5
:106E10002062A4F82C6684F8346284F8236284F833
:106E2000216284F8F26484F8B06284F827652168EE
:106E30004FF0FF3081F8533048632168204681F8D5
:106E40004130216881F84230216881F8D1602168A1
:106E500081F84360216884F80E6284F80F62C4F8F8
:106E6000506681F89430216881F8F530216881F806
:106E7000F430216881F89D30216881F8343121682F
:106E800081F86931216881F82861216881F86161A0
:106E9000216881F86A612268966684F8643384F810
:106EA000653392F84F10890718BF82F852300323D8
:106EB0000125002284F8DC3184F8E4314FF4487372
:106EC000A4F8343584F85065A4F84E2584F8DC55D0
:106ED00005F096DD052384F82036236884F82061C8
:106EE00084F8585683F8115123684FF0FF31A4F805
:106EF0007017A4F8541884F8736784F8A15784F8BD
:106F0000B05783F84251236883F84351236883F8CC
:106F10005C61236883F86451236883F866512368B1
:106F200083F86B51236883F86751236883F86851AD
:106F3000236883F83B612368C3F83C6170BD2DE989
:106F4000F0470F469246002834D00468002C35D014
:106F50004FF00008C14628E0D4F8C4023946404446
:106F6000E8F300F2E8B9D4F8C8324FEA890653F8DA
:106F70002930534515D1D4F8C43243445D6B013DEB
:106F80005D63EDB9184629463822E8F35FF1D4F87D
:106F9000C802294680190422E8F358F12846BDE8C2
:106FA000F08709F1010908F13808236893F8B43033
:106FB0009945D1DB6FF01D00BDE8F0876FF01D0033
:106FC000BDE8F087F8B500250F4606682C4608E0B6
:106FD000D6F8C40239464019E8F3C4F1383538B15F
:106FE0000134336893F8B4309C42F1DB6FF01D0438
:106FF0002046F8BD2DE9F0478A461146984691464D
:107000000468FFF7DFFF031E05DA2368002693F804
:10701000B42035463BE0D4F8C822382042F823801B
:10702000D4F8C42200FB0320436B013343630020E8
:10703000BDE8F087D4F8C43206F138019F5D981995
:107040001FBB49461F22E8F3D9F1D4F8C4320C998A
:107050009E19089BC6F820A0B362099B384673624C
:107060000A9BF3620B9B3363D4F8183743F835104F
:1070700003EBC5020D9B5360736B01337363D4F84C
:10708000C83243F82580BDE8F08701350E469542A9
:10709000D0DB6FF01500BDE8F0872DE9F0410768FF
:1070A0000C4615469846D7F8CC02002604E0036843
:1070B0009C420BD0064600690028F8D111E000235D
:1070C00003610EB1306101E0C7F8CC02069B80E895
:1070D0003001C3600020BDE8F0816FF01500BDE80D
:1070E000F0811420EDF3C8F00028E8D1F5E70000A6
:1070F00013B500230446009321460068194AFFF7A0
:10710000CCFF014658BBD4F888040322164B05F087
:107110007FFF014618BBD4F888040222134B05F008
:1071200077FF0146D8B9D4F888040522104B05F042
:107130006FFF014698B9D4F8880406220D4B05F07C
:1071400067FF014658B9D4F8880408220A4B05F0B5
:107150005FFF002814BF4FF0FF30002001E04FF028
:10716000FF301CBDC9A381002DCC8100B12C820051
:10717000F92E8200FD4E000029FD8100026810B545
:10718000D2F8CC0200230EE00468A14209D10169C3
:107190000BB1196101E0C2F8CC12EDF37FF00020D1
:1071A00010BD034600690028EED16FF01D0010BD30
:1071B00041F2E443984208D10023064A9A5A8A428F
:1071C00005D00233B3F58C7FF7D100207047012042
:1071D000704700BF5C9A02002DE9F043D0F8545389
:1071E0000021C82287B004462846E8F32FF0642324
:1071F000EB85032385F8603000220123D4F8580181
:107200004FF4805139F042D8FF28074605D1236A50
:10721000186919684DF094D90746236A6F860021D2
:10722000A4F85674204607F46057B3F808801E6827
:107230000CF008DBB7F5205F05F1380908D0B7F589
:10724000C05F07D0B7F5805F14BF0A27142702E09C
:10725000A02700E028270021FF238DE80A00D4F8AA
:107260008434029003971B79424604934846334680
:107270005BF07ADA236893F84F309A0703D0EB88F3
:1072800043F02003EB8007B0BDE8F08382B010B577
:1072900014246143D0F8D44203936350059B6018D3
:1072A0004360069B02618360049BC360BDE810409D
:1072B00002B0704730B503680446DB6985B09A6D4B
:1072C0004068D4F83C16DB6DF9F738FBC4F8380693
:1072D000002800F0DE81204604F068F9C4F8E805D3
:1072E000002800F0D981204605F04AFEC4F8880441
:1072F000002800F0D481204603F048F9C4F82801A2
:10730000002800F0CF81204607F098FBC4F8240144
:10731000002800F0CA81204604F0D6FCC4F8940688
:10732000002800F0D181204605F08EF8C4F8A406AC
:10733000002800F0CC81204604F0F2FE002840F046
:10734000C981204604F04EFF002840F0C38120464A
:1073500004F076FF002840F0BD81204604F0D4FF01
:10736000002840F0B781204605F00AF8002840F0D8
:10737000B181204605F020F80546002840F0AA819A
:107380000321D4F8A4060A4605F054F9C4F8BC0653
:10739000002800F0A281D4F8A40602212A4605F0B4
:1073A00049F9C4F8C006002800F09A812946C04A6D
:1073B000C04B20460095019407F084FBBE4B1A1D7C
:1073C00007CA1B688DE80700082122462046FFF700
:1073D0005DFF206806F062FA204606F065FFC4F8FB
:1073E0007804002800F07F81204606F0A7FFC4F84B
:1073F0007C04002800F07981204607F035F8C4F8B5
:107400008004002800F07381204601F063FEC4F878
:107410001805002800F06D81A84B2046C4F85431AF
:1074200001F0E8FDC4F83001002800F06481204636
:1074300001F0A0FBC4F83401002800F05E81204672
:1074400001F000FDC4F83801002800F05881204602
:1074500001F092FC002840F05581204607F092FB95
:10746000C4F85C01002800F05081204607F06CF958
:10747000C4F86008002800F04A8120682146A2680C
:107480008F4B03F0CBFEC4F89802002800F0418136
:10749000204603F0BBFBC4F86001002800F03B81EC
:1074A000884B2046C4F82C3105F000FBC4F8440199
:1074B000002800F03281204607F01EFFC4F8480182
:1074C000002800F02C81204605F074FCC4F84C0123
:1074D000002800F02781204602F0D6F8C4F84001C9
:1074E000002800F021812368012283F8A120204692
:1074F00004F0EAF8C4F89C06002800F01781204642
:1075000007F09EFB002840F01381204605F0E4F9C7
:10751000C4F85001002800F00D81204605F004F960
:10752000002840F00981204600F03CFEC4F87001BC
:10753000002800F00381204603F09AFDC4F878018A
:10754000002800F0FD80204607F010F8C4F87C0108
:10755000002800F0F880204607F010FFC4F87401FE
:10756000002800F0F380204600F0BAFDC4F8840142
:10757000002800F0ED80204603F034FDC4F88801B7
:10758000002800F0E780204607F0BEFFC4F8940111
:10759000002800F0E180204600F06AFEC4F88C016B
:1075A000002800F0DB80204607F070FFC4F89C0143
:1075B000002800F0D580204669F094DE60B12046B6
:1075C00008F036F8C4F86408002800F0C980236881
:1075D000012283F8322102E0236883F83201204639
:1075E00007F08EFAC4F8F806002800F0BB802046A9
:1075F00005F002FBC4F87C06002800F0B5802046A8
:1076000005F0C4F8C4F88006002800F0AF802046DA
:1076100007F03EFCC4F8D006002800F0A9802368DB
:10762000012283F8A320204600F0E2FEC4F8A00661
:10763000002800F09F80204603F0D4FFC4F8CC0659
:10764000002800F09980204603F08AFEC4F8D40692
:10765000002800F09380204606F08EFDC4F8DC067A
:10766000002800F08D80236893F869313BB12046F3
:1076700003F09CF8C4F8A001002800F083802046A5
:1076800005F022FBC4F8F00600280CBF762000208D
:1076900079E04FF4967076E040F22D1073E04FF4ED
:1076A000977070E040F22F106DE04FF498706AE030
:1076B00019348200E5338200389A0200EFBEADDE55
:1076C00041FF8100EFBEAD0D40F231105BE04FF4A1
:1076D000997058E040F2411055E040F2471052E0F6
:1076E0004FF4A4704FE024204DE025204BE02620ED
:1076F00049E02A2047E0312045E0322043E040F2D3
:10770000F51040E04FF4FB703DE035203BE0BD203C
:1077100039E0392037E03C2035E03E2033E040F2CC
:107720006D2030E03F202EE043202CE06A202AE04C
:10773000472028E0492026E0482024E04A2022E093
:1077400040F2E5201FE040F2E6201CE04B201AE06A
:107750005A2018E05B2016E05E2014E05F2012E063
:10776000632010E065200EE008480CE067200AE086
:107770006C2008E06E2006E06F2004E0702002E03C
:10778000722000E0732005B030BD00BF50464D00B0
:10779000F8B50446002800F0A6800FF099D9D4F877
:1077A000F415D0F1010638BF002621B1A068F9F325
:1077B0007BF000B901362046D4F82C1305F00CDF1D
:1077C0002046D4F8DC1405F007DF2046D4F8341343
:1077D00005F002DFD4F8400308B1ECF35FF5D4F80C
:1077E000980220B103F070FD0023C4F89832276A94
:1077F000B96911B1204661F09BD80025BD61D4F86C
:107800006432595911B1204632F098DA0435202DEE
:10781000F5D1D4F8580103F0B3FA2046FEF737FF4C
:10782000D4F8180520B101F031FC0023C4F8183554
:107830002046FEF772FF204602F042FA23688619BE
:10784000D3F8D41031B1606802F035FA2368002211
:10785000C3F8D4202368D3F8D80028B1ECF31EF580
:1078600023680022C3F8D820D4F8D05204E0284678
:10787000EF68ECF313F53D46002DF8D12146C4F82E
:10788000D0522068FFF77AFC206818492246FFF79B
:1078900056FBD4F8640118B107F09EF8C4F864519F
:1078A000D4F89C0220B1ECF3F9F40023C4F89C3224
:1078B000D4F8F80448B1ECF3F1F40023C4F8F83438
:1078C00003E02046616815F037D8D4F89422002AE6
:1078D000F7D104F5C6600C30F8F7B2FF20466168B6
:1078E00001F08AF800E006463046F8BDDD5601009A
:1078F0002DE9F04F91B0002491461B9E9DF8682021
:107900000790DDF878B02046099198460892DDF896
:1079100080A00C940D940E94E3F792FB48463146F8
:107920001C9A1D9BCDF800B00CF031F8054608B14B
:10793000012376E3FEF71AFE0DAB01930EAB029323
:10794000484631461C9A1D9BCDF800B002F0AEF9B6
:10795000074618B901230C93044688E30D9848B1F3
:10796000AA49E8F30FF328B129462A46E8F3A6F01E
:107970001FFA80F91F9B3046009341460CAA4B46E4
:1079800001F06CF80446002800F0898305680E9A1F
:1079900046600D9BC5F8DC20D0F88424FF21C5F893
:1079A000D470C5F8D83082F86010426A0023C261F2
:1079B000079A0D938260964AC5F80C80C5F8A420FA
:1079C0006E610E93012280F84226D0F8E022C0F8C2
:1079D000A4B163F31722C0F8E022089A414685F863
:1079E000212080F8CF31032380F84135FFF7D0F90B
:1079F000236804F5C662DB696068196E0C32F8F71B
:107A0000E2FE0746002840F032832046394605F062
:107A100007D8204607993246434606F045FFC4F88A
:107A2000640108B90F23FCE27A4B28468DE88800F0
:107A3000794B7A4904937A4B7A4A05932346029705
:107A40000397FFF7D7FA08B11023EAE2089B1C9AC4
:107A50008DE848001D9B02920393204609994A46EF
:107A60004346CDF810B002F01DFA0C90002840F00B
:107A7000FE822369D86FFEF76AFAA4F84006B4F8CC
:107A8000AA010DF0CFD9003018BF01200A3054F8F8
:107A900020300AA9236220692FF0FCDF00283DD1A5
:107AA0000A9B0746C4F8B03139460FAA204604F0B5
:107AB000ADDC39462046BDF83C20013704F0AADC95
:107AC000062FF1D14FF44073C5F8E8302A23C5F8EA
:107AD000B8303223C5F8BC3036234FF47D62C5F888
:107AE000C43040F2D453A5F8CA20A5F8C0304FF4F2
:107AF0005D72002385F8B670A5F8C82084F8943725
:107B0000D5F8B830842B02D98423C5F8B8304FF4A7
:107B10000470ECF3B1F3C4F89C0208B9142380E2BA
:107B20004FF404720021E7F391F322460023D2F8C8
:107B3000A002D4F89C12043241F82300D4F89C121D
:107B400051F823108B710133042BF0D1012385F8F8
:107B50009330236A1869EEF7A1FF00F0010085F861
:107B60005400236A1869EEF799FFC0F3C00085F846
:107B700055002946204607F0EDF92B49D5F8D800E5
:107B8000E8F3DCF1D5F8D42040F26E51936A074651
:107B90008B4208D0126B41F26B018A425AD1D12B31
:107BA00001D0E92B12D1D4F88434192283F849206A
:107BB000D4F884344FF0FF325A64642283F87A2078
:107BC000D4F88434012283F8302059E0B3F5897F5A
:107BD00011D8B3F5887F32D8F52B07D8F42B2ED2E5
:107BE000E42B2CD0EF2B2AD0D62B27E0A3F58773DC
:107BF000012B45D823E0B3F59A7F17D2B3F5987FD0
:107C00001DD840F21712934218E000BF839B020078
:107C100000315F0701638200EC56010008D688003E
:107C2000514F0000DD560100899B0200B3F59A7F99
:107C300026D9B3F59B7F02D9B3F5A57F20D1D4F81F
:107C40008434322283F87A20D4F88434642283F88E
:107C5000492010E041F2E4418A4211D140F2DA5267
:107C600093420DD1D4F88424642382F87A30D4F876
:107C7000842482F84930D4F884344FF0FF325A64B7
:107C80002046FEF7CDFED4F884341922A3F8AA20AA
:107C9000204607F07FF8D4F88434226A19781069F6
:107CA000DA784EF0D1D8D4F878364FF0010983F85D
:107CB0003490E1692069043103F0D7FD236AD4F8D8
:107CC00084B418694EF0D8D9CBF8400004F5E47BB1
:107CD000206959462EF064DF0622281D5946E7F335
:107CE00031F2B4F8AA010DF09DD8003018BF012080
:107CF0000A3054F8203020462362FEF761FF08B9AD
:107D000018238EE1216A0F2340F2FF32A1F80031DF
:107D1000A1F8022101F1F80301F1F402204601F07B
:107D20001BFC236AD3F8F420C3F8F020C3F8E82042
:107D3000D3F8F820C3F8EC201A68022A08BF83F8A9
:107D4000159007F00103002B0CBF0323002385F8D7
:107D50004F30236A1869EEF7A1FE10F40060236823
:107D600006D093F84F2002B1012283F8512001E0A0
:107D700083F85100216A20461C3106F06DDA00219B
:107D80002046D4F820900BF05DDD00227F2309F11E
:107D9000500100930190134609F11C005AF020DDB8
:107DA000204664F02FDF40F2CC63C4F8283620462A
:107DB000FFF780FA0C90002840F05981D4F8800435
:107DC00002219DF92C2059F0F9DD20464146FEF7AD
:107DD00097FF10B94FF47A7323E1204602F0F4FFC5
:107DE000C4F8580110B940F2E9331AE12046FFF710
:107DF000F3F92046314614F07FDD10B940F2EB3341
:107E00000FE1C4F8BC05C4F8C0053146204614F0A3
:107E100073DD10B94FF47B7303E10123C4F8C4058B
:107E200085F8A830204602F045FC10B140F2ED3351
:107E3000F7E00623A5F86030A5F8623095F89C308D
:107E4000012B04D14022A5F86020A5F86220D5F8C6
:107E500088300A221A804FF454725A80D5F88C3038
:107E60000126C4221E805A80D4F830011FF0C8DDDC
:107E700008B184F80E62B4F8E13243F4C05343F021
:107E80001E03A4F8E132236A1869EEF707FEC10663
:107E900007D5D4F8843401229A74D4F88434FF22AC
:107EA000DA74B4F8E1224FF2FF731340D4F884245B
:107EB000A4F8E132D278012A07D123F4006323F039
:107EC0000C031B041B0CA4F8E132FF260221012243
:107ED00084F8E06284F8DF6284F8DE62204603F012
:107EE000BDDB01213246204603F0B8DB236A4FF0A8
:107EF000FF38C4F814821869EEF7D0FD10F00406BC
:107F0000204605D00321FEF3C3F684F81C8204E06A
:107F10003146FEF3BDF684F81C62236A1869EEF759
:107F2000BDFD3A0702D5002384F81C32FB0603D5B9
:107F300020460021FEF3ACF6BE070ED5A26A002350
:107F400082F84D30E26A82F84D30B4F8E13223F025
:107F500080031B041B0CA4F8E132780703D52046EC
:107F6000002164F0D5DF390607D5B4F8E13223F0FB
:107F700010031B041B0CA4F8E13295F84130A3B1A7
:107F800095F842308BB117F0600F0ED007F020014A
:107F9000D1F1010107F0400238BF0021D2F1010206
:107FA000204638BF002200F00FFFB4F8AA010CF001
:107FB00039DF003018BF012000F10A0654F826709E
:107FC000D4F868122046384A3B4660F06FDCB8614E
:107FD00054F82610886910B940F24C4321E0503122
:107FE00028223C30E7F3AEF01420ECF34BF1C4F858
:107FF000300710B940F24D4313E0AB6D204643F01B
:108000000403AB650EF078DD2046FFF771F810B180
:108010004FF4FA6305E0204603F0DEF818B140F2B1
:10802000D1730C9323E023682049D3F8D800E7F3F9
:10803000A9F770B10346184613F8012B1AB11C4971
:108040008A5C5207F7D500210A22E7F337F5C4F816
:108050008406A0680021F8F3A7F4012384F8A83768
:10806000BAF1000F17D00023CAF8003013E00D98C2
:1080700020B1ECF313F100230D930E9314B12046BD
:10808000FFF786FBBAF1000F04D00C9B0024CAF85E
:10809000003000E05446204611B0BDE8F08F304675
:1080A000394601F008FEE2E710570100489A020045
:1080B0000AA0880038B5044670B1056821462868D2
:1080C000FFF75CF8286805492246FEF738FF20468E
:1080D000BDE83840ECF3E2B038BD00BF16570100F0
:1080E00070B5066A8EB005463820ECF3CBF0044636
:1080F00000282FD01B4B05600093002301930293AF
:1081000003930493059328681749184A2346FEF7FA
:1081100071FFF8B9164B214600932868154A0223CF
:10812000FEF7BBFF0546A8B929461C2204F10B0047
:10813000E7F38CF03069316807AA4CF025DA234662
:1081400007AAD97AAA5C01350A43DA7201331C2DD9
:10815000F6D103E02046FFF7ADFF002420460EB025
:1081600070BD00BFC54F830084E188001657010031
:1081700074E188007D4F830038B5044670B105680E
:1081800021462868FEF7FAFF286805492246FEF7CF
:10819000D6FE2046BDE83840ECF380B038BD00BFC5
:1081A0001A57010030B5054687B00C20ECF36AF091
:1081B000044600283FD00023056001210093019070
:1081C000204A2846204B02F037FA0028606032DB54
:1081D0001E4BD5F894068DE81800052121221C4B72
:1081E00003F0F2FB38BB1B4BD5F894068DE8180062
:1081F00005212422184B03F0E7FBE0B9174B01904F
:108200000093029003900490059015492868154A40
:108210002346FEF7EFFE70B9134B28680093214602
:10822000124A0323FEF739FF28B92A680123A36005
:1082300082F8A93003E02046FFF79EFF0024204685
:1082400007B030BD7954830075548300C155830055
:108250007D548300915683009D5483004D558300C7
:10826000C0E188001A570100A8E18800D1548300BA
:1082700030B5054687B000286DD00820ECF302F039
:108280000446002868D00023056014210093019063
:10829000354A2846354B02F0CFF9002860605EDB96
:1082A000334B4FF498718DE818006B22D5F8940683
:1082B000304B03F089FB002851D12F4B05218DE86D
:1082C00018006B22D5F894062C4B03F07DFB002898
:1082D00045D12B4B4FF490718DE818006C22D5F8E6
:1082E0009406284B03F070FB002838D1264B4FF43E
:1082F00090718DE818006F22D5F89406234B03F097
:1083000063FB00282BD1224B0A218DE818006E2236
:10831000D5F894061F4B03F057FB00281FD100959A
:10832000D5F894060A216E221B4B03F003FEB0B968
:108330001A4B0190009302900390049005902868D6
:108340001749184A2346FEF755FE40B92B6801220B
:1083500083F8AC2000E00446204607B030BD20463C
:10836000EBF39CF70024F7E7215C8300015C8300BA
:10837000395E8300555C8300195E8300355C8300A1
:10838000595E8300815C8300C55E8300C15C83000D
:10839000F15E8300ED5C8300E15B8300195D830087
:1083A000D8E188001E57010010B5044650B103689B
:1083B000054918682246FEF7C2FD2046BDE8104078
:1083C000EBF36CB710BD00BF1E57010010B504469B
:1083D00050B10368054918682246FEF7B0FD2046F3
:1083E000BDE81040EBF35AB710BD00BF999B0200E7
:1083F00070B5054686B00820EBF33EF7044600282A
:1084000000F0B9805F4B05604FF4907100930190CC
:108410003022D5F894065C4B03F0D6FA002840F0E1
:10842000AA805A4BD5F894068DE818004FF4907145
:10843000F422574B03F0C8FA002840F09C80554BBB
:10844000D5F894068DE818000A21F422504B03F069
:10845000BBFA002840F08F804F4BD5F894068DE88A
:1084600018004FF49071A0224C4B03F039FB002808
:1084700040F081804A4BD5F894068DE8180005211C
:108480003022484B03F0A0FA002874D1464BD5F8AF
:1084900094068DE818000521F422444B03F094FA69
:1084A000002868D1424BD5F894068DE818000521C4
:1084B000A022404B03F014FB00285CD1D5F89406B1
:1084C000052130223C4B009403F034FD002852D1AA
:1084D000D5F894060521F422384B009403F02AFDC8
:1084E000002848D1D5F894060521A022344B0094E9
:1084F00003F0A6FD00283ED1D5F89406C021302215
:10850000304B009403F016FD002834D1D5F89406C2
:10851000C021A0222C4B009403F092FD58BBD5F84B
:108520009406C021F422294B009403F003FD10BBF4
:10853000D5F894060A21F422254B009403F0FAFCA6
:108540000646C0B98DE8110001212846214A224B78
:1085500002F072F8002860600DDB204B28688DE87F
:1085600048001F491F4A2346029603960496059623
:10857000FEF740FD18B12046FFF728FF00242046F3
:1085800006B070BD59638300216383003BA10000E6
:10859000D59C0000E5A000006D6383003D6383006F
:1085A000996283002161830077A0000031A0000060
:1085B000E962830071618300A96183000D9D000061
:1085C0001D6283003D668300556683005D9C00004C
:1085D0008F9C00008563830081638300B9648300FE
:1085E00038E28800999B02002023402180E80A009D
:1085F000C0F8B010C16218214FF4F06281630164C9
:1086000001651D212DE9F04182600B251022C16515
:1086100005210A24C2604561856142620425C0F8D3
:10862000B820016680224FF4F0714FF48066046137
:10863000C4618562012409254FF0140C426311279F
:10864000082281664FF027080321C0F8B430046285
:108650004466C46443658567C0F830C0C2638765FB
:10866000C66606674167C0F87C80C0F8A440B024A5
:10867000C0F8C0404824C0F8C4406024C0F884500A
:10868000C0F88850C0F8C84002253024C0F8E03057
:10869000C0F8F030D3234FF01208C0F88C50C0F867
:1086A0009050C0F89C50C0F8A050C0F8CC404FF497
:1086B000FA650624C0F8F4300023C0F88080C0F8C2
:1086C00094C0C0F89810C0F8A810C0F8AC20C0F84A
:1086D0000021C0F80421C0F8D040C0F8D470C0F820
:1086E000D850C0F8DC20C0F8E840C0F8E460C0F81A
:1086F000FC30C0F8F810BDE8F081012070477047E9
:1087000038B50446D0F82C0320B1EBF3C7F50023AD
:10871000C4F82C33D4F8340320B1EBF3BFF50023B5
:10872000C4F83433D4F8180730B1236823B1EBF31D
:10873000B5F50023C4F81837D4F8C40218B123687B
:108740000BB1EBF3ABF5D4F8C8020025C4F8C45262
:1087500028B123681BB1EBF3A1F5C4F8C852D4F8D3
:10876000640208B1EBF39AF5D4F854030025C4F879
:10877000645218B1EBF392F5C4F85453D4F81403CF
:1087800020B1EBF38BF50023C4F81433D4F8D402F2
:1087900008B1EBF383F500256319D3F8A032D3F8C1
:1087A000E00008B1EBF37AF50435102DF4D1D4F8DC
:1087B000A00208B1EBF372F5D4F8840420B1EBF316
:1087C0006DF50023C4F88434D4F8DC0420B1EBF355
:1087D00065F50023C4F8DC34D4F8280520B1EBF3A8
:1087E0005DF50023C4F8283538BD10B50C46D1B16D
:1087F000C86918B1EBF352F50023E361D4F888009F
:1088000020B1EBF34BF50023C4F88830D4F88C008A
:1088100020B1EBF343F50023C4F88C302046BDE8CB
:108820001040EBF33BB510BD70B504464FF4B87083
:108830001646EBF327F50546A8B14FF48470EBF329
:1088400021F5E86178B13146FFF7CEFE4FF4547060
:10885000EBF318F5C5F8880028B1C420EBF312F546
:10886000C5F88C0020B929462046FFF7BEFF002539
:10887000284670BD2DE9F0411D4600260368C0F86A
:10888000C46293F8B430044638205843EBF3FAF44A
:10889000C4F8C402002855D0236893F8B4008000BF
:1088A000EBF3F0F4C4F8C80210B940F2F53394E0E9
:1088B0004FF40070EBF3E6F4C4F81807002800F05A
:1088C0009580C4F864622020EBF3DCF4C4F8640201
:1088D00010B94FF47E7380E0C820EBF3D3F4C4F8F2
:1088E000540310B940F2F23377E04FF4B870EBF371
:1088F000C9F4C4F8840410B940F2F9336DE0802063
:10890000666AEBF3BFF4B06210B940F2034364E06F
:108910004FF48470EBF3B6F4C4F82C0310B940F2B2
:10892000EF335AE04FF48470EBF3ACF4C4F8340343
:1089300010B94FF47C7350E01220EBF3A3F4C4F8A9
:10894000140310B94FF47D7347E0B420EBF39AF4AD
:10895000C4F8D40210B940F2F6333EE04FF464702C
:10896000EBF390F4C4F8A002F0B100F1E403C4F812
:10897000A43200F5E47300F52B70C4F8A832C4F8F3
:10898000AC02264604F110072368D6F8A082DB6902
:10899000D3F8D4004001EBF375F4C8F8E000D6F842
:1089A000A032D3F8E00010B940F2F73315E00436F6
:1089B000BE42E9D14FF48470EBF364F4C4F8DC04F4
:1089C00010B940F2FB3308E04FF48670EBF35AF431
:1089D000C4F8280520B940F2FF332B60BDE8F081D0
:1089E0003820EBF34FF4C4F8780610B94FF48163E4
:1089F000F3E70120BDE8F08138B50D4604460028B4
:108A00002BD0FFF77CFE20462946FFF779FEA06AAF
:108A100008B1EBF343F4636A5BB1986A20B1EBF3FE
:108A20003DF4636A00229A62606AEBF337F4002334
:108A30006362D4F8780620B1EBF330F40023C4F875
:108A40007836216821B12846FFF7CFFE0023236046
:108A50002046BDE83840EBF321B438BD2DE9F341A1
:108A6000064640F67400884615461F46EBF30AF4A6
:108A7000044610B940F2EA3310E02623C0F8E0358E
:108A8000C0F8E435089B4146C0F81C373A463046EA
:108A9000FFF7CAFE206018B940F2EB332B602DE0DF
:108AA00040231A4A80F8B430236812680460C3F87F
:108AB00098204FF40870EBF3E5F3A06240B100F5A5
:108AC0008870E0622C20EBF3DDF3606230B902E0E5
:108AD00040F2F233E2E740F2F333DFE7204631467B
:108AE00042462B460097FFF7C5FE38B12046314677
:108AF00042462B460097FFF700FE20B9204631463C
:108B0000FFF77AFF00242046BDE8FC814404000002
:108B100003680B22DB69C3F8BC205A619A61704775
:108B200010B50446F8B1D0F8500208B1EBF3B6F333
:108B3000D4F8E80220B1EBF3B1F30023C4F8E83233
:108B4000D4F8FC0320B1EBF3A9F30023C4F8FC3301
:108B50002368054918682246FEF7F1F92046BDE86A
:108B60001040EBF39BB310BD6E7D890080F8C013FD
:108B700070470000F0B587B00546FFF7C9FF4FF416
:108B80008160EBF379F30446002800F0D4800021E3
:108B90004FF481624026E6F359F3256084F8E163DF
:108BA000BC20EBF369F3C4F85002002800F0BA804F
:108BB0000021BC22E6F34AF30123A3726373A3737B
:108BC000E373A37494F8E13300223F2BE67498BF5B
:108BD000E374FF2384F828300B2322746274227319
:108BE000E2720521022284F8DE33002384F8271084
:108BF00084F82D2041F2285084F82C3060852868B4
:108C000090F89C00217501280CBF0120104684F8C3
:108C10002E00012084F8C0034FF40060A275606349
:108C2000224621460520D0750220D07723B94FF483
:108C30008070A4F8E40302E02020A1F8E4030133EB
:108C400001320231082BEDD100260127204641F2E6
:108C5000285184F82F6084F8307018F0D1DA02219E
:108C6000204685F8DA721AF011DE84F8D863042100
:108C70002846324A324B0096019401F0DDFCB042A6
:108C8000C4F800044EDB042128462E4A2E4B0096E1
:108C9000019405F017FFB042606043DB4FF43E7073
:108CA000EBF3EAF2C4F8E80200283BD031464FF477
:108CB0003E72E6F3CBF21020EBF3E4F2C4F8FC03CF
:108CC00000282FD0214B28680093214B2149019384
:108CD000214B224A03932346029604960596FEF7FB
:108CE00089F9F8B91E4B84F854721A1D07CA8DE829
:108CF000070022461B6828460721FEF7C7FAFF2314
:108D000084F8DD332B68204693F841101BF03CDDDE
:108D1000C823C4F8EC3220461BF04AD8202384F83C
:108D2000E23308E0D4F8500208B1EBF3B7F2204682
:108D3000EBF3B4F20024204607B0F0BD01918300AC
:108D4000E5908300A1918300819183006199830064
:108D500099B783005CE2880015AA83006E7D8900C4
:108D6000A09B0200024618B100680249FEF7E7B86E
:108D7000704700BF5D89890010B5044686B00E4972
:108D80000E4A234600680AF0F1D90D4B2068009383
:108D90000023019302930393049305930949064A20
:108DA0002346FEF727F920B12046FFF7DBFF4FF0FF
:108DB000FF3006B010BD00BF5D89890021CF830060
:108DC00015CE83004CE3880038B50446D0F8340152
:108DD0001546FFF7CBFED4F838012946BDE83840E8
:108DE00000F02CB810B50446002824D0416969B1C0
:108DF00090F829301BB103689868F7F355F523689C
:108E000061699868F7F3BCF500236361A06908B154
:108E1000EBF344F2E06918B1EBF340F20023E361B5
:108E20002368054918682246FEF789F82046BDE800
:108E30001040EBF333B210BD7686890080F828101D
:108E40007047000070B5054686B03420EBF314F28D
:108E50000446002800F0928000213422E6F3F6F167
:108E60004023256084F82A305020EBF305F2A061FE
:108E700000287BD000215022E6F3E8F1012384F89A
:108E8000203084F8213084F8223084F8233084F8AC
:108E9000243084F8253084F8263084F82730237273
:108EA0001023637294F82A300F2B98BF63722B6AD9
:108EB00000261869EDF7F2FD4FF47A73E381C823B9
:108EC000238200F01000012300280CBF052007209A
:108ED00084F8283003232073E3722046A6721DF025
:108EE000FDDC04212846274A274B0096019401F017
:108EF000A3FBB042206339DB04212846234A244BDC
:108F00000096019405F0DEFDB04260602EDBA8689B
:108F1000204922463346F7F34BF5606130B34FF4F6
:108F2000BA70EBF3A9F1E06100B331464FF4BA72C5
:108F3000E6F38CF1184B28680093184B18490193FD
:108F4000184B194A0393194B02960493184B059337
:108F50002346FEF74FF8064640B92B68204693F8A3
:108F600042101DF06DDC84F8296007E0A06908B1AB
:108F7000EBF394F12046EBF391F10024204606B088
:108F800070BD00BF05DF8300EDDE830061DF83007D
:108F900041DF830071E28300DDDF830045E583006C
:108FA00088E3880029E18300768689004457010020
:108FB00025A300000023037440F6FB63C3817047C0
:108FC00010B5044690B11EF025D9606808492246C4
:108FD000FDF7B5FFE06E08B1EBF360F1206EEBF347
:108FE0005DF12046BDE81040EBF358B110BD00BF65
:108FF0006E88890030B5054687B07020EBF33CF1F0
:109000000446002834D000217022E6F31FF12B68BB
:10901000256063601820EBF32FF1206620B3002158
:109020001822E6F313F16420EBF326F1E066D8B1E1
:1090300000216422E6F30AF10F4A104B0292104A13
:1090400000930023019303920493059360680D49F4
:109050000D4A2346FDF7CEFF30B901236382A38278
:109060002046FFF7A7FF03E02046FFF7A9FF0024F3
:10907000204607B030BD00BFDDF1830095EE8300D0
:1090800075F08300DCE388006E88890070B50446C3
:10909000E8B18569C669284600F016F9616C41B1EE
:1090A000A868F7F301F4A868616CF7F369F400238A
:1090B0006364224630460649FDF741FF2868214691
:1090C000FEF75CF82046BDE87040EBF3E7B070BDFA
:1090D000826A89002DE9F0433C234FF005090A27F5
:1090E000D0F80080C0F80435C0F80895C0F81075B5
:1090F00087B00446A020EBF3BFF00546002800F03F
:10910000B1800021A0220026E6F3A0F02E70AC6111
:10911000C5F81C80284620F0AFDF0421A862554A1C
:10912000204633460096019501F086FAB042A866C3
:10913000C0F29880204600F0E1F80646002840F092
:109140009180A0684C492A463346F7F331F46864AD
:10915000002800F08780494B40460093484B49491E
:109160000193494B494A02932B4603960496059670
:10917000FDF740FF0346002874D10090294620687F
:10918000434AFDF78AFF014600286BD1D4F88804D2
:109190000122404B03F03CFF002863D13E4BD4F842
:1091A00094068DE81800394601223C4B02F00CFC75
:1091B000002857D13A4B32228DE81800D4F8940693
:1091C0003946384B02F000FC024600284AD1D4F858
:1091D00094064946344B009402F0ACFE002841D17D
:1091E000D4F8940649460122304B009402F0A2FEC6
:1091F000002837D1D4F89406494632222C4B0094EB
:1092000002F098FE70BBD4F894064946A422294B7C
:10921000009402F015FF28BBD4F89406494630228A
:10922000254B009402F086FEE0B9D4F89406C021E4
:109230002D22224B009402F07DFE98B9D4F89406BA
:1092400090212D221E4B009402F0D6FC50B9D8F884
:10925000D8001C49E6F372F64FF47A7390FBF3F3EF
:109260006B8103E02846FFF711FF0025284607B071
:10927000BDE8F08301FD8300DD16840009FD830055
:10928000AD0F8400A8E4880089118400826A8900F7
:1092900065068400F9078400F5138400A511840095
:1092A000D91384009511840091128400C91284009E
:1092B00055128400791384000D138400A9148400CE
:1092C000A51484006885890038B5D0F81455044683
:1092D00075B10849024660F0B5D9074922462068B1
:1092E000FDF72DFE2846EAF3D9F70023C4F814351C
:1092F00038BD00BF1139840066570100F0B504463F
:1093000087B04FF40A60EAF3B7F7054620B9C4F80E
:1093100014054FF0FF3005E100214FF40A62E5F338
:1093200095F7226805F120032B60002608236B6166
:109330002E61F821D36520467B4A7C4B0096019430
:1093400005F0C0FBB042A86105DA2046FFF7BCFF7C
:109350006FF00100E6E0764B002243F8042BF207A1
:109360001FD5744901270A780D2A07FA02FE03DC8B
:10937000D21917FA02F001E04FF40040CA78012137
:1093800011FA02F70D2A47EA0E0747EA000003DC4C
:10939000521811FA02F201E04FF40042024343F87E
:1093A000042CB00723D5634901274A7853F804EC0D
:1093B0000D2A07FA02FC03DCD21917FA02F001E0C9
:1093C0004FF400408A78012111FA02F70D2A47EA8A
:1093D0000C0747EA000003DC521811FA02F201E020
:1093E0004FF40042024342EA0E0243F8042C710794
:1093F00023D5504901270A7953F804EC0D2A07FABE
:1094000002FC03DCD21917FA02F001E04FF400402D
:109410004A79012111FA02F70D2A47EA0C0747EAB7
:10942000000003DC521811FA02F201E04FF400428E
:10943000024342EA0E0243F8042C320723D53D4989
:1094400001278A7953F804EC0D2A07FA02FC03DCA1
:10945000D21917FA02F001E04FF40040CA79012155
:1094600011FA02F70D2A47EA0C0747EA000003DC6D
:10947000521811FA02F201E04FF40042024342EAAC
:109480000E0243F8042C0136102E7FF465AF2A4BF0
:10949000002103932068294A2346009101910291FB
:1094A00004910591FDF7A6FD70BB0121D4F8880455
:1094B0000A46234B03F0ACFD48BBD4F888040121D5
:1094C0000222204B03F0A4FD20BB1F4BD4F89406CE
:1094D0008DE81800802105221C4B02F0F3F9E0B959
:1094E0001B4B1A1D07CA8DE80700204603212246A0
:1094F0001B68FDF7CBFE20461649224660F09CD83B
:1095000070B9C4F814550DE06FF003000AE06FF075
:10951000040007E06FF0050004E06FF0060001E0D2
:109520006FF0080007B0F0BDC538840045388400EE
:109530007465010060E188000D3284006657010007
:10954000CD2F840009368400F9398400FD31840070
:10955000B09B02001139840070B51E468B891546F8
:1095600042F2560293420C4608D842F25502934208
:109570002DD242F25002934229D108E042F2600219
:1095800093421AD04EF2F542934220D11AE0CB8991
:10959000012B04D16FF03B032B600F2303E06FF02E
:1095A00045032B60142333600368D3F88030D9045B
:1095B00012D52B68023B2B600EE06FF04A032B6044
:1095C0000F2308E06FF095032B60962303E06FF004
:1095D0004A032B6014233360D4F8080130B3002110
:1095E0004022E5F333F6D4F8082180231370D4F831
:1095F000082129685170D4F808219370D4F80831F3
:109600003268DA70D4F80831BF221A71D4F8083100
:1096100000225A71D4F808310322DA8046221A81D6
:109620000A225A8101229A810A22DA81D4F80C0195
:1096300028B100211022BDE87040E5F307B670BDE7
:1096400010B50446E0B103680E4918682246FDF7DC
:1096500076FCE36833B1214651F80C3BD3F83C0665
:10966000F7F712F9A36833B1214651F8083BD3F854
:109670003C06F7F709F92046BDE81040EAF30EB6BC
:1096800010BD00BF969F890070B5054686B01020BA
:10969000EAF3F2F50446002837D000211022E5F362
:1096A000D5F5D5F83C06E421194A04F10803F7F78B
:1096B000DFF830BBD5F83C06E821164A04F10C036C
:1096C000F7F7D6F80646E0B98DE8110004212846E0
:1096D000114A124B05F0F6F90028606011DB104BBF
:1096E000286800930F4B10490193104B104A0393C5
:1096F0002346029604960596FDF77CFC08B9256082
:1097000003E02046FFF79CFF0024204606B070BD12
:109710006B57010071570100DDBD84009DBD8400C1
:1097200075B6840051BE840050E6880079B6840086
:10973000969F890001207047012970B50E46144696
:1097400007D1174B03211046D3F8B8300A46984783
:1097500070BD19BB124BD3F8C050FFF7EBFF314679
:1097600002462046A847204601213246A847204607
:1097700002213246A847204603210122A84720465D
:109780004FF481710122A84720464FF48071324680
:10979000A847204640F201113246A84770BD00BFDD
:1097A00010A78800806C20381F2805D8802333FA42
:1097B00000F000F00100704700207047C16FB0F862
:1097C0004E3010B58A6AB3B1FF2B16D9180B013889
:1097D000012814D803F47060000A09280FD878B162
:1097E00003F0F00090280AD803F00F0009288CBF7E
:1097F0000020012004E0184602E0012000E00020E3
:109800000C6B41F2E4418C4215D1A2F5826107391B
:10981000012903D83F2B98BF002010BD40F20C4116
:109820008A4207D040F221418A4204D1502B98BF8E
:10983000002010BD002010BD90F8763010B5044611
:109840003BB9044B04491A682CF03CDA012384F834
:10985000763010BD78B802007CB8020070B50C46B6
:109860000546164608460A220021E5F3EFF4638810
:109870001E432B6D6680980603D5238843F48063CE
:109880002380D5F8943042F25002198C914205D1D0
:109890005B8C052B9CBF46F00406668070BD000003
:1098A000D0F880000149E6F36DB300BF119C0200BF
:1098B00010B504460C20EAF3DFF4C4F80C0138B10B
:1098C0000C220021E5F3C2F4D4F80C3110229A7274
:1098D00010BD10B50446D0F80C0120B1EAF3DEF457
:1098E0000023C4F80C3110BD70B5064605460024AF
:1098F000686938B1064B1B689847304621460022FC
:109900003BF03ADE01340435062CF1D170BD00BFC6
:1099100010A788002DE9F043046985B00546EC20C6
:10992000A66FEAF3A9F43062002875D01020A66F64
:10993000EAF3A2F4706200286ED0002637460F21A9
:109940006846384A3346E5F3E7F4D4F880006946C0
:10995000E6F318F308B10137BFB2013640F2F13334
:109960009E42ECD137B9D4F880002F49E6F30AF3D0
:10997000002843D0B8000630EAF37EF4C5F85C0650
:10998000002849D00023838000260F216846254AFD
:109990003346E5F3C1F4D4F880006946E6F3F2F209
:1099A00098B1D5F85C866946D4F88000B8F8049080
:1099B000E6F3C4F208EB89031881D5F85C369A887F
:1099C00003EB82010132CE809A80013640F2F133FE
:1099D0009E42DAD1D4F880001349E6F3D3F2D5F8E9
:1099E0005C6650B1D4F880000F49E6F3A7F2D5F8D1
:1099F0005C36012270801A7000E03070A36F586AE4
:109A000060B1012303808380C380038102234381EB
:109A100004238381002001E06FF01A0005B0BDE847
:109A2000F08300BF629C02006F9C02002DE9F04FA2
:109A30000568C6682B688FB0DF6900230446009371
:109A400088460BA80921944A3346E5F365F4D4F817
:109A50001490B9F1000F40F01081D4F888103A68E2
:109A600001F50071E06FD4F808A00992D7F804B0AE
:109A7000FAF798FE0146A868FCF776FD002800F08A
:109A800005810921844A0BA83346CDF80090E5F3FF
:109A900043F4E26FD4F88810B8F1000F02D001F55A
:109AA000007300E04346099801F50871B8F1000F12
:109AB00008BF002001900091CDF808B0B9684FF0C0
:109AC000FF390391CDF81090F968DFF8DC8105913A
:109AD000D5F8E015504606910BA9CDF81C80FAF791
:109AE000D1FC0546002800F0D1802A466B4B204669
:109AF0000021FFF721FE2A46204600213BF03CDDF5
:109B000000250921644A33464FF0010B0BA8CDF81C
:109B100000B0E5F301F400953A68D4F8883001927A
:109B200050460BA9E26F03F5107302950395CDF82B
:109B3000109005950695CDF81C80FAF7A3FC074612
:109B4000002800F0A4803A46544B20462946FFF7EF
:109B5000F3FD59463A4620463BF00EDD4FF0020B2E
:109B600009214D4A33460BA8CDF800B0E5F3D4F3F4
:109B7000099AD4F88830019250460BA9E26F03F598
:109B80002073009502950395CDF8109005950695E4
:109B9000CDF81C80FAF776FC0746002877D03A46C5
:109BA0003E4B20462946FFF7C7FD59463A46204618
:109BB0003BF0E2DC4FF0030B0921374A33460BA898
:109BC000CDF800B0E5F3A8F3099AD4F888300192F3
:109BD00050460BA9E26F03F530730095029503958B
:109BE000CDF8109005950695CDF81C80FAF74AFC43
:109BF000074600284BD03A46284B20462946FFF717
:109C00009BFD3A46204659463BF0B6DC04273346D6
:109C10000921214A0BA80097E5F37EF3099AD4F8AD
:109C20008830019250460BA9E26F03F5407300950E
:109C300002950395CDF8109005950695CDF81C80FA
:109C4000FAF720FC064608B3324620462946134B55
:109C5000FFF772FD3246204639463BF08DDC264642
:109C6000706930B10E4B0F49D3F88C309847C6F865
:109C7000C00001350436062DF2D1D4F894102046E8
:109C800008310022FFF7EAFD012700E007463846C9
:109C90000FB0BDE8F08F00BFE29B0200F05D010055
:109CA00010A78800D4318900C403000010B5BDE8B6
:109CB0001040FCF77DBA11B10846FCF721B8704797
:109CC000F8B504690546002C42D0E06F08B1FCF7F6
:109CD0004DF82046FFF708FED4F89460B4F846002B
:109CE0000BF0A0D8706A28B103F04BFC00230746A4
:109CF000736200E00746D4F8900003F021FC0026D0
:109D00003F18D4F88C0004F0D9F92046C4F88060DC
:109D1000E667FFF7DEFDD5F85C0618B1EAF3BEF2A0
:109D2000C5F85C66A36F186A20B1EAF3B7F2A36FB7
:109D300000221A62A36F586A20B1EAF3AFF2A36F50
:109D400000225A62204601F03BFD00232B6100E017
:109D500027463846F8BD0000F0B587B04FF480358F
:109D60000021042303AA0446D0F8887000952CF043
:109D70005BDC234B06AE46F8083D00210423204659
:109D8000324600952CF09CDC0423002105AA2046D5
:109D900000952CF049DC049B059A9A422AD1194B74
:109DA0000021049320460423324600952CF088DCE1
:109DB0000423002105AA204600952CF035DC049BE5
:109DC000059A9A4216D104230021204603AA009541
:109DD0002CF076DC0023C7F88C31D7F82031B3F1B2
:109DE000042F09D00848C0EB030CDCF1000040EB65
:109DF0000C0002E0002000E0012007B0F0BD00BF31
:109E0000AA5555AA55AAAA5500040084224B70B53C
:109E10004FF00061002603660A4646660446056860
:109E20002DF0C6DD4FF08073C4F820310323A4F871
:109E3000A8300223A4F8AA300723A4F8A4300423EE
:109E4000A4F8A63041F2010384F8A260A4F8BC3063
:109E50004FF41673A5F810362B6893F89C20012A4E
:109E60000CBF0C220622A5F80E2693F864211AB125
:109E7000226E42F08072226693F89C20074812F10D
:109E8000FF3218BF01220649E5F306F2FF2384F8EA
:109E900034310123637470BD60A8E7B878570100BE
:109EA000787502002DE9F04F97B09B464FF00009FE
:109EB00016AB8A46174643F8049D21995A46054633
:109EC00001F097FC0446002800F01D839DF88030C7
:109ED000286103742B6840F61201D3F8D400D3F83C
:109EE000D860D3F8DC304A46C4F88430E067C4F860
:109EF0008060F0F321F0C4F888008046E860E06FED
:109F0000EFF380F2A0642046FFF780FF30469749C8
:109F1000E6F338F028B149464A46E5F3CFF51FFA93
:109F200080FA30469249E6F32DF048B100210A4606
:109F3000E5F3C4F54FF6FF7380B2984218BF0746A9
:109F400050463946FDF734F908B90C23DAE289495D
:109F5000A4F844A0A4F846703046E5F3EFF786492C
:109F6000C4F860013046E5F3E9F7C4F86401B4F8D9
:109F700046000AF057DF003018BF0120263054F8A1
:109F80002030B4F84600C4F894300AF04BDF0030BB
:109F900018BF01200A3055F8203020462B62FFF709
:109FA00001FC08B90D23ADE2E06FEFF3E5F1E06FDE
:109FB000EFF39CF6204600212BF0B0DB20464FF05B
:109FC000FF312CF021DC2046FFF7C6FE08B90E2336
:109FD00098E230466949E5F3B1F7FF2808BF012050
:109FE000A4F84E002046FFF7E9FB08B90F2389E2E9
:109FF00063493046E5F3A2F7624984F84C003046E5
:10A00000E5F39CF7604920653046E5F397F794F84F
:10A010004C3060650B2B05D930465C49E5F38EF773
:10A02000C4F850015A493046E5F388F7594984F895
:10A0300035013046E5F382F784F836012B6893F852
:10A040006A312BB130465449E5F378F7C4F854012E
:10A0500052493046E5F372F7514984F858013046C9
:10A06000E5F36CF7E36F41F26B02196BA4F868013A
:10A07000914220D19B6A4E2B08D1B4F84E30402B30
:10A0800019D9236D43F00203236514E0E42B04D1B6
:10A09000B4F84E30B3F5A85F06E0EF2B0BD1B4F85F
:10A0A0004E2041F201239A4205D8236D43F48003E8
:10A0B0002365002363653B493046D4F85C71E5F3C2
:10A0C0003DF7394938603046D4F85C71E5F336F72E
:10A0D000364978603046D4F85C71E5F32FF734499F
:10A0E000B8603046A76FE5F329F73876A36F1A7E7C
:10A0F000012A01D003221A76236D990604D5012185
:10A1000020460A462DF0F6D8D4F880002949E5F318
:10A1100039F720B1D4F880002649E5F30FF78146DE
:10A120002549D4F88000E5F32DF720B1D4F880005C
:10A130002149E5F303F707462049D4F88000E5F309
:10A1400021F720B1D4F880001C49E5F3F7F62B681D
:10A1500093F82821BAB3226D920504D5B9F1000F06
:10A1600001D007B160BB00222BE000BF259C02009C
:10A17000B49C02004C9C0200579C0200AB9C020065
:10A18000BA9C0200069C0200869C02009F9C020072
:10A19000CC9B0200D79B0200799C0200369C0200F7
:10A1A000C29C0200419C02002C9C0200C09B020049
:10A1B000ED9B0200199C0200F29B0200929C02009F
:10A1C000012283F828212B6893F8692132B1226D8E
:10A1D00012F0010218BF012283F86921B4F8462069
:10A1E0000123C4F8B830B4F844002B68A5F8AA21BC
:10A1F000E26FA5F8A801C3F8D420A26C1A6194F804
:10A200004C2083F87C202B68226DB4F84E00C3F8F4
:10A210008020626DA3F87A00C3F8842094F84C2063
:10A2200020460B2A84BFD4F85021C3F84821D4F823
:10A23000B820012783F83D705A62A9682A4603F0C6
:10A240002BFFC4F88C0008B919235BE1219AE36F56
:10A250000292A26C04900692B4F84620B4F844002E
:10A26000ADF82A20DA6B03930B921A6CADF8280034
:10A270000C925A6C02A80D9294F84C20CDF814B0B0
:10A280000E929A6A09960F92B4F84E2010921A6BA9
:10A290001192226D1292626D13925A68DB680792D6
:10A2A000089303F0AFFAC4F8900008B9102329E12D
:10A2B0002623C5F8E035C5F8E4354FF4FF73C4F83C
:10A2C0003831B4F846000AF0ADDD10F1000918BFCE
:10A2D0004FF00109494620462EF0FCD8B9F1000F95
:10A2E000D4F894300CBF02220122C3F804901A6003
:10A2F0002B6A14BF01220222C3F804901A60E06F97
:10A30000D5F81C90EFF376F0D8F85C31C9F800006E
:10A3100023F000437E4AE3662367A36C0C2101FB14
:10A320000323303BC4F8D830204639462BF0ACDD4F
:10A33000D4F89490D4F890004146D9F800203346E0
:10A3400003F066F9C9F8240008B91123DAE04FF0E8
:10A35000FF3120462DF04EDAD4F89430E16E586A81
:10A3600003F00CF9D4F8943003F12202009203F1C7
:10A370001C0103F11E02586A203303F0ECF8D4F8F4
:10A380009480D8F8240003F0F4F888F82800D4F872
:10A390009430D5F82080586A03F0EBF888F8140060
:10A3A000D4F89480D8F8240003F0E6F8D4F8943078
:10A3B000C8F81800DA8B37FA02F1C90701D4122362
:10A3C000A0E0296A586A0861988B4A8108811A8C32
:10A3D000588C8A81C8810F2240F2FF30D8829A823D
:10A3E00020463946FFF722FB08B913238AE02B6881
:10A3F00093F86931002B32D0002120462BF0F6DF94
:10A4000030464449A76FE5F399F5236DC0B2DA07EA
:10A41000386020D5636D1B061DD4E36F9A699000E8
:10A4200002D5DA69D10704D5DB69DA0701D4580708
:10A4300011D5E36E99000ED530463649E5F3A2F505
:10A4400030B134493046E5F379F5C1B2204604E035
:10A450002046082101E0204600212BF073DDE06F4B
:10A46000EBF358F420462DF017DF0094E06F2A49F3
:10A470002A4A0023FBF76CFC204600212DF0EEDE7B
:10A480002046FFF70DFA08B915233BE004F1FC065E
:10A490003146E5F3A9F13046E5F338F518B9304611
:10A4A000E5F340F508B116232CE02046FFF700FA4B
:10A4B0002846A16C01F0E2F92B68DA69526AC5F806
:10A4C0004425013A85F84225D3F89800A8B10378CD
:10A4D0009BB113492246E5F3C7F62B681149D3F81F
:10A4E00098002246F9F78AFE606930B12B68D3F8EC
:10A4F00098100D4BD3F8B03098472846FFF70AFA6A
:10A5000010B11B231593159817B0BDE8F08F00BF4D
:10A51000005E0100FD9B020001DC840015DC84006C
:10A520005DD98400BDD9840010A7880010B5044609
:10A53000002828D00368144918682246FCF7FFFC5D
:10A54000236A1BB104F12000E4F396F0E3691BB128
:10A5500004F11C00E4F390F0A3691BB104F11800AE
:10A56000E4F38AF063691BB104F11400E4F384F0AE
:10A5700023691BB104F11000E4F37EF02046BDE82E
:10A580001040E9F38BB610BD8A570100036830B55F
:10A59000DB690546586D87B000012430E9F372F697
:10A5A0000446002838D0034643F8245BC36004F116
:10A5B0001001D5F83806E4F349F068BBD5F8380641
:10A5C00004F11401E4F342F030BBD5F8380604F18D
:10A5D0001801E4F33BF0F8B9D5F8380604F11C0192
:10A5E000E4F334F0C0B9D5F8380604F12001E4F3FF
:10A5F0002DF088B94FF4856363600B4B0190009395
:10A600000A4B039002930490059009492868094A6F
:10A610002346FCF7EFFC18B12046FFF787FF002424
:10A62000204607B030BD00BFC10B85007513850003
:10A6300080E688008A570100F0B5D0F8284100680C
:10A64000A568C069406D854211D2E7682E01B8192E
:10A650004360059B01358360069BBA51C360606807
:10A66000A560C31C591821F003016160F0BD6FF0B3
:10A670001500F0BDD0F828311869E3F3C3B7D0F85E
:10A68000280110B10069E4F31FB07047D0F82831F9
:10A69000D869E3F3B7B7D0F82831D869E4F314B038
:10A6A000D0F82831186AE3F3ADB7D0F82831186A2A
:10A6B000E4F30AB073B505462EF058DC0446B8B191
:10A6C0002B684FF00052C5F86802009293F82F20D3
:10A6D000284601922146002204332EF0D3D90646A3
:10A6E00050B9284621462FF0B1DB064620B901E0DB
:10A6F0006FF01A0630467CBD284621462FF01EDB3F
:10A70000F8E7F8B51F4603680D461E691146D6F8EE
:10A7100080001446E5F32AF440B3B84224D1214620
:10A720000022D6F88000E5F315F4287021460122B6
:10A73000D6F88000E5F30EF4687021460222D6F8C0
:10A740008000E5F307F4A87021460322D6F88000C4
:10A75000E5F300F4E870D6F8800021460422E5F322
:10A76000F9F328710120F8BD4FF0FF30F8BD00006B
:10A7700038B50446B8B103680B4918682246FCF79F
:10A78000DEFB606B08B1E9F389F5D4F880000025A1
:10A79000656318B1E9F382F5C4F880502046BDE83E
:10A7A0003840E9F37BB538BD915701002DE9F04100
:10A7B00005698CB007468420E9F364F50446002857
:10A7C00000F0D28107603C20E9F35CF58046002868
:10A7D00000F0CA813B69012680F8386080F8396052
:10A7E00043603B6A046031461869ECF77EFAD8F89A
:10A7F0000430B649D3F88000E5F3A0F3D8F804306C
:10A80000C8F81400B249D3F88000E5F397F3D8F8FC
:10A810000430C8F81800AF49D3F88000E5F38EF390
:10A82000D8F80430C8F81C00AB49D3F88000E5F331
:10A8300085F3D8F80430C8F80800A849D3F8800098
:10A84000E5F37CF3D8F80430C8F81000A449D3F835
:10A850008000E5F373F3A34BC8F80C00C4F88080C4
:10A860000093A14BA1490193A14BA24A0293A24B91
:10A870000393A24B0493A24B059338682346FCF73D
:10A88000B9FB8046002840F06F8184F82C003B69BA
:10A890009C49D3F88000E5F351F384F86F0032202F
:10A8A000E9F3F0F407466063002800F05D8141465B
:10A8B0000A2206A8E4F3CAF40C238DF81930992370
:10A8C0008DF81A30A6238DF81B3008238DF81E3022
:10A8D000B7238DF81F30E2238DF820308A4AC42335
:10A8E0008DF821308DF818608DF81D601068516862
:10A8F00009AB03C3128985491A80854B3E70A36357
:10A90000844B84F85A80E363636B9E71D5F88000B2
:10A91000E5F338F3002800F093807C49D5F88000F7
:10A92000666BE5F30BF370707B49D5F88000666BBE
:10A93000E5F304F3B0707949D5F88000666BE5F370
:10A94000FDF2F0707649D5F88000666BE5F3F6F21B
:10A9500030717449D5F88000666BE5F3EFF27071E1
:10A960007149D5F88000666BE5F3E8F2F0716F4944
:10A97000D5F88000666BE5F3E1F2B0716C49D5F86B
:10A980008000E5F3DBF284F844006A49D5F88000E2
:10A99000666BE5F3D3F230726749D5F88000666BD9
:10A9A000E5F3CCF27072616B05230A31634A2046ED
:10A9B000FFF7A7FE616B05230F3186B2604A204680
:10A9C000FFF79FFE616B0523143136185D4A204660
:10A9D000FFF797FE616BB6B21931052336185A4A54
:10A9E0002046FFF78EFE616BB6B236180B7AB6B210
:10A9F000B34225D11E310523544A2046FFF781FE7C
:10AA0000616B0523233186B2514A2046FFF779FE58
:10AA1000616B0523283136184E4A2046FFF771FE38
:10AA2000616BB6B2052336182D3120464A4AFFF72E
:10AA300068FE636BB6B236185B7AB6B2B34225D005
:10AA4000626B00235370626B0C219370626BD37046
:10AA5000626B1171616B02224A71A86F616B0068B1
:10AA6000C871616B0A72616B4A72606B812284F8F3
:10AA7000402006A90A2284F841300A30E4F362F348
:10AA8000606B09A91E300A22E4F35CF3626BAB6FC2
:10AA9000D27900211A6004F14D000822E4F3D6F3C4
:10AAA000002384F8583084F85930A4F85630D5F88B
:10AAB00080002A49E5F366F2002851D0D5F88000DD
:10AAC0002649E5F33BF284F85F0051E0E49D020083
:10AAD000D19C0200FA9C02000A9E0200629D0200C4
:10AAE000D09D02005128850085DA0000A4E6880088
:10AAF000E12B850091570100D52B8500A45701005B
:10AB00006DD30000989E02003B380100479E020072
:10AB10001127850089278500919D0200319E020042
:10AB20001B9E0200F39D0200E29C0200A89D020011
:10AB30004E9D0200819D02003D9D02000D9D020080
:10AB40001D9D02002D9D0200719D0200549E020079
:10AB5000659E0200769E0200879E0200BD9D020057
:10AB6000BA2384F85F3003E02046FFF701FE00249B
:10AB700020460CB0BDE8F08130B5044685B0002811
:10AB800040D0D0F8201131B103689868F5F3F8F699
:10AB90000023C4F8203123681A6892F82F2022B3CA
:10ABA000D3F8240101A900225EF0A2DA0FE0436885
:10ABB0005A060CD5D4F83051451904E00368C5F89D
:10ABC0001031E9F36BF3D5F810010028F6D12368B2
:10ABD00001A9D3F824015EF0A1DA0028E7D104E04E
:10ABE0000368C4F84431E9F359F3D4F84401002868
:10ABF000F6D12368044918682246FCF7A0F92046DC
:10AC0000E9F34CF305B030BD5DB3890030B50546BE
:10AC100087B04FF4A670E9F32FF30446002875D0EF
:10AC200000214FF4A672E4F311F33C4B256000932E
:10AC30003B4B3C4A019300230293039204930593F8
:10AC400028683949394A2346FCF7D4F900285DD1F0
:10AC50002B6A1A68022A05D15B7D002B0CBF1623D4
:10AC6000302300E0302322184430B0F5887F13747D
:10AC7000EED1A8682E492A460023F5F399F6C4F8C8
:10AC80002001002842D04FF47A7345F27352C4F881
:10AC90001C31A4F83C2100234622C4F84431A4F816
:10ACA0003E2128468DE828004FF48A71214A224B24
:10ACB00003F008FF0028C4F8300127DB1F4BD5F84C
:10ACC00094068DE818000521B0221D4B00F008FF06
:10ACD000E0B91C4BD5F894068DE818000521B22286
:10ACE000194B00F0FDFE88B9D5F894060A21B02270
:10ACF000164B009401F0A4F940B9D5F8C006B02174
:10AD0000134A144B009401F005FC18B12046FFF7DC
:10AD100033FF0024204607B030BD00BF91508500AE
:10AD200011658500654E850018E888005DB38900CF
:10AD30005549850011568500ED558500955D8500C6
:10AD4000E94A8500D15C8500514A8500955385000C
:10AD5000854E8500994E850010B5044630B133F01C
:10AD600091DE2046BDE81040E9F398B210BD10B561
:10AD700004462420E9F386F200B1046010BD00000F
:10AD800010B50446E0B143680E4918682246FCF746
:10AD9000D6F8D4F83C01FFF7DFFFD4F83401FFF711
:10ADA000DBFFD4F89C0008B1E9F378F2D4F8940002
:10ADB00008B1E9F373F22046BDE81040E9F36EB242
:10ADC00010BD00BFBC5701002DE9F041754B0027B5
:10ADD0001F60754B056888B006461F604FF4A07071
:10ADE000E9F34AF20446002800F0D78039464FF4D0
:10ADF000A072E4F32BF284E860003046C6F85841B4
:10AE0000FFF7B5FF8046C4F8340130B13046FFF794
:10AE1000AEFF8046C4F83C0120B92046E9F33EF27B
:10AE20004446BAE07F21042204F14400E4F30EF228
:10AE30007F21042204F17000E4F308F2042207A841
:10AE40003946E4F303F2336893F87C20D3F8D80052
:10AE5000012A13D95549E5F395F0014658B107A8E1
:10AE60000322E4F3CBF207A8042137F0B7D990B15D
:10AE700007A84F490CE007A84E4909E04E49E5F301
:10AE80005DF00928034606D84C4907A801EB830169
:10AE90000322E4F3B3F2032207A904F10800E4F368
:10AEA000ADF233684649D3F8D800E5F347F0D5F85A
:10AEB000D43041F26B02196BE06091420ED19B6A73
:10AEC0008B2B01D0902B09D1022807D107A83D492F
:10AED0000422E4F36FF208B90323E360D5F8D43019
:10AEE00041F26B02196B91420DD19B6A932B0AD1EF
:10AEF00007A835490422E4F35DF220B9E368042B86
:10AF000001D10623E360D5F8D43041F26B02196B0E
:10AF1000914218D19A6A40F235139A4213D107A888
:10AF20002A490422E4F346F258B107A8284904222A
:10AF3000E4F340F228B107A826490422E4F33AF2E8
:10AF400008B91323E3600025EAF786FF35F058DFE0
:10AF500007A90422C4F89450C4F89850C4F89C502F
:10AF6000C4F8A050C4F8A45084F8F450204633F03C
:10AF7000C3DE194B30688DE828001849184A23466B
:10AF80000295039504950595FCF734F828B1204601
:10AF9000C6F85851FFF7F4FE2C46204608B0BDE82D
:10AFA000F08100BFB4650100B8650100A89E0200F1
:10AFB000BF57010041B58900AE9E020094E98800A8
:10AFC000B19E0200C257010068EB880078E9880052
:10AFD00080E9880084E98800F16D85003CE98800FB
:10AFE000BC57010030B5054687B00C20E9F34AF1A3
:10AFF0000446D0B1114B05604FF49071009301905D
:10B000000722D5F894060E4B00F0DEFC80B90D4BFC
:10B010000190009302900390049005900A492868DB
:10B020000A4A2346FBF7E6FF10B9204607B030BDB9
:10B030002046E9F333F10024F7E700BFC19D850006
:10B04000299B8500659B8500ECED88003459010043
:10B05000036810B50446054918682246FBF76FFFE0
:10B060002046BDE81040E9F319B100BF3459010092
:10B0700070B5054686B00C20E9F304F104460028BB
:10B0800063D005600026019004212846334A344BE2
:10B090000096FFF7D1FAB042606059DB04212846E0
:10B0A000304A314B0096019403F00CFDB042A06091
:10B0B0004EDB28462D492246FFF7DCFA002847D10F
:10B0C0002B4BD5F894068DE818004FF4907125228B
:10B0D000284B00F079FC00283AD1274BD5F894068C
:10B0E0008DE818004FF490713C22244B00F06CFC6A
:10B0F00000282DD1D5F8940605219C22204B0095DF
:10B1000000F036FF002823D1D5F8940680212522AF
:10B110001C4B009400F070FDD0B9D5F89406802146
:10B120003C22194B009400F067FD88B9174B019041
:10B130000093174B039002930490059015492868DB
:10B14000154A2346FBF756FF10B9204606B070BDDE
:10B150002046E9F3A3F00024F7E700BF51A38500E0
:10B1600011A3850059A7850045A78500CDA38500BB
:10B17000E5A98500F1A3850015AA850019A485001D
:10B1800031A28500D1A28500F1A2850009A5850024
:10B19000E1A9850028EE880050B9890038B5056816
:10B1A0000446224628680649FBF7C9FE2846054999
:10B1B0002246FFF764FA2046BDE83840E9F36EB056
:10B1C00050B98900CDA38500024602490068FBF70B
:10B1D000B6BE00BF3A59010030B50D4B87B00093A1
:10B1E00000230446019302930393049305930949B2
:10B1F000094A23460068FBF7FDFE002814BF4FF004
:10B20000FF350025204638F071D8284607B030BDFC
:10B21000A1B08500445901003A5901002DE9F043DD
:10B22000064687B038200F4691469846E9F324F049
:10B230000446002838D000213822E4F307F0D7F87C
:10B240003C0640211A4A04F12003F5F711FB05469C
:10B2500020B12046E9F322F0002425E0154BC4F884
:10B260001C80A760C4F80C902661134900930190DC
:10B270000290039004900590234630460F4AFBF756
:10B28000B9FE034660B9E0680D492246F5F390F334
:10B290000546A06140B920690A492246FBF74FFEE6
:10B2A0002046E8F3FBF72C46204607B0BDE8F083C4
:10B2B00014C68900EDB4850058EE8800B89E0200DF
:10B2C0004DB585005C59010010B5044638F042DAEE
:10B2D0000F4920692246FBF732FEA16961B1237D47
:10B2E00023B1E068F5F3E0F200232375E068A1697B
:10B2F000F5F346F30023A361A36804F12001D3F81A
:10B300003C06F5F7C1FA2046E8F3C8F7002010BD67
:10B31000B89E020010B50446C0B122460C494068F0
:10B32000FFF7C3F9224660680A4903F00EFE224681
:10B3300060680949FFF7A3F9A06808492246FBF7AE
:10B34000FEFD2046BDE81040E8F3A8B710BD00BFE1
:10B3500021BF850081C5850029BB85006359010097
:10B3600070B5054686B01820E8F386F70446002835
:10B3700000F0E98000211822E3F368F72B6800222F
:10B38000A360AB686560E3606B68042123610423FC
:10B39000A38228466D4B8DE81400FFF74DF9002875
:10B3A0002060C0F2CC80284669492246FFF778F930
:10B3B000002840F0C480284666492246FFF75AF923
:10B3C000002840F0BC8028466349224603F0B8FDBF
:10B3D000002840F0B480614B0190009302900390EC
:10B3E000049005905E4928685E4A2346FBF702FEFA
:10B3F000002840F0A4805C490322D5F8BC063CF04C
:10B4000039DA5A4E5A490222D5F8C0063CF032DAEF
:10B41000D5F89406B0213022564B0096019400F0E6
:10B4200051FA002840F08B80534BD5F894068DE8F4
:10B43000180040F605013622504B00F0C5FA0028EE
:10B440007DD14F4BD5F894068DE8180040F60401E5
:10B4500037224C4B00F0B8FA002870D1D5F8BC0662
:10B460003021444A3346009401F009F8002866D19F
:10B47000D5F8BC063621414A3F4B009400F0FFFF4F
:10B4800000285CD1D5F8BC0637213E4A3C4B0094DD
:10B4900000F0F5FF002852D1D5F8C00639213A4A0C
:10B4A0003A4B009400F0EBFF002848D1D5F8940601
:10B4B000C0213622364B009400F03CFD00283ED1DE
:10B4C0003021D5F894060A46324B009400F094FBE4
:10B4D000002834D1D5F8940640F60A0136222E4BC6
:10B4E000009400F027FD50BBD5F8940640F60A0101
:10B4F00037222A4B009400F01DFD00BBD5F89406BE
:10B5000030213922264B009400F014FDB8B9D5F84B
:10B51000BC0630211F4A234601F044F878B9D5F81B
:10B52000BC0636211C4A234601F03CF838B9D5F850
:10B53000BC063721194A234601F034F818B12046D9
:10B54000FFF7E8FE0024204606B070BDA1BA8500D2
:10B5500021BF850029BB850081C5850035BC8500DC
:10B5600080EE8800635901007CEE880019BA8500DE
:10B57000A4EE880071B8850085C68500A5BB85004E
:10B58000C1C5850035BB850021BC8500DDC68500B1
:10B59000C9C4850005C28500C9C0850011C08500E9
:10B5A00035C1850008B1E8F379B6704737B505466F
:10B5B0003820E8F367F6044650B14FF0FF330560DA
:10B5C00005490193054A064B009539F0ABDD01E0D2
:10B5D000FFF7E8FF20463EBDE9CD8500F1CD8500AF
:10B5E000E1CD850070B5054686B01020E8F344F63D
:10B5F0000446002838D000211022E3F327F6002665
:10B6000025600121C5F8CC462846194A194B0096F9
:10B610000194FFF711F8B042E06021DB164B286877
:10B620008DE848001549164A23460296039604966B
:10B630000596FBF7DFFC98B9124BD5F894068DE818
:10B6400028000521BE22104B00F04AFA40B9D5F877
:10B650009406C021BE220D4B009500F0F1FC18B1FC
:10B660002046E8F31BF60024204606B070BD00BF5C
:10B670008DD0850089D08500E1CF8500A8EE8800B7
:10B68000BF9E02005DD085003DD0850091D0850031
:10B6900010B5044688B1037923B18068E8F3FEF55C
:10B6A000002323712368054918682246FBF747FCED
:10B6B0002046BDE81040E8F3F1B510BDBF9E020082
:10B6C00008B1E8F3EBB5704737B505460420E8F359
:10B6D000D3F50446002855D02D4B056040F23F11AC
:10B6E000009301902D22D5F894062A4B00F06CF9B6
:10B6F000002847D1284BD5F894068DE818004FF460
:10B7000095713D22254B00F05FF900283AD1244B7A
:10B71000D5F894068DE818004FF495714A22214B14
:10B7200000F052F970BB204BD5F894068DE8180054
:10B73000152150221D4B00F0D3F918BBD5F8940603
:10B7400005212D221A4B009400F0F4FBD0B9D5F856
:10B750009406C0212D22174B009400F0EBFB88B912
:10B76000D5F89406C0213D22134B009400F0E2FB73
:10B7700040B9D5F89406C0215022104B009400F037
:10B780005FFC18B12046FFF79BFF002420463EBD1A
:10B79000C5D28500CDD0850011D38500E1D08500CC
:10B7A0000DD38500DDD0850071D28500B5D0850030
:10B7B00041D1850001D2850021D285007DD185004F
:10B7C00010B50446A0B10368806F00225A6108B129
:10B7D000E8F364F5D4F8980008B1E8F35FF5606821
:10B7E00008B1E8F35BF52046BDE81040E8F356B534
:10B7F00010BD2DE9F04104464FF4B6700D461646D3
:10B800009846E8F33FF5074610B940F2F2331EE0E0
:10B8100004608560C6602820E8F334F5B86710B985
:10B8200040F2F33313E05820E8F32CF5C7F8980002
:10B8300040B12C30C7F89C003020E8F323F5786045
:10B8400060B902E04FF47D7301E040F2F533384611
:10B85000C8F80030FFF7B4FF002703E00023C8F862
:10B86000003060613846BDE8F0810023C218D2F88C
:10B87000C020CA500433182BF8D170474FF4C86366
:10B88000C0F864366823C0F868364FF48073C0F897
:10B890006C360223C0F87036C0F87436704700006A
:10B8A00010B5044650B10368054918682246FBF7F5
:10B8B00046FB2046BDE81040E8F3F0B410BD00BFE1
:10B8C0000D5A010001F0F0012DE9F04F0E11016851
:10B8D000B0F81080096889B0C9699446D1F8C010E1
:10B8E000079388450446B0F812A0838AC78AB2B28B
:10B8F0005CDA817900295CD1324D05EBC200808889
:10B9000006E055F8329019F80190E14502D0013176
:10B910008142F6D381424FD0E71937F812B0013295
:10B9200037F81250A244454523441AD2C5EB080803
:10B9300005F101090AEB050142460AEB0900CDF8C1
:10B9400014C00693E3F35EF4069B0C2202FB09305D
:10B9500002FB053102FB08F2E3F354F4DDF814C0F6
:10B96000069B3146002207E007EB460030F802E074
:10B970000EF1010E20F802E0013102320D29F3D957
:10B980001299CBEB0502009113990AEB0B00019180
:10B990000C2101FB0B3192B2079BCDF808C000F0DF
:10B9A000A1FB238A00200133238207E06FF01500FA
:10B9B00004E06FF0160001E06FF01D0009B0BDE873
:10B9C000F08F00BF685901002DE9F347DDF828909A
:10B9D000DDF82CA007460E4615469846002456FA78
:10B9E00004F3DB070AD52101384601F0F0012A46AD
:10B9F00043468DE80006FFF765FF18B901340D2CAA
:10BA0000EDD10020BDE8FC872DE9F04F89B0079209
:10BA10000268B0F8188012689C46D2690446D2F8D1
:10BA2000C420B0F81AA09045838BC78B50DA827976
:10BA3000002A50D101F0F0063611C719B2B237F81A
:10BA400012B0013237F812508244454503441AD2ED
:10BA5000C5EB080805F101090AEB050142460AEBAE
:10BA60000900CDF814C00693E3F3CCF3069B0C2237
:10BA700002FB093002FB053102FB08F2E3F3C2F3DB
:10BA8000DDF814C0069B3146002207E007EB4600B4
:10BA900030F802E00EF1010E20F802E0013102322E
:10BAA0000D29F3D91299CBEB0502009113990AEBFA
:10BAB0000B000191079992B202910C2101FB0B310D
:10BAC000634600F00FFB238B00200133238304E047
:10BAD0006FF0150001E06FF0160009B0BDE8F08FBF
:10BAE0002DE9F347DDF82890DDF82CA007460E4637
:10BAF00015469846002456FA04F3DA070AD52101C0
:10BB0000384601F0F0012A4643468DE80006FFF76B
:10BB10007BFF18B901340D2CEDD10020BDE8FC8766
:10BB20002DE9F04F89B007920268B0F830801268B2
:10BB30009C46D2690446D2F80021B0F832A0904564
:10BB4000838EC78E50DA8279002A50D101F0F00638
:10BB50003611C719B2B237F812B0013237F81250A5
:10BB60008244454503441AD2C5EB080805F1010992
:10BB70000AEB050142460AEB0900CDF814C0069312
:10BB8000E3F340F3069B0C2202FB093002FB053174
:10BB900002FB08F2E3F336F3DDF814C0069B3146EE
:10BBA000002207E007EB460030F802E00EF1010E3C
:10BBB00020F802E0013102320D29F3D91299CBEBC2
:10BBC0000502009113990AEB0B000191079992B2BB
:10BBD00002910C2101FB0B31634600F083FA238EA6
:10BBE00000200133238604E06FF0150001E06FF0C0
:10BBF000160009B0BDE8F08F2DE9F04F87B005922F
:10BC00000268B0F8208012689C46D2690446D2F8D7
:10BC1000C820B0F822A09045838CC78C4CDA82797A
:10BC2000002A4CD101F0F0063611C719B2B237F82C
:10BC300012B0013237F8125082444545034419D2FC
:10BC4000C5EB080805F101090AEB050142460AEBBC
:10BC50000900CDF80CC00493E3F3D4F2049B4FEA3F
:10BC6000C80203EBC90003EBC501E3F3CBF2DDF837
:10BC70000CC0049B3146002207E007EB460030F879
:10BC800002E00EF1010E20F802E0013102320D292E
:10BC9000F3D91099CBEB0502009105990AEB0B0043
:10BCA000019192B203EBCB01634600F02BFA238C97
:10BCB00000200133238404E06FF0150001E06FF0F1
:10BCC000160007B0BDE8F08F0368F0B5DB690C25FE
:10BCD000B3F8C020064605FB02F4433222F003020B
:10BCE0000134A418B3F8C4204FF6FE7102F11F000E
:10BCF0006A4321404118501C4FF6FC720A408218DA
:10BD0000B3F800014FF6FE7100F11F0468431140C3
:10BD100061184FF6FC7201300A408218B3F8C8006F
:10BD20004FF6FE7100F11F0411406118C0004FF67C
:10BD3000FC7201300A408218B3F8CC004FF6FE7155
:10BD400000F11F0411406118C0004FF6FC720A4058
:10BD5000B3F80431013080184FF6FE7203F11F0171
:10BD60000240DB008A18591C4FF6FC731340CB18B5
:10BD70004FF6FE771F401C37BFB287B03846E8F356
:10BD80007BF20446002800F0BC8000213A46E3F331
:10BD90005DF24023638233684FF6FC72DB692660F4
:10BDA000B3F8C010A78001F14300024005FB012158
:10BDB000A28201314FF6FE720A40B3F8C410E2824B
:10BDC0001C3292B2C81C101862834FF6FC720240FB
:10BDD00005FB0121A28301314FF6FE720A40B3F840
:10BDE0000011E2831C3292B2C81C101862864FF612
:10BDF000FC72024005FB0121A28601314FF6FE7262
:10BE00000A40B3F8C810E2861C3292B2C81C10185F
:10BE100062844FF6FC72024002EBC1010131A28440
:10BE20004FF6FE720A40B3F8CC10E2841C3292B294
:10BE3000C81C101862854FF6FC72024002EBC1016B
:10BE40000131A2854FF6FE720A40B3F80411E28573
:10BE50001C3292B2CB1C6287D2184FF6FC7313408F
:10BE6000A38703EBC10301334FF6FE721A40E2874A
:10BE70000025274F57F8353063B1264B29018DE84F
:10BE80001800DD22204601F0F001234BFFF71AFDD8
:10BE9000002836DB01350D2DEBD1002557F8353064
:10BEA00053B12901DD22204601F0F0011B4B009423
:10BEB000FFF7A2FE002824DB01350D2DEED1184B33
:10BEC000B0218DE81800FF222046164BFFF7FAFC40
:10BED000002816DBB021FF222046134B0094FFF709
:10BEE0008BFE00280DDB114B002102933068104AB5
:10BEF000234600910191039104910591FBF77AF893
:10BF000018B12046FFF7CCFC0024204607B0F0BD56
:10BF1000685901000DD5850061D58500ADD5850036
:10BF2000F1E0000043E1000091E0000099D48500B9
:10BF30000D5A01002DE9F743DDF8289007460E461B
:10BF400015469846002456FA04F3D8070AD521016D
:10BF5000384601F0F0012A464346CDF80090FFF73D
:10BF60004BFE18B901340D2CEDD10020BDE8FE8345
:10BF70002DE9F04F87B005920268B0F8288012686A
:10BF80009C46D2690446D2F8CC20B0F82AA090454D
:10BF9000838DC78D4CDA8279002A4CD101F0F006EE
:10BFA0003611C719B2B237F812B0013237F8125051
:10BFB00082444545034419D2C5EB080805F101093F
:10BFC0000AEB050142460AEB0900CDF80CC00493C8
:10BFD000E3F318F1049B4FEAC80203EBC90003EB3B
:10BFE000C501E3F30FF1DDF80CC0049B31460022DC
:10BFF00007E007EB460030F802E00EF1010E20F8F2
:10C0000002E0013102320D29F3D91099CBEB050280
:10C01000009105990AEB0B00019192B203EBCB0161
:10C02000634600F06FF8238D00200133238504E080
:10C030006FF0150001E06FF0160007B0BDE8F08F5B
:10C040002DE9F743DDF8289007460E461546984639
:10C05000002456FA04F3DB070AD52101384601F023
:10C06000F0012A464346CDF80090FFF781FF18B94A
:10C0700001340D2CEDD10020BDE8FE832DE9F04701
:10C08000089F9A4604469DF82460034600250CE06C
:10C0900013F8010B86420AD01DB113F802ECB64525
:10C0A00001D2864203D90135ADB29542F0D1AA4200
:10C0B00007FB05180ED9C5EB0209414607FB09F23B
:10C0C00008EB0700E3F39EF0681C201861194A464C
:10C0D000E3F398F0404651463A46E3F333F06655B1
:10C0E000BDE8F0877FB50393089B0493099B0593F4
:10C0F0000C2300939DF82830019303ABFFF7BEFF9C
:10C1000007B000BD1FB50293069B0393082300935D
:10C110009DF81C30019302ABFFF7B0FF05B000BDE6
:10C1200037B5254BD0F8945604460093019040F261
:10C130003F1128467F22214BFFF746FC00283AD1C9
:10C140001F4B28468DE8180041F63F5140221D4BF9
:10C15000FFF7C6FC78BB1C4B28468DE8180040F65C
:10C160003F119822194BFFF7BBFC20BB184B284608
:10C170008DE8180040F22F11A822164BFFF7B0FCF3
:10C18000C8B9284640F20F117F22134B0094FFF7E5
:10C19000D1FE80B9284640F20F1198220F4B00942F
:10C1A000FFF74EFF38B9284640F20F11A8220C4B7A
:10C1B0000094FFF745FF3EBD55F0850081EC8500FA
:10C1C000A1F08500A1EC850009F0850007E20000E0
:10C1D00019F1850015ED8500C5ED850085ED85001B
:10C1E00001EE850037B5104BD0F894560446009305
:10C1F00001900521284600220C4BFFF7E5FB90B982
:10C200000B4B28468DE8180005210122094BFFF74A
:10C21000DBFB40B9084B28468DE818000521322287
:10C22000064BFFF7D1FB3EBD49E7850011E78500CE
:10C2300065E785001DE785002DE7850001E785009E
:10C2400037B5254BD0F894560446009301904FF42F
:10C25000907128460022214BFFF7B6FB00283AD107
:10C260001F4B28468DE818004FF4907101221D4B9A
:10C27000FFF7AAFB78BB1C4B28468DE818004FF44B
:10C2800090713222194BFFF79FFB20BB184B2846B9
:10C290008DE818004FF490710322164BFFF794FBC2
:10C2A000C8B9154B28468DE818004FF49071062246
:10C2B000124BFFF789FB70B9284680210522104BED
:10C2C0000094FFF799FC30B92846802105220D4BD8
:10C2D0000094FFF791FC3EBD01EC850089E98500E3
:10C2E0003DEC850091E98500A5EB850045E98500D9
:10C2F00079EB850031E98500CDEB850061E98500AA
:10C300009DE9850019EB850037B5154BD0F894569B
:10C31000044600930190402128460022114BFFF76C
:10C32000D1FAE0B9104B28468DE8180040210122CF
:10C330000E4BFFF7C7FA90B90D4B28468DE8180051
:10C34000402132220B4BFFF7BDFA40B90A4B284679
:10C350008DE8180040210322084BFFF7B3FA3EBDD9
:10C360008DF2850031F28500A5F285003DF2850051
:10C3700071F2850021F2850049F2850011F28500F5
:10C3800037B50A4BD0F89456044600930190B0217B
:10C3900028461022064BFFF795FA30B92846B021FF
:10C3A0001022044B0094FFF727FC3EBD65E8850092
:10C3B00081E78500ADE7850037B5D0F8945604468F
:10C3C0000090C02128460022114BFFF7B3FDF0B9C1
:10C3D0002846C02101220F4B0094FFF7ABFDB0B9F6
:10C3E0002846C02106220C4B0094FFF7A3FD70B92C
:10C3F0002846C021A822094B0094FFF721FE30B93E
:10C400002846C0219822064B0094FFF719FE3EBD36
:10C41000F9F2850021F38500D9F285003DF385000E
:10C42000C1F2850010B5044650B10368054918688B
:10C430002246FAF784FD2046BDE81040E7F32EB708
:10C4400010BD00BFAA5A010038B505460C20E7F31D
:10C4500013F7044638B100210C22E2F3F7F60C235F
:10C460002560A38001E0FFF7DDFF204638BD28B13D
:10C470008368DA88013ADA80E7F310B770472DE96C
:10C48000F04F9B46038B87B0C518C65AB5F8048099
:10C49000438AC6EB0808984505919446878AB0F808
:10C4A00016A032DA6C88C7194445824416DAC4EB08
:10C4B000080804F101093919424607EB0900CDF8D3
:10C4C00010C0E2F39FF60C2202FB09A002FB04A1BC
:10C4D00002FB08F2E2F396F6DDF810C06B88A21BAF
:10C4E00001336B80AB880C210133AB80109BB819F2
:10C4F0000193059B01FB06A1029392B26346CDF81E
:10C5000000B0FFF7EFFD002001E06FF0150007B06D
:10C51000BDE8F08F2DE9F04F9B46038B9446C5187C
:10C52000AC8830F80380428AC8EB040387B093429A
:10C530000591878AB0F816A02FDA9C4207448244FE
:10C540006E8816DAC8F1000804F10109391942466B
:10C5500007EB0900CDF810C0E2F354F60C2202FB01
:10C5600009A002FB04A102FB08F2E2F34BF6DDF89E
:10C5700010C0AB88A21B0133AB80109B0C21019330
:10C58000059BB819029301FB06A192B26346CDF850
:10C5900000B0FFF7A7FD002001E06FF0150007B025
:10C5A000BDE8F08F2DE9F04F9B46038C85B0C51890
:10C5B000C65AB5F80480438BC6EB0808984503912A
:10C5C0009446878BB0F81EA02EDA6C88C7194445B4
:10C5D000824415DAC4EB080804F10109391942460E
:10C5E00007EB0900CDF808C0E2F30CF60AEBC9002E
:10C5F0000AEBC4014FEAC802E2F304F6DDF808C012
:10C600006B88A21B01336B80AB88B8190133AB80F8
:10C61000039B0AEBC601019392B26346CDF800B0CA
:10C62000FFF770FD002001E06FF0150005B0BDE8D8
:10C63000F08F00002DE9F04F036885B003931B686D
:10C640001546DB69C288D3F8D03007469A420E46B9
:10C650005BDA09B14E1CB6B20DB10135ADB206F1CF
:10C6600027034FF6FC7A03EA0A0A0C2303FB06A30E
:10C670004FF6FE78013303EA080808F10903EB18C6
:10C680004FF6FC7B03EA0B0B0BEBC50201324FF6B6
:10C69000FE73134003F106091FFA89F94846029315
:10C6A000E7F3EAF50446002830D000214A46E2F3D9
:10C6B000CDF5029B03992384FB88A4F818802422DB
:10C6C00008F1060801332160A760A4F81090A28247
:10C6D000A4F816A0A4F81C80A4F81EB06682658396
:10C6E000FB8046B1DD2120460C4A0D4B0094FFF73C
:10C6F000C6FE00280ADB6DB1DD212046094A23462B
:10C70000FFF750FF002805DA00E000242046FFF77D
:10C71000AEFE0024204605B0BDE8F08F85F585000B
:10C7200041F58500BDF585007FB50A4A03460092B4
:10C730000022019202920392049205920649074A4E
:10C740000068FAF757FC002814BF4FF0FF300020B4
:10C7500007B000BD991E860078F08800AE5A01002F
:10C76000024602490068FAF7EABB00BFAE5A010070
:10C7700010B5044648B1036821461868FAF7FEFC74
:10C780002046BDE81040E7F389B510BD37B5054632
:10C790000820E7F377F50446A0B105600022019078
:10C7A0000C2128460A4B0092FDF746FF00286060E6
:10C7B00008DB084B286800932146074A0423FAF750
:10C7C0006CFC18B12046FFF7D3FF002420463EBD85
:10C7D0001D2686002CF188003126860010B50446FF
:10C7E000C06818B1E7F35AF50023E36010BD10B537
:10C7F0000446A020E7F340F570B1E060A06000F1CE
:10C80000900203461033934243F8103CFAD10023C0
:10C81000C0F89030184610BD6FF01A0010BD00002F
:10C8200038B50446002852D0002105683FF04EDAA2
:10C8300020463FF02BD8636933B12046002141F0F8
:10C8400015DA606938F044DCA36933B12046012170
:10C8500041F00CDAA06938F03BDC236933B12046A3
:10C86000022141F003DA206938F032DCE36F33B1A2
:10C870002046032141F0FAD9E06F38F029DC204648
:10C8800041F09AD9D4F89800E7F308F501E03EF0BA
:10C8900027DEE16920460029F9D1FFF79FFFD5F88F
:10C8A000440118B10A492A4600F08FF9286809495D
:10C8B0002246FAF744FBD4F8A8301BB104F1A800D3
:10C8C000E1F3DAF62046BDE83840E7F3E7B438BDD7
:10C8D00011428600F4C8890030B5054687B0B02003
:10C8E000E7F3CAF40446002800F099800021B02242
:10C8F000E2F3ACF40A2384F84330012384F848308F
:10C90000FF2384F8203084F8213084F8223084F822
:10C9100023302560C420E7F3AFF4C4F89800002862
:10C920007DD020463FF0C4D920463FF047DD2B683C
:10C9300041F26B02D3F8D43020F07F00196BA0874E
:10C940009142204608D19B6A932B05D13FF036DDFA
:10C95000C0F58440683001E03FF034DDE087E38FCC
:10C96000204623F07F03E3873FF02CDD41F288323D
:10C9700022652E4A002320F07F00A4F84000E364E3
:10C9800000922B4A049301922A4A059302922A4A62
:10C990002868039229492A4A2346FAF72BFB0028E4
:10C9A0003DD1D5F8E80538F069DB6061002836D064
:10C9B000D5F8E80538F062DBA06180B3D5F8E8056A
:10C9C00038F05CDB206150B32046FFF710FF30BB2E
:10C9D000D5F8E80538F052DBE06700B3012384F8AE
:10C9E0007830D5F8440141F27073A4F87A3020B160
:10C9F00014492A4600F0E6F888B9204601213FF0A4
:10CA000065D94FF44843A3650023E36532232366C9
:10CA1000D5F8380604F1A801E1F318F618B120465C
:10CA2000FFF7FEFE0024204607B030BD59348600D3
:10CA3000B152860039528600ED3686004CF18800EE
:10CA4000F4C889001142860038B50446002827D072
:10CA50000568144928682246FAF771FA236A1BB15F
:10CA600004F12000E1F308F6E3691BB104F11C00B6
:10CA7000E1F302F6A3691BB104F11800E1F3FCF540
:10CA800063691BB104F11400E1F3F6F52846064989
:10CA90002246FDF7F4FD2046BDE83840E7F3FEB33B
:10CAA00038BD00BFB0CB89002D62860070B5054649
:10CAB00086B03020E7F3E6F30446002859D04FF063
:10CAC000FF3303610422FF2105600A30E2F3BEF365
:10CAD0000B2104F10E00E3F391F700238DE8180019
:10CAE00004212846264A274BFDF7A6FD0028606052
:10CAF0003FDB284624492246FDF7BCFD002838D1FB
:10CB0000D5F8386604F114013046E1F39FF50028AA
:10CB10002FD1304604F11801E1F398F548BB3046B7
:10CB200004F11C01E1F392F518BB304604F1200139
:10CB3000E1F38CF5E8B9154B01900093144B049088
:10CB40000293144B0590039328681349134A234614
:10CB5000FAF750FA68B9204641F09ADF20B1204632
:10CB6000012141F0C9DF20B93223A3622623636289
:10CB700003E02046FFF768FF0024204606B070BDA2
:10CB800045638600FD6286002D628600A9628600EC
:10CB900051658600F96286003CF28800B0CB8900BE
:10CBA0004069E1F32FB54069E1F38EB58069E1F3A7
:10CBB00029B58069E1F388B5C069E1F323B5C0699F
:10CBC000E1F382B5006AE1F31DB5006AE1F37CB5DB
:10CBD00038B5044660B10568224606492868FAF768
:10CBE000AEF92046E7F35AF32B68002283F84E2073
:10CBF00038BD00BF54CC890070B50368002686B0EC
:10CC0000054683F84E600C20E7F33CF30446002809
:10CC100043D0234B056023498DE848002868224A09
:10CC200023460296039604960596FAF7E3F906461C
:10CC300000282ED18DE811001C2128461B4A1C4BD0
:10CC4000FDF7FAFC0028606023DB0C212846194A16
:10CC5000194B0096019401F035FF0028A06018DB05
:10CC6000164BD5F894068DE818000A213822144B8B
:10CC7000FEF7AAFE68B9D5F894060A213822114BAE
:10CC80000095FFF757F920B92B68012283F84E2051
:10CC900003E02046FFF79CFF0024204606B070BD4D
:10CCA000D971860054F2880054CC8900A97186009D
:10CCB0007D718600917686005D7686007D778600A0
:10CCC000197786004977860070B5064686B0082039
:10CCD000E7F3D2F20446A0B10B4B00250660456095
:10CCE0000A498DE828003068094A234602950395D1
:10CCF00004950595FAF77EF918B12046E7F3CEF2D0
:10CD00002C46204606B070BD4D7E860098F2880005
:10CD1000B0C6890010B5044650B1036805491868CB
:10CD20002246FAF70CF92046BDE81040E7F3B6B208
:10CD300010BD00BFB0C6890070B5044600282AD0D7
:10CD40000668224630681449D6F84451FAF7F7F8D5
:10CD5000224630461149FDF792FC224630461049E2
:10CD6000FDF799FC224628460E49FFF71CFF224694
:10CD700028460D49FFF71DFF224628460B49FFF7BD
:10CD80001EFF28460A492246FFF71FFF2046BDE83E
:10CD90007040E7F383B270BD35D289005D878600AD
:10CDA0006D978600FD848600E9868600CDAA860000
:10CDB000A5928600F0B5D0F8446187B005465820AA
:10CDC000E7F35AF20446002800F09380002158222D
:10CDD000E2F33CF220462021494A40F8205BE2F38E
:10CDE0009BF201274FF0FF33E06184F84070A4F814
:10CDF0004C30304643492246FFF7D2FE002878D116
:10CE0000304641492246FFF7D1FE002871D1304615
:10CE10003E492246FFF7D0FE00286AD130463C4901
:10CE20002246FFF7CFFE002863D128463949224623
:10CE3000FDF72CFC064600285BD18DE8110004218B
:10CE40002846354A354BFDF7F7FB0028206150DBBB
:10CE5000284639463246334600960194FDF7ECFBEE
:10CE60000028606145DB042128462D4A2D4B0096A1
:10CE7000019401F027FE0028A0613ADB28462A49E8
:10CE80002246FDF7F7FB002833D1284B03EBC602FF
:10CE900053F8363063B1526852B131018DE8140055
:10CEA000D5F8940601F0F001C022FEF7ADFD00BBFD
:10CEB00001360D2EE9D11E4B1E4A0093002301932B
:10CEC000029203930493059328681B491B4A234647
:10CED000FAF790F868B9204646F0F6D820B1204617
:10CEE000012144F0C3D820B9636C43F004036364A8
:10CEF00003E02046FFF720FF0024204607B0F0BDE6
:10CF0000B15A0100FD848600E9868600CDAA86001C
:10CF1000A59286006D978600019286008991860011
:10CF2000059E8600F19D86005D878600C49E0200F6
:10CF3000198A860055AB8600ECF2880035D289004C
:10CF400038B50446D0B1806808B1E7F3A7F123698A
:10CF500043B90EE0236953F8350008B1E7F39EF1B9
:10CF6000013500E00025E3689D42F3DB2069E7F32B
:10CF700095F12046BDE83840E7F390B138BD000098
:10CF80002DE9F04105461820E7F37CF1044600281E
:10CF900033D02B680560DB690C20DB690133584313
:10CFA000E7F370F1A06040B32B681820DB69DA6901
:10CFB0005B6F6260E360E7F35FF12061E8B1124903
:10CFC00018220026E2F3BEF037460EE00E4BD4F8EE
:10CFD00010809B1918798000E7F354F1236948F811
:10CFE00006009B59083643B10137E3689F42EDDBE9
:10CFF0006B68064ADC609A6003E02046FFF7A0FFFA
:10D0000000242046BDE8F0812C9F0200B9BC8600B8
:10D0100010B5C468A1420BDA006900EBC1042479A1
:10D02000A24208DA50F83110002041F8223010BD39
:10D030006FF0150010BD6FF0150010BD47F06C9B30
:10D0400010B50446FFF7FAFFE084000C84F82800CE
:10D05000002010BDD0F8F03310B5044683B1D3F8EA
:10D06000280830B1E7F31AF1D4F8F0330022C3F8FE
:10D070002828D4F8F003E7F311F10023C4F8F033C3
:10D0800010BDC36B10B5044683B1836B5B6B0B2B78
:10D0900007D1D0F8E00320B1E7F300F10023C4F892
:10D0A000E033E06BE7F3FAF00023E36310BD10B563
:10D0B00004460120E7F3E0F00346E063A8B1002155
:10D0C0000122E2F3C3F0A36B5B6B0B2B0CD14FF48B
:10D0D0009470E7F3D1F00346C4F8E00328B10021CF
:10D0E0004FF49472E2F3B2F00123184610BD70B50C
:10D0F000044640F678100D46E7F3BEF0C4F8F0039E
:10D10000002831D0002140F67812E2F39FF0B4F805
:10D110005220D4F8F03300261A70D4F8F0332046A9
:10D1200083F8B660C3F8B060D4F8F03383F8B46025
:10D13000A36B83F88460A36B1E679E673C23C4F8CF
:10D14000BC301023C4F8C030C4F8C46000F09AFFAB
:10D15000A36B022D0CBF1A6F9A6F0020DA6684F859
:10D16000C36284F8C26270BD6FF01A0070BD000027
:10D17000B0F8C632F7B504460E46FBB10846E2F3F6
:10D1800011F107461348E2F30DF13F181037BFB213
:10D190003846E7F371F00546B8B1B4F8C6323946FF
:10D1A00000930D4A3346E2F3B7F0E06C2946E2F310
:10D1B000E9F607462846E7F371F03FB9E06C3146DF
:10D1C00003B0BDE8F040E2F3DDB60746384603B0F1
:10D1D000F0BD00BF8F9F02007A9F0200044B1B78B6
:10D1E000012B02D1002000707047FFF7C1BF00BFC4
:10D1F000FC0300002DE9F3471C46B0F8C632074691
:10D2000088469146C66C002B32D00846E2F3CAF03D
:10D2100082462248E2F3C6F082440AF1100A1FFA5D
:10D220008AFA5046E7F328F0054600282FD0B7F8D1
:10D23000C632514600931A4A4346E2F36DF038462F
:10D240002946FFF7CBFF074668B130462946E2F38F
:10D250008DF640B1484506DD304629464A46E2F3A0
:10D2600079F6824600E0A2462846E7F317F08FB928
:10D2700030464146E2F37AF658B1484509DD30467A
:10D2800041464A4602B0BDE8F047E2F363B6824643
:10D2900000E0A246504602B0BDE8F0878F9F020032
:10D2A0007A9F020010B51446FFF798FF28B10021BD
:10D2B0000A46BDE81040E2F301B4204610BD00006C
:10D2C00038B500220D4608490446FFF7EBFFC0B20F
:10D2D0002823A84284F8660384F8D531CCBF84F8AB
:10D2E000663384F8D50138BDD69F0200012238B5D7
:10D2F00080F860200A23826B002580F89E3103238A
:10D3000080F89F3180F86F5380F8715380F8735321
:10D3100080F8755380F8775380F8BA5182F88A30D4
:10D320004FF6CE73A0F8783214491422C0F8745224
:10D330000446FFF7B7FF124984F866032A462046E1
:10D34000FFF7B0FF7F2384F87B304FF0FF33A4F862
:10D35000983004F5F673C4F88C31642384F858309F
:10D360000423C4F8280384F86C50C4F8E453C4F8C8
:10D37000745284F8D43184F8D63138BDD69F020077
:10D380005E9F02000022FFF78DBF000010B5174915
:10D390000446FFF7F7FFC0B284F8E8030138C0B2D3
:10D3A000FD2802D9732384F8E83394F8E833204643
:10D3B00084F8E9330E49FFF7E5FFC0B284F8EA03C9
:10D3C00008B10F2802D1052384F8EA3394F8E82342
:10D3D00094F8EA33D31A84F8EB33002384F8EC335F
:10D3E00084F8EE33112384F8ED3310BD849F0200DE
:10D3F000E79F02002DE9F04105460C4617461E4600
:10D40000FFF7ECFE38B1284621463A463346BDE8E0
:10D41000F041FFF7EFBE3046BDE8F0810023FFF793
:10D42000E9BF000070B501220D463C490446FFF7F4
:10D4300039FF3B4984F8680300222046FFF732FF9A
:10D44000384984F82C0307222046FFF72BFF364982
:10D4500084F82D032046FFF7C1FE88B132492046EB
:10D46000A66BFFF78FFF304930672046A66BFFF7AA
:10D4700089FFA36BB067022D0CBF1A6F9A6FDA6633
:10D480002A4900226FF095032046FFF7B3FF274992
:10D4900084F83403012220466FF09503FFF7AAFFBA
:10D4A000022584F8350300232A4620461F49FFF74A
:10D4B000A1FF63190135052D83F83403F3D100254D
:10D4C0002A4620461A49FFF7A9FF631901350E2D98
:10D4D00083F85703F4D1012384F8673306222046EA
:10D4E0001449FFF7DFFE002284F865031249204645
:10D4F000A56BFFF7D7FE114985F82C0100222046C5
:10D50000FFF7D0FE002384F83E034021204684F834
:10D510002433BDE87040FFF7D3BE00BF6E9F02000A
:10D52000449F0200C89F0200A09F0200F89F0200D3
:10D53000C19F0200959F0200AD9F0200699F0200FB
:10D5400010B5044628B10468003418BF0124E6F37E
:10D55000A5F6204610BD10B5848B0C80018C11807F
:10D5600040F2DA321A8090F83520029B01201A80AE
:10D5700010BD90F834007047C06A7047836B9961A2
:10D58000704738B5044600283ED0C56D013DC565DD
:10D59000002D39D1FFF75EFD2046FFF772FDD4F86C
:10D5A000801229B1A36B186900F08CFDC4F8805279
:10D5B000002584F89551204646F0E4DEA26B1368FE
:10D5C000A34202D1A36C136003E09A6CA2421DD166
:10D5D0009D64D4F8943A0BB120469847A36B186920
:10D5E00051F094D8D4F8E41320B141B1204647F06B
:10D5F0008FD804E019B1A36B986852F0CDDC2046B7
:10D60000E6F34CF6002038BD012038BD012038BDBE
:10D610002DE9F0478A46002104461546C0680A46AF
:10D6200076469946EBF3DCF6804600070CD5276872
:10D6300057B1BB6BC7F84C901869F96A51F02CD8F8
:10D64000FB6D0133FB65CEE04FF42F60E6F314F67B
:10D65000074628B96FF01A00314648F0A3DDC5E04F
:10D6600000214FF42F62E1F3F1F5FB6DC7F844A000
:10D670000133FB652368BC63BB640123C7F84C908E
:10D68000276087F85930E26C41F26B039A4205D16A
:10D69000636C932B0CBF0123182300E01823022D89
:10D6A000A7F88A3005D118F0010F1CBF4FF40053C2
:10D6B000FB62BB6BF96A186950F0EEDF7B6CB3F864
:10D6C000E0831FFA88F808F470631B0AFB615FFAB5
:10D6D00088F33B62BB6BD868F8F739FCFB69A7F8A5
:10D6E000C602092B04D10423FB613B6A10333B6261
:10D6F000012387F824304FEA18333B633846FFF79D
:10D700009FFC002875D14FF48053A7F856304DF296
:10D71000240241F20103022D18BF1346A7F852302C
:10D7200038463749FFF75AFD38B138463449D7F8FB
:10D730003880FFF727FEC8F868003846FFF7B7FCC7
:10D74000002856D038462946FFF76CFE3846FFF7CA
:10D75000CDFD384600F0D2FB00284AD02946384695
:10D76000FFF7C5FC0546002843D13846FFF70EFEFB
:10D77000384647F001DD3846012146F0AFDD384636
:10D78000294648F083DB4FF0FF33C7F8D432C7F89F
:10D79000D832C7F8DC32C7F8E032C7F8E432C7F84D
:10D7A000E832C7F8EC32C7F8F032384607F11C010E
:10D7B0001C22E1F3C7F4206950F0A8DF60B1BB6B15
:10D7C000986852F035DEC7F8F80328B96FF01A00F0
:10D7D000314648F0E7DC0CE03846002148F04CDAEE
:10D7E000002387F8FC3907F14C03FB643846BDE899
:10D7F000F0873846FFF7C5FE0020BDE8F08700BF80
:10D80000519F020070B505464FF498707646E6F3D6
:10D8100033F5044628B96FF01A00314648F0C2DCEF
:10D8200039E000214FF49872E1F310F52B68A36002
:10D830006B68E360AB682361EB6863602B696361CD
:10D840002B8CA3846B8CE3846B6AA362AB6AE36268
:10D85000EB6A23632B6B63636B6B6364AB6BA364D7
:10D86000EB6BE3642B6C23656B6C6365AB6CC4F88A
:10D870001C316B69A365AB69E3650F2323663D2308
:10D8800063667923A3660123C4F818310323E36692
:10D89000002384F88B30204670BD00007FB50A4B12
:10D8A0000A49009300230193029303930493059381
:10D8B000074A0368F9F79EFB002814BF4FF0FF30BA
:10D8C000002007B000BD00BF05E3860068F48800B3
:10D8D000B95A010001490268F9F731BBB95A010090
:10D8E0000023F0B51C4607E0CE183568C718C550B0
:10D8F000756801347D6008339442F5D1F0BD0000B5
:10D9000038B5046C0023C4F8243690F86D53094BE5
:10D91000094A4FF48060002D0CBF15461D46E6F302
:10D92000ABF4C4F8240620B129468022FFF7D8FFC3
:10D93000012038BD66AD020066B1020070B517491E
:10D940004FF0FF32046C0546FFF7ACFC1449C4F8F5
:10D95000500517222846FFF7A5FC0026C4F85405F9
:10D9600010496FF0250284F858652846FFF79AFCA5
:10D970000D49A4F8480532462846FFF793FC0B49A9
:10D98000A4F8040C6FF003022846FFF78BFCB4F8F0
:10D990004835C318A4F8063C70BD00BF1DA00200A6
:10D9A00046A802002FA802009CAC020007AD0200AE
:10D9B00038B527490446FFF7E5FCC0B228288CBFDC
:10D9C0000023012384F8690384F8CA0384F86D33C3
:10D9D00020462049FFF7D6FC082820461CD81E49BF
:10D9E0000022FFF71BFD80B20022C4F8FC001B4997
:10D9F0002046FFF713FD1A49C4F800012046FFF73F
:10DA0000C1FC184905462046FFF7BCFC80B240EA3D
:10DA10000545C4F8045113E013490022FFF7FEFC4A
:10DA200080B2C4F8FC00114900222046FFF7F6FC42
:10DA30000F49C4F800012046FFF7A4FCC4F8040114
:10DA400020460C49FFF79EFC84F8080138BD00BF52
:10DA50001EA40200EFAC020014A802003DA80200C0
:10DA60004CA0020038A0020090AC020035AD0200CC
:10DA7000A1A80200C4A70200F8B5A4490022056CC1
:10DA80000446FFF7CBFCA14985F8BC0401222046DF
:10DA9000FFF7C4FC9E4985F8BD04002207232046F9
:10DAA000FFF7A8FC922385F8BE049949012220467D
:10DAB000FFF7A0FC974985F8BF0400222046FFF736
:10DAC000F1FB9549C5F8C40400222046FFF7EAFBA4
:10DAD0000026A5F85804914985F83364204632465B
:10DAE000FFF7E0FB8E49A5F80A042046FFF74AFC41
:10DAF000B8B1012385F833342F46422332462046FD
:10DB00008749FFF777FCAB19C0B283F82604B5F854
:10DB10000A340136C018A7F80C0402370D2EECD1D8
:10DB20000DE0804942222046FFF7BCFBC2B285F8D7
:10DB3000082420467C49FFF7B5FBA5F806047B497D
:10DB400000222046FFF7AEFB794985F838044FF0F4
:10DB5000FF322046FFF7A6FB7649A5F868054FF08F
:10DB6000FF322046FFF79EFB7349A5F86A054FF088
:10DB7000FF322046FFF796FB7049A5F86E054FF07F
:10DB8000FF322046FFF78EFB6D4985F870050022B5
:10DB90002046FFF787FB002684F8740032462046B3
:10DBA0006849FFF73BFCAB1901360E2E83F80606D9
:10DBB000F4D1A12264492046FFF774FB6349C5F8FC
:10DBC000C00546F20F622046FFF76CFB0822C5F83D
:10DBD000C4055F492046FFF765FB5E49C5F8C805E7
:10DBE0006FF008022046FFF75DFB5B49C5F8CC05E6
:10DBF00040F6BB722046FFF755FB0A22C5F8D00558
:10DC000056492046FFF74EFB5549C5F8D4056FF03D
:10DC100044022046FFF746FB5249A5F802066FF082
:10DC20004A022046FFF73EFB0122A5F804064E49B2
:10DC30002046FFF737FB80B2031C18BF012300F01A
:10DC4000020085F84A353F2285F84B0547492046B2
:10DC5000FFF728FB642285F84C0545492046FFF76D
:10DC600021FB4449C5F85C054FF0FF322046FFF721
:10DC700019FBC5F86005013018BF012085F864055F
:10DC80003D4900222046FFF70DFBC0B200F00F0314
:10DC9000000900F0010085F8143685F817063749A9
:10DCA000002226232046FFF7A5FB3449A5F81806D5
:10DCB000012242232046FFF79DFB5023A5F81A06B8
:10DCC0002E4902222046FFF795FB0622A5F81C06E6
:10DCD0002B492046FFF7E6FA85F81E062046FFF797
:10DCE00067FE94F86D232046002A4DD12549FFF7A1
:10DCF00095FB2449A4F8820301222046FFF78EFBFE
:10DD00002049A4F87E0320464DE000BFC8AC0200C5
:10DD100073A8020087AC020054AC02007FA8020086
:10DD200074AC0200B1AC0200E3AC020008A0020037
:10DD300055A00200F7AC020061A802001CA8020076
:10DD4000BAAC02004CAD020025A802008DA802006A
:10DD5000D2AC0200D9AC020014A002005FAD0200F8
:10DD60002AAD020067AC0200DFA70200ADA80200E6
:10DD7000FAA70200E8A7020041A0020080AC02005E
:10DD8000D1A7020045AD020025490022FFF746FB5E
:10DD90002349A4F8820301222046FFF73FFB2049D4
:10DDA000A4F87E0320460222FFF738FB0023A4F8E4
:10DDB00080031C4985F8333620460222FFF71AFB00
:10DDC00010B1012385F8333695F833362BB3154956
:10DDD00000222046FFF722FB1249A4F82C0A012258
:10DDE0002046FFF71BFB0F49A4F8280A0222204611
:10DDF000FFF714FB0C49A4F82A0A00222046FFF77B
:10DE000051FA0A4985F8310628222046FFF74AFAD6
:10DE1000002385F8320684F867330120F8BD00BF7F
:10DE20000AA80200A5AC0200DAA702005AAD02005F
:10DE300038B50E49046C0546FFF7A4FA0C4984F87E
:10DE400029062846FFF79EFAFF2284F82A06094988
:10DE50002846FFF727FA084984F830062846FFF7D6
:10DE600091FAC4F82C06012038BD00BF5EAC020058
:10DE700096A802002BA0020051A8020038B5044663
:10DE8000056C4FF46770E6F3F7F1C5F82006236CD4
:10DE9000D3F82006B0B1D4F8DC300B4A934207D057
:10DEA0000A4A934206D00A4A93420AD1094902E03B
:10DEB000094900E009494FF46772E1F343F1012099
:10DEC00038BD002038BD00BFC0AD3A0280BA8C0119
:10DED00000F82401B8A8020082A0020028A40200D1
:10DEE00010B504464EF00AD8236CD3F82006E6F3AA
:10DEF000D5F1206CBDE81040E6F3D0B170B5044612
:10DF000040F60840E6F3B8F105462064002800F02A
:10DF10008380002140F60842E1F398F10125A36BCC
:10DF200084F8825084F8F050D868EBF3BDF13B4B95
:10DF3000C4F8DC00C4F8483A394B2046C4F84C3ADF
:10DF4000384BC4F8503A384BC4F8543A374BC4F8FD
:10DF5000A03A374BC4F85C3A364BC4F8643A364BB7
:10DF6000C4F86C3A354BC4F8703A354BC4F87C3A77
:10DF7000344BC4F8B43A344BC4F8B03A334BC4F819
:10DF8000C03A334BC4F8BC3A324BC4F8C43A324BB3
:10DF9000C4F8C83A314BC4F8CC3A314BC4F8943A7F
:10DFA000304BC4F8D03A304BC4F8D43A2F4BC4F8B5
:10DFB000D83A2F4BC4F8DC3A2E4BC4F8E03AFFF7BE
:10DFC0005BFD40B32046FFF759FF20B32046FFF723
:10DFD00097FC00B32046FFF7B1FC236C204683F882
:10DFE000C054FFF725FF244900222046266CFFF786
:10DFF00059F9224986F8340600222046FFF752F9E3
:10E000001F4984F890022A462046266CFFF74AF9F9
:10E0100086F8350600E00546284670BD554B87005A
:10E02000114A8700154A8700B95E87008D35870041
:10E03000214B8700915E8700CDEC86002964870024
:10E040001D4B8700895F870015F98600D5F886008B
:10E050004938870061498700CD218700C5F9000054
:10E06000415D0200F50A8700F90A8700F10A87007E
:10E07000FD0A87000D0B870072A0020064A0020059
:10E0800014AD0200836B93F82C210AB1042200E046
:10E0900003221A67DA667047F8B507460C200D466A
:10E0A0001646E6F3E9F0044630B100210C22E1F314
:10E0B000CDF027606660A5602046F8BD08B1E6F3A4
:10E0C000EDB070478068F2F35BB4000070B50646AF
:10E0D00086B06C20E6F3D0F00446D0B100216C226B
:10E0E000E1F3B4F00823A3610E4B266000250093F2
:10E0F00030680D490D4A2346019502950395049514
:10E100000595F8F777FF38B93268012382F8923025
:10E110002371204606B070BD2046E6F3BFF02C46C2
:10E12000F7E700BF0D698700B00A8900665B010050
:10E1300010B5044668B10368064918682246F8F726
:10E14000FEFE204651F048D82046BDE81040E6F3D8
:10E15000A5B010BD665B010010B5044648B1054985
:10E1600022464068F8F7EBFE2046BDE81040E6F393
:10E1700095B010BD5CF4890070B5064686B01020DD
:10E18000E6F37AF0044630B300211022E1F35EF0AA
:10E1900033682660636073680025A36004213046FD
:10E1A0000E4A0F4B00950194FCF746FAA842E06036
:10E1B0000DDB0C4B30688DE828000B490B4A2346D9
:10E1C0000295039504950595F8F714FF18B12046BC
:10E1D000FFF7C2FF0024204606B070BD29748700F7
:10E1E000117487007D7487007C0B89005CF48900C2
:10E1F00030B5054687B01420E6F33EF0044638B348
:10E2000000211422E1F322F06B682868A360124B0E
:10E2100025606060002500931049114A234601954E
:10E220000295039504950595F8F7E4FE60B90A2375
:10E2300023730F2363736423A3730223E3730623FF
:10E2400023740123637403E02046E6F327F02C4691
:10E25000204607B030BD00BF217B8700940B8900AA
:10E260000CE3890010B5044648B1054922464068D0
:10E27000F8F765FE2046BDE81040E6F30FB010BD8C
:10E280000CE3890010B5044658B1064B21461B88A3
:10E29000C3581868F8F772FF2046BDE81040E5F350
:10E2A000FDB710BDD403000073B505460C20E5F39F
:10E2B000E9F70446C8B1104B04221A8002214560D8
:10E2C000002301900D4A28460093FCF7B5F9002879
:10E2D00020600ADB01232381094B28680093214633
:10E2E000084A0223F8F7D9FE18B12046FFF7CAFF03
:10E2F000002420467CBD00BFD40300007D8587003C
:10E30000FC0B8900A985870038B5044680B1094B0C
:10E3100021461B88C5582868F8F730FF2868064949
:10E320002246F8F70CFE2046BDE83840E5F3B6B7C4
:10E3300038BD00BFD6030000845B0100F0B5054680
:10E3400087B01420E5F39EF70446002856D02F4BE3
:10E3500004221A80456000260190042128462C4A98
:10E360002C4B0096FCF768F9B042206046DB012395
:10E37000A3810C232382284B0722E2810093274BA1
:10E38000286801932649274A234602960396049655
:10E390000596F8F72FFE002830D1234B286800930C
:10E3A0002146224A0523F8F778FE38BB204BD5F8E2
:10E3B00094068DE818004FF490712A221D4BFDF74A
:10E3C00003FBD8B9D5F8940680212A221A4B009471
:10E3D000FDF712FC90B9B5F8AA0106F023DD801B09
:10E3E00018BF01200A3055F820301B68022B09D1D4
:10E3F000012120460A4652F0ABDD03E02046FFF73C
:10E4000083FF0024204607B0F0BD00BFD603000004
:10E410005D89870049898700DD8B8700F58B870040
:10E42000340C8900845B01000C0C8900098B870087
:10E43000F98C8700E9898700F9888700084B10B5B7
:10E440001B88044650B1C358064918682246F8F79D
:10E4500076FD2046BDE81040E5F320B710BD00BFB3
:10E46000D80300008B5B010070B5054686B0142010
:10E47000E5F308F70446002844D0264B08221A800A
:10E4800000238560042100930190234A2846234BF2
:10E49000FCF7D2F80028206034DB0223A381052298
:10E4A0000C23E2812382D5F8940680213D221C4B67
:10E4B0000094FDF7A1FB28BB1A4B029000931A4B66
:10E4C000039001930490059018492868184A234640
:10E4D000F8F790FDB0B9B5F8AA0106F0A3DC2B68F7
:10E4E00093F84F201AB1032A14BF032201222046B9
:10E4F000012153F063DA204602214FF0FF3253F03E
:10E500005DDA03E02046FFF799FF0024204606B0BD
:10E5100070BD00BFD8030000319287001D928700B4
:10E52000E99187009993870001958700400C890045
:10E530008B5B010038B5044698B105682246284631
:10E540000849FCF79CF821462868F8F717FE286868
:10E5500005492246F8F7F3FC2046BDE83840E5F3CC
:10E560009DB638BD1D9E8700C9E3890030B50546BC
:10E5700087B00820E5F386F6044600283ED0002345
:10E580000560042100930190204A2846204BFCF7A7
:10E5900053F80028606031DB28461E492246FCF70C
:10E5A00069F858BB1C4B01900093029003900490B3
:10E5B00005901A4928681A4A2346F8F71BFDE8B95E
:10E5C000184B286800932146174A0123F8F765FD88
:10E5D000A0B9164BD5F894068DE818004FF4907149
:10E5E0002822134BFDF7F0F940B9D5F894068021A5
:10E5F0002822104B0094FDF7FFFA18B12046FFF7D0
:10E6000099FF0024204607B030BD00BFA19D8700C0
:10E61000619D87001D9E8700A59E87009C0C890038
:10E62000C9E38900940C8900799E87009D9F87002B
:10E63000459E8700459D870070B5064686B09C20A4
:10E64000E5F320F60446002834D006601B4B306802
:10E65000002560601A4900931A4A234601950295E5
:10E66000039504950595F8F7C5FCF8B9D6F88434F8
:10E670001E229B7822610422E272022223772273F7
:10E6800001230A22E376237263616273A3764FF655
:10E69000AF72A37784F899301023A0736072A072D0
:10E6A000228384F89A3084F8983003E02046E5F31A
:10E6B000F5F52C46204606B070BD00BF19AE8700A8
:10E6C000001C890066B50200C0F88410C0F88820DC
:10E6D000C0F88C307047000010B5044648B10549B9
:10E6E00022464068F8F72BFC2046BDE81040E5F3D1
:10E6F000D5B510BD66B5020038B5044600B3436B0E
:10E7000005680BB1E9F7C6FC04F11400DBF38AF4E9
:10E7100004F11800DBF386F404F11000DFF382F556
:10E7200004F12400DBF372F4224606492868F8F766
:10E7300006FC2046E5F3B2F52B68002283F862213F
:10E7400038BD00BF7AE689002DE9F041054686B064
:10E750003820E5F397F5044600287FD005600026B1
:10E76000019004212846414A414B0096FBF764FF83
:10E77000B042606072DB042128463E4A3E4B009660
:10E78000019400F09FF9B042A06067DB0127E760C9
:10E7900038463A493A4A6B68DFF32EF12061002887
:10E7A0005CD006213246D5F80480DFF36BF534499E
:10E7B000034642463148DBF317F4606200284DD02F
:10E7C000072132462069DFF35DF539460346E061F3
:10E7D0003246606ADBF3E8F239460246A0612069FE
:10E7E000DFF350F5E36939463246606ADBF3DCF269
:10E7F0000221024660612069DFF344F5214B4FF0AE
:10E800000308C4F82C808DE848001F4B2868049347
:10E810001E4B1F4905931F4A234602960396F8F79D
:10E82000E9FBD8B91C4BD5F894068DE81800B02147
:10E8300042461A4BFDF746F880B9194BD5F89406B5
:10E840008DE81800B0215D22164BFDF769F928B953
:10E850001423A3622B6883F8627103E02046FFF75C
:10E860004BFF0024204606B0BDE8F08115D287009A
:10E87000B9060100890501004DE08700FDD0870041
:10E8800005D1870099D38700945B01001905010029
:10E89000181C89007AE68900171501008F160100FF
:10E8A00055140100C11401002DE9F043074687B05B
:10E8B0004FF441700E4615469846E5F3DDF40446E4
:10E8C000002878D000214FF44172E0F3BFF42820F3
:10E8D000E5F3D2F48146206020B92046E5F3DEF46A
:10E8E000484668E000212822E0F3B0F423684FF4A2
:10E8F00041721C606261E5604FF0FF320025A26149
:10E90000A760C4F804809D711423A4F8083228235A
:10E91000A4F806322D23A4F804326E23A4F80A3298
:10E92000022384F80C326423A4F8383284F80D52A0
:10E930003046224922462B46F2F33AF0C4F8F80159
:10E9400030B304F51473C4F81832C4F814321C4BF5
:10E950000526C4F81C6200931A4B029501931A4BCA
:10E96000049503930595234638681849184AF8F723
:10E9700041FB034660B9009038682168154AF8F7F2
:10E980008CFB28B984F8406284F84162206812E068
:10E99000D4F8F81119B1A3689868F1F3F1F7206978
:10E9A00008B100F03FF8206808B1E5F377F420469D
:10E9B000E5F374F4002007B0BDE8F08365F6870046
:10E9C000C5EF870049F6870039FF87006C1C890076
:10E9D00000E889006500880038B50546F0B1046894
:10E9E000E4B1D4F8F81131B1A3689868F1F3C8F72D
:10E9F0000023C4F8F831A368224618680849F8F7DC
:10EA00009EFAA36821681868F8F7B8FB2846E5F372
:10EA100045F42046BDE83840E5F340B438BD00BFBA
:10EA200000E8890010B5044630B159F0B9DE20463F
:10EA3000BDE81040E5F332B410BD0000F7B506683C
:10EA40000546F3691F6D02373F013846E5F314F4BC
:10EA5000044610B300213A46E0F3F8F384E860007E
:10EA60001021002628460E4A0E4B00960194FBF713
:10EA7000E3FDB042A0610CDB04F1200363614FF4BD
:10EA80004773E360D5F8380604F11C01DFF3DEF5C7
:10EA900018B12046E5F302F434462046FEBD00BF1F
:10EAA000B90888009D08880010B5044648B1C369BC
:10EAB00013B11C30DFF3E0F52046BDE81040E5F36C
:10EAC000EDB310BDF0B5D0F8244100682569C069E8
:10EAD000006D854211D267692E01B8190135256193
:10EAE0004360059BBA518360069BC360E068C31C0A
:10EAF000591821F00301E160F0BD4FF0FF30F0BD87
:10EB000037B505461820E5F3B7F3044638B30021BE
:10EB10001822E0F39BF32B68256063606B6828463E
:10EB2000A360FFF765FBE06088B15BF0AFD800231E
:10EB300001468DE8180028460A4A0B4BFFF7C2FF32
:10EB40000028206103DB51F04DD8606107E0E068E8
:10EB500008B1FFF787FB2046E5F3A0F30024204629
:10EB60003EBD00BF1D1B8800F91A880010B5044681
:10EB700038B1C068FFF776FB2046BDE81040E5F3EA
:10EB80008DB310BD73B505461820E5F375F3044643
:10EB9000002838D000211822E0F358F30C20E5F3C8
:10EBA0006BF3064600282DD000210C22E0F34EF333
:10EBB0002B686661256063602846FFF73DFDA06015
:10EBC000B8B15BF09DD8002301468DE828002846A7
:10EBD0000E4A0F4BFFF776FF0028E06009DB56F086
:10EBE00013DA0C4920610C4AA0680C4BFFF76CFD4E
:10EBF00009E0A06808B1FFF76FFD2046E5F34EF38A
:10EC0000002400E0044620467CBD00BFCD1B8800E8
:10EC1000A91B8800C1218800B5218800A91E880091
:10EC200010B5044650B18068FFF756FD6069E5F302
:10EC300035F32046BDE81040E5F330B310BD0000C9
:10EC400070B5444B86B00093002301930293039365
:10EC5000414B04460493414B414905930068414AA6
:10EC60002346F8F7C7F9054600286FD1D4F8843455
:10EC70001421A3F86410A36A012683F84C00E36A08
:10EC8000204683F84C60A16A5EF0E8D8E16A20462D
:10EC90005EF0E4D8204629465DF0EADBA36A83F8FB
:10ECA0004D50E36A83F84D50236A1869E7F7F6FE82
:10ECB000830707D5D4F884344FF0FF325E73D4F85D
:10ECC0008434DA812368D4F884545E6951F0BCD965
:10ECD0000146304651F052D9E862002836D0D4F8C7
:10ECE00084341F2283F87820D4F884040522573016
:10ECF0004FF0FF31E0F3AAF22368D4F88424B3F88C
:10ED0000C810D3F8D80051850A2151631649E1F3A0
:10ED100015F1431E0D2BD4F88454236898BF686303
:10ED20001249D3F8D800E1F309F185F88A00D4F844
:10ED30008434012283F85120D4F8843400201A78D6
:10ED400083F84E20D4F88434586701E04FF0FF3048
:10ED500006B070BDE9398800105C0100AD1E0100ED
:10ED6000341D89006EB5020081B5020072B5020043
:10ED7000D0F8843410B5D96A044611B1406851F016
:10ED80000BD9206802492246BDE81040F8F7D7B8F1
:10ED90006EB5020038B503680446D0F8845427499C
:10EDA000D3F8D800E1F3CAF0287023682449D3F8D7
:10EDB000D800D4F88454E1F3C1F0E870D4F8843476
:10EDC0001A78013AD2B2FD2A01D901221A70D4F878
:10EDD00084341A785A700023D4F88424D118127815
:10EDE0000133052B81F85220F6D1D4F88454012147
:10EDF0002846E0F38BF4A870D4F88434DA78013A2A
:10EE0000D2B2FD2A01D90122DA70D4F8843401216A
:10EE1000DA785A71D4F88454E81CE0F377F4287156
:10EE2000D4F8843420461A799A715DF053DAB4F834
:10EE300058142046BDE838405DF0A49A8EB5020013
:10EE400096B5020010B50446D8B140680D49224677
:10EE5000FBF72BFC236A1BB104F12000DFF30CF459
:10EE6000237F23B1606808492246FBF708FCA068AD
:10EE700006492246F8F763F82046BDE81040E5F35E
:10EE80000DB210BDD1568800515488007E5C01003F
:10EE900030B5054687B02420E5F3EEF1044600289E
:10EEA0003ED000212422E0F3D1F12B680022A360A0
:10EEB000AB686560E3606B68042123610823A3826B
:10EEC0002846194B8DE81400FBF7B6FB002820609C
:10EED00022DB284615492246FBF7CCFBE0B901238B
:10EEE0002377284612492246FBF7DAFBA0B9D5F86A
:10EEF000380604F12001DFF3A9F368B90D4B019046
:10EF0000009302900390049005900B4928680B4AE7
:10EF10002346F8F76FF818B12046FFF793FF002457
:10EF2000204607B030BD00BFC95488005154880046
:10EF3000D1568800555588001C1F89007E5C010051
:10EF4000D0F8D036186ADFF35DB3D0F8D036186A3F
:10EF5000DFF3BAB3F8B5D0F8846404460D46D1F8AF
:10EF6000D800C149E0F3EAF786F81C01D5F8D800CB
:10EF7000BE49E1F307F0D4F8846438B1D5F8D8007D
:10EF8000BA49E0F3DBF786F8E80002E0022386F8EE
:10EF9000E830D5F8D800B649E0F3F4F7D4F8846443
:10EFA00038B1D5F8D800B249E0F3C8F786F858016F
:10EFB00002E0FF2386F85831AE49D5F8D800D4F8DE
:10EFC0008464E0F3BBF7AC49C6F82001D5F8D8005B
:10EFD000D4F88464E0F3B2F7A849A6F82A01D5F87A
:10EFE000D800D4F88464E0F3A9F7A549A6F82C0169
:10EFF000D5F8D800D4F88464E0F3A0F7A149A6F8C6
:10F000002E01D5F8D800D4F88464E0F397F786F899
:10F01000E900D4F8843493F8E92012B9022283F885
:10F02000E920D5F8D8009849D4F88464E0F386F74D
:10F03000A6F8C600D4F88464B6F9C63013B9012323
:10F04000A6F8C630D5F8D8009049E0F377F7C6F8AF
:10F05000D800D4F88464D6F8D8301BB94CF25033B9
:10F06000C6F8D83096F8E93001229A40D6F8D81080
:10F07000D5F8D8008A4288BFC6F8D820022212FAF2
:10F0800003F38349C6F8DC30E0F358F7C6F8E40030
:10F09000D4F88464D6F8E4301BB94FF49673C6F8FC
:10F0A000E430D5F8D8007B49E0F348F7A6F8C4006F
:10F0B000D4F88464B6F9C43013B91923A6F8C4305F
:10F0C000D5F8D8007449E0F339F786F86C01D4F824
:10F0D000843493F86C2112B9052283F86C216F49AE
:10F0E000D5F8D800D4F88464E0F328F7D4F8843451
:10F0F000A6F8F00093F81C21694983F81D21D4F883
:10F10000843493F81D2183F84821D4F88434DA79C3
:10F1100083F8AC20D4F884341A7A83F84521D4F8E3
:10F1200084644FF6A273A6F8EA30A6F8EC30A6F88D
:10F13000EE30D5F8D800E0F301F7A6F8F200D4F8E5
:10F140008464B6F9F2301BB94FF6A273A6F8F23018
:10F1500096F8E930012212FA03F3D6F8D820514983
:10F16000934288BFC6F8D8300023A6F8B230A6F87C
:10F17000B430A6F8B630C6F8B830C6F8BC30C6F819
:10F18000C030D5F8D8001F46E0F3D8F686F8440121
:10F190004549D5F8D800D4F88464E0F3CFF686F872
:10F1A0004B01D5F8D8004149D4F88464E0F3C6F6A1
:10F1B000D4F88434C6F8240183F82971D4F884344F
:10F1C000D3F824211AB94FF49B72C3F8242193F881
:10F1D0001D2102B10322C3F84C21C3F850210022A3
:10F1E000C3F85421D5F8D8003149E0F3CBF640B14B
:10F1F000D5F8D8002E49D4F88464E0F39FF6C6F819
:10F200005401D5F8D8002B49E0F3BCF640B1D5F84D
:10F21000D8002849D4F88464E0F390F6C6F84C018D
:10F22000D5F8D8002449E0F3ADF640B1D5F8D800C0
:10F230002149D4F88464E0F381F6C6F850011F49EF
:10F2400022460023A068D4F88454F1F3B1F31C499A
:10F25000C5F830012246A0680023D4F88454F1F3A5
:10F26000A7F3C5F83401F8BD2CB60200A4B602001D
:10F2700074B6020057B60200CBB50200EEB502002C
:10F2800000B6020096B602009EB5020067B6020004
:10F290001FB60200BEB50200CDB60200DDB5020009
:10F2A00081B6020012B60200AEB50200BFB602007F
:10F2B00045B6020035B60200AFB602003F3301008A
:10F2C000AD33010038B5044680B105682246D5F853
:10F2D00044010749FDF779FC284606492246FBF719
:10F2E000CEF92046BDE83840E4F3D8B738BD00BFBA
:10F2F0001D708800B16E880037B505460820E4F31C
:10F30000C1F70446C0B105600022019004212846DF
:10F310000C4B0092FBF790F9002860600CDB28464C
:10F3200009492246FBF7A6F930B9D5F84401074947
:10F330002246FDF747FC18B12046FFF7C3FF002423
:10F3400020463EBD596F8800B16E88001D70880050
:10F3500038B5044670B1056821462868F7F70EFFF6
:10F36000286805492246F7F7EAFD2046BDE83840FF
:10F37000E4F394B738BD00BF845C010030B50546A6
:10F3800087B00C20E4F37EF70446002846D0274BD4
:10F3900005604FF49071009301902022D5F89406F7
:10F3A000234BFCF711FB002838D1224BD5F89406EB
:10F3B0008DE818004FF4907123221F4BFCF704FBDB
:10F3C00000282BD11D4BD5F894068DE8180040215C
:10F3D00088221B4BFCF718FB00BBD5F89406802154
:10F3E0002022184B0094FCF707FCB8B9164B02908A
:10F3F0000093164B039001930490059014492868DC
:10F40000144A2346F7F7F6FD40B9134B28680093DA
:10F410002146124A0123F7F740FE18B12046FFF7B4
:10F4200097FF0024204607B030BD00BF217688003A
:10F43000E9738800557688000D748800C1758800CE
:10F44000D5738800BD7388005D748800BD75880021
:10F45000781F8900845C0100701F89003174880066
:10F4600010B5044660B1074B07491B882246C358B4
:10F470001868F7F764FD2046BDE81040E4F30EB7C6
:10F4800010BD00BFDA030000885C0100F0B507463C
:10F4900087B01420E4F3F6F6054620B3154B064674
:10F4A0000024042206F8044B1A80012347603372BB
:10F4B000F4607472042101900F4A38460F4B009497
:10F4C000FFF700FBA04270600DDB0D4B0094019331
:10F4D000029403940494059438682146094A2B4603
:10F4E000F7F788FD18B12846FFF7BAFF0025284630
:10F4F00007B0F0BDDA030000D9778800B97788003B
:10F5000029788800885C010070B5054686B018200F
:10F51000E4F3B8F6044600285AD02B6800260122EE
:10F5200043600560082183F8AD20019032462846EB
:10F5300033460096FFF7C6FAB04220614BDB10213C
:10F540002846274A274B00960194FBF775F8B042EE
:10F55000C5F898013FDB0423E360234BA06005213D
:10F560008DE81800D5F894064422204BFCF72CFABD
:10F57000002830D11E4BD5F894068DE818004FF4C2
:10F58000907144221B4BFCF71FFA002823D1D5F8B9
:10F59000940605214422184B0094FCF7CBFCD0B90B
:10F5A000D5F89406C0214422144B0094FCF7C2FC09
:10F5B00088B9134B01900093124B0390029304906F
:10F5C000059011492868114A2346F7F713FD10B931
:10F5D000204606B070BD2046E4F360F60024F7E74D
:10F5E000798188005D818800DD8088003580880011
:10F5F0003581880005818800558088003D85880018
:10F60000C5828800CD858800E01F89008C5C0100E0
:10F6100010B5044648B1054922464068F7F78FFC0B
:10F620002046BDE81040E4F339B610BD8C5C010003
:10F6300070B5054686B03020E4F31EF60446002877
:10F6400031D000213022DFF301F61A4B2560009300
:10F6500000230193029303930493059328681649AA
:10F66000164A2346F7F7C6FC0646E0B9FF23A37502
:10F670000123E3752B681249D3F8D800E0F382F434
:10F6800020B131463246E0F319F2A0752B680D49DE
:10F69000D3F8D800E0F376F448B100210A46E0F34D
:10F6A0000DF2E07503E0284661F094DD0024204669
:10F6B00006B070BDA98C88001C20890056FB89000B
:10F6C000E3B60200EDB6020038B50446002820D0AB
:10F6D00061F0D4DDA36A73B1204661F099DA0AE0E3
:10F6E0002B6868686360E4F3D9F52846E4F3D6F53F
:10F6F000237D013B23756568002DF1D12368054901
:10F7000018682246F7F71BFC2068BDE8384061F016
:10F71000619D38BD56FB8900776C635F626D6163E4
:10F720005F696E666F5F696E6974000000000000BB
:10F7300000000000000000000000000000000000C9
:10F7400000000000000000000000000000000000B9
:10F7500000000000000000000000000000000000A9
:10F760000000000000000000000000000000000099
:10F770000000000000000000000000000000000089
:10F780000000000000000000000000000000000079
:10F790000000000000000000000000000000000069
:10F7A0000000000000000000000000000000000059
:10F7B0000000000000000000000000000000000049
:10F7C0000000000000000000000000000000000039
:10F7D0000000000000000000000000000000000029
:10F7E0000000000000000000000000000000000019
:10F7F0000000000000000000000000000000000009
:10F8000000000000000000000000000000000000F8
:10F8100000000000000000000000000000000000E8
:10F8200000000000000000000000000000000000D8
:10F8300000000000000000000000000000000000C8
:10F8400000000000000000000000000000000000B8
:10F8500000000000000000000000000000000000A8
:10F860000000000000000000000000000000000098
:10F870000000000000000000000000000000000088
:10F880000000000000000000000000000000000078
:10F890000000000000000000000000000000000068
:10F8A0000000000000000000000000000000000058
:10F8B0000000000000000000000000000000000048
:10F8C0000000000000000000000000000000000038
:10F8D0000000000000000000000000000000000028
:10F8E0000000000000000000000000000000000018
:10F8F0000000000000000000000000000000000008
:10F9000000000000000000000000000000000000F7
:10F9100000000000000000000000000000000000E7
:10F9200000000000000000000000000000000000D7
:10F9300000000000000000000000000000000000C7
:10F9400000000000000000000000000000000000B7
:10F9500000000000000000000000000000000000A7
:10F960000000000000000000000000000000000097
:10F970000000000000000000000000000000000087
:10F980000000000000000000000000000000000077
:10F990000000000000000000000000000000000067
:10F9A0000000000000000000000000000000000057
:10F9B0000000000000000000000000000000000047
:10F9C0000000000000000000000000000000000037
:10F9D0000000000000000000000000000000000027
:10F9E0000000000000000000000000000000000017
:10F9F0000000000000000000000000000000000007
:10FA000000000000000000000000000000000000F6
:10FA100000000000000000000000000000000000E6
:10FA200000000000000000000000000000000000D6
:10FA300000000000000000000000000000000000C6
:10FA400000000000000000000000000000000000B6
:10FA500000000000000000000000000000000000A6
:10FA60000000000000000000000000000000000096
:10FA70000000000000000000000000000000000086
:10FA80000000000000000000000000000000000076
:10FA90000000000000000000000000000000000066
:10FAA0000000000000000000000000000000000056
:10FAB0000000000000000000000000000000000046
:10FAC0000000000000000000000000000000000036
:10FAD0000000000000000000000000000000000026
:10FAE0000000000000000000000000000000000016
:10FAF0000000000000000000000000000000000006
:10FB000000000000000000000000000000000000F5
:10FB100000000000000000000000000000000000E5
:10FB200000000000000000000000000000000000D5
:10FB300000000000000000000000000000000000C5
:10FB400000000000000000000000000000000000B5
:10FB500000000000000000000000000000000000A5
:10FB60000000000000000000000000000000000095
:10FB70000000000000000000000000000000000085
:10FB80000000000000000000000000000000000075
:10FB90000000000000000000000000000000000065
:10FBA0000000000000000000000000000000000055
:10FBB0000000000000000000000000000000000045
:10FBC0000000000000000000000000000000000035
:10FBD0000000000000000000000000000000000025
:10FBE0000000000000000000000000000000000015
:10FBF0000000000000000000000000000000000005
:10FC000000000000000000000000000000000000F4
:10FC100000000000000000000000000000000000E4
:10FC200000000000000000000000000000000000D4
:10FC300000000000000000000000000000000000C4
:10FC400000000000000000000000000000000000B4
:10FC500000000000000000000000000000000000A4
:10FC60000000000000000000000000000000000094
:10FC70000000000000000000000000000000000084
:10FC80000000000000000000000000000000000074
:10FC90000000000000000000000000000000000064
:10FCA0000000000000000000000000000000000054
:10FCB0000000000000000000000000000000000044
:10FCC0000000000000000000000000000000000034
:10FCD0000000000000000000000000000000000024
:10FCE0000000000000000000000000000000000014
:10FCF0000000000000000000000000000000000004
:10FD000000000000000000000000000000000000F3
:10FD100000000000000000000000000000000000E3
:10FD200000000000000000000000000000000000D3
:10FD300000000000000000000000000000000000C3
:10FD400000000000000000000000000000000000B3
:10FD500000000000000000000000000000000000A3
:10FD60000000000000000000000000000000000093
:10FD70000000000000000000000000000000000083
:10FD80000000000000000000000000000000000073
:10FD90000000000000000000000000000000000063
:10FDA0000000000000000000000000000000000053
:10FDB0000000000000000000000000000000000043
:10FDC0000000000000000000000000000000000033
:10FDD0000000000000000000000000000000000023
:10FDE0000000000000000000000000000000000013
:10FDF0000000000000000000000000000000000003
:10FE000000000000000000000000000000000000F2
:10FE100000000000000000000000000000000000E2
:10FE200000000000000000000000000000000000D2
:10FE300000000000000000000000000000000000C2
:10FE400000000000000000000000000000000000B2
:10FE500000000000000000000000000000000000A2
:10FE60000000000000000000000000000000000092
:10FE70000000000000000000000000000000000082
:10FE80000000000000000000000000000000000072
:10FE90000000000000000000000000000000000062
:10FEA0000000000000000000000000000000000052
:10FEB0000000000000000000000000000000000042
:10FEC0000000000000000000000000000000000032
:10FED0000000000000000000000000000000000022
:10FEE0000000000000000000000000000000000012
:10FEF0000000000000000000000000000000000002
:10FF000000000000000000000000000000000000F1
:10FF100000000000000000000000000000000000E1
:10FF200000000000000000000000000000000000D1
:10FF300000000000000000000000000000000000C1
:10FF400000000000000000000000000000000000B1
:10FF500000000000000000000000000000000000A1
:10FF60000000000000000000000000000000000091
:10FF70000000000000000000000000000000000081
:10FF80000000000000000000000000000000000071
:10FF90000000000000000000000000000000000061
:10FFA0000000000000000000000000000000000051
:10FFB0000000000000000000000000000000000041
:10FFC0000000000000000000000000000000000031
:10FFD0000000000000000000000000000000000021
:10FFE0000000000000000000000000000000000011
:10FFF0000000000000000000000000000000000001
:020000041003E7
:1000000000000000000000000000000000000000F0
:1000100000000000000000000000000000000000E0
:1000200000000000000000000000000000000000D0
:1000300000000000000000000000000000000000C0
:1000400000000000000000000000000000000000B0
:1000500000000000000000000000000000000000A0
:100060000000000000000000000000000000000090
:100070000000000000000000000000000000000080
:100080000000000000000000000000000000000070
:100090000000000000000000000000000000000060
:1000A0000000000000000000000000000000000050
:1000B0000000000000000000000000000000000040
:1000C0000000000000000000000000000000000030
:1000D0000000000000000000000000000000000020
:1000E0000000000000000000000000000000000010
:1000F0000000000000000000000000000000000000
:1001000000000000000000000000000000000000EF
:1001100000000000000000000000000000000000DF
:1001200000000000000000000000000000000000CF
:1001300000000000000000000000000000000000BF
:1001400000000000000000000000000000000000AF
:10015000000000000000000000000000000000009F
:10016000000000000000000000000000000000008F
:10017000000000000000000000000000000000007F
:10018000000000000000000000000000000000006F
:10019000000000000000000000000000000000005F
:1001A000000000000000000000000000000000004F
:1001B000000000000000000000000000000000003F
:1001C000000000000000000000000000000000002F
:1001D000000000000000000000000000000000001F
:1001E000000000000000000000000000000000000F
:1001F00000000000000000000000000000000000FF
:1002000000000000000000000000000000000000EE
:1002100000000000000000000000000000000000DE
:1002200000000000000000000000000000000000CE
:1002300000000000000000000000000000000000BE
:1002400000000000000000000000000000000000AE
:10025000000000000000000000000000000000009E
:10026000000000000000000000000000000000008E
:10027000000000000000000000000000000000007E
:10028000000000000000000000000000000000006E
:10029000000000000000000000000000000000005E
:1002A000000000000000000000000000000000004E
:1002B000000000000000000000000000000000003E
:1002C000000000000000000000000000000000002E
:1002D000000000000000000000000000000000001E
:1002E000000000000000000000000000000000000E
:1002F00000000000000000000000000000000000FE
:1003000000000000000000000000000000000000ED
:1003100000000000000000000000000000000000DD
:1003200000000000000000000000000000000000CD
:1003300000000000000000000000000000000000BD
:1003400000000000000000000000000000000000AD
:10035000000000000000000000000000000000009D
:10036000000000000000000000000000000000008D
:10037000000000000000000000000000000000007D
:10038000000000000000000000000000000000006D
:10039000000000000000000000000000000000005D
:1003A000000000000000000000000000000000004D
:1003B000000000000000000000000000000000003D
:1003C000000000000000000000000000000000002D
:1003D000000000000000000000000000000000001D
:1003E000000000000000000000000000000000000D
:1003F00000000000000000000000000000000000FD
:1004000000000000000000000000000000000000EC
:1004100000000000000000000000000000000000DC
:1004200000000000000000000000000000000000CC
:1004300000000000000000000000000000000000BC
:1004400000000000000000000000000000000000AC
:10045000000000000000000000000000000000009C
:10046000000000000000000000000000000000008C
:10047000000000000000000000000000000000007C
:10048000000000000000000000000000000000006C
:10049000000000000000000000000000000000005C
:1004A000000000000000000000000000000000004C
:1004B000000000000000000000000000000000003C
:1004C000000000000000000000000000000000002C
:1004D000000000000000000000000000000000001C
:1004E000000000000000000000000000000000000C
:1004F00000000000000000000000000000000000FC
:1005000000000000000000000000000000000000EB
:1005100000000000000000000000000000000000DB
:1005200000000000000000000000000000000000CB
:1005300000000000000000000000000000000000BB
:1005400000000000000000000000000000000000AB
:10055000000000000000000000000000000000009B
:10056000000000000000000000000000000000008B
:10057000000000000000000000000000000000007B
:10058000000000000000000000000000000000006B
:10059000000000000000000000000000000000005B
:1005A000000000000000000000000000000000004B
:1005B000000000000000000000000000000000003B
:1005C000000000000000000000000000000000002B
:1005D000000000000000000000000000000000001B
:1005E000000000000000000000000000000000000B
:1005F00000000000000000000000000000000000FB
:1006000000000000000000000000000000000000EA
:1006100000000000000000000000000000000000DA
:1006200000000000000000000000000000000000CA
:1006300000000000000000000000000000000000BA
:1006400000000000000000000000000000000000AA
:10065000000000000000000000000000000000009A
:10066000000000000000000000000000000000008A
:10067000000000000000000000000000000000007A
:10068000000000000000000000000000000000006A
:10069000000000000000000000000000000000005A
:1006A000000000000000000000000000000000004A
:1006B000000000000000000000000000000000003A
:1006C000000000000000000000000000000000002A
:1006D000000000000000000000000000000000001A
:1006E000000000000000000000000000000000000A
:1006F00000000000000000000000000000000000FA
:1007000000000000000000000000000000000000E9
:1007100000000000000000000000000000000000D9
:10072000000000000000000000000000646561643B
:100730006D616E5F746F0072616D7374627964696C
:100740007300646561646D616E5F746F00737069DE
:100750005F70755F656E6162005344494F44455652
:10076000006773706964776F72640050434D43494A
:10077000414445560073645F6F6F626F6E6C790021
:1007800073645F67706F75740047535049204477F6
:100790006F7264204D6F646520656E61626C656484
:1007A0000A0073645F677064630073645F677076E8
:1007B000616C0025733A2042726F6164636F6D2033
:1007C000534450434D44204344432064726976654A
:1007D000720A00736470636D64636463256400531C
:1007E00044494F000A525445202825732D2573256E
:1007F00073257329202573206F6E2042434D257386
:100800002072256420402025642E25642F25642E27
:1008100025642F25642E25644D487A0A0000434440
:1008200043006E6F637263006E6F7469665F63008E
:100830006E6F7469665F73006F66646D3267706FA8
:100840003D307825780070612564677725646125DF
:10085000643D3078257800706131686962303D25EB
:100860006400706131686962313D256400706131F6
:10087000686962323D2564006761696E6374726CF9
:100880007370683D2564007061316D6178707772B6
:100890003D2564006D656173706F77657225643DF9
:1008A000307825780072786761696E7325646725F2
:1008B000637472656C6E616279706125643D256454
:1008C00000706132676125643D307825782C30787E
:1008D00025782C307825780072737369736D6335D1
:1008E000673D256400757362666C6167733D30789F
:1008F0002578007061326763636B6125643D3078F1
:1009000025782C307825782C30782578007064652F
:100910007472616E676532673D3078257800757353
:10092000623330753175323D3078257800737562E9
:1009300076656E6469643D3078257800616725646A
:100940003D30782578006F656D3D25303278253053
:10095000327825303278253032782530327825309B
:1009600032782530327825303278006F66646D70C9
:100970006F3D307825780074656D706F66667365BD
:10098000743D2564006D656173706F7765723D30ED
:100990007825780072737369736D6632673D2564DC
:1009A000007061706172616D62777665723D256479
:1009B00000646F74313161676F66646D687262776D
:1009C00032303267706F3D30782578006974743248
:1009D0006761303D307825780062786132673D2567
:1009E000640072737369736D6332673D25640070D0
:1009F000613567627734306125643D307825782C25
:100A0000307825782C307825782C307825782C3063
:100A10007825782C307825782C307825782C30780B
:100A200025782C307825782C307825782C3078254E
:100A3000782C30782578006D6373627732303567B3
:100A40006C706F3D307825780000006D63736277BD
:100A50003230756C35676C706F3D30782578006D7D
:100A600063736277343035676C706F3D307825780A
:100A700000000075736275746D695F63746C3D305E
:100A80007825780065787470616761696E32673DBA
:100A90003078257800616E74737763746C32673DCB
:100AA000307825780070726F647563746E616D655F
:100AB0003D25730074785F647574795F6379636C46
:100AC000655F7468726573685F25645F35673D258F
:100AD000640072786761696E65727232676125645D
:100AE0003D3078257800616730006D61787032673D
:100AF0006125643D30782578006277647570706F89
:100B00003D30782578006E6F6973656C766C35675B
:100B10006125643D25642C25642C25642C25640006
:100B200062773430706F3D307825780070613567BA
:100B3000627738306125643D307825782C3078250F
:100B4000782C307825782C307825782C30782578DA
:100B50002C307825782C307825782C307825782C16
:100B6000307825782C307825782C307825782C3002
:100B7000782578007573623330753175323D307881
:100B80002578007064657472616E676535673D3005
:100B9000782578006D6163616464723D257300742B
:100BA000656D70735F687973746572657369733DA1
:100BB0002564006D6373256467706F25643D30782C
:100BC000257800626F617264666C616773323D30D4
:100BD00078257800626F617264666C616773333D7B
:100BE00030782578006C6564626825643D3078252E
:100BF000780072786761696E732564672563747223
:100C000069736F6125643D256400616132673D3021
:100C10007825780070726F6469643D3078257800BB
:100C200074656D707468726573683D2564006368EF
:100C300069707265763D2564006C65676F66646DEA
:100C40006277323035676C706F3D30782578000000
:100C5000006C65676F66646D62773230756C3567FE
:100C60006C706F3D30782578006C65676F66646DD9
:100C70006277323035676D706F3D307825780000CF
:100C8000006C65676F66646D62773230756C3567CE
:100C90006D706F3D30782578006C65676F66646DA8
:100CA00062773230356768706F3D307825780000A4
:100CB000006C65676F66646D62773230756C35679E
:100CC00068706F3D307825780075736266733D25D6
:100CD000640074656D70735F706572696F643D2543
:100CE000640073623430616E643830256372356736
:100CF0002563706F3D307825780063633D2564007F
:100D00002004D002A6A9FFFF646F743131616764CB
:100D10007570256372706F3D30782578006167616A
:100D200025643D3078257800747269736F35673DAE
:100D3000307825780074656D7073656E73655F73C8
:100D40006C6F70653D2564006D6178703567612555
:100D5000643D307825782C307825782C30782578CB
:100D60002C30782578007061316974737369743D33
:100D700025640070613062303D256400706130622E
:100D8000313D25640070613062323D256400706140
:100D900035676125643D307825782C307825782CAE
:100DA000307825782C307825782C307825782C30C0
:100DB0007825782C307825782C307825782C307868
:100DC00025782C307825782C307825782C307825AB
:100DD00078006D63736277383035672563706F3DD7
:100DE000307825780073756262616E643567766568
:100DF000723D2564007273736973617635673D25B2
:100E000064006D6373627732303267706F3D3078A3
:100E100025780000006D637362773230756C32673D
:100E2000706F3D30782578006D63736277343032AF
:100E300067706F3D307825780000007265677265D5
:100E4000763D30782578006363746C3D3078257882
:100E5000006E6F6973656C766C32676125643D2541
:100E60006400757362333072656773303D30782586
:100E7000782C307825782C307825782C30782578A7
:100E80002C307825782C307825782C307825782CE3
:100E9000307825782C307825782C307825780075B6
:100EA0007362333072656773313D307825782C304A
:100EB0007825782C307825782C307825782C307867
:100EC00025782C307825782C307825782C307825AA
:100ED000782C307825782C307825780063636B7017
:100EE0006F3D307825780074726935673D25640060
:100EF00063636B64696766696C74747970653D25BA
:100F0000640076656E6469643D30782578006665B6
:100F10006D6374726C3D2564007573623330726565
:100F2000677325643D307825782C307825782C300F
:100F30007825782C307825780070646F6666736544
:100F400074326725646D6125643D307825780075BD
:100F5000736265706E756D3D307825780070613113
:100F600068696D61787077723D2564007278636896
:100F700061696E3D3078257800626F617264666CDD
:100F80006167733D307825780070613162303D25AE
:100F9000640070613162313D2564007061316232FC
:100FA0003D2564007478636861696E3D307825780A
:100FB0000072786761696E732564672563656C6E7E
:100FC000616761696E6125643D2564006770646EC8
:100FD0003D30782578007061306D61787077723DB2
:100FE00025640062786135673D256400616762674A
:100FF00025643D3078257800757362737370687965
:101000005F736C656570303D30782578007573626C
:1010100073737068795F736C656570313D307825E6
:10102000780075736273737068795F736C6565704F
:10103000323D307825780075736273737068795F1C
:10104000736C656570333D30782578006C65646439
:10105000633D307825303478006D63733332706FC0
:101060003D30782578007273736973617632673D1D
:101070002564006F706F3D25640069747432676188
:10108000313D30782578007278706F35673D256482
:101090000065787470616761696E35673D307825E9
:1010A00078006F66646D356768706F3D30782578BD
:1010B0000074776F72616E67657473736925646716
:1010C0003D25640073623230696E3430256372707E
:1010D0006F3D30782578006D616E6669643D3078CB
:1010E000257800656C6E6132673D30782578007236
:1010F0007063616C32673D30782578000000000035
:10110000000000727063616C356762303D30782595
:1011100078000000000000727063616C3567623116
:101120003D30782578000000000000727063616C2B
:10113000356762323D30782578000000000000728B
:101140007063616C356762333D307825780000004C
:1011500000000070613062305F6C6F3D256400708C
:10116000613062315F6C6F3D2564007061306232C6
:101170005F6C6F3D25640073623230696E38306198
:101180006E6431363025637235672563706F3D308C
:1011900078257800636464706F3D3078257800624C
:1011A0006F617264747970653D3078257800616E86
:1011B000747377697463683D3078257800626F6175
:1011C00072646E756D3D25640072646C69643D30B7
:1011D000782578007874616C667265713D256400CD
:1011E0006D61787035676861303D307825780072C0
:1011F000786761696E73256467656C6E61676169A4
:101200006E6125643D25640075736273736D646956
:101210006F25643D307825782C307825782C30780F
:1012200025782C307825780073756264657669645A
:101230003D30782578007061316C6F62303D2564F7
:10124000007061316C6F62313D2564007061316CFA
:101250006F62323D25640073746263706F3D307855
:1012600025780072786761696E65727235676125ED
:10127000643D307825782C307825782C30782578A6
:101280002C30782578007061316C6F6D61787077E3
:10129000723D25640070646F666673657425646DC5
:1012A0006125643D307825780074656D70636F72D8
:1012B00072783D2564006F66646D3567706F3D30F0
:1012C000782578007573626E6F73733D307825787A
:1012D00000616135673D3078257800637573746F00
:1012E0006D76617225643D307825780074785F648E
:1012F0007574795F6379636C655F6F66646D5F2594
:10130000645F35673D256400757569643D2573002C
:10131000757362646573635F636F6D706F73697417
:10132000653D307825780074656D7073656E736502
:101330005F6F7074696F6E3D2564007061706463E7
:1013400061702564673D2564006C65676F66646D38
:10135000627732303267706F3D3078257800000058
:101360006C65676F66646D62773230756C3267707A
:101370006F3D307825780070646761696E25646719
:101380003D2564006D617870356761303D307825AA
:1013900078006D617870356761313D30782578006F
:1013A0006D63732564672563706F25643D30782510
:1013B000780070687963616C5F74656D7064656CEA
:1013C00074613D2564007061256467256377256439
:1013D0006125643D307825780063636F64653D3036
:1013E00078300072656777696E646F77737A3D2530
:1013F00064006F66646D6C72627732303267706F52
:101400003D3078257800776F776C5F6770696F7013
:101410006F6C3D256400616E74737763746C35671F
:101420003D307825780063636B3267706F3D3078AC
:1014300025780074726932673D25640063636B62CE
:101440007732303267706F3D307825780000006366
:10145000636B62773230756C3267706F3D30782520
:101460007800697474356761303D3078257800699B
:101470007474356761313D30782578006D63736C25
:101480007235672563706F3D307825780070646F22
:101490006666736574326725646D76616C69643D58
:1014A000307825780072786761696E732564677497
:1014B00072656C6E616279706125643D25640062BD
:1014C0006F6172647265763D30782578007261775D
:1014D00074656D7073656E73653D30782578007541
:1014E000736273737068795F75746D695F63746C30
:1014F000303D307825780075736273737068795F5A
:1015000075746D695F63746C313D30782578007552
:10151000736273737068795F75746D695F63746CFF
:10152000323D307825780000000000006F66646D61
:1015300035676C706F3D3078257800706130697464
:10154000737369743D25640074737369706F7335C8
:10155000673D30782578007278706F32673D25647A
:101560000074737369706F73736C6F706525646753
:101570003D2564007472693567683D2564006D61BE
:101580006E663D25730074726935676C3D25640095
:101590006D637362773230356768706F3D307825E0
:1015A000780000006D637362773230756C35676860
:1015B000706F3D30782578006D6373627734303515
:1015C0006768706F3D3078257800000073726F6D2A
:1015D0007265763D2564006C65676F66646D3430B6
:1015E000647570706F3D30782578006D6178703566
:1015F000676861313D307825780064657669643DBF
:10160000307825780072786761696E732564677435
:101610007269736F6125643D2564006D6178703572
:10162000676C61303D30782578006D617870356782
:101630006C61313D30782578006570616761696E55
:101640002564673D2564007770736770696F3D2579
:101650006400776F776C5F6770696F3D2564007217
:10166000737369736D6635673D25640074726973C1
:101670006F32673D307825780074737369706F73CB
:1016800032673D30782578007770736C65643D254E
:101690006400656C6E6135673D3078257800706157
:1016A00035676277343038306125643D307825788D
:1016B0002C307825782C307825782C307825782CAB
:1016C000307825782C307825782C307825782C3097
:1016D0007825782C307825782C307825782C30783F
:1016E00025782C30782578006D6373627732303539
:1016F000676D706F3D307825780000006D63736210
:10170000773230756C35676D706F3D3078257800B5
:101710006D63736277343035676D706F3D30782557
:101720007800000063636F64653D25632563006D89
:101730006373627731363035672563706F3D30787B
:10174000257800496E76616C69642F556E737570EB
:10175000706F72746564207874616C2076616C754A
:101760006520256400726D696E00636C646F5F6252
:101770007572737400706C6C2564006C6E6C646FB1
:101780003100722564640072256474007874616CA1
:1017900066726571000000000C0000000200160077
:1017A0000200000004000D000700000001000A0014
:1017B0000800000004000D000A00000004000D00F5
:1017C0000D000000010007001700000004000400E5
:1017D0001B000000040001001C00000001000700C5
:1017E00000000000020002000100000001000100F2
:1017F00003000000020002000400000001000100DC
:1018000005000000010001000600000001000100C9
:1018100009000000010005000B00000001000100AC
:101820000C000000020030000E000000010001006A
:101830000F00000001000100100000000100010085
:10184000110000000100010012000000030003006D
:10185000130000000100010014000000010001005D
:101860001500000001000100160000000100010049
:10187000180000000200130019000000020013000D
:101880001A000000020013001D000000010001000A
:101890001E000000010001000C00000002003000EA
:1018A000726D61780000004B00079065000C189283
:1018B000000F6C706C646F310000000001000000CC
:1018C0000000000000000000000000000200000016
:1018D0000000000001000000000000000400000003
:1018E00000000000030000000000000008000000ED
:1018F00000000000000000000000000010000000D8
:1019000000000000070000000000000020000000B0
:10191000000000005711000000000000400000001F
:10192000000000001701000000000000800000001F
:10193000000000005701000000000000000100004E
:101940000000000003000000000000000002000092
:101950000000000000000000000000000004000083
:10196000000000000300000000000000000800006C
:10197000000000000704000000000000001000004C
:1019800000000000570100000000000000200000DF
:1019900000000000D715000000000000004000001B
:1019A00000000000F7BDC20E000000000080000033
:1019B00000000000F73DC20E000000000000010022
:1019C0000000000000000000000000000000020015
:1019D00000000000F73DC00E000000000000040001
:1019E00000000000F73DC20E0000000000000800EB
:1019F00000000000F73DC20E0000000000001000D3
:101A000000000000F73DC0060000000000002000BC
:101A100000000000F73DDA0E00000000000040006A
:101A200000000000F73D00060000000000008000FC
:101A300000000000F73D400600000000000000012B
:101A40000000000000000000000000000000000294
:101A500000000000D70100000000000000000004AA
:101A600000000000D70D000000000000000000088A
:101A700000000000F73DC00600000000000000105C
:101A800000000000F73DCA0E00000000000000202A
:101A900000000000F73DCA1E0000000000000040EA
:101AA00000000000F73DFA3E000000007265672567
:101AB0006400636C646F5F70776D00636869706366
:101AC000256400626F617264747970650070726F72
:101AD00064696400737764656E61626C6500677049
:101AE000646E00626F617264666C61677300627439
:101AF0006378776172666C616773007874616C6695
:101B000072657100626F61726472657600646576F9
:101B10006964006D7578656E616200776C30696428
:101B200000776C25643A2042726F6164636F6D20A8
:101B300042434D2573203830322E3131205769729F
:101B4000656C65737320436F6E74726F6C6C657235
:101B50002025730A0074656D705F74686F72745F1E
:101B60006D6F6E69746F725F74696D650074785F14
:101B70006D696E696D756D5F647574795F637963A6
:101B80006C650074785F647574795F6379636C6504
:101B90005F63636B00616762673000616762673132
:101BA0000061676267320074656D706261736564BD
:101BB0005F647574795F6379636C655F656E0061FE
:101BC00061300074785F647574795F6379636C6504
:101BD0005F6F66646D00000011338200253482005F
:101BE00000000000000000004E5652414D52657644
:101BF00000736172326700616132670020432543E0
:101C0000034321432443184319431A431143134305
:101C100012431443154316431B431C431D432843DF
:101C200029432A432B432C432D43414340435043F4
:101C300051435243534357439DA9760554435F4351
:101C40003F434F432F4334433543364337433843B1
:101C50003943164748472747434360434643474372
:101C60004843314332433343AA43584359435A43C9
:101C7000A9435543564363438043814382436443AE
:101C80006543664374436743A043A143A243AE4305
:101C9000AF43B043AB43AC43AD43E343E443E5431D
:101CA000E243D043D143D243BA43BB43BC43B143E5
:101CB000B243B343A343A443A543B743B843B94393
:101CC000C043C143C243D343D443D543D643D74390
:101CD000D843D943DA43DB43DF43E043E143EC43FA
:101CE000ED43EE43E943EA43EB432243D6A867A81A
:101CF00068A89CA9D8A89DA91343144386A831437A
:101D0000A7A9DBA8D1A8DCA8A4A952AAC6A902AA9F
:101D100031AA32AA74785F74656D705F74687265F9
:101D200073680064657669640031316E5F6469735D
:101D300061626C650061673000616B6D00000000DE
:101D4000299483005DB783000592830000000000A2
:101D500045338400DD3984000000000000000000ED
:101D60007A6263786763696770696F00616E747324
:101D70007763746C326700616E74737763746C356B
:101D80006700776C25643A646D6125640061613297
:101D900067006C74656378666E73656C006274636B
:101DA0005F6D6F646500626F617264666C6167731A
:101DB000006D616361646472006C74656378706166
:101DC000646E756D0076656E646964007A6263782E
:101DD000666E73656C00627463786C657363616EC4
:101DE000007A6263787061646E756D0063757374F8
:101DF0006F6D7661723100637573746F6D766172A9
:101E000032006274635F706172616D732564006299
:101E100074635F666C616773006274637877617284
:101E2000666C61677300626F617264666C61677390
:101E300032006C746563786763696770696F00620C
:101E40006F617264666C6167733400626F617264A3
:101E50007265760064657669640073726F6D726591
:101E6000760062745F64656661756C745F616E7440
:101E7000006D6F6E69746F725F74696D655F6F7509
:101E8000740062746364796E5F64656661756C7416
:101E90005F6274635F6D6F64650070726F74656319
:101EA0007465645F74696D655F6F757400627463F7
:101EB00064796E5F6D73775F726F77300062746301
:101EC00064796E5F6D73775F726F773100627463F0
:101ED00064796E5F6D73775F726F773200627463DF
:101EE00064796E5F64736E735F726F777300627490
:101EF0006364796E5F636F65785F74776F5F616E3F
:101F000074007478635F6475725F74687265736877
:101F10000062746364796E5F6D73775F726F77339D
:101F20000062746364796E5F6D73775F726F77734D
:101F30000062746364796E5F64666C745F64736E70
:101F4000735F6C6576656C0062746364796E5F6262
:101F500074727373695F6879737465720070726FFD
:101F6000745F6274727373695F746872657368001A
:101F70006374733273656C665F6475725F746872E4
:101F800065736800616C6572745F74696D655F6F1D
:101F900075740062746364796E5F686967685F6412
:101FA000736E735F6C6576656C007266615F636FFC
:101FB000756E745F746872657368006274636479C7
:101FC0006E5F6D69645F64736E735F6C6576656C7C
:101FD0000062746364796E5F6C6F775F64736E73B5
:101FE0005F6C6576656C0062746364796E5F666CC5
:101FF0006167730062746364796E5F64736E735FAC
:10200000726F77300062746364796E5F64736E73AD
:102010005F726F77310062746364796E5F64736EB0
:10202000735F726F77320062746364796E5F64739A
:102030006E735F726F77330073636F5F7273736970
:102040005F7468726573680063636F6465006363DF
:1020500000726567726576006576656E74710068FA
:1020600073323000B1968600F19686006184860056
:10207000B1848600B1968600F19686006184860060
:10208000B1848600B1968600F19686002D85860083
:10209000998686000000000000000000000000009B
:1020A000000000002D858600998686000000000053
:1020B00000000000B1968600F1968600B196860079
:1020C000F1968600B1968600F19686000000000029
:1020D0000D060F00000000000406300400000000A0
:1020E0000206400672737369636F72726E6F726D6F
:1020F00000676C616369616C74696D65720063612E
:102100006C5F706572696F64006C647063007473F7
:1021100073696C696D75636F640025732E66616207
:102120002E25640074656D70746872657368002E86
:102130006661622E00747870777262636B6F6600FE
:10214000696E746572666572656E636500676C6959
:102150007463685F62617365645F6372736D696EF7
:102160000032675F6367610072737369636F7272D5
:10217000617474656E0070687963616C5F74656D1D
:102180007064656C74610074656D70735F687973F9
:10219000746572657369730072737369636F7272C9
:1021A000706572726732670074737369666C6F6F03
:1021B00072326700766261745F616464007061709E
:1021C0006476616C696474657374007377646976AE
:1021D0005F6770696F5F31006D63733267706F3076
:1021E0000073707572636F6E666967006D6373323A
:1021F00067706F310063636B64696766696C7474E0
:102200007970650065755F656474687265736832BE
:1022100067007265645F7278626C6F636B696E678A
:10222000000001006C094B007601130032301600EB
:102230000300417E0006000AD903270025000000A4
:10224000910900006C090000000005035BE708002D
:102250003F5812122F141F1F1F1F2051276100000B
:1022600009603F70020071094B00760113003230A3
:1022700016000300417E0006000AD903270025004E
:1022800000009109000071090000000007030D82A1
:1022900008003F5812122F141F1F1F1F20512761C3
:1022A000000009603F70030076094B0076011300BF
:1022B000323016000300417E0006000AD9032700D1
:1022C00025000000910900007609000000000903C4
:1022D000BF1C08003F5812122F141F1F1F1F205130
:1022E0002761000009603F7004007B094B00760104
:1022F0001300323016000300417E0006000AD903A5
:10230000270025000000910900007B090000000063
:102310000A0371B708003F5812122F141F1F1F1F06
:1023200020512761000009603F70050080094B00C3
:1023300076011300323016000300417E0006000AC9
:10234000D903270025000000910900008009000042
:1023500000000C03235208003F5812122F141F1FB5
:102360001F1F21512761000009603F700600850989
:102370004B0076011300323016000300417E000648
:10238000000AD903270025000000910900008509F3
:10239000000000000D03D5EC08003F5812122F1466
:1023A0001F1F1F1F21512761000009603F70070098
:1023B0008A094B0076011300323016000300417E7B
:1023C0000006000AD903270025000000910900003B
:1023D0008A09000000000F03878708003F58121287
:1023E0002F141F1F1F1F21512761000008603F701D
:1023F00008008F094B0076011300323016000300ED
:10240000417E0006000AD90327002500000091093B
:1024100000008F09000000001103392208003F5816
:1024200012122F141F1F1F1F215127610000086067
:102430003F70090094094B007601130032301600FA
:102440000300417E0006000AD90327002500000092
:10245000910900009409000000001203EBBC080081
:102460003F5812122F141F1F1F1F215127610000F8
:1024700008603F600A0099094B0076011300323072
:1024800016000300417E0006000AD903270025003C
:1024900000009109000099090000000014039D57F5
:1024A00008003F5812122F141F1F1F1F21512761B0
:1024B000000008603F600B009E094B00760113008E
:1024C000323016000300417E0006000AD9032700BF
:1024D00025000000910900009E090000000015037E
:1024E0004FF208003F5812122F141F1F1F1F2151B7
:1024F0002761000007603F600C00A3094B007601D4
:102500001300323016000300417E0006000AD90392
:1025100027002500000091090000A3090000000029
:102520001703018D08003F5812122F141F1F1F1F81
:1025300021512761000007603F600D00A8094B0092
:1025400076011300323016000300417E0006000AB7
:10255000D90327002500000091090000A809000008
:1025600000001903B32708003F5812122F141F1F31
:102570001F1F21512861000007603F600E00B40951
:102580004B0076011300323016000300417E000636
:10259000000AD90327002500000091090000B409B2
:1025A000000000001D035E0108003F5812122F14A6
:1025B0001F1F1F1F21512861000007603F606D61D0
:1025C000787032676130000001006C09340004014A
:1025D0000D0023304F000300417E0006000AD9039E
:1025E00027001A000000A20900006C09000000008A
:1025F000B208277608003F5817173C191F1F1F1FE6
:102600003B511961000009603F70020071093400FC
:1026100004010D0023304F000300417E0006000A34
:10262000D90327001A000000A20900007109000068
:102630000000B708B11308003F5817173C191F1FB7
:102640001F1F3B511961000009603F7003007609AC
:10265000340004010D0023304F000300417E0006CA
:10266000000AD90327001A000000A2090000760919
:1026700000000000BB083BB108003F5817173C1989
:102680001F1F1F1F3C511961000009603F700400AB
:102690007B09340004010D0023304F000300417E0C
:1026A0000006000AD90327001A000000A209000052
:1026B0007B0900000000C008C44E08003F581717EF
:1026C0003C191F1F1F1F3C511961000009603F701A
:1026D00005008009340004010D0023304F00030081
:1026E000417E0006000AD90327001A000000A20953
:1026F0000000800900000000C4084EEC08003F58AC
:1027000017173C191F1F1F1F3C511961000009605A
:102710003F7006008509340004010D0023304F008E
:102720000300417E0006000AD90327001A000000BA
:10273000A2090000850900000000C908D889080026
:102740003F5817173C191F1F1F1F3C5119610000EC
:1027500009603F7007008A09340004010D0023302E
:102760004F000300417E0006000AD90327001A002B
:102770000000A20900008A0900000000CE086227BC
:1027800008003F5817173C191F1F1F1F3C511961A4
:10279000000008603F7008008F09340004010D003C
:1027A00023304F000300417E0006000AD9032700B2
:1027B0001A000000A20900008F0900000000D208E2
:1027C000ECC408003F5817173C191F1F1F1F3C512E
:1027D0001961000008603F70090094093400040189
:1027E0000D0023304F000300417E0006000AD9038C
:1027F00027001A000000A209000094090000000050
:10280000D708766208003F5817173C191F1F1F1F73
:102810003C511961000008603F600A0099093400CA
:1028200004010D0023304F000300417E0006000A22
:10283000D90327001A000000A2090000990900002E
:102840000000DC08000008003F5817173C191F1F44
:102850001F1F3C511961000008603F600B009E097A
:10286000340004010D0023304F000300417E0006B8
:10287000000AD90327001A000000A20900009E09DF
:1028800000000000E008899D08003F5817173C1918
:102890001F1F1F1F3D511961000007603F600C00A2
:1028A000A309340004010D0023304F000300417ED2
:1028B0000006000AD90327001A000000A209000040
:1028C000A30900000000E508133B08003F58171754
:1028D0003C191F1F1F1F3D511961000007603F6019
:1028E0000D00A809340004010D0023304F0003003F
:1028F000417E0006000AD90327001A000000A20941
:102900000000A80900000000E9089DD808003F5811
:1029100017173C191F1F1F1F3D5119610000076049
:102920003F600E00B409340004010D0023304F0055
:102930000300417E0006000AD90327001A000000A8
:10294000A2090000B40900000000F4084EEC0800E1
:102950003F5817173C191F1F1F1F3D5119610000D9
:1029600007603F6070726F70627732303267706FED
:102970000072636F725F61636900706D696E0070F1
:102980006170646D6F64650063616C696478657320
:102990007474617267657432670063616C6964782E
:1029A00065737462617365326700706132676130AC
:1029B0005F6C6F0063636B3267706F0063636B7390
:1029C00063616C650074656D705F6D756C7400702B
:1029D0006170646570736F6666736574006F6664BA
:1029E0006D3267706F00706163616C696478326723
:1029F0000073776469765F73776374726C5F656E7A
:102A0000006F66646D64696766696C74747970657B
:102A10006265004176566D6964495163616C00637B
:102A2000636B6964787063686F6666730074656D64
:102A3000705F6164640073776469765F6770696F63
:102A4000006D6373627732303267706F007061704F
:102A500064656E646964780001006C092600C0003A
:102A60000A001A3080000300417E0006000AD903E4
:102A7000270013000000B00900006C0900000000EE
:102A8000C70B000008003F5817173C191F1F1F1FD6
:102A900050511961000009603F7002007109260061
:102AA000C0000A001A3080000300417E0006000AC0
:102AB000D903270013000000B009000071090000CD
:102AC0000000CD0B004008003F5817173C191F1F8E
:102AD0001F1F51511961000009603F700300760902
:102AE0002600C0000A001A3080000300417E000664
:102AF000000AD903270013000000B009000076097E
:102B000000000000D30B008008003F5817173C1945
:102B10001F1F1F1F51511961000009603F70040001
:102B20007B092600C0000A001A3080000300417EA5
:102B30000006000AD903270013000000B0090000B6
:102B40007B0900000000D90B00C008003F58171790
:102B50003C191F1F1F1F51511961000009603F7070
:102B6000050080092600C0000A001A30800003001A
:102B7000417E0006000AD903270013000000B009B7
:102B80000000800900000000E00B000008003F5832
:102B900017173C191F1F1F1F5151196100000960B1
:102BA0003F70060085092600C0000A001A30800028
:102BB0000300417E0006000AD9032700130000002D
:102BC000B0090000850900000000E60B0040080085
:102BD0003F5817173C191F1F1F1F51511961000043
:102BE00009603F7007008A092600C0000A001A30F9
:102BF00080000300417E0006000AD903270013006D
:102C00000000B00900008A0900000000EC0B008001
:102C100008003F5817173C191F1F1F1F51511961FA
:102C2000000008603F7008008F092600C0000A00FD
:102C30001A3080000300417E0006000AD9032700F5
:102C400013000000B00900008F0900000000F20B23
:102C500000C008003F5817173C191F1F1F1F525173
:102C60001961000008603F70090094092600C00047
:102C70000A001A3080000300417E0006000AD903D2
:102C8000270013000000B0090000940900000000B4
:102C9000F90B000008003F5817173C191F1F1F1F92
:102CA00052511961000008603F600A00990926002E
:102CB000C0000A001A3080000300417E0006000AAE
:102CC000D903270013000000B00900009909000093
:102CD0000000FF0B004008003F5817173C191F1F4A
:102CE0001F1F52511961000008603F600B009E09D0
:102CF0002600C0000A001A3080000300417E000652
:102D0000000AD903270013000000B00900009E0943
:102D100000000000050C008008003F5817173C1900
:102D20001F1F1F1F52511961000007603F600C00F8
:102D3000A3092600C0000A001A3080000300417E6B
:102D40000006000AD903270013000000B0090000A4
:102D5000A309000000000B0C00C008003F58171723
:102D60003C191F1F1F1F52511961000007603F606F
:102D70000D00A8092600C0000A001A3080000300D8
:102D8000417E0006000AD903270013000000B009A5
:102D90000000A80900000000120C000008003F58C5
:102DA00017173C191F1F1F1F5251196100000760A0
:102DB0003F600E00B4092600C0000A001A308000EF
:102DC0000300417E0006000AD9032700130000001B
:102DD000B0090000B40900000000210C0000080048
:102DE0003F5817173C191F1F1F1F5351196100002F
:102DF00007603F606974737369636F727200737701
:102E00006469765F656E0065646F666674686432D7
:102E100030756C00696E69747869647870636800F5
:102E2000647373667468007473736974696D6500A4
:102E300063636B627732303267706F007061706409
:102E400074656D70007061326761305F32707772E7
:102E500000696E6974786964780063636B70777277
:102E60006F666673657430004176566D69645F63A2
:102E7000300074656D705F7100766261745F6D75AE
:102E80006C740063636B696E69747869647800734D
:102E9000726F6D726576006F66646D6469676669EE
:102EA0006C7474797065007061706474656D7062C3
:102EB000696173006C636E32305F6E6F6973656356
:102EC000616C5F74626C5F656E0065646F6E7468E0
:102ED0006432306C006C65676F66646D62773230A7
:102EE0003267706F0070613267613000747870779C
:102EF000726F6666736574326700706D6178007614
:102F00006261745F710006073F038A0000000607D4
:102F10003F038400000006073F038000000006070F
:102F20003F037B00000006073F0377000000060711
:102F30003F037200000006073F036E000000060713
:102F40003F036A00000006073F0367000000060712
:102F50003F036300000006073F036100000006070F
:102F60003F035C00000006073F035A00000006070D
:102F70003F035700000006073F0354000000060708
:102F80003F035100000006073F034F000000060703
:102F90003F034D00000006073F034B0000000607FB
:102FA0003F034800000006073F03460000000607F5
:102FB0003F034400000006073F03420000000607ED
:102FC0003F034000000006073F033F0000000607E4
:102FD0003F033D00000006073F033B0000000607DB
:102FE0003F033A00000006073F03380000000607D1
:102FF0003F033600000006073F03350000000607C8
:103000003F033400000006073F03320000000607BC
:103010003F033100000006073F03300000000607B1
:103020003E032F00000006073C032F0000000607A8
:103030003B032F00000006073B032D00000006079E
:103040003A032D00000006073A032C000000060793
:103050003A032B00000006073A0329000000060788
:10306000390329000000060738032800000006077E
:103070003803270000000607380326000000060773
:103080003803250000000607380324000000060767
:10309000370324000000060737032300000006075B
:1030A000370322000000060737032100000006074F
:1030B0003503210000000607350320000000060745
:1030C000340320000000060734031F000000060739
:1030D00032031F000000060733031E00000006072E
:1030E00033031D000000060731031D000000060722
:1030F00032031C000000060730031C000000060716
:103100002F031C00000006072D031C00000006070B
:103110002B031C00000006072A031C000000060702
:1031200029031C000000060728031C0000000607F6
:1031300028031B000000060727031B0000000607EA
:1031400027031A000000060726031A0000000607DE
:1031500024031A000000060723031A0000000607D4
:1031600022031A000000060721031A0000000607C8
:1031700021031900000006072003190000000607BC
:103180001F031900000006071E03190000000607B0
:103190001E031900000006071E03190000000607A1
:1031A0001E031900000006071E0319000000060791
:1031B0001E031900000006071E0319000000060781
:1031C0001E031900000006071E0319000000060771
:1031D0001E031900000006071E0319000000060761
:1031E0001E031900000006071E0319000000060751
:1031F0001E031900000006071E0319000000060741
:103200001E031900000006071E0319000000060730
:103210001E031900000006071E0319000000060720
:103220001E031900000006071E0319000000060710
:103230001E031900000006071E0319000000060700
:103240001E031900000006071E03190000000607F0
:103250001E031900000006071E03190000000607E0
:103260001E031900000006071E03190000000607D0
:103270001E031900000006071E03190000000607C0
:103280001E031900000006071E03190000000607B0
:103290001E031900000006071E03190000000607A0
:1032A0001E031900000006071E0319000000060790
:1032B0001E031900000006071E0319000000060780
:1032C0001E031900000006071E0319000000060770
:1032D0001E031900000006071E0319000000060760
:1032E0001E031900000006071E0319000000060750
:1032F0001E031900000006071E0319000000060740
:103300001E0319000000060F3FFF62000000060FB9
:103310003FFF5E000000060F3FFF59000000060F50
:103320003FFF55000000060F3FFF51000000060F51
:103330003FFF4D000000060F3FFF4A000000060F50
:103340003FFF47000000060F3FFF44000000060F4C
:103350003FFF41000000060F3FFF3E000000060F48
:103360003FFF3C000000060F3FFF3A000000060F41
:103370003FFF37000000060F3FFF35000000060F3B
:103380003FFF33000000060F3FFF32000000060F32
:103390003FFF30000000060F3FFF2E000000060F29
:1033A0003DFF2E000000060F39FF2F000000060F22
:1033B0003AFF2D000000060F39FF2C000000060F19
:1033C00037FF2C000000060F36FF2B000000060F11
:1033D00036FF2A000000060F35FF29000000060F07
:1033E00035FF28000000060F33FF28000000060FFD
:1033F00031FF28000000060F30FF27000000060FF5
:103400002FFF27000000060F2DFF27000000060FEA
:103410002EFF25000000060F2CFF25000000060FE0
:103420002BFF25000000060F29FF25000000060FD6
:1034300028FF24000000060F26FF25000000060FCD
:1034400024FF26000000060F22FF26000000060FC2
:1034500021FF26000000060F21FF25000000060FB7
:1034600022FF23000000060F20FF23000000060FAC
:103470001FFF23000000060F1FFF22000000060FA1
:103480001FFF21000000060F1CFF22000000060F96
:103490001CFF21000000060F1CFF20000000060F8B
:1034A0001CFF1F000000060F1CFF1E000000060F7F
:1034B0001AFF1F000000060F1AFF1E000000060F73
:1034C00019FF1E000000060F19FF1D000000060F67
:1034D00018FF1D000000060F18FF1C000000060F5B
:1034E00016FF1D000000060F16FF1C000000060F4F
:1034F00017FF1B000000060F17FF1A000000060F41
:1035000017FF19000000060F16FF19000000060F34
:1035100015FF19000000060F14FF19000000060F28
:1035200016FF17000000060F15FF17000000060F1A
:1035300017FF15000000060F16FF15000000060F0C
:1035400015FF15000000060F14FF15000000060F00
:1035500015FF14000000060F14FF14000000060FF2
:1035600014FF13000000060F15FF12000000060FE5
:1035700012FF13000000060F13FF12000000060FD9
:1035800012FF12000000060F11FF12000000060FCC
:1035900010FF12000000060F0DFF14000000060FC0
:1035A0000FFF12000000060F0EFF12000000060FB2
:1035B0000CFF13000000060F0DFF12000000060FA5
:1035C0000CFF12000000060F0BFF13000000060F97
:1035D0000CFF11000000060F08FF14000000060F8A
:1035E00009FF13000000060F08FF13000000060F7C
:1035F0000AFF11000000060F08FF12000000060F6E
:1036000007FF13000000060F08FF11000000060F5F
:1036100007FF12000000060F07FF11000000060F51
:1036200005FF13000000060F08FF0F000000060F43
:1036300009FF0E000000060F08FF0E000000060F35
:1036400007FF0F000000060F04FF11000000060F27
:1036500005FF10000000060F03FF12000000060F18
:1036600004FF10000000060F01FF14000000060F09
:1036700002FF12000000060F01FF13000000060FFA
:1036800002FF11000000060F01FF12000000060FEC
:1036900002FF10000000060F01FF11000000060FDE
:1036A00001FF10000000060F01FF10000000060FD0
:1036B00001FF10000000060F01FF10000000060FC0
:1036C00001FF10000000060F01FF10000000060FB0
:1036D00001FF10000000060F01FF10000000060FA0
:1036E00001FF10000000060F01FF10000000060F90
:1036F00001FF10000000060F01FF10000000060F80
:1037000001FF100000007261746573656C007374D2
:10371000660063636B5F6F6E65636F72655F74787D
:103720000074656D70735F706572696F64007478A2
:10373000636861696E007278636861696E007377AF
:103740006469765F736E727468726573680073770C
:103750006469765F74785F7765696768740073770A
:103760006469765F736E726C696D007377646976F5
:103770005F73776374726C5F6D61736B00737764F2
:1037800069765F63636B736E72636F7272007377D7
:103790006469765F73776374726C5F616E74300016
:1037A00073776469765F73776374726C5F616E744C
:1037B000310073776469765F776569676874007351
:1037C000776469765F736574746C65007377646998
:1037D000765F656E0073776469765F72785F706F8D
:1037E0006C6963790073776469765F63656C6C5F9D
:1037F000706F6C6963790073776469765F73776360
:1038000074726C5F656E0073776469765F7468725A
:103810006573680073776469765F6770696F5F319D
:103820000073776469765F63636B6E6F6973656558
:1038300073746C696D0073776469765F6C6F67325F
:103840006176670073776469765F6770696F00738C
:10385000776469765F74785F706F6C696379007301
:10386000776469765F74696D656F757400616E74F5
:103870006469765F72737369646966667468726599
:10388000736800776F776C5F6770696F00776F7729
:103890006C5F6770696F706F6C00000073B543698F
:1038A000164600222F2B04460D46019208DD332BCD
:1038B00006D013460121E2F3D9F183059B0D07E001
:1038C000002120460A46E2F331F2064B03401B0C6E
:1038D0001B022046336001A92A4600F005F8019832
:1038E0007CBD00BF0000FF03F8B504460E46154638
:1038F000E5F380F540F61201002207462046E6F384
:103900001BF32046E5F37EF520463946E6F322F325
:10391000024B33604FF4C8632B60F8BD4C64030066
:103920000B46C06F11461A46FFF7B8BF10B501210C
:103930000446C06FE2F35CF2E06FE6F337F3002079
:1039400010BD37B50024694601AA054600940194CC
:10395000FFF7E6FF9DE806000346284624F052DC08
:1039600020463EBD38B50446C06FE2F3D3F148B1FE
:103970002046FFF7E6FF054638B92046FFF7D6FF99
:10398000284638BD4FF0FF3038BD002038BD2DE946
:10399000FF4107464FF4B6700E4615469846E0F3D1
:1039A0006BF40446002832D000214FF4B672DBF3EA
:1039B0004DF40A9B3846009304F18003019304F10F
:1039C0008403029331462A464346F2F7F1FBE0674F
:1039D000C0B10123637440F612010022E6F3ACF299
:1039E0000C210022C4F88800E06FE5F3F7F42046CC
:1039F000F5F722FF2046FFF7B5FFE06FF2F780F9F9
:103A0000002500E00B252046E0F348F400E01E25E9
:103A1000284604B0BDE8F081CDAB000001BC6003D6
:103A200000104E03BFDE02F00E5C0280C1270000D2
:103A30000403BFDE02F0105903A85E02F000120377
:103A4000A65E02F0001202825E5300001202855E42
:103A5000AF000012020200BF00000F03A85E02F0D8
:103A600000120282DEBB0000120282DEB3000012EE
:103A700002845EB700001202845EB3000012028668
:103A800000C7000012028480C300001201BC63FF63
:103A90001FF04000008000000000035B5E02F000A9
:103AA0001401BC601300104300015E02F00000002E
:103AB000025E02F0182C020200BF0000B402045E95
:103AC000FF00001B006B446556801B01846002F7F9
:103AD000F7BF01BC6003000AA600025E02F01237C5
:103AE0000202DEFF000020006B44655520200182A9
:103AF000E002F7F7BF03BFDE02F006C30201AC7BB2
:103B000000002500E844656177A101BC607F0817CB
:103B1000A2006D5E86F4402500A82C7B010B1E00E0
:103B2000682B4F00002A0280DEFF0000B4006B44C7
:103B3000655A60B40184E006F577AB00025E02F0DE
:103B4000159B020480C700002C028180C700002E54
:103B500001806002F7F7BF01BC6003000ADA009041
:103B60002BE300D7A200E02BDEF457A3006D446ADC
:103B7000F4603200B02BD7000AF001876002F7F73B
:103B8000BF00682BBF00003A00E944655DF7A30061
:103B9000E8C4695E77A20068DE8B00003A006DDE43
:103BA0008D5E003A0286ABD300003A01876006F7CB
:103BB000F7BF0207DEFF00003F00E844655A37A266
:103BC000006D5E895A003F0187E002F7F7BF01BC34
:103BD0006003000AD100682C6F00004501BC61F74A
:103BE0000017A100E844656377A2006D5E8AF420A7
:103BF0004501BC6003000B1B00A82C7B002B1E00A2
:103C0000682AE700005100E844655737A1006DDEDF
:103C10008556404C00682B2300005100E84465594C
:103C200017A1006DDE8556404E03BFDE02F0005145
:103C300001BC6003000ABA01BC6003000AB901BC00
:103C40006003000AC801BC6003000AC000A82C7B06
:103C5000004B1E0202DEB3000054020042030000CB
:103C60005400025E02F00D2F0203C57300005702DC
:103C7000845EB30000B40068AAEF0000B40284DEE2
:103C8000B7000059020180C700007900B02AAB00DC
:103C900017A202802BD300006000B02B030017A1F5
:103CA000006DDE855BE0AB00685E87000060006849
:103CB0002BE700006000B02BE70017A200682AEB9A
:103CC00000006600E844655757A101856006F5D7F6
:103CD000AE006DDE86F440AB00E05E8554F7A100D7
:103CE0006DDE86F440AB01856002F5D7AE0202DEE0
:103CF000BB00007900682A9B00007900E844655504
:103D0000D7A100E02A9B0157A2006EDE86F4407224
:103D10000182E002F5D7AE0181600163CB1E01BCD8
:103D20006003000AEA01BC6003000AA601BC60034C
:103D3000000AE503BFDE02F00079006EAA9AF420C3
:103D40007800E82A9AF437A100902A9B0037A20055
:103D50006E2A9EF4407700B02A9F0017A20069DE09
:103D600086F4407903BFDE02F000AB0284DEB700C8
:103D7000009E028881AB00009C02045EB70000B484
:103D8000020480C700008500682AF70020850068CB
:103D90002AF700808500682ADF00008400682AF77F
:103DA00002E0820068AAF708608400E8446556379C
:103DB000A1006D5E8556E0B402005EFF00009C022B
:103DC0008080BF00009C00682B2300008B02802BAA
:103DD000D300008B00B02B2B0017BB006E2B02F71B
:103DE00060B403BFDE02F0009C0205DEB700008E67
:103DF00000682AF70860B403BFDE02F0009C02846A
:103E000000C7000090028600C700009200682AEBFD
:103E100000009C02812C2700009C00E84465563776
:103E2000A10206ABD300009600E845C95AF7A203E9
:103E3000BFDE02F0009700E845895AF7A20286AB80
:103E4000D300009A00E85E86F457A10069DE85572A
:103E5000009C006CC4655660B402855EB70000B477
:103E600000025E02F015BE03BFDE02F000B4028560
:103E7000ABD30000A50206ABD30000A301BC63FFD7
:103E80001FF7A1006845C6F4209C03BFDE02F000C6
:103E9000A501BC63FF1FF7A100684586F4209C02C2
:103EA00003C5730000AB02855EB70000AB020100E2
:103EB000C70000B4006B44655680B40020E3FE14D4
:103EC00060B40282DEBB0000B402022C270000AE08
:103ED0000282DEBB0000AE03BFDE02F0009C02885F
:103EE00081AB0000B40282DEB30000B4028080BF68
:103EF0000000B40284DEAF0000B402825EBB0000AA
:103F0000B400025E02F015EE018060020D906C03B9
:103F1000595E02F000B603D85E02F000B703D8DEA7
:103F200002F000B801BC618300112900B0007B00E1
:103F3000112B01BC630300112303125E02F00CB0CD
:103F400003975E02F00D4303D05E02F0039403D0AA
:103F5000DE02F0063D03D5DE02F00C6203915E0244
:103F6000F006980396DE02F00C5D0288C173000132
:103F70002303C45E02F0081003C75E02F008340396
:103F8000DCDE02F0163503AA5E02F008A40386DE2A
:103F900002F00CA10287C037000CA103835E02F07F
:103FA0000A50020680C70000D00202B0E70000D02D
:103FB000006C30EE2320D00182E001872C3901BC57
:103FC000607F1FF7A201E05E8A1070830391DE021A
:103FD000F00720020680C7000107020601AB0000BF
:103FE000E3020030E70000E30068DE4B0620E30256
:103FF0000042030000E3028445230000E30280B096
:10400000E70000E3006E45170020E301BC600300F9
:10401000108000A8412300F04803D0DE02F000DC4D
:1040200003D05E02F000DD03D5DE02F000DE00E02A
:1040300001DF0020770180E005872C3901BC600397
:10404000000C3A00025E02F0180700025E02F0184F
:104050001B020E01AB0000F0028445230000F002B9
:104060000130E70000F000E001E30020780181600A
:1040700001872C390180E001872C39010C81430034
:1040800017A60068DE9B0060ED01BC6003004C3A9F
:1040900003BFDE02F000EF0068DE9B0040EF01BCD2
:1040A0006003002C3A00025E02F01807020681ABA2
:1040B000000107020230E70000FB0280420300001B
:1040C000FB028445230000FB03915E02F00698008A
:1040D000E001EB00207A0180E005872C3901826045
:1040E00001872C3901BC6003000C3A00025E02F02B
:1040F000180700025E02F0181B0201B0E70000FE84
:10410000006C30F22320FE0181E001872C3902038C
:1041100030E7000107006C30F623210701836001BE
:10412000872C390200420300010700685E4B0441FE
:104130000500685E4B00410503BFDE02F001070188
:1041400082600609104801BC600300114503C2DE0D
:1041500002F00D0A00025E02F0123603D4DE02F015
:1041600007B903A3DE02F0000203C85E02F005FBFC
:104170000204DEB300011002014523000110018496
:10418000E002F597AC00025E02F006370201C5239B
:104190000001120187E002F577AB00025E02F00E2B
:1041A000AF00025E02F0117702182E270001160000
:1041B000025E02F0118A03A25E02F0012003565E45
:1041C00002F0011D01866006091048031F5E02F01F
:1041D000011D006A5E2300011C00B0002700178843
:1041E00000E85E2300378803A65E02F0018E00021D
:1041F0005E02F011F80028600E08E1B403C4DE028C
:10420000F00D7A0020C2030021BC03BFDE02F002E1
:104210000D03815E02F001250300DE02F000C30100
:1042200088E0020B905C03BFDE02F003910287403E
:1042300063000127018EE00EF4301802874063000E
:1042400001290002DE02F000000287406300012B1A
:1042500000B05E8B001019018EE00AF430180002E5
:10426000DE02F0000001BC606300107B01BC601B3B
:1042700000107A01AC607EF47075028741D70001AE
:10428000320002DE02F0000001BC606300107B011E
:10429000BC601B00107A01AC60BEF47075028741EF
:1042A000D70001370002DE02F0000001BC606300AD
:1042B000107B00B05E8B00107A01AC607EF430752C
:1042C000028741D700013C0002DE02F0000001BC81
:1042D000606300107B00B05E8B00107A01AC60BEA2
:1042E000F43075028741D70001410002DE02F00080
:1042F0000001BC60030280060280DE0700014D0160
:10430000DA6002F0178002085E0700016101BC60FC
:10431000031E17A100E05E02F4306501BC60031CBF
:1043200017A100E05E02F4306401BC6003002811B4
:1043300003BFDE02F0016701105E030017A1010355
:104340005E030017A200E05E86F457A100885E8736
:104350000037A200E05E86F457A100E0015AF43075
:1043600063028600C300015800B0560B00106200C3
:10437000B0540300106201BC600300281103BFDECB
:1043800002F0016900B0418F0010620109DE0300F4
:1043900017A10068DE8700415C00E05E870037A15E
:1043A00000885E870057A100E05E8504B7A100E0A9
:1043B0005E8703C00601BC600300481103BFDE0234
:1043C000F0016901BC60070217A100E05E02F43051
:1043D0006501BC60070017A100E05E02F4306401D3
:1043E000BC600318000601BC600300081100B05A4D
:1043F0000300106200B058030010630002DE02F0F8
:10440000000001BC600306379201BC63FF1FF0C3CC
:1044100001BC60031890E301BC60FB1C10E501BC0B
:10442000600300501000B0404300180000B0404747
:104430000010E70002DE02F0000000E840330097C1
:10444000A100B0400B0017A3006D5E86F4617700F9
:10445000905E8F0037A303BFDE02F0017800905E0C
:10446000870037A301BC601B0437A100E05E8EF417
:1044700037A301F041970017A1006DDE86F4618C2F
:104480000287C19700018001385A030017A1013C3F
:104490005A030017A203BFDE02F00182013C5A0357
:1044A0000017A101385A070017A200685E86F48140
:1044B0008700D85E8B0037A200E14196F45065007A
:1044C000E1C19700306503BFDE02F0017A00D85EDB
:1044D0008B0037A200E14196F457A100E1DE87008E
:1044E00037A101F05E870017A1006EDE86F4618DB2
:1044F00001BC63FF1FF7A40002DE02F00000020609
:1045000081AB00019001826001872C390020E38E8D
:10451000090002031EDE02F00196039F5E02F00115
:104520009601BC60430117A100A84122F430480362
:10453000BFDE02F000020208411F0001930181600A
:1045400005610B0800025E02F00D2F00B000AB0009
:10455000108600B0016300108A00025E02F0107342
:1045600001BC600304179200B0003B00111D0190D4
:10457000600609104803A1DE02F001AE0181E006E9
:1045800009104801BC600300904201BC60030011A7
:104590002D039EDE02F001B101846002F2979400C7
:1045A000B0451700178F00B05E1700179002004447
:1045B0001F0001AA018560020910480181600700FF
:1045C000104701F0DE0F0037A1020400BF0001AD6B
:1045D00001F084C70037A100A044B6F43145039E22
:1045E000DE02F001B101BC613712B08003BFDE0210
:1045F000F0000200A044B42A314501BC61271270CA
:104600008003BFDE02F000020020E0820900020108
:104610000CDE530017A101885E8700104701BC60C3
:10462000030050420108411F0017A1018CDE86F2F1
:10463000979403BFDE02F000020002DE02F00000E9
:104640000020E07E09000200025E02F012020283F6
:10465000C21F000002020280F30001C600B04467DE
:104660000017A1017C5E862357A302835EFF000131
:10467000C500E000FAF4682901836006F7F7BF007F
:104680006BDE8D0521CA0206D0030001CE00E95081
:10469000862337A100E8D08A2357A20069DE8B0069
:1046A00001CE00025E02F00D2F0191601684F42706
:1046B00000E020A700882903BFDE02F0036E00029D
:1046C0005E02F00371020400BF0001D603945E0293
:1046D000F000020020C28F06000200A0428F01F706
:1046E0008000685E002DC00200025E02F00D2F0304
:1046F000BFDE02F000120201C28F000002011400AE
:10470000630017A100685E8700600200025E02F08D
:104710000D2F0194600F00001800025E02F001DD11
:1047200003BFDE02F00012011400630017A100B005
:104730005E870010A501BC60131B906000685E8757
:104740000001E400E0418306D06000E85E870037A6
:10475000A103BFDE02F001E0028050C30001F201BC
:104760008760040310A000B000630010B400B042E2
:10477000D3001800008841830030B601BC60030BF1
:1047800010B500B0006300B0B40317DE02F001EB17
:104790000397DE02F001EC018060068614300068A9
:1047A000D0D30001F20068D0D70001F200B0446716
:1047B00000143400B0446B0014350002DE02F00037
:1047C000000020E01280420C018760040310A0006A
:1047D000B000630010B401BC60030E10B500B0005F
:1047E0006300F0B401BC60570310B600B000630072
:1047F00010B401BC600302D0B50207500B000209DF
:1048000001BC600303D0B5018E6002F297940204EC
:10481000500B0002020204D00B0002020186600667
:10482000F2979400E042D700D0B500A0500B1117CA
:10483000A10068DE871102080186E006F297940065
:10484000E042D70050B50207D00B00020800E0425A
:10485000D70090B500B042D70011E100B00063006E
:10486000B0B40317DE02F0020A0397DE02F0020B77
:104870000002DE02F00000006820C3000210006C9D
:10488000C46506001201BC6003000830006820BB4C
:1048900000021600B044670017A2006C446988A2A9
:1048A00015006B446988A012006EDE8905E01201D4
:1048B000BC600300082E0020E0BE09000202068151
:1048C000AB00021A0281B0E70000020280B0E700EC
:1048D000000203905E02F0001203A25E02F0022CBE
:1048E00000025E02F01163020200BF00022B02848C
:1048F000DEAF00022302045EB700022B00025E025C
:10490000F0156902045EB700022B03BFDE02F0005F
:104910000202045EB7000226020480C700022B02D6
:10492000805EFF00022B00025E02F0150D0206AB56
:10493000D300022A02052C2300022A03BFDE02F064
:10494000022B03BFDE02F0000200025E02F0120240
:104950000200421F000243006842F300022F006D74
:1049600042F3006243011400630017A100B05E87A8
:104970000017A203A25E02F0023703145E02F002E7
:1049800045006EC456806245028145230002450001
:104990006E5E8700624301BC60030077A2008860FE
:1049A00006F457A300885E8B01001800E85E8B00B8
:1049B00037A20020C28EF4623D006ADE86F44237E0
:1049C00003BFDE02F00243020400BF00026F00904A
:1049D0000063010165008085970217A100E06482F1
:1049E0000DA16600025E02F011DF03BFDE02F002DD
:1049F0006F0182600209104803BFDE02F00002016D
:104A0000BC600300111500B0017F0017A6031F5EF4
:104A100002F00254020300C300024A0020C28F02C7
:104A2000024E03255E02F002540020C28F02024EA5
:104A300000688153FFE01203BFDE02F002500194D0
:104A4000601300001803BFDE02F0026F039EDE0257
:104A5000F002530068DE980BC2530201411F000FA1
:104A6000250185600209104800685E980BC2580055
:104A7000695E9F0062720298428F00025803BFDE97
:104A800002F002720201411F000F25020400BF0064
:104A9000025F0218428F000F2500025E02F011C172
:104AA00000025E02F011DF0194058700001803BFC9
:104AB000DE02F0026F0200150B000268020016BB56
:104AC00000026B00B014970017A10068DE84B222C8
:104AD0006800B0149B0017A10068DE84B242680031
:104AE000B0149F0017A10068DE84B26268029E14B1
:104AF000E700026B0201C28F00026D0194600F009B
:104B0000001803BFDE02F0026F0201C28F00026DC7
:104B1000018060060D906C0200C28F000F25019489
:104B2000600700001800025E02F001DD020400BF11
:104B30000002A103BFDE02F002A101BC6003181055
:104B4000600129500B00179200B0017B0010650036
:104B50006800EB00027A00885A130117A100E844AC
:104B600066F437A1006EDE8407427A03BFDE02F0EE
:104B700007B2019060120910480194601F000018EC
:104B800001085A0F00178101885E0681540A01341A
:104B90005A0F00178000025E02F0014300B0017B53
:104BA00000106500B056230017A100E05E86A097B4
:104BB000A100E85E8400F40300E85E8400F41600BF
:104BC000B05A0300141300B05A0700141400B05A6E
:104BD0000B0014150068DE0700429200E800970001
:104BE00057A101BC5E86F0141B017C5E8700F41C9B
:104BF00000B0204700178100025E02F0108400B070
:104C0000017B00106501085A0F00178100B05E8714
:104C100000141E03BFDE02F0029500B05617001408
:104C20001B00B0561B00141C00B0541300141E00CF
:104C3000B05013001086006D00A700829B01900108
:104C40006300108A00B0418F00106200025E02F023
:104C5000160200B0422B00140601BC60031817A115
:104C6000006DC18C20029E01BC60030297A100E090
:104C70005E840377A100E05E86B0111D03BFDE02F3
:104C8000F00337020300C70002B1020CD003000298
:104C9000B1011400630017A1028500630002B10096
:104CA00080DE8701F7A201BC601B1857A200E05EFE
:104CB0008A0DB06500B041970014320080DE870095
:104CC000B7A201BC601B15D7A200E05E8A0DB064DC
:104CD00000B041930014330068D8130002BF0200F3
:104CE0005A1B0002B30180600684F42703BFDE0272
:104CF000F006C30201D0030002B300B0509B0014C1
:104D00002F0281D0C700036B00025E02F003710125
:104D10000BD0030017A1013C502B0017A2018C5EA1
:104D200086F457A1014801430017A2010C814300FA
:104D300017A300685E8F0022BC018CE0000A17A256
:104D400000685E86F442BF0191601284F42703BFBD
:104D5000DE02F0036E00025E02F001F300B05013B9
:104D600000108600B0501700108A03A25E02F00304
:104D70000B020CD0030002DE020300C70002DD00BC
:104D8000B050CB00106500025E02F016980203508E
:104D9000C70002CB01BC60230097A100A85002F419
:104DA000340003BFDE02F002E2020481AB0002CD58
:104DB000006D4246C0801200B05A130017800002F6
:104DC0005E02F0014D00B0540F00141E00B05A07EF
:104DD0000017A100B05A1300178001875A16F01768
:104DE0008000B0418F00106500025E02F0160B00DB
:104DF000E05E86A0740302875E030002DC0109DE28
:104E0000030017A300E05E8B0077A200E05E8AF447
:104E100077A200885E8B0037A100E05E86F450899F
:104E200003BFDE02F002E2006D424A8480120106F6
:104E300050070017A1028CD0030002E100685E87D2
:104E40000002E20182DE868634310182600286340D
:104E5000310020D0030402E800B0504F0011F200EE
:104E6000B050530011F300B050570011F401BC6072
:104E7000030091F0020601AB00030402015003009D
:104E80000304020601AB00030403A25E02F0030464
:104E9000028030E700030401806005872C3900E0C0
:104EA00001E700207901BC60430890E600025E0241
:104EB000F0016A01BC60031910E401BC600300004A
:104EC0000601BC600301D78201D2DE0877F0E00062
:104ED000B00F030010E100B0004700108600B00FD3
:104EE0001F00108A01BC600300378100025E02F0DF
:104EF000107000B0059B00106400E8581A28F145B6
:104F000000B0058B001064006A4516C082FF0002E5
:104F10005E02F01095006E451700430101BC60036E
:104F200000514501BC60030010BB01BC610303B02C
:104F30008003BFDE02F0001203945E02F0030B0256
:104F40000650030003070287DEAF00030B02815007
:104F5000030005DC0202D0C700030A0208502B0040
:104F6000030B0285D0030005F301906012863431F3
:104F7000011050070017A60068DE9B004317013A96
:104F8000500700178000885E0300778000E000AEC5
:104F9000F0106400B05E0700081301BC602306D760
:104FA0008100E0418301706300E0418F00B0650043
:104FB000025E02F010AB00B0204F00178103A25E2A
:104FC00002F0032300B0500F0011160202D0C700F8
:104FD000031B00B0505B0011160282D003000323B4
:104FE000028147C300031C0280504F0003210020B0
:104FF00047C73F83230020C7DB00C36D03BFDE022A
:10500000F0032303A55E02F003230280C7DF000341
:105010006D028850C700033F0129500B0017920210
:105020000300C7000330020CD0030003300283509A
:10503000C700033000B050CB00106501385A130090
:10504000178001825A17005781010E5A130017A1C9
:10505000018E5E86F037810202D0C700033F00B0A8
:10506000501B00108A03BFDE02F0033F0282D0C74C
:10507000000337013850270017800108501300172C
:1050800081010250130017A101825E86F037810072
:10509000B0507F00108903BFDE02F0033F0138509B
:1050A0006F0017800108502B0017810106D0070000
:1050B00017A101825E86F0378100B0501B00108A74
:1050C00000B05083001089010E50730017A1018EAB
:1050D0005E86F0378100025E02F0014300025E024C
:1050E000F010700102421B00178101825E05023739
:1050F0008100025E02F01084020680C700034B01AB
:105100000C81430017A60068DE9B00634900885E9F
:10511000870057A103BFDE02F0034B0068DE9B004F
:10512000434B00885E870037A100E05E840117A131
:1051300001D9DE8700108301BC613703B791006895
:105140005E4B02837F020400BF00035202875003BC
:1051500000035203945E02F0035303225E02F00345
:1051600060020681AB00035E00685E4B044357009B
:10517000685E4B00435703BFDE02F0035E00E001B0
:10518000EF00207B01BC600302914501836005872D
:105190002C3900E044670A0C3D018C600E1770BB8F
:1051A00001BC610302308003BFDE02F0000201BCDB
:1051B000610300308003BFDE02F0000201BC6133F6
:1051C00003B79102850063000366009000630097B7
:1051D000A100E06482F43065006E5A13002366017A
:1051E00088E006F23791020601AB00036A0068DE30
:1051F0004B05A36A01BC610300308003BFDE02F0EF
:10520000000203BFDE02F0037F0191600E84F427E9
:1052100003BFDE02F0036E0191600684F42701BC37
:1052200060030010B40181E00686343103BFDE0262
:10523000F006C3011C508F0017A10080DE87019784
:10524000A200E0015E0DB06502805A7F00037E027D
:10525000815A7F00037A0203DA7F00037E00685AD6
:105260008700037E00886006F437A100201CBAF492
:10527000237E00025E02F00D2F0191601E84F42750
:1052800000015E02F0000003BFDE02F0036E0002C8
:10529000DE02F0000003C4DE02F00D7A02065003C5
:1052A0000003870207DEAF00038701BC61030037FC
:1052B000910207500300038501BC620300F79100CF
:1052C000E0010B00204203BFDE02F0038801BC6056
:1052D0000300204200B05E47001080020400BF00BF
:1052E000039000B0058B001064006E4517000002AB
:1052F0000068DE4B02838F00A044B42A314503BF0F
:10530000DE02F0000200025E02F010950068C51790
:1053100000000203D05E02F0039400025E02F0106F
:105320009503BFDE02F00002020601AB0003970006
:1053300068DE4B05A39701806001872C39020E01BE
:10534000AB00039A0200B0E700039A018160058771
:105350002C3900E10DB228E36C00E08DB700036D3D
:1053600001836002F7F7BF01BC600300900400A84E
:10537000412330104801BC620F0011E0018160023E
:10538000F5D7AE020200BF0003B80068DE4B02038F
:10539000A400025E02F017BA0068DE4B0623B802D2
:1053A000045EB30003B80206ABD30003A90204C530
:1053B000AF0003B803BFDE02F003AA0200456F008E
:1053C00003B800E844655637A100E82A96F437A1EF
:1053D00000695E870823B80206ABD30003B2006BF6
:1053E000AC422323B100E04467014B100183E0028B
:1053F0002B915C03BFDE02F003B80183E0022B9126
:105400005C01BC600318517800B045E3001800014E
:105410008360022F317900A84138F9D7A100B05E2E
:1054200084FE704E0187E002F577AB0068810B00C7
:1054300023BB00B044670000430182E00609104826
:1054400000A841B310906C01826006289144018845
:10545000E0020B905C00025E02F012360185E00271
:10546000F7F7BF0288421B0003C30185E006F7F788
:10547000BF035B5E02F003C501BC60130010430173
:10548000BC600300108501BC60030010B8008850A8
:10549000770090B90208502B0003CC0138507300FC
:1054A00017A1017C506EF437A100885E870090B987
:1054B000020047A30003D001BC60030011EA009082
:1054C00042E70091EB00B047A300D1E8020047B3E8
:1054D0000003D201B0E08E3D91EC01D2E0021090C9
:1054E0008403A95E02F004FD01BC60030010840087
:1054F000E001C300207000B04467000C0D00B04410
:105500006B000C0E0320DE02F0044B00685E4B18AB
:10551000A3E30068DE4B0783EC01BC63FF1F7084CC
:1055200001BC600300F085013813630010B500E092
:1055300042D700D0B501BC60030010A601BC6023B7
:1055400014D0B400E013570024D503BFDE02F004EA
:10555000930184E006F597AC01BC60FF1FF0840066
:10556000025E02F0042801BC60030010B401BC60BC
:10557000030010A601BC600302D0B501BC60230487
:10558000D0B400E0135B0024D603BFDE02F0049326
:1055900001816006F5B7AD0068DE4B04A3FF02038E
:1055A000DEBB0003F100E02E0B00106503BFDE023E
:1055B000F003F201BC602301106500A05E7FFE10C5
:1055C000EC00B05A030010ED00B05A070010EE00D6
:1055D000B05A0B0010EF00B05A0F0010F001BC637E
:1055E000FF1EF08401BC600300308501BC60030035
:1055F00010B401BC600301D0A601BC60030450B527
:1056000001BC602304D0B400E002AF0020AB03BFB4
:10561000DE02F0049301BC61FF1FF08401BC600353
:105620000010850068DE4B05240701BC60030010F4
:10563000B401BC600B0B50A601BC600302D0B501E5
:10564000BC602304D0B403BFDE02F004130068DEA4
:105650004B02441E00B030670010840285C38F00E7
:10566000040B00E05E2700378901DA5E270010EEA8
:1056700001BC63FF1FF0CE01BC60030010B40080CA
:10568000E02183180000E069820DB0A601BC600330
:1056900003D0B501BC602304D0B400E001D30020E6
:1056A00074018460070011E00282DEB30005BC02D1
:1056B000045EB30005BC0181E006F5D7AE0183E0CE
:1056C0000609104800B0412300180001BC60030621
:1056D000B78E0188204610D78100025E02F0108448
:1056E00000885E8700708303BFDE02F005BC01BC4A
:1056F00060031FF0840103DE530017A200680ECF81
:1057000000042300B00ECF0017A200901CBAF4577B
:10571000A202005EFF00042501BC60030037A20066
:10572000682B4F00042701BC60030037A201865E8E
:105730008A1C70E3006AC39300043100E8439000C0
:10574000D0E40202421B00042F0090001B0037A18E
:105750000020421B00442E00B020970017A100E05B
:105760004392F430E40069C39300043101BC600348
:105770000010E400682B4F00043300E043915B30DD
:10578000E401BC60030010B401BC60030010A6017A
:10579000BC60030210B501BC602304D0B400685E95
:1057A0004B06A44900E001CB002072020681AB0049
:1057B00004930280B0E70004930203B0E70004936F
:1057C00001BC600704F7A60288421B00044101BC2B
:1057D000600F0017A60282421B00044101BC601743
:1057E0000017A6010C81430017A50068DE9700642E
:1057F0004400885E9B0037A600E04466F4CC3C0180
:1058000081E005872C3901826005872C390183E00E
:1058100001872C3903BFDE02F0049300E001CF00C2
:10582000207303BFDE02F0049303205E02F0049AAB
:105830000181E00209104800E001D7002075031E35
:10584000DE02F0047A01BC60030017A2006A5E2346
:105850000004530102428F0017A201855E8A0910DD
:10586000480180E0061030810284DE5300045A00B3
:10587000B000770017A100E05E840437A100885EC5
:10588000870057A100E05E870D57A103BFDE02F03D
:10589000045B01BC60030D57A10068002700047A77
:1058A00000E05E8401F7A101BC60230090650088E0
:1058B00041970030B601BC60030010B400905E87D1
:1058C0000050A601BC60030110B501BC602300B00C
:1058D000B40317DE02F004630397DE02F0046400F1
:1058E00020DE8700446D0020DE8700246A01B85E58
:1058F00022D0168001805E8AD0368103BFDE02F09E
:10590000047301BC5E22D0168001845E8AD0368189
:1059100003BFDE02F004730020DE8700247101B8AB
:105920005E22D0368101805E8AD0568203BFDE02BD
:10593000F0047301BC5E22D0368101845E8AD056A9
:105940008201886002F430A800B05A030010B00051
:10595000B05A070010B1028042A300047600E04272
:10596000A30090A800B05A0B0010B000B05A0F006E
:1059700010B10187600610908400E05E270037892F
:1059800001DA5E270010EE01BC60030010B401BC18
:1059900060030350A600B000330010B50284DE534C
:1059A00000048400E0606803B0A600E04298043080
:1059B000A600B000370010B501BC602304D0B401CC
:1059C000846006F2979401866002091048039EDE07
:1059D00002F0048E0280441F00049100B05E3F007C
:1059E000114501BC600300178F00B05E43001785AE
:1059F00000B05E0F00179003BFDE02F0049100B00C
:105A00005E0F0017850280441F00049100A044B679
:105A1000F0B14501BC600301104201836006F297BA
:105A200094018460070011E003A05E02F005BA0251
:105A3000065EAF0005BC0186E006F577AB01BC60F1
:105A40000300108000025E02F00D3703BFDE02F09B
:105A5000072003A15E02F00527011400630017A1CF
:105A60000068DE8700E49F0181600609104803BFDB
:105A7000DE02F00527028500630004A10183E00631
:105A80000D906C01816006F5D7AE011C508F0003AC
:105A9000BD0206508F0004A900B044670010F30057
:105AA000B0446B0010F401BC63FF1FF0D301BC6372
:105AB000FF1FF0D400B042170310850020600E864F
:105AC00024D0018760040310A000B000630010B46C
:105AD00001BC60030B10B500B0006300F0B402031A
:105AE00000C70004BB020CD0030004BB028050C7F7
:105AF0000004B300B054130017A100E05E86807468
:105B00001A00B0506B0010E400B04213021084027F
:105B100009502B0004BB00B0421300308401D2E0D6
:105B20003AA030E0028050C70004C101D2E052A088
:105B300030E003BFDE02F004C10202D0C70004C19E
:105B400000B0505F0010E000B050630010E100B002
:105B500050670010E200B0506B0010E400B0421338
:105B600002F084020050C70004CB018AE00E1090BE
:105B70008401BC60FB1C10E501BC60030890E600DA
:105B8000B000630010B401BC60030210B500B000A7
:105B90006304D0B4018460070011E001BC6003001D
:105BA000178E03BFDE02F005C700E001C7002071B9
:105BB00000B000630010B401BC600302D0B500B0B7
:105BC000006304D0B403BFDE02F0055403225E027A
:105BD000F004D200E002A70020A90103500300173F
:105BE000A100B85E870037A101875E861010800291
:105BF0000400BF0004E0032BDE02F004E00200001A
:105C0000F30004DA00E8002300514201BC600A28D6
:105C1000514203945E02F004E000B0058B00106472
:105C200000E05823003608006858030004E000B084
:105C3000446700111200B05803001115020CD00384
:105C4000000526020300C70004F300B050CB00108B
:105C50006501BC600300168500E05A3300368C02F3
:105C60000350C70004E800E05A2700368903BFDE6E
:105C700002F0052701BC60030017B200B05A0B0008
:105C80000B8301385A130017A101BC5A06F430E007
:105C9000013C5A130017A1017C5A06F430E101813E
:105CA000E0061090840185E0070010E30185E0071D
:105CB0000010C30282D0C70004F803BFDE02F00464
:105CC000FB0202D0C70004FD00B02A330017A10177
:105CD000B8506EF430E000B050730017A101B82A3C
:105CE00036F430E1028242130004FB00B0507B0026
:105CF00010E400B042130210840185E0061C30E17C
:105D000000B04213007084018760040310A00203F6
:105D100000C700051300B050CB001065006D5ECACF
:105D2000D1C5030185E0021870C300E05ECB0036E8
:105D30008E01BC601B1FD06500E04196F6506500E7
:105D4000B050970016800068DECB00050B01BC60E8
:105D5000230150B800E001F300207C00682E0F0002
:105D6000251103BFDE02F0051E00B05ECB0010B5AA
:105D700000B000630870B4028342D300050D01BC7B
:105D800060030170B80068AE0F00251E01BC6003FF
:105D90000170B802BC506700051D03BFDE02F005AC
:105DA0001C010CD0030017A103A95E02F005190124
:105DB000BC60230150B800E001F300207C00685E65
:105DC0008700651C03BFDE02F0051E01BC600301F5
:105DD00070B800685E8700451E01BC60030170B8A2
:105DE0000181E0021710B801BC600300F0A501BCFE
:105DF00060030E10B500E001F700207D00B00063E5
:105E00000010B400B0006300F0B400B042D300183A
:105E100000018860080310B4018160060D906C03D6
:105E2000BFDE02F005540202D0C700052D00B050BD
:105E30006F0010E000B050730010E100B050770028
:105E400010E20282421300052C00B0507B0010E4E7
:105E500000B0421302F08400E05E9F0037A703A168
:105E60005E02F0053601BC60030017A701876004DD
:105E70000310A000B000630010B401BC60030E105A
:105E8000B500B0006300F0B4018860080310B403EB
:105E9000BFDE02F0054900B0017B00106500B05A7A
:105EA000030010E500B05A070010E600B05A0B00DE
:105EB00010E70068A04B00053C00E05E2700378932
:105EC0000068204B0005400185E0070010E30185D4
:105ED000E0070010C300B0421301108401DA5E270E
:105EE0000010EE0187600610908400B042131C1071
:105EF0008401BC60030010B400E0606803B0A60039
:105F0000B000970010B501BC602304D0B4018460D8
:105F1000070011E003BFDE02F005A901085E4B0097
:105F200017A100685E870025540202500300055344
:105F3000029E509F0005500201D00300055000E072
:105F40005E2700378901585E2700142D01DA50B70B
:105F50000010EE0187600610908403BFDE02F0059A
:105F60005401BC600300142D0104C1070017A100F7
:105F7000680EF700055900B00EF70017A100901C3D
:105F8000BAF437A103BFDE02F0055B03225E02F024
:105F9000055B0103DE530017A100B05E870017A266
:105FA00002005EFF00055E01BC60030037A20068CE
:105FB0002B4F00056001BC60030037A202885E4BD6
:105FC00000056300685E4B06856301BC6003001733
:105FD000A200688EF70005650183DE86F2979401C2
:105FE00083DE8684F4270281C21300056B01865E7E
:105FF0008B0010E3018660070010C30181E00610EA
:10600000908403BFDE02F0056D01865E8A1C70E39A
:10601000018660061870C302B847A70005A502A054
:1060200047B70005A703A95E02F0057501085E4B9E
:106030000017A100685E870025A6021E509F00057C
:10604000750185E0061C70E30185E0061870C30148
:106050001400630017A10068DE8700857E00B00190
:10606000530017A20068DE8BFFE57A006842470004
:10607000257B0068DE8A84C57E01856002091048A0
:106080000186E0021C70E30186E0061870C301106F
:1060900050070017A600685E9B0005A601BC6003C0
:1060A0000011E4013A500700178000885E03007772
:1060B0008000E000AEF010640068DE9B00458B02BB
:1060C00007D00300058901BC602B11F7A200E05E38
:1060D000000B37A300025E02F010D601BC6023065D
:1060E000906401BC60470017A200025E02F010FE3F
:1060F00000685E9B0045A701A46046F471E000685B
:10610000DE9B00C59901BC611300B7A1020600F334
:1061100000059201BC601300B7A10192C21AF437C6
:10612000A203295E02F0059701BC60030011EE0096
:106130009042E70091EF0192E00EF437A200B05ECA
:106140008B0011EC03BFDE02F005A700685E9B0028
:10615000659E00685E9B00A59E00B0502F0011E276
:1061600000B050330011E203BFDE02F005A7018743
:1061700060023D11E80068DE9B00A5A10187600672
:106180003D11E801BC60030011EA009042E7009174
:10619000EB0192C21B00B7A201B85E8A3D11E80371
:1061A000BFDE02F005A7018460070011E001BC60BA
:1061B0000300112D00B0448300142C03A3DE02F071
:1061C00005BD01BC600300178E00685E4B05A5ADE0
:1061D000020050030005B70183E00609104800B033
:1061E000412300180001BC600306378E00685E4B37
:1061F00005A5BC00E002A30020A801BC600304B711
:106200008E03A95E02F005BC00685E4B0425BC014C
:10621000BC600306B78E03BFDE02F005BC018160DF
:1062200006F577AB00B05E0F00178500025E02F046
:10623000109501BC600300178C01BC600300178D32
:106240000323DE02F005C7020680C70005C6010C65
:1062500081430017A10068DE870065C60108421B64
:106260000017A10068DE870005C601BC607F1FF72C
:10627000A101E05E861070830182E005872C390061
:10628000E04467258C3B0187E006107083006D00B9
:10629000A70085D903295E02F005D9020300C700D3
:1062A00005D600B050CB0010650282D0C70005CEE5
:1062B00000E05A2300368803BFDE02F005CF00E07D
:1062C0005A2700368900682E0F0025D600E05ECBE5
:1062D0000037B2010A5ECB0017A100E050CAF430CB
:1062E0006500D06006F657A200205A1AF445D6037E
:1062F000BFDE02F005D000025E02F012360350DE6F
:1063000002F005D603BFDE02F0063D02055EAF00D7
:1063100005DB0187E00626713303BFDE02F00002D1
:106320000190600A8634310282D0C70005E5013C45
:1063300050270017800109502B00178101075007D3
:106340000017A101825E86F0378100B0501F001057
:106350008A00B0500F00111603BFDE02F005EB01FA
:1063600038505F001780010A502B0017810107D0B9
:10637000070017A101825E86F0378100B05023002C
:10638000108A00B0505B001116020300C70005F030
:10639000020CD0030005F002085E070005F001388A
:1063A00054070017800190422AA1308A028050C70A
:1063B0000005F901BC600305B79203BFDE02F003DC
:1063C0001B01906006863431020300C70005DD0220
:1063D0000CD0030005DD00B0001F0017A100E05E37
:1063E0008680741A03BFDE02F005DD01BC6003067F
:1063F000379203BFDE02F0031B00E0135F0024D7D7
:106400000204DEB300000200B0130B001065011996
:1064100098870017A101095A130017A201895E8607
:10642000D0968400B013070017A3006DDE84982671
:106430000400B05E870017A301885E8ED0968400AA
:1064400068DE8AF4210E01BC63FF1FF0D000B05A51
:10645000130010F001BC60030017A501825E961EB8
:1064600010F001BC63FF1FF0CF01BC601B00F0EF18
:1064700001BC63FF1FF0D100B044670010F101BC04
:1064800063FF1FF0D200B0446B0010F201BC600348
:106490000404D801BC63FF1FF0C301BC60031C10DF
:1064A000E301BC63FF1FF0C400B052130010E4010D
:1064B000BC63FF1FF0C500B0522F0010E501BC63A4
:1064C000FF1FF0C600B052330010E601BC63FF1F8F
:1064D000F0C700B052370010E701BC63FF1FF0C8DF
:1064E00000B052170010E801BC63FF1FF0C900B0F4
:1064F000521B0010E901BC63FF1FF0CA00B0521F1D
:106500000010EA01BC63FF1FF0CB00B0134700107E
:10651000EB01BC63FF1FF0CC00B0134B0010EC018B
:10652000BC63FF1FF0CD00B0134F0010ED00B0139F
:106530006700106201BC600300281100025E02F0D7
:10654000107400025E02F00D2F01BC602B1877A1C1
:1065500000025E02F00127016040670011C000E008
:1065600040649B17A100E05E870097A101BC63FF18
:106570001FF0C001BC600301550101D2DE86A030CE
:10658000E000905E870177A101BC6003079792014C
:1065900090600A09104803BFDE02F0035301BC609B
:1065A000070011C101BC602B1817A101BC600300DA
:1065B00017A200025E02F0012B01BC60030011C1B2
:1065C0000002DE02F000000201C2E30006650203E1
:1065D00000C700064200682E0F002652006E424699
:1065E000F6465203BFDE02F00644006E4247002624
:1065F00052020300C700064F0355DE02F0064401B5
:10660000806002861430013850830017A100B0501A
:10661000CB001065006DDA32F42C6200A84123141F
:1066200010480114006300106500E041970ED0652A
:1066300000E05A0300368001BC621F0011E003BF76
:10664000DE02F000120181E0068634310191600E15
:1066500084F42703BFDE02F00665013C5067001793
:10666000A101AC5E861750BA01BC60030190B8026C
:106670000300C700065F0068AE0F00265A0181E0E4
:10668000021710B80350DE02F0065803BFDE02F016
:10669000066500E82E0F002B8300B05ECB0010B51E
:1066A00000B000630870B4028342D300065D03BFEC
:1066B000DE02F006600186E0040310A000025E0224
:1066C000F001E603D5DE02F00C6203D6DE02F00C28
:1066D0007A0350DE02F0066103BFDE02F003C3015D
:1066E000BC600300F0A50182E00209104801BC6211
:1066F0001F0011E001BC60030011EC01BC600F0041
:1067000011E80285500B00066C01826002091048F6
:1067100003A0DE02F0067003D5DE02F00C6203D6A1
:10672000DE02F00C7A03205E02F006760188600239
:1067300009104801BC600300083100685E4B18A0D6
:10674000020068DE4B07867500025E02F006370322
:10675000BFDE02F0001201BC60030037A100025E40
:1067600002F00E9603A3DE02F00012020050C700F2
:10677000068201BC60030010800182600609104897
:106780000180600286343100688EF70006800104C3
:10679000C1070017A10183DE86F2979400E001CBC8
:1067A00000207203BFDE02F0020D00B0010B0017E3
:1067B000A1006DDE840806C300E844640877A100E8
:1067C0006E5E840826C30187E006F577AB020200FF
:1067D000BF000697028881AB000697028400C700BD
:1067E00006970129500B0017A10068DE8702069763
:1067F0000282DEBB0006970203C573000696028381
:10680000DEB30006960286ABD30006920282DEBBA0
:1068100000069200682AE7000697006DDE2F01E669
:10682000970182E006F7F7BF01BC613B0417A100A6
:10683000E04466F42AA903BFDE02F0001203BFDEC3
:1068400002F006C301BC600300114902825EAF0082
:1068500006B201826006F577AB00B0446700081C01
:10686000020400BF0006A30068451F0006A30185BF
:10687000E002F577AB032BDE02F006A10185E0060E
:10688000F577AB00B0058B00106400025E02F011DA
:106890009700B0014B0017A20208421B0006A60099
:1068A000B0016B0017A200685E8B0006AE00904539
:1068B0002B0097A10080DE86F457A1006E20BA0D50
:1068C000A6AE00B041B700082E00E120BA23282F61
:1068D00000E0DE86234C4500B041B6F4282E0205C8
:1068E0005EAF0006B001BC610300113300E10D8210
:1068F00029436000E08D8700036100E84465039749
:10690000A5006D5E970100C1020200BF0006C00035
:1069100068DE4B06A6B70184E002F7F7BF0068DE29
:106920004B0406BA0282DEB30006BA01BC60030063
:106930000B0A02045EB30006BD0068DE4B0626BDEE
:1069400000025E02F0158F00025E02F0123703A310
:10695000DE02F006C00183E002F597AC00025E02A1
:10696000F017C001826002F577AB03D15E02F00040
:1069700002020050C30007190325DE02F006C7011A
:1069800083600684F42703BFDE02F006F9020CD010
:10699000030006F7020300C70006E60114006300C7
:1069A00017A1006DDE870086F701BC600300178029
:1069B00000B050CB00106500B050CF0010640181D2
:1069C00060060D906C0182600686343100B05A2357
:1069D0000017A101BC600300168801BC5A2AF437D5
:1069E000A101BC600300168A00B05E8700148F000E
:1069F000B05A270017A101BC600300168901BC5AD8
:106A00002EF437A101BC600300168B00B05E870036
:106A1000149000B05A1B00148D00B05A1F00148E41
:106A200001BC60030016040068DE030006E30203F5
:106A300050C70006E20100509F00178001805E02EF
:106A400091B48D01BC5E0292149001BC60030037CA
:106A50008000025E02F016E400B05E0300148C03B6
:106A6000BFDE02F006F20068C2470006EB0181E0DB
:106A7000068634310191600E84F42701BC60030066
:106A8000143003BFDE02F0000200B0509F0017A1D7
:106A900000025E02F001E500B05E87001427018667
:106AA000E0040310A000B04283001800010CD003E2
:106AB0000017A10068DE870066E6010250C70017D4
:106AC000A101805E8684F427018AE00E84F4270009
:106AD000B050BF00142603BFDE02F006F90186E0C5
:106AE000040310A00200509F0006F90286C10700AF
:106AF000071403295E02F006FE00B0523300142D85
:106B000000B052370017A1019E5E8684F42700B0C2
:106B1000509F0017A10180DE86F437A1020580C3D3
:106B200000070500B0303B00108F00B03037001078
:106B30008E00B050D700108D00B050D300308C00C4
:106B4000B050BB00108F00B050B700108E00B05096
:106B50009B00108D01806006F4308C020250C7004B
:106B6000071100B0524300108F00B0523F00108E4A
:106B700000B0523B00108D011A52370017A1019846
:106B8000DE870437A101B85E8691B08C0182600275
:106B9000863431018160020D906C01BC60030014E9
:106BA0003401BC60030014350325DE02F007170131
:106BB0009C600284F42703BFDE02F0071B028550AD
:106BC0000B00071900A850C70D143101BC60030069
:106BD000143001816002F5D7AE0183600284F4278E
:106BE0000185E00209104801BC600300142E03A2D5
:106BF0005E02F0020D03BFDE02F000120323DE028C
:106C0000F0079103A35E02F0079103A2DE02F007F2
:106C10009101816006F577AB03AA5E02F00791014E
:106C200083E0020910480351DE02F0072C020680BF
:106C3000C70007290182E001872C3900E0026B00C0
:106C4000209A0180E006F577AB03BFDE02F0073142
:106C50000301DE02F0072F00685E4F06272F01BCFC
:106C600060030017A803A45E02F0073103C1DE022F
:106C7000F0079402045EB300073A01846002F597BE
:106C8000AC0183E00209104800B02B3F0017A100BF
:106C90006D2AEEF4200200E0027B00209E01BC6021
:106CA00003000ABB00025E02F0159203BFDE02F091
:106CB00000020203DEB300074A0183E002F597AC4D
:106CC00000E020CF00283302015EBB00074A00B07D
:106CD0002A830017A1006D20CEF4274501BC600374
:106CE00000083300E0027F00209F03A95E02F00746
:106CF000480191601A84F42703BFDE02F0036E019D
:106D0000BC63FF1FF7A100025E02F00E9603295E2E
:106D100002F0074A0191601A84F42703BFDE02F0F3
:106D2000074A0184600209104800E10DC22943703E
:106D300000E08DC7000371020400BF00075101BCD1
:106D40006003001115011400630017A100E0660242
:106D5000F4306500025E02F0109A018260020910B0
:106D60004800685E3B18A7550068DE3B07075603DE
:106D7000BFDE02F0000203295E02F0075902015053
:106D80000300075900685E3B04A76001F0DE1700AE
:106D9000378500A05E16F0978500685E3B06276089
:106DA0000201500300075F028780BF00075F018573
:106DB000E0060910480280D00300077000B05E1B97
:106DC0000017A300B0008B0017A4020400BF000747
:106DD00066006E419730676601185A030017A301D9
:106DE0001A5A030017A40068C18318076900E0025B
:106DF000930020A403BFDE02F0076B006D5E2EF44B
:106E0000876B0182E00686343100E05E3300378C08
:106E10000068DE32F4676E00B05E0F001785006D0B
:106E2000DE2EF4677C03BFDE02F0078C00B05E1F2D
:106E30000017A300B0008F0017A4020400BF0007D2
:106E400076006E4197306776011C5A030017A30144
:106E50001E5A030017A4006D5E2EF487780182E0AD
:106E60000686343100E05E3700378D0068DE36F488
:106E7000677B00B05E0F001785006D5E2EF4678C97
:106E80000185E00209104803D1DE02F0077E0329E4
:106E90005E02F00780020300C700078100B05E0FAA
:106EA00000178500025E02F0109500684183180704
:106EB000B2020300C7000788020CD0030007880253
:106EC0008350C70007880068DE4B05A78803BFDE34
:106ED00002F016640181E0068634310068DE3B066C
:106EE000278B00E0029F0020A703BFDE02F006C34D
:106EF00000025E02F010950181600209104803292A
:106F00005E02F00791028300C700166403BFDE0231
:106F1000F006C303D1DE02F0079203A5DE02F006FD
:106F2000C303BFDE02F0001200E10DBA29436E0078
:106F3000E08DBF00036F0206500300079C00B00104
:106F4000030017A1006D810AF4279C00E84464083F
:106F500077A1006E5E8408279C0187E006F577AB79
:106F600001085E4B0017A100685E4B05279F006873
:106F70005E870027A000B05E0F00178500025E024A
:106F8000F0109500685E3B0627A601BC6003001761
:106F90008C0200D0030007AB01BC600300178D0317
:106FA000BFDE02F007AB01BC600300178C020300D8
:106FB000C700020D020CD00300020D019C60028488
:106FC000F42703BFDE02F0020D006841831807B109
:106FD0000180600684F42703295E02F006C3018263
:106FE0006006863431028300C700166403BFDE02E8
:106FF000F006C300E002970020A50181600209109D
:107000004801BC600300081200E0017B00A05E01A3
:10701000BC60131417A1006D017AF4201201BC604A
:10702000130C805E03BFDE02F0001200025E02F06D
:107030000D2F0338DE02F00012039EDE02F0001274
:1070400000E8444C00F7A100E85E840117A1006A43
:10705000DE840107C200E85E8401118701BC600381
:1070600000118801A5E02230118001BC60030011ED
:107070001301BC600300111400B044670017A100A5
:10708000B0446B0017A200B05E8700110400B05E30
:107090008B00110503B8DE02F007C403BFDE02F067
:1070A000001201BC600304B79201BC60030417A185
:1070B00001BC63FF1FF0CE00B052170010E800B013
:1070C000521B0010E900B0521F0010EA01BC60031F
:1070D0000010E4028600C30007E200B0540F00175E
:1070E000A20069DE8A9087D500E85212F450E400CD
:1070F00068A0470007E201BC60030010E400B05440
:10710000270010E000B0542F0010E103BFDE02F0B2
:1071100007EB01BC60030297A101BC60031890E873
:1071200001BC60030010E901BC60030010EA03BF6A
:10713000DE02F007E203A4DE02F00A5003A9DE0239
:10714000F00A5001BC600301D7A1020600C300078A
:10715000E40280DE5F0007E900B054070010E000A1
:107160006820470007E701D2DE86A030E000B05477
:107170000B0010E103BFDE02F007EB01BC5E86905E
:1071800010E001BC601F0010E101BC60030010E2D0
:1071900000B052230010E500B052270010E600B006
:1071A000522B0010E700025E02F0107403A9DE0209
:1071B000F00AB100685E4F04280701BC63FF1FF0AE
:1071C000C300685E4F16A7F900685E4F05A7FC0173
:1071D000BC60031A90E301BC600306B79200685ECE
:1071E0004F05280703BFDE02F0080101BC60031849
:1071F000B79201BC60030E90E303BFDE02F007FE0E
:1072000001BC600306379201BC60031890E3028E54
:1072100001AB00080102984407000BB50280460745
:10722000000BB500B0204700178100025E02F0108D
:107230008400E85E8400D7A1006A5E86908807001B
:10724000E85212F430E403BFDE02F0080A01BC6029
:10725000030010E40338DE02F0080A0187E0061C90
:1072600090E40190600A09104801BC610304379161
:1072700000685E4F16AC4000685E4F05ABB50383F7
:107280005E02F00A5003BFDE02F000020204416316
:1072900000081D01876002F577AB01BC6003001197
:1072A0004901BC6003010B8900E10DB228E36C00C9
:1072B000E08DB700036D018460020B105802055E7B
:1072C000AF0008190187E006267133020400BF00F1
:1072D000081C0185E002F577AB00025E02F0119711
:1072E00003BFDE02F0000203A35E02F0081F0002EB
:1072F0005E02F017C00285C523000002018460060B
:107300000B10580200DEFF0008250180E002F7F7AD
:10731000BF00682B4F00082500E044655A4AD3029D
:10732000055EAF00082701BC610300113302058030
:10733000BF00082D01BC60131157A100025E02F0CE
:1073400001270196600E03301900B040670017A2B4
:1073500000025E02F0012B0203C03700082F03BFBA
:10736000DE02F0001202875EAF00083100E0021F6B
:107370000020870182600628914401BC6003010B54
:107380008903BFDE02F00012020601AB00083601DD
:10739000806001872C39020681AB0008380183E048
:1073A00001872C390183E0020F107802814013001D
:1073B00000020200420300083D01846002F597AC20
:1073C00001BC6003000ABB01BC600300108003A382
:1073D000DE02F008400190600209104800B04467E6
:1073E00000179E00B0446B00179D00B0446F00175B
:1073F0009C00B0447300179B0068DE7A232840008D
:10740000E002230020880115403B001797006D80A3
:10741000A700884B00A05E5F003797006880A70038
:10742000084B01BC600300379700B001430017A16F
:10743000010C81430017A300685E8F00284F018C68
:10744000E0000A17A101C9DE840527FF01BC600323
:107450001077950191E0020D906C0286403700088C
:107460005500E002BB0020AE03BFDE02F00CA40119
:10747000BC600300148001BC600300148101B8608B
:107480000A04902401BC600304082401BC600300CA
:10749000482301BC600300D02A01B3600700100438
:1074A00001BC600300080801BC600300080901BCBE
:1074B000600300080A01BC600300080B0183E002BE
:1074C000F5D7AE00E044671F4C1F0287C037000CA1
:1074D0009E00025E02F01236028640370008670303
:1074E000C35E02F0087903BFDE02F00C9F0068C0A3
:1074F00033004877006B446583E87700B04127008C
:1075000017A100B0412701D04900B05E870017A144
:1075100000B05E870017A100B05E870017A100B021
:107520005E870017A100B05E870017A100B05E87DC
:107530000017A100B05E870017A100B05E8700179A
:10754000A100B05E870017A100B05E870017A10000
:10755000B05E8700104903BFDE02F00D1303435EE7
:1075600002F008620286403700088500685E5F000E
:107570000C9F00685E5F004C9F0152D2030017A170
:107580000185D206F437A203BFDE02F00880013C79
:1075900052030017A101BC5206F437A20323DE02F6
:1075A000F008830068DE8B01CC9F03BFDE02F00889
:1075B0008500685E8B0288850068DE8B038C9F00E7
:1075C0006D403300CCA400685E5F00489800685EA0
:1075D0005F002895006800A700C88A006880A7009F
:1075E000A88B00E0446690283001BC62C30017A15C
:1075F0000280520300088E019652030017A10080FA
:10760000DE8690379A0203520300089300E05E6A18
:1076100090379A0207D20300089300E85E6B0037A8
:107620009A029E5E6B000CA403BFDE02F0089C0170
:1076300052D2030017A10185D206F4379A03BFDEA8
:1076400002F0089C013C52030017A101BC5206F451
:10765000379A006E5E680BACA400685E6B000D1379
:107660000204C03B0008AE0181E0060D906C0207E9
:10767000C0AF0008A4020740370008A200E0027370
:1076800000209C03BFDE02F00CA400025E02F01298
:107690003603BFDE02F0089E00B02023000C11006C
:1076A000B02027000C1200B0202B000C1300B020DB
:1076B0002F000C1400B05E7F000C150287C0AF00D5
:1076C0000C9E0282403B000C9E015840AF00179A6E
:1076D00001BC603F1E17A1006DDE6AF42C9E035BA7
:1076E0005E02F008B001BC601300104301BC60FFF3
:1076F0001E17A1006E5E6AF42C9E00B04123281074
:107700004801806002F297940184E0020910480168
:107710005840AF00102A006840AB002C9E01BB5EB1
:107720005600900402035E570008C1020047A30000
:1077300008BE01BC621E3C11E001BC60030011EAFE
:1077400000B05E6B0011EB0198601E3D11E8020075
:1077500047B30008C100B05E6B0011EF01B0E0CE8E
:107760003D91EC03835E02F008C400025E02F01259
:1077700036006D403304C8C103AADE02F008E00100
:10778000BC63FF1FE3B301BC601F10D06401BC6089
:107790000300B7A101BC63FF1FE79300E04186F43B
:1077A000306501BC63FF1FF60000E05E870077A133
:1077B00000025E02F00F1F0200C0770008D6012908
:1077C00040770017A2006D5E8B04C8D400E85E8B82
:1077D00004D60001BC601F05F06300E0418EC010BC
:1077E00063010C56030003B30068DE870168D6000E
:1077F000B05E8B000793006DDE8701C8D900E041C1
:107800009300306403BFDE02F008C903B05E02F0EB
:1078100008DF018360020D906C00681E1BFFE8E02A
:1078200001BC601F05F06500E04194F0D0650200E6
:107830005A030008E0018360060D906C0020402F81
:1078400008A8E201BC60030003B301BC60030007A9
:10785000FC0188E00F0007FD006D4033020A4A0179
:1078600029520F0017930109520F0017AA0068DE72
:107870004F03A8EA0129522300179301A95E4F0084
:10788000379301966002F2979400E0418701F0651A
:1078900001BC600F0017A10028DE869068F1018608
:1078A0006006F2979400E0419700706500E0209335
:1078B00000C82401065E530017A200A05E4F0477A3
:1078C000A10068DE870448FF0186E006F297940075
:1078D000B85E8B0037A200B05A030017A0020ADA84
:1078E000030008F901876006F297940284C03B0008
:1078F00008FF0203DA030008FF03AB5E02F008FD95
:10790000020441070008FF01806004FFA7FD010693
:107910005E530017A20182DE8A00900403AADE02F1
:10792000F0094503AB5E02F00917018460020D9077
:107930006C01BC63FF1FF79900B01E230017A20063
:1079400068DEAB00290900A05E4FFF77A10068DE6A
:107950008707291503BFDE02F0090B0284520F00CE
:1079600009150204D20F00090E03B15E02F00914DA
:1079700000B01E1F0017A203BFDE02F0090F03B301
:107980005E02F009140200521700091500685E8BB0
:10799000FFE91500E0015EF4506502015A47000955
:1079A0001500B01E4F001799018460060D906C02FF
:1079B00000521700094303315E02F009430202003E
:1079C000BF0009430180E001610B0802005217006B
:1079D000091E0068DE4F04091D00B02AD70017A257
:1079E000006DDE895509310202AB2F00093E02838A
:1079F0002B2F00092000685E5F00092B01BC60038B
:107A00000017A3013852030017A30283AB2F00090C
:107A1000270068DE5F00292701085E8F0017A3009A
:107A2000695E8F00693E03BFDE02F0092B006DDE48
:107A30005F00492903BFDE02F0093E02842B2F00BC
:107A4000093E0068DE8F00093E00682A9B00093E5F
:107A500000B02B930017A2006DAA9AF4493E00686B
:107A60005EAB00493100685E4F06893103BFDE021C
:107A7000F0093A00B02B9B0017A200B02A9B001718
:107A8000A10283AC2700093600682C870009370063
:107A90006D5E8564293700B02C7F0017A2006D5EF3
:107AA000895CA93900B02C4B000B110184E006F76A
:107AB000F7BF0068DE4F02893E00025E02F017BA8F
:107AC0000206DEFF00093E00E02BC7002AF1006835
:107AD000DE5F0009410068DEAB0049410180E0053E
:107AE000610B0800682B4F0009430180E006F7F79F
:107AF000BF01BC63FF1FF7A5032B5E02F009460020
:107B0000B01E4F0017A50207520F0009C20280479E
:107B1000A30009BF028047B30009BF00E020930023
:107B2000882400E8208F00882301BC60030011E452
:107B300001BC600303D1E102065E5300094F01BCA2
:107B400060030491E10206DE5300095300E0478719
:107B50000051E10207D20F00095300E0478700916E
:107B6000E1006D403302CA4A00685E4F0589560045
:107B700068DEAB0049C203AB5E02F0095902005255
:107B8000170009C2020580F300095E00685E97FFD6
:107B9000E95B00E05E970097A50068DE97FFE95E6D
:107BA000028052170009C2020700BF0009C201BCCF
:107BB000601B0437A20090478700306500E04196C3
:107BC000F4506500E0478701081A03835E02F0095C
:107BD0006500025E02F01236006D4031034962001A
:107BE0006D4031034A4A01BC600B1D57A10068DE9D
:107BF00097FFE975010F5A070017A5031EDE02F073
:107C0000097502005217000975032C5E02F009C2C3
:107C100000685E67FFE97500E05E6700979900E025
:107C20005E66F43064012A58030017990100DE975C
:107C30000017A500E05E66F4B79900E05E670037C4
:107C400099011558030017A603BFDE02F00985004D
:107C5000E05E96F43064012A58030017990205800B
:107C6000F30009840182E002F33799020052170001
:107C700009840116D8030017A6010F5A070017A49C
:107C8000010CD8030017A10068DE92F4298000E0FF
:107C90005E6702179903BFDE02F00989010DD80360
:107CA0000017A10068DE92F429C200E05E670417A5
:107CB0009903BFDE02F00989011058030017A600DE
:107CC00068DE9B00C9890181DA030017A100B85E54
:107CD00086C017A10281DE870009C200885E6700A6
:107CE000778000E000AEF0106401AADE64FF87FC3C
:107CF0000068DE9B0049A302078187000996006D9A
:107D0000DE030C09960285520F0009960298523B39
:107D10000009960181E004FFA7FD00E05E000B373B
:107D2000A300E05E8F0097A300E041870077A200E8
:107D3000025E02F010D600E8208F01082301BC602B
:107D40002306D78100885E970077A100E85E86F45D
:107D5000B06301BC60070E17A100E0418EF43063F0
:107D600000B056170017A100B0561B0017A20068FC
:107D7000DE86D049C20068DE8AD069C200025E0297
:107D8000F010AB01BC602306906401BC624F001789
:107D9000A200025E02F010FE00E047870217A10376
:107DA000835E02F009A7006EC032F429A5006EC000
:107DB00032F42C9E00685E9B0049BF01BC621EF439
:107DC00071E00068DE9B00C9B201BC611300B7A17D
:107DD000020600F30009AE01BC601300B7A101BCAC
:107DE00060030011EE00B05E6B0011EF0192E00E37
:107DF000F431EC03BFDE02F009BF00685E9B00694E
:107E0000B40068DE9B00A9BF019860063D11E80040
:107E1000E0209300882400E8208F00882301BC60C4
:107E2000030011EA0068DE5F0049BA00B05E6B0033
:107E300011EB0192DE5E3D11E8018760023D11E821
:107E40000068DE9B00A9BE018760063D11E801982D
:107E500060163D11E80181E004FF87FC01AADE64A1
:107E6000FF87FC03BFDE02F009C701BC620F0011EF
:107E7000E001BC60030011E40181E000FFA7FD0107
:107E8000BC600F0011E801BC60030011EC02001F90
:107E9000F70009CE00E0208EF3482300B0209300C5
:107EA000102500E8208E04A823006AA08F01C9CE07
:107EB00001B860060490240182E006F297940188DC
:107EC000600A00900401BC600318779503A0DE02ED
:107ED000F009DB00685E4F06A9E001385203001785
:107EE0008000B05E5F0017810204DEB70009DA008F
:107EF000685E070009D901BC600301778001BC609E
:107F00000300378103BFDE02F009DA01BC60030120
:107F1000578000025E02F001430068DEAB0049E0DA
:107F200000A05E4F0477A100685E87004C2D0068BA
:107F30005E87044C2D03BFDE02F00E350180600128
:107F400086EC37006EB083002A1C0068DE4F040AFE
:107F50001C03335E02F00A1C0180600184AC250022
:107F6000E030B3002C2C0392DE02F00A1C00E0305B
:107F700093002C2400B030830017A1006D3092F4E0
:107F800029EB03BFDE02F00A1A0180600584AC25EC
:107F900001BC60270897A100025E02F0012701875B
:107FA000E006032C2A00B00143000C2B03835E0281
:107FB000F00A18006DC03305C9FB00E860BA0197EC
:107FC000A60080DE9B0117A500685E5F0009F60031
:107FD00080DE9B0057A500B041B7000C360080B092
:107FE000DB0C8C3600B041B7000C3600B030DB0043
:107FF00010400000800000000001BC601B06D0653E
:1080000001BC600300B7A400025E02F001720068C8
:108010005E9300AA0303835E02F00A18006DC0316C
:10802000842A1801BC6003064C3603BFDE02F00947
:10803000F70207C197000A0601385A070017BB0369
:10804000BFDE02F00A07013C5A030017BB01BC6007
:108050001B0437A600E84196F4D7A300885E8F0082
:1080600037A300E05E8EF777A500E05E970057A586
:1080700003835E02F00A18006DC031842A18006D77
:10808000C032F4AA1800E85E960197A60080DE9B35
:108090000117A400685E5F000A130080DE9B005792
:1080A000A400B041B70017A40080DE930C97A40091
:1080B000B041B70010400000800000000003BFDEA8
:1080C00002F00A0C0386DE02F00CA103BFDE02F010
:1080D0000D8B0180600184AC2501BC6003000C2481
:1080E0000386DE02F00CA10287C037000C9E00025E
:1080F0005E02F0123603035E02F00A1C03A9DE02E0
:10810000F00A2600025E02F0123602074037000A2B
:10811000210386DE02F00CA10287C037000C9E000E
:10812000025E02F00EA3006E4030020A500301DE30
:1081300002F00A500068DEAB000A37032B5E02F043
:108140000A2C00E0022B00208A03BFDE02F00A3076
:1081500002805217000A2F00E0024300209003BF64
:10816000DE02F00A3000E0025700209500685E4F02
:10817000040D8500685E4F028D8500685E4F020B1E
:10818000C100685E4F050E2500685E4F060E250093
:10819000685E4F068E2F03BFDE02F00E350068DEEC
:1081A000AB002A49032B5E02F00A3B00E0022F00DD
:1081B000208B03BFDE02F00A3F02805217000A3E06
:1081C00000E0024700209103BFDE02F00A3F00E01A
:1081D000025B00209600685E4F06AB8E00685E4F23
:1081E000042E4D00685E4F04AE4D00685E4F05AC36
:1081F0003200685E4F062B8E00685E4F052E23000E
:10820000A05E4FFF77A100685E87072E4000685E82
:108210004F16AC3D03BFDE02F00BB503BFDE02F02C
:108220000BB900E0020F00208301BC60030011ECD9
:1082300001BC600F0011E80284C03B0009C2018448
:10824000E00609104803BFDE02F009C20200C09335
:1082500000000203A35E02F00A5403C35E02F00AA8
:108260005303BFDE02F00D1100025E02F01236026F
:1082700007C0AF000A5702074037000A540107C081
:10828000AF0017A100B85E870037A101825E860D9E
:10829000906C00B0447F0007FE0183600209104823
:1082A0000287C037000C9E0386DE02F00CA100029C
:1082B0005E02F0123603435E02F00A5C0287C037AA
:1082C000000C9E0301DE02F00A7B03305E02F00A1E
:1082D0007B01BC601F15506500E04194F5306501DD
:1082E00038402B001680012D406B0017A200885EDD
:1082F0008B0137A202884027000A6A01846006D0F9
:10830000168000B05A02F456800205C027000A6D9C
:108310000187E006D0168001BC601B0DD7A10002CA
:108320005E02F0012700B0406700168101BC601BAF
:108330000DF7A100025E02F0012700B040670016B1
:108340008200B05A0B0017A100E85A06F437A200C9
:10835000E15E8AF457A100E0DE86F457A100985E42
:108360008700B7A100E01EA70067A900691EA7014A
:108370008A7B01BC60030007A902801FF7000A7D09
:10838000006E4030020B890381DE02F00A8A00E0B1
:1083900002170020850329DE02F00A8102902E27B1
:1083A000000A8201BC6003002B8903A9DE02F00AE7
:1083B000860184E0060910480180E00209104801A6
:1083C00084E002F7F7BF0386DE02F00CA1018060B3
:1083D00004FF87FC01806006F2979403BFDE02F081
:1083E0000B370068DE4F040A8D03335E02F00A8DFE
:1083F00001BC6003000C2401836002F7F7BF03296E
:10840000DE02F00A910288AE27000AA301BC6003D5
:10841000000B8903AB5E02F00A9E00685EAB002A87
:10842000A200685EAB000A9C010C520F0017A1006D
:10843000685E87002A9800685E87004A9A03BFDE5C
:1084400002F00AA203B0DE02F00A9E03BFDE02F0D1
:108450000AA003B15E02F00A9E03BFDE02F00AA08A
:1084600003B35E02F00A9E03BFDE02F00AA001BC65
:108470006003004B8903BFDE02F00AA301BC600366
:10848000008B8903BFDE02F00AA301BC6003002B4E
:10849000890386DE02F00CA103AB5E02F00AA8019C
:1084A000F0521300118601A5E00A30118003BFDEEF
:1084B00002F00ACA03A9DE02F00AAE0068DEAB00D1
:1084C0004ACA00B0523B00179F00B0523B0017BE93
:1084D00001BC600300280803BFDE02F00ACA02875D
:1084E0005E53000AD703A0DE02F00AB903BFDE0222
:1084F000F007CA0190600A09104800B0523B00170B
:108500009F00B0523B0017BE019E5E8300B0EB019E
:1085100006520F0017A100B85E870037A10182DE66
:1085200086F577AB01BC610300308000E8523AF376
:10853000F7A2006BD23AF3EABC00E85E7E91D7A2C4
:1085400000905E8B0097A101BC6023011064006B5A
:10855000523AF3EAC701185E870017A2010A5E8744
:108560000017A300886006F457A200E04192F4705F
:108570006400B05802F45600006BDEFA91CACA00DB
:10858000B0523B0017BE03BFDE02F00ACA00025E13
:1085900002F0164F00B0202300280800B0523B0024
:1085A000179F0320DE02F00AD702075E53000ACEAF
:1085B0000180E00209104803BFDE02F00AD700681C
:1085C000DE5F000AD4021A5407000AD20103C02752
:1085D0000017A101825E8610D0860102C027001715
:1085E000A100E0422AF4308A0180E004FF87FC0306
:1085F000A9DE02F00AD700B05E4700108001085ED5
:108600004F0017A100685E87002B0503AB5E02F0E8
:108610000B0902005217000AEF0068DEAB004ADDCA
:1086200000E0025300209402865E53000B37028460
:10863000520F000D130284D20F000AE203AC5E0257
:10864000F00AED03BFDE02F00AF8032C5E02F00A26
:10865000F800685E4F040AED0106D20F0017A10072
:10866000808ECF0197A200E0015E0DB0640181DE33
:1086700086C3F61F0187DE8624912400683077FFC9
:10868000EAED00B04467000C1E02005E87000AEDB0
:1086900000E0446583AC1E00685E4F020B3703BFE9
:1086A000DE02F00B24031EDE02F00AF503315E0247
:1086B000F00AF50068DEAB004AF500808ECF019726
:1086C000A200E0015E0DB0640181E002C3F61F006C
:1086D00068DEAB004AFA00E0023F00208F03BFDEF5
:1086E00002F00AFD00685EAB004AFD0280522F00D6
:1086F0000B3702024107000AFD00685E4F040B378A
:1087000000685E4F028B370206DE53000B02002822
:10871000E01EF40B0200A044B703E14500B00513CE
:108720000017A100E05E8428A14602844107000BE7
:108730003701806006F2979403BFDE02F00B370327
:108740002B5E02F00B3700685E4F05AB2400685EBD
:108750004F052B2403BFDE02F00B370068DEAB00B1
:108760004B12006D8ECF002B1201BC6003000AB5C6
:1087700001826002F5D7AE02805EFF000B10006838
:108780002B4F000B1200E044655A4AD300682B6B54
:10879000FFCB1200E02B6B002ADA02065E53000BBF
:1087A0001500E0026300209803BFDE02F00B3703E0
:1087B00023DE02F00B1F0129500B0017A30068DE17
:1087C0008F052B1F020680C7000B1A0182E001876C
:1087D0002C390187E002107083018460020910487F
:1087E00000B05E870017A1006EE003002B1E03D1CE
:1087F000DE02F00B1F0068DEAB004B2100E0022719
:1088000000208900685E4F000B3700685E4F010B47
:108810003700685E4F058B3700808ECF0197A2002E
:10882000E0015E0DB0650020DA7F140B370280474F
:10883000C7000B870329DE02F00B2D0102DEAF001B
:1088400017A10106520F0017A200385E86F44B37BD
:108850000182DE8AF577AB00B052230011F200B03E
:1088600052270011F300B0522B0011F40106520FF1
:108870000017A100E05E870031F500B0005B001139
:10888000F000B047C30018000134C7C70017A100AB
:108890006EDE8402AB3701BC60030810420283C164
:1088A00007000B3B0301DE02F00B3A03B55E02F05A
:1088B0000B3B02805E53000D1300B040330017A144
:1088C00001089FF70017A200685E8B006B4300E869
:1088D00040310497A102811FF7000B4300B02093A1
:1088E0000017A102809FF7000B4300B05E630017E2
:1088F000A1006E5E84020B8900B05E870007F40160
:10890000816000FF87FC0202C013000B4900E05E9B
:10891000840347F401816004FF87FC02011FF70014
:108920000B8201035E530017A10187DE84FF87FCE1
:108930000386DE02F00CA100025E02F0123603850F
:108940005E02F00B4C018E60023D11E80107C78307
:108950000017A101825E84FF87FC02019FF7000BD4
:10896000550103C7970017A101825E84FFA7FD0090
:10897000B020330017A1018E5E84FFA7FD032A5E9D
:1089800002F00B5D00025E02F00E870329DE02F0AA
:108990000B5C0301DE02F00B5C0182E0060D906CC3
:1089A00003BFDE02F008A401BC60030011EC01BCAF
:1089B000600F0011E801846004FFA7FD01075EAFAE
:1089C0000017A10185DE84FF87FC00B04027000767
:1089D000F600B0406B0007F800B0406F0007F900E8
:1089E000B0402B0007F701BC601B0DD7A100025E51
:1089F00002F0012700B040670017A201BC601B0D08
:108A0000F7A100025E02F0012700B040670017A145
:108A100000E85E8AF437A200E15E8AF457A100E024
:108A2000DE86F457A100985E8700B7A101BC5E8680
:108A30000147F700681F33000B7C018F6006012798
:108A4000F600681F33002B7900B01FC70017A10084
:108A5000025E02F0012700A04064F9D7A200B85ED0
:108A600088FE17A103BFDE02F00B7A00A04138FE9A
:108A700017A10068DE87000B7C018F60020127F6DA
:108A800001846004FFA7FD01075EAF0017A1018507
:108A9000DE84FF87FC00025E02F00EA301BC63FFD0
:108AA0001FD7A800025E02F0109A00025E02F00ECC
:108AB0008701A8600A00900402011FF700163B001E
:108AC000A8401300500403BFDE02F0072000E002BC
:108AD000870020A103BFDE02F00B8A00E0020B003A
:108AE000208203A9DE02F00D1301846006091048FC
:108AF0000184E00609104803BFDE02F00D13032BCA
:108B00005E02F00BB10068DE4F06AB9200E0023B64
:108B100000208E03BFDE02F00B9300E0023700203E
:108B20008D0323DE02F00BB50068DE4EF1CBB502FB
:108B30000680C7000B970182E001872C390187E08E
:108B4000021070830184600209104800B05E870043
:108B500017A1006EE003002B9B03D1DE02F00B9CFB
:108B600000685E4F062BAF01BC6003000833032989
:108B70005E02F00BA10203DEB3000BA20191601AAA
:108B800084F4270183E002F597AC020200BF000BDA
:108B9000AE0206ABD3000BA7020345AF000BA90141
:108BA00085E0062D716B03BFDE02F00BA9020345C1
:108BB0006F000BA90185E0062B715B02045EB30018
:108BC0000BAE0187E0021070830183E002091048B8
:108BD00000025E02F0159303BFDE02F00BB5020542
:108BE000500B000BB50182600609104803BFDE027E
:108BF000F00BB500025E02F00BBC0068DE4F062BE6
:108C0000B500E0024F00209303BFDE02F00BB50376
:108C1000AB5E02F00BB702044107000BBA028341BE
:108C200007000A5003BFDE02F00BBA0284410700BE
:108C30000A5001806006F2979403BFDE02F00A50EA
:108C4000028700C3000BC00068D213000BC001BC38
:108C5000600300118301BC60030011820002DE0288
:108C6000F00000039F5E02F00BC4039EDE02F00ED4
:108C70003502035E53000E35010C81430017A1003D
:108C800068DE87002BC9010001630017A10102C043
:108C9000270017A20038DE86F44BB903AB5E02F062
:108CA0000BCB02005217000BB90280522F000BCDE4
:108CB00003335E02F00E3502181DF3000BF101BC08
:108CC000601B06106501BC60031BB7A400025E02B6
:108CD000F0017200B05E8F0017A60068DE931BAB38
:108CE000ED0207C197000BDA01385A070017A101FE
:108CF0003C5A070017A201BC5A0AF457A2013C5A79
:108D00000B0017A301BC5A0EF477A303BFDE02F0D9
:108D10000BDD013C5A030017A100B05A070017A24F
:108D200000B05A0B0017A3006D5E87008BE701BCF3
:108D300061BF0A17A50068DE8AF4ABE201BC6027B8
:108D40001357A500685E8EF4ABE601BC605F0017A8
:108D5000A50068DE8AF4ABE701BC60171E57A500CA
:108D600068DE8EF4ABE703BFDE02F00C2900D85EAC
:108D7000870037A100E14196F4306500E1C197001A
:108D8000306501F041970017A200E05E8B0077A2EA
:108D9000006D5E8AF4CBD000E840330097A5006EEA
:108DA0005E96004C2900B01DEF0017A10068DE841C
:108DB0000A0E35023C523F000C02013C523F0017A4
:108DC000A10068DE84048C2701BC600316106401D6
:108DD000BC601B06306500685E87002BFE00B05A41
:108DE000030017A20068DE8AC00C2700E04197004C
:108DF000306500E0419300306400E85E870057A1D1
:108E0000006A5E87002BF700685E87000C0301385C
:108E10005A030017A1013858030017A20068DE8624
:108E2000F44C2703BFDE02F00C030285C107000EDD
:108E30003501BC601B06106501BC600305B7A400CA
:108E4000025E02F00172028000C3000C2701BC60C8
:108E5000131417A600E0017F00B7A5006D5E96F41D
:108E6000CC0B01BC60130C97A500685E940BCC2B57
:108E700000B0017B00106500B052270017A200B0BF
:108E8000522B0017A3006841940BEC160068DE8E8D
:108E9000D04C1200685E8AD02C2700E0419700B0C9
:108EA00065006D4196F4CC0F01BC60130C90650316
:108EB000BFDE02F00C0F00E0028B0020A200B00128
:108EC0007F00106500B0522300168000B0522700CA
:108ED000168100B0522B00168200808ECF0197A21F
:108EE00000E0015E0DB0640203587F000C2001BC5D
:108EF000602F0037A103BFDE02F00C2101BC52023B
:108F0000F2F7A101A95E02F43683009044670116CE
:108F100084020281AB000C250068DE9305AC2601BB
:108F2000846006D0968400B05E9700005F020781DF
:108F3000AB000C2901806006F2979403AB5E02F04F
:108F400007DF03BFDE02F00A5000E0028F0020A31B
:108F500003BFDE02F00BB903835E02F00C2F006D3D
:108F60004033038C2D006D4033038BB9032B5E021D
:108F7000F00E3903BFDE02F007DF032B5E02F00CB8
:108F80003700E0023300208C020681AB000C360172
:108F900083E005872C3903BFDE02F007E100E00221
:108FA0004B002092008800230037A200E05E88007A
:108FB000F7A200E0001AF451890186E00630118022
:108FC00003BFDE02F00BB5032B5E02F00C3800E0AD
:108FD00013530024D403BFDE02F007DA0204524721
:108FE000000BB501BC601F10F06401BC6003017789
:108FF000A101BC63FF1FE79300E04186F4306501E7
:10900000BC63FF1FF60000E05E870077A100025EF0
:1090100002F00F1F0200C077000BB5012940770056
:1090200017A2006D5E8B04CBB500E85E8B04D60002
:1090300001BC601F05F06300E0418EC010630200B8
:10904000D603000BB502065603000BB50184E006FB
:10905000F597AC0116D6030017A200885E8B007747
:10906000A200E0019EF4506500B041970004C201E7
:10907000BC602B1817A100B05A0F0017A200025EA7
:1090800002F0012B01BC602B1837A100B05A13006D
:1090900017A200025E02F0012B00B0418B0004D940
:1090A00003BFDE02F00BB503A2DE02F000C203A391
:1090B000DE02F00C7A00E001FF00207F01BC6003BB
:1090C0000017A303BFDE02F00C7C018760040310CD
:1090D000A001BC60030051E400B0479300180001F8
:1090E000BC600302900401BC620F0011E001BC608F
:1090F0000F0131E800B047A300180001BC600F0069
:1091000011E801BC60030131EC00B047B300180066
:1091100001BC60030011EC018460060910480020C6
:10912000601E090C7100E001FB00207E03BFDE021F
:10913000F00C8501BC60030ED7A101140063001779
:10914000A200E05E86F4506500E05A03003680021B
:109150000300C7000C7703A95E02F00C7C0291505B
:109160009F000C7B0191601A84F42703BFDE02F09C
:109170000C7B00E001FF00207F01BC60030037A3EF
:109180000323DE02F00C850183E00209104801840C
:109190006002F597AC01BC6003000ABB01BC600330
:1091A00000178E020680C7000C830182E001872C25
:1091B000390187E0021070830182600209104803C0
:1091C000D0DE02F00C8603D05E02F00C870182E054
:1091D0000209104803D5DE02F00C8901BC600300CF
:1091E00010B401BC600300F7A1006800A7000C8D5B
:1091F0000185421AF437A100025E02F0012700B097
:1092000040670017A501BC63FF1FF7A200025E02C2
:10921000F0012B008860070157A400B85E86F49720
:10922000A100025E02F0012B0283C21F000C940019
:10923000025E02F0114C02844523000C9603D0DE3E
:1092400002F00C9800685E8F0000020020E01E090A
:109250000C9C00B05E9700142E03BFDE02F0036E7C
:1092600000A8412300F04803BFDE02F000020183A2
:10927000600209104800E0021300208403BFDE02F0
:10928000F00CA401BC6007001042006E4030020CDC
:10929000A400E0027700209D00025E02F0170A039E
:1092A000A35E02F00A5003C6DE02F00CA7032ADE1A
:1092B00002F00CAE00B0304700080800B0304B00A0
:1092C000080900B0304F00080A00B0305300080B06
:1092D00000B0305700179F03BFDE02F00D1301846A
:1092E000E00609104803BFDE02F00D13020681AB51
:1092F000000CB30281B0E70000BD028330E700003C
:10930000BD028445230000BD0320DE02F00CBB003B
:1093100068A0C7000CB801BC609F0217A100E04420
:1093200066F42831006B4465062CBC0020E102097C
:1093300000BD00025E02F00D2F01BC600300083189
:109340000020E38A0900BD028445230000BD00B06F
:109350005E870017A103915E02F000BD0396DE0256
:10936000F000BD03965E02F000BD00025E02F00D4B
:109370002F00E10DB228E36C00E08DB700036D0112
:10938000BC600300114701BC60030060200068015D
:1093900073000CD701BC60130890E600025E02F077
:1093A000016A00B001730010E401BC600300000614
:1093B00001BC600300005C01BC600301D78201D2E4
:1093C000DE0877F0E000B00F030010E100B00047C6
:1093D00000108600B00F1F00108A01BC6003003728
:1093E0008100025E02F010700190600A09104801CD
:1093F000BC610300308003BFDE02F0000201BC60EC
:10940000030030420187E00224712300025E02F073
:1094100014DB03975E02F00D4303125E02F00CDAD8
:1094200001BC600300402001BC6003000B8901BC4B
:10943000600300114901BC618300112500B0007B6D
:1094400000112701BC60130C805E01BC60130C800E
:109450005F0180E006F5D7AE0107C1070017A10143
:10946000805E86F577AB01BC600F0011E801BC623D
:109470000F0011E000025E02F00CF701BC61CF0C9E
:10948000105C01BC600300105D01BC61CF01F05EA7
:1094900001BC603B0AF05F01866005610B080002B9
:1094A0005E02F0145C01866001610B0801BC600380
:1094B00000082E020300C700001201BC6003000672
:1094C000B201BC60030006B701BC60030006BC012A
:1094D000BC60030006C103BFDE02F0001201BC60E5
:1094E000430017BB00A04122F7704801BC63FF1F77
:1094F000F05401BC63FF1FF05501BC63BF1FF05661
:1095000001BC63FF0FF05700025E02F0170A0187EB
:10951000E00624712301BC600300105401BC600309
:1095200000105501BC600300105601BC6003001020
:109530005701BC600F0020170106C1070017A101E9
:10954000825E8402E017010741070017A100B85EA0
:10955000870037A10180DE870000160002DE02F0DE
:1095600000000285C03700000200025E02F01236E1
:1095700002864037000D0A00E0021B00208601BC75
:109580006003010B890386DE02F00CA10287C0375D
:10959000000CA100025E02F017D003BFDE02F00053
:1095A0001201B8600A04902403AA5E02F00D1601AD
:1095B00058600300102A01BC600302900400B04010
:1095C000130018000183600209104801806000FF49
:1095D000A7FD00025E02F0123603855E02F00D1A4E
:1095E00001BC620F0011E001BC600F0131E800B066
:1095F00047A300180001BC600F0011E801BC600324
:109600000157A100E85E870037A10068DE87000DE2
:109610002101BC600302900400B040130018000157
:10962000BC60030131EC00B047B300180001BC601E
:10963000030011EC0324DE02F0072001866006F52A
:1096400077AB00025E02F00D2F01806006103081C2
:1096500000B05E870017A10180600210308103BF57
:10966000DE02F00720020601AB000D31018060012F
:10967000872C3901BC610300108000B04203001840
:1096800000006EE003002D3403505E02F00D370041
:10969000015E02F0000003BFDE02F003940184606B
:1096A00002F597AC01BC6003000ABB00A84123048B
:1096B000F048018260020910480206DEAF000D3E4C
:1096C00003D5DE02F00D3E0350DE02F00D3C01BC7E
:1096D00060030010B40284C783000D4101BC600B1D
:1096E0000011E0018E6002F577AB0002DE02F000AF
:1096F0000003A2DE02F000BD02BC4287000D4A0159
:10970000BC60030037A401BC60031FF7A301140071
:10971000630017A200886006F457A203BFDE02F0C0
:109720000D4F008860070117A401BC63FF0017A359
:10973000011400630017A200E05E8B0117A20088ED
:109740006006F457A201BC60131B906501BC601B4E
:1097500018506401BC60030017A50020C286F48D78
:109760005900E0419706D06500E0419301F06400A4
:10977000E05E970037A500885E930037A400205E66
:1097800092F46D7803BFDE02F00D520068DE92F4B1
:109790004D5E00680083006D5E03A0DE02F00D5E8A
:1097A0000020C123160D5300025E02F00D2F006D44
:1097B000DE93200D74020300C7000D68006DDE9774
:1097C000008D6801BC600300160801BC6003001630
:1097D0000901BC600300160A01BC600300160B01FE
:1097E000BC600300160C01BC600300160D01BC60D8
:1097F0000300160E02005AC3000D73023C5A9F006C
:109800000D7300680083006D730385DE02F000BDF8
:1098100003855E02F000BD03A2DE02F000BD03A3DB
:10982000DE02F000BD0397DE02F000BD00B04197FC
:109830000010600191600A84F42703BFDE02F00388
:109840006E01806002D616B000B05E930010A101D8
:10985000836002F7F7BF01BC600300304303BFDE43
:1098600002F00D53006880830060BD03BFDE02F08C
:109870000CDB0283C21F00000200B05E870017A14C
:1098800003D0DE02F0063D01BC6003041042039EDB
:10989000DE02F0001200B05E3F00114501BC600323
:1098A00000178F00B05E4300178500B05E0F0017F1
:1098B0009000025E02F00D2F03BFDE02F0001200E6
:1098C0006D4033058BBA03AC5E02F00D8A00685E12
:1098D0004F028DEB00E0026700209903BFDE02F02B
:1098E0000DEB00685E4F028DEB028030DF000D8EC5
:1098F00000E0025F0020970180600586EC370002DF
:109900005E02F00EAF01866002F5B7AD0182600223
:10991000F5D7AE01BC6003000AB5039EDE02F00D70
:10992000A00321DE02F00DA000E0026F00209B00EA
:10993000025E02F00D2F0186600209104800A84166
:109940002301304801BC60030210420280441F0022
:109950000D9F00B05E3F00114501BC600300178FF2
:1099600000B05E4300178500B05E0F00179003BF84
:10997000DE02F00DA000A044B6F07145028200C3E3
:10998000000DEB00B000730017A100E05E86B01779
:10999000A100E15E7AF4379E00E1DE7700179D00BA
:1099A000E1DE7300179C00E0DE6F00179B039EDE74
:1099B00002F00DAF006E5E6E924E21006D5E6E92F3
:1099C0004DAF006E5E72922E21006D5E72922DAFD1
:1099D000006E5E76920E21006D5E76920DAF006D88
:1099E000DE7A91EE2102003097000DB400B05E7B6C
:1099F000000C3200B05E77000C3300B05E73000CD8
:109A00003400B05E6F000C35028201AB000DC50062
:109A1000B0446700082D00B0446B00082C00B0442F
:109A20006F00082B00B0447300082A0068A0B6231A
:109A30002DAF00E920B6F3D79E00E9A0B2F3B79DA1
:109A400000E9A0AEF3979C00E8A0AAF3779B00E1A1
:109A50005E7A91F7A100B05E8700111900E1DE7611
:109A600092111A00E1DE7292311B00E0DE6E92511B
:109A70001C0068DE86232DBE03BFDE02F00DEB0066
:109A8000E9523EF3D7A100E9D242F3B7A200E9D2EE
:109A900046F397A300E8D24AF377A400880ECF00DC
:109AA00057A500E0015EF4B06400E95E86C9A781B5
:109AB00000E9DE8AC9C78200E9DE8EC9E78300E8D3
:109AC000DE92CA078400808ECF0197A501BC601F7B
:109AD00007778000E05E020DB06500885A0F00F73E
:109AE000A500B05E970817A50134DA0F0017A6008D
:109AF000E95E94F037A500E8DE98F057A6017BDE1A
:109B000096F4D7A500685E96D06DEB00E85E96D01F
:109B100077A600B05E9700168300685A13000DDD2B
:109B200000E05A16F4D68500685A1B000DDF00E0ED
:109B30005A1EF4D68700885E9B00F7A10134DE9B95
:109B40000017A201BC60030017A301BC600300174B
:109B5000A40069DE9B000DE701BC63FF1FF7A301B2
:109B6000BC63FF1FF7A401C3DE8EF457A200E959BE
:109B700036F4364D00E9D93AF4564E00E9D93EF4B0
:109B8000764F00E8D942F49650031EDE02F00E2113
:109B9000039F5E02F00E2100685E4F028E21032CAF
:109BA0005E02F00E2101BC601B06D06501BC6003A3
:109BB00000B7A400025E02F0017202003097000DAF
:109BC000F600685E9300ADF600E030C7002C31036C
:109BD000BFDE02F018840068DE9300AE210207C1E8
:109BE00097000DFC013C5A070017BB013C5A0B00C3
:109BF00017A101385A07000C2603BFDE02F00DFF43
:109C000001385A070017BB01385A0B0017A1013C55
:109C10005A03000C2600B05E87000C2700808ECF10
:109C20000197A200E0015E0DB06400B05EEF001687
:109C3000280181DE86C3F61F00683073FFEE08023C
:109C4000005E87000E080088307300712600903097
:109C50007301B12800683077FFEE0C00B044670054
:109C60000C1E02005E87000E0C00E0446583AC1EF3
:109C70000187DE86249124020680F3000E10018104
:109C8000E002C3F61F0187E002249124020030970E
:109C9000000E2100E030B7002C2D028680F3000E6C
:109CA000140281D87F000E1F00B0309F0017A10062
:109CB000025E02F00F0802805E8B000E1F00E85E5D
:109CC0006984D7A100685E85846E1B00E030BF0008
:109CD0002C2F03BFDE02F00E1F00E030BB002C2E45
:109CE00001BC6003000C2501BC600700104303BFEA
:109CF000DE02F00D1300E85E6984CC2303BFDE02B0
:109D0000F0188403AB5E02F007DF03BFDE02F00A47
:109D100050032B5E02F00BB903BFDE02F007DF0336
:109D2000AB5E02F00E28032C5E02F00BB903BFDE1F
:109D300002F00E3900B052230011F200B052270099
:109D400011F300B0522B0011F401BC60030091F537
:109D500001BC600308104200B0005B0011F003BFBB
:109D6000DE02F007DF0138523F0017A102065E5302
:109D7000000E320138524B0017A10068DE87008EBA
:109D80003503AB5E02F007DF03BFDE02F00A5000CE
:109D900068DE4F020E38020781AB000E380180608A
:109DA00006F2979403AB5E02F007DF020000F300B7
:109DB0000E3E0206DE53000E3E01185E830017A120
:109DC0000068DE8700AE3E01BC600B02514202001B
:109DD0005217000BB903BFDE02F00A5001BC60034A
:109DE00000118301BC6003001182032C5E02F00E9F
:109DF000450199E00620110003BFDE02F00E490183
:109E000019402F0017A100685E87000BB50199DE8D
:109E10008620110003315E02F00BB500A05E3B000E
:109E200097A200205E4EF44BB501846002091048F1
:109E300003BFDE02F00BB503AB5E02F00E50000272
:109E40005E02F00BBC03BFDE02F00BB50068DE4F14
:109E5000042E5400B0523300179F00B0522F001050
:109E6000EB0281522F0007CA00E002AB0020AA02D9
:109E700081522F000B9303295E02F00E5A0203DE7B
:109E8000B3000E5A0191601A84F4270183E002F5B1
:109E900097AC0208522F0007DF03BFDE02F00A5022
:109EA00001BC600300106701BC6003001046018024
:109EB000E0060930490282C11F000E6401BC603F08
:109EC0001FF06501BC600300168000E84197003078
:109ED000650069C197000E6101BC600B0017940119
:109EE000BC60030017AB01BC60030017AC01BC6091
:109EF000030017AD01BC60030017AE01BC60030096
:109F000017BF01BC63FF1FF7B501BC600300202031
:109F100001BC60030017A100025E02F001270138B6
:109F20004067000028011C406700002901BC600355
:109F300000504901BC60030017A701BC6003001773
:109F4000A801BC60030017A901BC60030017AC01A5
:109F5000BC60030017AD0182E0060F10780206C155
:109F6000E3000E77006880A7000E7A03BFDE02F0E0
:109F70000E7B006880A7008E7B01BC60130260002E
:109F800001BC60230E400101BC63F318600201BCF8
:109F9000614B15600301BC600300000401BC604319
:109FA00005200501BC601B04306101BC6017025034
:109FB0006001BC600300082200B05E0F001785003E
:109FC000A044B6F0714503BFDE02F00CC30183E08C
:109FD000060F107801885E5CFEC7F601BC601F1E8C
:109FE000900701BC6003019008018860060090049E
:109FF0000386DE02F00CA10305DE02F00E8C038660
:10A00000DE02F00CA10385DE02F00E8E00B05E874A
:10A010000017A1006EE003002E920386DE02F00C12
:10A02000A1006EC0146FEE9501BC600700104200E5
:10A0300002DE02F0000003215E02F00E9A00E02032
:10A040004AF4281200B0204B00178B03BFDE02F049
:10A050000EA2028150C7000E9F011C509F00178B5B
:10A0600000E05E2EF4378B019C5E2E84F42703BF44
:10A07000DE02F00EA2011E509F00178B00E05E2E44
:10A08000F4378B019E5E2E84F4270002DE02F0007E
:10A0900000006800A7008EA80102C0270008210068
:10A0A0006880A700AEAE00E020870028210002DE15
:10A0B00002F0000001BC600300282101BC402B001D
:10A0C00017A100985E870117A10098402B0117A2E5
:10A0D000006ADE8AF42EAE01BC6003008821000213
:10A0E000DE02F00000028280BF000F0700B0418F47
:10A0F00000081300B0418B00081400B0446700173B
:10A10000A2017BDE8A2357A101BC601F0770650195
:10A11000BC60030017A201BC601F03D06401BC60D7
:10A120001F11506300685A03000EFE01BC601F0F30
:10A13000B06200E0418AF450620090540300F7A638
:10A14000006B5E86D06ED400B05A030017A300E007
:10A150005A0EF4D58000E05A0EF4768300E85A2FA8
:10A1600000368B0069DA2F000EC300E85A0700366C
:10A170008B006CDA0EF42EBE00E85A0EF437A40001
:10A18000905A030077A5006EDE92F4AECA01BC605F
:10A190000300360001BC600B00104301BC600300EB
:10A1A000278900205A0B080ECD01BC6003002792BE
:10A1B00003BFDE02F00ED400205A0B140ED4002090
:10A1C0002C27080ED000205A0B040ED401866006FE
:10A1D000F5B7AD0088009B00D1260090009B01518F
:10A1E0002801BC6303001124006B5E86B00EDC0006
:10A1F000685A13000ED901886006D0568200B05606
:10A20000030017A400E05E92D0968500E05A0EF499
:10A21000D58000205A0B080EDC01BC6003000792B9
:10A2200000685A13000EE4006B5E86D0AEE401882D
:10A23000600AD0568200B056030017A400E05E9278
:10A24000D0968501BC600300360101BC600B001094
:10A250004301BC600300278900685A1B000EFE0002
:10A260006B5E86D0EEFE02015A0B000EF300E85A38
:10A270001B00368600B05A270017A300E05A1EF4D0
:10A28000768701BC601F11D06200E0418AF4506201
:10A2900000B05A2B0017A300E05402F4750002032B
:10A2A000D403000EF100E05A1F003687013054033A
:10A2B00000150001816002D0568203BFDE02F00E5D
:10A2C000F600B05A230017A300E05A1EF476870167
:10A2D000816006D0568200685A1B000EF8006CDAC6
:10A2E0001EF42EE602015A0B000EFB01BC600300B7
:10A2F000360203BFDE02F00EFC01BC600300360331
:10A3000001BC600B00104301BC600300278900E022
:10A31000419701906500E05E8B0037A200E0419319
:10A3200000906400E0418F003063006D5E8B008E12
:10A33000B802981DF3000F0501BC600300079200EE
:10A34000B0204F00106300B020530010620002DE06
:10A3500002F0000001BC60030017A20068018B003E
:10A360000F1E0090018B0077A201806002F437A1DC
:10A37000006E5E86F44F1E0207C197000F10013871
:10A380005A070017A303BFDE02F00F11013C5A0366
:10A390000017A300E85E8F0097A300E85E8AF437F9
:10A3A000A2006A5E8AF46F1E00D0419700306400FC
:10A3B000E05E8B00B7A300E04192F4706400D841E6
:10A3C000930030640207C193000F1B013C58030047
:10A3D00017A103BFDE02F00F1C013858030017A1BC
:10A3E00000A0018B00F7A200905E86F457A2000245
:10A3F000DE02F0000000B05A0300101F00B05A0740
:10A4000000102000B05A0B001021018060070010DE
:10A410001D02804077000F230002DE02F0000001E1
:10A4200087E002F577AB03915E02F000020020E3C3
:10A43000FE0900020200421F0000020068C2F30091
:10A440000002028445230000020068C017000002D9
:10A450000068AB9700000200025E02F00EAF0068D9
:10A460003073FFEF310207C493000F3C0068307770
:10A47000FFE00200683077FFEF350068307B000FA7
:10A480003B006BC46583CF3C03BFDE02F0000201DA
:10A49000BC601F07706400E041930617A20068D8F3
:10A4A0002F000F390281D80B00000200E041930118
:10A4B0009064006D4192F44F370287C4930000020C
:10A4C00000689E4B00000202815E53000F4A028327
:10A4D000411F000F400281DE53000F5B01BC60038F
:10A4E00000115101BC600300115201BC6203001154
:10A4F0005301BC600300515001896006F29794013A
:10A50000BC60E700107701BC600300107601BC60FE
:10A51000031117A300025E02F0013403BFDE02F054
:10A5200000020280C54300000201F0C54700115639
:10A530000107C5470017A101F0C54AF4315500B025
:10A54000455700107700B0455B00107601BC6003F2
:10A550000E97A300025E02F0013400B04557000CD4
:10A560001000B0455B000C0F01BC600300115501E9
:10A57000BC60030011560090303F00CC0F00B0309B
:10A58000430017A101AD5E8581EC0F0189600AF2DD
:10A59000979401BC60030810470392DE02F00FAFEE
:10A5A000020480BF000F6001BC63FF1FE7F301BC22
:10A5B00061FF1FE80E03BFDE02F00FB101866002EB
:10A5C000F597AC01BC601F07706501BC601F0FB040
:10A5D0006401BC60030037A101BC60030017A30045
:10A5E000685A03000F9D01BC60030017A502035ABF
:10A5F0000B000F6E02805A0B000FAF00E9440AC037
:10A6000017BB00E8C40F0017A4017BDEEEF497A48B
:10A6100000685A13000F7C03BFDE02F00F79006858
:10A62000DE87002F700203DE53000FAF0203DA0B48
:10A63000000F8400B05A0F0017A400685A07002FBB
:10A640007500685A2F002F7501BC60030037A50004
:10A65000685A13000F79006CDE92D0AF7900B05ABF
:10A66000170017A401BC60030037A500201CBAF432
:10A670002F7C00685A1B000F9703BFDE02F00F7F8C
:10A6800000885E870097BB00201CBAF76FAF0201FD
:10A690005A0B000FAF006CDE92D0EF9700B05A1F3C
:10A6A0000017A400201CBAF42F8301BC60030037FC
:10A6B000A503BFDE02F00F970202DA0B000F9D0226
:10A6C00004C107000FAF00B05A0F0017A400E85AEA
:10A6D0002F0037BB0069DEEF000F8A00E85A070041
:10A6E00037BB013C016F0017800068DE03000F904C
:10A6F0000138016F00178000685E03000F9300E8C7
:10A700005E030037BB03BFDE02F00F9300E85E0379
:10A710000037800080DE02D0378000E05EEE0DB7AB
:10A72000BB00685EEF000F9700E05E92D017A400B8
:10A73000E85EEF0037BB03BFDE02F00F9300685EF8
:10A740008F000F9A006B5E92F44F9B03BFDE02F006
:10A750000F9D01BC60030037A300B05E930017A2F9
:10A7600000B05E970017A600885E870037A100E062
:10A77000419701906500E04193003064006D5E8771
:10A78000020F6500685E8F000FAF00B044670017CE
:10A79000A5017BDE962357A500E85E8AF4B7A400E6
:10A7A000885E9300E4DB00905E9301271D00B001FA
:10A7B0002B0017A300689C77000FAA006E936EF41D
:10A7C0006FAF03A65E02F00FAF00B05E9B0007857F
:10A7D00000E9136EF467F300E89C7700080E03BFEE
:10A7E000DE02F00FB100681E1700000203BFDE0298
:10A7F000F0105901BC61030011230069203B000FD8
:10A80000B50180E006F2979403BFDE02F00FB701B6
:10A8100080E002F2979403BFDE02F000020068417C
:10A8200027000FC602844523000FB8006800A70068
:10A83000AFBC006800A700CFBC006880A7010FBFB5
:10A8400000B044670017A100E84466F437A2006D29
:10A850005E8B004FBD0280C127000FC10392DE0254
:10A86000F010590392DE02F00CE700025E02F014D1
:10A87000E700025E02F0113D00025E02F0113800B6
:10A88000025E02F0114801BC600F0011E8031EDEF9
:10A8900002F00FCD01BC600300105C01BC6003003E
:10A8A000905D01BC605304105E01BC600300105F4A
:10A8B00003BFDE02F00FD101BC600B00105C01BCD5
:10A8C000600300905D01BC604304105E01BC600346
:10A8D00000105F01BC6003000C1E01BC600300801F
:10A8E00020028500BF00106000B01FCF0011510092
:10A8F000B0203B001152006E1FCE2A8FDA0068A0F4
:10A900003B000FDA00E01FCE23280F03BFDE02F06A
:10A910000FFB00B0446700080F00E91FCE2A9151D9
:10A9200000E8A03B00115201BC61FF1F707701BC21
:10A9300063FF1FF07601BC60031197A300025E0263
:10A94000F0013400B0454B00107700B045470010CF
:10A950007601BC60030F17A300025E02F001340110
:10A96000BC602F1AB06500B0455700169100B04585
:10A970005B00169200B0440B00169300B0440F0029
:10A98000169401BC63FF1FF15201BC63FF1FF1511C
:10A9900001BC600300115501BC600300115601ACFD
:10A9A000607F029075028741D7000FEF00B041DB56
:10A9B0000003B100B041DF0003B200B044670008FB
:10A9C0002D00B0446B00082C00B0446F00082B0031
:10A9D000B0447300082A00E14464FE6C1A00E0C42D
:10A9E0006901CC1B01BC600302315000B04543003B
:10A9F000180000686003000FFB01BC6003001040FA
:10AA000000008000000000020480BF000FFF03125E
:10AA1000DE02F00FFB0068C55700100701BC602F75
:10AA20001AB06500B05A4700115500B05A4B0011DA
:10AA30005600B05A4F00110200B05A5300110301E2
:10AA4000BC60030017A701BC60030017A801BC602D
:10AA50000300006601AC607F0F1075028741D700CC
:10AA6000100900B041DB00115100B041DF0011526C
:10AA70000068454700101000E91FCE2A87F300E860
:10AA8000A03B00080E01866006F597AC01BC600390
:10AA900000107701BC600300107601BC60030F1743
:10AAA000A300025E02F0013401BC600300115002F9
:10AAB0008445430010150207C1E300101600B0449E
:10AAC000670017A100685E862330180182E0060F38
:10AAD00010780206C1E300101A01BC600300402098
:10AAE00001BC60030000660186600620110001BC05
:10AAF000606300107B01BC601B00107A01AC607FBA
:10AB0000029075028741D700102100E941D87637BD
:10AB10009C00E8C1DC76579B00B0303F0017A100D5
:10AB200080DE72F4379D00B041B700179E0080DED2
:10AB30006EF4379C00E15E760DB79D00E0DE730099
:10AB4000179C017D5E7AF3B7A1017D5E76F397A233
:10AB500000905E730157A300E120B6F4311900E1C3
:10AB6000A0B2F4511A00E1A0AEF4711B00E0A0AB5A
:10AB700000111C00E10DAAF4236A00E08DAEF4433D
:10AB80006B00B0441F001800008844230157A30045
:10AB900090442300D7A400B0440B0017A100B04498
:10ABA0000F0017A200E95E862337A100E8DE8A23A2
:10ABB00057A20069DE8B00104100E1440AF47102E3
:10ABC00000E0C40EF4910300E85E230037880069BA
:10ABD000DE2300103600E8002700378803BFDE02BE
:10ABE000F010360186600220110001BC60030040B5
:10ABF0002000E9306A2337A100E8B06E2357A20095
:10AC000068DE8B00105001BC604F1117A3006DDE91
:10AC100086F4705001BC600300104001BC6003006A
:10AC2000105D018260060BF05F00D05E870071341A
:10AC300001E1DE8A26913501BC6303001133000077
:10AC40008000000000018260020BF05F02865EB3AC
:10AC500000105900681E1700105901BC604300170E
:10AC6000A100E04466F4378001BC6003000789005E
:10AC7000025E02F00EAF006C4466F0105900681ED0
:10AC80002700105503BFDE02F00F5B0200DE530009
:10AC900010630180E002F2979400025E02F0113B23
:10ACA00001BC600300104003BFDE02F0105E00E054
:10ACB00044640957A103BFDE02F0106301BC6003C6
:10ACC00000104000B0012F0017A100E0012AF4316C
:10ACD0000900B0012F00110901BC61CF0C105C010B
:10ACE000BC600300105D01BC61CF01F05E01BC607F
:10ACF0003B0AF05F00025E02F0114400025E02F0C7
:10AD0000114B00025E02F0114101BC600300078597
:10AD1000006D80A7008CE700E044670477A100681D
:10AD2000DE8623306E03BFDE02F00CE701885E068C
:10AD300010D08601025E070017A101825E8610D046
:10AD4000860002DE02F0000000B00047001086011D
:10AD5000082047001781013852030017800102C004
:10AD6000270017A600025E02F015F80068204700D1
:10AD7000507B00B0540700178000025E02F0107094
:10AD8000006820470030830068A04700107F021A47
:10AD900054070010830103C0270017A103BFDE0280
:10ADA000F010820106C03B0017A101825E8610D020
:10ADB000860002DE02F0000000B054130017A1006C
:10ADC00068DE4F16B08700B054130017A10200DEF2
:10ADD0000700108F00B0418B00106501BC600301BB
:10ADE000D7A10068DE4F16B08C01BC60030297A1AA
:10ADF00000025E02F0160B00E05E8400F7A103BFC4
:10AE0000DE02F01094020480F300109402025E0748
:10AE100000109402805E070010940090001B003721
:10AE2000A200E85412F457A10002DE02F000000272
:10AE30000400BF00109800025E02F011E903BFDEBB
:10AE400002F0109900A044B6F0B1450002DE02F015
:10AE50000000020000BF0010AA0068ABEF0010AABB
:10AE600000E05EA30037A8006D5EA005D0AA00B088
:10AE70002E2F0017A100025E02F0012700B04067EC
:10AE80000017A20068DEA3FFF0A700B05E897197EB
:10AE9000A2006D00A70090A6006DA0870050A80337
:10AEA000BFDE02F010A70068A0870010A800B85EFF
:10AEB000897197A200025E02F0012B01BC600300C1
:10AEC00017A80002DE02F0000000D85A030117A202
:10AED00001B85A06F457A200B0560300083600B075
:10AEE000560700083700B0560B00083800B0560F60
:10AEF00000083900B0561300083A00E05612F44832
:10AF00003B00B05A0300083401385E8B000835005E
:10AF1000B020EF0017A401BC60030017A200B041ED
:10AF20009300106500B85E92D017A400E05E06F4AE
:10AF3000506300F05E930017A300F05E930077A4C7
:10AF400000E05E8B0037A200B85E92F477A400E0C8
:10AF50004192F4506500E05602F4958000B056032B
:10AF60000017A4006EDE8B00B0B800B85E92C0D7A8
:10AF7000A200D85E8B0037A200E020DAF448360049
:10AF8000B020DB0017A400B85E92C0F7A200D85E24
:10AF90008B0037A200E020DEF4483700D820DF0025
:10AFA00037A200E020E2F4483800D820E30037A2BE
:10AFB00000E020E6F4483900D820E70037A200E09E
:10AFC00020EAF4483A00D820EB0037A200E020EE57
:10AFD000F4483B00B020EF0017A200B85E8AC0170B
:10AFE000A200905E8B0037A201BC5E8906A83500E6
:10AFF00002DE02F00000018060063C91E4018760FF
:10B00000063CD1E601A860023CD1E6018B60023C1F
:10B01000D1E600B05E8F00106300B056030011E768
:10B0200000B056070011E700B0560B0011E700B062
:10B03000560F0011E701A960423C91E401A86002AB
:10B040003CD1E6018B60063CD1E600B05E8B00107F
:10B050006301BC60030057A1020456030010E6011F
:10B06000BC60030117A100E0418EF4306300B056CC
:10B07000030011E700B056070011E700B0560B00BF
:10B0800011E700B05E8B00106301BC600300B7A144
:10B090000204D6030010F001BC60030117A10206F0
:10B0A0005E530010F001BC60030197A100E0418EE7
:10B0B000F4306300B056030011E700B056070011EA
:10B0C000E700B0560B0011E701BC60030017A102B6
:10B0D00006DE530010FB00B05E8B00106302065EBC
:10B0E000530010FA00A0563F01F7A103BFDE02F0A3
:10B0F00010FB00A0563301F7A100B05E870011E7F6
:10B1000001BC60030011E70002DE02F000000068ED
:10B110005E9B00D11801BC60070211E30068DE9B52
:10B1200000510B00E847870111E101BC60030011E9
:10B13000E201BC60030011E201BC60030011E20106
:10B14000BC60030011E201BC60030011E201BC60BD
:10B15000030011E201BC60030011E201BC600300C6
:10B1600011E200B06142F451E000B058030011E276
:10B1700000B058070011E200B0580B0011E200B017
:10B18000580F0011E200B058130011E200B0581738
:10B190000011E200B0581B0011E200B0581F00116E
:10B1A000E200B05E9B0017A40068DE9B00B11601B0
:10B1B000BC60030077A40192DE930217A30002DEB5
:10B1C00002F0000001BC60070011E300B05803006A
:10B1D00011E200B058070011E200B0580B0011E274
:10B1E00000B0580F0011E200B058130011E200B097
:10B1F00058170011E200B0581B0011E200B0581FB0
:10B200000011E200E00146F0106401BC600700316B
:10B21000E300B058030011E200B058070011E2004B
:10B22000B0580B0011E200B0580F0011E200B05806
:10B23000130011E200B058170011E200B0581B00D3
:10B2400011E200B0581F0011E20192E01B0017A3A9
:10B250000002DE02F00000028740C300112D0186CB
:10B260006006F01030028640C300112F00B040C7C6
:10B270000017810002DE02F00000028740C30011C7
:10B280003200B05E070010310186E006F010300099
:10B2900002DE02F00000006800A701978C03BFDE09
:10B2A00002F0114A00025E02F0113B00025E02F061
:10B2B000114B0002DE02F00000006800A701970FAA
:10B2C0000002DE02F00000018160060930490068DA
:10B2D00000A700914000025E02F0114C0002DE0265
:10B2E000F0000000025E02F0114C018160020930A2
:10B2F000490002DE02F000000188E00E093049003A
:10B30000B0412700180000B0002B0010020002DE40
:10B3100002F0000001BC60030010020182E0020F95
:10B3200010780002DE02F00000006800A701978B91
:10B3300000B041270017A100B0412701D04900B05B
:10B340005E870017A100B05E870017A100B05E877E
:10B350000017A100B05E870017A100B05E8700173C
:10B36000A100B05E870017A100B05E870017A100A2
:10B37000B05E870017A100B05E870017A100B05E25
:10B38000870017A100B05E870010490002DE02F0BE
:10B3900000000100DE530017A601BC60030037A1C6
:10B3A00003BFDE02F0115D00025E02F0012701879B
:10B3B00060060337A20068DE9B001161018760020E
:10B3C0000337A200025E02F0012B0002DE02F00051
:10B3D000000202411F00117602825E5300116801D3
:10B3E000826006F2979400B0446700180000B044F1
:10B3F0006B00081B00B0446700180000E8446903B4
:10B4000077A4006800A700916B006DDE9300517077
:10B4100000E044670317A303905E02F011730285F6
:10B42000C5230011730068DE8E23316D01BC6003FB
:10B4300002104701BC600300904301826002F29752
:10B440009401826002F5B7AD006800A70091760014
:10B450006800A700B1760002DE02F000000201C120
:10B460001F00118902855EAF00117C01856006F521
:10B4700077AB00B0446700081E00B0446B00081FA3
:10B4800000E9446503D7A100E8C46903F7A200D02E
:10B490005E870077A101E1DE8AF437A200E95E86CB
:10B4A0002697A100E8DE8A26B7A200695E8B00110C
:10B4B0008901BC610300113300E144DAF431360044
:10B4C000E144DEF4513701856002F577AB01BC60E1
:10B4D0000301104701BC60030050430002DE02F08C
:10B4E00000000201AE2700118C0284C523001196D2
:10B4F00001BC600F0C106500E041957130650200E1
:10B500002E2700119000E0419700B06501BC600F4C
:10B510000D17A1006E4196F4319400E15A022936CC
:10B520008000E0DA0700168101BC6003000B89018E
:10B53000BC60030011490002DE02F0000000B045CB
:10B540001F00178100B005B70017A601BC600704F3
:10B55000106401BC60131B906501BC60030017A15F
:10B560000205DEAF0011B100B0580F00178000686F
:10B57000DE842C31A100E0582300360803BFDE0230
:10B58000F011B902005E9B0011B10280DA030011D4
:10B59000A70118581F00178200E05E0B00378201D8
:10B5A000985E0AC0F60703BFDE02F011AA011A581E
:10B5B0001F00178200E05E0B003782019A5E0AC00E
:10B5C000F60701F0DE0300378000A05E02C057805E
:10B5D00000B05E0300160300A044B6F0178200B06E
:10B5E0005E0B00160500E05E0AC0960603BFDE0291
:10B5F000F011B900B0581300178200E85E06F0574A
:10B60000A5006ADE970011B700E85816F4B60500E9
:10B6100069D8170011B701BC600300160500B058C7
:10B62000170017A500E05812F4B60600E041930297
:10B63000106400E0419706D06500E05E870037A106
:10B6400000905E9B0037A60068DE8700919C01BCDD
:10B65000600300114701BC600300016D0002DE02BF
:10B66000F0000001BC600300016C01BC600300013C
:10B670006D01BC60070A106401BC60030077A10083
:10B68000B0428F00178000A05E0301F78000B05E1B
:10B690000300016E01BC63FF1FF7A20068DE030018
:10B6A00011CB01BC60030017A200886006F437814B
:10B6B000002005BAF031D00068DE8AC0D1D000E0A9
:10B6C00005B300216C00B005B6F0216D00685E0383
:10B6D0000011D400205E06F011DA006EDE8AC0D1BF
:10B6E000DA03BFDE02F011D5006DDE8AC0D1DA00C8
:10B6F000B05E870017A300B0419300016600B05808
:10B700001B0017A201BC600300016C01BC600300B8
:10B71000016D00E8419302106400E85E870037A1E4
:10B720000069DE870011CB00B05E8F00016500026A
:10B73000DE02F0000000B0059B00106400B0581B52
:10B7400000114500B0059B00016200B005970001A3
:10B750006100B0580F00178500B05807001783002C
:10B76000B0580B0017840118581F00178C011A5885
:10B770001F00178D0002DE02F0000000B0058B00F4
:10B780001064006E41932A11F600A044B6F0B7A1F0
:10B7900000B05E8700160500E05812F4360600B0CF
:10B7A000581B001145020000F30011F3006D419396
:10B7B0002811F30200DEAF0011F301BC600B02514F
:10B7C0004200B05E8700016F02015EAF0011F6001B
:10B7D000B05E1700160301816002F577AB0002DE50
:10B7E00002F00000020145230012010287C4930009
:10B7F000120101826002F5D7AE02012C230011FE76
:10B8000000E02C2B002B0A01816001610B0802066D
:10B810005EB700120100E02AD7002AB50186600257
:10B82000F5B7AD0002DE02F00000020200BF001218
:10B830000F00025E02F012370202DEB300120700B0
:10B8400068428F000F2503BFDE02F00002028881EC
:10B85000AB00120F02845EFF00120502845EB3008B
:10B8600012050282DEFF00120502822B2F00120D4C
:10B8700000682A9B00120F0284DEAF0012050284CA
:10B880005EB700120500B05E870017A10002DE025D
:10B89000F000000182E002F597AC0203DEFF001227
:10B8A000190284452300121902012B2F00121901DD
:10B8B00080E006F2979400025E02F0114C0180E0F5
:10B8C00002F2979400025E02F0114C0180E002F255
:10B8D00097940201AC230011360181E001610B084D
:10B8E00003BFDE02F01138020400C700122702066F
:10B8F000ABD30012210284C5AF00123503BFDE02B4
:10B90000F012220284C56F00123502844523001212
:10B91000240200420300123500685E4B04B2350079
:10B92000685E4B06B23500685E4B0632350182E038
:10B9300006F597AC0284452300122A0323DE02F0A9
:10B94000122B0183E006F597AC0180E006F2979494
:10B95000028400C700113600B02AD70017A2006D7C
:10B96000DE8955113602872B2F00123202005EFF4E
:10B970000011360207AB2F0011360181E005610B83
:10B980000803BFDE02F0113803BFDE02F0113600FB
:10B9900002DE02F00000020200BF00144D0206ABFE
:10B9A000D30012440104C1070017A101855E85611F
:10B9B0000B0802042C2300124401846001610B086F
:10B9C00001BC60370017A201BC60031417A100B0CE
:10B9D00045E300180000B045E300180000B045E35F
:10B9E00000180001BC620300107701BC60031B500B
:10B9F0007600025E02F0013E00682AEB0012490068
:10BA0000E844655757A101BC63F71D17A2006D5E9E
:10BA100086F4524900E84466F44ABA006CC465569C
:10BA2000724B00E84467002AB30206ABD300125001
:10BA3000006DC46701524E01BC6003000B1002840C
:10BA4000C5AF0012BD03BFDE02F012510280456F88
:10BA50000012BD020701AB0012530180600209D041
:10BA60004E01BC63FF1FF7A10068C586F432560182
:10BA7000BC6003000ABD0204DEB700144D0184E07F
:10BA800002F5B7AD0184E001610B080202DEB300EC
:10BA900012740206ABD30012650068AAF700925D2B
:10BAA00000682B0300125E03BFDE02F01263018BFD
:10BAB000600E2B915C0287ABD300126201826002A0
:10BAC00009D04E03BFDE02F012630182600609D086
:10BAD0004E00025E02F0121103BFDE02F012670197
:10BAE0008360062B915C00025E02F012110204DEFC
:10BAF000AF0012740282DEBB0012740068AAF70065
:10BB0000926C0106AB170017BB0068DEEF001270E5
:10BB1000028480C70012740068AAF700326F006CBC
:10BB2000C4655672730068AAF700927400682B030C
:10BB300000127400E845895AF7A1006D5E856052D5
:10BB4000740186E005610B0802835EBB00127A0275
:10BB500006ABD300127800E845C95AF7A103BFDE4F
:10BB600002F0127900E845895AF7A1006E5E85540B
:10BB7000B2970205DEB700129300E02B97002AE58A
:10BB800001BC6003000AE700682C4700127F00E850
:10BB90002C47002B1101866002F5B7AD0204DEFFD1
:10BBA00000128900B02B9B0017A200B02A9B00173F
:10BBB000A10283AC2700128600682C870012870040
:10BBC0006D5E8564328700B02C7F0017A2006D2B5C
:10BBD00096F452890184E002F7F7BF0206DEFF0007
:10BBE000129300E02BC7020AF100B04467000AFC80
:10BBF00001182BC70017A1011A2BC70017A2006E4E
:10BC00005E87001291006DDE895E529103BFDE02F5
:10BC1000F0129301BC6003000AF10186E002F7F71D
:10BC2000BF02025EFF00144D0068AAEB00144D0035
:10BC3000B02AC7000ABA03BFDE02F0144D0182E049
:10BC400002F7F7BF02862C2300129F0068B05B004A
:10BC5000129B0068305F00129F00E9446582D7A6FE
:10BC600000E8C46982F7BB00E10EE2F4C3B800E06B
:10BC70008EE6F763B902025EFF0012A7020600C754
:10BC80000012A402802BD30012A400B02B2B0017AB
:10BC9000BB006E2B02F7744D02025EFF0012A7007C
:10BCA000B04467000ABA03BFDE02F0144D0205DE9D
:10BCB000B70012B500682AF70872AA00E844655573
:10BCC000CAB600682C470012AC00E82C47002B11C4
:10BCD00000E02B9F002AE700B02BA30017A100B0C3
:10BCE0002A9B0017A20283AC270012B200682C879F
:10BCF0000012B3006D5E896432B300B02C8300176C
:10BD0000A1006D2B9EF432B501BC6003000AE50072
:10BD100068AAF700B2B800B04467000AEF00B04468
:10BD20006B000AF30068AAF70132BC00B044670058
:10BD30000B0B02062BD30012BC00B02C7B010B1E98
:10BD400003BFDE02F0144D020701AB0012BF0180F9
:10BD5000600609D04E0204DEB70012C80283C57324
:10BD60000012C201876006F577AB0282DEB30014D1
:10BD70004D0203C57300141C00E844655637A1004A
:10BD80006D5E8555B44D01836006F5D7AE03BFDE09
:10BD900002F0144D00E10ED30023B400E08ED70072
:10BDA00003B502862C230012CD00B04467000C16A8
:10BDB00000B0446B000C170206AC230012D00184C3
:10BDC0006002F5B7AD0186E001610B080206ABD356
:10BDD0000012D701BC6003000AD7006D45C71F528F
:10BDE000D400B045C7000AD700E044655AF7BB004D
:10BDF000E85EEE2E2AB103BFDE02F012DC01BC6069
:10BE000003000AD7006D45871F52DA00B04587004E
:10BE10000AD700E044655AF7BB00E85EEE2C2AB171
:10BE200001836002F5D7AE0184E006F5B7AD018568
:10BE3000E002F5B7AD01826002F7F7BF018560024D
:10BE4000F5B7AD01BC6003000B0500E8446556374B
:10BE5000A1006D5E855DD2E2006D5E8555B2E600A3
:10BE6000E02B63002AD800B02A930017B30206AB78
:10BE7000D30012F501BC600301917800B045E300E6
:10BE8000180000B045E7000AC401BC600301B178A6
:10BE900000B045E300180000B045E7000AC501BC4A
:10BEA000600301D17800B045E300180000B045E719
:10BEB000000AC601BC600301F17800B045E3001838
:10BEC0000000B045E7000AC703BFDE02F01301011E
:10BED000BC600300117800B045E300180000B045D5
:10BEE000E7000AC401BC600300317800B045E300FC
:10BEF000180000B045E7000AC501BC600300517896
:10BF000000B045E300180000B045E7000AC601BCD8
:10BF1000600300717800B045E300180000B045E709
:10BF2000000AC70182E001610B080207AB1B001386
:10BF3000040182E005610B0800B02B170017BB015C
:10BF4000285EEF000ABD01BC60131C57BB02182B12
:10BF50001B00130B01182B1B0017A60080DE9AF79D
:10BF600077BB00B041B70017B301342B1B0017A2F9
:10BF700001182B1B0017A300682AF700331800686C
:10BF8000AAF700931100685E8F00731A03BFDE02E8
:10BF9000F0131800682AF70133170068AAF7005356
:10BFA000150068DE8B00731903BFDE02F013170063
:10BFB00068AAF700731A0068DE8B00D31900685E68
:10BFC0008F00331A00685E8F00131A018760055EC8
:10BFD0008AF402032BD300132200682AF702D31D30
:10BFE0000068AAF702B32201BC60131C57BB0234DD
:10BFF000AB170013220134AB170017A60080DE9A9E
:10C00000F777BB00B041B70017B302022C2700132B
:10C01000240186600560AB05006E2AF701F3280055
:10C0200088600557B7BB0020DEED5C532B03BFDEF5
:10C0300002F0132E00E82AF70217BB00886006F70B
:10C0400077BB00205EED5C732E01856006F5B7AD11
:10C05000020480C300132E0184E00560AB05006E6E
:10C060002AF701F3350088600557B7BB00205EEF63
:10C070000193330186600160AB050068AC47001393
:10C08000390020DEED5A933803BFDE02F013390089
:10C09000E82AF70217BB00886006F777BB00205E2E
:10C0A000ED5AB3390184600560AB050068AAF70258
:10C0B000F342010DAB170017A1010EAB170017A239
:10C0C00000685E8700134200E05E86F457A100E03E
:10C0D0005E87080ABD0186600160AB0500682C47D9
:10C0E0000013420184600160AB0502032BD30013EF
:10C0F0004E018360015AAAD500682AF702D349008D
:10C1000068AAF702B35E0068AAE700134C0068ABA8
:10C110002300134C0282DEBB00134C02072B1B00D2
:10C12000134C0184600560AB0503BFDE02F0135EB3
:10C130000283C57300135E00025E02F015BE006844
:10C14000AAF702B35E018360055AAAD500E02C8FDE
:10C15000002B2301856002F5B7AD0068AAE7001344
:10C160005E0068AB2300135E0282DEBB00135E003C
:10C17000B02AC30017A201342B1B0017A1006EDEEA
:10C180008706135900B02ABF0017A2006E5E8964AB
:10C19000735E01BC6003000B2301BC6003000ADA7C
:10C1A00001856006F5B7AD0184E005610B08006804
:10C1B000AAF700B36802075EFF00136801342B1B67
:10C1C0000017A3006DDE8D60336800685E8F00137A
:10C1D000680283AB170013660183600560AB05033B
:10C1E000BFDE02F0136800B02BDB000AF000B044A1
:10C1F0006B000AF70068AAF70133770202AC270048
:10C20000136B0186E00560AB050281ABD3001377A9
:10C2100001BC6003000ADA00682C2F00137700E8E5
:10C2200044656177A1006D5E8561937400B02C3325
:10C230000017A200E05E8961B7A2006DDE86F453AC
:10C24000760200AC230013770185600560AB05031F
:10C25000BFDE02F013770180E001610B080068AADD
:10C26000F701137A00B02AC7000AD10187E006F768
:10C27000F7BF0207DEFF00137C0181E00560AB051C
:10C2800000682AF700338100682AF701F3810285EC
:10C290002BD300138000682AF70313810068AAF7E4
:10C2A00000939201826006F7F7BF00B02AC7000A28
:10C2B000B90068AAF703138800682B2300138800CD
:10C2C000B00013000ABD00B02B7F000AC003BFDE20
:10C2D00002F013910068AAF7009392011C2B17003B
:10C2E0000AC00106AB170017BB00685EEF00138F92
:10C2F00001BC6003006AC300B02C7B004B1E03BF6F
:10C30000DE02F0139100A82C7B004B1E01BC6003E1
:10C31000008AC300B02AC7000AC80202DEBB0013AD
:10C320009F0284DEFF0013950206DEFF00139F00CC
:10C33000B02AD70017A2006DDE8955139E00B02BDE
:10C340009B0017A200B02A9B0017A10283AC270014
:10C35000139C00682C8700139D006D5E8564339DDF
:10C3600000B02C7F0017A2006DAB96F4539F0182A2
:10C37000E00560AB050286ABD30013AD0088600515
:10C3800057B7A10020DE856393A500E82AF70217BE
:10C39000A100886006F437A100205E8563B3AB007E
:10C3A000682C6F0013AB01342B1B0017A2006E5ECC
:10C3B0008B0293AA00B02C7B002B1E03BFDE02F081
:10C3C00013AB00A82C7B002B1E0068AAF702F3AD6C
:10C3D00000B04467000B1B00E05ECD54B7B3018290
:10C3E0006002F5D7AE00B02C2B0017A100B02AD701
:10C3F0000017A2006D5E895513B402865EB7001364
:10C40000C503BFDE02F013B6006D5E855FF3CA029E
:10C41000812C230013C501BC601F07706501BC603F
:10C420001F11506401BC601F11D7A400685A03009B
:10C4300013C10088580300F7A30134D8030017A2E2
:10C4400000E95E8E2337A301C3E0022357A500E86D
:10C45000DE8AF4B7A20068DE8B0013C1006EDE8EA8
:10C46000F673C500E0419300306400E0419701900D
:10C4700065006D4192F493B903BFDE02F013CA0068
:10C48000682AF70093CA00682AF70053CA00682A8E
:10C49000F70073CA01826006F5D7AE00025E02F0B3
:10C4A00015BE01BC60131C57BB01342B1B0017A227
:10C4B0000080DE8AF777BB00B041B70017A20068A2
:10C4C0002AF70053D700682AF70253D700682AF7E3
:10C4D0000273D700682AF70073D700682AF7085359
:10C4E000D700682AF70873D700682AF70893D7009F
:10C4F000682AF703D3D703BFDE02F013E60185E015
:10C5000006F5B7AD00685E8B0013E100B05E8B00EE
:10C510000AA60182E006F5D7AE00682C8B0013DE78
:10C52000006E5E896453DE0181600563CB1E00E00E
:10C530002BAB002AEA006E5E896013E10182600580
:10C5400060AB0500E844655637A100B044670017AA
:10C55000A300682AF70893E500E85E8EF42AAE018E
:10C56000846002F7F7BF0282DEB300144D0203C5F8
:10C570007300141C00B02AAB0017A200B02AB3004D
:10C5800017A30068AAF70093F602802BD30013F6D6
:10C5900000B02B030017A1006D5E855873F2018077
:10C5A000E00560AB0500682B4F0013F201BC60038F
:10C5B000000ABC00025E02F0159B00685E87001353
:10C5C000F600682BE70013F600B02BE70017A20077
:10C5D000B02BEB0017A300685E8F0013FF00682AE2
:10C5E000EB0013FF00E844655757A100E05E8EF4AE
:10C5F00057A2006D5E86F453FF0181600560AB05B4
:10C6000000682B4F0013FF01BC6003000ABC00024E
:10C610005E02F0159B0281AB2F00140402005EFF46
:10C620000014040204452300140403A0DE02F014E5
:10C63000040183E00560AB050281AC2700141C02F5
:10C64000862C1700144D0286AC1700144D02808012
:10C65000BF00144D02825EBB00144D02822BD3003A
:10C66000141C0281AC1700141C0280AC1700141CAF
:10C6700002812C1700141C02822C1700141C028843
:10C6800081AB00141C0282AC1700141502832B1717
:10C6900000141C02832C1700141502852C1700149B
:10C6A0001502842C1700141C0284AC1700141C0201
:10C6B00083AC1700141C02845EB700141B0204DE56
:10C6C000AF00141B0281DEBB00141B0184E002F5E5
:10C6D00077AB00025E02F0159F03BFDE02F0144D3F
:10C6E00000E844655637A1006DDE8554B428020683
:10C6F000ABD30014210183E0022B915C03BFDE0267
:10C70000F0144D0183E0022B915C01BC60031851D1
:10C710007800B045E3001800018360022F317900F2
:10C72000A84138F9D7A100B05E84FE704E03BFDE89
:10C7300002F0144D028101AB00142C020081AB0009
:10C74000143702842C170014370280AC17001437FA
:10C750000206ABD3001435006BAC4223343000E04A
:10C760004467014B10018B60022B915C0287ABD3B5
:10C770000014330182600609D04E03BFDE02F014BC
:10C78000340182600209D04E03BFDE02F01436018C
:10C790008360022B915C03BFDE02F0144D0206ABF6
:10C7A000D3001440006BAC4223343B00E0446701EB
:10C7B0004B10018B60022B915C0287ABD300143EBF
:10C7C0000182600609D04E03BFDE02F0143F0182F1
:10C7D000600209D04E03BFDE02F01446018B6002F6
:10C7E0002B915C01BC600318517800B045E3001840
:10C7F00000018360022F317900A84138F9D7A100E8
:10C80000B05E84FE704E00025E02F0121D02845E75
:10C81000B700144D02832BD300144A00682AF70294
:10C82000B44D0184E006F577AB00E02B27002AC960
:10C8300003BFDE02F015870002DE02F00000018572
:10C84000E002F5B7AD01836002F5D7AE0182E002E8
:10C85000F5D7AE0182E002F7F7BF0184E002F7F7F7
:10C86000BF01BC6003000AD301BC6003000AC80119
:10C87000BC6003000AC001BC6003000AEA018760D3
:10C88000015F6AFB01BC6003000C1601BC60030081
:10C890000C170181600163CB1E0002DE02F0000074
:10C8A000020200BF0014B20283DEFF0014DA01832B
:10C8B000E006F7F7BF018560060B705B0185600637
:10C8C0000BF05F0206ABD300146601BC60030211DB
:10C8D0006D00B02A9700116E028045AB00147A03F8
:10C8E000BFDE02F0146901BC600302115D00B02AD2
:10C8F0009700115E0280456B00147A0206ABD300EC
:10C900001473006BAC4223346D00E04467014B109C
:10C91000018B60022B915C0287ABD3001470018203
:10C92000600609D04E03BFDE02F01471018260027E
:10C9300009D04E0188600E2D516A03BFDE02F0144B
:10C940007A018B60022B915C01BC60031851780066
:10C95000B045E3001800018360022F317900A8413F
:10C9600038F9D7A100B05E84FE704E0188600E2BAE
:10C97000515A00B0413F1FF04F00682ABB0014809D
:10C9800001846006F7F7BF01BC602F1717A300E012
:10C990004466F46AB401BC6003000AAE00025E02A1
:10C9A000F0144E00E844695FD7A1006EDE870034C2
:10C9B0008A00B02BD7000AF001BC6003000AEF0028
:10C9C000682AEB00148A00B04467000AB900E84402
:10C9D00065554ABA00B02AB30017A100E82AEAF464
:10C9E0002ABA028080BF0014970281DEBB0014A81F
:10C9F0000206ABD300148F0204C5AF00149703BF27
:10CA0000DE02F014900200456F0014970283C57394
:10CA10000014970206ABD300149501BC63FF1FF707
:10CA2000A10068C5C6F434A803BFDE02F014970164
:10CA3000BC63FF1FF7A10068C586F434A80206ABEB
:10CA4000D300149E018B600E2B915C0287ABD30048
:10CA5000149C0182600209D04E03BFDE02F0149DD7
:10CA60000182600609D04E03BFDE02F014A4018BE0
:10CA7000600E2B915C01BC600318517800B045E357
:10CA8000001800018B2B2E2F317900A84138F9D7DF
:10CA9000A100B05E84F9B04E0184E002F5B7AD01AB
:10CAA00084E002F577AB0185E001610B0803BFDE8E
:10CAB00002F015920206ABD30014AB00025E02F046
:10CAC000121D03BFDE02F014AD018360022B915CE6
:10CAD00000025E02F0121D0184E006F5B7AD01848C
:10CAE000E006F577AB0206ABD30014B10184600514
:10CAF000610B0803BFDE02F01592018D60020BF09E
:10CB00005F0206ABD30014B60188600E2D516A0394
:10CB1000BFDE02F014B70188600E2B515A028181EA
:10CB2000AB0014C80206ABD30014C1006BAC4223A7
:10CB300034BC00E04467014B10018B60062B915C14
:10CB40000287ABD30014BF0182600209D04E03BF3D
:10CB5000DE02F014C00182600609D04E03BFDE027F
:10CB6000F014D7018B60062B915C01BC6003185157
:10CB70007800B045E3001800018360022F3179008E
:10CB8000A84138F9D7A100B05E84FE704E03BFDE25
:10CB900002F014D70206ABD30014D1006BAC4223D1
:10CBA00034CC00E04467014B10018B60022B915C98
:10CBB0000287ABD30014CF0182600609D04E03BFB9
:10CBC000DE02F014D00182600209D04E03BFDE0203
:10CBD000F014D7018B60022B915C01BC60031851EB
:10CBE0007800B045E3001800018360022F3179001E
:10CBF000A84138F9D7A100B05E84FE704E0184E0F0
:10CC000002F5B7AD0184E002F577AB00025E02F0F9
:10CC1000144E0002DE02F0000000B0446B000AFE79
:10CC20000202DEB30014E70206ABD30014E5018371
:10CC300060062B915C0287ABD30014E20182600294
:10CC400009D04E03BFDE02F014E30182600609D072
:10CC50004E00025E02F0121103BFDE02F014E70183
:10CC60008360062B915C00025E02F0121101866067
:10CC700005610B08020200BF00150C0183E002F7FA
:10CC8000F7BF0203C5730014FC020080BF0014FC50
:10CC90000206ABD30014F5006BAC422334F000E085
:10CCA0004467014B10018B600E2B915C0287ABD364
:10CCB0000014F30182600209D04E03BFDE02F014BB
:10CCC000F40182600609D04E03BFDE02F0150B01AD
:10CCD0008B600E2B915C01BC600318517800B0454D
:10CCE000E3001800018B2B2E2F317900A84138F971
:10CCF000D7A100B05E84F9B04E03BFDE02F0150B81
:10CD00000206ABD300150500E0446700B7BB006C1A
:10CD1000C466F774FE018B60022B915C0287ABD373
:10CD20000015030182600609D04E03BFDE02F01534
:10CD3000040182600209D04E03BFDE02F0150B0130
:10CD40008B60022B915C01BC600318517800B045E8
:10CD5000E3001800018360022F317900A84138F9FF
:10CD6000D7A100B05E84FE704E0182E002F597AC60
:10CD70000002DE02F0000001BC60030037A20020C8
:10CD8000E3FE0915680020E0420D956802845EB359
:10CD900000156802804203001568028445230015CF
:10CDA0006803915E02F015680068AB4F00156802D9
:10CDB00082DEFF00156800682ABB00151900E844F0
:10CDC0006555D7B900E82A9AF737B902805EFF00A7
:10CDD000159B020180C700159200B02AD70017A149
:10CDE000006DDE855515920282DEB30015680203E0
:10CDF000C573001549020480C700154900685E8BA1
:10CE000000152E0284AC2300152E0203C5730015F5
:10CE1000490202ABD300152502855EBB0015260230
:10CE200082DEBB00154900B02B830017A1006EAB5A
:10CE30006AF4352E0203C57300154900682A9B0069
:10CE4000152D00682ABB00152E006ADEE554F54951
:10CE5000006ADEE55A554900682AE7001549029440
:10CE60001DF30015310203DE5300153603BFDE0249
:10CE7000F0153401141DF30017A600901CBAF4D766
:10CE8000A602005E9B00153600B02B87000AA703A0
:10CE9000BFDE02F0159201BC600302579201BC6331
:10CEA000FF1FF0C301BC60030910E301865E8A1C0A
:10CEB00070E3018460061C70E300682AEF00153DF2
:10CEC0000185E0061C70E301BC6003039782000249
:10CED0005E02F0157200B054130010E400E04391BC
:10CEE0005B30E401BC60030010EE01BC63FF1FF087
:10CEF000CE00E02AEF002ABB01BC61030077A60147
:10CF0000141DF30017A200B05E8B000C1801BC6169
:10CF10000303EC1903BFDE02F0156202845EB70062
:10CF2000156801BC60230890E600025E02F0016A09
:10CF300000B05ECF0010E40068AAF7003552020589
:10CF4000AC2300155200E82ACE2337A3006DDE8EF5
:10CF50001C955200B05E8F0010E400682A9B0015FB
:10CF60005A00B02ADB0010E40206ABD300155702CA
:10CF700084C5AF00155A03BFDE02F0155802804584
:10CF80006F00155A00695EE700155A00E05EE5562D
:10CF9000D0E40282DEBB00155E00682AF700155E51
:10CFA00000E10EDA1C83B600E08EDF0003B701BC9F
:10CFB000600301D78200025E02F0157201BC6103BA
:10CFC0000077A603BFDE02F0156200B00047001034
:10CFD0008600025E02F015F800025E02F010700199
:10CFE00090600A09104801846006F597AC00B05EB5
:10CFF0009B0010800002DE02F0000002805EFF0055
:10D00000156D0281DEBB00156D020180C70015920F
:10D01000020480C700159201806002F7F7BF02800A
:10D02000C28F0015930201DEBB00159301BC6003A3
:10D030000017A203BFDE02F0150E00685E4B063536
:10D04000790285DEFF00158000B02B370017A100A4
:10D050006DAAEEF4358001BC600301378000B02B6F
:10D060003B0017A1006D2AEEF4357B02812BD30023
:10D07000157B01BC600301778001BC600300378130
:10D0800000025E02F0014301D2DE0AA030E000B0EF
:10D09000540B0010E103BFDE02F015860280ABD313
:10D0A00000157901BC600301578001BC60030017C3
:10D0B0008100025E02F0014300B054070010E0005E
:10D0C000885E0B0070E10002DE02F0000000682ABA
:10D0D000F30015920204DEAF00159200E844655794
:10D0E00097A4006E5E9154F59200885E930037A479
:10D0F000006D5E9154F59200025E02F015E303BFED
:10D10000DE02F0159F00E844655797A400885E93FF
:10D110000037A400025E02F015E303BFDE02F01543
:10D120009F0284DEAF0015960181E002F5D7AE03C1
:10D13000BFDE02F0159F00682B6700159B00E044DE
:10D14000655B2AD300682B6B00159A00E044655A92
:10D150004AD30002DE02F0000001806006F7F7BF4C
:10D1600000682AF300159F00E844655797A4000261
:10D170005E02F015E301846002F597AC01BC600328
:10D18000000ABC01BC6003000AD301BC6003000AB2
:10D19000BB0104DEAF0017A101845E86F5B7AD02C6
:10D1A00084DEAF0015A8018060060D906C0002DEE1
:10D1B00002F000000285AC230015BD0203C5730018
:10D1C00015BD00B02A8F0017A30202AC230015ADD5
:10D1D00000B02AAF0017A30202DEBB0015AF00B0FB
:10D1E0002A8B0017A300E04466F46AB30185E005CA
:10D1F000610B0800B04467000B030206ABD30015B7
:10D20000B7006BAC422335B600E04467014B100118
:10D2100083E0022B915C03BFDE02F015BD0183E0C9
:10D22000022B915C01BC600318517800B045E3000B
:10D230001800018360022F317900A84138F9D7A185
:10D2400000B05E84FE704E0002DE02F000000202BA
:10D25000DEB30015C90206ABD30015C7018B600E03
:10D260002B915C0287ABD30015C40182600209D008
:10D270004E03BFDE02F015C50182600609D04E00E4
:10D28000025E02F0121103BFDE02F015DB018360C3
:10D29000062B915C00025E02F012110203C57300BE
:10D2A00015CE0284DEAF0015CE0281DEBB0015CEA6
:10D2B00002805EFF0015CE02045EB70015E2020692
:10D2C000ABD30015D5018B600E2B915C0287ABD3DD
:10D2D0000015D30182600209D04E03BFDE02F015B3
:10D2E000D40182600609D04E03BFDE02F015DB01D7
:10D2F0008B600E2B915C01BC600318517800B04527
:10D30000E3001800018B2B2E2F317900A84138F94A
:10D31000D7A100B05E84F9B04E0183E001610B0833
:10D3200001846006F5B7AD0184E002F577AB01BC7E
:10D330006003000ABB01846002F597AC0185E0013F
:10D34000610B080186E001610B080002DE02F000BB
:10D350000000682B5B0015E500B02B5B0017A400F4
:10D360006D5E915555E700B02AAB0017A400882BDD
:10D37000070037A500E82B0AF4AAC200885E9300D4
:10D3800037A400E02B0AF48AC200902B0B00AAC13C
:10D3900000B02B07000AA70002DE02F0000003A085
:10D3A000DE02F015F1020042030015F100025E02F8
:10D3B000F00D2F0183E005610B0801846002F5B7D1
:10D3C000AD0184E006F577AB01BC6003000ABB0148
:10D3D000846002F597AC00B04467000ABC0002DE2E
:10D3E00002F00000010C81430017A101BC600300A2
:10D3F000508A00685E070016020068DE8700360269
:10D4000001BC600300B08A00685E07003602028239
:10D41000DE0300160201BC600300908A0283DE0373
:10D4200000160200E0600AF4D08A00685E07001669
:10D430000A0190422AA1308A00685E0700360A017C
:10D4400090422AA0108A0109DE030017A2018F5E14
:10D450008A11508A00685E8B00160A0191E00E1155
:10D46000508A0002DE02F000000109DE030017A46A
:10D4700000E05A06F497A500905E96F497A5020383
:10D48000DE030016120282DE0300161201BC61EFF9
:10D490000857A60080DE96F4D7A50116DE87001790
:10D4A000A300885E870077A100E15E8702D7A10014
:10D4B000E0DE8F0017A301BC60030017A2020E5E1E
:10D4C0000300161901BC60030037A200905E96F4B9
:10D4D00057A50080DE96F437A100E141B7FFF7A61B
:10D4E00000E1DE8701F7A10080DE96F477A300E17A
:10D4F000DE860DB7A100E0DE8F0017A3017A5E86FD
:10D50000F477A100885E86F457A100B05E8700170B
:10D51000A20287DE0300162600885E870057A1035B
:10D52000BFDE02F0163302875E0300162D01BC63D6
:10D530009B0CD7A50080DE86F4B7A100E141B7FFC0
:10D54000F7A500E0DE870017A100885E870057A1DD
:10D5500003BFDE02F0163300885E870057A101BCCE
:10D56000639B0CF7A50080DE86F4B7A101BC6203C3
:10D570000017A500E141B6F4B7A500E0DE8700176B
:10D58000A100E05E8400D7A10002DE02F0000002EC
:10D59000001FF70000120282DE5300163B01886074
:10D5A0000204902400E02092F3082400E8208EF387
:10D5B000082303BFDE02F00B3701B8601604902485
:10D5C00001BC600301D02503055E02F0164C028702
:10D5D000C037000C9E0386DE02F00CA100025E0242
:10D5E000F01236035CDE02F0163D00D8409B0117B6
:10D5F000A100E05E8702379800A85E63007798017B
:10D6000002DE530017A10182E002F297940188DE46
:10D6100084FFA7FD006EA08EF3164C00E85E630148
:10D62000D02501B8600604902403BFDE02F000029A
:10D6300001816004FFA7FD01B8600A04902403BFC4
:10D64000DE02F0000202285E8700166200B04193FD
:10D650000017A400E04193007064010A5E87001780
:10D66000A200E84192F4506301185E870017A10000
:10D67000E86042F437A200885602F43600006841A0
:10D680008EF4965E00E8418F00306300E84193001D
:10D69000306400685E8B02165600905602F457A361
:10D6A00000B05806F4760103BFDE02F0165600689B
:10D6B0004192F4966200E8419300306401BC60033B
:10D6C00000160003BFDE02F0165E00B05E87001792
:10D6D000A10002DE02F0000001806002861430002A
:10D6E000B050CB001065013850830017A10068DEF0
:10D6F0003B06366A00E05A3300368C006EDA32F4AC
:10D70000201200B05A0B0017A201BC63FF1FF7A341
:10D7100000B050CF001064006EDA32F4366F00B003
:10D720005A370017A300B0581300178201BC6003DA
:10D7300000160401BC601B1FD7B60102D0C700173A
:10D74000A100E04196F4306500E050CB00D06401C8
:10D75000BC60030017B401BC600300178001BC600B
:10D7600003003781018760040310A000905233004A
:10D7700097A400E0418701B7B500685ED2F05696E5
:10D7800000E05EDAF690630020D802F0368A0202EA
:10D7900050C7001690009056030097A100E85E86DF
:10D7A000F497A1019E6002F437A1006DDE87081690
:10D7B00090010A5E870017A201DA6002F437A10027
:10D7C000E05ED6F4506300886006F437A10020566E
:10D7D00002F4369000B05802F0360000E05A2B00F8
:10D7E000368A006ADED2F4768C0068DED2F01691BA
:10D7F00000E05E0300378000685E0300369101861A
:10D80000E0040310A003BFDE02F01691006ADED22E
:10D81000F4768C00E05ED30037B400D05E070037AA
:10D820008102985ED300167B00E0419300306403D0
:10D83000BFDE02F0167B00685E0300001203BFDE4D
:10D8400002F006CC0282D0C70016A000B02A370032
:10D8500017A101B82A32F43684010250130016854C
:10D86000013C50830017A100B050A70017A4006D21
:10D870005A32F436A90182E0068634310288502BF0
:10D880000016A500B05A330017A1019E5E8684F4ED
:10D8900027018360068634310002DE02F0000000BA
:10D8A000B050730017A101B8506EF436840106D051
:10D8B0000700168500B050AB0017A400D06006C06A
:10D8C000978000E0419700D7B5010A58130017A1CF
:10D8D00000E05ED6F437B500B0580F0010630116B3
:10D8E00056030017810068D8130016BE01140063A8
:10D8F0000017A10068DE870016B40088013B0116FE
:10D900008003BFDE02F016B90068DE870076B7003C
:10D91000A0013BE0168003BFDE02F016B900E05E16
:10D92000870970620088540301168000E85A0330AA
:10D93000168001BC600300168101BC6003001682E2
:10D9400001BC600300168303BFDE02F016C300E0D3
:10D95000418EC09063006EC18EC036C300E8418E18
:10D96000C0306300E858030037A100E0418EF43076
:10D9700063013850A30017A50068581303F6DE00B2
:10D9800068418EC056DE006DDA0AF4B6DE01165626
:10D99000030017A10068DE86F036DE01585603004A
:10D9A00017A100E05E870DD7A200B05ED70010621D
:10D9B0000020DE02A016D500E05E86D037A300E08E
:10D9C0005E8ED077A3006D5A02F456DE006E5E8E36
:10D9D000F496DE00E86002F4368300B05E8F001635
:10D9E0008100A05A0F00768300E05A0B00368200B7
:10D9F000E85A02F4568000D05E0300378000E058F9
:10DA00001300360400E0418F003063029858130081
:10DA100016DB00E05ED70037B5006EC18EC036C49D
:10DA200000B0580300106303BFDE02F016C400B05C
:10DA300058130017A10068DA370016E100B05E87BE
:10DA400000168D006DDE86D1B6E300B05E8700164D
:10DA50008D0002DE02F0000001BC60030017A1018E
:10DA60008760040310A001BC60030990B500B000FA
:10DA70006300F0B401BC60570310B601BC60030042
:10DA800090B500B0006300B0B400B042D3001800FD
:10DA90000317DE02F016EC0397DE02F016ED00B07D
:10DAA0002A3300142F018EE00C0310A0006DDE025B
:10DAB000D1B6F300E85A36F0168D03BFDE02F01639
:10DAC000F501BC600300168C01BC600300168D00DC
:10DAD0006E5A3AF016F801BC600300168E03BFDEE2
:10DAE00002F016F900E85A3AF0168E00B058070016
:10DAF00017A100E0580EF01603006ED80EF436FFA2
:10DB000000E85E86C017A100E8580EF4360300E86E
:10DB1000580F00360301185E030017A1006DDE03E5
:10DB200002170700E86042F437A200905A1AF43650
:10DB30008600885A1EF457A200905A1EF4368700B9
:10DB4000B05A1AF4568603BFDE02F0170900905A45
:10DB50001EF4368601BC60030016870002DE02F068
:10DB600000000158600300102A01B8600A049024E4
:10DB700001BC60030290040189E0020D906C000278
:10DB8000DE02F000000200DE5300171901BC60172E
:10DB90000777A100025E02F0012700B0406700177E
:10DBA000A200B05E8B0057A200025E02F0012B01C2
:10DBB000BC600303378001BC600300178100025E74
:10DBC00002F011320002DE02F0000001BC6003032B
:10DBD000378000025E02F0112D0183E006F03781EC
:10DBE0000181E006F0378100025E02F0113200B0E0
:10DBF0005E070017A200E044670B57A1006B446664
:10DC0000F4372001BC600311378000025E02F0117E
:10DC10002D01806006F0378100025E02F0113201B2
:10DC2000BC600300978000025E02F0112D0180604D
:10DC300006F0378100025E02F0113200E044670115
:10DC400057A1006B4466F4372A01BC600303378098
:10DC500001A0607EF4578100025E02F0113200E004
:10DC600044670797A1006B4466F4372F01BC60033B
:10DC700011578000025E02F0112D01846006F0371A
:10DC80008100025E02F0113200B05E070017A201AF
:10DC9000BC60030A378000025E02F0112D01806033
:10DCA00002F0378100025E02F0113200E0446700AA
:10DCB00037A1006B4466F4373A01806006F0378183
:10DCC00000025E02F0113201BC60030857800002BE
:10DCD0005E02F0112D018A6002F0378100025E02BF
:10DCE000F0113200E044670037A1006B4466F4375E
:10DCF00042018A600EF0378100025E02F0113200AC
:10DD0000E044670657A1006B4466F4374601BC60E7
:10DD1000030CB78000025E02F0112D0280DE0700C6
:10DD2000173001BC600311578001846002F45781F1
:10DD300000025E02F0113201BC60030037A302064C
:10DD4000ABD30017510284C5AF00175903BFDE02E1
:10DD5000F017520280456F00175901BC600300178D
:10DD6000A3018B600E2B915C01BC600318517800FD
:10DD7000B045E3001800018B2B2E2F317900A8410C
:10DD800038F9D7A100B05E84F9B04E01BC60170726
:10DD900077A100025E02F0012700B040670017A2E1
:10DDA00000A85E8B0057A200025E02F0012B00E08B
:10DDB00044670157A1006B4466F4375F01BC600300
:10DDC00001B7A101BC60030477A200025E02F0016A
:10DDD0002B01BC60130AF7A101BC60030017A2006D
:10DDE000025E02F0012B01BC60030117A400E85E93
:10DDF000930037A401BC600301D7A100B05E93007B
:10DE000017A200025E02F0012B01BC60130AD7A129
:10DE100001BC60030017A200025E02F0012B006843
:10DE2000DE9300176700685E8F0017710002DE0244
:10DE3000F0000001BC60270CB7A101BC6003019792
:10DE4000A200025E02F0012B01BC60270EB7A10107
:10DE5000BC60030137A200025E02F0012B01BC602E
:10DE6000030657A401BC60030077A301BC6013093B
:10DE700057A100025E02F00127018060060337A26D
:10DE800000025E02F0012B01806002F457A2000242
:10DE90005E02F0012B00E04466F497A1006B44663B
:10DEA000F4378000E85E8F0037A300685E8F0017AC
:10DEB0008701BC60030317A401BC60270F17A100F2
:10DEC000025E02F001270068C0671FF77901BC609D
:10DED000270EB7A101BC600301F7A200025E02F0A9
:10DEE000012B0002DE02F000000002DE02F0000062
:10DEF0000200DE5300179D01BC60130E77A10002E3
:10DF00005E02F0012700A040673FEC4401BC6013B3
:10DF10001497A100025E02F001270196E002033788
:10DF2000A200025E02F0012B01BC601309B7A10040
:10DF3000025E02F00127018760020337A200025E41
:10DF400002F0012B01BC60130997A100025E02F0F0
:10DF50000127018760060337A200025E02F0012B51
:10DF60000002DE02F0000001BC60730017A301BCD8
:10DF700060131497A100025E02F0012700A0406622
:10DF8000F477A40196E01EF497A300B05E8D889705
:10DF9000A200025E02F0012B01BC601309B7A100D0
:10DFA000025E02F00127018760060337A200025ECD
:10DFB00002F0012B01BC60130997A100025E02F080
:10DFC0000127018760060337A200025E02F0012BE1
:10DFD0000002DE02F000000068DE930017B100E0EE
:10DFE0005E030057A201095E8B0017A103BFDE028A
:10DFF000F017B90068DE930037B501105E03001713
:10E00000A200E05E8B0097A103BFDE02F017B9010A
:10E01000305E030017A200E05E8B0197A1006D5EE9
:10E02000870597B901BC60030597A10002DE02F0E5
:10E03000000000682BCB0017BF00B02BF30017A126
:10E0400000E05E855FB7A1006BDE862337BF0186E7
:10E05000E006F7F7BF0002DE02F0000000681F33A1
:10E060000017CD020200BF0017C30203457300175B
:10E07000CD0285C5230017CD00681F330037CB00C4
:10E08000B01FC70017A100025E02F0012700A840E0
:10E0900064F9D7A200B05E88F9B7A200025E02F070
:10E0A000012B03BFDE02F017CD00A84138F9D7A13C
:10E0B00000B05E84F9B04E0002DE02F00000020201
:10E0C00000BF0017C3020345730017CD015860035A
:10E0D00000102A0189E0020D906C01BC60030090E1
:10E0E0000400B040130017A10002DE02F00000019E
:10E0F0008260060F10780207C1E30017D601BC60EA
:10E10000030C17A301BC600300907601BC60030000
:10E11000107700025E02F0013401BC60030C97A38B
:10E1200000025E02F0012F008860118757A101BC38
:10E130005E860EF07700025E02F0013401BC6003DF
:10E140000C17A301BC600300B07601BC6003001093
:10E150007700025E02F0013401BC60030C97A3005B
:10E16000025E02F0012F008860058757A101BC5EA6
:10E17000860ED07600025E02F0013401BC6003001E
:10E1800017A300025E02F0012F018560060ED07613
:10E1900000025E02F0013401BC60030C17A301BC55
:10E1A000600300307601BC600300107700025E025D
:10E1B000F0013401BC60030C97A300025E02F00181
:10E1C0002F01AC60A20EF07700025E02F001340174
:10E1D000BC60030017A300025E02F0012F018560FE
:10E1E000060ED07600025E02F0013401BC60030C22
:10E1F00017A301BC600300307601BC6003001077F8
:10E2000000025E02F0013401BC60030C97A300021F
:10E210005E02F0012F01AC60020EF07700025E0298
:10E22000F0013401BC60030017A300025E02F0019C
:10E230002F018560060ED07600025E02F0013401E7
:10E240008260020F10780002DE02F0000001BC6064
:10E25000130817A100025E02F0012701806002038B
:10E2600037A200025E02F0012B01BC60030037A15F
:10E2700000025E02F001270188600E0337A20068E9
:10E28000B0EB0018100188600A0337A200025E029A
:10E29000F0012B01BC601B0657A100025E02F001D9
:10E2A00027018830EA0337A200025E02F0012B004A
:10E2B000025E02F017D501BC60130817A100025ED0
:10E2C00002F00127018060060337A200025E02F01F
:10E2D000012B0002DE02F0000001BC60430890E662
:10E2E00000025E02F0016A01BC604F1110E401906F
:10E2F000600A09104801BC600300000601BC60030D
:10E3000001D78201D2DE0877F0E000B00F030010E1
:10E31000E100B0004700108600B00F1F00108A0116
:10E32000BC600300378100025E02F0107001BC6027
:10E33000030010BB01BC6103001080018260061065
:10E34000308103D05E02F003940002DE02F0000090
:10E3500000681F8300188202804203001882028531
:10E36000C52300188200681F8F00388200681F8B49
:10E3700000385F01BC60130817A100025E02F001C3
:10E3800027018060020337A200025E02F0012B0128
:10E39000BC601B1B57A100025E02F0012700B040C9
:10E3A00067000C3E0182E0060337A200025E02F025
:10E3B000012B01846006F457A200025E02F0012BDB
:10E3C00001BC60270F37A100025E02F0012700B0F8
:10E3D0004067000C3F018860060337A200025E021E
:10E3E000F0012B01BC60271597A100025E02F0012D
:10E3F0002700B04067000C40019B60160337A20164
:10E40000806006F457A200025E02F0012B01BC609E
:10E41000131077A101BC600B0017A200025E02F08E
:10E42000012B01BC60131057A100025E02F001270E
:10E4300001B860820337A200025E02F0012B01BC2A
:10E4400060131037A100025E02F001270180E00294
:10E450000337A200025E02F0012B01BC600300073B
:10E46000E201BC60030007E30068310F00185700A9
:10E47000E044658867E103BFDE02F0185800E0441D
:10E48000670807E101BC60131037A100025E02F0CB
:10E490000127018060060337A200025E02F0012B13
:10E4A00001BC60030027E200025E02F001270200C7
:10E4B0004067001873028042030018730285C52369
:10E4C00000187301BC60131037A100025E02F00156
:10E4D0002702004067001866006CC464FC385F00C7
:10E4E000E03107002C4100E0310B002C4201BC6000
:10E4F0001310F7A100025E02F0012700B040670090
:10E50000018401BC601310D7A100025E02F0012754
:10E5100000B0406700018501BC602B1357A10002C9
:10E520005E02F0012700B0406700018601BC601365
:10E530001117A100025E02F0012700B04067000140
:10E540008701BC60271597A100B031030017A20016
:10E55000025E02F0012B01BC60270F37A100B03032
:10E56000FF0017A200025E02F0012B01BC601B1B22
:10E5700057A100B030FB0017A200025E02F0012B91
:10E5800001BC60130817A100025E02F001270180A0
:10E5900060060337A200025E02F0012B01BC60039B
:10E5A0000007E201BC60030007E000B05E870017CF
:10E5B000A10002DE02F0000001BC6003000C250097
:10E5C000B030CB00179E00B030CF00179D00B030A8
:10E5D000D300179C00B030D700179B03BFDE02F0BA
:10E5E0000A1A000000000000000000000000000007
:10E5F000000000000000000000000000000000001B
:10E60000000000000000000000207EC000000000AC
:10E6100000000000000000000000000000000000FA
:10E6200000000000000000000000000000000000EA
:10E6300000000000000000000000000000000000DA
:10E64000000000000000000000207EC0000000006C
:10E6500000000000000000000000000000000000BA
:10E66000000000000000000000000000000020008A
:10E670000000401101000000000080160100800031
:10E68000000080160100800300008016000000409A
:10E690000000801A2100E003000080160002004004
:10E6A0000000801A100200400000801A1002024090
:10E6B0000000801A6100E003000080161002004094
:10E6C0000000801A6101E013000080163002004053
:10E6D0000000801A100200400000801A1C02004056
:10E6E0000000801A000200000000801A1C0A00408E
:10E6F0000000801A1C0A20400000801A1FCA204017
:10E700000000801A1FCA20400000801A010000008B
:10E710000000801E090000000000801E00000000B4
:10E7200000008002000000000000800200000000E5
:10E7300000008002080000000000801E00000000B1
:10E740000000801E010000000000801E110000007B
:10E750000000801E1FCA20C00000801A1FCA20C0EF
:10E760000000801A5FCA20C00000801AB064000058
:10E770000000800E00002800000080121100000040
:10E780000000801E00000000C82542850000000037
:10E7900000004001000000000000400100000000F7
:10E7A000000040015FCA2040000040191FCA2040FD
:10E7B00000004019010000000000401D01000000A1
:10E7C0000000401D010000000000401D0900000085
:10E7D0000000401D1FC22040000040190F00000033
:10E7E0000000401D1FC220C0000040191BC220C0F5
:10E7F00000004019207D00000000400D00002000B6
:10E8000000004011000000003304428900000000B5
:10E810000000400100000000000040010000000076
:10E82000000040011BC22040000040190900000008
:10E830000000401D1BC220400000401901000000E4
:10E840000000401D000000000000401D1FC22040CD
:10E8500000004019010000000000401D09000000F8
:10E860000000401D1FC22040000040190B010000A5
:10E870000000401D1FC220C0000040191BC220C064
:10E8800000004019C07700000000400D0000280083
:10E890000000401100000000331C4289000000000D
:10E8A00000004001000000000000400100000000E6
:10E8B000000040011FC220C0000040191FC220C03C
:10E8C000000040196100E013000040150000000046
:10E8D00000004001000000000000400100000000B6
:10E8E000000040016101E0130000401513C220C088
:10E8F0000000401961018013000040150A0100006A
:10E900000000401D13C220C0000040190804000090
:10E91000000000F8000000000000400100000000BE
:10E920000000400100000000000040010000000065
:10E9300000004001000000000000400113C2204020
:10E94000000040190B0100000000401D13C220C050
:10E95000000040190000000000004001000000001D
:10E9600000004001030100000000401D13C22040D0
:10E9700000004019000008000000401161018013F0
:10E9800000004015610180130000401561018013F3
:10E99000000040151FC22040000040191FC2204047
:10E9A000000040191FC22040000040190B01000068
:10E9B0000000401D0B0100000000401D1FC220C0D0
:10E9C000000040191BC220C000004019C37700009E
:10E9D0000000400D00000800000040110000000091
:10E9E000131C4288000000000000400100000000ED
:10E9F0000000400100000000000040011BC2204058
:10EA000000004019090000000000401D1BCA204002
:10EA1000000040191FCA20400000401909000000F2
:10EA20000000401D1FC22040000040190F000000E0
:10EA30000000401D1FC220C0000040191BC220C0A2
:10EA400000004019237D00000000400D0000000080
:10EA50000000401100000000130442880000000084
:10EA60000000400100000000000040010000000024
:10EA7000000040011BC220400000401909000000B6
:10EA80000000401D1BCA204000004019010000008A
:10EA90000000401D1FCA2040000040191100000066
:10EAA0000000401D1FCA2040000040191FCA20C09E
:10EAB000000040191FCA20C0000040191FCA20C012
:10EAC000000040195FCA20C000004019B064000077
:10EAD0000000400D0000080000004011110000007F
:10EAE0000000401D00000000B82542840000000026
:10EAF0000000400100000000000040010000000094
:10EB0000000040015FCA20400000401901000000E1
:10EB10000000401D1FCA2040000040191FCA2040AD
:10EB200000004019000000000000401D1C0A2040A9
:10EB3000000000181C0A204000000018000000001F
:10EB400000000010000000000000001C61018013A4
:10EB5000000000141C0A204000000018610180031E
:10EB600000000014100A204000000018000A204095
:10EB700000000018000A0040000000184101800356
:10EB80000000001400080040000000180000100001
:10EB900000000010000802400000001800080340B8
:10EBA00000000018000802400000001800080040A3
:10EBB00000000018000000000000001000080040E5
:10EBC000000000180008004000000018410180000B
:10EBD000000000144101000000000014400100008A
:10EBE00000000014000802400000001800010000AE
:10EBF000000000140008004000000018000800C0D9
:10EC000000000018080C00000000000408080000C4
:10EC1000000000FC000000000000000000000000F8
:10EC20000000000000000000000000000C715D48C2
:10EC3000075F3100B3C9A561005B234B452524471D
:10EC40002808000000000000941DC51301BD320813
:10EC50000100343334333961302D726F6D6C2F7392
:10EC600064696F2D672D706F6F6C2D7032702D6918
:10EC7000647375702D6964617574682D706B74664A
:10EC8000696C7465722D6B656570616C6976652D54
:10EC9000616F652D6C70632D73776469762D737267
:10ECA000666173742D66756172742D627463782D5C
:10ECB0006E6F636C6D696E632D636C6D5F6D696EF5
:10ECC0002D6662742D6D66702D7361652D776F777B
:10ECD0006C70662D746B6F2056657273696F6E3A37
:10ECE00020372E39352E34392028323237316262BE
:10ECF0003620435929204352433A20623761323843
:10ED000065663320446174653A204D6F6E20323061
:10ED100032312D31312D32392032323A35303A32DA
:10ED200037205053542055636F6465205665723AFE
:10ED300020313034332E3231363220465749442088
:10ED400030312D633531643934303000FA004456A7
:10ED500049442030312D6230623435323066000053
:10ED600000000000000000000000000000000000A3
:10ED70000000000000000000000000000000000093
:10ED80000000000000000000000000000000000083
:10ED90000000000000000000000000000000000073
:10EDA000424C4F423C000000FA69E0BB0100000009
:10EDB00002000000000000003C000000980300007A
:10EDC0000A6F2B520000000000000000D403000076
:10EDD00004000000A0B0E5E200000000434C4D201C
:10EDE0004441544100000C0002005261737062659E
:10EDF00072727950692E5069636F57000000312E8E
:10EE000032392E34000000000000000070000000C5
:10EE1000436C6D496D706F72743A20312E34372E09
:10EE20003100000000000000000000000000763506
:10EE30002032322F30362F32340000000000000024
:10EE400000000000010B010D0C0D00006803000024
:10EE50007401000068000000300100007C01000027
:10EE6000000000004C0100004601000058030000B3
:10EE7000000000002801000090030000880300004B
:10EE80007FB2000000000000000000000000000051
:10EE90000000000000000000000000000000000072
:10EEA00000000000700300000000000032010000BC
:10EEB0000000000000000000000000000000000052
:10EEC0000000000000000000000000000000000042
:10EED0000000000000000000000000000000000032
:10EEE0000000000000000000000000000000000022
:10EEF0000000000000000000000000000000000012
:10EF000000000000340000008101000001023230E6
:10EF100032322D30362D32342030363A35353A30D3
:10EF200038000000FF0000000100FF011E0000018A
:10EF30004800010100FF0114000001480001000029
:10EF4000FF000000020000011E0100014801010055
:10EF500000000000000000000001000101236E001D
:10EF60000200FFFFF000415400010001FFC000411A
:10EF70005500010001FFC000424500010001FFC033
:10EF800000425200010001FFC00043410000FF00A9
:10EF9000FFCC00434800010001FFC000434C0001CA
:10EFA0000001FFC000434E00010001FFC000434FBD
:10EFB00000010001FFC000435A00010001FFC00032
:10EFC00044450001FF01FFCC00444B00010001FF5C
:10EFD000C000454500010001FFC00045530001008D
:10EFE00001FFC000465200010001FFC0004742007F
:10EFF000010001FFC000475200010001FFC00048AE
:10F000004B00010001FFC000485500010001FFC096
:10F0100000494C00010001FFC000494E0001000101
:10F02000FFC000495300010001FFC0004954000126
:10F030000001FFC0004A5000010001FFC0004B4525
:10F0400000010001FFC0004B5200010001FFC000A1
:10F050004C4900010001FFC0004C5400010001FFB9
:10F06000C0004C5500010001FFC0004C56000100DB
:10F0700001FFC0004D5400010001FFC0004D5800C9
:10F08000010001FFC0004D5900010001FFC0004E0A
:10F090004700010001FFC0004E4C00010001FFC00D
:10F0A000004E4F00010001FFC0004E5A0001000158
:10F0B000FFC000504500010001FFC00050480001A2
:10F0C0000001FFC000504C00010001FFC00050547F
:10F0D00000010001FFC000534500010001FFC00016
:10F0E000534700010001FFC000534900010001FF28
:10F0F000C000534B00010001FFC000544800010054
:10F1000001FFC000545200010001FFC0005457002D
:10F11000010001FFC000555300000000FFC000586F
:10F12000580003FF02FFCC005A4100010001FFC05C
:10F1300000010D010001480000000148000000012D
:10F140004801000001000000550300000A0C0D0EEC
:10F150000F1011121314150C000102030405060709
:10F1600008090A0B00000000000000000000000079
:10F1700000000000AFA900004E5652414D52657686
:10F180003D2452657624006D616E6669643D307879
:10F190003264300070726F6469643D3078303732A9
:10F1A000370076656E6469643D30783134653400CB
:10F1B00064657669643D30783433653200626F612E
:10F1C0007264747970653D30783038383700626F1A
:10F1D0006172647265763D30783131303000626F33
:10F1E0006172646E756D3D3232006D61636164649D
:10F1F000723D30303A41303A35303A62353A35393D
:10F200003A35650073726F6D7265763D313100621B
:10F210006F617264666C6167733D30783030343092
:10F220003430303100626F617264666C61677333D1
:10F230003D30783034303030303030007874616CAC
:10F24000667265713D3337343030006E6F637263C0
:10F250003D31006167303D32353500616132673DD7
:10F26000310063636F64653D414C4C0070613069EF
:10F2700074737369743D30783230006578747061EE
:10F280006761696E32673D30007061326761303DA1
:10F290002D3136382C373136312C2D383230004173
:10F2A00076566D69645F63303D3078302C3078631A
:10F2B000380063636B7077726F6666736574303D98
:10F2C00035006D617870326761303D383400747894
:10F2D00070777262636B6F663D360063636B627753
:10F2E00032303267706F3D30006C65676F66646DF9
:10F2F000627732303267706F3D3078363631313177
:10F30000313131006D6373627732303267706F3D37
:10F31000307837373731313131310070726F706288
:10F320007732303267706F3D30786464006F6664A6
:10F330006D64696766696C74747970653D31380015
:10F340006F66646D64696766696C74747970656210
:10F35000653D313800706170646D6F64653D3100EA
:10F360007061706476616C6964746573743D3100BA
:10F37000706163616C69647832673D343500706137
:10F3800070646570736F66667365743D2D3330000D
:10F3900070617064656E646964783D3538006C74C2
:10F3A0006563786D75783D30006C74656378706165
:10F3B000646E756D3D307830313032006C74656349
:10F3C00078666E73656C3D30783434006C746563B8
:10F3D000786763696770696F3D3078303100696CB8
:10F3E000306D6163616464723D30303A39303A3473
:10F3F000633A63353A31323A333800776C306964B6
:10F400003D30783433316200646561646D616E5FF4
:10F41000746F3D30786666666666666666006D7512
:10F4200078656E61623D307831303000737075728E
:10F43000636F6E6669673D30783300676C6974632B
:10F44000685F62617365645F6372736D696E3D319D
:10F45000006274635F6D6F64653D31000000000001
:10F460005B252038645D204153594E4328253034B4
:10F47000782C000025730000257500002C25752CC4
:10F4800025752C2575290A005345545F535349446B
:10F49000000000004A4F494E00000000415554480A
:10F4A000000000004445415554485F494E44000067
:10F4B0004153534F430000004449534153534F437A
:10F4C000000000004449534153534F435F494E44A9
:10F4D000000000004C494E4B0000000050534B5FB1
:10F4E00053555000455343414E5F524553554C547C
:10F4F000000000004353415F434F4D504C4554457D
:10F500005F494E44000000004153534F435F524552
:10F51000515F4945000000004153534F435F52453E
:10F5200053505F494500000088F4031094F4031021
:10F53000000000009CF40310000000000000000028
:10F54000A4F40310B0F40310000000000000000059
:10F5500000000000B8F40310C4F403100000000021
:10F560000000000000000000D4F4031000000000C0
:10F57000000000000000000000000000000000008B
:10F58000000000000000000000000000000000007B
:10F59000000000000000000000000000000000006B
:10F5A000000000000000000000000000000000005B
:10F5B000000000000000000000000000000000004B
:10F5C000000000000000000000000000000000003B
:10F5D000000000000000000000000000000000002B
:10F5E000DCF4031000000000000000000000000038
:10F5F000000000000000000000000000000000000B
:10F6000000000000000000000000000000000000FA
:10F6100000000000000000000000000000000000EA
:10F6200000000000000000000000000000000000DA
:10F63000000000000000000000000000E4F40310DF
:10F6400000000000000000000000000000000000BA
:10F6500000000000000000000000000000000000AA
:10F660000000000000000000F4F40310000000009F
:10F67000000000000000000000000000000000008A
:10F680000000000008F5031018F503104E6F20501D
:10F69000494F207374617465206D616368696E659C
:10F6A000732061726520617661696C61626C6500CE
:10F6B0004E6F20444D41206368616E6E656C73200F
:10F6C00061726520617661696C61626C6500000041
:10F6D000637977343320686173206E6F20657468B6
:10F6E00065726E657420696E74657266616365002B
:10F6F0006173796E635F636F6E74657874206C6F8D
:10F70000636B5F636865636B206661696C65640049
:10F7100002000000B1730010D1750010A97500102F
:10F72000C174001089760010217600105576001003
:10F73000ED750010DD730010000000008D750010E5
:08F7400081750010F174001046
:10F74800047C0010107C00101C7C0010287C001029
:0CF75800347C0010407C00104C7C001041
:10F76400F8B54746CE4680B51F00002304009046F6
:10F7740099460CE02368BFF35F8F4A461A608CF306
:10F7840010884046390000F0EFF900281AD12668A5
:10F79400EFF3108C72B63568002DFCD0BFF35F8F89
:10F7A4000423E55E002DE5DD013DA5802368BFF35C
:10F7B4005F8F00221A608CF310880120C0BCB94608
:10F7C400B046F8BD0020F9E710B50268EFF31081E8
:10F7D40072B61368002BFCD0BFF35F8F0422835EE4
:10F7E4000624025F9A420BDD013383800368BFF372
:10F7F4005F8F00221A6081F3108840BF012010BD82
:10F804000368BFF35F8F00221A6081F31088002021
:10F81400F5E7C046D02330B500241B0600251C574D
:10F8240008E0002B13DB0368BFF35F8F1D6081F3D7
:10F83400108820BF0268EFF3108172B61368002BA2
:10F84400FCD0BFF35F8F0423C356A342E9D14379AD
:10F854000471013343710368BFF35F8F00221A60A0
:10F8640081F3108830BDC046F0B5C646150000B51A
:10F8740004001E000268EFF3108172B61368002BB7
:10F88400FCD0BFF35F8F0423E356002B2DDB2268EB
:10F89400BFF35F8F0020106081F31088D02212061E
:10F8A400127852B290469A4203D1002080BCB846E6
:10F8B400F0BD00270BE02368BFF35F8F1F6081F367
:10F8C40010882800310000F04FF90028EDD122689B
:10F8D400EFF3108172B61368002BFCD0BFF35F8F77
:10F8E40023797F2BE7D9434602E0D0231B061B680C
:10F8F40023712368BFF35F8F00221A6081F310889D
:10F904000120D3E7D02203000020120610B51056C0
:10F914001C68EFF3108C72B62268002AFCD0BFF387
:10F924005F8F04229A56002A06DB824204D0002903
:10F934000FD000200A6004E0187101205A790132C6
:10F944005A711B68BFF35F8F00221A608CF3108812
:10F9540010BD0020F5E7C0460268EFF3108172B6CF
:10F964001368002BFCD0BFF35F8FFF230371036880
:10F97400BFF35F8F00221A6081F3108840BF704785
:10F984000268EFF3108172B61368002BFCD0BFF34A
:10F994005F8F4379013BDBB24371002B09D1FF2216
:10F9A40002710268BFF35F8F136081F3108840BF58
:10F9B40070470368BFF35F8F00221A6081F31088D9
:10F9C400F6E7C04610B5084C2378002B0AD18023F3
:10F9D400064807495B051A68C25004338B42FAD1C2
:10F9E4000123237010BDC046F813002098080010AE
:10F9F4000001001010B5024B0133984710BDC046FA
:10FA040098080020074B5B680360074B5A68426004
:10FA14009A688260DA68C2601A695B69026143614C
:10FA24007047C04600000240040002400268074BD1
:10FA34005A604268064B5A6082689A60C268DA600B
:10FA440002691A6142695A617047C0460000024067
:10FA540004000240034B1A68C0239B009343024AEC
:10FA6400136070470C8001400C900140054B1A68EC
:10FA740080239B005340C02292001340024A13602B
:10FA84007047C0460C8001400C9001401423F0B52F
:10FA9400D6464F4646469A46C0B581461888043332
:10FAA40086B098460E001B882A491400984753468E
:10FAB40007001888434628491B8898475346050081
:10FAC4001888434625491B8898478046FFF77AFFE4
:10FAD4006846FFF797FFB847A847FFF7C7FF002C12
:10FAE4001BD0C02122000827022049053D008B6A53
:10FAF4001D4018420BD0002C09D0131B0D2B23D80A
:10FB04004B461B78013C0B6601239C46E1442300D1
:10FB1400002D10D11343002BE8D1FFF79BFFC04702
:10FB2400FFF768FF6846FFF781FF06B0E0BCBA46FE
:10FB3400B146A846F0BD002AEDD00B6E013A3370F1
:10FB4400130001362343E6E7002DCFD0002ACDD0A1
:10FB5400F3E7C0464946000045580000464300000C
:10FB64007047C0460000000001B40248844601BC4E
:10FB7400604700BF61130010100000000000000087
:10FB8400000001000000000000000000000002006E
:10FB9400000000000000000000000300000000005E
:10FBA400000000000000FF000000000001B54868EC
:10FBB40001318E460047704609380149884701BD26
:10FBC400B90A00100000000000000000000000005E
:10FBD4000000000000000000D80500200000000024
:10FBE400503300004C330000543300005233000003
:10FBF4004D5300004D4300005334000043340000D3
:10FC0400000000007D7100100000000000000000F2
:10FC140000000000E170001000000000000000007F
:10FC240000000000000000000000000000000000D0
:04000005100001E9FD
:00000001FF
